,baseMean,log2FoldChange,lfcSE,stat,pvalue,padj
MTRNR2L8,3.487995076600141,-3.1949922346853263,0.708681811119712,-4.508359301104768,6.533087129251962e-06,0.010394141622639871
SMAP2,4.766194871069806,-2.465974222793465,0.6095733361482519,-4.045410251005016,5.2231573600499254e-05,0.017607950963659583
METRNL,6.702032085534908,-2.4616921497875865,0.6105592605389231,-4.031864405127067,5.5336112393650485e-05,0.017607950963659583
ELL2,5.987410432466323,-2.2035195232018765,0.5301412061345148,-4.156476609823778,3.231932433321117e-05,0.017607950963659583
PRELID1,11.311770803046375,1.9000342334545997,0.470551553063023,4.037887498376017,5.393470641047608e-05,0.017607950963659583
TOB1,5.041742214269168,-2.5398981772028093,0.6584110208083825,-3.857617957373159,0.00011449742717687312,0.03036090110640086
H2AFZ,34.676737063216194,-1.4187042587097949,0.40088068746617733,-3.5389688330383646,0.0004016932763382955,0.04867901561695788
PSMB9,16.372866422019534,1.4327871740152687,0.41096307474370025,3.486413408087419,0.0004895438402711037,0.04867901561695788
PPP1CA,6.738946112913111,1.8258975258291137,0.5235972975996557,3.487217245389989,0.0004880747177838739,0.04867901561695788
NFKB1,5.608701252239711,-2.1152340512371532,0.5915257907348254,-3.5758948880478987,0.00034903188081605424,0.04867901561695788
CCL5,171.6676561744496,1.5254166690713953,0.4153483869369506,3.672619702030892,0.00024007663236346003,0.04867901561695788
MAD2L2,3.683525065531728,2.561298118841417,0.7080882168947628,3.617202006373849,0.00029780488211822735,0.04867901561695788
IDH2,5.197849811286432,2.6385548482982126,0.7333566938937389,3.597914725900805,0.00032077874775103413,0.04867901561695788
ARPC2,33.58793586610596,1.222171502136657,0.34310867762766895,3.5620536052513367,0.0003679652260626697,0.04867901561695788
CNOT6L,9.547795173927959,-1.5503448051537763,0.4403246858120631,-3.5209127607610124,0.00043006408147916285,0.04867901561695788
PLIN2,4.566495397887531,-2.3772720344147027,0.6565531208641683,-3.6208373075520384,0.0002936511347317336,0.04867901561695788
HCG18,3.614687373225093,-1.9595990010448388,0.5828573363560878,-3.3620559934886907,0.0007736443399701173,0.07240400852308568
HSPE1,56.30692169002844,-2.1405062200757268,0.6414166127526515,-3.3371543198572664,0.0008464093798909798,0.07481318463369716
REL,34.6704681157279,-1.3738422049001748,0.4154272019238066,-3.3070588505953222,0.0009428108256828708,0.07894800124533935
NBEAL1,13.889243368483884,-1.963623394819699,0.5965870826052165,-3.2914279441734084,0.0009968014923513355,0.07929555871654874
LINC00996,4.2194812898499405,-2.0465457885656426,0.6249833078203592,-3.2745607169942015,0.0010582639452046934,0.08017609222955557
BIRC3,16.69967455089808,-1.4343787277188587,0.447094562050244,-3.208222263185712,0.0013355823825155063,0.08499646282328682
CRTAM,7.393178217756091,-2.17813046006669,0.6787633439144755,-3.208968898504831,0.001332119009637323,0.08499646282328682
GPR183,5.82572080322286,-1.8475502614004298,0.571356734802639,-3.233619468997105,0.0012223220048670764,0.08499646282328682
RAC2,23.686908183591243,1.3399053769535945,0.4159187084370906,3.22155591891645,0.0012749658002070802,0.08499646282328682
SH3BGRL3,67.0079332980902,1.2127109289451656,0.38171991533314864,3.1769653094645687,0.0014882483665286212,0.08675082104743556
MORF4L2,5.041725422397649,-2.038507870063124,0.6395508500345459,-3.1874054579913573,0.0014355538039165752,0.08675082104743556
RPL39,199.12321560678112,-0.9889440243039535,0.31201355380184015,-3.169554694832366,0.0015267272088800728,0.08675082104743556
MOB4,5.168930025995246,-1.9251841902279967,0.6215092425885714,-3.0975954310987395,0.0019509756946208046,0.08868578086119143
ZYX,6.4965712854081925,2.0132542985084867,0.6443038617810875,3.12469692940087,0.0017798833810690256,0.08868578086119143
SSNA1,3.895517976246708,2.0871974267242273,0.6680092353149418,3.124503848723274,0.0017810519185907474,0.08868578086119143
SKIL,7.753529536397822,-1.3902529087204674,0.44656653841944177,-3.113204391983932,0.0018506780181082143,0.08868578086119143
SRGN,164.71795250384247,-1.0028858506682259,0.3234920813845866,-3.1001867074326785,0.0019339869006063577,0.08868578086119143
LGALS3,6.996121702161389,1.7893794180209186,0.5752167860294946,3.110791377234195,0.001865867109758408,0.08868578086119143
CYCS,20.279167194689737,-1.2052538788985705,0.383752327236192,-3.1407076735635284,0.0016854016762552363,0.08868578086119143
HSP90AA1,176.7074812237579,-1.6365511588902484,0.5318943184036221,-3.0768351950102417,0.002092109349779168,0.09245961043051822
PLA2G16,3.8490758918569536,1.9942130012092902,0.6512230763939811,3.0622578859641303,0.002196741059425113,0.09445986555527987
HSPA8,87.8395641406163,-1.4522288295448817,0.4757626325009427,-3.052423057924803,0.002270019185905383,0.09504211907303854
RBMX,6.7902730270135345,-1.3576823242119098,0.44755603269688243,-3.033547142758393,0.002416969446058643,0.09859995868408464
SLC38A2,7.934809985970655,-1.7689155977434845,0.5869220553858486,-3.013885032111429,0.002579255260160591,0.1025898779728875
TUBA4A,20.6181950808661,-1.4727388820033673,0.49229399112952865,-2.991584111405235,0.0027753407122515714,0.1076967578827378
MKNK2,4.426437114843662,-1.8845683381674594,0.6339979303335995,-2.9725149688987624,0.002953708069440195,0.11188927472569882
CD74,82.88543001546535,1.318651362752667,0.44553869818045894,2.959678627553395,0.0030796011107537247,0.11394524109788781
CHST12,6.705400583798516,1.6598507164557783,0.5644175076084721,2.9408207471962258,0.0032734390313000645,0.11525025070070397
PPP4C,4.116289716284698,1.82920474221181,0.6245946452163385,2.9286270002814954,0.003404627142006968,0.11525025070070397
RUNX3,11.638129735230955,-1.353857627010749,0.4619159068847661,-2.9309612568689802,0.003379149219512317,0.11525025070070397
BIN1,4.820852169200022,1.7265137585794805,0.5879337199561251,2.9365789033299925,0.003318543862759133,0.11525025070070397
PGAM1,4.692110314683645,1.7085148989099967,0.5901208211100756,2.8951950817395518,0.0037892296392424665,0.11593585300066854
MRPS34,4.555435084780688,1.8565163087725745,0.6386990962131138,2.9067151022758195,0.003652456840497321,0.11593585300066854
SERPINB9,4.534072574774014,-1.6012989213445963,0.5493900176628004,-2.91468514145342,0.0035604755206093946,0.11593585300066854
PPP1R10,6.856571638518433,-1.5203080964359184,0.5245792583316499,-2.8981475578562583,0.0037537393746107303,0.11593585300066854
DYNLL1,34.76977269781025,-1.2118451792248892,0.41609951214742186,-2.9123926941676848,0.0035867141042106635,0.11593585300066854
UCP2,6.580359484860437,1.7992429081087873,0.6227595400503452,2.8891454765403237,0.003862903179009207,0.1159599803359179
TUBB4B,24.35702693631534,-1.8208362204870892,0.6365613878241527,-2.8604251770766957,0.004230733742228421,0.12019816756938245
CYBA,20.735517408860115,1.9839995534467347,0.6935905559215862,2.860476597479847,0.0042300477204802985,0.12019816756938245
GTF2B,8.00430648287146,-1.4192134148168378,0.49508124059554054,-2.8666273299098246,0.004148712306316966,0.12019816756938245
FKBP5,4.7911870521164746,-1.6679165868615935,0.5846972992012298,-2.852615514284362,0.004336104974994711,0.12103057921432607
LMNA,22.131900069210648,-1.7441138362632274,0.6148172891285314,-2.836800244728657,0.004556811147420717,0.12236266641851493
HSPH1,30.07792943902026,-2.1166387668307647,0.7479985509989575,-2.829736453371438,0.004658636151593034,0.12236266641851493
RCN2,4.075534531938915,1.9539747665481921,0.6910636711873446,2.827488765530083,0.004691466154323954,0.12236266641851493
MAT2A,7.699860660530188,-1.7072552052175975,0.601836024808817,-2.8367447856913097,0.004557602678747983,0.12236266641851493
ARPC5L,5.396283384757515,1.7778811970129917,0.6314999474877594,2.8153307123552107,0.004872706150838563,0.124501803675133
CAPZB,9.006218459576512,1.2097049340694157,0.43025911815673207,2.811573033598679,0.0049299897118374476,0.124501803675133
UBB,73.61526087959895,-1.1967576700911622,0.42713483091457705,-2.801826457300792,0.005081420017787939,0.1258829954149324
LCK,7.8639671985317525,1.3012318708387742,0.4650673983819848,2.7979425678211114,0.0051429256454874955,0.1258829954149324
GNPTAB,4.564809622156915,1.6120810952331017,0.5815217266448668,2.77217689618258,0.0055682767692422554,0.13303161836069283
VAMP5,4.792209639356361,1.7476224340597921,0.6308653849328998,2.7701986442728557,0.005602211458306989,0.13303161836069283
PPP1R18,7.790510595996311,1.4419787078255342,0.522989576475995,2.757184411861257,0.005830146093188694,0.13443133962700307
HSPD1,34.28832399905703,-1.5293515040392744,0.5541643617065253,-2.7597435160386397,0.0057846757063144665,0.13443133962700307
CLIC3,11.185782207738253,1.6292667462215893,0.5939781362009656,2.742974272828025,0.00608854555138663,0.13496972833421686
YPEL5,28.498825768577678,-1.344952854943325,0.49051377197633167,-2.7419267954992743,0.006107995248311512,0.13496972833421686
LSP1,21.050642958083316,1.1438522465309424,0.41693565765646806,2.7434742640156085,0.006079281332989897,0.13496972833421686
ARF4,10.664916845687966,-1.2676536016010835,0.46311861693744955,-2.737211494506379,0.006196244318012832,0.1350441741090194
AHI1,4.835269898529661,-1.4166184103871724,0.5199410170598889,-2.7245752189310357,0.006438426271776178,0.13826125490450178
CD7,76.8718829145337,1.2029680777657161,0.442180875513948,2.7205339361805345,0.006517658150746469,0.13826125490450178
XCL1,107.51367752957009,-1.6523004922489937,0.612480745695017,-2.6977182611251456,0.006981650058162103,0.1409230368366709
FAM107B,5.608765142399242,-1.5261731104457947,0.564233814949437,-2.704859350874886,0.00683333154310046,0.1409230368366709
ARL6IP1,5.428506199696394,-1.6231330796770909,0.6007130596222007,-2.7020106416496237,0.006892155644473476,0.1409230368366709
TUBA1A,16.250950698901413,-1.4396090904312318,0.5337883161082074,-2.696966282303189,0.006997435518602766,0.1409230368366709
DNAJA1,50.75491064092939,-1.4202942018083462,0.5305182842099933,-2.6771823782159334,0.007424420918668344,0.14405187416586993
VCP,4.4913523017901245,1.512649320266771,0.5639592452676,2.6821961568322465,0.0073140559290497155,0.14405187416586993
LEPROTL1,13.504845240092276,-1.1610757430621927,0.4330921019937008,-2.680897983863673,0.0073424896239757485,0.14405187416586993
PDIA6,7.5251086794272375,1.252394323000263,0.468721025489396,2.671939714444485,0.007541419557458349,0.14429881890723056
NUCB1,3.56416107696897,1.8132963586823923,0.6795129521851098,2.6685236136432358,0.0076185422930278865,0.14429881890723056
GNG2,6.65314197734493,1.470383161881961,0.5531018614944734,2.658431049045842,0.007850541282844072,0.14523501373261533
FOSB,37.7090976973298,-1.5169639649907214,0.5701697424721166,-2.660547994731423,0.00780136078609829,0.14523501373261533
PFN1,74.8812053198157,1.146504425316606,0.43397028932151616,2.6418961240620633,0.008244333669647318,0.15076706745297566
SOX4,6.164032855235634,-1.6380895937596478,0.6236093012687691,-2.626788263784488,0.008619495009545584,0.1558365518203071
FKBP8,5.605012502895424,1.6150615029348092,0.6159011185094178,2.622274021588927,0.008734517122652368,0.15614176114763953
TLE4,3.8723282537214336,-1.537869902518648,0.5896304629452043,-2.6081927565902676,0.009102168270237273,0.16035945209713975
CUTA,9.065798798690885,1.1899234496450581,0.4566837445620098,2.605574347267986,0.009172036543582476,0.16035945209713975
FXYD7,4.034066413225163,-2.1370277038973198,0.8216513523636362,-2.600893551443387,0.009298130062588011,0.16079701010410355
TMIGD2,8.035619161949075,1.48534138900357,0.5732294667220086,2.591181150364512,0.009564712905801694,0.16362858315194082
PRDX5,11.28117646558272,1.0977585719191354,0.4264701769962926,2.574057064554548,0.010051369375030665,0.16833398605972408
MRPL18,11.968476591747883,-1.552658526574512,0.6023654637608163,-2.5776021700856218,0.00994884652540733,0.16833398605972408
CALM2,33.06854403101648,-0.9720190620431561,0.3805067255177827,-2.554538453217772,0.010632868443622072,0.1726213642224767
YWHAH,3.7647061808149425,1.6749356634498884,0.6552146363279869,2.556316007891268,0.010578699966845774,0.1726213642224767
CD55,15.031929421089284,-1.1139733203667255,0.4352936658510645,-2.5591305542862433,0.010493432526480209,0.1726213642224767
RALGAPA1,10.894631071889357,-1.1599343684221406,0.45545168621270715,-2.546778074459522,0.010872255109809614,0.17297757879707096
SLC25A6,18.366163708623212,1.0320738194946908,0.40480778392555716,2.5495404497569787,0.010786499733209876,0.17297757879707096
ZFAS1,22.340257512068874,-1.0904664565597075,0.4296187850767909,-2.538218752154414,0.01114183169704316,0.1755114280197591
ZNF683,19.90548450462872,1.3290903761622062,0.5249816064255951,2.5316894151996854,0.011351448865852966,0.17706034456443204
JOSD1,4.301856892987464,-1.315096436158245,0.5225304855079309,-2.5167841353407208,0.011843136441482195,0.1829362143533803
RPS27,346.4146809724546,-0.7902575853877779,0.31635353903136443,-2.4980203724208345,0.012488901634106842,0.19105617788330756
KDM6B,10.10148895462262,-1.254384534392517,0.506177886231675,-2.478149615999605,0.013206575308432273,0.19282296555396972
HSP90AB1,78.74734258104228,-1.1652547842116487,0.4720099042302925,-2.4687083338046305,0.013560169280743231,0.19282296555396972
ANKRD37,15.749314774803732,-1.643738239148316,0.6619617227065373,-2.4831318530437487,0.013023287246252308,0.19282296555396972
PHPT1,4.657510130342581,1.4755576392667396,0.5991492711160429,2.4627546262690094,0.013787423591895286,0.19282296555396972
CHMP1B,9.909863350280979,-1.4641618231993838,0.594703522606539,-2.4620029435542556,0.013816353282936861,0.19282296555396972
AHNAK,6.345142097228742,-1.2356912303383365,0.5010102059791361,-2.4663993180007098,0.013647909069644859,0.19282296555396972
RABAC1,9.115498338049548,1.2971886734689178,0.5268711221098432,2.462060680559518,0.013814129284589602,0.19282296555396972
STK17A,15.497207870893536,1.096508723494194,0.4422146949389299,2.479584545795391,0.013153554243265681,0.19282296555396972
PRF1,19.959458215218923,1.1710011862702776,0.47516365358204293,2.464416580356329,0.013723650485705058,0.19282296555396972
TYROBP,51.27400827566058,0.8081365079768149,0.3277835390240065,2.465457876204174,0.013683826382742794,0.19282296555396972
LGALS1,33.82652367595993,1.5313794718853353,0.6246897350429931,2.4514241006056245,0.014229219165167473,0.19685815384157784
XCL2,68.43791265744704,-1.2595326817314743,0.5151107220272282,-2.4451688304498087,0.014478434821256157,0.19857922241912537
NDUFS8,6.546391693163548,1.2018211497716382,0.4929969907245371,2.437785975134193,0.014777520385819056,0.20094901652853092
UFM1,4.895331528647976,-1.3204280195900442,0.5454604536553832,-2.420758481648384,0.015488163715616565,0.20534723726288295
ITGAE,4.87347301699805,1.3856014137329666,0.5722230095955656,2.421436031927969,0.015459321603645743,0.20534723726288295
PFKFB3,4.4127173214311,-1.221862654250272,0.5035387145264434,-2.4265515619774765,0.015243084112583877,0.20534723726288295
DDX3X,15.7122186646143,-1.0908903781623123,0.45149838947310716,-2.4161556355391816,0.01568535530009366,0.20624297754090096
SAP18,16.206210445861547,-1.2592631055517143,0.5228548823858378,-2.4084371170171996,0.016020985993861838,0.20723080257100965
AC090498.1,35.104964141499735,-1.6304643163452783,0.6768971078200131,-2.40873287462593,0.01600800990879273,0.20723080257100965
HSPA5,15.829492291944387,-0.9501168740814147,0.39659689811580084,-2.3956739918928807,0.01658983840699112,0.21285832988324896
C12orf75,6.587455627717678,1.4278846066873598,0.5970785783568319,2.3914517426113613,0.016781889957952996,0.21359989538482574
DEDD2,6.322149765380099,-1.5646245120052056,0.6589252156791044,-2.3745099971514447,0.017572260349835087,0.22042415472878413
SNX3,8.03141973732018,1.1769179237400682,0.49574694613793685,2.3740295989894045,0.017595139943781007,0.22042415472878413
C9orf16,11.489188276129882,1.0854496731454046,0.4624844492225699,2.346997126000735,0.018925400761638164,0.2236157115692154
RANBP2,6.888521234091485,-1.118108550059572,0.4745406653652041,-2.3561912216713425,0.018463410503129236,0.2236157115692154
CNOT2,8.450741716297145,-0.9769962171217502,0.41621631752008476,-2.3473280022823824,0.0189086009587966,0.2236157115692154
TYMP,5.5448595257735285,1.4622763372226453,0.6185332525986562,2.364103030967461,0.01807378535881926,0.2236157115692154
ACTB,254.4118506088442,0.819157349311887,0.3499851182779503,2.3405490877510133,0.01925540696730516,0.2236157115692154
HM13,4.562821640766546,1.2791999737554545,0.5457814333770119,2.3437953281782224,0.019088643223134718,0.2236157115692154
GPBP1,17.979364561738258,-1.029423081661364,0.439704386869041,-2.341170823860717,0.019223369316624203,0.2236157115692154
SLC1A5,4.4301664180515035,-1.5203685648288856,0.647077873475996,-2.349591335370062,0.018794032558582974,0.2236157115692154
STARD3NL,7.848216676443257,1.1577476089702694,0.4927324300980079,2.349647675392475,0.018791188426657446,0.2236157115692154
SPTSSA,4.168946244774654,-1.3649842620217953,0.5800478399258814,-2.3532270410596015,0.01861126648198981,0.2236157115692154
LTB,17.04105685469821,1.558204844150482,0.6681268306942322,2.332199176212388,0.019690215500726336,0.2253750565586734
APBB1IP,3.8096178896602635,1.4326264556131905,0.6136395853455511,2.3346382629576508,0.019562325918575086,0.2253750565586734
GSTP1,23.588903219366664,1.057858333956466,0.4552412744736289,2.3237311581196387,0.020139907413821156,0.22694337775596252
LSM2,6.265783527063123,1.2351765436747002,0.5320055568493964,2.321736169429452,0.02024714611479327,0.22694337775596252
TBCB,4.850562159462109,1.2845868390114337,0.5533226139878311,2.3215874546556754,0.020255160051129276,0.22694337775596252
KDELR2,4.096066058021512,1.458193017344424,0.6403550737871012,2.2771632130914123,0.022776481003210298,0.24038434527941388
HMGCS1,3.5363628778370892,-1.340211334822122,0.5887092484898178,-2.276525021918867,0.022814604737392517,0.24038434527941388
CORO1A,22.759292829753505,0.9879587502554155,0.433312738292934,2.2800131705048607,0.022606907357125935,0.24038434527941388
UBE2D2,10.351652372786269,1.1677578143338356,0.5091633574522111,2.293483608437865,0.021820177994692304,0.24038434527941388
TMUB1,4.061166040788539,1.5677375997233405,0.6863943037806968,2.2840189539571605,0.02237041703985624,0.24038434527941388
PPM1G,4.757465607829574,1.2644417636423573,0.5546673188563556,2.2796399222680988,0.022629053156706325,0.24038434527941388
HIGD2A,8.907539004699775,1.0416998494410268,0.45395698591584727,2.29471047204929,0.02174972226379303,0.24038434527941388
SAMD9L,4.064692885538472,1.51671608101409,0.6626496482099308,2.288865745437756,0.02208715406924918,0.24038434527941388
TUBA1B,19.75542439662879,-0.9521502279776547,0.4172339969352,-2.282053320131369,0.022486192468402135,0.24038434527941388
RAB1B,4.567214288766026,1.3417978006226137,0.5932604489605947,2.2617347961986556,0.02371379352329613,0.24821477299713252
CCND2,6.9151001976185515,1.054549574789621,0.467276795355789,2.256798508444394,0.02402066799351626,0.24978354756656454
KPNA2,4.543049040637876,-1.2713004182916858,0.5686652152020965,-2.235586746482958,0.025378853554128517,0.2571831592650858
RPL34,192.78596477372582,-0.7101497690371638,0.3172597535658396,-2.2383859315763774,0.025195898662277817,0.2571831592650858
PARP1,4.23431651556017,1.484064405845069,0.6621214262463899,2.2413780116712547,0.02500159958045181,0.2571831592650858
NUFIP2,3.7495914435400834,-1.3241018854856406,0.5917312667579139,-2.2376743631283396,0.025242298264066057,0.2571831592650858
MPG,4.847861794713381,1.2233218666682584,0.5512802648065657,2.219056158481385,0.026482904178033905,0.26240241792875685
H2AFX,11.540708445580815,-1.383438593719084,0.6231976763847997,-2.219903324647292,0.02642533078927274,0.26240241792875685
DDX5,39.27472348955795,-0.9396740656610212,0.4235727336938026,-2.2184479568987183,0.026524304337742523,0.26240241792875685
GOLGB1,4.956193514389238,-1.1732114091646173,0.5289458544879142,-2.218017967643272,0.02655360734539903,0.26240241792875685
AMD1,9.105182045600623,-1.0105134689269792,0.4584004170884603,-2.204434008470752,0.027493836163633007,0.2651618616864479
LCP2,6.234601259131159,1.3536390026050649,0.6140753182212318,2.2043533788755725,0.027499501683383974,0.2651618616864479
LAT2,7.164581760944985,1.0071697389472598,0.45616845054063027,2.207889953269692,0.02725194536326191,0.2651618616864479
RNF167,3.870089908520602,1.3596102644339625,0.6148154678629403,2.21141193659275,0.027007324000054882,0.2651618616864479
EZR,18.975707277237355,-0.8351060209017933,0.3805947172820297,-2.1942133796958614,0.02822007314211198,0.2656694459710069
GNB2,5.771348082163235,1.3140951618492496,0.5985035834456337,2.195634576294259,0.028118109346557795,0.2656694459710069
ZNF207,5.890092978734367,-0.9855045471503942,0.44882218391355094,-2.195757211814234,0.02810932575729319,0.2656694459710069
SNHG12,8.496386068235653,-1.596849931146931,0.7273402138315704,-2.1954649293139625,0.02813026396218767,0.2656694459710069
RBCK1,5.481821349855751,1.2119552494258645,0.55710143585933,2.1754660308071565,0.029595211001200977,0.27697635707594565
CHCHD10,4.701356001145497,1.1992875984032547,0.5538623194323976,2.1653171850222526,0.030363403205693414,0.2810370974708657
GZMA,51.40889769704465,1.3307439244074133,0.6146426847688858,2.165069165197649,0.030382388915769266,0.2810370974708657
NEAT1,44.506133151692545,-1.2658861110616595,0.5888869947199972,-2.1496248387410226,0.031584902039487744,0.29047155575043354
UBE2S,9.198876408747516,-2.145863594660721,1.0008022281692006,-2.1441435023443316,0.032021390336025427,0.2911201829978083
PPM1K,4.350999063222265,-1.1139950970852701,0.5190497257533095,-2.146220375068115,0.03185540074815112,0.2911201829978083
SNHG8,12.412010081121652,-0.9730722650074759,0.4547753515717724,-2.139676791286931,0.0323808959261808,0.2927159398781457
PHF20,7.281191373424733,-1.0648427875451598,0.4983831549893111,-2.136594659921838,0.03263097433620848,0.29331005745145583
FABP5,4.769495092807967,-1.1531269214393194,0.5426801715693981,-2.1248738794058877,0.03359713805810624,0.2978817628259374
KRT81,8.744120225060577,1.535512128916663,0.7215783984894552,2.1279907105466136,0.03333785378873635,0.2978817628259374
AHSA1,7.0667332031007115,-1.4289732696653215,0.6728924817101883,-2.123627932405364,0.03370126795013748,0.2978817628259374
CALM3,7.620030574353837,1.136212227538166,0.5377488893443169,2.112904833561929,0.034608914084893944,0.3042142669009186
MX1,5.175495014751907,1.5189792883663487,0.7201664733131983,2.1092057804053717,0.03492682319533334,0.30446373277223227
LSM4,4.687283873919968,1.2349336583754402,0.5861353417421478,2.1069087127640076,0.035125493239090394,0.30446373277223227
C16orf13,3.6521114708301985,1.2661920380410097,0.6012539269285897,2.105918949268491,0.035211393356436665,0.30446373277223227
CMC1,22.60018199155704,-1.1187720785817865,0.5318251664766258,-2.1036463655785975,0.03540930625360342,0.30452003378098935
DEK,6.78878719358289,1.0749324892706518,0.5171572937180566,2.078540711555124,0.03765958524267877,0.3136670504803211
CD247,13.636662962409371,1.0447787680011973,0.5033963479053238,2.075459570472875,0.03794396213782423,0.3136670504803211
TPR,6.1912240477637175,1.0808683013789562,0.5185240254515798,2.084509585525249,0.037113839225999534,0.3136670504803211
ST3GAL1,5.9783900110019115,-0.9898518716231778,0.4791402938105504,-2.065891523651651,0.03883872340956836,0.3136670504803211
UQCRFS1,4.207429428681903,1.1378529859582112,0.5480383928311316,2.0762286015768616,0.03787281317051449,0.3136670504803211
SERTAD1,15.683008149134176,-1.2059111527274882,0.5836668671189709,-2.0660949261690456,0.03881951724093519,0.3136670504803211
ZFAND5,8.948440030452414,-0.8506386030732987,0.4075589745979921,-2.0871546355036137,0.03687415865874979,0.3136670504803211
INTS6,5.5453157595518645,-1.2188042935432801,0.5897812409832217,-2.0665362152099256,0.03877787651249739,0.3136670504803211
STAT1,5.463105786133358,1.2816000707632134,0.6155454118497365,2.0820560856947306,0.03733734708684132,0.3136670504803211
FKBP1A,8.943619669237,1.0234536549016644,0.4938856507415652,2.072248208395926,0.03824229968005542,0.3136670504803211
MYADM,17.15931492800326,-0.9426676771192971,0.45625692624311814,-2.0660895712452008,0.03882002277317715,0.3136670504803211
CCDC69,3.734335240288139,1.2177706528564376,0.584614057755713,2.08303347601897,0.03724817228729791,0.3136670504803211
TAP1,6.957997889834753,1.046393536043694,0.5076669774145588,2.0611810155010604,0.039285773997591145,0.31567508298064395
CFL1,58.68224463569903,0.6448153744404871,0.31323132605187043,2.058591592891022,0.039533378805746484,0.3160683702509681
C20orf24,5.012353964993428,1.0287646005601871,0.5002964399404319,2.0563100562592,0.03975263959877508,0.3162322480082557
NKG7,128.15861064088432,0.7234661244163808,0.35223619258927985,2.0539233038439306,0.03998311543547177,0.31648326695440593
TSTD1,8.409829653603976,1.035840230879249,0.507819915703026,2.039778667296322,0.04137237548564731,0.3210899970617798
SAT1,31.5840703244614,-0.9569150951090208,0.4679960720276701,-2.0447075356060758,0.04088370026267783,0.3210899970617798
PPP2R5C,6.845587349602928,-1.112668643657471,0.5450396280796574,-2.041445403846589,0.0412065753425503,0.3210899970617798
C19orf43,14.014632420038286,0.9556377592449153,0.4682590157115516,2.0408315209751136,0.04126757631053116,0.3210899970617798
PPP3CC,3.4535733343702386,1.229705326239338,0.6142085401895278,2.002097407925792,0.045274256261681765,0.32197149193299823
KCNQ1OT1,3.4517123869894744,-1.595027148980984,0.7912316857792192,-2.0158787592159846,0.04381265522502861,0.32197149193299823
LY6E,23.92407677372593,1.0508269078968477,0.5245449744178692,2.0033113634594195,0.04514387854546784,0.32197149193299823
PARP8,7.5699879192078,-0.9820583642481663,0.4831154196125845,-2.0327613741571104,0.04207663726611714,0.32197149193299823
CCDC85B,9.528094447709496,1.1127613307700446,0.5496494250743816,2.024492849454831,0.042919466967919886,0.32197149193299823
PHYKPL,6.029940874616894,1.0895443847213844,0.5426435943840018,2.0078452892422205,0.04465973449547609,0.32197149193299823
PSMF1,3.849370375919197,1.1154485808513668,0.5580480870379759,1.9988395386712596,0.045625718254312574,0.32197149193299823
P4HB,7.142897358812489,1.0436158142627,0.5143239526994056,2.0291021034220367,0.04244789171765486,0.32197149193299823
FLOT1,4.134326374266185,1.176684755189034,0.5803415832401064,2.0275727074725243,0.04260387686102136,0.32197149193299823
NCR3,5.293125153716347,1.1555990623261727,0.5783859544279178,1.9979722077953588,0.04571967328409079,0.32197149193299823
RPL30,241.80558564425348,-0.5274020650112188,0.26345529557707087,-2.001865492420642,0.045299199852148295,0.32197149193299823
CYC1,4.033038626807266,1.3141615396570958,0.6547646587188604,2.0070746369060886,0.04474171638116489,0.32197149193299823
SYNE2,5.75630483662887,1.2277034537881388,0.6113012318837372,2.008344478555925,0.04460669846210573,0.32197149193299823
SHISA5,6.235104328050168,1.064015944345577,0.5312426440723239,2.0028812750971863,0.045190033389562026,0.32197149193299823
WAS,4.397365319749339,1.2949762979014765,0.6479244778658695,1.9986531488467039,0.04564589549942388,0.32197149193299823
FAM96B,5.883030901019012,0.9839886444929898,0.4920577124806542,1.9997423463445387,0.045528093005474446,0.32197149193299823
COX5A,11.622214515913546,0.9305873728115847,0.45900713149877703,2.0273919705190115,0.0426223424512555,0.32197149193299823
SF3B1,7.747211022950931,-0.8596183785283555,0.42721066152097714,-2.0121650884551863,0.044202537306658726,0.32197149193299823
FAM53C,3.999144989248957,-1.0779700670132122,0.5395720688222447,-1.9978240707792012,0.045735736754781646,0.32197149193299823
ITGB2,10.934490451242068,1.1426505569088021,0.563949545394818,2.026157421775806,0.04274865530584732,0.32197149193299823
UFD1L,3.4620592846215774,1.291277093566756,0.6367580975941282,2.0278926933879693,0.042571201030101424,0.32197149193299823
CHCHD2,26.333480926520114,0.7544315661014572,0.3794830429357817,1.9880507973820754,0.04680607222431184,0.3223366581322162
TTC39C,3.5786380393901345,1.1322895848276973,0.5693414387788763,1.9887707229887084,0.04672651568795278,0.3223366581322162
SPCS1,8.857740081286874,0.8183202903355403,0.41049795736196026,1.9934820031612945,0.046208692296398055,0.3223366581322162
SELK,21.846725583062057,-0.8394140821921425,0.42115190366078653,-1.993138520556806,0.04624628094967792,0.3223366581322162
PRDX1,10.690914884706851,-0.9656062607298808,0.4861401685190745,-1.9862712922312111,0.04700320847685365,0.3223366581322162
WDR1,5.715054004671288,1.0745634183470891,0.5406946329953898,1.9873757806585284,0.046880769536486795,0.3223366581322162
SYNRG,3.935866247514259,1.2451687170935426,0.6297764100453787,1.9771599844519767,0.048023549177788324,0.3279204581195761
COX5B,9.902261362736265,0.9025990884770183,0.45710814718230397,1.9745854324426284,0.04831521356734301,0.32848051719735566
H3F3B,172.91306525319155,-0.7920930820691192,0.40150728547909603,-1.9727987777954246,0.04851849248358176,0.32848051719735566
CD44,27.924719421847332,-0.7230361852385913,0.3681352204379329,-1.964050558320578,0.04952422904329187,0.33150551891943747
CKLF,13.63883028967639,1.5462305720253604,0.7903646794502327,1.956350798850093,0.05042384385826767,0.33150551891943747
SKP1,18.55493994880968,-0.7900618750310895,0.4025429198135906,-1.962677359713471,0.049683675456928394,0.33150551891943747
PPP1R2,16.493331023533305,-0.9468540494065876,0.483962872757935,-1.956460097880645,0.05041097854192153,0.33150551891943747
TLN1,5.080040653940298,1.075756431177275,0.5494462909801996,1.9578918792192594,0.05024270100809859,0.33150551891943747
IFITM3,25.967224335962605,-1.2696832452987055,0.647416263899214,-1.9611543856679547,0.04986101607656625,0.33150551891943747
SFPQ,12.53737639059246,-1.0392357125786449,0.5302271845672878,-1.9599819526921332,0.04999789973717767,0.33150551891943747
MTRNR2L12,42.438946880699525,-1.4665268625986319,0.7517833307960586,-1.95073075249718,0.05108908311687418,0.33449683637426675
EIF1,118.70591629983026,-0.7000787573605316,0.35927685631543366,-1.9485773855299064,0.0513459149748379,0.334800617725275
LMAN2,5.720325928508955,1.1347592572409193,0.5844615404837552,1.9415464981693853,0.052192025167874107,0.3375508619597061
IDI1,8.042004998950564,-0.9363795376048009,0.4822345066181686,-1.9417514191829133,0.05216720062197047,0.3375508619597061
CREM,33.297790539103204,-1.015194179798784,0.5247443432008723,-1.9346453048092553,0.05303383646930145,0.34160661466663406
JTB,8.130578929190207,1.0790785200789161,0.5587347938365902,1.93128928425837,0.05344728781452454,0.34288159239076027
FAM3C,3.949762453965699,1.1865089573075942,0.6176274482918773,1.921075497193376,0.054722190189626034,0.34799379179924705
TRA2A,4.842205771018588,-1.0214830793547751,0.5325446196260356,-1.9181173590150677,0.0550961318356173,0.34799379179924705
HOPX,32.35167335230077,0.7813154643577134,0.40724410966893687,1.9185433154401481,0.055042155264795355,0.34799379179924705
XIST,10.027742426779259,-1.2004847294119356,0.6259251790425333,-1.917936471653522,0.05511906696003159,0.34799379179924705
DRAP1,12.420812164235805,0.9454974867842572,0.49380317254139894,1.9147254196812384,0.05552753003907352,0.34918695767654534
MRPL41,4.784631862329414,1.1625058340949619,0.6084174865767249,1.9107041788621624,0.056042607491448196,0.35079207921387506
FTL,96.8859744493802,-0.5465256978099815,0.286244414854709,-1.909297332796468,0.05622374619706985,0.35079207921387506
GADD45B,41.81867943656663,-1.1488161260993583,0.6035610501799313,-1.9033967247503423,0.056988798081990616,0.3527983569978485
ALG13,3.5618767664959066,-1.2260679482369718,0.6437818876142742,-1.9044772334004803,0.05684805896443314,0.3527983569978485
IFI27,5.190309746876334,1.6054692018638221,0.8444018005786196,1.901309543352095,0.05726147979289954,0.35311245872288055
YBX1,20.840385845351197,0.8787070579431703,0.4646056173453823,1.8912966721406426,0.058584752696147914,0.3532701343506585
IL2RB,14.37421983603225,0.9126589286481024,0.48316188383117786,1.8889298994599406,0.058901222458436056,0.3532701343506585
CD53,15.153917580638865,-0.811737047185105,0.42945959440689224,-1.8901360168845671,0.05873977122406449,0.3532701343506585
HCST,31.510803855311256,0.8189983592689642,0.43462501675234066,1.8843792411876934,0.05951369572720102,0.3532701343506585
TSC22D3,94.17511951656037,-0.808829265784987,0.4299933329010021,-1.8810274576308486,0.05996818384767535,0.3532701343506585
ITGA1,3.8745734773991436,1.3087682216319085,0.6933525105462326,1.887594263704105,0.05908044076863273,0.3532701343506585
EIF2A,4.663797516287844,-1.0495996471299385,0.5534010039367309,-1.89663488078879,0.057876143652907046,0.3532701343506585
GPX1,11.463227013048165,-1.249747305020235,0.6649291820706005,-1.8795194115687648,0.06017360553678722,0.3532701343506585
RPL41,268.33393476650286,-0.8295073390211549,0.43691539711198085,-1.8985536891220003,0.057623182324790294,0.3532701343506585
MFGE8,3.810996767634698,-1.2266033012847648,0.6475818533288412,-1.8941285877291212,0.05820794400483617,0.3532701343506585
C5orf56,4.392604256668828,1.0396894006085766,0.5529493135014206,1.880261671770582,0.060072424198133426,0.3532701343506585
KRT86,12.927703262803922,1.2454079537141103,0.6625153570757144,1.8798174871164246,0.06013295634770495,0.3532701343506585
GYPC,9.291551963690777,0.92464008049224,0.4911908539218949,1.882445638206587,0.05977553430701255,0.3532701343506585
HNRNPA2B1,36.92592058925583,-0.5656451142265411,0.3023327283536326,-1.8709357644036382,0.061353985064148346,0.358875699400956
NFE2L2,11.089451040935348,-0.799286660875231,0.4280341686292771,-1.8673431222438175,0.061853687127538144,0.36047331948686145
TSPO,12.550320316908577,0.8035340876231546,0.43234645785626974,1.8585420859173163,0.06309207264188972,0.36509296745664915
GLUL,7.739325606555757,-1.0569783117100482,0.5687422572859702,-1.8584487053132528,0.06310532121343716,0.36509296745664915
PKM,8.63025223277363,0.8598719703106826,0.46400881208438327,1.8531371558398526,0.06386270241409556,0.3668070741546066
MRPL54,5.132969738296908,1.016417160396556,0.548079755031594,1.8545059383519187,0.06366681136754464,0.3668070741546066
MAGED2,3.544957464797984,1.1287053400963891,0.6109621643043394,1.8474226491284746,0.0646859091309616,0.3701988540552515
CTSA,10.041903634339834,0.8886909503480592,0.4815263655948723,1.8455706973598016,0.06495456449445142,0.370403986059757
MDH2,4.24175728139755,0.9763882039461959,0.5296704263972526,1.8433881811893065,0.06527235444129419,0.3708868425574966
BCAS2,7.065793123753381,-1.045340900895662,0.5679224045816847,-1.8406403629482266,0.06567427868398995,0.37184262415027763
RPL37,116.31442825460168,-0.556520436259281,0.3026911202509111,-1.8385753628912604,0.06597766775947227,0.37196780486457265
BPTF,4.985998075045174,-1.047014113151407,0.5698907655930913,-1.837218948550199,0.06617757947269914,0.37196780486457265
NDUFB7,5.804859329324974,1.0480896581685128,0.5709392611825526,1.835728823408758,0.06639777283566224,0.37196780486457265
COX8A,11.208420963157085,0.9460143613305305,0.51640379833532,1.831927581439377,0.06696221067338022,0.37381360414508047
ZFAND2A,9.941852071713965,-1.9907642670006567,1.0905129491225567,-1.8255301494608165,0.0679210657544104,0.37784061403939495
CHD4,3.5659907381955978,-1.1312417987878647,0.6206408104695567,-1.8226996673518843,0.06834889072186306,0.3788957670330458
AHR,3.90380897435539,-1.2210282858984853,0.6719751031625161,-1.8170736983438232,0.06920582943909548,0.38133606335594067
UQCR11,9.660418278022227,0.9240197735436251,0.5086352729120096,1.8166647551859307,0.06926846153982831,0.38133606335594067
HMGA1,3.455641055411781,-1.0089990700898894,0.5569416882605176,-1.811678118837309,0.0700359465149497,0.3842316927768447
TGFB1,13.47903052606853,-0.9272951120382645,0.5148561333908472,-1.8010761684649466,0.0716908753944532,0.385432612336878
RPS13,121.76656634869617,-0.5486579533234732,0.30429566352442394,-1.8030423009279453,0.07138157160169369,0.385432612336878
YME1L1,6.679427544553226,-0.826166524792351,0.4582579175062606,-1.8028417911209667,0.07141306480638979,0.385432612336878
NPM1,36.697723617717614,-0.6302925503182476,0.3499748979455726,-1.800965023543687,0.07170839299290753,0.385432612336878
CEBPD,5.905135676414277,-1.3268694542969257,0.736098582854744,-1.8025703149040835,0.07145572254210045,0.385432612336878
NINJ1,8.482586706978061,-1.0044538263156595,0.5570617845863499,-1.803128224029088,0.07136807951774014,0.385432612336878
MALAT1,2092.8657550306643,-0.8493646750446229,0.4722058210349867,-1.7987170788851663,0.07206344589795274,0.38603684317724857
C19orf70,4.0315045915123155,0.9922316792267448,0.5522001515861785,1.7968696248571987,0.07235631983454785,0.38630504985491826
POLR2E,4.025018634351148,1.1209216999612113,0.6256106625456843,1.791724097859917,0.0731771724332217,0.38938087405102245
BZW1,9.850777087017349,-0.8141263422426851,0.45542376448151256,-1.7876237599712117,0.07383672947826869,0.3915807886664183
EIF5A,9.932380680893079,0.9054324041010574,0.5083746828734701,1.7810336246158258,0.07490695783787542,0.39333840286795974
CHORDC1,6.816088865259631,-1.0586717885760486,0.5944436043449285,-1.7809457126596482,0.07492131978809873,0.39333840286795974
H2AFJ,4.549987995128588,-1.032354848211038,0.5801360614709411,-1.779504700317183,0.07515705497917018,0.39333840286795974
AKAP13,10.925448038506971,-0.8179535266227621,0.4590192165329211,-1.7819592234088921,0.07475588156275918,0.39333840286795974
BAX,5.860604380410889,1.0008514672745379,0.5629502316880473,1.7778684703147059,0.07542545970166324,0.39344887339457774
CCDC59,5.032955417504701,-0.969129324328619,0.5457161069628816,-1.7758855052349354,0.07575179050614084,0.39385979965774537
PPA1,3.506263823681119,1.0891724530398341,0.6162668039520375,1.7673716092690948,0.07716601438113244,0.39463922764624365
MPC1,3.444751507076643,1.2273365723852967,0.697043520037749,1.760774667726384,0.07827654906554127,0.39463922764624365
CTSD,17.09074040128258,0.8829827532065297,0.4996668484678365,1.7671429591818664,0.07720428958734754,0.39463922764624365
LITAF,25.756998187060866,-0.7261025002328244,0.41252276256364523,-1.7601513567891887,0.07838214703721748,0.39463922764624365
NCOR1,7.6481102085169335,0.8470449860017927,0.48058066120223414,1.7625448845211562,0.07797727982460019,0.39463922764624365
SNX17,3.879831290137923,1.153698337507393,0.6552504091578815,1.760698385507473,0.07828946616482005,0.39463922764624365
IL32,28.052053605605536,0.8963710365886031,0.5082468502686303,1.7636529102242984,0.07779043378519032,0.39463922764624365
RPS23,215.34677644990205,-0.48349823906300005,0.27450305043708556,-1.761358346630887,0.07817777035843622,0.39463922764624365
CASP4,6.431673206425842,-0.8772472716384706,0.49789015700326394,-1.7619293317998246,0.07808123808392865,0.39463922764624365
LDHA,25.23166820772163,-0.789374446458112,0.4468768002679315,-1.7664252115680006,0.07732453847819945,0.39463922764624365
LAMTOR1,4.112008045213736,1.0712691868116981,0.6114221297916211,1.7520942318146018,0.07975760596331584,0.39466555936193687
KLRB1,54.03018038246161,-0.7084081692381828,0.40359045149157924,-1.7552649390491428,0.07921400067154684,0.39466555936193687
ARL6IP4,8.855875169347511,1.0348112034104235,0.593057389715349,1.7448753212688304,0.08100657401904816,0.39466555936193687
NFKB2,3.5706744823578935,-1.1105185228571863,0.6355475236993504,-1.7473414362362047,0.08057812950750111,0.39466555936193687
HSPA1A,174.52373516341234,-2.1127786424280695,1.207573629527027,-1.7496064759675036,0.08018624150984471,0.39466555936193687
SH3BP1,3.704044616218324,1.1975756639219015,0.6850491721488795,1.7481601505557856,0.08043629974345125,0.39466555936193687
RPS12,323.1072515064491,-0.45934582173505695,0.26232392874591204,-1.7510633663160065,0.07993499559328635,0.39466555936193687
DNTTIP2,5.801923061453001,-0.9447814566011767,0.5391541689616296,-1.752340074492524,0.07971534904923168,0.39466555936193687
CXCR4,108.4685003461155,-0.970018489122656,0.5561245401677147,-1.7442468710877603,0.08111605148419444,0.39466555936193687
SRSF2,28.226980467634917,-0.8099017117721435,0.46089305744161024,-1.7572443296669717,0.07887617225446146,0.39466555936193687
RPS15A,227.0755523374579,-0.5717403027060789,0.3274677897931799,-1.7459436333178757,0.08082074689878292,0.39466555936193687
CAPG,10.845556764010526,0.9089314974695027,0.5222859074883262,1.7402948929649584,0.08180725035368752,0.39681504668511236
RPS27L,8.512649504056608,0.7671876774020896,0.4417793947312837,1.7365854690183964,0.08246036621862281,0.39684176907528673
ANXA2,7.796630798263116,0.9653647017069618,0.5560806073881123,1.7360157662056226,0.0825610468660716,0.39684176907528673
SDCBP,14.61992585222718,-0.7440416411528952,0.42844536807769423,-1.7366079705592026,0.08245639168127458,0.39684176907528673
AKIRIN2,4.366224157459309,1.0131987499914124,0.5845183857670976,1.733390727584612,0.08302624454653226,0.3978757682937736
UAP1,3.8557658993342097,-0.994050644422055,0.5756054982894482,-1.7269651651628042,0.08417391979951577,0.39857353095544523
DNAJC15,4.272155257456092,0.9272737381332299,0.5368235185828357,1.7273344144480602,0.08410762195098469,0.39857353095544523
HMGN1,15.596828314042146,0.6674102547094972,0.38574418996458554,1.7301887418466908,0.08359655912358437,0.39857353095544523
MATK,12.068394229834894,0.907957232096102,0.5254889265992476,1.7278332351778276,0.08401812697367404,0.39857353095544523
NDUFB4,7.113698824577844,-0.7727346507531794,0.4503407115159398,-1.7158889502838752,0.08618236950015246,0.39994285937214186
TCP1,6.904579140965525,-0.9336771011209863,0.5422491698852312,-1.7218598994233631,0.08509490068677214,0.39994285937214186
FBXO7,3.7076785172481648,1.0399508563803346,0.6061029592668311,1.7157990082053136,0.08619883577365807,0.39994285937214186
GBP5,4.876194535172354,1.0338247382179904,0.6035715134710428,1.7128454791920689,0.08674097073928563,0.39994285937214186
RPS18,265.903629504242,-0.5284932105280861,0.3086635543496557,-1.7121982918961862,0.08686013213170286,0.39994285937214186
HLA-A,140.46644191662273,0.6857987218290521,0.4006232112923044,1.7118297255339925,0.08692805232976078,0.39994285937214186
IER3,5.767881560774966,-1.0484221408808354,0.6125160493456291,-1.7116647669900225,0.08695846512833873,0.39994285937214186
SSU72,3.9843082699658297,1.0367722880715982,0.6042806946341605,1.7157130738708668,0.08621457069770402,0.39994285937214186
TMED9,4.1369348151181375,1.0120540063099568,0.5904869238844882,1.7139312749759317,0.08654134839247783,0.39994285937214186
ATP1B3,8.621328300910694,-0.9428422871127795,0.5508656480387749,-1.711564862447937,0.08697688833611633,0.39994285937214186
CDKN1B,5.146342106685106,0.9220598950090251,0.5392882242877216,1.7097719799590632,0.08730804633991236,0.4003086505095117
CSK,3.5433459717977738,1.0743906233092426,0.6316172680900162,1.7010152786958381,0.08894011821220323,0.40421689161723895
EGR1,9.224911140949676,-1.004210532497807,0.5905413070464894,-1.700491600698056,0.08903849496509479,0.40421689161723895
EIF4A3,6.701624942638039,-1.2055138280872715,0.7082468149427639,-1.7021097767798556,0.08873479150782689,0.40421689161723895
DNAJB6,21.0695453442172,-0.6920349662669091,0.4071376608495624,-1.6997566985644603,0.0891766995334072,0.40421689161723895
OAT,4.321772496386635,-0.8840078500223653,0.5206879378347233,-1.6977690201515037,0.08955136515095845,0.40476199419083775
NDUFB10,4.534478976480492,0.9763468989069097,0.5759420793021116,1.6952171650489265,0.09003423184277906,0.4057916794953584
MAPRE2,7.265049873890202,-1.1034303912692822,0.6524611083597304,-1.6911818606986038,0.09080207433532846,0.4080963284392869
HCLS1,8.486215914433092,0.9335681756573633,0.5529310495533428,1.6883988996666015,0.09133468156143297,0.40933374187109817
RPL22L1,13.106961825737683,-0.6752059615617212,0.4003731626274572,-1.6864416114473508,0.09171077236588045,0.40986471582616796
RNMT,5.414529491425136,-0.8834572069381403,0.5244684530524306,-1.6844811194960891,0.09208872529101148,0.4104010138319307
SH3GLB1,3.501203153341254,1.0345214001360494,0.6159106011684544,1.679661623250909,0.093023170558836,0.4122558895796882
PHB,4.49611755435376,1.0486871844360508,0.6242037885103475,1.6800397622365066,0.09294957966462956,0.4122558895796882
C6orf62,3.456829020347793,-1.013941493197181,0.604289993842765,-1.6779054816866725,0.0933655522467862,0.41262387117954674
WASF2,3.897838348510224,1.005051858962217,0.6002732961261823,1.6743237879283355,0.09406698186518213,0.41457221093491625
OCIAD2,5.419806808896881,0.8044993662001335,0.48092439680163573,1.6728187872156568,0.09436297523083631,0.41472788285154855
RNASET2,3.4740462480185745,1.0254963613988208,0.6146885848656402,1.668318538277355,0.09525250975902952,0.41748414056919
ICAM3,7.759578433448112,0.896916046194498,0.5382041769718234,1.6664977429958783,0.09561431736380353,0.4179186234225588
FAM177A1,19.508440745637216,-0.7355045033700652,0.44215492867686146,-1.663454268328628,0.09622153781455507,0.4194204566108414
GABARAPL1,10.702540642856727,-0.670706727641956,0.4054069501574265,-1.6544036242632474,0.09804553058012601,0.42620338566388105
NR4A3,10.478686622996044,-0.9363479224200506,0.569524928762053,-1.644085930453197,0.10015845374691809,0.43068135111174777
EVL,20.652870375742175,0.6021624045432054,0.36621050786712245,1.6443067350806242,0.1001128588348789,0.43068135111174777
DNAJC1,5.884799393052826,0.8659924354032924,0.5257948991544517,1.647015664845596,0.09955482606260836,0.43068135111174777
STUB1,3.6341395537610515,1.0954477026320169,0.6659449579086983,1.644952318690284,0.0999796443809127,0.43068135111174777
ARF1,10.983329179178419,0.7040657996444055,0.4285944070218835,1.6427321218133786,0.10043836966838667,0.43072087909003554
NDUFB11,5.696800785091131,0.8861925596608028,0.5454250458715202,1.624774231342419,0.10421067365908593,0.4415100163460266
NEU1,12.517077638806331,-1.7967724844467639,1.1058250422453633,-1.6248252804968504,0.10419979274225899,0.4415100163460266
ACTR3,9.84107597156768,0.7006032847119895,0.4315722097566413,1.6233744177064873,0.1045093900102511,0.4415100163460266
TRAPPC1,8.44769584786709,0.8610563861415288,0.529148683229378,1.6272484718029128,0.1036843368379265,0.4415100163460266
PPP2R1A,4.524444226535296,0.8997032582163471,0.5550679138997446,1.6208886078377247,0.10504153050021636,0.4415100163460266
CTD-3252C9.4,14.717513991216576,-0.8254159688471735,0.5094311252503577,-1.620269999092667,0.10517429050606164,0.4415100163460266
SYAP1,10.765274654806957,-0.6206520384506706,0.38300619371530276,-1.6204752002313976,0.10513023741013615,0.4415100163460266
TMEM160,5.069704245918386,0.9979194310374199,0.6125663059294938,1.6290798585847783,0.10329611443966646,0.4415100163460266
MRPS6,15.995352936067766,-0.9053928387946449,0.5664193785215964,-1.5984496172390827,0.10994294970415039,0.45433567007611236
FKBP2,5.52061485263794,0.7983070082766586,0.4992866980488157,1.5988950064089378,0.10984393379666496,0.45433567007611236
CDC42,13.419651852940813,-0.6127075337450493,0.3825684131053289,-1.6015633093481725,0.10925220975667946,0.45433567007611236
SKAP1,7.146451123034209,0.9893360744435411,0.6182661305277112,1.6001783464979864,0.10955902435892954,0.45433567007611236
HMGN2,13.259643467067203,0.7023359206996697,0.437967329244378,1.6036262839774031,0.10879645351935449,0.45433567007611236
SOCS1,17.35222593461843,0.8582922989503181,0.5354568470144742,1.6029159095375565,0.10895322070120901,0.45433567007611236
CCNT1,3.649199103330668,-0.9730338352499781,0.6105481672680689,-1.593705275709648,0.11100206204400892,0.4567655016939421
ABHD5,3.500884088377271,-1.000626742534761,0.62811567103441,-1.5930612603358272,0.11114644889356477,0.4567655016939421
SEPT1,5.2814832110811984,1.00628952980813,0.632104685110144,1.5919665737531823,0.11139221537224987,0.4567655016939421
AURKAIP1,4.1721161067386525,0.9814916814180006,0.6176850976864898,1.5889839095910376,0.11206402543873381,0.45833898322114525
GNAS,8.923309252395587,-0.7807375787806349,0.492726596293893,-1.5845249366546352,0.11307431154198784,0.4594316812253379
NUCB2,5.639485785606463,-0.7876589642929174,0.497264659904211,-1.5839833951695774,0.11319749782547608,0.4594316812253379
PIK3R1,16.211555760008046,-0.6085137204333896,0.3838998877845644,-1.5850843925614098,0.112947161163195,0.4594316812253379
DUSP1,101.47934687514636,-0.8280027040461719,0.5245075698652525,-1.5786287016961227,0.11442124730763183,0.4616318882499834
PSMB4,3.81986029627392,-0.9971703485593522,0.6328537219338694,-1.5756727249896028,0.11510124635997207,0.4616318882499834
ARL4A,7.156084536578178,-0.8191763124026309,0.5204324590765358,-1.5740300169904684,0.11548051007133463,0.4616318882499834
ELOVL5,4.785786671359744,-0.9203916190108299,0.5837291244898327,-1.576744384332773,0.11485435324039171,0.4616318882499834
FAM133B,7.159650704621082,-0.9337379229955867,0.5912967717172067,-1.579135837802537,0.11430490305695176,0.4616318882499834
STAT4,7.695501947069396,-0.7654558199985827,0.4860154347187263,-1.5749619565921358,0.11526522611105973,0.4616318882499834
PRMT2,6.327240296615197,0.7777963466116072,0.49469028399143067,1.572289514837289,0.11588342359333878,0.4620815211453684
LAPTM5,13.830634230078488,0.6011657556906915,0.3853601333671282,1.5600102440227457,0.1187574603968928,0.4621676344764035
ENO1,13.744362491334995,0.8943030825672476,0.5700949647219221,1.5686914249513955,0.11671985764321033,0.4621676344764035
NCL,20.2568550904906,-0.6330315612765883,0.40584452658102477,-1.5597883421256558,0.1188099072915456,0.4621676344764035
PFDN2,4.390370359580452,0.8877007686118525,0.5683288332845173,1.5619492037410863,0.1182999558131402,0.4621676344764035
SLC25A39,4.835426725593331,0.8567070356586033,0.547140951583174,1.565788547137054,0.11739812832600413,0.4621676344764035
GUK1,14.761213150466814,0.7203600486299293,0.4615081590686542,1.5608825856592672,0.11855145686407506,0.4621676344764035
TRAF3IP3,4.686660496314567,0.897454560555408,0.5748192862303875,1.561281227080659,0.11845741099640071,0.4621676344764035
APRT,11.29604747927555,0.6711654624011031,0.42993483744200234,1.5610864809057081,0.11850334741244509,0.4621676344764035
HLA-C,123.23321034186966,0.5897492398809245,0.37579156169463873,1.5693520025341705,0.11656594138408943,0.4621676344764035
RPS10,25.46023385522022,-1.0979656417891757,0.7031641386925519,-1.5614642177724096,0.11841426017095658,0.4621676344764035
SOD1,24.868704901640626,-0.8636202744351443,0.5554096259606421,-1.5549249312008553,0.1199639489115874,0.46248002395818905
ZC3HAV1,9.222446019397184,-0.7589368774167358,0.48793884914976937,-1.5553934242767897,0.11985239924314213,0.46248002395818905
PPP1CB,6.545489585693098,-0.7757500741986333,0.4986809462409504,-1.5556039990022195,0.11980228721262655,0.46248002395818905
PAFAH1B1,3.686481982323164,0.8858020933271995,0.5698120450242985,1.5545513666518336,0.12005295405074298,0.46248002395818905
MBP,7.435786983303278,0.8486267451817728,0.5483906124196819,1.5474859086980888,0.12174611979491268,0.4633925277361389
PNPLA8,4.087102457300316,-0.8501947014247813,0.5491035330785426,-1.5483322364694587,0.12154232691944944,0.4633925277361389
TIGIT,3.860196949765889,0.9821198781407156,0.6343098927124774,1.5483281743264485,0.1215433044322463,0.4633925277361389
NDUFS7,4.600996664472448,0.8790742114941853,0.5677446523889518,1.548361940170151,0.12153517921724585,0.4633925277361389
DNAJB1,101.8024292701514,-1.5973929415320904,1.030743260078136,-1.5497486167515655,0.12120186426476197,0.4633925277361389
FOSL2,11.382299534034978,-0.7284244047179601,0.4712495644839736,-1.5457296082927896,0.12216988344896937,0.46389566722508413
RPL38,41.21714126747069,-0.7685923715120494,0.49810087922678836,-1.5430456029412158,0.12281971164678278,0.46418564880678315
RPL24,92.72872552443741,-0.42606812147021694,0.27612895167223495,-1.5430041612440546,0.1228297662775963,0.46418564880678315
RSRP1,21.926878012677324,-0.634286098270169,0.41212409777860637,-1.5390657854977177,0.12378823680318514,0.4660997495998157
CDKN1A,9.59046967034029,-1.0452531693099725,0.6803374814715142,-1.536374516731278,0.12444655306004569,0.4660997495998157
ETS1,5.578026780714733,-0.8693368478212974,0.565929023132087,-1.5361234576909044,0.12450810407286089,0.4660997495998157
TCEB2,11.042912766575544,0.6487241224824818,0.4219838233687935,1.5373198842163396,0.12421499450843952,0.4660997495998157
RPS29,85.35402218218003,-0.8547074883536893,0.5594545625308212,-1.5277513950145007,0.12657427423952236,0.47272223078657294
TBPL1,4.181831713819745,-0.9571281842475592,0.628657466126815,-1.5224955334491868,0.12788496372747576,0.47649877585577033
SLC9A3R1,9.046447221113494,0.8695744525674974,0.5732740485138061,1.5168564752265346,0.12930292465480828,0.47859614580808507
TMEM230,4.428209930939577,0.8374996504577006,0.5521967724078158,1.516668862090304,0.12935030967786082,0.47859614580808507
PSMD8,6.652183434386069,0.775252348137166,0.5107893872210358,1.5177534371944341,0.12907656729514558,0.47859614580808507
VIMP,3.985541597685492,0.9357407310702079,0.6178614417489071,1.5144831313983886,0.1299033489795599,0.47952721166236617
PGLS,3.6571892862113637,0.9090790394777989,0.6014047477922508,1.511592721565662,0.1306375044320735,0.48002391040258635
SERINC1,3.903763702334607,-0.8630661027832758,0.5709703859182315,-1.511577700120642,0.1306413282239597,0.48002391040258635
EMC4,4.064938093484206,0.8734146850181432,0.5790710522035928,1.5083031377487397,0.13147696053505648,0.4819812078600803
CARD19,4.433507789901332,0.9477680868939754,0.6301323278536286,1.5040778658703087,0.13256131872919222,0.48483921401872376
SLC25A3,19.51151019058373,-0.6824028362576403,0.4541364271308052,-1.5026384044305863,0.13293231434203112,0.48508099109672365
TPM3,14.983990534612358,0.5787172625263239,0.3854504711769496,1.5014049944192462,0.1332508428931981,0.4851306431191721
SYTL3,19.454119817164397,-0.6936831365355682,0.46311977174979196,-1.4978482432625266,0.1341726833040797,0.48702100479789207
RHOA,20.920179267023972,0.5188268179740949,0.3465679405871973,1.497042158876657,0.1343822885645975,0.48702100479789207
NDUFV1,4.107748162218648,0.8399338942654456,0.5653243331620224,1.485755777692166,0.13734373111547937,0.4877541879569814
RPN1,4.503098143049307,0.8433216895552839,0.5652985037259226,1.4918165960052798,0.13574723199812086,0.4877541879569814
CARHSP1,3.5687824880774204,0.9592601579654814,0.6436748048593764,1.490286944158162,0.1361488038651356,0.4877541879569814
THOC2,3.9699704182638538,-0.8872113831936163,0.5944020079928215,-1.4926116858009184,0.13553886264996495,0.4877541879569814
RBM8A,16.507423981362255,-0.5325015595433298,0.35780421333016776,-1.4882484322563247,0.1366853889250275,0.4877541879569814
GZMM,5.962157272244514,0.8871661004223922,0.5967142172152969,1.4867520746573717,0.13708030348007905,0.4877541879569814
VPS28,7.428036322977111,0.7212193665124771,0.4852185984850653,1.486380301093664,0.13717855729788653,0.4877541879569814
RPL11,200.1130587935857,-0.41957356116152356,0.2818182547485261,-1.4888090252915664,0.1365376650251689,0.4877541879569814
C10orf54,3.811831892699594,0.8902401510788126,0.5991168732101635,1.4859206790634427,0.1373001031404546,0.4877541879569814
GTF3A,6.4883554590025945,0.7031277792795986,0.47559544153662575,1.4784157245238243,0.13929653910793371,0.489229125211308
RPS28,152.07883262287274,-0.5517710316480731,0.37266948814548034,-1.4805908430922474,0.1387156369414129,0.489229125211308
ARPC1B,6.568651921230987,0.9655853040562343,0.6520573531218484,1.4808287943281542,0.138652201442273,0.489229125211308
FOXP1,3.9210646403733187,-0.8418487483886797,0.5676775039908399,-1.4829700709828795,0.13808236270179144,0.489229125211308
INSIG1,8.992297046038114,-0.947575221598924,0.6407717005211204,-1.478803169410087,0.13919292854161444,0.489229125211308
RPL18A,164.70915094978875,0.4277123026080158,0.29004791933835566,1.4746263430666697,0.14031302855629071,0.49063302952320553
CHD1,7.376419279588959,-0.7016650663933327,0.4757647675464229,-1.474815106658497,0.1402622586676198,0.49063302952320553
ITM2C,10.038856645023694,0.8803493908732772,0.5975182860112369,1.4733430113914898,0.14065856846965347,0.4907626807789883
PITPNC1,3.492655463952234,1.0185307738028544,0.695991851000821,1.4634234184469683,0.14335155453968212,0.49580939841877014
TNFRSF18,23.722053659495682,0.7125426717963341,0.4868994456734062,1.463428800603484,0.14335008273431002,0.49580939841877014
RAN,16.121312152227933,-0.6041468818541834,0.4120613298364348,-1.4661576763196775,0.14260533588214527,0.49580939841877014
SRSF5,17.160390955580777,-0.6144938612101615,0.41944051853601555,-1.4650321894387928,0.1429121356946399,0.49580939841877014
PEBP1,6.667374532186584,0.6887430024526696,0.47107366064876977,1.462070712049836,0.14372183356689858,0.4960117943707931
COMMD6,25.630088083492698,-0.4791680288947773,0.3281352725427871,-1.4602758953086832,0.14421426404510965,0.49663396990426284
OTUD6B-AS1,3.487222890789201,-0.8244442159186738,0.5661082323628307,-1.456336737018638,0.14529955464857042,0.4991705216202521
NDUFAB1,3.89435626432867,0.9278579584187722,0.6375591032621182,1.455328539222981,0.14557832937259396,0.4991705216202521
EML4,8.468781675446746,-0.7333891413225987,0.5053302884232892,-1.4513065179823068,0.14669452712967754,0.49992331678018487
PSMB8,9.71398183154143,0.6020109836155283,0.41485347183508436,1.4511412450101038,0.14674053358664133,0.49992331678018487
CCND3,7.706632511982112,0.7425010549594828,0.5111077418957568,1.4527290316626038,0.1462990030321439,0.49992331678018487
NR4A1,30.708243589717597,-0.8438855769760001,0.5834470973267506,-1.4463789105173916,0.14807095373319598,0.5023046639435284
LAT,4.471915594114394,0.8501590936065901,0.5874420588669389,1.4472220379425693,0.14783474615737757,0.5023046639435284
TRA2B,7.6142769464481725,-0.713908035492135,0.4947414760940554,-1.442992087763456,0.14902270011285848,0.5044576933607614
ADGRG3,4.159075456289638,0.9037310508118802,0.6315913791230745,1.4308793322458815,0.15246480135675142,0.5142845066429654
MYLIP,4.230667284791199,-0.8266228231997824,0.5778538735681156,-1.4305049442613846,0.15257214779099917,0.5142845066429654
FAM49B,8.75939120142187,0.7171063527093484,0.5022204997759581,1.4278715285999906,0.15332883990656995,0.5157424615039171
GSPT1,3.6207022401724442,-0.7513226461599083,0.5281093527624193,-1.4226649125411455,0.15483331670864597,0.5186101197546437
OFD1,6.567320359063817,0.7919495162942645,0.5563684741444387,1.4234262958771935,0.15461261407771082,0.5186101197546437
KIR2DL4,4.25913664052853,0.818284123932681,0.5790760475557007,1.4130857723898018,0.15763050603306872,0.5268700317197739
SRGAP3,6.56860162688942,-0.6916592700470016,0.49015649717213067,-1.4110988511575482,0.1582154687202496,0.5277165843478346
ABLIM1,4.748142761201578,-0.791032797707065,0.5614603956146298,-1.4088844090973198,0.15886935039519712,0.5287889884492858
SRP54,3.4465559850266336,-0.8640751633285075,0.6165827974083118,-1.401393562973996,0.16109641611596248,0.530371211636941
RPS21,85.27948023705855,-0.46100924143959965,0.3285809268343396,-1.4030310459012927,0.16060758130460473,0.530371211636941
PPDPF,37.039519110184656,0.8193819811525267,0.5842743952063849,1.40239241677379,0.16079809659462518,0.530371211636941
ANXA11,7.857625020978073,0.6963976559577323,0.4960598980361795,1.4038579992348856,0.16036113881067804,0.530371211636941
SSR3,4.858176149835983,-0.7142948543628345,0.5094139884987872,-1.4021893204539184,0.16085871988552725,0.530371211636941
MRPL57,4.87341806660421,0.8239634121890352,0.5883989244466062,1.4003482636613915,0.16140905461884603,0.530371211636941
SCAND1,5.0255133706081825,0.756577595609269,0.5412369653027381,1.3978675591495884,0.16215284205889058,0.530371211636941
VMP1,5.862424677327265,-0.7299628715400833,0.521789275237598,-1.3989610484188142,0.16182466396202255,0.530371211636941
SEC11A,13.63099581112353,-0.5485185153967446,0.3925761550057105,-1.397228304375149,0.16234492776064757,0.530371211636941
ATP5B,10.389248168589681,0.6207564519563687,0.4448319896638388,1.395485186273309,0.16286957887023912,0.5309948770134231
JAK1,14.769744065003689,0.5559514233884503,0.39965330862007775,1.3910842507673422,0.16419988007565656,0.5342372376285677
ANKRD28,7.786234253837019,-0.7912521564965691,0.5703073958618277,-1.3874134584926046,0.1653157234370174,0.5350432624120129
DENND1B,3.482406929422528,0.8922476195149249,0.6434781330694241,1.3866013057178141,0.16556336995594,0.5350432624120129
N4BP2L2,13.569318083348852,-0.6017536674149903,0.4345577852437303,-1.3847494806185208,0.16612908336362942,0.5350432624120129
CLDND1,6.416477640676141,-0.7239317951117342,0.5214318369261645,-1.3883536520886508,0.16502938223687413,0.5350432624120129
ATPIF1,7.150689160237898,0.6544542670854889,0.4724751774751516,1.3851611646199298,0.1660031926599742,0.5350432624120129
NT5C,3.8080856665014213,0.8990821282867776,0.6501866042293231,1.382806293513959,0.1667242687390802,0.5358753768967204
USP16,4.328797212585377,-0.7075262757105432,0.5136361200529511,-1.377485437818516,0.16836221396435602,0.5398729720500651
EEF1B2,55.27187697882866,-0.4393094154044596,0.3191344496150687,-1.3765653188940983,0.1686466795153252,0.5398729720500651
GNG5,12.487477056541131,0.613092353257278,0.44765289104336725,1.3695708561790199,0.17082090230112668,0.5446413939100051
KIAA1551,6.648351149465833,-0.6330170495170442,0.46198220703574366,-1.3702195449879468,0.17061837892025689,0.5446413939100051
RPL35A,142.35661216902324,-0.40337303615435416,0.295103906505576,-1.3668847726579736,0.17166142562712972,0.5450881966118206
UBC,62.69800994295509,-0.5800020486039845,0.42468479118162855,-1.3657236158380115,0.17202572907421887,0.5450881966118206
S100A4,37.3910400938894,0.5651689991853056,0.4135442532431818,1.3666469664443914,0.1717359883203824,0.5450881966118206
NDUFB2,10.55768292156164,0.5783791937630333,0.42379846960298045,1.3647505483086475,0.1723314663078226,0.5450881966118206
LDLRAD4,20.028117760624617,-0.9090976606806277,0.6722898681344996,-1.3522406089552308,0.17629835672955818,0.5532360661868384
TIPARP,6.629718950976884,-0.7305674933436576,0.5393238424262798,-1.3545989178913758,0.17554537843599205,0.5532360661868384
RPS19BP1,4.162464367137745,0.7635271660693025,0.5643330780187236,1.3529725543466549,0.17606439857029343,0.5532360661868384
PDIA3,12.609347571599185,0.6099572824655844,0.45085570150766135,1.3528880314164542,0.1760914035510046,0.5532360661868384
TMEM14B,4.17624051447787,0.8210521389452197,0.6120194868687607,1.3415457457832272,0.17974332764013323,0.5537703556178616
PSMB10,7.256317299454873,0.9945669104918055,0.7410977176923258,1.3420185850642572,0.17958996972417474,0.5537703556178616
SF3B2,5.4471257423253245,0.6572233260661011,0.49033760044965896,1.3403486199373684,0.1801320315341347,0.5537703556178616
TNFAIP3,59.60541484182874,-0.5514109317972444,0.4088561286007142,-1.348667399665539,0.1774438212269932,0.5537703556178616
CIB1,7.604139414700099,0.6287755661400751,0.46667114768736423,1.3473632755228937,0.17786326226769777,0.5537703556178616
PGK1,14.384734888482333,-0.5547742753459372,0.412728943396979,-1.3441613054317185,0.1788962312846999,0.5537703556178616
CHD2,8.65158363586979,-0.65621973902182,0.4861885427044882,-1.3497227544102761,0.177104930658725,0.5537703556178616
EPSTI1,3.7684614622455737,0.800632739263624,0.5968481986031137,1.3414344570988996,0.17977943650453632,0.5537703556178616
RPL10,441.0855903807203,-0.3796405342078869,0.2820142310458665,-1.3461750947814495,0.17824605501149482,0.5537703556178616
SRSF3,15.91375601390199,-0.5789105351334896,0.4304060318026525,-1.3450335087286338,0.178614413667327,0.5537703556178616
SLC5A3,3.7229987781409686,-0.8274685622505744,0.6175875332216547,-1.3398401323518825,0.18029732508488516,0.5537703556178616
HNRNPH1,6.442373707223309,-0.8443435422636093,0.6319155025413644,-1.3361652608108623,0.18149526298400986,0.5563756520376874
DNAJB9,3.7227782412657273,-0.8507168176099352,0.6388626287107408,-1.331611491075519,0.18298788695297585,0.5574806175734346
RWDD1,5.857503835505137,0.7041235986374558,0.5312183082881755,1.3254881988281972,0.1850092810048859,0.5574806175734346
UGP2,5.004543864527265,-0.6531220455879208,0.4909736843281338,-1.3302587622016373,0.18343302914766269,0.5574806175734346
NDUFA5,5.174739762580485,-0.673988008948886,0.5067074337831386,-1.3301324670072638,0.1834746299910437,0.5574806175734346
ZC3H12A,8.546465876042113,-0.690864520018805,0.5196489822615239,-1.3294830618394506,0.18368865034729365,0.5574806175734346
IVNS1ABP,7.487757605476501,0.6450757717832242,0.4844521492778768,1.3315572502769832,0.18300572053918596,0.5574806175734346
RPLP2,110.71557417701496,0.48501023071953053,0.36579367308714206,1.32591202747235,0.18486883859784775,0.5574806175734346
ATP6V1G1,13.100277689108815,0.5034337615404768,0.37927521874859144,1.327357382329231,0.18439049034030564,0.5574806175734346
ANXA1,33.094105202583115,-0.6593050307975366,0.4970687912438692,-1.3263858894614686,0.18471191026200573,0.5574806175734346
ELF1,20.396449129896546,-0.554415799533691,0.41928419969477826,-1.3222911808679723,0.1860712083427173,0.5592576437787112
MIDN,4.976376804173138,-0.788618891471439,0.5967161574807167,-1.3215980187312488,0.18630204349636514,0.5592576437787112
CDC42EP3,6.2831704664524715,-0.7511873095979056,0.5699414667618729,-1.3180078190586526,0.1875010304482534,0.5617968727743337
UXT,11.786191437463414,-0.4859429685285851,0.36948256070186036,-1.3151986594590535,0.18844314557884867,0.5631396786217719
EEF1D,48.62610502984848,0.5020152305869262,0.38221506849536085,1.3134365229585905,0.1890358973119265,0.5631396786217719
TCIRG1,4.471803146942475,0.8517078368111531,0.6494591471009558,1.3114109495770312,0.18971896149671263,0.5631396786217719
PTMS,3.464356829571827,0.7722761344512219,0.588724595911927,1.311778274279463,0.1895949573950415,0.5631396786217719
CLK1,12.59055267547174,-0.5504288457841837,0.4187196941184559,-1.3145520822540229,0.18866048334092256,0.5631396786217719
COX7C,30.411150480023323,-0.4795432204003965,0.36708067519331056,-1.306370105557481,0.19142672688959184,0.5652791014225782
HSPA1B,73.80037827740769,-1.483482737556875,1.134092415288265,-1.3080792337190632,0.19084643615898,0.5652791014225782
MCL1,35.29890826837163,-0.49868626625179746,0.3818021129969101,-1.3061380471087998,0.1915056163838904,0.5652791014225782
RPL5,89.5915062576098,-0.4235111725613572,0.3253303574134149,-1.3017880530072348,0.19298884894769774,0.5660061657098238
TMSB4X,607.4068778795571,0.6096016954293649,0.46882642089598514,1.3002716320132743,0.19350788721661794,0.5660061657098238
NDUFS6,4.155102284224775,0.7371433674568977,0.565290544431889,1.304007956117007,0.19223086969428183,0.5660061657098238
JMJD1C,6.569725445236572,-0.6372553041186195,0.4893805097170953,-1.3021673145238433,0.19285919594242884,0.5660061657098238
ATP5C1,5.580214447689096,-0.6886511619149629,0.5296481286810306,-1.300205031649774,0.19353070656577254,0.5660061657098238
SEC62,6.112851325983472,-0.6496807822565892,0.5007461000683461,-1.2974255459361848,0.19448480751793962,0.5667130563389046
CSTB,9.832089112266651,0.704473927476845,0.542824293531097,1.2977936615441614,0.19435824829675197,0.5667130563389046
DDX24,11.514723559272186,-0.6520791561438354,0.503546162837968,-1.2949739353959937,0.19532922108651896,0.5681330726666393
SLA2,6.931761717319626,0.6861742457440039,0.5309204429803814,1.2924238552429586,0.1962103998228053,0.568617023894505
VAMP2,4.358964446122785,0.9209684443232359,0.7121077364576403,1.2932993101641719,0.19590755916238412,0.568617023894505
CKS2,10.583800255081625,-0.8724081289173943,0.6776537753534969,-1.2873950690561773,0.19795662213665288,0.5715952555706256
MTDH,11.687543256682424,0.6511443821007916,0.5057255890715683,1.287544858657813,0.19790444466377144,0.5715952555706256
EIF4B,7.548543574402662,-0.6016546752744657,0.467955541132649,-1.2857090522279289,0.19854462083974456,0.5721962787542699
CEBPZ,3.612710191632236,-0.7078106240692941,0.5509379738101109,-1.28473740732428,0.198884061691459,0.5721962787542699
NDUFB1,4.394202243845704,-0.7026856876850349,0.5486671700520682,-1.2807139301196941,0.20029416506616549,0.5741766065230077
ALOX5AP,20.351424919396173,0.6433963411069417,0.502240347632802,1.2810526755555325,0.20017516470462793,0.5741766065230077
ISCU,6.364553804680683,0.6810175980786437,0.5326304095285553,1.2785931593380664,0.20104036013126203,0.5742463428524917
ARPC5,8.12852521354959,0.5941416520051168,0.46446397809754353,1.2791985601095188,0.20082714279193226,0.5742463428524917
PSMA7,14.084924431934626,0.5028812276727513,0.3958407111003325,1.2704131070168971,0.20393751685707684,0.5783682519066119
AZIN1,4.111289644555774,-0.7762418257567105,0.6109579099049871,-1.2705324101253186,0.20389504568605565,0.5783682519066119
NHP2,3.913986992325197,0.7286481208402253,0.572293676220094,1.273206661399488,0.20294471739346165,0.5783682519066119
ARGLU1,8.484140247572014,0.6624329147152105,0.5213622037335145,1.2705810086950642,0.20387774674008885,0.5783682519066119
MAPRE1,4.783363203695542,-0.6303659804789905,0.49908121062786914,-1.263052920156939,0.20657016192284472,0.5796351457129558
DYNLRB1,5.58034857064044,0.6565003849286444,0.519388971609632,1.2639859927985997,0.20623505454326674,0.5796351457129558
JUN,78.28122605208411,-0.6802830070371754,0.5385816236901058,-1.263101036340971,0.206552871625314,0.5796351457129558
UBE2J1,5.9274839836155815,-0.7623479033456495,0.6022752670618832,-1.2657798602035553,0.20559190745673006,0.5796351457129558
YWHAB,14.433679387346587,0.527518120060585,0.41759859231920043,1.2632181471947233,0.20651079284745377,0.5796351457129558
TBRG1,6.508289410975356,-0.8287882860619469,0.6538425789229739,-1.2675654856053393,0.20495316400133234,0.5796351457129558
TMEM167A,4.404265382368431,-0.6977955810595576,0.554246691888512,-1.2589981884816026,0.20803098618772087,0.5808857511982657
WAC,4.063965028235848,-0.7801354775555881,0.6197570855814686,-1.2587762136251324,0.2081111742193661,0.5808857511982657
RPS27A,262.8574887243837,-0.3340551171222839,0.26522163707174945,-1.2595319175709379,0.20783826918526416,0.5808857511982657
RBPJ,12.826975273005454,-0.6202178079236869,0.4935672800962139,-1.2566023578442727,0.2088976605320374,0.5820598562284965
ANAPC11,5.811482177029812,0.7061369419281794,0.5634369777944436,1.2532669486698058,0.21010857251989923,0.5821908524423324
CTSC,6.707231361136033,0.5921010954739494,0.47437267375685266,1.248177073069433,0.21196621810699212,0.5821908524423324
EIF4G2,11.055201399345568,-0.5464210010082035,0.435945776322865,-1.2534150591323072,0.21005469382249042,0.5821908524423324
UBE2D3,20.92327727523556,-0.45105716973351667,0.36158770037558774,-1.2474350462280528,0.21223802288909666,0.5821908524423324
TMEM219,3.7416886151073623,0.7051585705116641,0.5633238241545392,1.2517819063839464,0.21064934492913678,0.5821908524423324
TMEM2,9.550210162827277,-0.6540015622434917,0.523870893977938,-1.248402172675457,0.211883813762913,0.5821908524423324
SLFN5,5.5458689391730385,-0.714907910617394,0.570580099839312,-1.2529492543093035,0.2102241751240045,0.5821908524423324
ARPP19,4.887337954751957,-0.6740388884429893,0.5391399494202268,-1.250211358234218,0.21122234875624257,0.5821908524423324
GATA3,8.551668602679651,0.6276461922900527,0.5018865677196065,1.250573800255012,0.21109001431445795,0.5821908524423324
TIMM8B,3.5890487308198407,0.7710772872328466,0.6197985265311183,1.2440773158148724,0.2134711088625707,0.5835610553270618
C19orf60,8.065862600930117,0.6246307768661534,0.5020151848499099,1.244246779214263,0.21340875185738217,0.5835610553270618
IFI27L2,3.5682823360831244,0.7710299747383679,0.6206717960629212,1.2422507025922667,0.21414407780420264,0.5843966171294792
UBXN4,6.341523985544965,0.6453243054047635,0.5201429476708141,1.2406672209908987,0.21472870815816003,0.5845888447345055
FOS,155.57687342162595,-0.7242888795060528,0.5840708138305984,-1.2400703174257952,0.2149493866559935,0.5845888447345055
SNU13,8.304300146523541,-0.5962582322338114,0.48255279949665236,-1.2356331428514442,0.21659495932034456,0.5869726769162699
CD63,23.603334052792572,0.6101823204922475,0.4938286921137297,1.235615366698299,0.21660156997603708,0.5869726769162699
C19orf66,4.047105957769106,0.7939036464427764,0.6429799062520553,1.234725438109659,0.2169327052336686,0.5869726769162699
CALR,18.983772733057396,0.5099704702451671,0.41422662126583276,1.2311388116165765,0.21827095173920275,0.5895909749016495
AP2S1,4.298104663517766,0.7048615821656541,0.5734440568021235,1.229172355707016,0.2190071912741729,0.5901349931898227
NDUFAF3,4.403313508349227,0.8022807633932739,0.6535188977125589,1.2276320795028421,0.2195851137450503,0.5901349931898227
PDCD10,3.53144869029951,0.7373083264498503,0.6002915955829183,1.2282502901508734,0.21935302539170676,0.5901349931898227
RPL36AL,44.20400536964367,-0.39911933811082856,0.32668696695667343,-1.2217179700461127,0.2218142982972996,0.5929490882644299
YWHAQ,11.353669210570304,-0.598845841585718,0.490135903605504,-1.221795500351085,0.2217849705879913,0.5929490882644299
ZNF800,4.648682174687435,0.6725312980314972,0.5519478063060619,1.2184690116488486,0.2230457937559116,0.5929490882644299
SON,13.228150833065213,-0.5421178851537322,0.4445212355283617,-1.2195545270393353,0.22263379349122991,0.5929490882644299
VAMP8,13.687936070253086,0.5172435673302975,0.4250239944938789,1.2169749803096042,0.2236137353605644,0.5929490882644299
DUSP2,95.13758891891861,-0.6554645164788726,0.5380021656394586,-1.2183306282787927,0.22309835544260637,0.5929490882644299
SARAF,45.54267916914391,-0.5010042685531242,0.41100198364883084,-1.2189826046708165,0.22285079493328686,0.5929490882644299
EIF4A1,6.605175185206893,-0.6949353840529089,0.5708127038938021,-1.2174490499465116,0.22343341044120568,0.5929490882644299
RPL9,110.68947086491845,-0.4323735313642685,0.35633708929404834,-1.2133834628914395,0.22498324592748264,0.5948545761981281
HNRNPC,15.921725566353294,-0.5226838439496636,0.4318769683691421,-1.2102609822501702,0.22617876450982954,0.5948545761981281
RPL26,99.92795009655772,-0.7559402536575546,0.6238900151513814,-1.21165627802864,0.22564398208447722,0.5948545761981281
TUBA1C,4.02502969802487,-0.814876148279941,0.673339505751094,-1.2102010075451703,0.22620177159011157,0.5948545761981281
WHSC1L1,5.58328294850348,0.7212628128845175,0.5956893009374488,1.2108037054710419,0.22597064471655315,0.5948545761981281
TGIF1,3.9426431012116043,-0.7246536529818983,0.6011929162191532,-1.205359599942026,0.2280645105615543,0.5982104290725544
SUPT4H1,4.177272091254599,-0.6563011936429116,0.5451197437651297,-1.203957848068122,0.22860587107235264,0.5982104290725544
SIGIRR,5.819022011865887,0.6828427305827918,0.5670344418554867,1.2042350167449258,0.2284987552391825,0.5982104290725544
MAP1LC3B,14.03714490098339,-0.662917187621618,0.5556623377608044,-1.1930216294540077,0.23286090222976397,0.607539464309027
TPST2,6.627996748471405,0.5564038737951579,0.4664556974121981,1.1928332677293345,0.23293467833344217,0.607539464309027
MYDGF,5.54845511351729,0.7171271753227076,0.6034977885936692,1.1882846778839555,0.23472127219092875,0.6089606973983701
SBDS,4.766359186545108,0.7121142806517147,0.5998169756026149,1.1872192845763971,0.23514113608421916,0.6089606973983701
GADD45GIP1,4.112302747705218,0.6355248563905862,0.5358829719360227,1.1859396354666396,0.23564613912673882,0.6089606973983701
THUMPD3-AS1,5.219663387472091,-0.6909502852422963,0.5818467931858505,-1.1875124059016624,0.23502556608198533,0.6089606973983701
PRKAR1A,6.3291916788738405,-0.5567982125084584,0.46879149756437727,-1.187731039068164,0.23493939098336003,0.6089606973983701
CCT4,7.627876170829863,-0.7049143183213145,0.5945580367003906,-1.185610612940944,0.2357761091121282,0.6089606973983701
CAPZA2,5.457175978813116,-0.6405810228273063,0.5411366998813392,-1.1837693192270518,0.2365043903252726,0.6098516774838066
ATF4,8.206897466782497,-0.5315053045627042,0.45142701532687657,-1.1773892268672561,0.23904018781440206,0.6143989318460641
PPP1R15A,26.162785441626227,-0.6641852625107826,0.5637020894715524,-1.1782558108546821,0.23869463871364816,0.6143989318460641
BTF3,44.22657260986033,-0.3856970579035495,0.32798098407399906,-1.1759738418753223,0.23960532912943022,0.6148581913627797
BRK1,13.441964698187771,0.5763710404888713,0.49162336392676687,1.17238333810093,0.24104318595585417,0.6175518661123414
BIRC2,4.0602840475320985,-0.6299475665582104,0.5398242494243691,-1.1669493677431915,0.2432308174908212,0.6179819063932629
ROMO1,6.024540900871072,0.7111870161812441,0.608997824858565,1.16779894303631,0.24288787457114136,0.6179819063932629
ALDOA,16.772885598465226,0.4410742974465734,0.37824578926083335,1.1661049771592151,0.2435720045886529,0.6179819063932629
POLR2A,5.651405859822753,-0.6019465601330941,0.517020478514454,-1.1642605760271947,0.24431842810896442,0.6179819063932629
SNRPC,3.6797134688974023,0.7800897370049322,0.6688341196780844,1.166342616283386,0.24347594939941908,0.6179819063932629
EFHD2,3.471333990519242,-0.7668827955610446,0.6585644344457989,-1.1644764816466266,0.24423096885834383,0.6179819063932629
VPS37B,10.578834113066183,-0.5354860797327229,0.4581029595376307,-1.1689208039022405,0.24243554079843377,0.6179819063932629
H2AFV,6.861874750972204,0.5499127152050964,0.4703443400194357,1.1691704745131466,0.24233495437548824,0.6179819063932629
ARID4A,3.671523141171843,-0.7138778421586014,0.6137746003340884,-1.1630944678551787,0.2447911764102998,0.6181948597917253
SH2D1B,6.747798547282327,0.6919538110571926,0.5956920640033009,1.1615964906548735,0.24539940824567907,0.6186155683715451
IGBP1,4.696068571209058,-0.653698410339143,0.5635129484489211,-1.160041507721267,0.24603190694064736,0.6186155683715451
GAPDH,97.36494369115212,0.42538401490401706,0.3667689266573613,1.1598147607019458,0.2461242330478869,0.6186155683715451
PTGES3,17.595594999363957,-0.6569028469530741,0.5677885681842262,-1.1569497586994981,0.24729288754382606,0.6195952505231925
MYEOV2,5.565694963924871,0.6194071931465615,0.5352337289542196,1.1572648725946444,0.24716416051275736,0.6195952505231925
KRAS,4.7876297069268885,0.6035959530495103,0.5250554250693525,1.149585213732024,0.25031475109404433,0.6210016863476016
SRSF7,28.9584245937811,-0.3940969063162442,0.34357877087937294,-1.1470350898210986,0.2513671187981492,0.6210016863476016
ANKRD44,4.2573775275408945,0.6586322674285862,0.5704429311714941,1.1545979999716733,0.2482550860884516,0.6210016863476016
SPN,4.270339031838936,0.6906701352201755,0.5992579731686369,1.1525422541617387,0.24909831686109585,0.6210016863476016
PAK2,5.86734645231834,0.6074992825432075,0.5277824273838132,1.1510411317681533,0.2497153143756996,0.6210016863476016
ARAP2,5.1213622929824165,-0.6683991198081537,0.5821888715287655,-1.1480795193714528,0.2509357381353684,0.6210016863476016
HLA-B,196.16880037908152,0.5113982325715548,0.4447819990309739,1.1497727733714824,0.2502374719104442,0.6210016863476016
PLP2,13.225085612284428,0.465942787416881,0.4060256499301206,1.147569833327211,0.2511461891346696,0.6210016863476016
SYNGR2,5.15159888555623,0.700067176217774,0.6091790481529382,1.1491977249388554,0.2504744587832689,0.6210016863476016
TOMM20,6.951296530918773,0.5712833928354399,0.4990062395095142,1.144842183530548,0.2522745375631035,0.6222771926556553
ARF5,6.455032555997549,0.8234548057105598,0.720934207112343,1.1422052076136833,0.25336873185930286,0.6240087498268589
ATP5I,6.990412966079806,-0.6853348176685373,0.6010586004785399,-1.1402129794381115,0.25419758134497483,0.6241178270368132
SERBP1,11.15660889529503,0.5218723995986297,0.4575468558278493,1.1405878828615155,0.2540414620334106,0.6241178270368132
IL7R,43.9927730345851,-1.262830643307478,1.1118878069805445,-1.1357536573198292,0.2560596771651046,0.6257925443466689
SQSTM1,18.713992599502493,-0.5250099490825497,0.4616731991533714,-1.1371895748883127,0.25545904413471165,0.6257925443466689
RBBP6,6.203150496211764,-0.6493608697282165,0.5715479756469081,-1.136144116324156,0.2558962542039471,0.6257925443466689
PDCD5,3.8661500559484097,0.6668229398946427,0.588022324305359,1.1340095644878319,0.25679053603807334,0.6266161699947463
CNN2,7.42877077544406,0.6620624828221338,0.5849478435944754,1.131831649731013,0.2577052188182415,0.6278851502906925
PPP1R12A,6.799817563802013,0.5771960418942224,0.5107791136179246,1.1300306267534255,0.2584633194744622,0.62837537097267
PTP4A1,12.075188992451475,-0.6669926649503982,0.5936755390152598,-1.1234969627631126,0.2612264898004343,0.62837537097267
RARRES3,21.858204285968295,0.4863858621644221,0.4315734698454958,1.1270059356024575,0.259739971420033,0.62837537097267
PRRC2C,15.307008982458381,-0.4897319298634958,0.4368367856561223,-1.1210867443956805,0.2622509404939365,0.62837537097267
TBC1D10C,6.4409813742646,0.6344493161300874,0.5648196327768416,1.1232777320627527,0.2613195581051956,0.62837537097267
FYN,10.137418302227651,-0.5699586031999614,0.5056474893962091,-1.1271856681826817,0.2596639886765424,0.62837537097267
RPL32,218.32844954418792,-0.3174142687988437,0.28220335628133036,-1.124771416546908,0.2606859097189519,0.62837537097267
LSM7,6.422644480828178,0.5718494585427406,0.5097920974536129,1.1217307239541399,0.2619769490549454,0.62837537097267
TAF1D,9.093662669285713,-0.5364279754845387,0.4780134955548916,-1.1222025747658817,0.2617763181497549,0.62837537097267
ISG20,19.77180553698149,-0.5084921795842284,0.45340056631687387,-1.1215075969465198,0.26207185961998747,0.62837537097267
RHOF,7.514836078178598,0.5270261666878067,0.4698576249395408,1.1216720527960402,0.26200190344864827,0.62837537097267
DCTN3,4.937932238170037,0.5406943072232373,0.48271515648895713,1.120110483283751,0.2626666838403747,0.6284251037444153
WBP11,3.4344341863728465,0.6852420814334825,0.6130812132804659,1.1177019725770085,0.26369430001598004,0.628457135680893
TERF2IP,5.878907582184946,0.5857533974960653,0.5249368509442653,1.1158549765412775,0.26448421666769806,0.628457135680893
NKTR,5.8422253674217295,-0.6211497772023984,0.5568091794205945,-1.1155523295229355,0.2646138070406071,0.628457135680893
SNRPD2,20.452970669870517,-0.49500596139960473,0.4437700905440383,-1.1154558902172835,0.2646551105632925,0.628457135680893
XAF1,5.130834287068221,0.5981605943392078,0.5356215762408834,1.1167597066145798,0.26409708136434795,0.628457135680893
MRPL20,4.6012967914221505,0.5959160403137229,0.53477813969354,1.1143238589655489,0.2651402749669044,0.6286709053239119
UPP1,3.728208341995125,0.6774119263587395,0.6089588676896274,1.1124099874410585,0.26596191236545486,0.6296806585914265
FCER1G,34.767285212100404,0.4534329900897792,0.408259305749672,1.1106494909091083,0.2667192511324692,0.6305354064662088
NOL7,3.7070479688794427,0.7099830101512519,0.6411758875907809,1.1073139584506424,0.2681582114417925,0.6307629238326322
CRIP1,8.233151047534694,-0.7671776505964787,0.6926172194430879,-1.1076502706839177,0.26801288386777977,0.6307629238326322
DYNC1H1,4.2074159161285865,-0.6030732496702286,0.5450763051884817,-1.1064015146681017,0.2685527702131675,0.6307629238326322
RP11-325F22.2,6.339709886434547,-0.7474884842794889,0.6766434073964904,-1.1047007568662908,0.269289275352358,0.6307629238326322
TXNIP,37.27586430559212,-0.6728710206269644,0.6094691932669334,-1.104027944415334,0.269581015924759,0.6307629238326322
NAP1L1,12.003154472027685,-0.4851098530843665,0.4380326220423462,-1.1074742580187764,0.2680889358829578,0.6307629238326322
UBAC2,4.781272523377721,0.6113748833832738,0.553778767172591,1.1040056420089006,0.2695906902615901,0.6307629238326322
ATRX,8.155922845096168,-0.44927167692901365,0.4091851527957737,-1.0979667122801187,0.2722190250560085,0.6328659205697622
RAD23A,5.159176249920207,0.5976992014145004,0.5439715983847248,1.0987691327806728,0.2718687791866853,0.6328659205697622
RSRC2,7.701953644506545,-0.5024969384407874,0.4571148286467974,-1.0992794522293996,0.27164619211654395,0.6328659205697622
GABARAP,8.747926204918118,0.7609053708538245,0.6933881529539904,1.0973729037800768,0.2724784133188479,0.6328659205697622
TCEB1,5.8218622735598915,-0.6202813127631109,0.5649353672965837,-1.0979686326444338,0.2722181864740364,0.6328659205697622
B3GNT7,4.778121896555927,-0.6245988695665344,0.5701545897156894,-1.0954903824908153,0.2733018566822787,0.6338531399147309
AKNA,5.591038764090891,-0.545592733804068,0.4996460055040543,-1.0919585622498105,0.2748513151987253,0.6349887577553627
SSBP1,5.385621940175696,-0.5754405242464056,0.5269091323694592,-1.0921058089441444,0.2747865964542472,0.6349887577553627
RPS2,86.77576230308922,0.7214211098864127,0.6608564369420107,1.091645733564545,0.27498884606753293,0.6349887577553627
MAGOH,5.908355711745947,-0.5367280684076096,0.492567842329553,-1.0896530838659808,0.2758659900466509,0.6360910002380022
KRTCAP2,4.9474272136617445,0.648173634888598,0.595508511928361,1.0884372295363136,0.27640213322158447,0.6364049116578016
ACAP1,12.811677431942028,0.5054736748871806,0.46506599521804404,1.086885904548217,0.27708723643215594,0.6368213081303997
SNHG15,4.345748267776915,-0.6662887796626527,0.6134036677815023,-1.0862158390288406,0.2773835113352401,0.6368213081303997
RER1,3.8083719307777866,0.6566060385515045,0.6050240493173461,1.085256097327633,0.2778082446787341,0.6368774024263198
EMP3,13.258207695288917,0.4819980823475318,0.44464021691062156,1.0840181882252446,0.27835673455393417,0.6372166398205888
RPL36,90.13252604670856,-0.3814127165676526,0.35221591497729904,-1.0828946119377807,0.2788552037339259,0.6374405591101668
FTH1,181.28987730250236,-0.5191295648165374,0.4818335828082852,-1.0774042809363327,0.2812996924545572,0.6421058976975618
EIF2AK2,5.267966392615376,0.5154319026695905,0.4790221857719366,1.0760084145977085,0.2819234931464891,0.6422591817728621
SIVA1,5.365977808305751,0.6168777351227049,0.5736007190547332,1.0754479808520643,0.2821742099680896,0.6422591817728621
KLRD1,41.4419268445309,-0.4388830753106438,0.4095741989578497,-1.0715593814927058,0.2839179856554236,0.6453050216825412
ATP5G1,4.746234728170875,0.5667726082187546,0.5311896002320712,1.0669873957832336,0.2859775276032315,0.6490588393962072
TALDO1,4.344630577258612,0.5788104555691228,0.5436241001313001,1.0647255252835996,0.2870001556240158,0.6504519196549988
OPTN,5.4783363368369855,0.5385238991611487,0.5077067974670209,1.060698619454922,0.28882688758550035,0.6536608508513955
RPL27,66.92966601277278,-0.430320255017095,0.40799470533510235,-1.0547201946252116,0.2915533129371506,0.6588939217088161
NAPA,4.136273371476343,0.6225124556978061,0.5917267733859736,1.0520268537718362,0.29278722932440515,0.6607439458937994
S100A11,27.64949883177066,0.39386024045796814,0.37720095527763975,1.0441655434516763,0.296408805650221,0.6662383370217502
PRPF40A,4.316672885159039,0.5827277515703807,0.5572771410089901,1.0456695756716494,0.29571361423167775,0.6662383370217502
C12orf57,12.980184271630975,-0.5232745797718461,0.5012133533386313,-1.044015639819376,0.2964781537469511,0.6662383370217502
RPS7,151.77952859960547,-0.2779567891104088,0.2673407129545932,-1.039709911889173,0.2984746941906036,0.6688355471228877
APH1A,3.6971489228174494,0.7379846665556151,0.7092835565552091,1.0404649307532225,0.2981239488405524,0.6688355471228877
SSR4,17.717801377319617,0.3672618858313058,0.3576904519607283,1.0267589862075166,0.3045339662643085,0.681453643215914
TMEM123,6.5477822401988375,-0.5203440201405739,0.5076012971829085,-1.0251038029815627,0.3053142113106915,0.6815700305162891
SERP1,17.721106109512657,-0.42013997052219826,0.4099600983665914,-1.0248313730925682,0.305442760375936,0.6815700305162891
FMNL1,4.219054715247208,-0.6129950266886542,0.5987900397660575,-1.0237228176476458,0.3059662147712773,0.6817818595253532
EIF3L,8.843149652447964,-0.6280948271759651,0.6150952366850835,-1.0211342727362678,0.30719082731431213,0.6830977068589114
UQCRC2,4.388616523329058,-0.6140485034675831,0.6016189091947897,-1.020660245352709,0.3074154356448652,0.6830977068589114
SNRPF,5.391194873237394,-0.5496733678770338,0.5396289006535503,-1.018613656924821,0.30838641810317813,0.6833465058525855
TSC22D4,4.7622164607087685,0.5682289049155476,0.5574865386139836,1.0192692837539568,0.308075142234324,0.6833465058525855
SSH2,3.7053423244879977,-0.5924497402428414,0.582166212258698,-1.0176642473706008,0.30883754355084025,0.6833943418489387
RASA2,4.137180732330124,-0.5961979894992703,0.5879415554811477,-1.0140429502578125,0.31056225830656925,0.6853045117416805
POLR3GL,4.6792575856533585,0.527760929709811,0.5200271842349087,1.0148718099925502,0.3101669374608562,0.6853045117416805
IFRD1,9.507026547770325,-0.5570494911721289,0.553289598307102,-1.0067955242182953,0.31403304594209214,0.6893803320611036
CCL3,28.03120171238394,0.9737257133537619,0.9673722058231587,1.0065678003692455,0.3141425146098681,0.6893803320611036
ISCA1,3.995975339016873,-0.6182823551336217,0.6138574934126817,-1.0072082881913527,0.3138346909799612,0.6893803320611036
HERPUD1,15.45494364168989,-0.45483110096002943,0.45128526387436274,-1.0078571966991012,0.3135230227468465,0.6893803320611036
ATG12,4.021163111942577,-0.5598040489560657,0.5620349580610636,-0.9960306577500193,0.3192352495058757,0.6911989796939657
ATP2B4,3.492249309569082,-0.6404029672912335,0.640977406771439,-0.999103806976444,0.3177444071550012,0.6911989796939657
ZNF331,28.42330687969543,-0.39380570810210336,0.3940992822351731,-0.9992550756971577,0.3176711418819542,0.6911989796939657
RPS3A,197.62676297862106,-0.3375463936609218,0.33835724693229086,-0.9976035587275857,0.3184716347446104,0.6911989796939657
ACTR2,5.780179392860173,-0.4834232171029364,0.4859488273935287,-0.9948027237679762,0.3198322212600728,0.6911989796939657
ASH1L,4.396161225874235,-0.5771695627308032,0.5784396550397142,-0.9978042786350397,0.3183742750284164,0.6911989796939657
ATP5D,12.533015636434877,0.4825377593035608,0.4853823233006482,0.9941395393681747,0.3201549381097327,0.6911989796939657
DENND2D,4.293505263311318,0.5572832638234904,0.5600993108051917,0.9949722363027852,0.31974976772081953,0.6911989796939657
RAC1,7.765958778695387,0.467417686313772,0.46703427008585846,1.0008209595151187,0.3169133746076517,0.6911989796939657
MANF,4.962957592994001,0.6936639466427967,0.6977958250934019,0.9940786712932081,0.32018456821775787,0.6911989796939657
STMN1,5.3324891497860545,-0.5958351798820557,0.5976256296302912,-0.9970040613061674,0.318762538616595,0.6911989796939657
SRSF10,7.242575227616802,-0.45297450404186135,0.45186423536978476,-1.002457084639965,0.31612288360173935,0.6911989796939657
DDX46,5.279410904405544,-0.574298690642812,0.5786002813987075,-0.9925655225305168,0.3209217336130257,0.6918515964475932
HNRNPM,4.743433879350312,0.5681540640835058,0.5732319687407287,0.9911416234018177,0.3216164308662276,0.6924110169258026
NAP1L4,3.8857905502216323,0.5736256636843248,0.5804184866523565,0.988296680543016,0.32300737065144935,0.6944658469006161
PDE4B,11.327500858178613,-0.3919027910165811,0.39704070357769494,-0.9870594815221295,0.3236134796886956,0.6948300218417202
NACA,75.5385104340082,-0.2913128752621918,0.2987274580833387,-0.9751794399191841,0.3294712588270735,0.6997148898917945
MAP2K3,4.933964772209512,-0.513844928337778,0.533323333997952,-0.9634773046321489,0.33530804822104465,0.6997148898917945
RPS16,70.43463976569197,0.3498816112097535,0.3622534253023728,0.9658476270243888,0.33412043241744793,0.6997148898917945
ANKRD11,4.469682147663049,-0.6388102029409274,0.6639810433258735,-0.9620910255828004,0.33600388175822193,0.6997148898917945
COX7B,12.242273068231402,-0.4276378326145845,0.4433595474703218,-0.9645395820492854,0.3347754736678865,0.6997148898917945
PHB2,6.097071161243353,0.5741804490757769,0.594373410749068,0.9660264720660324,0.33403093487222757,0.6997148898917945
ERGIC3,5.226788513310906,-0.5421722467278647,0.5606793422061059,-0.9669916580029125,0.33354820389192474,0.6997148898917945
C4orf3,11.013656341474094,0.4025017610154582,0.4172174455654498,0.964728980759547,0.3346805755977217,0.6997148898917945
PIM1,4.8707231891428995,0.6258622486442473,0.6502573751831042,0.9624838910408551,0.3358065912550334,0.6997148898917945
SH2D1A,4.326440877304855,-0.6716873688148514,0.6899790611329242,-0.9734894964956785,0.33031007798923395,0.6997148898917945
HSPA9,5.579408757819824,-0.49221409721692677,0.5086486292774902,-0.9676898135282348,0.3331993069824978,0.6997148898917945
PHF1,3.8720682242497606,-0.5702560965016414,0.5898678548751344,-0.9667522849204174,0.33366788266853964,0.6997148898917945
TNRC6B,5.272347399578389,0.584134116197406,0.6021678009472734,0.9700520607021854,0.33202054284909666,0.6997148898917945
BTN3A2,4.430123900162449,-0.6122672549303834,0.632469913130525,-0.9680575189732823,0.3330156442451173,0.6997148898917945
EIF6,4.027435060364922,-0.4801090958668156,0.49589618320363654,-0.9681645314653731,0.3329622055695749,0.6997148898917945
ANP32B,8.357034838578581,0.4909410024653495,0.5078560798109377,0.9666931675763627,0.33369744368800847,0.6997148898917945
RNPS1,6.873237214990028,0.44548454559296635,0.45974564435209514,0.968980459229306,0.332554938918721,0.6997148898917945
CD83,10.293958318014386,-0.4437468962789744,0.4559540408595961,-0.9732272477339865,0.33044037139989446,0.6997148898917945
GLUD1,4.724799417757755,0.566640692095648,0.5843803535613384,0.9696436381586392,0.3322241532779967,0.6997148898917945
RALA,3.8939502807670836,0.565598115130105,0.5792315799504354,0.9764628426828921,0.3288351526891702,0.6997148898917945
SERPINB1,6.546713542731102,-0.5994581790961802,0.6194838533016775,-0.9676736139307488,0.3332073999145385,0.6997148898917945
MYL12A,41.80694196937903,0.4082301149054641,0.4236843842421779,0.9635240997509124,0.3352845759271277,0.6997148898917945
AP3S1,4.224329410713617,0.5557210385975846,0.5704514869775692,0.9741775616047016,0.3299683837691336,0.6997148898917945
SEMA4D,4.3053037415674815,0.5746830276571929,0.6016246409228281,0.9552185674703922,0.33946717806239635,0.7032451566370738
S100A6,26.485094589163108,0.47228655468521646,0.49413144473791604,0.9557913379418994,0.33917766545294703,0.7032451566370738
CLNS1A,3.5012055009295815,0.5704680692904143,0.5970522116475071,0.9554743423799795,0.3393378744761917,0.7032451566370738
RNF213,9.821721100111635,0.5207924189259902,0.5449897714694193,0.9556003547035617,0.3392741822483363,0.7032451566370738
PSAP,4.0339714557642425,0.5727528146734059,0.600236210713388,0.9542123658162547,0.3399761564802092,0.7033836995578839
CCNH,10.266308035110724,-0.5140482110457139,0.5397838082374821,-0.9523223987103265,0.3409335016317592,0.7044133168464555
AKIRIN1,4.965313952325641,-0.4952688356431123,0.5205231268691192,-0.9514828642141067,0.34135931319209123,0.7044133168464555
PFDN5,42.36450666281428,-0.3047200332674027,0.32181306078681227,-0.9468852274745525,0.3436972662918877,0.7056580551428319
TRAM1,3.878478250791276,0.49465172852874767,0.5219509042322772,0.9476978093491703,0.34328331649124333,0.7056580551428319
ATP6AP2,3.6919912951595113,0.5417217892994652,0.5721559235167339,0.9468079714525954,0.3437366390544907,0.7056580551428319
GABARAPL2,6.265498547311038,0.4904836323643038,0.5173609092014186,0.9480492701340699,0.343104372177116,0.7056580551428319
ACTG1,84.1277482076133,0.2800571991552779,0.2961513981064765,0.9456555023744572,0.3443243253743081,0.70595361040016
MYL12B,21.261697416293103,0.43434051877780727,0.45980830404945355,0.9446121676199498,0.3448569127748027,0.7061355833007864
TSPYL2,8.356290406340744,-0.5186068056723998,0.5531064149159672,-0.9376257293114039,0.34843678412020573,0.7110545930296386
ABRACL,8.120665725376101,0.4269858891968614,0.45512657743533247,0.9381695342929749,0.34815729220819513,0.7110545930296386
BRD2,21.26637270874162,-0.38367333094252026,0.40946964615209347,-0.9370006654901316,0.34875821559825615,0.7110545930296386
MYCBP2,4.422961007469693,0.4832663684821296,0.5160678633575533,0.9364395708308281,0.34904691210317274,0.7110545930296386
PDCD4,7.558564847019404,-0.43365939510543616,0.46607139897902533,-0.9304569987675906,0.3521345185919941,0.7164271343732259
RPL12,136.50994405989564,-0.28277232188544205,0.3058170454947025,-0.9246453919140368,0.3551503934010277,0.7173618835577487
SNRPD3,6.070592776020368,0.4651879059686396,0.5049436854545163,0.9212669043477766,0.356911095580261,0.7173618835577487
DPP7,4.335470595782821,0.545489870392978,0.5927074085203877,0.9203358394907165,0.3573972858249659,0.7173618835577487
IQGAP1,7.308404056223527,-0.45954367506262983,0.4999529095100869,-0.9191739188255653,0.35800461065044153,0.7173618835577487
MAFF,9.768652949544826,-0.42421477054592266,0.4610442401218407,-0.9201172764544567,0.35751147707292485,0.7173618835577487
RPL6,116.28293049094137,-0.30663035579948394,0.3324394953405125,-0.922364400431445,0.3563385323542084,0.7173618835577487
FUS,26.613504662351183,-0.36728595329476643,0.3982276988227284,-0.922301372758765,0.35637139818529595,0.7173618835577487
ENY2,8.115143847556903,-0.41327096946166875,0.44776720129996483,-0.9229594491553957,0.356028337884444,0.7173618835577487
BBX,4.55083776263084,-0.5048803283984136,0.5437882394650895,-0.9284502527951898,0.35317406148884734,0.7173618835577487
CYB5B,3.9758540034079766,-0.5524177157661647,0.5963777293426274,-0.9262883045198237,0.3542961722558957,0.7173618835577487
EIF4A2,16.40039958097374,-0.3494735903816525,0.3787750508628426,-0.9226415245290261,0.35619404843717406,0.7173618835577487
SNX6,5.197516119337034,0.521507846879629,0.5669804543158662,0.9197986331096623,0.35767799779579124,0.7173618835577487
H3F3A,54.490464109860504,0.27868429762462416,0.3037690978086611,0.9174214876858955,0.3589218171313291,0.7182951082464712
RPS24,196.02109132264349,-0.2552022494671682,0.27935971889343425,-0.9135255808462448,0.36096618600512365,0.7187699648737819
MED10,4.456555814625497,0.47707682737331025,0.5220228759210466,0.9139002319229126,0.3607692717975476,0.7187699648737819
CTNNB1,4.558410348236107,-0.45580185569940435,0.49890785758938083,-0.913599272422255,0.3609274488591012,0.7187699648737819
ARHGAP30,3.737138239124231,0.5448249509612134,0.5952255641149081,0.9153251873033381,0.36002094018691055,0.7187699648737819
DDX18,7.066747276152828,-0.46028325184211655,0.5049052942551038,-0.9116229460837424,0.36196723893070093,0.7198623464234315
NONO,4.044759204134646,0.6173576251823443,0.6807032748647289,0.9069408771465468,0.36443806314404237,0.7238713588791154
PPP1CC,3.620395745883203,0.539684101963209,0.5975259624393109,0.9031977451825338,0.3664209543750111,0.7260229862470321
PHLDA1,14.409540413837739,-0.4772737309748232,0.5289268412029615,-0.9023435639782216,0.3668743905716445,0.7260229862470321
GLTSCR2,15.20225095434664,0.42713968966386345,0.47338275135451435,0.9023135896727685,0.36689030857486726,0.7260229862470321
RSL24D1,8.634727715267465,-0.395213414520876,0.43903601286263755,-0.900184501822468,0.3680220724185569,0.7273579095874833
RPS25,125.41357540376667,-0.2835543569975125,0.3159257204337291,-0.8975348908225185,0.36943356406586114,0.7283380426626829
RPS9,108.78581785790445,-0.22846406088493934,0.2543913028801075,-0.8980812563101365,0.36914223101438703,0.7283380426626829
PRKCH,5.860075858326032,0.4071187512435458,0.45533943641781,0.8940994754295389,0.3712686699554544,0.7310438446750025
CCNL1,8.809830675702978,-0.43236029412241705,0.48403226602955185,-0.8932468442011259,0.37172499707233,0.7310438446750025
RFC1,4.001657373635644,0.5433200361539091,0.6101574665604388,0.8904587191511337,0.3732196249039994,0.7321731482395352
HLA-DPB1,14.049476765576422,0.43019055806282874,0.48309994635006726,0.8904794159324975,0.37320851630752516,0.7321731482395352
IKZF3,4.4244905815254505,0.5218815210930868,0.5888527858010412,0.8862682383053508,0.3754730000240628,0.7329785804150724
TMEM59,10.21713974566678,0.359425802007185,0.40521961286844715,0.8869901421180004,0.3750842078714459,0.7329785804150724
LINC01420,5.060312755080224,-0.5136485762031892,0.5779610640689673,-0.8887252241301434,0.37415077136074204,0.7329785804150724
HNRNPUL1,5.343561330826698,-0.4695293504976935,0.5297362506850046,-0.8863455160762411,0.37543136902531715,0.7329785804150724
GLIPR2,8.75793375244571,0.36169758141778174,0.4122366733639541,0.8774027270942181,0.3802679324419479,0.7383757242603125
ATP5A1,6.498505027838875,0.4024831912891624,0.4573081996408136,0.8801136555287816,0.3787977422566068,0.7383757242603125
CHIC2,4.314019025985407,0.5232916819401673,0.5971728685602115,0.8762817426749941,0.38087688782768314,0.7383757242603125
SF1,9.34519358702811,0.4267340152962798,0.48828794203124104,0.873939285744183,0.38215131874134334,0.7383757242603125
SYTL1,3.58247303869568,0.5467988473106739,0.6266284829238422,0.8726045211978172,0.38287867537068376,0.7383757242603125
SUMO2,26.348928388253526,0.3311901750219586,0.3787460624386645,0.8744385958483535,0.3818794463391151,0.7383757242603125
AFF4,3.469472412892565,0.5007962239385763,0.5696652964850386,0.8791060768991902,0.3793437631353379,0.7383757242603125
POLD4,4.722709838739925,0.5855167738343044,0.6696817671278371,0.8743209126709489,0.3819435136809409,0.7383757242603125
NUDT4,3.635284446262872,-0.5126869936082035,0.5873202083024964,-0.8729258526451834,0.3827034939288454,0.7383757242603125
NDUFB9,5.261333315020773,0.44863178491146477,0.5113072001885859,0.877421215163791,0.380257894135697,0.7383757242603125
HLA-DRB5,12.358512819949084,0.5178679261347543,0.5944866185947478,0.8711178854772115,0.38368978935063336,0.7390441342092708
RGS10,5.223257390710194,0.43679051491498,0.5053359948395229,0.8643566248505401,0.38739201276036417,0.740794101324206
C11orf31,10.142734585357204,0.44886850862555716,0.5175787457349015,0.8672467954382792,0.38580680133973033,0.740794101324206
STAT3,9.132811042092714,0.3757600331030427,0.4334947224127523,0.8668157042642437,0.3860429960857509,0.740794101324206
SNRPB,9.322162896094476,0.3934435093602828,0.4550076942679746,0.8646963871528864,0.38720545295334896,0.740794101324206
NOP58,5.039602742529774,-0.4731164341102197,0.5459749979608253,-0.8665532961715706,0.3861868126362813,0.740794101324206
LAMP1,3.502819078727526,0.548786532482832,0.6343311745282106,0.8651419865829498,0.38696086219130255,0.740794101324206
HNRNPH3,5.444171279262523,-0.4496953274833496,0.5212394636242867,-0.8627422880772,0.38827917624083674,0.7411433926183889
NFKBIA,83.61286187022029,0.40273413854829815,0.4670305708548596,0.8623292856635223,0.38850634157368724,0.7411433926183889
RPL3,162.07296351006573,-0.29367844636624413,0.3410720903352182,-0.8610450831013646,0.38921321347151894,0.7416026618361516
PSME1,23.3810496122822,0.3665769457161301,0.4269936473516268,0.8585067904166173,0.39061268254335935,0.7429507489866743
ATRAID,4.312517440215942,0.4409107550093218,0.5138410059515706,0.8580684489997235,0.39085466807155655,0.7429507489866743
NDUFA6,7.375723903545874,0.42894952837202216,0.5023449503467877,0.8538943769135174,0.39316351547957895,0.7429975195723012
DDOST,4.347983652760194,0.590704213409809,0.6927075446120954,0.8527469030824452,0.3937996745937895,0.7429975195723012
SLC7A5,7.798069718965005,-0.4526393197796316,0.5348513860914612,-0.846289888276047,0.39739104736982744,0.7429975195723012
OSBPL8,5.392875148267555,0.4411926835267814,0.5199207417785032,0.8485768081065295,0.39611681643773644,0.7429975195723012
UBE2I,8.269707329481106,0.4084150404061465,0.4818929718053769,0.847522301219811,0.3967040620438963,0.7429975195723012
RNF139,3.7137241400824195,-0.45841804239834716,0.5424544655090798,-0.845081147904522,0.3980655332309072,0.7429975195723012
FUNDC2,4.746576346971644,-0.4661616243594102,0.5486321865726411,-0.8496796866249635,0.3955031950419281,0.7429975195723012
OAZ1,54.54217919375409,-0.3548677921938512,0.4202603157473397,-0.8443999561624028,0.39844594686361734,0.7429975195723012
CDC37,8.405270510842747,-0.43080373272684025,0.5076447121775327,-0.8486323651021903,0.39608589179957276,0.7429975195723012
ICAM1,4.028754497731746,-0.4758960591015733,0.5604968869267025,-0.8490610210361567,0.3958473384747593,0.7429975195723012
RASSF1,3.8172857991852074,0.4869435745024044,0.5719061928551529,0.8514395902436624,0.39452520734822594,0.7429975195723012
DDIT3,5.8486705786065,-0.4826434239686353,0.5713811557711861,-0.8446960826301971,0.39828054722678197,0.7429975195723012
PA2G4,4.768239758966917,0.4637479492088005,0.542696594980211,0.8545252605200346,0.3928140192329229,0.7429975195723012
CD47,4.903211021200244,-0.4795278155193285,0.5649581260270425,-0.8487847035523041,0.3960011032716263,0.7429975195723012
LAMTOR5,5.18836774371076,0.44938153051523816,0.5280154890735459,0.8510764169129231,0.3947269047910904,0.7429975195723012
LSM14A,4.374137822306348,0.4634097589882046,0.5492370467708224,0.8437336150443061,0.3988182788904747,0.7429975195723012
TUBB,8.858810851017747,0.45245751564517667,0.5341940008080432,0.8469910088109776,0.39700013303777393,0.7429975195723012
LIMD2,13.873331851794449,0.43272237571983563,0.5148653769922524,0.8404573215773783,0.4006520212268061,0.7455407786805246
TAF7,7.821027651592166,-0.36771025053071554,0.43913153816036665,-0.8373578724751746,0.40239143811848854,0.7459968818573252
MAF1,4.3620650623789,0.4660722509976232,0.5559589659450472,0.8383213142455037,0.40185026831774784,0.7459968818573252
HNRNPA3,11.672840857618032,0.4254097833062867,0.5082182483598334,0.8370612127352896,0.40255816125346466,0.7459968818573252
ATF7IP,3.632014904611906,-0.4935927218525622,0.5899423199658782,-0.8366796297663663,0.4027726722284364,0.7459968818573252
CCNI,25.485979126889383,0.3488887217144861,0.41859246461184113,0.833480655314732,0.40457370339403864,0.7484613512789715
MXD1,4.141744364213272,-0.5469928630877591,0.6601296208598919,-0.8286143293725258,0.40732267698005975,0.7509274380941773
EIF5,16.302186667589403,-0.4197045901601416,0.5061806008104316,-0.8291597692368383,0.4070140064899561,0.7509274380941773
RPL35,83.65135021291098,-0.2991551135325925,0.3609183151927368,-0.8288720769763052,0.40717679735084045,0.7509274380941773
GNAI2,4.072942773989785,-0.5240074120381876,0.6348922272826563,-0.8253486017318931,0.40917370641091344,0.7517267516163548
GIMAP4,4.809709862309973,0.5960757989044922,0.7218138843909211,0.8258026228014042,0.4089160660392066,0.7517267516163548
ITGA4,7.135102036197967,0.4132309592379275,0.5004757072052235,0.8256763580904025,0.4089877069562807,0.7517267516163548
CENPC,3.938717592044492,-0.4305668322055884,0.5245123131623378,-0.8208898464359347,0.4117090150916052,0.7537366392248681
C1orf43,4.765155133768106,0.41004699188122073,0.49907980466899143,0.8216060598829067,0.4113011392685003,0.7537366392248681
RNF7,6.758723711888441,0.35630430118561995,0.4343638305226251,0.8202899876744244,0.41205081276594213,0.7537366392248681
ODC1,5.305927082326682,-0.5316019998334683,0.6482210775751043,-0.8200936659173594,0.41216271283823713,0.7537366392248681
SEPT9,5.218169448422789,0.45393677705843927,0.5545541978333502,0.8185616100860394,0.413036577504059,0.7544675026509274
CAP1,8.598742776146421,0.4346916381003683,0.5318148231583858,0.8173740542220799,0.413714698355369,0.7548395471139817
RPL7,55.60968916306907,-0.550184726767599,0.6779075993795637,-0.8115925050421924,0.4170254933596145,0.7600086597195265
EIF3M,6.109179686782066,-0.41445988067038814,0.5118049113358988,-0.8098005147871219,0.4180548366970077,0.7610128663443242
EIF3F,12.442856188742308,0.33970612230639324,0.42014692682775906,0.8085412521550042,0.4187790684784406,0.7611158287971396
EPC1,10.588233071642481,-0.35429930773058654,0.4384681193977961,-0.8080389247391366,0.4190681747493993,0.7611158287971396
ATP5J2,7.8120747219725875,-0.3980348848433883,0.49525165048564324,-0.803702288428672,0.42156893218269986,0.7626722158163405
HADHA,4.795509759796368,-0.4350867037516496,0.5409671354392315,-0.8042756671315835,0.42123778732529416,0.7626722158163405
TMEM165,5.178006593640526,0.4760760944233351,0.5912012986319017,0.8052690268526511,0.4206644511586556,0.7626722158163405
TNFRSF4,4.491111699184251,-0.6215512256991307,0.7738160461512337,-0.8032286598224088,0.42184258322965407,0.7626722158163405
ADD3,4.153778662668706,-0.4951276999195091,0.618469233338399,-0.8005696536380447,0.4233808246844798,0.7637175647086251
NARF,5.177931340592989,-0.40685224007687665,0.5077412827312614,-0.8012983263608612,0.42295895953896856,0.7637175647086251
HSD17B11,4.178329724975037,-0.4122702294156617,0.5197484867296829,-0.793211024066108,0.42765488570426835,0.7705537068578606
LINC00152,6.918519801839166,-0.42971237568822507,0.5435293863649567,-0.7905963991424221,0.42917954877971776,0.7717079591046363
ITGB1,12.41105489310783,0.3426991308104298,0.43354994712603845,0.7904490199621748,0.4292655837885626,0.7717079591046363
METTL9,4.9812406127794,0.46064887758541373,0.5837652019043256,0.7890995833302691,0.43005380546823146,0.7722523752821177
SLC16A3,8.335737215823412,-0.3687874474122479,0.4686133652417218,-0.7869759481188051,0.43129594603970667,0.7736097521411198
RP5-1171I10.5,4.036970272334786,-0.46716928541657876,0.5982996052894558,-0.780828336315822,0.43490346561418847,0.7792020425587544
EWSR1,6.532580104856722,0.36636090246362657,0.47088372258733724,0.7780283855441101,0.43655227933083685,0.779522644686152
HSPB11,4.196259413012116,0.43294874220759993,0.5555073917706445,0.7793753037697723,0.43575866723130463,0.779522644686152
GZMH,7.640386964063986,-0.8373293743397088,1.0759163761150226,-0.7782476342289568,0.4364230400084135,0.779522644686152
PPIG,6.739086517534675,-0.38403802943360565,0.494192446863051,-0.7771021833120589,0.43709848596303125,0.7796229721605187
NDUFA12,4.5499802776553,0.4599671284886742,0.5951792689159296,0.7728211524007997,0.4396282332134188,0.7832570202044226
EDF1,19.315651056086384,0.2538185101645829,0.3289449296184441,0.7716139916155472,0.4403430848761507,0.7833618839519216
AOAH,3.9875000911761527,-0.46623881068863987,0.6053251084544542,-0.7702287649674135,0.44116420365865605,0.7833618839519216
ARL6IP5,12.482901890547598,0.3190145304227749,0.4138226800275971,0.7708966806785467,0.4407681747661216,0.7833618839519216
CACYBP,11.710404278611456,-0.3945315601483003,0.5149503000424603,-0.7661546368955783,0.4435842964256086,0.7867810653435265
MRPL33,4.825257736795336,-0.4116018489449553,0.5393774857654404,-0.7631053572079368,0.44540056536753503,0.7872186796083709
TUFM,4.699074417406766,0.4522738040413798,0.5939469891658692,0.7614716671542469,0.4463753955506564,0.7872186796083709
ATP5L,33.08785109861764,-0.287765643027376,0.3784580297962576,-0.7603634230783642,0.44703738061794596,0.7872186796083709
GOLGA4,4.805755122930028,-0.43356547199438433,0.5685781095606226,-0.7625433774251855,0.4457357642416183,0.7872186796083709
RBM17,4.882235829768149,0.39701968406410826,0.522440322289661,0.7599330815893366,0.44729458602512084,0.7872186796083709
TPM4,6.416770553924257,0.352770419777348,0.46410492592328345,0.7601091909885502,0.4471893192365314,0.7872186796083709
GCC2,4.113604989209125,-0.4610348397314184,0.6027879856802691,-0.7648374730148662,0.4443683306251113,0.7872186796083709
IFI16,12.955364660771941,-0.4235917607893058,0.5597528804255597,-0.7567477999707022,0.44920097156373073,0.7897002715556858
DHRS7,8.797086830006881,0.3839704842710935,0.5080055328433163,0.7558391778176187,0.44974562410181496,0.7897850860330988
CHMP5,4.73997076260533,-0.37711563940508364,0.49995226226503614,-0.7543032962718469,0.45066712348771265,0.790070415123806
PITHD1,5.867182526395603,-0.471535837469668,0.625451008441829,-0.7539133059268605,0.4509012802843595,0.790070415123806
TAGLN2,27.17933222878367,-0.3027544003504943,0.40564298913255664,-0.7463567927006862,0.45545191254258666,0.797166108751656
DAZAP2,15.269812024409987,0.3002119085043761,0.4071117020394099,0.7374190105577327,0.46086757817944557,0.8002376271873813
LINC00493,5.703856641859131,-0.35451141846609807,0.48457943736714154,-0.731585765158051,0.46442143923372836,0.8002376271873813
MFF,3.5507675256856945,0.426076545926863,0.5819392189797229,0.7321667487437536,0.4640667969188814,0.8002376271873813
BST2,16.587055482020865,0.26915194042378915,0.36529316527979067,0.736810775579763,0.4612374293717393,0.8002376271873813
EIF1AX,7.901898133348185,-0.35586849025627004,0.4863969040870704,-0.7316421779538416,0.46438699728869026,0.8002376271873813
ARHGAP9,8.525141564757254,0.30590609553432047,0.4144730504197642,0.7380602797323234,0.46047781939534316,0.8002376271873813
DUSP4,19.907233841748344,-0.29720754781478864,0.40305111175834085,-0.7373941893329566,0.4608826680474484,0.8002376271873813
EMD,8.494742603393469,-0.45020613610445626,0.6126177359123904,-0.7348891645031309,0.46240699792652074,0.8002376271873813
FNBP4,3.6944158000468876,0.3896120167270995,0.5315220239275037,0.7330119904499764,0.46355111627294276,0.8002376271873813
VPS29,5.081799093209653,-0.3749140681168246,0.5064729660783044,-0.740244975007926,0.4591513622192156,0.8002376271873813
NASP,6.055210384622915,-0.427824021780029,0.5779816411470939,-0.7402034793543719,0.45917653671430025,0.8002376271873813
MAT2B,3.4657729622955253,0.4329096988871706,0.5880538665504451,0.736173543805845,0.46162509055948076,0.8002376271873813
VDAC3,3.6125621881314336,-0.40884468234287547,0.5592603597939502,-0.7310453444143747,0.46475145664433715,0.8002376271873813
PPP1R11,3.8047489644494865,0.39638028330908437,0.5409332199607593,0.7327711974092456,0.4636979912038396,0.8002376271873813
EIF1B,7.028915468161639,-0.36981354907899944,0.5006877053908648,-0.7386112043440377,0.4601431186662496,0.8002376271873813
CSRNP1,10.227434342129271,-0.46096732104405497,0.6381219636952623,-0.722381217494328,0.4700601314257349,0.8017963914047339
RPS14,214.03741486391021,-0.22659331218742607,0.3123311189844021,-0.7254906681224493,0.46815106775967796,0.8017963914047339
HMGB1,36.52706391853821,-0.28167842112341807,0.3903859954842461,-0.7215382323692632,0.47057842665655736,0.8017963914047339
RHOG,4.364037942240657,0.47604901399032457,0.6545814163506583,0.7272571480020537,0.46706844361615807,0.8017963914047339
GPR65,16.118872553789966,-0.3136625872614201,0.4353235410363575,-0.7205275104458997,0.4712002677331403,0.8017963914047339
SMDT1,9.439836839750928,0.35300690023924297,0.4884255990186851,0.7227444690623974,0.46983688957132086,0.8017963914047339
SRRM2,5.478525817204609,-0.39645270881542255,0.5488216742556549,-0.7223707215155373,0.4700665827623609,0.8017963914047339
RNF115,4.274442658090734,0.36579307232566666,0.5075035339206374,0.7207695077505979,0.4710513389691148,0.8017963914047339
CEBPB,6.512774192613225,0.7712498541664613,1.0697000317397574,0.7209963833618873,0.47091173991213686,0.8017963914047339
SELL,9.7447392060401,-0.7599570531637153,1.049754402297474,-0.7239379530111869,0.46910382824582086,0.8017963914047339
AKAP9,5.77276817336694,-0.4235175068498504,0.5871069323778715,-0.7213634918847589,0.47068590237005536,0.8017963914047339
POLR2K,8.859961921798426,-0.33808274505466906,0.47140337534190374,-0.7171835475498267,0.4732608495656839,0.8044423201485076
NUCKS1,4.866100164517566,0.41100525678502176,0.5760961881800122,0.7134316546746451,0.47557869105063166,0.8059797832069123
HSPB1,22.06496632133326,0.5110196362984257,0.7180032742462685,0.7117232673275397,0.4766361566721494,0.8059797832069123
MED28,4.238061538388083,-0.42714775193264365,0.6004286544958275,-0.7114046752004439,0.47683350270284774,0.8059797832069123
NAA38,3.6787473737875276,0.4373896370704065,0.6152053346194271,0.7109652866404038,0.4771057472489788,0.8059797832069123
CYLD,4.590383360460892,-0.43485711714112835,0.6089077220698629,-0.7141593075267899,0.47512867613631915,0.8059797832069123
CD38,4.1652833725801175,0.41312074193103,0.5812009591809331,0.7108053340332182,0.4772048747837281,0.8059797832069123
SRP9,7.254684385059504,0.31919060736416743,0.4527507514735034,0.7050029322432778,0.48080841137685937,0.8112048594916047
HNRNPA0,12.583409370241611,0.3790453002642439,0.5405981614361117,0.7011590628745409,0.48320375428873086,0.8129908667143693
TRIM22,5.409292924130676,0.37236697782674383,0.5313082125439769,0.7008492792607129,0.48339708055399666,0.8129908667143693
RASGEF1B,4.6394914692700535,0.3922357696219922,0.5596615085299826,0.7008446420627461,0.48339997480313845,0.8129908667143693
CFLAR,5.9696144953317765,-0.4006597158690734,0.5731496386150213,-0.6990490595741129,0.48452137183439503,0.8140163702096331
ZBTB1,5.20763178971772,-0.3666661415909936,0.5263963226085331,-0.696559086457892,0.48607876778860737,0.8157714341262388
HSPA6,14.081641336817968,-0.8903262117601266,1.2813496892290022,-0.6948346881762173,0.48715890671814654,0.816722677121782
PIM3,10.462521678893047,-0.3278437186799824,0.47711955741069845,-0.687131167833849,0.49200007495852116,0.8173214773470424
LDHB,12.788138524676286,-0.3738917557973682,0.5418249577897766,-0.6900600469246656,0.4901564268228571,0.8173214773470424
EIF3H,12.490439505933523,-0.30902262959156995,0.4492757422747002,-0.6878239809409176,0.4915636326469427,0.8173214773470424
PDCL3,4.180582696472954,-0.3829294659286225,0.5560709228685647,-0.6886342194503368,0.491053481195026,0.8173214773470424
EIF2S3,5.047749730683146,-0.3849648870601073,0.5585287907185434,-0.6892480628704075,0.49066717567054996,0.8173214773470424
ZEB2,5.944850378301362,-0.3246036650528624,0.4693070633994859,-0.6916658417658454,0.48914720289280444,0.8173214773470424
PRR13,9.70891002254042,0.34393813695676473,0.5008871162351566,0.6866579830240485,0.4922982803833641,0.8173214773470424
PHF3,3.86473639501904,0.38079344649853675,0.555015666903058,0.6860949504783045,0.4926532349313725,0.8173214773470424
C9orf142,9.269705567816606,0.36860300474395713,0.5341180875504657,0.6901151886363144,0.4901217523198169,0.8173214773470424
ANAPC16,12.175162235014746,0.30832849758189224,0.4466576459761927,0.6903016221921486,0.49000452795672333,0.8173214773470424
GOLGA7,3.769174441002564,0.3986101809170063,0.5823412166998502,0.6844959097622273,0.4936620713183353,0.8174104453822145
NEDD8,8.282538145745573,-0.37659999769541763,0.5502780152011418,-0.6843813259698552,0.49373440478460595,0.8174104453822145
UQCRQ,9.444364751871676,0.3554449370161632,0.5212754163773143,0.6818755035224638,0.495317676315131,0.8183285804957149
SLTM,6.307420893152874,-0.3346747923327814,0.49062084510378734,-0.6821454809201662,0.4951469643480506,0.8183285804957149
PRPF38B,7.061121534029931,0.3184466882600308,0.4679276233332048,0.6805468888364158,0.49615824305107126,0.8188669758239153
EIF3G,12.440000813580061,0.3108501666754871,0.45980683675037676,0.6760451168416265,0.49901200056995465,0.8227234123386505
PRKACB,3.5062476664204087,-0.364894844975757,0.5422279985251932,-0.6729546352608775,0.5009761520183778,0.8251066851565622
TPI1,28.727281038716075,-0.21599570768790144,0.3223232905337982,-0.6701213161797643,0.502780457389751,0.8267568577874044
CWC25,3.6317706701324757,-0.43650572248701586,0.651919126211721,-0.6695703576355172,0.5031317155620794,0.8267568577874044
CCT2,5.5510535859375985,-0.36217843448833464,0.5426927116833913,-0.6673729473257247,0.50453394145293,0.8267568577874044
TPT1,239.69355520692625,-0.23007590288504234,0.34564842657121486,-0.6656356146832891,0.5056440364249893,0.8267568577874044
POLR1D,5.397988733402846,0.3223458082706038,0.4844311025975356,0.6654110492538049,0.5057876196889477,0.8267568577874044
FOXN3,3.6072352755511115,-0.4063665235020793,0.6102394422399796,-0.6659132389254407,0.5054665579374995,0.8267568577874044
CCDC107,4.560342813308919,0.38789821072790664,0.5810729016717252,0.6675551546319538,0.5044175918355769,0.8267568577874044
GABPB1,5.206817611555952,-0.34149750684236285,0.5136324299071873,-0.6648674946480132,0.5061352479477887,0.8267568577874044
SURF4,4.606974684225627,0.3324449418062964,0.5015402224328058,0.6628480168424297,0.507427897409354,0.8271306119780051
NR3C1,7.463654244749269,-0.3352264857213942,0.5061006559379436,-0.6623711741691529,0.5077333728898293,0.8271306119780051
SLC2A3,13.632572355489058,-0.32796478796470746,0.49535960178690164,-0.6620741513471144,0.5079237007558208,0.8271306119780051
ZAP70,4.700608369164334,0.3888409954138104,0.5904065808489014,0.6585986810220256,0.5101535101034077,0.8298406807112261
ATP6V0E1,10.954502307381468,0.2610040469373482,0.39674988741005573,0.6578553774549426,0.510631066257882,0.8298406807112261
CCL4,222.80340792552758,0.3156345433432757,0.48156259214832603,0.6554382514123047,0.5121856304408712,0.8315176918688021
VASP,3.619860800520647,0.43386105480759185,0.6775700639379958,0.6403191018889146,0.5219651646067021,0.8323493643051788
PTPN7,6.594410624751744,0.3066369098331633,0.47937973331928474,0.6396534699328469,0.5223979120615319,0.8323493643051788
UBXN1,9.417267248290928,0.308329715561272,0.4785112840257328,0.6443520264920044,0.51934718577576,0.8323493643051788
ERP29,6.0901008167989605,-0.2962402904479142,0.46380100352017034,-0.6387228319893684,0.5230032568485266,0.8323493643051788
ARHGEF1,6.733820117006558,-0.3515528478672581,0.5469401811608514,-0.6427628833579312,0.5203779705701301,0.8323493643051788
ARF6,8.536890760541045,0.36674750691209185,0.5694087049329483,0.6440848264785113,0.5195204291593293,0.8323493643051788
C6orf48,3.777387414757863,-0.397938111923781,0.6201600749769917,-0.6416699945389821,0.5210874754701604,0.8323493643051788
HIF1A,4.215914307443678,-0.36671182999743956,0.573854261718778,-0.6390330341001279,0.5228014420993079,0.8323493643051788
LSM5,3.849505644605119,0.34072423784362954,0.5305747698790171,0.6421794951187036,0.5207566450420017,0.8323493643051788
PIM2,5.129192924640843,0.3566073782349489,0.5552008701378524,0.6423033489598204,0.5206762402485375,0.8323493643051788
RPS11,54.36334403204834,-0.3552026314679156,0.5501946752409314,-0.6455944549306509,0.5185420293865686,0.8323493643051788
YWHAZ,23.076157909089833,-0.24587140070617636,0.38369228503197056,-0.6408036082500056,0.5216502883338041,0.8323493643051788
CDK17,4.118907630668227,-0.4072507811269586,0.6296533090717119,-0.6467857394847366,0.5177706230553532,0.8323493643051788
RTN4,7.3444411874547875,-0.2783772296147803,0.43219579900409083,-0.6440998044317997,0.5195107171758712,0.8323493643051788
SCAF11,7.4849621721359645,-0.2793991465563479,0.4287748258954608,-0.6516220861913846,0.5146449962326624,0.8323493643051788
BTG2,19.877489796439992,0.31112554150615296,0.47614175828147415,0.6534304880737413,0.5134787889917739,0.8323493643051788
VAPA,6.218068212103802,-0.33731377297768045,0.528307328900354,-0.6384802074954792,0.5231611340698799,0.8323493643051788
AP2M1,5.4763755357588355,0.3391168072425318,0.5231962491556355,0.6481636819641162,0.5168790890687743,0.8323493643051788
RANBP1,4.27717328543801,0.38118684781426854,0.5908794990230533,0.6451177413406867,0.5188508875845487,0.8323493643051788
PARK7,12.055884138793298,0.34780049272521724,0.5361838716063655,0.6486589976741258,0.5165588123507676,0.8323493643051788
RPS3,254.52272098066126,-0.19137075240917067,0.30017433145290356,-0.6375320350774102,0.5237783500929536,0.8324988561417475
PSMC5,4.430701615425838,-0.33400416202921196,0.5249546411636683,-0.6362533747464811,0.5246112892847399,0.8329905800918376
MYH9,6.573913638316906,0.34374400029730123,0.5412483906321192,0.635094729604361,0.5253666341984384,0.833358240288849
CNPY3,3.7377422535820033,0.3678616927063867,0.594295516512709,0.6189878309447417,0.5359243755965765,0.834262635845174
RPS20,45.73245024513471,-0.5895703011463549,0.9522690200646261,-0.6191215809019425,0.5358362673310635,0.834262635845174
NUTF2,4.180293837939036,0.36218345633495086,0.5802232129410155,0.6242140063633921,0.5324870496394261,0.834262635845174
MBNL1,11.468948712658342,-0.2286896758808031,0.3693171113586134,-0.6192230710337745,0.5357694152099229,0.834262635845174
DR1,3.944308894181944,0.35412210443087416,0.5608073518979646,0.6314505386429108,0.527745980016961,0.834262635845174
HLA-DRB1,15.790813789338795,0.30054924137479533,0.4835912924896523,0.6214943197746398,0.5342744306993021,0.834262635845174
WDR33,4.187756167383665,-0.3762976506679421,0.6079327275344903,-0.618979096904424,0.5359301294308013,0.834262635845174
YIPF4,3.739986334925615,-0.3468547983011242,0.5500230609983904,-0.6306186465555109,0.5282899037450126,0.834262635845174
RHOH,13.339180335219814,-0.30393677060131113,0.4852505812441752,-0.6263501422749909,0.5310853041426693,0.834262635845174
KMT2E,17.663017905105896,0.2450967472991492,0.39611733597449905,0.61874784322726,0.5360824866555275,0.834262635845174
TMSB10,167.588414343595,-0.1802874011859163,0.2874884961681065,-0.6271117056471529,0.5305860145885668,0.834262635845174
PSMB3,5.863115759919089,0.36973180263888755,0.5837220094198408,0.6334039091764977,0.5264699128599488,0.834262635845174
SF3B6,7.841829056278032,-0.29631362890125224,0.47929389108167786,-0.6182295130708364,0.5364240581204356,0.834262635845174
RBM3,13.627693475112457,-0.26472470923397134,0.42096698745634464,-0.6288490953496062,0.529447854848117,0.834262635845174
KIF5B,5.4774398375590305,0.2946055147230515,0.47221103464454167,0.623885282445415,0.5327029264467804,0.834262635845174
RAD21,4.172026265056179,0.3391929754034678,0.5463906982754578,0.6207883415183375,0.534738895045004,0.834262635845174
DOCK8,5.347003706024978,0.32794198439423505,0.5224184663041274,0.6277381171348615,0.5301755108190944,0.834262635845174
HNRNPA1,53.383380380234186,-0.21930646891505245,0.34875543178865626,-0.6288259591837724,0.5294630031334048,0.834262635845174
TSEN54,3.9308716378880835,0.4047547947025912,0.6522092054005937,0.6205904353250987,0.5348691344240937,0.834262635845174
MTCH1,3.444496541291446,0.34157717340639865,0.5408146155794471,0.6315975263361204,0.5276499033767383,0.834262635845174
RORA,4.616628320609334,0.3293361098307089,0.5355721511674009,0.614923888616774,0.538604985846781,0.8343919498366392
GNB2L1,84.96961712875556,-0.21775470555815954,0.35407180483343115,-0.6150015408897064,0.5385537028168133,0.8343919498366392
SYF2,6.838323156212646,0.2843180181616844,0.4617717862249842,0.6157111080475565,0.5380852047016268,0.8343919498366392
EIF3D,6.125918388689436,-0.32175925465787436,0.5222739866863877,-0.6160736756186225,0.5378458951797509,0.8343919498366392
ROCK1,7.242346496129907,0.29732821171750917,0.4868357756052093,0.6107361591244727,0.5413742636677972,0.8356237079710415
SMCHD1,7.656461126955026,0.29027549366904276,0.47667469339457563,0.6089593126958016,0.5425514081295323,0.8356237079710415
MPC2,5.563892612577523,0.32555673932664403,0.5344453785039679,0.6091487594821198,0.5424258406360003,0.8356237079710415
PSMB8-AS1,3.492872370989051,0.3429282255013412,0.5630161803944557,0.6090912436319001,0.5424639612667446,0.8356237079710415
PNPLA2,4.247983092464901,0.37620689677840286,0.617467305998584,0.609274196582751,0.5423427074662213,0.8356237079710415
SAMD3,6.566404541670313,-0.3039365827482098,0.4984765347315673,-0.6097309734186014,0.5420400332936781,0.8356237079710415
OST4,22.043071778676538,0.25144850781179057,0.41359623051480937,0.6079564784688896,0.5432163393534739,0.835838680765355
MOB1A,5.868057524495523,0.31780118241365707,0.5240935984823543,0.6063824922378959,0.5442607916108604,0.83663663715254
NDUFV2,4.664887363363411,0.3054293723852023,0.5070694100662663,0.6023423348398936,0.5469462861672368,0.8385048832943085
ERH,6.884301475768805,0.28695622023141765,0.47653244172579207,0.602175623536118,0.5470572400122515,0.8385048832943085
C1QBP,3.4463686106286535,0.3600782506107793,0.5966696056638437,0.6034801290241067,0.5461893307353127,0.8385048832943085
PLAC8,5.375991509649776,-0.4407108653258394,0.7372008442738409,-0.5978165499253455,0.5499623465071051,0.8397104427821498
HLA-E,51.588127317564336,0.23351692110455996,0.38910292970292953,0.60014177041238,0.5484117567400741,0.8397104427821498
EMC10,3.535681362655374,0.3538236983477815,0.5915297563413514,0.5981502951537099,0.5497396534338868,0.8397104427821498
DGUOK,3.953139639182476,0.32264518372259754,0.5401240164444978,0.5973538926235693,0.5502711302603923,0.8397104427821498
CSNK1A1,4.85568395999611,-0.3023472736289745,0.5064129996031983,-0.5970369517881251,0.5504827101331127,0.8397104427821498
SLC25A5,13.533860305800781,-0.22978312715678423,0.3857986742384175,-0.5956037241713844,0.551439988165279,0.8399003391823755
SCML4,4.701621372278918,-0.34710664198533125,0.5831079151790961,-0.5952699885384349,0.5516630134793101,0.8399003391823755
CD2,15.147340162631876,-0.26765485706417336,0.4509412327128467,-0.5935470913892064,0.5528150774307102,0.8406581331169115
CBX3,4.180641922654333,0.3154147175164985,0.5319453955782945,0.5929456672401523,0.5532175143767482,0.8406581331169115
TMC6,4.548104666936239,0.33414403614066296,0.5657924616187201,0.5905770380621262,0.5548038538248408,0.8414613264397728
MRFAP1,5.086469253230769,0.28265625115769577,0.47858336174333144,0.5906102755600744,0.5547815783362318,0.8414613264397728
HMGB2,9.111537502023014,0.39463755146900686,0.6711411198727775,0.5880097937432517,0.556525719120216,0.8432689705907273
RGCC,60.5324202991565,-0.3435551339610789,0.5854826715031628,-0.5867895852135787,0.5573450323446916,0.8437068948243619
PSTPIP1,5.00408588295889,0.326678635990342,0.5574826760442171,0.5859888567450863,0.5578830031909257,0.843718496270687
NDUFB6,3.7082250869050446,-0.33776827414780525,0.5786772117366431,-0.5836902979713743,0.559428695866047,0.8451228384795316
DUT,4.500152427901825,0.31532643941983435,0.5408420272702386,0.5830287283911048,0.5598739608783321,0.8451228384795316
GEM,12.448524917106907,-0.6170950119701295,1.064674595895597,-0.57960903204517,0.5621783007919378,0.8475099444619034
FDX1,4.952658124385793,-0.33728870610656597,0.5824346046200451,-0.5791014191655016,0.5625207425215399,0.8475099444619034
ATP5J,8.59830102540348,-0.26849516917939925,0.46543355662506763,-0.5768711029911557,0.5640265327181221,0.8478456119904859
NXT1,4.214893446334591,0.3383539666971774,0.5875022654735506,0.575919424624602,0.5646696454300151,0.8478456119904859
LRRFIP1,12.309840487554627,0.21488349916693472,0.3723370306492789,0.5771209454837792,0.5638577559185485,0.8478456119904859
NOSIP,3.52874380505811,0.336823318630561,0.5851533742873783,0.5756154427730286,0.5648751406096261,0.8478456119904859
TAGAP,12.080895874611453,-0.30740445651766396,0.5361423036531245,-0.5733635537115715,0.5663985622144545,0.8493309259973583
RPL37A,82.4973780402203,-0.2763979380537814,0.48425715448467443,-0.5707668652782469,0.5681576864822624,0.8503658317904792
IFITM1,63.33735262925681,0.6222308712671002,1.0897236126234864,0.5709987964462774,0.5680004586867378,0.8503658317904792
SRSF4,4.127257887719319,0.30826692007736517,0.5527957654272951,0.5576506539247523,0.5770829599862174,0.8524967403324716
WTAP,4.88634620828486,-0.3043737354385229,0.5421282766227102,-0.5614422795554517,0.5744960684778111,0.8524967403324716
RNF149,4.449206166122794,0.30770790862711017,0.5454049489101715,0.5641824652342673,0.5726299600003344,0.8524967403324716
SRP14,31.617443088883405,-0.20728765449995712,0.3699159636152615,-0.5603641769716939,0.5752310609862425,0.8524967403324716
APOBEC3G,15.896409183359534,0.2888466051340959,0.5166410838336783,0.5590856286355343,0.5761032823228799,0.8524967403324716
TNFRSF1B,6.294706613952661,-0.3183125398490659,0.5616602696584333,-0.5667350123280817,0.5708942294504196,0.8524967403324716
AUP1,6.190581524251958,0.31514821021727485,0.5641087307559249,0.5586657199844531,0.5763898786852144,0.8524967403324716
RPL19,217.617775707948,-0.162228880257767,0.2878682482997112,-0.5635525321600039,0.5730586992568382,0.8524967403324716
CD9,4.85317204317519,0.40762720879002656,0.7273010795311536,0.5604655626976366,0.5751619227070568,0.8524967403324716
CELF2,8.339207911496459,-0.2686144578722624,0.4762379964187187,-0.5640340751729745,0.5727309421668948,0.8524967403324716
MCTP2,3.8472867224613227,-0.31930052416271837,0.5623540275375748,-0.5677927222480569,0.5701757221505921,0.8524967403324716
SPCS2,7.257966834120949,-0.2589240646346375,0.46411845017507913,-0.5578835845396014,0.5769238815826281,0.8524967403324716
UQCRH,14.992829460354633,-0.2430451308742616,0.4314355482584448,-0.5633405310604336,0.573203023738633,0.8524967403324716
ZBTB16,4.073252318314804,0.38543441003620643,0.6893560159342944,0.559122428943804,0.576078168555126,0.8524967403324716
EIF3E,14.267085959212475,-0.2785530011438086,0.5019346040442907,-0.5549587513978795,0.5789228746284381,0.8530585473141771
PTGER4,6.787913668142214,0.3147658298092119,0.567410386388514,0.554741043449436,0.5790717983025212,0.8530585473141771
C9orf78,4.548415935135278,0.2943896866907047,0.5298175097334716,0.5556435589280534,0.5784545476291718,0.8530585473141771
HINT1,31.76035923111753,-0.2028539913011188,0.3666223719176193,-0.5533049994742286,0.5800545782197434,0.8537158500902977
RHEB,4.543922029578417,-0.2905925231508659,0.5291370691328114,-0.549181941887213,0.5828805957661938,0.8570822808355031
UBE3A,3.9275450740597893,0.36592506377428846,0.672250931519434,0.5443280873515755,0.5862157221507409,0.8580492750946406
RPL23,35.006068414548515,-0.3430226120565079,0.6302083099658324,-0.5443003632800484,0.5862347970005495,0.8580492750946406
LNPEP,3.879707359377013,0.32539607894116923,0.5973035864221052,0.5447750295462261,0.5859082545527238,0.8580492750946406
CCDC12,5.0915577736955475,0.2673108818631872,0.48889004286014087,0.5467709677606547,0.5845360910812734,0.8580492750946406
CCNDBP1,3.442077662859992,-0.33286532527265755,0.6109243700727334,-0.5448552088911242,0.585853104217345,0.8580492750946406
RPN2,3.7547141062791414,-0.3203064216127609,0.5949060157115408,-0.5384151666875592,0.5902904579000718,0.8623986395950544
RPL21,150.13856230509552,-0.26371703250828077,0.4893001859117308,-0.538967775000713,0.5899090902601598,0.8623986395950544
VIM,84.28060075488783,-0.19608224739604171,0.3647475524010326,-0.5375834494441054,0.5908646589123234,0.8624455709445015
ITSN2,5.088534475674991,-0.2565197252626458,0.4804494793099036,-0.5339161271047674,0.5933995638032352,0.8653517012016014
GPSM3,7.44544977497225,0.2579840657550301,0.48732510204716006,0.5293880095059502,0.5965363142850925,0.8680581576666351
NDUFA3,4.801732850308353,-0.2896351276684812,0.5476440018268621,-0.5288748287250473,0.5968922844043361,0.8680581576666351
IFI6,11.685278929890147,0.3898393298058408,0.7351729849754268,0.5302688452553397,0.5959255441271225,0.8680581576666351
DNAJC8,5.265141306946003,-0.2872582495077777,0.5777722782285865,-0.4971824719394524,0.6190603807844206,0.868540622423292
VDAC2,4.216411309869842,0.2785202867798493,0.5451336686977851,0.5109210873824365,0.6094063145694866,0.868540622423292
UBE2L3,5.877191484067409,-0.259620710790252,0.5168941051817073,-0.5022705969900465,0.6154771890946276,0.868540622423292
SRRM1,12.584633253556529,-0.23526045948398389,0.4665388902521711,-0.504267627843034,0.6140733227183295,0.868540622423292
TAX1BP1,7.804997171624747,0.2455162960415378,0.49338623471948356,0.4976148071523052,0.6187555651302847,0.868540622423292
PSME2,16.531645514392462,0.2555760960208049,0.49718366332452335,0.5140476545666072,0.6072186733641229,0.868540622423292
DNAJC19,3.95484673493665,0.28669362646640095,0.5725470050512159,0.500733780697631,0.6165584947865579,0.868540622423292
PIAS1,3.761751772342076,-0.29488348225537814,0.5928726031315962,-0.49738085500625623,0.6189205037148828,0.868540622423292
SNRPB2,4.640459085838213,-0.32736258431645415,0.6341044354390142,-0.5162597295030886,0.6056730183239706,0.868540622423292
U2SURP,4.749927222875331,-0.2568447542519981,0.4989825349109236,-0.5147369622823552,0.6067368407921083,0.868540622423292
CAPZA1,6.327357355903873,-0.2531972414206799,0.4941913947708546,-0.5123465201940267,0.6084085126448697,0.868540622423292
ADRM1,4.380981793727036,0.29827186233762165,0.5903544701526373,0.5052419815852379,0.6133888872708718,0.868540622423292
PCBP1,12.512277556126147,-0.23291234841287078,0.4558819361533933,-0.5109049732878677,0.6094175985821245,0.868540622423292
NOP10,7.395270282192673,-0.25258340889350683,0.4951202023543035,-0.5101456327018554,0.6099494376788145,0.868540622423292
SNRPG,8.425120527056972,-0.24076213602212276,0.48408185738692483,-0.497358313161657,0.618936396952914,0.868540622423292
JUNB,112.62157681644955,-0.2672399746737722,0.5329490762886657,-0.5014362282692555,0.6160641484743759,0.868540622423292
RAB7A,6.164717383688231,0.258113088371323,0.5020926967405016,0.5140745723786629,0.6071998543554464,0.868540622423292
ZFP36L2,157.60196582491193,0.2466258610008214,0.46749342042300884,0.5275493733744174,0.5978121392884705,0.868540622423292
COTL1,15.477522261513844,0.21018912365460682,0.4029478295809533,0.5216286283839612,0.60192892652712,0.868540622423292
JMJD6,5.730419610980552,-0.24412111750160848,0.4804322681271457,-0.5081280623661235,0.6113635363410677,0.868540622423292
ZNF706,4.46513114133406,0.2750077336472523,0.5325614704084476,0.5163868378167412,0.6055842567912004,0.868540622423292
HN1,9.58906531292003,-0.27755435512579374,0.5367666652538265,-0.5170856781773951,0.6050963507806575,0.868540622423292
SNRPD1,4.379579774269153,-0.3005547777089985,0.5753898437428717,-0.5223498137435137,0.6014267918076646,0.868540622423292
ARHGDIA,7.624366584539113,0.3300950176194043,0.6330986742434969,0.521395844042545,0.6020910460066068,0.868540622423292
RPLP1,413.06954672542025,0.15197255888880304,0.3035587893698194,0.5006363321065233,0.616627087811509,0.868540622423292
BIN2,6.9557248071528415,0.24315324694788512,0.4864146666518868,0.4998888060295744,0.6171533747114023,0.868540622423292
EIF5B,4.488367302753586,-0.3374817936025027,0.6515617811842636,-0.5179582402594327,0.6044874057873011,0.868540622423292
CCT6A,4.974162563452747,0.2692388541408527,0.5404127941977572,0.49820962240640093,0.6183363009557206,0.868540622423292
PRPF4B,3.634802983408976,0.29860508636773336,0.5992357303102102,0.4983098825117664,0.6182656433950449,0.868540622423292
GMFG,14.830759021906111,-0.265797698290288,0.5260539192231424,-0.5052670241157191,0.6133713005663848,0.868540622423292
SUB1,21.62769215612448,-0.21553387310677094,0.4179805805619917,-0.5156552316784119,0.6060952274061724,0.868540622423292
SH3KBP1,3.937381770220573,0.32976707215919515,0.6348104461016738,0.519473291884643,0.6034307330240007,0.868540622423292
TCF25,5.513362239809339,0.27386172397162406,0.5250025526891142,0.5216388426472932,0.6019218133935085,0.868540622423292
HMGN3,7.781799900090281,-0.23036602134897488,0.45410524711844186,-0.507296541519349,0.6119467648743069,0.868540622423292
MARCKSL1,4.276655557601274,-0.3600965584820544,0.7156973548769833,-0.5031408262560215,0.6148652646560169,0.868540622423292
RASSF5,3.7233160366884825,0.2917569900306899,0.5686768418462919,0.5130453160066419,0.6079196220822377,0.868540622423292
MEAF6,5.284268748482877,0.2513548838983859,0.4969557369203162,0.5057892790534162,0.6130045855083288,0.868540622423292
SPCS3,4.395201008245487,-0.2523510993935649,0.505427277787387,-0.4992827068975863,0.6175802360509135,0.868540622423292
MIF,20.842630763063166,0.30515538779511264,0.6070823358726806,0.5026589801142078,0.6152040542808579,0.868540622423292
FKBP4,3.5701202232247415,-0.4136711658871121,0.8099314505394571,-0.5107483671755001,0.6095272679965799,0.868540622423292
C7orf73,5.298426408681215,0.24852166320272612,0.5009610474998466,0.4960897946916765,0.6198310590871887,0.8688556960420417
NSMCE1,4.235442184769156,0.28441614256329595,0.5751215997776379,0.4945321870596778,0.6209303805716031,0.8688656424709064
HSPA4,3.4616786917440097,-0.3541566247589836,0.7159372918801806,-0.49467548174352577,0.6208292112660239,0.8688656424709064
RABGAP1L,3.952218717862178,-0.2607794706307902,0.5290363128806025,-0.4929330261109036,0.6220599106744521,0.8696812986670065
CSNK1D,3.5071725712849453,-0.2838128241204118,0.5769543266163041,-0.4919155833095221,0.6227790214880113,0.8699222328247814
PTPRC,35.5225328324083,-0.1985192027842615,0.4072708579888026,-0.487437779772889,0.6259481259067009,0.872390585340357
KRT10,4.00014805400978,0.27570487354093837,0.5647668927305575,0.48817463822631224,0.6254261470945448,0.872390585340357
MACF1,6.628732161263177,-0.2177709601406146,0.4470812069752907,-0.4870948649663334,0.626191105253732,0.872390585340357
STOM,5.180942379280847,0.24116191596538544,0.4964289472406213,0.4857934197952667,0.6271136401818963,0.8729114624054216
ORMDL1,3.7712665043261646,-0.2806107049007223,0.5789683546119809,-0.4846736486811701,0.6279078616877971,0.8732529789731515
PARP14,4.106287181644289,-0.27327966520424074,0.5723209633888823,-0.4774937188847159,0.6330105924830146,0.8757563936004141
FASLG,3.926037478706619,-0.34999775791188037,0.7326450570870567,-0.4777180362117584,0.6328509053237623,0.8757563936004141
NDUFA4,16.363125388485464,0.18856209462404952,0.39206531440276404,0.4809456172150488,0.6305551503494742,0.8757563936004141
EID1,6.410655078574053,-0.24848229757298101,0.5194212773222436,-0.47838297817519926,0.6323776465859887,0.8757563936004141
AES,5.14576853658744,0.2668833151902033,0.5587795915657416,0.47761822231620266,0.6329219587896151,0.8757563936004141
IK,3.7743279978649675,-0.3130240973341004,0.6554942774166084,-0.47753902378487684,0.6329783394236486,0.8757563936004141
RP11-291B21.2,3.8391489910820606,-0.4983347722037995,1.053025116274366,-0.4732411074551789,0.6360411730989888,0.8777016404653504
PTPN4,4.099154940885872,0.24319181513724253,0.5127885102986577,0.47425363527666226,0.6353190500120416,0.8777016404653504
COX17,4.79628499965888,0.2319790725555534,0.4902363964076009,0.47319838807455106,0.6360716476785349,0.8777016404653504
PAIP2,8.35333749165649,0.2273748004293783,0.4813254385903369,0.4723930675579778,0.6366462516634666,0.8777332637751951
XRCC5,7.082964457787313,0.23702423269704379,0.5080203943458808,0.46656440437245145,0.6408115590570944,0.8819473965915547
ITM2A,4.740824382904226,-0.2814011183455963,0.6026397239397874,-0.46694750970932086,0.6405374329999363,0.8819473965915547
ARID5A,4.039925355137416,-0.26193187919614663,0.5629202195452143,-0.46530906174903885,0.6417101463875656,0.8822871700021291
CD99,13.448740047735084,0.25261476410215405,0.5436429381487616,0.4646703679484363,0.6421675316545981,0.8822871700021291
RAB2A,5.300790706281193,0.22069686729832977,0.47996251777555266,0.4598210466958493,0.6456446749938454,0.8824919913360894
HLA-DRA,20.049630031328693,0.25842852743849165,0.5602655047035452,0.46126082235820437,0.6446114893218589,0.8824919913360894
PCNP,4.836334750083956,-0.25654354117168976,0.5541389642035378,-0.4629588564312907,0.6433938585804783,0.8824919913360894
WSB1,12.765019794339894,-0.21693529911621506,0.47030245537373744,-0.46126763030361406,0.6446066055556965,0.8824919913360894
SS18L2,5.821810284806398,0.24483230542547876,0.5311195897894017,0.4609739692007201,0.6448172810145676,0.8824919913360894
ACTN4,6.817748776710415,0.2286989212386767,0.4966971368423383,0.4604393789998237,0.645200874665632,0.8824919913360894
TNFSF14,3.964178112529269,-0.2526581878452413,0.5507169308651167,-0.4587804980833667,0.646391800643775,0.8827548110079365
ST13,8.820198177009123,-0.19372394450132777,0.4261776126169933,-0.45456152262842553,0.6494247216084525,0.8855453551168068
HLA-DPA1,12.979877452830898,0.22198267307978384,0.4885292628819453,0.4543897161252072,0.6495483528732329,0.8855453551168068
PSMB1,8.89226646717744,-0.21397469124602123,0.47522106035378153,-0.4502634859800328,0.6525204642408187,0.8868660829495414
BUD31,6.620587469893743,0.22983914806310388,0.508772477075152,0.4517523223433994,0.6514474203585261,0.8868660829495414
RPL36A,15.326734283239755,-0.2357512224928717,0.5224167743179073,-0.45127039192162216,0.6517946815247648,0.8868660829495414
SNRPE,6.299520191372664,0.2789596301379727,0.6199797903454481,0.4499495539726197,0.6527468152947284,0.8868660829495414
HELZ,3.610517677857161,0.26231534889515035,0.585106335020607,0.4483208148582287,0.6539216806129085,0.8869474798424019
EIF2S2,4.6771989629158535,0.23874423115750718,0.5323750917901402,0.4484511669295359,0.653827621572084,0.8869474798424019
FBL,4.830923597416044,-0.22605539805501673,0.5051941456718687,-0.4474624260627184,0.6545412113460591,0.8869808651386755
ATP5G3,10.224861915180982,0.23494517566292028,0.528182267267235,0.4448183708978045,0.6564510171669279,0.8869808651386755
TOMM7,29.698352594459358,-0.15595481744737075,0.3494205343552495,-0.44632413414151073,0.6553631254599763,0.8869808651386755
VDAC1,5.888432743789496,0.22371116263417237,0.5033697059076285,0.44442714769812697,0.6567337895244247,0.8869808651386755
SPTAN1,3.5907450992372647,0.29477939995930535,0.661788401631366,0.4454284771879478,0.6560101364341174,0.8869808651386755
UBE2A,4.480113845043204,-0.2873805307322633,0.6532421512954326,-0.4399295577640912,0.659988127293448,0.8870124811337101
DDX21,4.399673380675199,-0.27148311682690957,0.6232503093382841,-0.4355924301347689,0.6631324639953234,0.8870124811337101
GLIPR1,6.734035345520575,-0.19607714987505226,0.44641399506838647,-0.43922715694658065,0.6604969493040111,0.8870124811337101
CNBP,13.88213457824965,-0.1810413840581882,0.41603343740142196,-0.4351606572514631,0.6634458175092185,0.8870124811337101
CLTA,6.027944746233796,0.21550474647086784,0.48744175909951,0.4421138370848385,0.658406831928707,0.8870124811337101
SAMD9,5.0692774748447125,-0.22066392043414618,0.49890463190984086,-0.4422967964627421,0.6582744488243619,0.8870124811337101
COMMD7,6.896032520844511,0.22251781968479284,0.508490135726682,0.4376049878859364,0.6616726548270206,0.8870124811337101
UQCRB,18.66193320184201,-0.22002491536143828,0.5052610329403394,-0.43546780973987864,0.6632228995668201,0.8870124811337101
DEF6,3.923007282636078,0.2648556097437138,0.6074171303578584,0.4360357923848389,0.6628107609736353,0.8870124811337101
CANX,3.6147240232883155,0.25955484395516965,0.5871778281421576,0.44203788275931055,0.6584617930084625,0.8870124811337101
DDIT4,35.79472545603199,0.200212408527452,0.46009082837854864,0.4351584430253484,0.6634474246066091,0.8870124811337101
GYG1,3.619106403101335,0.23428449857893444,0.5347241300384094,0.4381408756737904,0.6612841649652548,0.8870124811337101
DHX36,5.339456534611751,0.2360895511481861,0.5508329247152765,0.42860464680868515,0.6682109632946248,0.8903883103867237
TMED10,4.989411516618336,0.2127682902781966,0.4963410990998275,0.4286735284748265,0.6681608276130169,0.8903883103867237
IRF1,20.88143881534546,0.17758118945174772,0.4138033612173016,0.4291439028657239,0.6678185040944564,0.8903883103867237
MGEA5,4.058779018619198,-0.23435151869616838,0.5459335032468082,-0.4292675157366585,0.6677285540414428,0.8903883103867237
RSL1D1,6.0742372634122415,-0.23510938876438792,0.5580139623668574,-0.42133244796806535,0.6735123392890987,0.8906614104592662
ANKRD12,8.22976800801646,0.2119842713149443,0.4977125744654691,0.4259170497000404,0.6701682907730191,0.8906614104592662
PSMB2,4.155225162034349,0.2629526904025333,0.6354667215035554,0.41379458829940013,0.6790245475985519,0.8906614104592662
GDI2,5.157302722411486,0.20373839300101368,0.4950734126739052,0.41153167951519953,0.6806827167910621,0.8906614104592662
TMA7,29.671641454776534,0.16732046929755123,0.3971420579034369,0.4213113820804,0.6735277198987604,0.8906614104592662
THRAP3,5.636029035177393,-0.228450228400827,0.5386944495922488,-0.4240812738533814,0.6715065418370897,0.8906614104592662
TOP1,5.108669777102755,0.2056030164753152,0.4989854613756032,0.41204209819762844,0.6803085671780217,0.8906614104592662
PCBP2,27.356850194336452,-0.18270512282463922,0.4445313207865333,-0.41100618624885454,0.6810679985648825,0.8906614104592662
DSTN,6.0127159650338236,0.23901845294877036,0.5668194521044684,0.4216835750102623,0.6732559947891348,0.8906614104592662
FXYD5,40.15628048587719,-0.2169183013908593,0.5094751761534764,-0.4257681464062421,0.6702767999497709,0.8906614104592662
TRMT112,13.465924946335518,-0.1733293303915894,0.41521131298372865,-0.41744847736935786,0.6763504027221845,0.8906614104592662
TGOLN2,4.199859039125758,-0.23390672855712613,0.5606620713614899,-0.4171973466817831,0.676534065787093,0.8906614104592662
RBM39,20.667854754252193,-0.1431976057017081,0.3409480162713796,-0.4199983541999233,0.6744866559955838,0.8906614104592662
NUDC,5.826342869103247,-0.22961871658662633,0.5587626506254955,-0.4109414190973293,0.6811154903840375,0.8906614104592662
RAB11B,4.609345298893988,0.2778278566277576,0.6535898144450573,0.42507984440310254,0.6707784704564153,0.8906614104592662
BSG,9.278325623818535,0.19277627637078346,0.45720328370194435,0.4216423705662979,0.6732860746216094,0.8906614104592662
PSMD13,4.517996660677033,-0.23756219832186157,0.5676568548887347,-0.4184961324362509,0.6755844136819582,0.8906614104592662
DYNLT1,5.9263146812404885,0.20428709366040101,0.496797947218921,0.4112076042262289,0.6809203128534137,0.8906614104592662
MYO1F,3.8638870967007786,0.29320396441386354,0.7110282727560255,0.41236611207789525,0.680071097751018,0.8906614104592662
UBE2L6,10.263876605435959,0.20164146644440833,0.49096870285742644,0.41070126317799827,0.6812916005838635,0.8906614104592662
CSDE1,7.000515658029211,-0.19022881272317427,0.45622291905404005,-0.4169646126450773,0.6767042917421511,0.8906614104592662
TMED2,5.092434844970546,0.2274268911601421,0.5359824826487689,0.42431776881255967,0.6713340822516108,0.8906614104592662
DDX17,9.431133619961734,-0.20034523371968035,0.4842281572421889,-0.4137413959169598,0.6790635070683769,0.8906614104592662
LSM8,6.542794262776464,-0.2212463694896686,0.539751869521249,-0.40990385023753695,0.6818764808742271,0.8906941552306202
ZFP36L1,35.13885162830982,-0.22382633033074795,0.5484562486493161,-0.4081024345733417,0.6831984727359945,0.8909580082975141
MIER1,3.5533252057475484,0.22437023552950117,0.5493079970568734,0.4084598016625465,0.6829361369204449,0.8909580082975141
RPS6,161.84543237887831,-0.16198365636570317,0.3988853094148326,-0.4060908049066391,0.6846758816960015,0.891892900418507
COX6A1,12.514710405701436,0.15528121782901344,0.3828432447860316,0.4055999941067238,0.6850365331938502,0.891892900418507
PRNP,8.279252367974154,0.24496053991177896,0.6051243617022672,0.40481024300969104,0.6856169989797319,0.8919187615509023
TMF1,3.6741209705871247,-0.2307678686488571,0.5712144478214675,-0.4039951537097384,0.6862162829326396,0.891969040968815
MTHFD2,4.937238504453524,-0.20836488710972545,0.5179473802689132,-0.40228968240276547,0.6874708469806774,0.8928703000377615
KHDRBS1,4.372824874553159,0.22393245261687025,0.5624771156113281,0.39811833477614345,0.6905429598922435,0.8933542363086596
CD37,18.644274393161012,0.17039094281595588,0.4264022722315805,0.39960139500245434,0.6894501288147432,0.8933542363086596
PLSCR1,4.6670498067713915,0.28082802393605255,0.700793383239826,0.40072870356989,0.6886198755092842,0.8933542363086596
ANXA6,5.835913069847996,0.20056970234830068,0.5039796986902203,0.39797178908110004,0.6906509809300134,0.8933542363086596
C8orf59,5.994856057707343,-0.19429471611105778,0.4867674947877827,-0.3991530210861039,0.6897804564784531,0.8933542363086596
SRI,5.774375552497436,0.19465145104990872,0.4914800989838276,0.396051541969584,0.6920670053888659,0.8944586560306138
BAZ1A,5.236545380661975,-0.21333951862315467,0.5408765962868406,-0.3944328892907307,0.6932614657159222,0.8952751558068444
PDE7A,4.844023533124801,-0.24438208799033356,0.6252186635270025,-0.3908745887586239,0.6958899379399974,0.8957612388855469
CD164,9.891952179550502,0.16084662064098287,0.40964148245650994,0.3926521788673083,0.6945763952416517,0.8957612388855469
SELT,7.663395465268211,-0.1830299287526271,0.46769272431648606,-0.391346538520816,0.6955411034926046,0.8957612388855469
ATP1A1,4.608286513063291,-0.2040614675811024,0.5212980724370724,-0.3914487284158054,0.6954655798774187,0.8957612388855469
CTSW,49.68062038754421,-0.1488442534856752,0.3816784994524032,-0.3899728533287128,0.6965566207861082,0.8958945704694408
KLRC1,36.824024369525674,0.20105957189948034,0.5176970531755972,0.3883730275576499,0.6977400016708584,0.8961661797938852
RPL17,11.840482790704316,-0.15319109968889727,0.3946551535490297,-0.3881644476482573,0.6978943411468408,0.8961661797938852
UBE2B,8.857013848718431,-0.18266907278649613,0.47352906937299133,-0.3857610537582659,0.6996736414817499,0.896280808049488
TBCA,7.650115862960122,-0.17972149923886924,0.4642366298829886,-0.3871333877384218,0.6986574611971965,0.896280808049488
GZMK,13.26779187965794,-0.23306541006693438,0.6041622734298961,-0.385766242476208,0.6996697983465443,0.896280808049488
PTPN2,3.4855118718676703,-0.2293655525079776,0.5959686354623093,-0.3848617844293978,0.7003398207131807,0.8964124334309497
RPL8,125.53951084024719,0.16429727867737695,0.4286884489019165,0.38325566993517945,0.7015302046693075,0.8972142730135596
GSTK1,9.203401359828522,-0.17362115470262307,0.4853093609347414,-0.3577535664430952,0.7205277422892213,0.8984871758187919
TMCO1,4.152759317345549,0.19394349515178166,0.5232178773314542,0.37067444281709827,0.7108800280567884,0.8984871758187919
PNRC2,5.3485141201704165,-0.1829427424279143,0.508147643606683,-0.3600188739033411,0.7188330193067207,0.8984871758187919
SEPT6,7.1724626671193565,-0.19881420165029573,0.5486103755965274,-0.36239599266440525,0.717056133673886,0.8984871758187919
NIPBL,4.314898352701777,-0.19185667511379206,0.5294544485493001,-0.3623667260507064,0.7170780010516107,0.8984871758187919
RGS16,8.722520945858092,0.2097183345543564,0.5837651188706046,0.35925122583564617,0.7194071581902166,0.8984871758187919
PYURF,5.9821357325246645,0.2147159127715305,0.5886341452382117,0.3647697207314368,0.7152833093464573,0.8984871758187919
BDP1,3.43352328939136,0.2230417766865607,0.5880021887752475,0.37932133747858227,0.7044492565336777,0.8984871758187919
RNF19A,7.481508897179008,-0.18460964379598158,0.5015147019525056,-0.3681041514381456,0.7127955754996723,0.8984871758187919
COQ10B,3.43409785119507,-0.22164869700248155,0.612000710948905,-0.36217065280662175,0.7172245086990474,0.8984871758187919
RPL31,64.42351645263192,-0.25042356713339814,0.6792751168842527,-0.36866294805859917,0.7123789694727094,0.8984871758187919
ATP2B1,4.202910787052042,0.1972454939488559,0.5494845124472756,0.3589646104316399,0.7196215640280006,0.8984871758187919
IL27RA,3.879748101910756,0.220769874608061,0.5821839855423451,0.37920980324183673,0.7045320723498948,0.8984871758187919
ADGRE5,21.249837500170763,-0.15383894974684623,0.4301248053267833,-0.3576611900584727,0.7205968801664226,0.8984871758187919
BANF1,8.32011479625806,0.1639061715709882,0.4464452600732554,0.36713609983023116,0.7135175008459334,0.8984871758187919
PRDX2,4.3833352157148,-0.20215058663266997,0.5648087560745892,-0.3579097959415731,0.7204108195976382,0.8984871758187919
RPL4,43.13962264829376,-0.15834334480795711,0.4172032082051548,-0.3795353000499786,0.7042903959761282,0.8984871758187919
FAM46C,6.143890379859396,0.19608582999899415,0.5175787285536717,0.3788521807048346,0.7047976359766067,0.8984871758187919
GZMB,80.82811348529077,0.3478879719069251,0.969814106237103,0.3587161391751013,0.7198074535647435,0.8984871758187919
TAPBP,9.05958632926392,0.15618154211001,0.43284540024114343,0.3608252323416152,0.7182300990451729,0.8984871758187919
ARPC3,21.578045098281557,0.1990308352988947,0.5460973157103917,0.3644603801796482,0.7155142542930684,0.8984871758187919
IRF7,8.817019360595378,-0.19420815308521014,0.5263441672269638,-0.3689755965348544,0.7121459145148521,0.8984871758187919
SENP6,3.566012021482966,0.20483487057436228,0.550284732971118,0.3722343330668292,0.7097183856811269,0.8984871758187919
RPL13,291.5093848548396,0.15462033118471752,0.41109517667393813,0.3761180864142205,0.7068291088697825,0.8984871758187919
SEC14L1,5.546373989883413,-0.19631597643774085,0.5466003049171251,-0.3591581904944346,0.7194767518918763,0.8984871758187919
RALY,8.529109438561088,0.1820930780102824,0.49467423788183573,0.36810705726256054,0.7127934088654342,0.8984871758187919
SF3B5,7.369005218263323,0.17647556030080097,0.49302469578266406,0.3579446664850136,0.7203847232559001,0.8984871758187919
PSMA4,4.24222598696752,0.22988528659200935,0.6199287883957513,0.3708253123506417,0.7107676468911703,0.8984871758187919
MORF4L1,12.300260561730244,-0.1625646114740844,0.4458066731887059,-0.3646527099096883,0.7153706632684808,0.8984871758187919
PABPC1,42.999574990102055,0.11632535684121734,0.32401029190645336,0.35901747489799557,0.7195820165168691,0.8984871758187919
ARID4B,10.28990195568994,-0.1668274818340912,0.4517031008748593,-0.3693299459556055,0.7118818072705295,0.8984871758187919
EEF1A1,503.17221718796657,-0.1397015357127078,0.3884986777749987,-0.3595933363603795,0.7191512675128786,0.8984871758187919
USP15,5.801226514486012,-0.1701348231400594,0.480924077571623,-0.3537664905428271,0.723513888236296,0.9007667385715002
RHOB,9.928079796325552,-0.24073918686738363,0.6806148840398749,-0.35370837828060125,0.7235574430511484,0.9007667385715002
EIF3K,17.16720187369052,-0.15869766284172687,0.45033626157923173,-0.35239814418942983,0.7245396935613786,0.9012843256107531
CCT3,5.70754362445875,0.18464319657489395,0.5270951666505658,0.3503033384810032,0.7261110600627438,0.9025333566873636
PSMB6,7.502102698807771,0.16824125380166588,0.48370951687543207,0.3478146448067352,0.7279793906067608,0.904149266553752
ARHGAP15,5.237828357676212,0.1876715737241287,0.5421091097109841,0.34618782522245845,0.7292015637697888,0.9042554076054046
GLA,4.128267964695323,-0.24932865534251528,0.7197679890692331,-0.3464014225819271,0.7290410561515057,0.9042554076054046
STRAP,6.344355917681222,0.17980992131280013,0.525584242611438,0.3421143686108048,0.7322648245971938,0.9049329196688062
RPL14,125.50977057920774,-0.10135159378006743,0.2966273558481027,-0.34167986121943417,0.7325918293736156,0.9049329196688062
CDC42SE2,5.086110925948343,-0.1811152381215273,0.5278697983109358,-0.3431058922125402,0.7315187985523777,0.9049329196688062
SLC38A1,7.467185612843985,-0.16290013997252362,0.4764941474924143,-0.3418722786623879,0.7324470124427527,0.9049329196688062
SERF2,58.25828391713593,0.10921848767064243,0.3181412880284181,0.34330183406086684,0.7313714011844243,0.9049329196688062
RPS4X,233.01714834427034,-0.1088197985458181,0.31946799882207905,-0.340628166035569,0.7333835227598473,0.9052080564087798
HSH2D,4.490996990411343,0.19790359111851716,0.5832551192148833,0.3393087940401006,0.7343771185168665,0.9057317795041354
RAP1B,11.41324968613739,-0.16284296667154127,0.4858970261410021,-0.3351388419987695,0.7375203537181056,0.9082003736575125
TIMP1,4.911123787353218,-0.19947987062586323,0.5950982278562432,-0.33520494817210444,0.7374704896490725,0.9082003736575125
UFC1,7.832997616621997,-0.1716222308753186,0.5135259310365273,-0.33420363121470303,0.7382259040691667,0.9083661356334448
OCIAD1,5.5849942331667455,0.15340185521698044,0.4615819280161534,0.332339387454554,0.7396330015373416,0.9093942082271333
G3BP2,9.223425119606592,0.1846657711151488,0.5582198060880749,0.33081192946065513,0.740786549368603,0.9094069444795119
PIK3IP1,4.135477057060444,0.19714449013602117,0.5948613334537667,0.33141251422646634,0.7403329135236643,0.9094069444795119
UQCR10,9.659483097881266,-0.13921717803603478,0.42285634525559235,-0.3292304339240458,0.7419815210718563,0.9101716268506734
RPL28,256.8831620520176,-0.11338799317089912,0.3452485583755646,-0.3284242335562618,0.7425909225074949,0.91021737882082
NFKBID,6.329122370745409,-0.1900197115726934,0.5801930318767277,-0.3275111921941636,0.743281279185781,0.9103622133830467
SMARCA5,3.8954437831634627,-0.17742161888130772,0.5450881445109524,-0.3254916120776917,0.7448090299108645,0.9115316666062965
C19orf53,7.851056367758533,0.1587590351355103,0.4904419754108043,0.3237060510624737,0.7461605892445549,0.9117830241843985
APMAP,4.914386798499274,0.18670428585233756,0.575817031996989,0.32424238165520924,0.7457545378502173,0.9117830241843985
ATP6V0B,6.108864865708259,0.18203998923902912,0.5664255259120013,0.32138380230291824,0.7479195564826754,0.9132310163959604
HNRNPK,13.248085695829499,-0.1422836625693117,0.4530476593951059,-0.31405892872128305,0.7534762825647932,0.9186059506211386
STK17B,13.624048518123503,-0.15598821241564728,0.4956345992780108,-0.31472421950137214,0.7529710535565385,0.9186059506211386
CALM1,43.44129967182183,-0.11711490336432748,0.376948521562749,-0.31069203529116873,0.7560347527312212,0.9201694593214178
RPS5,97.60769318672139,-0.08827518240259072,0.28335504431530234,-0.31153559526670294,0.7553934871334576,0.9201694593214178
HERPUD2,4.529632392878867,0.16950190345201593,0.5479685042978594,0.30932782107469403,0.7570721698628133,0.9201694593214178
SLA,15.12071606090598,-0.14632278818595706,0.4721772834765098,-0.3098895124912049,0.7566449783201352,0.9201694593214178
OXNAD1,6.171353569940605,-0.15741282198516324,0.5113216770237707,-0.30785477920945903,0.7581928366222702,0.9208280939435358
MRPS36,3.695270909553725,-0.17778049226239795,0.5838864937756211,-0.30447782943702817,0.7607638809810581,0.9211572819980012
POLR2L,12.709651928262833,-0.1578896735085768,0.5196449339422242,-0.3038414563397465,0.7612486813084882,0.9211572819980012
ODF2L,4.519093372036199,-0.15592691296753797,0.516010972202874,-0.3021775143692759,0.762516744432035,0.9211572819980012
ACAP2,5.869019330902612,-0.1918950452990279,0.6346730107450658,-0.3023526163082866,0.7623832720107591,0.9211572819980012
OTUB1,5.12385446340558,0.18299037965903928,0.6037384055405728,0.30309547641779405,0.7618171014078121,0.9211572819980012
MTPN,4.414272872342243,0.1725195181108525,0.5690951344613729,0.30314706217640697,0.7617777900675389,0.9211572819980012
MGST3,4.234666518327752,-0.16631914994872782,0.543020122536794,-0.3062854267199985,0.7593873341732544,0.9211572819980012
HSP90B1,12.270965347281068,0.13978952461928254,0.46614625141507665,0.2998834039637228,0.7642660937924941,0.9225700722487543
TAOK3,3.5092083683815383,0.1689390304493022,0.5726382092076839,0.295018788011108,0.7679795273765367,0.9263498317331843
SH2D2A,6.841456847727225,0.13372980748103727,0.4557352042237563,0.2934375186328129,0.7691877512131459,0.9271043274091781
RPL15,132.01742767901996,-0.1035595312918968,0.35456143068107093,-0.29207782440682023,0.7702271213483456,0.9276543149623149
PPIA,41.97780508965862,0.10155501387410147,0.34926944128391013,0.29076409748527243,0.771231745576757,0.9281616544724813
DUSP10,5.133556395849182,-0.15913278559153543,0.5504968941998939,-0.2890711778180384,0.7725269092447817,0.9290176210192349
RFTN1,3.511394753393245,-0.17350476199980142,0.6117236314178344,-0.2836325966313536,0.7766919540366399,0.9305097130062455
PAPOLA,5.558017444025458,0.13408313999957394,0.4726203773661007,0.2837015634975692,0.7766390964458735,0.9305097130062455
BUB3,6.667644208856934,0.14629341883130625,0.5139367460795983,0.2846525763087748,0.7759103266926374,0.9305097130062455
ATP5G2,29.71167787404001,0.100145402786011,0.3494773233874432,0.28655765648916276,0.7744510404163325,0.9305097130062455
IRF2BP2,3.821382611269802,0.15554361077902323,0.5470190999477105,0.28434767779386794,0.776143951739386,0.9305097130062455
ZBTB38,3.570563198988982,-0.17518769379543464,0.6213223819962966,-0.28195941249140266,0.7779746322312888,0.9313451014898273
OSTC,6.487245076599101,0.14945560807282374,0.5392574037777443,0.27715077628201107,0.781664334413466,0.9350586135728004
RTFDC1,4.395834737134455,-0.14148330440654616,0.5207490154487622,-0.2716919287588496,0.7858589078501672,0.9388382453603259
RNF114,3.8034625364125096,0.16721370817966408,0.6179916638387405,0.2705759931145237,0.7867171619950624,0.9388382453603259
SCP2,6.945618225848907,0.12790259523397673,0.47376815823365487,0.2699687452842646,0.7871842987496385,0.9388382453603259
MGP,7.770683261863777,-0.29590262948732204,1.0954142658384352,-0.2701285154989622,0.7870613850918335,0.9388382453603259
OSTF1,7.770843636481516,0.11809303868441552,0.44055484651851246,0.2680552480982709,0.7886567924140508,0.9398898552290299
LPXN,4.011870302172708,-0.14337044297115087,0.5370516276783952,-0.2669583994948917,0.7895011913801011,0.9401919127887282
PTPN22,10.724131629798759,-0.12091811198041195,0.45959506893050267,-0.2630970612060603,0.7924757689962596,0.9409171257261559
S100A10,25.183366097354245,0.12739132524808447,0.4800436686339874,0.2653744514756112,0.7907210155727064,0.9409171257261559
FAU,129.61069410935949,-0.060093816836464684,0.2278040751988782,-0.2637960571337514,0.7919370729447737,0.9409171257261559
SPRY1,4.970714916637991,-0.15676605944800515,0.5929001253078677,-0.26440550905028604,0.7914674669299002,0.9409171257261559
RPL23A,126.67328372378645,-0.10877921781029419,0.4328254924618271,-0.2513235003594155,0.8015640074581956,0.9410568309378669
SAP30BP,3.433772762295457,0.14403742786408524,0.5694475543059407,0.25294239438720967,0.8003127284300093,0.9410568309378669
IKZF1,4.444076478893654,0.15078658722607716,0.5973787221385485,0.25241372288299485,0.8007212941570025,0.9410568309378669
MRPS21,7.851296389959497,0.14023798389423664,0.5382436650155442,0.2605473933263788,0.7944415626585043,0.9410568309378669
CST7,29.946343061085933,0.119909047621985,0.4686022903514872,0.2558866016895567,0.7980384005878933,0.9410568309378669
TXN,8.753719875103375,-0.1064485416689137,0.4259293794350228,-0.24992063663256375,0.802648723810613,0.9410568309378669
STK4,13.344115607225595,-0.09474068338084467,0.3755510176785324,-0.25227114006103335,0.800831493764262,0.9410568309378669
RBKS,8.024764248269735,-0.2611088766716029,1.037037443275624,-0.25178346101646526,0.8012084417661414,0.9410568309378669
HLA-F,9.175838647521108,-0.116228038679182,0.4542299132231266,-0.25587931418794185,0.7980440278970272,0.9410568309378669
BLOC1S1,5.411806766830107,0.18317508352833858,0.7040802797392146,0.26016221274679796,0.7947386507181728,0.9410568309378669
UBA52,66.8721630259992,-0.09866393238712637,0.3889783706738234,-0.2536488911098368,0.7997668218567798,0.9410568309378669
CD96,12.94813682026734,0.11029949289951844,0.4324758993418333,0.2550419412211838,0.7986907056613743,0.9410568309378669
CBLB,10.06295375601074,-0.10025438428994328,0.3845484825564269,-0.26070674788121784,0.7943186619187482,0.9410568309378669
LMO4,5.047161304668153,0.14306632924772597,0.5697734205360192,0.2510933716654159,0.801741920428116,0.9410568309378669
ATP5F1,5.2547377293471,-0.16146472761242184,0.634768975405556,-0.254367705210012,0.7992114980993225,0.9410568309378669
IFITM2,65.04755135763895,-0.08346360663812034,0.3330751674242715,-0.2505848973478239,0.8021350594165811,0.9410568309378669
RBX1,7.366257902011645,-0.11903876723771903,0.4747675697336765,-0.2507306202580233,0.8020223851641728,0.9410568309378669
RSF1,5.674194869401607,-0.13677635400278113,0.5604353931293806,-0.24405374050172687,0.8071891990771011,0.9456833694636729
RPL27A,77.32631299475871,0.14782503947182582,0.609754976333242,0.24243351052380224,0.8084442710434203,0.9464568323988827
CIRBP,19.36923130713678,-0.08634887878090398,0.3588111005958652,-0.24065275192854232,0.8098242612899917,0.9473752939061595
ITM2B,24.33643723210232,0.10228130909927648,0.42954615691706377,0.2381148275970371,0.8117920346897127,0.9489795203463137
LYST,4.498384949043361,-0.14112636151688024,0.5979474518304868,-0.23601799971695236,0.8134187029349746,0.9501829341920299
POLR2G,4.98241561753144,-0.1399312509382231,0.5982153542764483,-0.23391450911097447,0.8150513490156266,0.9505437261064775
PPIB,18.14184313577315,0.09022225404812864,0.38612041809236425,0.2336635148534064,0.8152462146086702,0.9505437261064775
PMAIP1,6.036879384527997,0.1303042724390683,0.5585003332302325,0.23331100213570063,0.8155199158613085,0.9505437261064775
HIST1H4C,9.954195046201075,-0.11826143296440335,0.5121804130767189,-0.2308979998942074,0.8173940446092911,0.9520306917813924
RSBN1L,3.548853028554258,0.15697774922126562,0.6822514183199504,0.23008783126874927,0.8180235204882489,0.9520668771739605
ATF3,6.713614812062289,0.23383054948289875,1.0214464950116788,0.22892099647395162,0.8189303210280132,0.9524255414879891
COX6B1,15.166701490158175,0.1022370015620467,0.449744307336743,0.2273225027960108,0.820172976394494,0.953173999593601
RPS19,272.95236536970276,-0.057101853674314924,0.2540781941311635,-0.22474126073502035,0.8221805641510082,0.9548096916527402
PRKX,5.1278883861386015,0.12389241075510819,0.5550426184637957,0.22321242844019457,0.8233701794532298,0.9554026901355845
TMX4,5.804677183427932,-0.11026457463099339,0.49735882908600737,-0.22170024574335148,0.8245472387981951,0.9554026901355845
RPLP0,104.78367436928089,-0.09088362215810712,0.40986934412804354,-0.2217380330101365,0.8245178209624837,0.9554026901355845
GBP2,6.056708086760731,0.1197865196883407,0.5420228968765347,0.22099900277022136,0.8250932094571295,0.9554026901355845
BHLHE40,12.569549302779205,-0.10904138007462076,0.49551466688466383,-0.2200568164009589,0.8258269059399477,0.9554522037179426
SP100,9.229017157271752,0.10084617887196769,0.46289419998755127,0.2178601046949384,0.8275381123339566,0.9554522037179426
COX4I1,37.47414999009806,0.08183072956032116,0.37402325734188036,0.21878513689731016,0.8268174254373335,0.9554522037179426
RPL29,140.85547415798254,-0.06600558050537031,0.3020996971751969,-0.21848939645607005,0.8270478191635819,0.9554522037179426
LPIN1,4.593634052840951,-0.12845204026528004,0.5935384155896788,-0.21641739926414585,0.8286624049680485,0.9557996099636528
UTRN,4.325221298272598,0.13278223048465343,0.6238284533333585,0.21285055174246426,0.8314435324888092,0.9557996099636528
XRCC6,5.926013168648903,-0.09716738155429254,0.45268465797122287,-0.2146469509034465,0.8300425854701059,0.9557996099636528
MRPL51,5.208896609414551,-0.1060427374033692,0.4925844310235248,-0.21527829692673503,0.8295503494821588,0.9557996099636528
COX14,5.708993916749983,0.10227367335972698,0.47971522251448523,0.21319663950551157,0.8311735893041237,0.9557996099636528
HNRNPR,4.821992360191289,0.10589684594147458,0.495037499902443,0.21391681632673012,0.8306119262312823,0.9557996099636528
BTG1,168.93348064256767,-0.0756954706188645,0.3596627129029193,-0.21046238017810961,0.8333068103503983,0.957249917160638
TMBIM6,14.318378773485518,-0.09418712056239283,0.453581034752614,-0.2076522458963988,0.835500507072954,0.9590774218997619
PNISR,13.300963700696567,0.11609328813023184,0.5735772661371463,0.20240217837098365,0.8396023255518317,0.9618468462862186
RGS1,36.77245985984856,0.11453684574821409,0.5662357120186121,0.20227767927228385,0.8396996486546318,0.9618468462862186
HP1BP3,6.3633804705275265,-0.11081166999703439,0.5479134930048744,-0.20224300261218167,0.8397267564371826,0.9618468462862186
RPS8,156.1487531553459,-0.06541455663406268,0.33351017469794214,-0.1961396131116785,0.844500891605358,0.9631547803183689
SEP15,5.15179740713629,0.09951041665459849,0.5057005007196668,0.19677737418290936,0.844001757714607,0.9631547803183689
ATP6V1F,7.627498754752133,0.0927714820639701,0.4719487330581236,0.19657110098131078,0.844163187418723,0.9631547803183689
SAMSN1,14.42360522600536,0.08355339491400697,0.41818820801616063,0.19979854360402743,0.8416381403984388,0.9631547803183689
RGS2,12.427745117783855,0.13459942767710525,0.6848300385646386,0.1965442812047458,0.8441841770954256,0.9631547803183689
ILF2,5.482453699072571,-0.10613839543761888,0.5362593564506667,-0.19792362438226868,0.8431048202150365,0.9631547803183689
NDFIP1,4.35286347106579,-0.10482587435971642,0.5634102549465013,-0.18605602833705998,0.8524008240548974,0.9633493915494007
CCL4L2,32.26161704101556,-0.1178681304952622,0.6507504861777812,-0.18112645783419562,0.8562683177059645,0.9633493915494007
ADAR,4.872365472012615,-0.11522946804622528,0.6087921427521013,-0.18927555064248988,0.8498768567204809,0.9633493915494007
NSA2,6.460898922496517,0.09006427472697852,0.46667364884316664,0.1929919869061347,0.846965243643551,0.9633493915494007
SEC61B,13.821200954809813,-0.0735386907811166,0.3957249973864727,-0.1858328163921808,0.8525758689924204,0.9633493915494007
BNIP2,3.5856590621419735,0.10762882684437995,0.5708029551232457,0.18855688443508695,0.8504401277768363,0.9633493915494007
FYB,11.558091219910352,0.08907053765458212,0.4849462108643952,0.18367096321016263,0.854271589345091,0.9633493915494007
GGNBP2,4.5389810965252355,-0.10191000667530017,0.5357985034101899,-0.19020211147786878,0.8491507566046328,0.9633493915494007
SDF4,4.764471552356996,0.1113125664255511,0.6180876699157327,0.18009187344042463,0.8570804423590236,0.9633493915494007
CDC42SE1,8.78879153017802,0.08288269066633717,0.44618736884732807,0.18575759076384152,0.8526348632844268,0.9633493915494007
PYHIN1,3.683983755173662,0.1258909455737785,0.6643007808812113,0.18950895316844438,0.8496939386272185,0.9633493915494007
PSMB7,3.65617056234947,-0.118725772519505,0.6137586727305903,-0.19344048042742648,0.8466140152804896,0.9633493915494007
YTHDC1,3.9036579639568805,-0.1133399652939875,0.6252507848455428,-0.18127120835519805,0.8561547040336727,0.9633493915494007
RPL7A,148.42341211468923,-0.05487226486198468,0.29652667348204886,-0.18505001326737824,0.8531898080023648,0.9633493915494007
ILK,3.8125639024784173,0.10318030842139558,0.5465995356011896,0.18876764742932034,0.8502749295426052,0.9633493915494007
PNRC1,29.98278194835069,0.06594800997335178,0.3639292249783801,0.18121108569192138,0.8562018935300653,0.9633493915494007
SUMO1,8.824177725386104,0.08508489928869477,0.44152417425039314,0.1927072270349623,0.8471882631914762,0.9633493915494007
MZT2B,4.63918378502128,0.11113724065932618,0.6138990571296199,0.1810350404820062,0.8563400720816182,0.9633493915494007
ERGIC2,3.926073827524948,-0.10348180214054252,0.5758542571476242,-0.17970137557568538,0.8573870134719996,0.9633493915494007
SEPT2,5.625591375700212,-0.1002814717098908,0.5460432532667909,-0.18365115054520112,0.854287133183762,0.9633493915494007
CITED2,8.506768865663567,-0.09197769852363662,0.5094635471075744,-0.18053833104611766,0.8567299649260983,0.9633493915494007
MYL6,53.409962737579995,0.0621854140881127,0.3489284216825714,0.17821825401395439,0.8585515745756002,0.9637682053794507
GRB2,4.316119832200195,0.09311293862419447,0.5240372125314048,0.17768382931129026,0.8589712854984671,0.9637682053794507
MT2A,16.894157435173426,0.08767202986075004,0.5058919851892962,0.173301875553424,0.862414149520969,0.9642311397665928
CD52,45.865258268555735,0.10428275249906521,0.5977312457402205,0.17446428180264054,0.8615005992379975,0.9642311397665928
SSB,5.32440997444694,0.09084800354078118,0.5208038819144808,0.17443803069751115,0.8615212282850291,0.9642311397665928
OASL,5.0997510002181485,-0.10120164461182732,0.5801404526505026,-0.17444335100140795,0.8615170473943907,0.9642311397665928
IFNG,14.251069185574504,-0.1711388583510695,0.9840524969017181,-0.17391232570406448,0.8619343657350176,0.9642311397665928
GNLY,358.7353013523334,0.08453194407829613,0.49321657769776767,0.1713890974080264,0.863917826950874,0.9642360885753429
NDUFS5,16.57876063730238,-0.07639732876343457,0.445199057799856,-0.1716026290374132,0.8637499404436852,0.9642360885753429
RPSA,85.78834565212591,-0.06890127596642949,0.4029703395098993,-0.17098349235883867,0.8642367456369825,0.9642360885753429
TRABD,6.42503365691215,0.08983178710577806,0.5291435219065255,0.1697682828698545,0.8651923714007341,0.9646258324446868
BCLAF1,6.805365858629367,-0.08151821073868738,0.48594097866679886,-0.16775331638491633,0.8667773500579073,0.9653280996627474
XRN2,4.091329463684202,-0.09077261147459326,0.5421691275236743,-0.16742489910702188,0.8670357350207831,0.9653280996627474
PRDM1,3.812843686486105,0.1140214125761269,0.7093837357836842,0.16073305155518255,0.872303656501698,0.9653631487166828
HNRNPF,8.126092014203204,0.06780278225223528,0.42668040626413767,0.1589076537305577,0.8737416305166709,0.9653631487166828
AAK1,4.383266790061262,-0.08602657269340289,0.5197361295085532,-0.16551970857740259,0.868534938578325,0.9653631487166828
HAVCR2,4.628685472128411,-0.09986949828243431,0.6269999559261242,-0.1592815076596295,0.8734470895038277,0.9653631487166828
PSMA3,4.052726516950447,0.09575090298817208,0.5995891089343601,0.1596941998468728,0.8731219701171713,0.9653631487166828
NR4A2,42.94635415019562,0.0879214316779009,0.5387644778084785,0.16319084739130751,0.870368172331304,0.9653631487166828
ALKBH7,3.509764884082934,0.1010255475408745,0.6341086027182593,0.15931899852454953,0.8734175532733033,0.9653631487166828
YWHAE,4.638522126055433,-0.08596780851566516,0.5353127923426196,-0.16059360012574225,0.8724134958314069,0.9653631487166828
HNRNPU,7.048238555693489,0.09242289307459252,0.5589154167939255,0.1653611446339281,0.8686597346925935,0.9653631487166828
PRDX6,10.116840099580308,-0.07360888472750854,0.46291019990592236,-0.1590133134730411,0.873658384657849,0.9653631487166828
LINC-PINT,14.61376376722325,0.09253585930966103,0.5741914138618404,0.1611585563206047,0.8719685216438241,0.9653631487166828
NDUFA2,6.590735537874581,-0.07218150222014529,0.4589877170622434,-0.15726238314642468,0.8750380652192982,0.9654546198085321
BCAP31,5.497193819859712,-0.07638889858599526,0.4843370553242491,-0.15771846846377507,0.8746786469113877,0.9654546198085321
FNBP1,5.100036967275307,0.07943697270188343,0.5289891506346782,0.15016748945904732,0.8806324746605733,0.966737930087966
LAMTOR4,7.583348093640881,0.06487037565096995,0.427695798723938,0.15167410071484339,0.8794439854386844,0.966737930087966
EIF4H,5.077556142257833,0.07924206204074621,0.5332909455279694,0.14859067588761493,0.8818766308923354,0.966737930087966
CMTM6,7.079483822887098,0.07410078061105685,0.49529345585305196,0.1496098519683283,0.8810724349277387,0.966737930087966
CLEC2D,3.4464144776951176,0.10808684459892987,0.7335194356749246,0.14735375689054125,0.8828528036567529,0.966737930087966
BAG3,4.759849810388792,-0.1869893744697719,1.2482332849551714,-0.14980322726812031,0.8809198631008681,0.966737930087966
SFT2D1,4.459356043374582,0.08499668208708341,0.5861693046996754,0.14500363871941668,0.8847079988737139,0.966737930087966
STIP1,4.58217035126685,-0.08756384785141628,0.5681882224501578,-0.15411063515857634,0.8775225028158273,0.966737930087966
KTN1,6.1875513168424385,-0.06659108430125699,0.452460195412323,-0.14717556367709453,0.882993447904488,0.966737930087966
GPX4,14.422585058967943,0.07128858547492345,0.48996384371123375,0.14549764516285055,0.8843179748551063,0.966737930087966
PDCD6,5.61911172148705,-0.08163784616913503,0.555260969640617,-0.1470260843688936,0.883111431700936,0.966737930087966
ISG15,27.504502949883,0.08647864033338186,0.5916578778103336,0.1461632534217758,0.8837925134901949,0.966737930087966
HLA-DQA1,6.713217048608268,-0.09055916771721635,0.600203357594474,-0.15088080826499217,0.8800697399442083,0.966737930087966
C14orf2,7.584497669453824,0.0790857902613178,0.5423700803611127,0.1458151788326194,0.8840672930045961,0.966737930087966
RPL10A,85.42748158325905,-0.059701040064362325,0.41605062316707847,-0.1434946536310978,0.885899533340396,0.9673755370930472
SUN2,3.6025154229360465,0.07347432359430629,0.5303681972206757,0.1385345576513425,0.8898179598571707,0.9703583130710021
PSMA5,5.913505670028182,-0.06464156759652692,0.4667501217524415,-0.13849287784612943,0.889850898033056,0.9703583130710021
SSR2,15.679841958957551,-0.05460650743084431,0.39905531817468387,-0.1368394429138786,0.8911577059394041,0.9711177466778027
IL10RA,4.500795389159773,0.0756892961132839,0.5634919895191769,0.13432186707368982,0.8931480625051853,0.9717854699354684
M6PR,3.813154013813595,-0.07893450503592044,0.5907474286871053,-0.13361802557710126,0.8937046296604375,0.9717854699354684
TECR,4.236238897632574,0.07071144130275682,0.5250932564110066,0.13466453899268668,0.8928771115257672,0.9717854699354684
CCT8,4.77621897733224,-0.07743957920760289,0.5823647372209009,-0.1329743616983951,0.8942136568105128,0.9717854699354684
C11orf58,10.564273811479447,0.05945839331390728,0.4578660805808824,0.12985979052755778,0.8966773573478135,0.9731334758119858
FGFR1OP2,7.3766509379032295,0.05734736175365888,0.4413520542683795,0.1299356402650543,0.8966173464495261,0.9731334758119858
LBH,6.753473035112753,0.06780434009932977,0.5259897609819671,0.12890809884349508,0.8974303681917964,0.9732867864983967
IER2,42.492323791847134,-0.058630545098900796,0.4579117436281229,-0.12803896365347545,0.8981181382573935,0.9733691811767801
SH3BGRL,6.6307339518576685,-0.057263055378051264,0.45358515440694724,-0.1262454355520552,0.8995376466827875,0.9742439726836725
B4GALT1,5.708936834963894,-0.07199210280582218,0.5747333398391965,-0.12526174804121282,0.9003163342536671,0.9744240053044791
LAPTM4A,4.805419506206229,0.056579852826680474,0.5236626828399337,0.10804637160669144,0.9139589082649303,0.9744940654988804
EIF3I,6.318660182757725,0.05166894176950582,0.45937779728219025,0.11247592303153087,0.9104460592272504,0.9744940654988804
USMG5,9.416302450234696,0.051585879638745544,0.46252049996187267,0.11153209348125752,0.9111944174348143,0.9744940654988804
CLIC1,33.95475470263985,0.03857004429953661,0.36355533772060167,0.10609126121310955,0.9155099445574247,0.9744940654988804
ARHGDIB,39.83266774756055,-0.04718578933913876,0.39544701275407196,-0.11932265971745637,0.905019731889635,0.9744940654988804
NFKBIZ,13.824152472578428,0.05286206630960483,0.4805268759843317,0.11000855301031795,0.9124025917661394,0.9744940654988804
RELB,4.885089899444031,-0.06334693722518478,0.597346270392049,-0.10604726331280022,0.9155448528781021,0.9744940654988804
RNF10,4.062570166135163,0.0684149749770682,0.5814529730660456,0.11766209503807477,0.9063354018680221,0.9744940654988804
ZC3H15,5.346239031978976,-0.06046341171620838,0.5006759446523024,-0.12076356446123566,0.9038783101809392,0.9744940654988804
NT5C3A,4.354494136622019,-0.07177742713551269,0.5793673683096533,-0.12388931628118545,0.9014029121492368,0.9744940654988804
CLEC2B,26.370514438287334,0.05121346629476756,0.4873399853980889,0.1050877576830337,0.9163061734672062,0.9744940654988804
DAD1,8.503940130929623,-0.05128948186918966,0.44089242211105195,-0.11633105786579129,0.9073901720879667,0.9744940654988804
WBSCR22,3.6370488439254247,0.07165243616741347,0.6137553190695626,0.11674430174558281,0.9070626825689441,0.9744940654988804
COX7A2,16.311495721677087,-0.04147717929290703,0.38813492096162794,-0.10686278676019356,0.9148978359503579,0.9744940654988804
UBL5,16.668970499920885,-0.041715929302153607,0.3503506331072568,-0.1190690849683227,0.9052206230889703,0.9744940654988804
TNFSF10,5.2511979318005935,-0.06988674199650649,0.602713984547762,-0.11595341038742452,0.9076894657670951,0.9744940654988804
ENSA,8.686048483564441,-0.048255894548901015,0.4180024070846505,-0.11544405900784352,0.9080931583478722,0.9744940654988804
H2AFY,5.29565354456345,0.05891785354710597,0.5210566503720043,0.11307379630418696,0.9099720492545047,0.9744940654988804
CALCOCO2,3.4555938866959677,-0.0582212344830613,0.530815095628214,-0.10968270300255324,0.9126610186454494,0.9744940654988804
SOCS3,3.970096410517012,-0.06748376819929777,0.6065369675276939,-0.11126076696424367,0.9114095656185593,0.9744940654988804
RNF181,5.220883701909135,0.06367979776239334,0.5203653879383607,0.12237516029781835,0.9026019098474092,0.9744940654988804
ACP1,5.029359842421495,-0.060217156465906196,0.49774928675410296,-0.12097889051452233,0.9037077553004027,0.9744940654988804
MSN,10.907707921620355,0.050925278442888106,0.4544048861980289,0.1120702703462897,0.91076768972203,0.9744940654988804
PNN,6.366834027641423,0.06049531079146996,0.5663125624259474,0.10682318353017377,0.9149292549130066,0.9744940654988804
NDUFA1,9.535756579727796,-0.049444804769509874,0.45891223799047476,-0.10774348704672408,0.9141991726036096,0.9744940654988804
AREG,144.769474613326,0.05187210851932106,0.49001576482078685,0.10585804017609966,0.9156949860330259,0.9744940654988804
ZNF644,3.54718848064205,-0.06271041993894894,0.6037539810178603,-0.10386750549160159,0.9172744944526977,0.9748722248992933
DDX6,4.510537845556089,-0.04853477971626939,0.514471115651266,-0.0943391732591819,0.9248397328974128,0.9750961000926335
PTMA,175.93973577553152,0.03134893807277595,0.3208240321295159,0.09771380860932656,0.9221595503475348,0.9750961000926335
CYTIP,19.70861348659492,-0.04252210970570859,0.4330599385285618,-0.09818989456791813,0.9217815066546465,0.9750961000926335
ZFAND6,3.528957389003801,0.05520070154583886,0.5504739469820253,0.10027849973368737,0.9201232261701012,0.9750961000926335
DNAJA2,3.712487444865533,0.054684782086780535,0.5587471243330681,0.09787035978404972,0.9220352364309324,0.9750961000926335
SEC61G,10.006855252962813,-0.05121863652475192,0.5029588203673694,-0.10183465216365224,0.9188879201667585,0.9750961000926335
B2M,760.9867870810485,0.031163893731609153,0.32438551103323404,0.09607054776381901,0.9234645425648017,0.9750961000926335
PREX1,3.7282394146584723,-0.05188625478666463,0.5436340588531443,-0.09544334822605553,0.9239626863031608,0.9750961000926335
COX6C,14.089424177628139,0.043795820030478626,0.45090055308254884,0.09712966580118762,0.9226234223341527,0.9750961000926335
ANXA7,3.5962598658412497,-0.055106551114450994,0.5795399910035087,-0.09508671009748723,0.9242459540497631,0.9750961000926335
TCEA1,5.769382925154381,-0.05320616612984682,0.5559676463916297,-0.09570011218308884,0.923758751800978,0.9750961000926335
FLNA,6.196166625840389,-0.049908291884400324,0.49128411232709257,-0.10158743308021292,0.919084154789419,0.9750961000926335
PIN1,3.8233286375959703,0.05866817005546898,0.6319447853194491,0.09283749374688191,0.9260326639196995,0.9757072637723457
SMAP1,3.5830201131714743,0.05515923112944319,0.608309253502431,0.09067629797155922,0.9277498045077437,0.976232474615894
IL2RG,20.132799751597705,-0.03765084486933758,0.4152716945156587,-0.09066556995475132,0.927758329113282,0.976232474615894
LUC7L3,5.922822815340969,0.043866343944526806,0.5167945732497439,0.08488158780128705,0.9323555297588386,0.9778362873080503
GHITM,6.45710469895251,0.048735236976102825,0.5613678678713729,0.08681515235437309,0.9308184432617246,0.9778362873080503
CHD9,5.021492379864954,0.046506110871778375,0.5381145051712841,0.08642419118023084,0.9311292170918994,0.9778362873080503
SHFM1,8.681431442763323,0.04266337896636799,0.499115225593686,0.08547801545348749,0.9318813726213973,0.9778362873080503
CARD16,5.3978602380943626,0.05275938125041531,0.6113067956842984,0.08630589684735358,0.9312232509633107,0.9778362873080503
RPS26,99.39138459305507,0.03953552650554954,0.47301515467409994,0.0835819447112406,0.9333888227310481,0.9782751099901829
CD69,81.19447111293577,0.03997595045503496,0.502782151984744,0.07950948596172117,0.9366273867951638,0.9810231549645199
MT1X,4.451344307503779,-0.05400542954521891,0.691050757778068,-0.07814972914415476,0.9377089499825839,0.9815098285672966
MMADHC,3.655478838945312,-0.042156920783024146,0.5451992072086829,-0.07732388496832127,0.9383658903307773,0.9815516972493534
TMEM258,9.669659833471266,-0.03913557963529497,0.5122629531614183,-0.07639744274648537,0.9391029040544484,0.9816772144222256
TXK,6.411717794233985,0.04029017242771936,0.5334045612742964,0.07553398555772879,0.9397898581966679,0.9817502720885743
RNF138,3.6172342472380192,-0.04227925793443029,0.6126161248354456,-0.06901427536826082,0.9449782564924337,0.9833427730830749
WDR83OS,11.03561352719878,-0.026757131495962563,0.3851311627550987,-0.06947537380395565,0.9446112341362141,0.9833427730830749
LSM3,6.351226301711194,-0.036111021021333616,0.5156784126728626,-0.07002624142081706,0.9441727732680121,0.9833427730830749
SLBP,5.035051270858892,-0.03808119267978337,0.5328784289881107,-0.07146319049186549,0.9430291193595266,0.9833427730830749
PCID2,3.9759951601116685,0.04386268852781425,0.6230512821527062,0.07039980461361728,0.943875446760031,0.9833427730830749
C14orf166,5.3934767126419505,0.035376223533982884,0.5130077867884419,0.06895845335106307,0.9450226901596616,0.9833427730830749
RAB11A,3.8062222337318903,-0.03649599238600013,0.5781583621987443,-0.063124560279999,0.9496673170212009,0.9868848474074008
AC092580.4,6.142837061946,-0.03989772309254429,0.6291442721555635,-0.06341585683653668,0.9494353607362289,0.9868848474074008
FIS1,5.585085324180863,0.025759685237214617,0.5039668656442892,0.05111384694762129,0.9592348021478717,0.9883784264173728
PRMT9,6.060058281784673,-0.035185154232945,0.6445577087936859,-0.054588058994431,0.9564666521163994,0.9883784264173728
HSBP1,3.4369191770156293,-0.03048178315066486,0.5948891294254937,-0.051239435455985284,0.9591347281512738,0.9883784264173728
IDS,9.395302382110295,-0.0256874122425556,0.5610798020399352,-0.04578210113635008,0.9634839250745143,0.9883784264173728
COPZ1,4.283179467161526,-0.0285707626203325,0.5709678140147485,-0.05003918245310147,0.9600911643338937,0.9883784264173728
ARL4C,5.905288774317665,0.023857986410770957,0.5092145926576142,0.046852519065204,0.962630770800183,0.9883784264173728
KLF6,46.493878673124065,0.024414672076725454,0.4389396933436699,0.055621928130363624,0.9556429954230067,0.9883784264173728
UBE2N,6.062709598140899,-0.02164392663264285,0.4646538212015013,-0.046580756780770706,0.9628473692444535,0.9883784264173728
ZFP36,150.5823704270901,-0.029653081779667523,0.5233839863106099,-0.056656455977370054,0.954818861360735,0.9883784264173728
RPL13A,98.8282358817228,-0.036015246589320905,0.7404353752605394,-0.0486406346761162,0.9612056864848254,0.9883784264173728
PSMA6,3.6888132741567388,-0.03425134560028863,0.6220656307815124,-0.05506066226044032,0.9560901355458807,0.9883784264173728
WIPF1,11.221787592373373,-0.024249884662911107,0.4180764318183334,-0.05800347213412977,0.9537458628222192,0.9883784264173728
XBP1,9.279469825120781,0.024683244996524883,0.5067861558516098,0.04870544451840215,0.9611540369291077,0.9883784264173728
PSMD4,3.6613253211400125,-0.02741341784344553,0.5470518967201702,-0.050111183249343765,0.9600337879916091,0.9883784264173728
EEF2,27.574752258657153,0.022225007803610062,0.3964925582866035,0.05605403516185234,0.9552987609560677,0.9883784264173728
RBM25,9.199451274506517,0.027821885795986337,0.46764447499308676,0.05949366940857717,0.9525589076277913,0.9883784264173728
SPSB3,4.323744099428174,0.02891393508891013,0.624828598648741,0.04627498669465454,0.9630910756724143,0.9883784264173728
RPS17,44.52572597310504,-0.05936878322973715,1.1149255901095476,-0.053249099093603036,0.9575334356580638,0.9883784264173728
SNRPN,3.4762815711110306,-0.02914881548913022,0.6374765785663657,-0.04572531206508574,0.9635291887953144,0.9883784264173728
DNAJB14,3.5167504371472895,-0.03115872957762603,0.5782737906572345,-0.053882313328108326,0.9570289281124614,0.9883784264173728
COX7A2L,6.652870876753354,-0.025497884858569773,0.5686274565446353,-0.04484110741593829,0.9642339590499197,0.9884640649796534
DBI,15.275638920307621,0.01769937167402042,0.42643666934321584,0.04150527603848053,0.966893086809837,0.9905517714838703
RPL22,57.496905458889046,-0.011652337111504556,0.3316205355818881,-0.035137561945789715,0.9719700497927224,0.9908788616240417
RBL2,3.8146539466330176,0.023263633032493774,0.6299632112712111,0.036928558074922783,0.9705419692212045,0.9908788616240417
ATP5E,44.01517627783448,0.014485731667834019,0.35989661690334196,0.040249702240808996,0.9678940530509627,0.9908788616240417
GTF2A2,3.7731220380809627,-0.019545324941852602,0.5346405673821693,-0.03655787857168217,0.9708375290924168,0.9908788616240417
DCXR,5.489301302356342,0.02148476089152464,0.6165276698614088,0.034848007545799635,0.9722009393723319,0.9908788616240417
ANP32A,5.144789245423258,-0.021833964986647747,0.5665451379906807,-0.03853879156757833,0.9692581032457391,0.9908788616240417
ID2,26.953915839738553,0.016028311690319232,0.45954173614510485,0.034878903110680974,0.9721763032547813,0.9908788616240417
EMB,7.621114108533154,0.01679017671953739,0.49274621367493365,0.03407469454572801,0.9728175875906683,0.9908788616240417
RPS15,146.06390508586458,0.014271538811955085,0.40437746478881675,0.0352926165641013,0.9718464107931034,0.9908788616240417
MAP3K8,13.504349631093342,-0.014855718174682012,0.4774744179260902,-0.031113118560797067,0.975179327636473,0.9926489509082717
TOMM22,4.859144967560647,-0.012045114186482124,0.5100032509652354,-0.02361772040410618,0.981157537255131,0.9945827260541203
SEPW1,9.582214674298552,-0.011395537660110144,0.48050441395344207,-0.02371578143549437,0.9810793177812231,0.9945827260541203
POMP,11.405514940889958,-0.012664994753264196,0.4726706379300642,-0.02679454515881753,0.9786236039901931,0.9945827260541203
LIMS1,3.4766510620034796,0.014040047589452646,0.5253409140114722,0.026725593257611844,0.9786785999527263,0.9945827260541203
TMEM50A,8.700576771517529,0.010365968386944546,0.4148049142015257,0.02498998452537238,0.9800629523062409,0.9945827260541203
KMT2C,3.6973776714958317,0.012339559377074932,0.5493738386760946,0.022461133946260252,0.9820801147900836,0.9945827260541203
HAPLN3,4.065036033726286,-0.013531828167850254,0.5762369398680105,-0.023483097371282333,0.9812649211116274,0.9945827260541203
CDK2AP2,12.836432736379239,-0.014520858130624262,0.6324272938902582,-0.022960517787431217,0.981681766880948,0.9945827260541203
MPHOSPH8,6.179481529344125,0.008570992128679377,0.5405006666510379,0.015857505193815135,0.9873480716785348,0.9967009846735613
REEP5,7.856135267243129,-0.0068313920967957185,0.4384415992187886,-0.015581076496773648,0.9875686026195136,0.9967009846735613
CAST,8.213621261367763,-0.007920871583988161,0.43090385289262373,-0.01838199294533101,0.9853341175646882,0.9967009846735613
DOK2,9.704057819922623,-0.0070665033536000295,0.5895372348691139,-0.011986525931935239,0.9904363650338783,0.9967009846735613
SELPLG,4.387057109197735,0.008148691582937908,0.5922550679987229,0.013758753657394587,0.989022449229736,0.9967009846735613
CD48,8.737307353158641,0.007074557181704822,0.5507426249089354,0.012845486914826305,0.9897510661722815,0.9967009846735613
SET,8.89178240601723,-0.00591094951773702,0.4287583287751869,-0.013786203371541595,0.9890005496036922,0.9967009846735613
HNRNPDL,11.890268989218145,-0.005270302365773326,0.42280543056004827,-0.012465077278672321,0.9900545648413549,0.9967009846735613
RIN3,4.035567687894349,0.007453063982430265,0.6084217439144309,0.012249831727707734,0.9902262928304133,0.9967009846735613
SPOCK2,5.061614299821921,0.009224764974556971,0.5930716468189187,0.015554216803376458,0.9875900309574289,0.9967009846735613
ATP5H,6.325261504860407,-0.005707540514274465,0.5143576195617838,-0.011096443986067722,0.9911465003542218,0.9967851340477667
COPE,6.111870293309479,0.00586879931172708,0.6287310096988696,0.009334356380064565,0.9925523693117416,0.9975684267687814
EIF3A,4.050718490821229,-0.004698989418343499,0.5582412900672629,-0.008417488104072907,0.9932838955117086,0.9976734076762173
SRSF11,9.697915246443966,-0.002647498802783786,0.42313638433843276,-0.006256845075904096,0.9950077924872037,0.9981635015925341
RNF125,8.905031486592607,0.0019895726454231964,0.42688797045965565,0.004660643501574676,0.9962813579691667,0.9981635015925341
PCM1,4.615285941902812,0.002440269850694735,0.49313381403416706,0.004948494265140089,0.9960516889407371,0.9981635015925341
SEPT7,17.004856244544605,-0.0020775272329093823,0.39790961473564496,-0.005221103376176541,0.99583418115245,0.9981635015925341
LCP1,13.821029491878146,-0.0010927922693182623,0.4280999579121763,-0.0025526568015744725,0.9979632767608962,0.9992193664736224
RPL18,125.47133857781903,0.0006792733142301455,0.4173042447846421,0.001627765168266375,0.9987012318771679,0.9993293458594806
ANXA5,3.9157134008249055,-0.00023513526501569163,0.5382019461569123,-0.000436890402746961,0.9996514119039747,0.9996514119039747
GNB1,2.258130088430074,-0.9600443659472991,0.6766693251592237,-1.4187792031527302,0.15596339766071968,
FAAP20,2.394887807569232,1.079443612023486,0.681730084345558,1.5833885533447187,0.1133329303533037,
SKI,2.4377562931260846,-1.8018252533019783,0.7572257402643797,-2.379508721762264,0.017335732768911594,
TNFRSF14,2.265996217205549,1.2129440036405112,0.74936972476142,1.618618905409718,0.10552928484765152,
KCNAB2,1.8892371053951114,0.6397263988723504,0.7167945251530707,0.8924822615459255,0.3721344963845492,
CAMTA1,2.0983177291905557,-0.515828686632466,0.7065696448202075,-0.7300464864489371,0.46536177001795354,
TNFRSF9,2.13750768205103,-0.23879214933260065,0.7509673267412466,-0.31797941245835176,0.7505005535341298,
RERE,1.595905628712509,-0.633382598535382,0.854225096287917,-0.7414703703833821,0.4584082906238567,
SLC25A33,1.718707266105955,0.6199769436062527,0.7839897801213591,0.7907972263494076,0.42906232874661143,
PIK3CD,2.12662888695159,0.34311111890430873,0.7969456408712209,0.4305326502937135,0.6668082212660537,
PGD,1.9616109554082541,0.07424871852787628,0.808975778641144,0.09178113917402277,0.9268719295618746,
DHRS3,2.5196626908925692,0.00032333748817815733,0.6449413416468277,0.0005013440251054927,0.9995999853594746,
PRDM2,2.7199423783378895,-0.4590211180327584,0.6665470524004377,-0.688655236535342,0.4910402519680698,
SPEN,1.7488869243101173,0.19735807103569983,0.7103483702907099,0.2778327920354503,0.7811407173926529,
SZRD1,2.77484850176801,0.5678412835018113,0.6633032415091108,0.8560809716682377,0.3919529930101149,
SDHB,2.273344071976958,0.007769936370790571,0.6580006924417627,0.011808401510881783,0.9905784777007964,
UBR4,1.422306301251085,-0.42937419218427514,0.6996952687801874,-0.61365884741914,0.53944078775353,
AKR7A2,2.303169132790737,1.4887666707672074,0.7024705260126644,2.1193297307684724,0.03406261075866839,
ECE1,1.8101278804197525,0.4779990670772253,0.7464110514466071,0.6403965564963474,0.5219148210003656,
RCAN3,1.8492615093637856,-0.23337149058269172,0.6799373971984592,-0.34322496680466535,0.7314292234405021,
TMEM57,1.823906508913906,0.18061921102801803,0.7001795098385846,0.25796129205445756,0.796436780865921,
FGR,3.2189732867134833,1.169328380413055,0.6610838917395886,1.768804829499116,0.07692645053693457,
RPA2,2.82968491209025,0.6438958684071263,0.6345335536478927,1.0147546409569839,0.3102228005212937,
TRNAU1AP,1.9815949400539818,0.753644024176867,0.6859762144289808,1.098644542368301,0.27192314099999537,
TAF12,2.1965091388760194,-0.5909013476462115,0.621006002722563,-0.9515227631546729,0.34133906876366116,
YTHDF2,2.2431943346599876,0.6304702693203618,0.6658370915896379,0.9468836706215324,0.34369805969809786,
EPB41,2.3946044352246627,-0.6389536938321637,0.6892714746430658,-0.9269986026377215,0.35392725980124395,
PUM1,1.769492327906686,-0.7119125724838156,0.6935110090513059,-1.0265339168266157,0.30463998500669986,
SNRNP40,2.769587779336555,0.3043986813774857,0.6610688055572503,0.46046444608877246,0.6451828857376962,
PTP4A2,2.482571669200982,0.34489174664562067,0.6136643787353478,0.5620201507481675,0.5741022899446604,
KPNA6,1.1252021272949393,0.43789252496234776,0.8329278196913422,0.5257268572499085,0.5990780005471554,
ZBTB8OS,2.331667960331257,-1.175431353158037,0.6323159563645901,-1.8589303991567931,0.06303700453174953,
RBBP4,2.995523632745989,0.32697999675346284,0.5555216024304762,0.5885999668111638,0.5561296561750287,
S100PBP,1.5399699353269949,0.009269966300521664,0.7400191046838843,0.012526658084701119,0.9900054343029262,
AK2,3.0698897922927317,0.6399237147250006,0.6319818876190875,1.0125665422720151,0.31126724771238923,
SMIM12,1.6248017385891127,0.17503710596336045,0.704798180482719,0.24835067798199598,0.8038630915290066,
TRAPPC3,2.268163091913843,0.707996609888775,0.6576672487316574,1.0765270906437567,0.2816915918091759,
MRPS15,2.816464189956647,0.9066225529063626,0.676285760900245,1.3405909237235787,0.1800533057050342,
GNL2,1.3482003657123955,-0.4003607783561368,0.7549102281402695,-0.530342235980072,0.5958746679782596,
SF3A3,1.381318907118622,0.27438819452997953,0.8032615761755219,0.3415925803850757,0.732657521685125,
FHL3,2.1491556182520952,0.891920423262336,0.8455936006486645,1.0547861556404088,0.2915231377368227,
PABPC4,2.969977550472461,-1.0919132262974631,0.6742531371021938,-1.6194410766708323,0.10535239479691447,
PPIE,2.5070783291794774,0.5604059017954204,0.666993917975485,0.8401964196261499,0.40079826555338627,
PPT1,1.8172221237794481,1.016747078764786,0.7237372508864585,1.4048566348069536,0.16006391397639752,
RLF,3.1362195044549668,-0.7919713018458613,0.5989192942340652,-1.3223339262407345,0.18605698030716522,
NFYC,1.7742974848465958,0.9095433581096842,0.831593664749894,1.0937353140890436,0.2740710813938133,
PPCS,3.3868464634988054,2.0051534980629144,0.6657183664667957,3.012014688290752,0.0025952003980620714,
PPIH,1.4517324135026048,0.12288713243352686,0.7264628373046337,0.1691581814280688,0.8656722220845464,
P3H1,1.204031311572637,0.5456339937097067,0.9035544130211949,0.6038750802901648,0.5459266977148598,
SVBP,1.894454174835043,1.061651429859988,0.7784388836610108,1.3638211709916443,0.17262385543289205,
MED8,1.6811112840626967,-0.3718757574319,0.6810125344916378,-0.5460630144047169,0.5850226223044288,
DMAP1,1.0200640808318127,-0.5800785072295896,0.8186227237811323,-0.708602986917182,0.47857088222952937,
PLK3,2.3567665287785267,-1.9721542688409621,0.6799492117395821,-2.9004434960596575,0.0037263501454484903,
AKR1A1,2.3985457215559753,-0.21771382991004748,0.6093151113473363,-0.35730909320241866,0.7208604233203519,
GPBP1L1,1.8347548935414768,0.285064257644358,0.6832608589160861,0.4172114558070534,0.6765237466446347,
EFCAB14,2.2541645874165064,0.9467577915083981,0.7752596581077366,1.221213797992864,0.22200508132180596,
CMPK1,2.1936996205652695,-0.003482981832232861,0.6612722991186081,-0.005267091691085856,0.9957974882905504,
EPS15,1.847517854574649,0.041424685235829206,0.6599992114176705,0.06276474959242673,0.94995383625067,
NRDC,3.071329838348205,0.4142506156046243,0.5725806711095823,0.7234799155931403,0.4693850890062151,
TXNDC12,2.6159536103772187,0.33753169480494677,0.6222067744954642,0.5424751202341775,0.587491242352242,
BTF3L4,2.9462944312560087,-0.5229609260968666,0.6037041321696405,-0.8662536799564508,0.3863510616277457,
PRPF38A,3.1157421168249617,-0.8902484312407575,0.6312790123106593,-1.4102297302458973,0.15847185983290313,
ZCCHC11,2.421006213215629,-0.36831481190137655,0.6365625248083406,-0.5785995837757973,0.5628593856538395,
C1orf123,1.4164545740107428,0.12159466501087275,0.7928530183808662,0.15336343835732463,0.8781116757178131,
TM2D1,2.775555993314355,-0.2530560141150262,0.6241571446834386,-0.4054363813192777,0.6851567730717685,
PGM1,1.837582642435367,0.48386556275849346,0.8075815205149817,0.5991538321108936,0.5490703065280189,
IL12RB2,1.4055286457531326,0.11085007160688544,0.7653486376054224,0.1448360474694338,0.8848403205294998,
ANKRD13C,1.537332258118309,-0.5327794774831976,0.8227567940203465,-0.6475540297635296,0.5172734382333659,
ZRANB2,2.6225454640111874,0.13921598859066903,0.6252791740200317,0.22264613052058732,0.8238109305026606,
ACADM,1.970602069157689,1.0495574208859968,0.7131517772105155,1.4717167571135108,0.1410973805710884,
RABGGTB,2.145177657300706,0.19977241855570396,0.6953150810353426,0.28731207477657117,0.7738733779157767,
ZZZ3,1.1178206632570928,0.024762020547107525,0.8790985725199163,0.028167513088012134,0.9775285477381195,
USP33,1.8101794244527378,-0.3271161330620054,0.7860428149522771,-0.41615561753066277,0.6772961341154282,
FUBP1,2.436363630775703,0.4495445572968692,0.6465892416582705,0.6952552383085558,0.48689536054410865,
IFI44,3.311406529487761,0.5534500825854819,0.616511216292524,0.8977129173962657,0.3693386210251477,
CTBS,2.052884877963164,-0.32691141793675393,0.6437204855775134,-0.5078468454261877,0.6115607542823112,
C1orf52,3.167189515534469,-0.353062726306565,0.6711387551598708,-0.5260651744399153,0.5988429244635971,
PKN2,2.520402970070545,-0.6373775450874961,0.6675332330638286,-0.9548251884959725,0.3396661072085403,
GBP4,2.692644914488888,0.08971353992115422,0.6249901727882824,0.14354392089224896,0.8858606265210109,
GLMN,1.7998825473055506,-0.08692387916351023,0.6897388993693345,-0.12602432491916785,0.8997126695821571,
RPAP2,1.5989513717763222,-1.311660143341235,0.7676476956611707,-1.7086746312857872,0.0875112357994171,
MTF2,2.9290297556501637,-0.7034419316879064,0.60455981601234,-1.1635605163568266,0.24460216017109115,
TMED5,3.2469993126322247,-0.09086173587471506,0.5710938180265048,-0.15910124222443975,0.8735891095337901,
DPYD,2.0317723965758465,0.533961762352152,0.7294064496490954,0.7320496858905369,0.464138241954659,
MFSD14A,2.430963661059267,-0.1409194083899576,0.623080660375809,-0.22616559516541973,0.8210726284209733,
RTCA,2.0258719619838197,0.9540511478436161,0.6987568206049838,1.3653550415688227,0.17214148710362331,
SLC30A7,1.7635741982478064,-1.7082753278055103,0.8210223450403699,-2.080668495960989,0.0374642595951795,
WDR47,1.979519253945212,-1.5524909839465075,0.7303247728338161,-2.1257542420785085,0.03352372786599482,
GNAI3,2.8691660946453745,-0.6654126156875377,0.5886667414429131,-1.1303723632432652,0.25831935437842135,
CSF1,2.71595883719696,1.3769124955859815,0.7002003718875224,1.9664549618479261,0.04924607995201132,
LRIF1,2.6205419091681597,-0.7699538603294792,0.610162725352193,-1.2618828196774114,0.20699095492186959,
DRAM2,2.3622657117527934,-0.6056519512781972,0.6580339552212208,-0.9203961991210415,0.3573657541576657,
WDR77,1.128716335099722,0.05597870619307946,0.8737827453668947,0.06406478783187053,0.9489186394649616,
RAP1A,3.2888242138825916,0.06750247384801403,0.565514594729017,0.1193646892178969,0.9049864351676209,
PHTF1,1.5485910480518297,-0.1845565400652138,0.6925924168675279,-0.2664720773293045,0.7898756612799307,
RSBN1,2.068354339897487,0.8733362896336181,0.688472323736264,1.2685132858995951,0.20461470920301117,
TRIM33,2.3815794578241527,-0.5572366883170755,0.7196406109881031,-0.7743263509711622,0.43873782453753707,
CD58,3.413269263220138,0.880064183429682,0.6417499870118372,1.3713505278395106,0.1702657115919024,
SEC22B,1.7881339424010778,0.048399285382322105,0.6698971914462026,0.07224882564119378,0.9424038894252771,
AC245100.1,2.5498583912788364,-0.027703680304542795,0.6617402043613971,-0.04186488915431371,0.9666064062413146,
SF3B4,2.588230952553445,0.947262354615739,0.6877290830040717,1.3773771940514705,0.16839566008880003,
ANP32E,3.430227469632022,-0.7256729007127318,0.5634345721662847,-1.287945285151168,0.19776501013279302,
CTSS,2.5952911021084057,-0.645986629819839,0.6852850521120625,-0.942653904136527,0.34585795840042444,
SCNM1,1.6113836897794866,-0.19582346471077844,0.7816963316571945,-0.2505109168104104,0.802192263401991,
POGZ,1.3986740323379137,0.1621716088529896,0.7481719417890986,0.21675713802523747,0.8283976166802147,
HAX1,3.360745050978196,0.10114071343400295,0.5611619498112832,0.1802344465229979,0.8569685168006613,
PBXIP1,2.8374456999546185,-0.26062982074453284,0.6674057568372912,-0.39051179597192553,0.6961581344325853,
SCAMP3,1.7873513011004774,1.4114234954132139,0.7851271974618351,1.7977004235442027,0.0722244942797517,
DAP3,2.8232564749649103,-0.620881139954722,0.6440716021364074,-0.9639939688308539,0.3350489496422622,
GON4L,2.7188281000007493,0.08673254454470719,0.6893618563796858,0.1258157000449656,0.8998778136943275,
KIAA0907,1.4641836430051038,0.12081888091554913,0.7271305991219493,0.1661584329712498,0.8680322703408072,
APOA1BP,2.756283203441014,1.2935300508135263,0.6933460934357121,1.8656340074027749,0.062092588320292096,
GPATCH4,1.4532268940440192,0.5376683766151612,0.7772402109793788,0.6917660319422488,0.4890842716137449,
ISG20L2,3.317162322629291,0.21092182317503455,0.5932382045625916,0.3555432228619736,0.722182670119828,
MRPL24,1.7634247887843253,0.8906378137585054,0.7501343796847655,1.1873043522319089,0.2351075920100204,
PRCC,2.6133935949471763,0.3705858441418877,0.7503365705295704,0.49389281916558686,0.621381876185445,
ETV3,2.5007813455048824,-1.4264976909404756,0.749194901227551,-1.9040408425139688,0.05690486518272911,
DCAF8,1.5877778844881272,-0.6387512801034122,0.7492880140529709,-0.8524776429404564,0.39394904255281826,
COPA,2.8314692503045316,-1.2717164588495848,0.6106794681995502,-2.0824614631288525,0.0373003393706129,
B4GALT3,1.6524666658362703,1.2384157585786217,0.7961690603334461,1.555468329879532,0.11983457151989087,
SDHC,3.393627008224688,-0.008721706123122931,0.6528500505203547,-0.01335943240897552,0.9893410321996068,
UHMK1,2.3263254949111185,0.5470903420053684,0.622573418954,0.8787563447931132,0.379533400958598,
HSD17B7,1.2018150904279385,0.20102168848100244,0.7833817504443438,0.25660757142603907,0.7974817295303729,
ALDH9A1,1.386595019071741,0.529806019184585,0.793696976890282,0.6675167407848446,0.5044421200612563,
RCSD1,3.334185681987933,1.1625995312556139,0.6142472656270068,1.8927223551721701,0.05839480188229587,
TIPRL,1.9330990374994685,-0.1324128745466145,0.6831158745968386,-0.19383662343487762,0.8463038094728981,
SFT2D2,1.2508258751345127,-0.14920319430659965,0.8031697342905368,-0.1857679490853763,0.852626739915556,
ATP1B1,2.93316716488877,-0.5091393350433725,0.5913067568185408,-0.8610409557684394,0.38921548656694016,
BLZF1,1.2920905868351282,-0.588062600117568,0.8116186164632784,-0.7245553369390645,0.46872486731373153,
VAMP4,1.4252211610197567,0.0194975255767753,0.771434873270069,0.025274363724479276,0.9798361221818591,
PIGC,1.7210519006456242,-0.19177155238836355,0.767222085531908,-0.24995572469138466,0.8026215885240451,
SUCO,2.0617626793255415,0.21727389636303626,0.6753262728223455,0.32173173931912663,0.7476559307499191,
RC3H1,1.8498309818530068,-0.6167192335772246,0.6919821304921451,-0.8912357796560546,0.3728026931918629,
RFWD2,1.239947038144454,0.8309275432301194,0.8148830926055809,1.0196892668041946,0.30787585363835224,
TOR1AIP2,1.586979905816413,-1.184939289037771,0.7533971183711408,-1.5727950905886565,0.11576627280459464,
DHX9,1.8248388424234583,-0.1326402439182087,0.7591843656945094,-0.17471414048005068,0.8613042561817627,
C1orf21,2.3618303681693895,0.8378181448313878,0.6938461509404236,1.2074984399579471,0.22724024549861777,
RNF2,1.3836008066095453,-0.04362008658361105,0.7827459309131635,-0.05572700522725578,0.9555592858653339,
TROVE2,2.402819828688534,-0.08763224624796447,0.6646073647260053,-0.13185566531314652,0.8950984563168796,
CSRP1,1.890244167566569,0.281779262956739,0.6451004632370171,0.4367990398624317,0.6622570953849579,
TIMM17A,2.0239906086625945,0.21088624582236248,0.6342245427842101,0.33251038330460014,0.7395039005711946,
KDM5B,3.1676658018953683,1.062277097082021,0.6479746676052838,1.6393805964789832,0.10113402011180535,
ADIPOR1,2.2093906163239905,0.525112264053778,0.6792454197664006,0.7730817886624386,0.43947397815435596,
MDM4,2.085164559933249,-1.0768599846328586,0.7207608490573972,-1.4940600423027468,0.135159926584177,
RAB29,3.3943711051417518,0.1869018650453515,0.6349616684708703,0.2943514141498541,0.7684893890072207,
MAPKAPK2,1.5188654071015955,-1.0344646853843098,0.7507529849997939,-1.3779028602658085,0.16823328174411734,
FCMR,2.7420505489472573,0.2835296321565707,0.7165594444312974,0.3956819414774388,0.692339679152415,
CD46,2.5720137083973915,0.05153457169601097,0.606780022988446,0.08493122671079148,0.9323160661445445,
TRAF5,2.3935374386178725,-0.05924087853487508,0.6422344831580513,-0.09224182146615777,0.9265059109381254,
LPGAT1,1.79985316040179,0.0009467191011096077,0.7263680547992493,0.0013033600457157469,0.998960069436786,
PPP2R5A,1.9342401959862483,-0.9230522681384268,0.7183491312156812,-1.2849632971314673,0.19880511003382484,
SMYD2,1.0457878379131402,0.23412409479158494,0.8225907758692373,0.2846179432831403,0.7759368628373925,
EPRS,2.336418304267138,-0.44662035008979484,0.6125024586503539,-0.7291731547885056,0.46589575022876617,
IARS2,1.1059326297054177,-0.7827361966038244,0.837904867948596,-0.934158788837403,0.35022199031195933,
BROX,1.5790959825575483,-0.020695193998498455,0.7003498473484131,-0.029549794401829744,0.9764261060712432,
CAPN2,3.15399573649402,1.2374273713844322,0.6514782154093249,1.8994148109878919,0.05750995764387909,
DEGS1,2.401569312731657,-0.07255380627392904,0.5864694480635362,-0.12371284900431642,0.901542637784414,
LBR,2.496530468518494,0.7782346062171792,0.668551095659053,1.164061522403162,0.24439908041760705,
HIST3H2A,2.071120583629308,0.4116432053806491,0.7180829410180092,0.5732530072321065,0.5664733985484725,
RNF187,2.2176571337354205,1.216195812184529,0.7585447251674207,1.6033277562059363,0.10886231161369034,
RAB4A,1.734285038161141,0.8916064672961838,0.769190134397143,1.1591496398936334,0.24639519484966366,
GALNT2,2.704710398355185,0.40400497930579504,0.6411054919665091,0.6301692691269286,0.5285838431098623,
GNPAT,2.0914566163420454,0.3176286476752531,0.731133152749235,0.4344333812259691,0.6639737616522626,
GGPS1,1.6078718974340935,-0.526278266647781,0.7311560462821763,-0.7197892561018001,0.47165476095170256,
ERO1B,2.88098348357634,-1.23582104659108,0.6794670674834219,-1.8188093371004066,0.06894052339585544,
ADSS,2.42680308904757,-0.14675477118358124,0.6185483910672785,-0.23725673415844184,0.8124576250119828,
DESI2,2.4688224764887696,0.2161493973527382,0.7004490969860963,0.3085868741680007,0.7576358067782201,
COX20,3.1182411797400595,0.24113036668669804,0.5610417796841954,0.4297903924774155,0.667348122274759,
SMYD3,1.7639249765405198,1.3649794797121448,0.9549583517092515,1.4293602200232174,0.1529007257594397,
SCCPDH,1.610811313809607,1.6053142786983134,0.8309165041227707,1.9319802540125295,0.05336194311771213,
TMEM18,1.909331744118704,0.18428459410588724,0.778888381055986,0.2365994904893067,0.8129675155117728,
ADI1,1.9994708460964934,0.3715957923819041,0.7518519910004365,0.4942406176080584,0.6211362573693466,
ITGB1BP1,3.414824498220595,1.0953384129530699,0.6007643670586751,1.823241312256609,0.06826685058497117,
IAH1,3.28024447166712,0.6501339163631502,0.5762742271757758,1.1281676078927707,0.2592491410575176,
HPCAL1,3.3770167273063763,1.7289211139236156,0.7122057426419802,2.4275585135133197,0.015200834569458485,
FAM49A,1.69171213735525,0.518080038048345,0.7710649646162042,0.6719019302170189,0.5016461314996474,
PUM2,1.244020029207173,-0.9132038927674646,0.7920781976048078,-1.1529213851977405,0.24894265358122714,
ATAD2B,1.452734085072564,-0.4639525699870475,0.7925309800705719,-0.5854062259442959,0.5582746034389587,
NCOA1,1.4527133168932749,-0.5843636502414667,0.763248568232759,-0.7656269196737755,0.44389832214011893,
PTRHD1,2.4306819804085333,0.5524611378025251,0.6840309324852721,0.8076551973976998,0.41928910177812384,
ASXL2,1.8983267189919577,0.03738574055159925,0.6653826668453025,0.05618682664045292,0.9551929754027446,
RAB10,3.0183134561755987,0.5453466096992887,0.6339573985190357,0.8602259567807754,0.3896644989821938,
HADHB,2.2216673845719637,-0.7474822920581987,0.6261824804905084,-1.1937131991822454,0.23259017555133343,
EPT1,1.052116640021776,0.002989185571802509,0.9301647315916128,0.0032136088052787037,0.9974359155631457,
PREB,1.7536437544113153,0.9957018411895943,0.7902757238088377,1.259942335556859,0.20769016500368764,
MPV17,1.4659043832413432,1.0834015619179735,0.7761883455363323,1.3957972548136657,0.16277555729429283,
NRBP1,2.7398842466391917,1.100086727306902,0.7061044332843859,1.5579660393717403,0.11924129879006432,
SUPT7L,1.8326520089086695,-0.5373098444380218,0.6561626671398898,-0.8188668318788559,0.41286239548131465,
BIRC6,2.3798079454455485,-0.1175606431673781,0.6221290934097934,-0.18896503059043004,0.8501202245207806,
CEBPZOS,2.0818474617432137,-0.3094964981026765,0.7295637795867776,-0.4242213042401505,0.6714044251718945,
PRKD3,1.7745920571801859,-0.27067818129330634,0.6508107247510898,-0.41590922060608393,0.677476432092178,
CRIPT,2.1749045393878834,-1.138723641291788,0.6988130831336747,-1.6295110506309216,0.10320487745080002,
MCFD2,1.255128641382453,-0.3160533641891968,0.8253719954831794,-0.38292232583463964,0.7017773571173191,
FOXN2,1.426568549237262,0.29241916512457655,0.7633983971543775,0.383049225954089,0.7016832654105578,
PSME4,2.0024394990018055,-1.6530173875296417,0.7371045890296525,-2.242581869834409,0.02492379045816374,
ACYP2,1.297716256697458,-0.48318305294946823,0.8932755819444981,-0.5409115201578295,0.5885685700840815,
SPTBN1,1.3825855490844237,-0.27816721907083364,0.7400474933737596,-0.37587752348530123,0.7070079509502909,
PPP4R3B,1.742856068394314,0.7344843394779331,0.7022733655786819,1.0458667172614597,0.2956225727413748,
USP34,3.2232990517713764,-0.5922565329103084,0.5614517540674976,-1.054866297272459,0.29148647815141004,
COMMD1,2.838477175741503,-0.074928825686374,0.5939951567478006,-0.12614383271509974,0.8996180710786781,
B3GNT2,3.2056122081673033,0.6791085544214359,0.7248643640105863,0.9368767291359323,0.3488219707343688,
PELI1,2.3522188919033047,0.4317305819767748,0.7001770771993157,0.6166019940322558,0.5374972789688452,
AFTPH,1.0409031215682647,-0.514015152347593,0.8394706067506035,-0.6123086957591366,0.5403335374564373,
SLC1A4,1.2795346171103363,-0.14120717619011305,0.9090489733196702,-0.15533505931418842,0.8765571777097787,
C1D,3.0444025410149584,0.24112381524370669,0.6383485764183867,0.37773063832395737,0.7056307050416055,
GMCL1,1.7439502729414427,0.2457987741638468,0.7221522491242006,0.34036974123108027,0.7335781028078192,
SNRNP27,2.938991780385446,0.0123681117488626,0.6246028059230749,0.0198015628997764,0.9842016711150255,
TIA1,1.9631461937320485,0.10546206525409514,0.6758230545206203,0.1560498188818111,0.87599375240104,
FAM136A,1.7685785348499565,1.3663044431574043,0.7666089729999459,1.7822703506987267,0.07470515527768508,
MPHOSPH10,1.6979910779217715,-0.38697779989726233,0.7091023263621006,-0.5457291359944763,0.5852521409492238,
ZNF638,2.7122924921545364,-0.5584051248828722,0.601383983219723,-0.9285334170245968,0.3531309418986003,
CCT7,3.1663540872474707,0.23412841286518238,0.5954507629919742,0.39319525209566,0.6941752761846258,
TPRKB,1.589628486080583,-0.22437008508492093,0.7149169395198024,-0.3138407732171328,0.7536419752073726,
POLE4,2.0355664183645343,1.2858977092630803,0.6976266417340771,1.8432462757826298,0.0652930611995425,
SUCLG1,2.4515645745630716,0.5818021511900431,0.6640184917016594,0.8761836582277656,0.3809301989822723,
KCMF1,1.1706844825194447,-0.8811870859212144,0.8340029901376631,-1.0565754515769339,0.2907053889580812,
RNF103,1.7019189406420507,-1.6973677842274988,0.8779431476439948,-1.933345899199136,0.05319360108206376,
KRCC1,3.2809734883316413,1.0480451663651535,0.6740595247433024,1.5548258394008654,0.11998755339358462,
RPIA,2.7809584903715274,0.8403956555589492,0.6669972396106272,1.2599687159868111,0.207680647932725,
STARD7,2.5324070359610458,0.18227898263398928,0.6314499733631768,0.2886673375931113,0.7728359599116759,
CIAO1,2.1274540989068074,0.6037906304545094,0.7280648365635723,0.8293088748858816,0.4069296502337968,
SNRNP200,1.9324024931534114,-0.3501928240994478,0.7533000547555027,-0.46487826715094205,0.6420186347096921,
ACTR1B,1.5875374901830523,0.2659772765652771,0.7638400991800746,0.3482106750493773,0.7276819713404168,
INPP4A,2.1465053552318074,-0.6033681541855089,0.705782267238052,-0.854892765366121,0.39261051609945696,
UNC50,1.7423305938128832,-0.3632081188722038,0.6732148559672682,-0.5395129291232739,0.5895329782086602,
MGAT4A,3.19837940602927,-1.1439510022315056,0.5878794027380115,-1.945893999523755,0.0516674738891009,
BCL2L11,2.4648791307574283,-0.13265692333934817,0.63011566727987,-0.21052789230271232,0.8332556845239263,
MIR4435-2HG,2.566519790660299,0.5299823545638692,0.7079827090450558,0.7485809297217473,0.454109829801323,
ANAPC1,1.3307011540105629,0.3659917967342872,0.7829119421704743,0.4674750467078642,0.6401600409937787,
ZC3H8,1.5184968143861786,0.23755607211293778,0.7732082961692672,0.30723425148161254,0.7586650765171397,
CHCHD5,2.332443311634441,1.0714969728987638,0.697229650045724,1.5367920352046065,0.12434424449788353,
SLC20A1,2.7672853112424938,-1.1987829253133682,0.7102540658236693,-1.687822686270948,0.09144527134576494,
INSIG2,1.3860674391294852,-0.6372238420799622,0.7753745946935279,-0.8218270838907603,0.4111753169283858,
NIFK,2.9510700267092345,-0.44629872003515497,0.6023212728933715,-0.7409645651253015,0.4587149258047347,
MAP3K2,2.3215237031441585,-0.6890767996802097,0.6157502566899449,-1.1190848760412093,0.2631039313088427,
IMP4,2.4864685850019006,1.0120862852857357,0.6979718171975807,1.4500388989190893,0.14704767212856343,
PTPN18,1.8805060818651158,0.007156473135300899,0.7169342123942122,0.009982049972760755,0.992035608705537,
PLEKHB2,1.7889813422342131,0.21598588241680022,0.6949152757083586,0.31080894314294066,0.7559458705446551,
DARS,2.5339298416762372,0.4803939609921932,0.6304330693327258,0.7620062848236379,0.44605625316176567,
NMI,1.770102608644243,2.2691300451308143,0.8830039716140311,2.5697846420589725,0.010176175402830607,
ARL5A,3.249683545866598,-0.02598875405758065,0.6089245131868316,-0.04267976324613282,0.9659568114583291,
ARL6IP6,1.9180333726867218,1.2706857265319174,0.7898704522644577,1.6087267511894179,0.10767610366925391,
MARCH7,1.4863238542685393,-0.6693347343356004,0.7313313322101398,-0.9152277563615647,0.36007207609613134,
RBMS1,2.6797475151342947,-0.22262877786960922,0.5899501240680659,-0.37736881269631406,0.7058995404020431,
GALNT3,1.103550976074433,0.49861242872150713,0.8418473900303313,0.5922836307701119,0.5536606754141256,
METTL5,2.0670288588059114,0.49514690162331376,0.6474429831467704,0.7647729831231606,0.4444067381585104,
TLK1,2.2060868827990996,0.270036733327254,0.6711991900191703,0.40231981406226275,0.6874486743090757,
HAT1,2.256958200164779,0.4763590920633137,0.730871428854272,0.6517686603375142,0.5145504218508118,
SP3,1.5449894622499831,1.2192818871839153,0.7680383157456898,1.587527421727798,0.11239324141418365,
OLA1,2.769882377969035,-0.3173540965793096,0.6579887662309897,-0.4823092929034918,0.6295862467424638,
CIR1,3.248797242628169,-1.1621779707991315,0.5797569391674218,-2.0045951885769817,0.045006341436797465,
ATF2,2.0843206660308673,0.26858013911153616,0.6902784981877069,0.3890895338862219,0.6972099154338007,
AGPS,1.4889138646217552,0.8128904309092282,0.8317229247918507,0.9773572504481157,0.32839231920785406,
TTN,1.5627921451636244,0.10868553713308245,0.7397712485789518,0.1469177632164803,0.8831969310465061,
UBE2E3,2.837558998771305,0.5423611788965198,0.6375904902970774,0.8506418887204753,0.39496831288173717,
DNAJC10,1.492585515471706,0.007984003833595064,0.7758378632728068,0.01029081488742405,0.9917892626042069,
ASNSD1,1.6880047554351982,0.015268686936726136,0.6979501013723854,0.02187647355692503,0.9825464916655006,
INPP1,1.962227734966162,-0.441839103467118,0.7917184742220341,-0.5580760306260153,0.576792467410199,
GLS,3.3262465265854115,-0.9043246648116324,0.6410807298370995,-1.4106252500233847,0.15835514232025316,
NABP1,2.7510808816132597,-0.9485775295404786,0.6308573558346653,-1.5036323516992978,0.1326760563105144,
SLC39A10,2.1125164625898174,-0.6582041411990324,0.6383473658435147,-1.0311065360617238,0.30249086309267403,
NDUFB3,3.231961876206301,0.3062066980409346,0.5763737255215108,0.5312641511614268,0.5952357437735272,
CASP8,3.1214349283881213,-1.1883683952480668,0.6170039696013844,-1.926030388452464,0.054100579529564936,
CYP20A1,2.6956019008773477,-0.8591756982908826,0.6821050149331762,-1.2595944605026155,0.20781569488367124,
ICOS,1.614566884504838,-0.9624766540732417,0.7090560411098401,-1.3574056185555354,0.1746523639713441,
CREB1,2.0572896282966635,-0.8960760846750923,0.673245427677461,-1.3309798296979822,0.18319564788388398,
METTL21A,2.0832927928256386,-1.5780020793116583,0.7476184708437635,-2.1107050465603425,0.03479767196000387,
AAMP,1.5473336602939904,0.2135170911861999,0.7279875730050093,0.29329771427943135,0.7692946006099832,
PNKD,2.3267645971815516,0.8232200297789865,0.7414793613571498,1.110239977916883,0.2668956298565879,
TMBIM1,2.542160175928804,0.6619233902670363,0.6563331511068425,1.0085173804656467,0.3132061481590045,
CTDSP1,1.9692973189411238,0.5089012803108525,0.7633726566890298,0.6666485573613627,0.5049966451266084,
CNPPD1,2.0055198278680066,0.9022657735624167,0.6865657663919468,1.3141723892002666,0.18878819790189916,
ZFAND2B,2.1528740669586406,1.752917409563451,0.7655958210307929,2.2896120399446995,0.022043816422570015,
ANKZF1,1.9749321025767659,-0.11174209684375792,0.7792234352232136,-0.14340186882565806,0.8859728071204127,
STK16,2.231951304572764,-1.2305621183351614,0.7606274361992247,-1.617825047810727,0.10570030674549534,
DNAJB2,1.7415058935665617,0.33548885112261784,0.7281644169897245,0.46073227872016725,0.6449906936180341,
DNPEP,2.2037342285775514,0.6247021435709468,0.748616222981656,0.8344758293947023,0.4040129022044068,
ACSL3,1.6957194859969429,0.5523368930778398,0.7744118645143446,0.7132340275083798,0.4757009533867771,
WDFY1,1.7037304680436596,0.028590875798892548,0.7282816773066779,0.03925799136486169,0.968684698812623,
MRPL44,1.521164861128553,-0.7174339057784098,0.7479090913500654,-0.9592528210659343,0.3374313964996133,
CUL3,1.9898143938118265,-0.5673320490867849,0.6721548714661761,-0.8440495980476337,0.39864169067611976,
DOCK10,2.750791412113036,0.046032204110145684,0.6109507413615468,0.07534519723727591,0.9399400614606039,
TRIP12,1.6337566283229874,-1.2751744436654735,0.7882782297876123,-1.6176705070353739,0.10573362524198582,
SP140,2.892590976046843,0.9864013222951616,0.6136780453044728,1.6073596405192634,0.10797549816958384,
SP140L,1.9276282947536367,-0.4960188381131086,0.6341200240424454,-0.7822160148027547,0.4340876342784028,
CAB39,1.434544975166175,-0.9571875548241057,0.7485402351207425,-1.278738950712125,0.20098899847726948,
COPS7B,1.4687504618839684,0.4530784134806479,0.8331216582445634,0.5438322350607364,0.5865569242986911,
EIF4E2,3.4303436044818048,-1.538961645585897,0.6503348114803447,-2.366414373671291,0.017961328553259933,
INPP5D,3.022149821831812,-0.4897869327030609,0.5854497530310361,-0.8365994351646711,0.4028177631980294,
DGKD,1.510488230625229,-0.41173610637238306,0.729724585039437,-0.5642349385146881,0.5725942529908604,
COPS8,1.6489302036500424,0.5451853781036373,0.6799239939086553,0.801832826886354,0.4226496669651082,
RAMP1,1.2157667909369065,-0.38849875245663895,0.9016999060204909,-0.43085149489614166,0.6665763540976815,
UBE2F,1.824644762005605,-0.4813554672983198,0.7019133530863063,-0.6857761932891067,0.4928542509282384,
ILKAP,1.734969180319005,0.7274957834236353,0.7550017551002668,0.9635683341252915,0.3352623890680767,
NDUFA10,2.551310525152854,-0.38122414767299806,0.6838114394962841,-0.5574989326791888,0.5771865881089606,
STK25,1.765872797758139,0.6747863469333253,0.7898144867443595,0.8543605596737229,0.392905241869961,
CRBN,3.0159794443857524,-0.8923720564491037,0.6572615596681787,-1.3577122278376077,0.17455501523259753,
ITPR1,1.8310768088661329,-0.3844290462715732,0.6999347419597071,-0.5492355547250481,0.5828438073847418,
ARL8B,1.8735793142912245,0.19959392663542241,0.7415462195143221,0.2691591183165185,0.7878072385424125,
SETD5,2.2055403125721056,-0.259255514721731,0.6466223776455953,-0.4009380492919243,0.6884657353974735,
MTMR14,1.4499724278592367,0.6049663008263878,0.7577452966133466,0.7983768471150049,0.42465183496001613,
TADA3,2.9742044310577023,0.9645125897830538,0.615123544177995,1.5679981670543208,0.11688156011501433,
RPUSD3,1.5655583668219821,0.9447710707565724,0.8079280119699465,1.169375311610951,0.24225245224499592,
EMC3,3.2765024532481033,-0.3095217369169936,0.603372491080652,-0.5129861594495865,0.6079610023239113,
SEC13,2.1284284595355816,0.7336725599564264,0.6453407990270005,1.1368761452283915,0.25559006567649256,
VGLL4,2.7455164475744667,0.28871623974484034,0.7439145761825608,0.3881040229462956,0.6979390549633995,
TMEM43,2.126053542645317,-0.011519156259567944,0.6683154279236643,-0.017236107051061038,0.9862482572013704,
SLC6A6,1.521849261623713,1.3530347204861666,0.8627185819480567,1.5683384463922805,0.11680216795699945,
CCDC174,2.7351992083032877,-0.46280185793144774,0.5789017259971153,-0.7994480533536255,0.42403065632549297,
SH3BP5,1.5338025732055591,1.0827461604018251,0.8269660782013251,1.3092993641974153,0.19043296493014783,
DPH3,1.850396170344472,-0.7866241993533304,0.6921048015957985,-1.13656804220921,0.2557189060591202,
SATB1,3.300822369159997,-0.54561769415979,0.6136652012352843,-0.8891129773392441,0.3739423651439585,
RAB5A,2.9549361662151745,-0.9229187432310269,0.5589684798183899,-1.6511105304737133,0.09871600745640452,
NGLY1,1.5957957769160664,-0.5421176085141777,0.7515767864152499,-0.7213070152151492,0.47072064175301187,
SLC4A7,2.612342738375319,-0.2303966268478164,0.6620211457317967,-0.3480200418570263,0.7278251320177709,
EOMES,1.9579755301701538,-0.1445518074954708,0.7535531517580688,-0.19182695627803537,0.847877755014218,
TGFBR2,2.0182541587632135,0.8639477780275993,0.6872408742516739,1.2571251367554919,0.20870832626584512,
STT3B,2.530507115853619,-1.0864972373070987,0.6987225649544966,-1.554976598441265,0.1199516427923222,
CLASP2,1.718745283492502,0.12626579806948002,0.8042116881155013,0.15700567392318932,0.8752403764202088,
PDCD6IP,2.671334009692441,0.32565048590679707,0.6208159301820387,0.5245523996320587,0.5998943842832365,
LRRFIP2,2.2705932480701447,0.489232568308842,0.6778505745531807,0.7217410247550942,0.4704537143551819,
ACAA1,2.3251557145395623,0.32118151073977835,0.6898271559994469,0.46559708174207604,0.6415039322231886,
SLC25A38,2.1530900936203548,0.40233123113694225,0.6650423117656478,0.6049708778209566,0.5451983469423243,
SNRK,2.2326025143749026,-0.8472370010199716,0.6299684624772678,-1.3448879610390716,0.17866141860979612,
SACM1L,2.332205114016069,-0.8427113754457083,0.6910741854333807,-1.2194224487161738,0.22268389382477116,
CXCR6,1.6447238066182401,-0.46538679565627694,0.6893033077158522,-0.6751553205198324,0.4995770896521393,
CCRL2,1.2839267956496687,-0.46559865908512155,0.7978999490655506,-0.5835301275935671,0.5595364817082995,
DHX30,1.539579611419099,0.47526424331295847,0.7896031369194144,0.6019026788155518,0.5472389210049025,
MAP4,2.892645440683031,0.693376630836736,0.5973651690195603,1.1607249079733872,0.24575378913974966,
UQCRC1,2.384718592604097,1.378105201464592,0.6917763554692115,1.9921253315023524,0.04635730822483035,
IP6K2,2.1721651178570305,0.45366719474488615,0.6913946602225042,0.6561624219065956,0.5117196244695046,
PRKAR2A,2.756016340986711,-1.382997383916724,0.6507374267914142,-2.125277150164634,0.033563493749939485,
ARIH2,3.2887497686851956,0.36992149420803666,0.5811096691285045,0.6365777646804799,0.524399912437102,
IMPDH2,2.588252799318558,0.04834644174262006,0.6616657371570921,0.07306777278561379,0.9417521866770262,
RBM5,2.678823937841852,-1.959775504104468,0.6750208740975757,-2.903281334409783,0.0036927474496454694,
TUSC2,1.4449334209403735,1.2223649122157751,0.85389031401997,1.4315245086468888,0.15227994797748726,
CYB561D2,2.3020146267362835,0.5646979057777607,0.7861069488010284,0.7183474292385266,0.47254309265089,
TEX264,2.6720751496701327,0.6328375079409458,0.6363816788236826,0.9944307465147519,0.3200132055311816,
ALAS1,2.1209457731014116,-1.023251452965242,0.657910871831792,-1.555304064388309,0.11987366984013871,
PPM1M,1.9697761979382906,0.48242503493259875,0.7711318320851236,0.625606433115505,0.5315731181832,
WDR82,2.20509307444121,-0.6109105660625331,0.6165935276625173,-0.9907832934582883,0.32179140874207124,
PBRM1,1.693452499521428,-0.8431537555858117,0.736849404150324,-1.1442687621605252,0.25251219394529145,
GNL3,3.378653454730958,-0.3499822943061464,0.6647995881085431,-0.526447820615984,0.5985770972745906,
TKT,3.0495715798325738,-0.12649945963854703,0.5575253528488836,-0.22689454209059892,0.8205057461683979,
DCP1A,2.276367561954145,-1.9167142105239676,0.7080630164329114,-2.7069825227986266,0.006789783175618723,
APPL1,2.321664673332485,0.9064603979019475,0.7899991859380224,1.1474194075600754,0.2512083239469788,
SLMAP,1.8414856696994082,0.9073134957674213,0.7542552979758286,1.2029262481846004,0.2290048619073639,
THOC7,2.1833830890252064,0.5912527283621315,0.7182060642222743,0.8232354999708655,0.41037408475296633,
ATXN7,1.7375609656118813,-1.1986094340888573,0.7051747931980591,-1.699733804512507,0.08918100772755086,
PSMD6,2.01385270484607,0.5799083830719853,0.6891641647159614,0.8414662467410711,0.4000867864819144,
SLC25A26,1.5579862687393593,-0.175179239840384,0.7441262557461013,-0.2354160177626575,0.813885855010226,
SUCLG2,1.486767764939165,0.39960292781266193,0.7145066057647176,0.5592711454150623,0.5759766846983755,
PPP4R2,2.7761819128215253,-0.3720050356003241,0.6118452634737417,-0.608005091823824,0.5431840968161458,
CHMP2B,2.4877441407554963,-0.0793382210033179,0.6890122848383124,-0.11514775969768937,0.908328004868429,
CGGBP1,2.827422326215527,-0.4623177934247601,0.5775277512874538,-0.8005118237074117,0.42341431587326295,
TFG,1.9146021738564836,-0.1531603990438806,0.7418646485715319,-0.2064532921723559,0.8364368461983053,
SENP7,1.6655057789596397,0.283854883630011,0.7073522727289476,0.40129210659761627,0.6882050743823284,
TRMT10C,2.1195731744079698,-0.8120393347040439,0.6225581358562873,-1.304359043653229,0.19211119263605636,
TRAT1,2.0688789620959267,0.022555103628965675,0.6575465555743889,0.034301911306132596,0.9726364007661324,
GTPBP8,1.7009064844445283,0.4334744877995537,0.7355262953201083,0.5893392126938186,0.5556337450968688,
NAA50,2.987140192297408,-0.03875153249479176,0.6280468412551392,-0.06170165973185629,0.9508004182149989,
ZBTB20,2.6792114460475096,-0.6655385917614497,0.6169338003160857,-1.0787844521088994,0.280683827483163,
B4GALT4,1.3788797948795528,-0.8868658137885022,0.7682696807539953,-1.154367842445786,0.24834939325744976,
TIMMDC1,1.2899194564569723,0.882012426423176,0.8135040489495103,1.0842139354587499,0.2782699543064836,
GSK3B,1.8532675374577359,1.6786390763989076,0.8157767685474251,2.057718656769177,0.039617148380640885,
FAM162A,2.3737707342318917,0.7684656371393789,0.7160564116391017,1.0731914757669843,0.2831852145120535,
KPNA1,1.592938077055218,0.4645580786383053,0.8331138812596562,0.557616538492793,0.5771062606270925,
PARP9,2.1124593196663417,0.38178810317303363,0.6432176538317739,0.5935597396909847,0.5528066154880324,
HEG1,1.3985852949923216,-0.7564764730625975,0.7252883942623899,-1.0430009345895097,0.29694785990982075,
ZNF148,1.860232098537682,0.3381468621277745,0.6869891312440481,0.4922157378464408,0.6225668400385185,
ABTB1,1.7506584655426805,0.24772091097521065,0.7285178350509209,0.34003410631380876,0.733830843487665,
SEC61A1,1.9099127463766257,0.7426213485572786,0.7462723233237613,0.9951077178499373,0.31968387738266457,
HMCES,1.6008184963470327,-0.5313081357215471,0.7603875813942622,-0.6987333153802034,0.4847187095536797,
H1FX,2.2976590149541853,-1.9130698366708303,0.7334854242526015,-2.6081906653021605,0.009102223882966675,
MBD4,1.8958925530744593,-0.134915990207368,0.6932455183569114,-0.19461501969336595,0.8456943438700047,
ASTE1,1.2010159845766593,-1.372325646956717,0.8293295795786291,-1.6547409868751781,0.09797704917502127,
MRPL3,2.336049214226856,0.465932565338426,0.6844261315661412,0.6807638455771022,0.49602093035695305,
CDV3,2.4937675613482475,-1.093435201560766,0.626927538942629,-1.7441173558988092,0.08113862824715459,
NCK1,2.815082571160417,-0.10750170113835571,0.5989935646799355,-0.17947054438856597,0.8575682439786378,
COPB2,2.646337670593471,-0.23587918903132973,0.6857837906342594,-0.34395562020089837,0.7308796619446352,
SLC25A36,3.362977085037459,0.08470156238594258,0.5579217527613829,0.15181620355671724,0.8793319016858557,
TFDP2,2.4471026083539353,-0.11723575535191645,0.6400826205724495,-0.1831572231207718,0.8546746575323722,
XRN1,2.806728985898388,-0.41369776721067747,0.6059713052054672,-0.6827019095737622,0.4947952228421937,
COMMD2,2.3383480733877318,-0.35713608061605645,0.6777667977350312,-0.5269306224641541,0.598241767587135,
TSC22D2,3.420817344713484,-1.1777039475865654,0.6378461811531178,-1.8463761050626286,0.06483761426841513,
SIAH2,2.332978964929721,-0.21095443261818286,0.6836288841234304,-0.3085803387150252,0.7576407788588297,
RAP2B,1.7511002692204782,-1.0810256472849549,0.7054138709427389,-1.5324700743979358,0.12540647681640074,
GMPS,1.7796313264373138,0.8053206194850058,0.7318790671055907,1.1003465677326436,0.271181149604693,
RSRC1,1.7602303675272883,-0.05685511398492147,0.7000750825103592,-0.08121288045426209,0.9352726562324425,
SMC4,3.165982734079033,0.3566572793365507,0.5909771864490514,0.6035043103432868,0.5461732489446354,
KPNA4,1.6092522981036481,-1.6310788093452808,0.7535039529125152,-2.164658596734204,0.030413840003145197,
NMD3,1.2122566753446298,-0.691006772099544,0.8000405723800282,-0.8637146614250809,0.3877446575113561,
TNIK,2.199907378907027,1.0991503024678786,0.72424594243777,1.517647856981017,0.1291031955270208,
FNDC3B,1.7275294858673855,0.5956240438431961,0.776504160053958,0.7670584067467291,0.443046790065755,
TBL1XR1,2.267819511596013,-0.8324740395420673,0.6376718299928618,-1.3054897525446376,0.19172613428077512,
ZMAT3,1.17099019838685,-0.6275883420232126,0.9218066427299102,-0.6808242780336486,0.495982686050793,
MRPL47,2.303870467949145,-0.7774391098498182,0.6695258306198736,-1.1611786645035551,0.24556924938698987,
TTC14,3.418577913574552,0.45798853410945506,0.6465915844364939,0.7083119315705186,0.47875156920261785,
FXR1,3.3945072571184625,-0.6735560729558812,0.5873233178095827,-1.1468233126992178,0.25145465213920015,
KLHL6,1.6400339268717359,0.3414092842571901,0.7159040586231491,0.4768925111470942,0.6334386649639854,
PARL,1.8734650182754535,0.7526179740206869,0.7972900737795018,0.9439700791117972,0.3451849384685838,
MAP3K13,2.260486547325159,0.06300592269654408,0.7719889774364332,0.08161505479750464,0.9349528292377977,
DNAJB11,2.063671346286977,0.6471779482735802,0.6852434165078228,0.9444497133175915,0.344939887499894,
LPP,2.4571050345154664,-0.670696909608322,0.6412914512808146,-1.0458535011947807,0.2956286754348403,
RNF168,2.7081510907810866,0.7186119378437024,0.656705558490499,1.0942680910079414,0.273837415664936,
NCBP2,2.5318390808573494,0.6229743895799238,0.638874510116437,0.97511229469209,0.3295045606373529,
FYTTD1,2.105767602265969,-0.3093623673053144,0.6648684378243737,-0.46529862105897274,0.6417176221453763,
ZNF721,1.8417808810091842,-0.4990641966532229,0.6954268517125978,-0.7176372258623592,0.4729809983201898,
RNF4,1.9478602743608737,1.121688491008183,0.755776265997807,1.4841541623793697,0.13776802702604685,
TNIP2,2.0792601268002375,0.2598467264383506,0.7267577841542914,0.35754240560454026,0.7206857861692091,
MFSD10,2.530550946875297,1.088296792369065,0.7064341033665661,1.5405496240664245,0.12342643645841365,
LRPAP1,2.6503128795680726,-0.66100309400931,0.6109333076516145,-1.0819562229307162,0.27927198054122604,
LYAR,2.0812085281828105,-0.06441263966288735,0.703835634199713,-0.09151659355259399,0.9270821218154884,
MRFAP1L1,3.0159776890717462,0.3608067553124345,0.576997358928579,0.6253178627756864,0.5317624585095682,
GRPEL1,1.7353990768808623,-0.34981843005109464,0.6602830804175732,-0.5298006876533381,0.596250128402102,
CLNK,1.5791283003172698,-0.07044254587425429,0.6949221959957814,-0.10136752902720914,0.9192587117542326,
FBXL5,1.313250674554539,1.3894128840894404,0.8901647476172062,1.5608491437215664,0.1185593490114013,
FAM200B,1.2434008130761804,-0.041244900270038916,0.7807201937150863,-0.05282929864254377,0.9578679171486855,
LDB2,1.2515554814684688,0.3988552864143762,0.8160507494967623,0.48876284552197286,0.625009605130769,
LAP3,3.2390229839404348,0.13488002265360563,0.5907468133352826,0.2283212022627594,0.8193965428084757,
DHX15,1.6775019257550396,-0.8116250189307397,0.7180459892000295,-1.1303245629642273,0.25833948810403995,
ANAPC4,0.9462284740930899,-0.1724688510976766,0.8576218157156632,-0.20110128723084755,0.840619375491662,
UBE2K,2.1436376386258584,-0.2413203656911602,0.6681771892185322,-0.36116223299002,0.7179781730787964,
PDS5A,1.664365293154043,-0.13493362575236922,0.6734994017431183,-0.20034706104139158,0.8412091591781508,
TMEM33,1.430645193629297,-0.36259977749468913,0.7380642937913227,-0.49128481156034515,0.623225020762854,
ATP8A1,2.5464568731746673,0.6307686002807131,0.658600136224641,0.9577413753609749,0.33819318746030747,
COMMD8,2.1875566610960724,0.7932539247526619,0.6855429309591189,1.1571177951508425,0.247224237209965,
ATP10D,1.9548575178541925,-1.0762897461209469,0.7466774678464267,-1.4414386297542774,0.14946080348153618,
SLAIN2,1.4272758663504599,0.07822515198910265,0.7334827164760775,0.10664893695781304,0.9150674938660367,
FRYL,3.101907546352017,-1.12053707371519,0.6965648357860499,-1.6086615576146643,0.10769036598967012,
FIP1L1,1.1292616536113074,1.1472809686378302,0.8455776097921064,1.356801499178651,0.17484429103972154,
SRP72,3.2796759599295036,-0.4720182067716151,0.689730440309707,-0.6843517107345104,0.4937531009570003,
REST,2.497203217041632,1.1582672700855061,0.7296713749428804,1.5873820871432387,0.112426133790697,
POLR2B,1.8580534823993098,0.2732447634812461,0.6750638840679715,0.4047687484548253,0.6856475025455834,
GRSF1,2.4210533188354977,0.1818860027970529,0.6324802851321998,0.287575766506359,0.7736714971263969,
DCK,2.853627598483909,0.24924916737837619,0.6145378193938921,0.405588003719944,0.6850453447197729,
SDAD1,1.9437520769460332,0.39798796684427856,0.7036807953163611,0.5655802595342267,0.5716791503469829,
SEPT11,2.8935427978899124,-1.2077203448600282,0.6092531794788474,-1.982296335151024,0.0474460839732872,
MRPL1,2.8401703036425583,-1.0494347328693296,0.7088169563492187,-1.4805440579109057,0.13872811204786092,
HNRNPD,2.9092189074647106,-0.3088249553719139,0.6447196699618245,-0.47900656635805794,0.631933957314031,
ENOPH1,1.4808287128325146,1.2280342441458472,0.8075496870726105,1.5206918704872567,0.1283371797464146,
SEC31A,2.2831886340330945,-1.6346784231610065,0.6570742957594804,-2.4878136821218377,0.012853104969622758,
COPS4,1.5256379113763106,-0.29553063542784697,0.7129990399750945,-0.4144895278374709,0.6785156348142343,
MRPS18C,2.3661685334291467,0.2782060605882739,0.6088619416367971,0.4569279857439858,0.6477228079384831,
GPRIN3,2.363133251546249,-0.04274623664952275,0.6447446551843461,-0.0662994819822131,0.9471393956374783,
RAP1GDS1,2.2145039808065126,-0.06334774365883974,0.6603416512725493,-0.0959317703748686,0.92357476182609,
EIF4E,3.3116783852660325,0.0525107234077157,0.5758650666349479,0.09118581148629262,0.9273449487758643,
METAP1,0.9677466775605073,-0.8408970690186771,0.8419553544463124,-0.9987430622989133,0.31791917440293305,
LAMTOR3,2.2809252436079666,0.29945032673920347,0.6583861740996182,0.45482474954568936,0.6492353233123305,
PPP3CA,3.26400544350498,-0.4878502761451335,0.563646759608684,-0.8655248483710386,0.3867507835923196,
CISD2,2.444423999247568,0.18308708845654045,0.671017126522544,0.2728500975904515,0.78496844775798,
AIMP1,2.644890208341046,0.050392781972624284,0.6252037454684014,0.08060217543141894,0.9357583360925579,
CCDC109B,2.7043035825867943,0.8908249639311228,0.7000033919661465,1.2726009247312402,0.2031596902936229,
LARP7,2.4219325848443694,-0.2592405536889863,0.6408132743953397,-0.4045492876744808,0.685808841542862,
KIAA1109,1.7330958116011723,-0.8569562898253353,0.764583175820233,-1.1208149968850751,0.26236661920155424,
ABHD18,1.2587128967434045,-0.029817853736542402,0.8322204404457956,-0.0358292734561649,0.9714184912046164,
JADE1,1.4090413430642943,-0.5787816497568946,0.7202956049986567,-0.8035335017183313,0.4216664410806773,
C4orf33,1.2417027117401493,-0.3006534393210041,0.8569119783225417,-0.3508568521933277,0.7256957431141764,
ELF2,2.0437421841197367,-0.4487572771351662,0.6758542592078162,-0.6639852764428305,0.5066997346586688,
ABCE1,1.55132060050243,0.18651264594047606,0.7586055174072198,0.24586249593588966,0.8057886767151482,
LSM6,3.118538891942429,-0.046895577585782285,0.6938781177450909,-0.06758474779141292,0.9461161971348865,
ARHGAP10,1.7736047154096322,-0.06963657197136623,0.8675375545413987,-0.08026923054435126,0.9360231296949422,
LRBA,1.7297816723117174,0.5103769616445822,0.7682324641188757,0.6643522442519519,0.5064648903675026,
PLRG1,1.6275301289020472,0.24245669235071432,0.7453959841139625,0.3252723351319337,0.7449749667874632,
PPID,2.79642124774589,-0.18110507809646223,0.5934075147388386,-0.3051951207193044,0.760217548352987,
NAF1,2.845178101466531,-1.2462758094485031,0.669416465327748,-1.8617346211200874,0.06264050600157947,
DDX60,1.6631035153453064,0.10814404700720218,0.6865392112023951,0.15752056873459597,0.8748345987407735,
NEK1,2.881902766075212,-0.02719425560458873,0.776385308314269,-0.03502675194052089,0.9720584089939447,
CDKN2AIP,2.508269833658967,-0.08730299357703111,0.6245052907644237,-0.13979544267778443,0.8888216141538251,
IRF2,3.1089833788710988,0.8884767023273132,0.586520013627167,1.5148275961339843,0.12981606997472672,
CASP3,3.2046959329357474,-0.7275807013918829,0.5557344329547849,-1.3092237195442589,0.19045857978661862,
CFAP97,2.002552402809444,0.11882605737208912,0.6774880876708781,0.17539209845090958,0.860771548876432,
FRG1,3.2114928280146415,-0.5986784987154136,0.5867094332470065,-1.0204003290047121,0.30753863791221214,
SDHA,2.085055409528815,0.572372733871074,0.728446936453828,0.7857438959898123,0.43201754109434976,
MRPL36,1.7433650270088135,0.1470531396901836,0.7411818129703848,0.198403599652356,0.8427293013117825,
ICE1,1.8767540026681928,0.12004929876445013,0.7222230427422437,0.16622191713605416,0.8679823119956331,
DAP,1.0786880333742708,0.17589212112290206,0.8028242768902144,0.21909168193596512,0.8265786302280501,
OTULIN,2.025066833550007,0.6549150347201348,0.7212766804457131,0.9079941892969974,0.3638812916650417,
ZNF622,1.3848482386826058,0.0019672386887923557,0.7749517372462621,0.002538530587443811,0.997974547812535,
GOLPH3,2.217037404395915,0.20519987760053912,0.6665544906606864,0.30785161674801076,0.7581952431201178,
TARS,1.77667319865254,-0.0365150780769912,0.7232685409481571,-0.05048619704808722,0.9597349485381181,
BRIX1,1.2305765122281738,-0.22558006428255825,0.7404836140152288,-0.30463883334212305,0.760641240227661,
RICTOR,2.2604305522517594,-0.45746379960061007,0.661264189442885,-0.6918018651305211,0.48906176519283506,
PRKAA1,1.24003753101746,-0.8155500118351731,0.752326688078862,-1.0840370609711556,0.2783483669333253,
ZNF131,2.032600584597435,0.369073793188503,0.6996840380998101,0.5274863696917073,0.5978558793435828,
NDUFS4,2.192395052331899,-0.42714396254947945,0.7027938459055701,-0.6077798845820741,0.5433334722848031,
DHX29,1.664118465902335,0.9615604386615739,0.7402209146826101,1.2990181979306394,0.19393768402979827,
PLPP1,2.739245346283878,2.1287975141383813,0.9648445805070903,2.206363135728612,0.027358584015916516,
PLK2,2.140374498988977,-0.2576517344650251,0.7218026261156962,-0.3569559393979354,0.7211247909033396,
PDE4D,2.7903902980876967,0.5568989421741486,0.6228743676787527,0.8940790809060376,0.37127958101855285,
SMIM15,1.8362132140360266,0.10725571808235004,0.723306519429807,0.1482852915067063,0.8821176227083496,
KIF2A,3.336223367656188,0.07784502952053532,0.5716396582856335,0.13617849705178817,0.8916801736654023,
SREK1IP1,1.745993211147159,0.5232006754346363,0.7516795117290815,0.6960422191515139,0.48640239022705745,
PPWD1,1.435715329624662,-0.4199744904342561,0.7316153983627586,-0.5740372487704519,0.565942595353689,
ERBB2IP,1.8052544175691958,0.04192448154207026,0.7226806051204201,0.0580124625526437,0.9537387015647776,
SREK1,3.337460374701564,-0.19651469402970145,0.7074288594701335,-0.27778721690388997,0.7811757045707828,
TAF9,2.585068260705593,-0.6109362419836368,0.629619133929102,-0.9703266769723536,0.3318836840564767,
HEXB,1.7993422888469341,1.0550540475601222,0.7556839885844626,1.3961577372261593,0.162667000309898,
COL4A3BP,2.0146302483580554,-0.7677941161246367,0.7454314864948185,-1.0299995774728703,0.3030102039225966,
IQGAP2,3.3277243923341855,-0.5361689473557242,0.6468579114381517,-0.8288821051344428,0.40717112225766916,
AP3B1,2.2408511265011826,-0.05362047012913256,0.6392742803728628,-0.0838770959123491,0.933154150190334,
ATG10,1.4923725914004853,-0.7563684863639613,0.807995199950621,-0.9361051729146227,0.34921903991955916,
RASA1,1.7991664058313006,0.5500613032860542,0.7254148670958664,0.7582713399412055,0.4482885610021897,
FAM172A,2.31419232631904,-0.3797673130820661,0.6510104896327386,-0.5833505283398863,0.5596573540956089,
SLF1,1.4331374225614524,-0.040016653839925254,0.7745914595939689,-0.05166162542109808,0.9587983148630933,
GLRX,3.393541658708566,-0.2845815193482217,0.5935304730437918,-0.47947246564916424,0.631602551754481,
ERAP1,1.4312421963304092,-0.5165123466524152,0.7931927879636035,-0.6511813451789931,0.5149294310102575,
PPIP5K2,2.6565358433226858,-0.8009352431808554,0.5919529570656806,-1.3530386724497552,0.17604327606367542,
PJA2,2.960899823013823,0.48831111184715914,0.6027336012263345,0.810160759004693,0.41784778748316975,
EPB41L4A-AS1,3.0791950593629047,0.738989049980751,0.6374207616625184,1.159342610763607,0.24631655943996367,
APC,1.1375954368963617,-0.7232182583796825,0.8425348571345941,-0.858383783478467,0.39068057909540266,
DCP2,2.1575586018949284,-0.6116860849742628,0.7167787738194552,-0.8533819740710353,0.39344751447316806,
TNFAIP8,2.579118826953296,1.0255089129761432,0.6890839761098403,1.4882205196027902,0.13669274751134183,
PHAX,1.6800614692381057,0.48868534621182047,0.7170491320438623,0.6815228195296487,0.4955407326188591,
MARCH3,2.7075445189744616,-0.4268141451856319,0.7288567655777382,-0.5855939950661113,0.5581483846792901,
ZCCHC10,2.8553690049140794,-0.6898262016126562,0.632128489380496,-1.091275291655824,0.2751517665532378,
TCF7,2.9424696761017417,-1.107609864598345,0.7215680152726085,-1.535004103777923,0.12478282000516094,
PPP2CA,3.060623853955015,-0.3350173159520906,0.6067851889181544,-0.5521184796046152,0.5808671817234331,
JADE2,1.5838558561221303,0.31922880817658195,0.7581133216122506,0.4210832326461303,0.6736943049317058,
SAR1B,2.163912405605907,-0.1707713487596596,0.6800530863801801,-0.25111473233457365,0.8017254060175714,
CAMLG,3.28472150844354,-0.2562923989789141,0.6572543212781895,-0.38994403031157215,0.696577934466285,
TXNDC15,2.0926593480246463,1.0781265867947758,0.7121821289673825,1.5138354964873786,0.1300675672704177,
FAM13B,1.649674904573307,-0.32909580442152886,0.6680847719734188,-0.4925958773905756,0.6222981615889518,
ETF1,2.9037922773682814,-0.30189529126840625,0.6197058508869774,-0.4871590139681709,0.6261456480706945,
CXXC5,2.779256290008538,1.6663333782827072,0.7338040182631109,2.2708152814791904,0.023158162472451716,
PFDN1,1.4765581082191714,0.04628680731062449,0.7215403497000322,0.06414999151449731,0.9488507963148679,
SRA1,3.013554920472622,0.7704714223978951,0.7310823840674896,1.0538777013217833,0.2919389131938872,
SLC35A4,1.0793091355034312,0.3179381699069266,0.9439793065908266,0.3368062919251457,0.7362629296588628,
DIAPH1,3.3950768269585962,-0.4212891077685723,0.5685403498303766,-0.7410012462514991,0.4586926846772511,
YIPF5,2.0468874026035797,-0.30830966156649997,0.693706898226955,-0.4444379353218318,0.656725991674624,
RBM22,2.3259239692700344,-0.989818370679681,0.6791953285171655,-1.4573397800610244,0.14502261114163115,
TNIP1,3.215614762591864,0.7593055392187723,0.6187412234797369,1.2271778740529298,0.21975574362939498,
ATOX1,2.8368471020479333,0.7181551428032599,0.6292580131651507,1.1412729401584558,0.2537563591723281,
G3BP1,3.2928861928524595,-0.5077486196133069,0.5495695158084837,-0.9239024454737937,0.3555371097445954,
CNOT8,1.662447410731802,0.011415397239775136,0.7301778356736403,0.01563372192644499,0.9875266027596904,
MRPL22,1.6045167681892467,0.12785895873170122,0.758177424796719,0.16863989160054788,0.8660799009592084,
ITK,2.179618516901554,-0.26764208150455027,0.6482829314594527,-0.4128476449349339,0.6797182414520164,
CYFIP2,2.429745347458444,0.13407359378117475,0.6378499638568713,0.21019612977709576,0.8335146000835231,
CLINT1,2.2652017399962854,-0.6347211839253943,0.761999216078275,-0.8329682899046364,0.40486261338660845,
PWWP2A,1.0880742953902793,0.138775328265595,0.8874774428658628,0.15637054144999843,0.875740956029559,
SLU7,2.217130454777247,-0.8572977493681642,0.6607779780717057,-1.2974066597527145,0.19449130227338585,
PTTG1,2.0888248971203547,-1.171497386083863,0.7410838550279982,-1.580789242857819,0.11392623495018443,
DOCK2,1.8424881451149497,-0.3457472706791465,0.7748550406095035,-0.44620897143184435,0.6554463030302888,
FBXW11,1.1428542126310637,-0.7865707438229692,0.8182012757719768,-0.9613413803111417,0.33638054809288553,
STK10,2.3277731451704007,-0.3572869552239227,0.6592418216501832,-0.5419664582710768,0.5878416126622905,
ERGIC1,3.0622121057674914,0.4772134312310864,0.5955836783751257,0.8012533730491446,0.42298497813690183,
CREBRF,2.3876760977750275,-2.133731339734809,0.6617672964114625,-3.224292513856916,0.0012628433268963696,
KIAA1191,2.1452953390894254,-0.5760209909659559,0.7881588013363331,-0.7308438223227415,0.4648745530292723,
NOP16,1.7299335479793565,0.5364893488719256,0.8425817856360973,0.6367208003041618,0.5243067223636222,
CLTB,3.332579967686272,1.6848772324008852,0.6776869226364671,2.486217715174514,0.012910895256999884,
NSD1,3.1065456514418957,0.029740614187239254,0.6189101853646509,0.04805319881707329,0.9616738450180639,
RGS14,2.7559259584707023,1.2016499887068381,0.7093174895498313,1.6940932747470614,0.09024756008401479,
RNF130,2.948902980195756,0.24179537845755125,0.6345302074527247,0.3810620449863548,0.7031572101278293,
MGAT1,3.0712059046332163,0.879925673525272,0.5926715056914051,1.4846768658107812,0.13762944280953474,
TUBB2A,2.860281220982521,-1.923247716013765,0.7536048384139314,-2.552063917293198,0.010708687126363413,
ECI2,3.133205994267596,-1.4297517934461148,0.6384765569659914,-2.239317603515819,0.025135258286973813,
LYRM4,1.2503608724094037,-0.40757992863230613,0.8679980386590659,-0.4695631907901076,0.6386671282164311,
SSR1,2.4063275801922153,-0.21531247310734836,0.6543482618189806,-0.32904874310938803,0.7421188458321446,
TMEM14C,2.483966608693606,0.6951484263320922,0.6321222230419666,1.0997057230274614,0.27146036040373345,
NEDD9,2.5657377380374413,2.130896031827606,0.7542076357329754,2.825344017840257,0.004722987733817016,
GFOD1,2.673938094925884,-0.18310095860484996,0.634242862879348,-0.28869218610297753,0.7728169428144128,
JARID2,3.280648445766888,-0.3452260515277039,0.5756849345469524,-0.5996788013905332,0.5487203186829477,
DTNBP1,1.2774839117455483,0.3336554277226832,0.8411363959929905,0.3966722035952225,0.6916092003958941,
NUP153,1.283097693390471,-0.440509929749676,0.7710311130581388,-0.5713257510484663,0.5677788491914093,
ACOT13,1.0291524331952198,-0.6914451322259859,0.8469225957109207,-0.8164206926674044,0.41425956560857746,
FAM65B,2.04423739269101,-0.7790861643904962,0.716353423218969,-1.0875723339041705,0.2767839497853588,
TRIM38,2.637971413143641,-0.7182800357876121,0.7409321906451226,-0.9694274926322375,0.33233194069810945,
HIST1H1E,1.5857725059945207,-0.7931789224857552,0.9118305689546047,-0.869875335935621,0.3843685354244708,
BTN3A1,2.523663197613985,-1.2873770133468547,0.6283530612609214,-2.048811556298404,0.04048054530642392,
ABT1,1.5091182534609031,0.7994306345684453,0.7289772061383556,1.0966469566357306,0.27279575227552233,
ZNRD1,3.2506452239777297,0.5622625966732346,0.5941550354351534,0.9463230354707656,0.3439838476276783,
GNL1,1.8456477486323268,0.2050852857036756,0.7260450594176564,0.28246908789403463,0.7775838461695554,
ABCF1,2.4642255315953494,-0.24305490200764984,0.6819427642404673,-0.35641539840716546,0.721529499290617,
MRPS18B,2.2492554186838167,1.1838262756430153,0.7101993734093123,1.6668928753908316,0.09553570783545337,
DDX39B,1.350491058969997,-0.7491924670777689,0.7182752174923986,-1.0430437370417802,0.29692803664482237,
LST1,2.879316633308813,-0.5033661477224071,0.8081163803898429,-0.6228881878122289,0.5333580008321641,
DDAH2,2.5782205019987177,0.6486406095072492,0.7420515234569117,0.8741180214623109,0.38205398420403036,
ATF6B,2.4906986974182974,-0.5788378715555352,0.6331693385250922,-0.9141912539604066,0.36061635899648836,
RNF5,2.9776481514521476,-0.5494107754252189,0.7172174794120838,-0.7660309337072778,0.44365789639595044,
HLA-DMA,3.228341453436017,-0.6525256275876433,0.6292895433215194,-1.0369243133192378,0.29977113184354875,
RING1,1.4149451459948623,0.20921487922988732,0.8417614690793505,0.248544138589177,0.8037134235301868,
WDR46,1.1741283102051219,-0.28933353355758556,0.7551909052775667,-0.38312634796792533,0.7016260845473064,
DAXX,2.0775964535696243,1.3628260406802895,0.7596586726913979,1.7939978699274604,0.0728135088182312,
TAF11,2.140881992715521,-1.1147268369543335,0.6511516476033883,-1.7119312237896778,0.08690934373780182,
SRPK1,1.8131264096648456,-0.7096514500113358,0.6972096010537954,-1.017845206002234,0.3087515248472522,
CCDC167,2.4073153776442093,0.06100975244826274,0.6742516808585647,0.09048513215506619,0.9279017083058797,
ZFAND3,2.237744004286459,0.5796441094489001,0.7085011464183998,0.8181272710412748,0.4132845183693459,
OARD1,1.6080174479888758,0.0821532294500652,0.6931756471016873,0.11851718939285458,0.9056578759178683,
MRPS10,2.3873500924009656,0.7166959642043726,0.7219938768060733,0.9926621086800108,0.3208746463328378,
UBR2,1.8378568763769902,-0.8279282078551359,0.7280476295401775,-1.137189620929116,0.25545902489191896,
RPL7L1,3.374630704001127,-0.0542481133387673,0.6106502558326827,-0.08883663409719621,0.9292117429771252,
MEA1,3.1441525905463763,0.2855696217908002,0.6162978332178404,0.4633630144369841,0.6431041847635747,
KLHDC3,2.0292485749472933,1.7057775885907065,0.8354095550129478,2.0418459165986786,0.04116681795103027,
YIPF3,2.7538830901657643,0.577266469966069,0.6472750760419665,0.8918410291587399,0.3724781466166174,
MRPL14,2.9065080939297028,0.9757793013962129,0.643599723133267,1.51612759658407,0.1294870914560694,
SUPT3H,1.5550308946718188,-0.14463399064954385,0.7469324399196613,-0.19363731298790612,0.8464598795757402,
CD2AP,2.175533860676015,0.10794820915811708,0.7205613615335498,0.14981126510638046,0.8809135213955128,
FBXO9,1.6241551791247564,-0.30276780983397966,0.7563834786804418,-0.4002834783781595,0.688947735375179,
LMBRD1,1.415687721223684,0.17100972284806745,0.7144706422246934,0.23935164405857662,0.8108329227477893,
PHIP,3.0832974646553497,0.1519954630279761,0.5940044791023619,0.25588268838926287,0.7980414223835848,
FAM46A,2.7653311390536106,-1.0272246233593632,0.658316725448306,-1.5603805640208142,0.11866997505153669,
IBTK,0.9848933559406897,0.936398094737128,0.924507200852236,1.0128618726538101,0.31112614214961587,
SYNCRIP,2.5559024124530203,0.06212036202055871,0.6397798829157068,0.09709646032859601,0.9226497918297751,
ZNF292,2.692645639612228,-0.35080508317662445,0.6312345172015674,-0.5557444556926923,0.5783855612836517,
BACH2,2.488286231069848,-1.070767598255435,0.7176584027749949,-1.4920296259544379,0.13569137894852584,
CCNC,2.4849169057334755,0.2809054746701337,0.5949699219755459,0.4721339084460127,0.6368312107134466,
ASCC3,1.871402635642513,0.4298714506564253,0.7102447568754977,0.6052441028181775,0.5450168158894377,
ATG5,2.1104045479397437,0.051700382784382305,0.6955251989419315,0.07433286797233453,0.9407455245046441,
AIM1,3.4217850912333008,-1.5431116726198693,0.614421872204576,-2.5114855808812733,0.012022419725660566,
SEC63,1.6168534373536174,0.7712638374476306,0.7149141312461731,1.0788202439126975,0.280667868524913,
FOXO3,1.6090659075757734,-1.5996559160943413,0.7039476655468253,-2.2724074450218277,0.023061912461893232,
SESN1,1.4937627429580618,-0.15329622999974435,0.7400864977295009,-0.20713285605133902,0.8359061030563044,
CDC40,2.3280073330798783,0.022909205611392983,0.6291700033211793,0.0364117893263552,0.9709540138908844,
GTF3C6,3.344373918209361,-0.1330960804526018,0.6065121646742068,-0.21944503046215985,0.8263033955158464,
REV3L,1.8010321967172733,-0.2652772829323519,0.766787916503391,-0.3459591331877474,0.7293734274302605,
HDAC2,1.981408830453413,0.5529378951016121,0.7626949944067246,0.7249790534310826,0.46846488087241334,
TSPYL1,2.4576570288792654,-1.2133096588757109,0.6358314118494622,-1.9082254136305092,0.056362088312954535,
GOPC,2.849919022920834,0.4422904298299869,0.6881723221426104,0.6427030201576905,0.5204168209473616,
CEP85L,1.5977607774171498,-0.6501345204200699,0.6973493875298727,-0.932293814328789,0.3511847035882244,
ASF1A,1.79331793927257,0.9166266449878349,0.804596377436563,1.1392378473144502,0.25460396375931094,
NCOA7,2.2136961997451703,-0.5920347085476463,0.6655913006340604,-0.8894868487368418,0.37374148802752705,
ECHDC1,1.9583752683938949,0.5975176845347002,0.6603282824484149,0.9048797399971711,0.3655291013405455,
PERP,3.174103105833333,1.195404979149302,0.7172092661591041,1.6667450290360806,0.09556511503509668,
CCDC28A,1.8049395885749828,0.1276691526246949,0.7101436854903759,0.17977932527349788,0.8573258151929428,
HECA,2.0892362610236144,-2.4558350066528734,0.7320879154720773,-3.354562962659014,0.0007949046097335236,
HIVEP2,1.3455877935903462,-0.038823608841012124,0.7683698578779475,-0.05052724081112913,0.9597022420957875,
FUCA2,1.4377598864208436,-0.04103095507725009,0.7522825754961261,-0.054541945292552345,0.9565033907946792,
STX11,3.280874463944152,-0.6065081268296885,0.6568058834941111,-0.9234206667016349,0.35578802577441326,
PPIL4,2.2200746452027347,-1.4046301103783672,0.6315585561864083,-2.2240694811579464,0.026143769852137545,
KATNA1,1.397801065249,-0.25097401446592,0.7274354572040292,-0.34501207217828456,0.7300852950584444,
PCMT1,2.3299020475351386,-0.07045016401285642,0.6107370766991145,-0.11535268890767601,0.9081655773371577,
SYNE1,2.1910748399982114,-0.07016085864825564,0.6662030263087563,-0.10531453007200708,0.9161262337612976,
SOD2,3.140283875448163,-0.7204273199276875,0.6166833523967684,-1.168228908933107,0.2427144424517238,
PDCD2,2.0655171496611975,1.50854503060747,0.7224667279907718,2.088047756611345,0.036793526982916956,
COX19,2.159462216137533,1.0230593393287573,0.8425155291812827,1.214291373742296,0.22463647853501256,
C7orf50,2.3744953605153616,0.33287498385029246,0.6674637167351339,0.4987162230758162,0.6179793140667258,
C1GALT1,2.1442054084400968,0.19235498774034498,0.6450313448396655,0.2982102951728003,0.7655426646678744,
TMEM106B,2.5870131755989045,-0.7501996619675647,0.6785703262717993,-1.1055591925000778,0.2689173607642684,
TWISTNB,3.0009043064224743,-0.08350928560719678,0.6934989674864384,-0.12041731786548023,0.9041525735486837,
SP4,1.3066159514071285,-0.06573411131806033,0.8104640329017607,-0.08110675939894324,0.9353570501778797,
FAM126A,1.8956327491124274,-0.4721391561687008,0.6550057278263917,-0.720816835809168,0.47102221560993474,
NUPL2,1.7887646403286002,0.470353422849044,0.7479649204329282,0.6288442278506854,0.5294510417996321,
OSBPL3,1.547253943363493,1.198074988603163,0.850685614839266,1.4083639921776916,0.15902331578690665,
SKAP2,2.5470906374482993,-0.10698125142183408,0.634236920789636,-0.16867711089515344,0.8660506236407766,
HOTAIRM1,1.5459796111596817,-1.1370710510549065,0.7473267831883674,-1.5215178642517648,0.12812993179685506,
JAZF1,1.9864369059501663,-0.0031093856870200716,0.6640286847669207,-0.004682607481198633,0.9962638334401608,
GARS,1.5600092899099123,1.0074060006588201,0.8319165592451512,1.2109459650291146,0.225916114609221,
TRG-AS1,2.1708507493376854,0.2534818512694255,0.7355228374701636,0.34462811806262644,0.7303739642157447,
CDK13,1.858005334468448,0.023786684759993754,0.7085326205919097,0.033571756710541155,0.9732186444479133,
DBNL,2.0807895752987475,0.2914372860981591,0.7200992661113909,0.4047182101322642,0.6856846550772628,
POLM,1.0156414144965022,-0.17877876916581284,0.8490752392428998,-0.21055704006305212,0.833232937765241,
DDX56,1.1354017404959622,0.41522185745050605,0.826826969011218,0.5021871238030124,0.6155358995132243,
TMED4,2.605407737263918,0.7664730263941174,0.7233296556863327,1.059645516216044,0.2893058982188965,
OGDH,1.0306858619217616,-0.34771885659269997,0.824486592658805,-0.4217398556735482,0.6732149099457474,
VOPP1,2.6869836062457533,1.2080666745516344,0.6542761585200505,1.8464170806471667,0.06483166900493532,
GBAS,1.120381584567144,1.5765864394291182,0.9706934129314081,1.624185781448714,0.10433616450388467,
SUMF2,2.8525694218931514,0.3206340215203101,0.6282814341519857,0.5103350251835495,0.6098167686483288,
GUSB,2.6901666677793874,1.0319874175941635,0.6882054875373452,1.4995338402298963,0.13373519654564053,
CRCP,1.3169222462109262,-0.42823373166580614,0.756084255727335,-0.5663836119082464,0.571133032771141,
TMEM248,2.8079699603475636,0.35109180251580613,0.6158523985866142,0.5700908258562675,0.5686160971750535,
AUTS2,1.8113284436482089,0.36355040725289506,0.7298610873166458,0.4981090423514673,0.6184071875448498,
BAZ1B,3.103101600363229,0.4620116528092222,0.6143356049014743,0.752050913414531,0.45202044152687604,
GTF2I,2.5234804934036137,1.0232830084774895,0.6498630942355482,1.5746132032335294,0.11534575336274863,
POM121C,1.7753451311855875,0.21883326555938817,0.7946620871622408,0.2753790184465041,0.7830250620192667,
POR,1.420908952192926,0.3665731822296896,0.7577662940865048,0.4837549322137605,0.6285598029261891,
TMEM120A,1.270417010638688,0.07039138934589646,0.7903208856634348,0.08906684692611459,0.9290287849688973,
STYXL1,1.2802005811535062,0.25381257869835183,0.8302105864958783,0.3057207205338521,0.7598172954997002,
DMTF1,1.367130418780758,0.368846334660965,0.7934891162637111,0.46484107607895814,0.6420452698157485,
TMEM243,3.3336428453264926,-0.4435398092193517,0.5786999070696138,-0.7664418186367477,0.4434134581386361,
TP53TG1,1.1610782645231896,0.6438424208703571,0.835114840363703,0.7709627344066305,0.44072902044409124,
DBF4,2.4243608943813095,-0.19044732975001472,0.6756805122255136,-0.2818600304494966,0.7780508384853684,
KRIT1,1.8078748267261953,0.22759776690110545,0.788338566480357,0.28870561022689284,0.7728066691013723,
ARPC1A,2.731808786120062,0.3867333965507447,0.6520812342056185,0.5930754885499395,0.553130633596321,
PDAP1,2.804146786395367,0.8303076255170247,0.6298116638071769,1.318342725661606,0.1873889443486666,
ZNF394,2.4966120530573295,-0.259767437243943,0.6836943053484701,-0.37994676160355456,0.7039849348261509,
ZKSCAN1,1.7827876941752214,-0.9023190808565983,0.7183376132597732,-1.2561211667059007,0.20907204296575888,
COPS6,3.2933594859871596,0.7292013628832061,0.5743209410118365,1.269675734961887,0.20420015963078997,
MCM7,1.8930503904638096,-0.294523918573105,0.7711389693079531,-0.38193364658697126,0.7025105823937021,
PILRB,1.8433887797680533,-0.23894964488834283,0.6890600309194607,-0.34677623743390795,0.7287594304443712,
SRRT,1.7304454301703127,1.359523688879062,0.7726304211887044,1.7596041413790215,0.07847494886684647,
TRIM56,2.185582628912016,-0.48823761468619115,0.7320658295721949,-0.6669312990219852,0.5048160174527585,
ZNHIT1,3.3241356358986778,0.4560317814590934,0.5871387557269723,0.7767018903299148,0.43733467133984383,
CUX1,1.5180486685850991,-0.41844621123934483,0.7850532983439172,-0.5330163087296925,0.5940222909510551,
POLR2J,2.3292419006100435,0.5504245196441994,0.7126779227166715,0.7723327776817118,0.43991735674395027,
PMPCB,2.1880838185247287,-0.25823477626740543,0.6396455618762962,-0.4037154193799387,0.6864219995193809,
DNAJC2,2.9904627221561166,-0.0359013678858201,0.5968525725451893,-0.06015114877150322,0.9520352528503803,
PSMC2,2.416671786170316,0.6851554038733197,0.656339634015099,1.043903747945165,0.29652992400018063,
SRPK2,2.8879075084119887,-0.5783337850103134,0.6146550358858641,-0.9409079097136118,0.3467520538504667,
SYPL1,3.276198008442739,-0.41638559586294877,0.5710733954049947,-0.7291279881242864,0.46592337568477615,
NAMPT,3.265998065316273,-1.007061782676697,0.6179492499025311,-1.6296836396120566,0.1031683768824413,
HBP1,3.1855174847364727,-1.3762770261111585,0.6464587539191093,-2.1289479301928833,0.03325856863942906,
BCAP29,1.7846678515569296,-0.23196337588337673,0.7143634448583069,-0.3247133900158992,0.7453979995975599,
CBLL1,1.468925886451591,-0.5057890519189338,0.8029413516484938,-0.6299202935314192,0.5287467347693691,
DLD,2.258832009767264,0.06967297312797224,0.6966696757115153,0.1000086203792559,0.9203374816858803,
MDFIC,1.8041035871177913,-1.4067204986468116,0.7117748427659506,-1.9763560245825893,0.04811446844831281,
TES,3.3815468217461135,-0.1940889261098004,0.5759432013603807,-0.336993171638039,0.736122047597694,
IMPDH1,2.1596268437831756,0.502325990663561,0.7392857343594259,0.6794747515300223,0.4968371001732833,
UBE2H,1.879807397673092,-0.4702583223527786,0.6994400655036613,-0.6723354087732295,0.5013701926675069,
AKR1B1,2.016375302591151,0.5627369671911915,0.6808752026890772,0.8264906182053545,0.4085258378457596,
CNOT4,2.979440161527549,-0.46273064674404324,0.5876533949785752,-0.7874210388266601,0.43103543479935025,
LUC7L2,2.4444716868567493,0.5608205718159363,0.7077862416741443,0.7923586794925732,0.4281515655274788,
HIPK2,1.5520617582169278,-0.34340171664704533,0.8310032639599964,-0.4132375064456743,0.6794326112046991,
PARP12,1.9462484127480748,0.0946134737475959,0.736624835465474,0.12844187324719994,0.8977992955050683,
MKRN1,2.1347015179727724,-0.1458538501902563,0.6279251404870279,-0.232279042175521,0.8163212892496832,
BRAF,2.3903850598105576,-2.749451154930397,0.8702078964410609,-3.1595336771534535,0.001580218365657664,
MRPS33,1.9061392335300613,-0.06696032573759636,0.7540482159595135,-0.08880111950452728,0.9292399679718737,
ATP6V0E2,1.819492693820671,0.940752840401476,0.779617109066317,1.2066857300350142,0.22755319669510687,
FASTK,1.530716471374419,1.398334211849677,0.8458208168990886,1.653227473138092,0.09828457716310227,
NUB1,2.8963069130935724,-0.2864817904787793,0.577025360497973,-0.49648041505757295,0.6195555018548186,
RBM33,2.3042297072698235,0.05985721272065278,0.6408511313528333,0.09340267933099303,0.9255836620267895,
AKAP17A,2.026629509645997,0.3237428539788001,0.7161699166874178,0.4520475468674316,0.6512347298634351,
RAB9A,2.468013887981764,-0.9931643890460485,0.7333672889686977,-1.3542523698359823,0.17565587624979473,
CA5B,1.8676913145491563,-0.01245246405465119,0.7271682003081983,-0.017124599300922975,0.9863372143840978,
ZRSR2,1.317874282356,-0.5749245732807713,0.7990048383635839,-0.719550803294578,0.47180161182255664,
AP1S2,2.409177580163301,-0.38372265051058485,0.6561748552385699,-0.584787191168842,0.5586908180457018,
RBBP7,2.507270314513645,0.10506995288511715,0.599698026901923,0.1752047666855184,0.8609187389938743,
PDHA1,1.5456564874443783,0.3357095214317275,0.7105466726320627,0.47246653085879065,0.6365938258201691,
RPS6KA3,2.863646371015739,-0.9524441978240239,0.579637525409106,-1.643172079226224,0.10034733496479216,
SMS,2.358691530875311,0.5555607586103632,0.643296485507564,0.8636154108195121,0.38779919552850983,
ZFX,2.123492793129503,0.7569626974933858,0.7069956852566633,1.0706751303843995,0.28431552887061173,
DYNLT3,2.9197753925045453,0.49480186100308254,0.6005699682295695,0.8238871192006444,0.4100036999718373,
USP9X,2.024519142660037,-0.5300554419432831,0.7203703647448704,-0.7358096166699055,0.4618465679507693,
KDM6A,2.826369176845973,0.14407886996664895,0.657039077360663,0.21928508505980523,0.8264279795739748,
RP2,1.1511476616874348,-1.5436651054375294,0.9171360453691249,-1.683136447675265,0.09234868016091487,
CDK16,1.5299684778662388,-0.2487147551891543,0.8333588492437314,-0.2984485680026817,0.765360825103937,
USP11,2.056930879024059,0.7339647728960322,0.6785376796147334,1.0816860948868303,0.2793920338904845,
ARAF,1.4759880428120449,-0.44645593654682364,0.7376424331822493,-0.6052470905459933,0.5450148310049857,
EBP,1.6210102622936635,-0.6547080020555363,0.7291082627873259,-0.8979571834128405,0.36920837663350625,
TIMM17B,2.580327856451226,0.6362128067897365,0.651171579491509,0.9770279091211972,0.32855533558335603,
PQBP1,2.587944193157622,0.35597386889632265,0.6414803985967608,0.5549255591831269,0.578945578684791,
WDR45,2.9709646516374018,0.09690458338616073,0.7141297629000768,0.1356960435210427,0.8920615756032046,
HSD17B10,1.921738276364131,0.8496088198282801,0.8012824017909648,1.0603113433282696,0.2890029803953119,
HUWE1,1.9483807076360664,-1.0246794273894106,0.6528764688087922,-1.5694843915250807,0.11653511359890607,
TSR2,2.242512609400666,0.5282935022332682,0.6537264829145795,0.8081262057457428,0.4190179331776922,
YIPF6,1.5435078229203658,-0.08194676839226102,0.720636918240956,-0.1137143633888333,0.9094642260443044,
OGT,3.178686451626633,-0.5006744495804762,0.5708168963234944,-0.87711918271027,0.3804219064675298,
CXCR3,2.40143143163663,1.116040729352315,0.7474204547674562,1.493189973907721,0.13538746581740985,
PIN4,1.9353291047749628,-0.25185972333482187,0.68273119209965,-0.36890027326898656,0.7122020596540903,
JPX,2.861001649009576,0.14677645947943668,0.584279601420507,0.25120928254656183,0.8016523082002729,
P2RY10,2.45242686957256,-1.5112486826757057,0.6763923633103558,-2.2342781566596197,0.025464776658967476,
HNRNPH2,1.4988245810563503,-1.6339470545758932,0.7905086860423678,-2.066956484382413,0.038738254539933493,
ARMCX3,3.2712825537236743,-0.4121649057752598,0.5782388597576552,-0.7127935088070727,0.4759735429481766,
BEX4,2.5630021702128136,-0.8128793321576591,0.6594396271430837,-1.2326819601050185,0.21769444491286116,
BEX2,1.9088125044979012,-0.2830129275932101,0.7133446983894193,-0.3967407737552311,0.6915586294063396,
UPF3B,2.1740267686576016,-0.9520184363909704,0.6414741565378506,-1.4841103522068329,0.13777964728933081,
NKAP,2.3066966524669956,0.7890337977024714,0.7282538710310931,1.0834598058302436,0.278604382351623,
MCTS1,2.938175972807574,-1.4077458937445573,0.6376582151237967,-2.207680949380153,0.027266521755017186,
XIAP,2.0915103885109616,-0.09133280503972149,0.6924147939739973,-0.13190475685178873,0.8950596260839243,
STAG2,3.00927225870707,-0.3638386554388657,0.6479435698197435,-0.5615283064543488,0.5744374391054852,
RAP2C,2.355113304466995,-0.7772342547517724,0.6952267118883435,-1.1179579861663884,0.2635849376044762,
HTATSF1,2.261069684458444,0.6471898211035967,0.6744724682495796,0.9595496503855997,0.33728191979273525,
ARHGEF6,1.7955478402997198,0.005143203216738695,0.7142723142313633,0.0072006195876055425,0.9942547864500664,
IDH3G,2.3823640788300446,1.2625555847331182,0.6713594864228223,1.8805954339907258,0.06002697333953094,
ARHGAP4,2.8797415729507145,-0.170474733389227,0.7044636494350017,-0.24199223554821062,0.808786179595709,
MECP2,3.0452077357331784,-0.7712123276918309,0.5734666595924879,-1.344825047440183,0.1786817395415946,
ATP6AP1,1.6271046319630391,0.6084884039326383,0.7271253748061612,0.8368411074841813,0.4026818874300685,
LAGE3,3.264632392365198,0.5319633478695996,0.6369082993172891,0.8352275334452677,0.40358961002504845,
G6PD,2.4080093269634832,0.25445086910885273,0.6800297950764624,0.37417605956551114,0.7082733341567425,
VBP1,2.5368270846465646,0.5898132703944632,0.7028602712374191,0.8391614870421807,0.4013786959138379,
ERICH1,2.064118221228503,0.15056686245453224,0.727918901900152,0.20684565555516427,0.8361303991291444,
CTD-2336O2.1,1.3667512391552175,0.958508728002769,0.8340426440460957,1.1492322782835962,0.25046021436055443,
FDFT1,1.78106072967012,0.18424914359598416,0.6669026805222984,0.27627590798058527,0.7823361587103882,
CTSB,1.6788346793218205,1.521129277497061,0.87934097650903,1.7298514661922395,0.08365681646645864,
CNOT7,2.2299701221388193,1.315915112620847,0.6859475193982062,1.9183903657459431,0.055061531749689946,
ASAH1,2.0442812517213644,0.4795944899997722,0.6484584596906349,0.7395916929336941,0.45954778373205063,
INTS10,1.892281320209159,0.9789561651101907,0.7367996258585887,1.3286599650066573,0.18396017881224613,
PDLIM2,2.1351266215942513,0.8033153577707227,0.6734787829046991,1.192784952045618,0.2329536049285904,
KCTD9,1.8808780052288154,-1.779673280482273,0.7214058084600024,-2.4669516929470983,0.013626873984732791,
PPP2R2A,3.3960192633990283,-0.5549910459128581,0.6383682226873697,-0.8693901516220299,0.3846337679609094,
BNIP3L,3.299301891139822,-0.12569267658961797,0.6438160404621659,-0.19523073159126164,0.8452123215961294,
PROSC,1.9982638291886592,-0.21774736623757288,0.6915862248827934,-0.31485208698955164,0.7528739617164977,
RAB11FIP1,3.0254044883169717,0.11903513210680418,0.6060495989914468,0.19641153513655588,0.8442880683688023,
EIF4EBP1,1.1715317364490192,0.8021901666478466,0.8224053314705134,0.9754194628255621,0.329352233238581,
LSM1,2.886357369001593,0.43079506657690403,0.6278217844667828,0.6861741297218348,0.492603309399559,
PLPP5,1.5493905958517031,0.2587701542386649,0.6971072371603718,0.37120566312401365,0.7104843554172366,
TACC1,2.371388874881158,-0.8095455942083285,0.6336329928800079,-1.277625381419546,0.2013815467704343,
PLEKHA2,3.331130146938292,-0.9683263482559972,0.585583383659506,-1.6536096741758668,0.09820684579256435,
IKBKB,1.5356281440790576,0.33014511433576876,0.7529844830288063,0.4384487619290539,0.661061005215023,
SMIM19,2.565215109044951,-0.32892598024959224,0.6625692800965742,-0.49644013106319823,0.6195839171190605,
HOOK3,1.7686573264883416,-0.8820268080870488,0.7148331560472194,-1.2338918538199215,0.21724320544136977,
FNTA,2.3291024018442483,1.3945094149315593,0.708954450430842,1.9669943733114243,0.049183859460818755,
PRKDC,2.2940800133950914,0.2573277307833249,0.6458879498728325,0.3984092454952745,0.6903285438963536,
PCMTD1,2.5207304010850455,0.3687341914367915,0.6324890301212236,0.5829890699703036,0.5599006581736926,
RB1CC1,2.6627772070360884,-0.8531592481299154,0.6282818526848902,-1.357924384548173,0.17448767899267292,
ATP6V1H,1.6190519393693508,1.0333918027355804,0.787865995680142,1.311633968722667,0.18964366597269344,
LYPLA1,3.038319748912566,0.4785387848679011,0.5949748656490796,0.8043008410882126,0.4212232520446423,
TGS1,3.2569464743548826,-0.4193135970513562,0.5920020997139276,-0.7082974828197072,0.47876053994853973,
LYN,1.9212906782696288,-0.4227021303632705,0.6737058000798232,-0.6274283675651704,0.5303784776179413,
CHCHD7,3.4229358818704894,-0.43353193337519996,0.5878955779454446,-0.737430165558127,0.4608607966748163,
TOX,2.039500040998086,1.204638073545514,0.7480769005833826,1.61031315444453,0.10732950892828219,
MYBL1,1.0669352047016143,1.5216844237262548,0.9666628924697883,1.5741624464743926,0.11544989876337017,
COPS5,2.4080816067579183,-0.450000519153064,0.6038141011634921,-0.7452633489114546,0.45611253316405076,
CPNE3,2.3474222243097627,0.4758436627025248,0.6369661816368186,0.7470469805472943,0.45503520252149676,
NBN,2.249138112445472,0.05877649146963153,0.694350810945826,0.08464956120605342,0.9325399962898959,
PTDSS1,2.0492481600602965,0.17953763352108892,0.7336488980766429,0.24471873942940614,0.8066742171839942,
NCALD,1.757136875664162,0.05742739731365682,0.7286716247818692,0.07881107945001693,0.9371828913342439,
KLF10,2.4997531220864926,-1.6126786705284009,0.7442222213548484,-2.166931629093978,0.030240067799567186,
SLC25A32,1.5748272891787847,0.4370221460901717,0.7872878412055884,0.5550983048600772,0.5788274221913292,
OXR1,1.5147191166444927,0.06789621965183472,0.780002511108948,0.08704615521725058,0.9306348247536305,
MED30,3.0280570804045794,-0.20503181320420963,0.6280779938356593,-0.32644323669435477,0.7440890294302327,
MRPL13,2.107121955656972,-0.05678657234016795,0.6790074065564072,-0.08363174214573242,0.9333492287520342,
LINC00861,1.9561426688995929,0.8408616270615773,0.7470905272961889,1.125515043143108,0.260370846273818,
MYC,2.4571109667603204,-0.22972221872241883,0.6354630649315532,-0.36150365206066315,0.717722975372294,
EFR3A,2.1678081018824735,0.8007213310961949,0.6652105976545044,1.2037110261314143,0.2287012890633121,
PHF20L1,3.0202957113960736,-0.039525750101496164,0.5840373907330189,-0.06767674592184557,0.9460429609268849,
NDRG1,1.5099417123255017,-0.09068862819806893,0.7495137983398588,-0.12099660926715476,0.903693720876258,
AGO2,3.343851422948208,-1.253826133225131,0.6323194090900549,-1.9828999635318185,0.04737860475144298,
DENND3,0.9496717603667247,0.7605462188772365,0.9631881153506999,0.7896133753688594,0.42975359451443396,
GSDMD,2.115399561306461,0.8954803970036159,0.7461704054357903,1.2001017334379849,0.23009983242514132,
PUF60,3.1359608017695852,1.8159253957331543,0.7075202846685662,2.5666054176578332,0.010269940313115027,
PLEC,1.570598177814867,-0.3814445575217634,0.7264279281997232,-0.5250962176895951,0.5995163053095848,
GRINA,1.8666641190494493,1.2482139472732872,0.7738919223900729,1.6129047366437517,0.10676520597777434,
GPAA1,2.935968072420337,0.551213058823361,0.7034342401155177,0.7836028265170047,0.4332731967737654,
SHARPIN,2.126146921785948,0.6683694859514542,0.7175652159171901,0.931440754269486,0.351625617780027,
HSF1,2.6063470401403075,2.0843816671757627,0.7756940718671412,2.6871182116404904,0.0072071441305811435,
C8orf33,1.0689918250131283,-0.11179881567840395,0.8732453999650568,-0.12802680172478162,0.8981277628630779,
SMARCA2,2.750101374863245,-1.1810922423850694,0.6176888196803297,-1.9121152994096864,0.05586140690059351,
PUM3,2.4022660482156644,-0.2074762108997471,0.6630169104310474,-0.31292747988110975,0.7543357593841755,
CDC37L1,1.6074572559737077,0.42208658634929036,0.7326249322119858,0.5761291593979757,0.5645278833156027,
JAK2,1.435868781651346,-0.058829795468887114,0.8368739574896983,-0.07029707991553949,0.9439572066491999,
PSIP1,3.4035286331812866,1.2727717491818915,0.7512427186858023,1.6942217442166145,0.09022315442334017,
RRAGA,1.5298261396924657,0.7548086533755005,0.8143913032378172,0.9268378117184812,0.35401074963295864,
MLLT3,1.820939679057268,0.20671948005115734,0.7370400725246784,0.2804725112748001,0.7791150122856279,
PLAA,1.5018616568721348,0.6194194999710518,0.8092082247533098,0.7654636730365466,0.443995490098958,
TOPORS,2.6951229793126816,-1.0974758242060192,0.6171050600185043,-1.7784262280609249,0.0753338781913145,
TOPORS-AS1,1.5853852913250823,0.6576663999863848,0.810678518117973,0.8112542583627197,0.4172196723071262,
SMU1,1.5973443870152642,-0.6094274442004273,0.6891587329752343,-0.8843063506855796,0.3765308609733169,
BAG1,3.1213331448104387,0.11224378355300485,0.5846180845707019,0.19199505885184512,0.8477460758907615,
AQP3,3.28550812851649,-0.01827304257495547,0.6974442603188538,-0.026200004236326353,0.9790978125045899,
UBE2R2,1.75433924489734,-0.048685111382596666,0.7323337894064117,-0.0664794006324057,0.9469961573381164,
CREB3,1.73703761209113,0.21909699511416741,0.7243855378633287,0.3024590962437255,0.762302110545907,
HINT2,1.9903421574503273,1.3208835420015594,0.7840545232814587,1.6846832749249894,0.09204969504390242,
EBLN3,2.554325773990443,0.9634321647248175,0.7315801883387504,1.3169194301345823,0.18786563280024904,
TOMM5,2.7867586485063214,-0.170979265910903,0.7548414516364879,-0.22651017050033734,0.8208046498630364,
SMC5,2.4524619995268298,-0.4079768567112723,0.6203656879234445,-0.657639299937585,0.5107699351249461,
KLF9,2.3200594844083526,-1.8367773225310013,0.7628986636993708,-2.4076294925256354,0.016056466867894647,
ZCCHC6,1.8439457699239197,0.2502157809503086,0.7136242559436798,0.350626788350165,0.7258683567162656,
SYK,1.4986470967558414,1.2023200582103417,0.8589885875653559,1.3996927032733872,0.16160535978361834,
FGD3,2.381105752498055,-0.3128113429029484,0.5926374190792731,-0.5278292136681731,0.5976178788527886,
FAM120AOS,1.1972777217675135,0.6630851194098317,0.8429089958034273,0.7866627627788044,0.431479307876816,
NANS,1.6636923291331622,0.06990861033365983,0.6896114753808025,0.1013739081053667,0.9192536480704759,
ALG2,1.237207105840264,-0.2769243270592532,0.8306693272669915,-0.3333749278673497,0.7388512864221699,
STX17,2.049237476004836,0.3411324062720128,0.6988813890175953,0.48811201962544215,0.6254704978199462,
ERP44,3.1087428530608228,-0.11321251771363557,0.5859740752848001,-0.1932039700879447,0.8467992296353841,
UGCG,1.4554559688103634,0.2198499783376443,0.7321894851459724,0.3002637743340634,0.7639759629508662,
PTBP3,2.552727324222098,0.8571747001663127,0.620849588956322,1.380647930535421,0.1673872384145697,
CDC26,3.1826432169185206,0.1646695674913063,0.5749900534917228,0.2863868105044999,0.7745818755425616,
POLE3,2.0382978182791125,-0.1188708883397629,0.6668256103827519,-0.17826383163587864,0.858515781997317,
FBXW2,1.5577470918220895,0.4532748129988939,0.7141312706975097,0.6347219784342578,0.5256097566974913,
PSMD5-AS1,2.181337117904162,0.26794932278437783,0.7204055504883715,0.37194233526203646,0.7099357837440587,
CNTRL,2.3196380992041883,-0.425787744044168,0.6028277101902092,-0.7063174715538871,0.4799907306098685,
RAB14,1.739449184654234,0.28276632828218395,0.6892588063243673,0.41024695758346724,0.6816247976915577,
PPP6C,1.9183409134271021,-0.42294210076005073,0.7569041932375585,-0.5587789109094128,0.5763126169104378,
ZBTB43,1.8785685664270901,-0.3069541731814958,0.7010712522608302,-0.43783591495389823,0.6615052339294639,
DPM2,1.7109797218506584,0.32218348140501946,0.7132665936287909,0.45170134741049583,0.651484147428359,
FAM102A,2.690610747749237,-0.13949300162782216,0.6395340929108305,-0.21811659952782458,0.8273382642088458,
SWI5,1.3479643136554793,0.8566166442201508,0.9259568957620943,0.9251150330438719,0.3549060741461182,
URM1,2.0827408094555775,1.2541379033781448,0.7269952131248761,1.7250978833649089,0.08450983393960976,
TOR1A,1.9302333718351035,0.8664236472607473,0.7287754954755891,1.1888759331779273,0.23448849191761345,
PRRC2B,2.7883484977317767,-0.4212278051357479,0.62413381751131,-0.6748998264752971,0.4997394107783484,
SETX,2.0372072164850206,0.2125181341594284,0.6301048500634726,0.33727423957777936,0.7359101770433951,
RALGDS,2.3312055932095017,-0.4446961296672828,0.6061342382132581,-0.733659479421824,0.46315630030564947,
SURF1,1.9284362712202425,0.4850314236456649,0.7476514156152433,0.6487400592247016,0.5165064068345115,
SURF2,1.3993495628027373,0.05178056959645801,0.7399313908843281,0.06998023091650771,0.9442093944987012,
PMPCA,1.3247801830670352,-0.24291002204368545,0.8402595009950545,-0.28908928938741646,0.7725130496759723,
SNHG7,2.626226501192037,0.30659484427968936,0.7068565720133482,0.43374406692776657,0.664474302622417,
ARRDC1,2.2066292165653256,1.0213091730450095,0.7345503733245201,1.3903868408951185,0.16441144020910148,
EHMT1,1.8451901792799672,-0.08837383145067293,0.7161489478387644,-0.12340146797306982,0.9017891946849803,
RIC8A,1.7451493658552137,0.29527835004329434,0.6800210832084218,0.43421940486041305,0.664129123128347,
RNH1,2.55790236597737,-0.1601005400411672,0.6291914303786983,-0.2544544192930373,0.799144513518406,
MOB2,1.5503786774415214,0.5914013508791578,0.740764454902769,0.7983662646944686,0.42465797422030716,
C11orf21,1.5477734916468329,0.17979188885006822,0.712365566094668,0.25238711331279484,0.8007418598972151,
TSSC4,1.6778770456450336,-0.758669590641707,0.7508291271007648,-1.0104424072774285,0.3122833790992733,
NUP98,2.152802772903208,-0.23816256656065815,0.7103248157154634,-0.33528684524525965,0.7374087159930958,
TMEM9B,3.072573926981984,0.9466885994201657,0.6073001552729425,1.5588479456170892,0.11903237317724376,
CTR9,1.8598984673728576,-0.17602699182087045,0.671564360757499,-0.26211485020187597,0.7932328981285033,
USP47,3.2895525823168033,0.08583169677062816,0.5720523404595651,0.15004168447536503,0.8807317280344387,
BTBD10,0.9461403479427641,0.36490180825963126,0.8948287170738086,0.4077895593839473,0.6834281793792724,
COPB1,2.9199535416297797,-0.01859017679231405,0.5967860607474718,-0.031150487611975957,0.9751495258927505,
GTF2H1,1.199136762893886,-0.733705202382189,0.7523024053113293,-0.9752796178799347,0.3294215779276308,
TSG101,2.535479863324635,-0.07649049753909956,0.6045260318286488,-0.1265297001482652,0.8993126406494667,
SPTY2D1,2.5105517024753925,-1.0967351201075364,0.6261833411805431,-1.7514600724443772,0.07986669314364755,
HTATIP2,1.4774723371204344,0.773329877522226,0.7677269076636971,1.0072981288041336,0.31379152873018035,
SVIP,2.835102368509686,-0.3645653751268316,0.6107034618557782,-0.596959732337208,0.5505342655104035,
IMMP1L,1.0595762590211957,0.8016762561604917,0.8466238367904594,0.9469096206877856,0.3436848351318239,
RCN1,1.6113651614030742,0.55201846781403,0.7630449853506643,0.7234415773800607,0.46940863505557073,
CD59,2.3243187752915726,0.05514907658265781,0.700702854090522,0.07870536884602619,0.9372669750086884,
TRIM44,1.9450753489824832,-0.2532555646865569,0.7341231961139657,-0.3449769276153499,0.7301117162915005,
HSD17B12,1.3877025252683473,0.828602140299903,0.8691493233310849,0.9533484270852544,0.340413562545709,
CD82,2.97078492611846,1.0841746921017428,0.7110066814304346,1.5248445906591936,0.12729786496123596,
PEX16,1.6369344796137875,2.033331137938022,0.9079154864408602,2.239559924138896,0.025119506916011232,
DGKZ,2.992818284379462,0.14255919839232656,0.6703886536603143,0.21265156803289403,0.8315987457576116,
DDB2,1.6373400783525283,0.5009869255749544,0.7496885637919564,0.6682600612725654,0.5039676025741939,
PSMC3,2.828019562651095,-0.15323262640622165,0.6188489667067725,-0.24760908501092715,0.8044368807689992,
NDUFS3,2.7672318398944507,0.26569529473645154,0.6997477972340685,0.3797015092961777,0.7041669996802744,
MTCH2,1.6391055027972372,0.7881700962048298,0.753381770733027,1.0461762240914783,0.29547967799084884,
TIMM10,2.535000950978919,0.06131249296156062,0.6077050942020755,0.1008918528847692,0.9196363105633608,
TMX2,1.395494015551169,-0.6999288008502778,0.7391620834986795,-0.9469219491580267,0.34367855246127377,
FAM111A,1.5198021617114745,-1.7393991614727164,0.7974423646337773,-2.181222416332909,0.029166969588969385,
MRPL16,1.6124044686728938,0.2865548477614327,0.774458220978938,0.37000685124010807,0.7113773855694014,
TMEM109,3.0097217877173676,0.629946841682932,0.612815339904315,1.0279554062424285,0.3039708048342381,
TMEM216,2.0093625865046616,0.5105327421896956,0.7214789782963048,0.7076197055599095,0.47918145231690157,
CPSF7,1.0396766685862908,1.1180400225631888,0.9158024289390071,1.2208310299618683,0.22215000248973593,
B3GAT3,1.9806710929653504,1.0730503292003233,0.7821282520352326,1.3719621128735104,0.17007523255728307,
TMEM179B,3.2841765305644652,0.6513870956395335,0.5986629146232979,1.0880698966452793,0.2765642519951196,
STX5,2.858299630070365,-0.20675804005286602,0.5731091526843138,-0.36076555239862784,0.7182747161807159,
WDR74,1.9426881053886051,-0.5964029601052273,0.681063022007519,-0.8756942321538093,0.3811962817864296,
SLC3A2,3.4156706329354307,-0.7025591993216657,0.6795662128336958,-1.033834799396651,0.3012134000750126,
RTN3,2.246448280116195,0.819986293759149,0.6890759580598667,1.1899795431375488,0.23405443252971192,
FERMT3,2.9204990755144205,0.1284985931028935,0.6581292595343184,0.1952482604918934,0.8451985995959085,
NUDT22,1.9267604375325875,0.31958988652255765,0.7205408919807242,0.44354163667800167,0.6573740098994776,
DNAJC4,3.122619391461152,1.3483205231580164,0.7168059579540031,1.8810118808255458,0.05997030269900798,
BAD,2.2583837641429314,0.8295734053814476,0.7387700886474767,1.1229114688444026,0.26147509611826314,
EHD1,3.1276288763844606,-0.627625742972257,0.6514525036297982,-0.963425176010865,0.3353341970302366,
NAALADL1,1.5293228067639169,1.314880718586846,0.8011764993055106,1.6411873285432528,0.10075853525530493,
VPS51,1.8391587458795462,-0.4486080414234169,0.6768183262568213,-0.6628189929555645,0.5074464879650906,
DPF2,1.5406301854169153,0.3795174755148294,0.7607743836706622,0.49885680125518245,0.6178802686573865,
AP000769.1,2.6777790220923876,-1.9843469566784153,0.7799667767270262,-2.5441429249144796,0.010954625074780679,
SSSCA1,1.5089798323895112,0.22477292099182236,0.7518718628671346,0.29895110070310293,0.7649773561912102,
RNASEH2C,3.092895368530253,0.16315627146606915,0.6127002569065305,0.2662905223670555,0.7900154717300912,
FIBP,2.8533286922429135,0.6571758607683856,0.6259117903348618,1.0499496429309916,0.2937412657455276,
MRPL11,1.962969817541796,1.25871829319337,0.7112997991137313,1.769603048899654,0.07679329060356285,
ZDHHC24,1.8105470244366582,0.9421624432479329,0.737752701626514,1.2770708140692124,0.20157724774119357,
CCS,1.6814381534281653,0.3671047049849962,0.7247828621173793,0.5065030151410275,0.612503573565254,
RBM4B,1.590001894087514,-0.8886779360990062,0.7571898698842129,-1.1736527011843148,0.24053416276357975,
RCE1,1.2548570929186202,0.026365759413929404,0.7600878076428641,0.03468778100216239,0.9723287044126493,
ADRBK1,2.509487795755636,-0.9884034070274269,0.6856313773712084,-1.441595935730191,0.14941639566908185,
RPS6KB2,2.091265078749427,-0.11217586522858851,0.7232308503658023,-0.15510381667464984,0.8767394733297811,
TMEM134,2.2824794572652185,1.5475576992862183,0.7397066709316742,2.092123486377432,0.03642747069284694,
AIP,2.3976517004625513,0.4634110667028326,0.6450149390297931,0.7184501298526168,0.47247978676301106,
MRPL21,1.9146558203178015,-0.7714065871464237,0.6497339102552343,-1.1872653942956324,0.23512295357285073,
NUMA1,1.989029715247859,0.2168788437217235,0.7184852278855687,0.30185567539081715,0.7627620863902504,
ANAPC15,1.2392415925084397,0.2521423238266003,0.8190416817865509,0.30785041766935456,0.7581961555682818,
RAB6A,3.378561037381521,-0.07018406189592945,0.6026045672700904,-0.11646785588412675,0.9072817599833434,
MRPL48,1.3081346807377972,0.08530689948830185,0.7796275197003786,0.10942007219176467,0.9128693140270122,
PCF11,2.382551453738164,0.3031424438579845,0.6379406021852809,0.47518913644869565,0.6346521695446383,
CCDC90B,1.7688670041063463,1.0109977615701733,0.7131813242751384,1.4175886652636747,0.1563108913008466,
TMEM126B,2.3050043154240427,0.3030329413189322,0.6614978485480488,0.45810117445441845,0.6468797551964938,
TMEM126A,2.1090245364018654,-0.9615760980619518,0.6831331403027203,-1.4075969109562503,0.15925046267360288,
CREBZF,2.324781743477576,0.13005170890345433,0.6317946271255221,0.2058449111781006,0.8369120582968042,
SYTL2,2.22344203020798,0.08136263285784655,0.6892413688749441,0.1180466474185315,0.9060306969505502,
CWC15,2.993200920068848,-0.07741358201238112,0.5944331842703602,-0.13023092260133962,0.89638373020592,
CEP57,2.859888794945124,0.08867710639507646,0.5785369485478997,0.15327820741207937,0.87817888555239,
CUL5,2.6392641448628216,0.06060575179866488,0.64534284573466,0.09391248729141968,0.9251786742557088,
ATM,2.8901691246045087,-0.2666473144672496,0.5775390405758634,-0.4616957395665857,0.6442995267474906,
PTS,1.6954140204157626,-0.30497532684189,0.7298430854746959,-0.41786424083682533,0.6760463786950242,
REXO2,1.4817516067611918,0.9921579188603508,0.8032609229840754,1.2351626855873086,0.21676996348525635,
ZPR1,2.2447078395142723,0.6255364358320507,0.6827712665670278,0.9161727601356837,0.35957629024530324,
MPZL3,2.20414239890054,-1.6937555326123503,0.7530033948842446,-2.2493331957324347,0.024491305346180263,
UBE4A,1.8076395859882837,-0.5347304759057333,0.8515810105057534,-0.6279267260646844,0.5300519420805447,
KMT2A,3.065792031364372,-0.15542846918218386,0.6496933224250432,-0.23923359501684896,0.8109244538028173,
TRAPPC4,2.3689639207579716,-0.6502838171481506,0.6217805501835377,-1.045841361483886,0.29563428118112334,
SC5D,2.2155239914408695,-0.9822467784498007,0.706415200271159,-1.3904666520097007,0.16438721901221431,
SRPRA,2.1217774213444414,0.2072720614746565,0.6611231731470707,0.3135150451435585,0.7538893920735033,
FLI1,3.376471167010842,-0.05373920441832116,0.7277190243774555,-0.07384608979309512,0.9411328527633872,
APLP2,2.658115386415765,-1.1692537654252473,0.6661959188998557,-1.7551199763519003,0.07923878805560292,
SFMBT2,1.848353756537865,0.8241961053635506,0.7139849293872499,1.154360647459163,0.2483523418109861,
TAF3,1.3823054333071914,1.0822865987923218,0.7928476507327271,1.3650625032338852,0.17223340602251014,
UPF2,2.6480963775820188,-0.8877819994244677,0.6563142538699006,-1.3526782241734616,0.17615845007538455,
NUDT5,2.3959226449433464,-0.010788059327558597,0.610077390700338,-0.01768309970506275,0.9858916630227443,
CDC123,1.8019099274644008,-0.029311141582376958,0.6660133534706051,-0.04400984068808258,0.9648965597343102,
CAMK1D,0.9360121539458218,0.05826259206240473,0.9226247297013288,0.0631487431312029,0.9496480603167556,
PRPF18,2.2851242151136906,-0.6782334771642282,0.692280035928938,-0.9797097156703914,0.3272294288917771,
RSU1,1.7941431477589305,0.13682815024638556,0.7083358948044246,0.19316845475431477,0.8468270428909906,
VIM-AS1,1.3713794774916914,-0.03368996093030915,0.7807616407346116,-0.04315012312670813,0.9655818640029986,
STAM,1.6984715370420242,-0.7768035146430481,0.6697136110492335,-1.1599040273737873,0.24608788283927063,
NSUN6,1.5177309642911871,-1.261060746138603,0.7768781399046781,-1.62324138286776,0.10453781462306531,
ARL5B,3.0902734347148337,-0.26216005182157,0.6397757259583551,-0.40976867546649426,0.6819756467843257,
ABI1,2.3366384934030515,-0.06219120385561702,0.6685330958902931,-0.09302636509385716,0.9258826157230371,
RAB18,2.1520988324569528,-0.6436567556499625,0.6519926322320815,-0.9872147687412028,0.323537363176323,
ZEB1,1.3287729303450253,-0.26842160719993857,0.7410248627752862,-0.3622302309731498,0.7171799902699391,
ZNF22,2.132504133933999,1.0673685658993297,0.7261967148898174,1.4698063816789322,0.1416142002817425,
UBE2D1,3.308511144921666,-0.9744027417296222,0.6262456586528943,-1.5559433079754075,0.11972157386648148,
TFAM,1.8826605664887386,0.058413835643947955,0.6457527524512409,0.09045851592921957,0.9279228582464569,
EGR2,2.800239285713574,-0.41201013635200545,0.7649089040497926,-0.5386394826503225,0.590135638633855,
NRBF2,2.287789501379174,-0.093238762922632,0.6692299693801955,-0.13932245593989864,0.8891953456585714,
CCAR1,2.517039653993665,-0.025396765423394828,0.6171269275898434,-0.041153228433218024,0.96717374036175,
VPS26A,2.4977633852602557,-0.19910832744774773,0.6463438017355646,-0.30805327894086915,0.758041791509708,
SUPV3L1,1.5468216423469205,-0.49349119069037684,0.804274734729774,-0.6135853451323242,0.5394893700467542,
HK1,1.4697662259192568,0.5515016107727412,0.747834535032705,0.7374647531470614,0.4608397700562449,
SAR1A,2.8231954185320896,-0.18010275852876165,0.6415280439373194,-0.28074027352475117,0.7789096166332603,
EIF4EBP2,1.4658085014754199,0.013868834271939957,0.7244305189513346,0.019144464388408285,0.9847258604674763,
P4HA1,1.6237171505005925,0.3127161129307933,0.8184660050466545,0.38207587242791813,0.7024050876581275,
DNAJC9,1.4618674536483798,0.5460901816666253,0.7605693849711171,0.7180017924168263,0.4727561816329561,
MRPS16,2.126723926150141,0.03305049781296741,0.7180135706019657,0.046030463999808036,0.9632859688758616,
CAMK2G,1.4610911142501608,-1.0372009381708263,0.8322380715900187,-1.246279128025493,0.21266193776388753,
AP3M1,1.1651107369293296,-0.26395746868173764,0.8299377040094216,-0.3180449175962985,0.7504508651413504,
ADK,1.478059649824989,-0.0068115558196059,0.7442070148506774,-0.009152770242259294,0.9926972478977569,
KAT6B,2.9866664976927835,-0.4164738901679641,0.5834842996241281,-0.7137705169380743,0.47536909353228596,
COMTD1,1.8785991125316976,0.3193519317528469,0.6986844593125109,0.45707604841688004,0.6476163852412036,
NUTM2B-AS1,1.6566085715393049,0.5779389036807585,0.7418230515769726,0.7790791920690142,0.43593306659179143,
TSPAN14,2.6733993964427905,0.8571156164941953,0.6313526250432513,1.3575862085557624,0.1745950215698886,
CCSER2,3.1882752437323236,0.21840763144279823,0.6356242918166214,0.34361120909741627,0.731138693823103,
WAPL,2.085515867249043,0.17945694349931426,0.6401871460557275,0.28031950439019404,0.7792323880680674,
NUTM2A-AS1,2.7542064157359856,0.510298623027626,0.7531117817939842,0.6775868275650208,0.49803370034463823,
PCGF5,2.4385654727742017,-0.3103197350860521,0.6622671453043726,-0.4685718403612362,0.6393757093247683,
BTAF1,1.1210697508431289,-0.1015926859241293,0.8110926968189951,-0.12525410020650318,0.9003223886606686,
MARCH5,1.5612193330598123,0.6186841161124602,0.7213068622545442,0.8577266465740774,0.3910434226061468,
TCTN3,2.806539842587976,0.910558844394454,0.6664973888384638,1.3661851638778775,0.17188085294428068,
LCOR,1.2377350871223103,0.027298753665412942,0.7681255505607558,0.03553944227670072,0.9716495958390438,
EXOSC1,1.733006904362174,1.1436261401764045,0.7631465183374733,1.4985669366189498,0.13398601552331701,
AVPI1,2.0165548630686128,-0.03348135181138496,0.6844555953478162,-0.04891676251747334,0.9609856302964902,
GOT1,1.5078878900492976,-0.30735530778890063,0.7078581330467096,-0.43420467102073845,0.6641398214349473,
BLOC1S2,2.7720880183131205,0.21605798267707627,0.6770953741100896,0.319095346000617,0.7496542126955308,
MRPL43,2.1647150742944223,1.2813055285453494,0.6791267071260526,1.8866958331937997,0.05920124845110664,
NOLC1,1.7976853932913255,-0.1197160533904771,0.6735274171513995,-0.1777448851255399,0.8589233332407831,
CUEDC2,2.8958515748000955,0.8181885794742485,0.7332674771683731,1.1158119035004954,0.264502657434704,
ACTR1A,1.911337788147597,0.3338235648626417,0.7108901077768286,0.46958532860530355,0.6386513086762577,
OBFC1,2.3801489320770752,1.2477058367879614,0.6779418142458663,1.8404320408763888,0.06570483303813984,
GSTO1,2.7290227867714645,0.3277711552501228,0.6010606025245684,0.5453213101531224,0.5855325501539731,
ITPRIP,1.596868270021108,-1.3572620371719615,0.7517436444735555,-1.8054852171346911,0.0709987867358281,
SMNDC1,3.051932217228143,-0.5297052854318826,0.6888137449202283,-0.7690109109150077,0.44188683333749557,
SMC3,2.4976527645447018,0.4947039635855878,0.6739025699373489,0.7340882579385019,0.46289494946447585,
BBIP1,1.6600370535036586,0.5736518980682339,0.7594386878826582,0.7553630164241376,0.4500311974744403,
SHOC2,2.8748039633851663,-0.41967508602454623,0.613331582670046,-0.6842548107461782,0.49381427681100776,
ACSL5,1.534032301825846,-0.44529477303057036,0.7500847166075262,-0.5936593069707433,0.552740005395331,
ZDHHC6,1.8753540362550134,-0.09127448014739459,0.7203683719919838,-0.12670528537364809,0.8991736624349008,
AFAP1L2,2.0964850223674643,0.516176260556485,0.7215330598909246,0.7153882327089992,0.47436918163958686,
PDZD8,1.499638311249972,-0.2915765093424475,0.8354842222026804,-0.3489910420734598,0.7270960346783775,
FAM204A,2.949559184226615,-0.23964696203741878,0.6081341840121237,-0.394069217514405,0.6935299368616853,
PRDX3,2.5163520241322885,0.3364586602593029,0.6228812894979573,0.5401649815657311,0.5890832602724314,
TIAL1,3.427665701323006,-0.519138101346891,0.5563149878041124,-0.9331729554798335,0.3507306758354204,
PLEKHA1,1.0039844917590335,-0.34962245049346036,0.8085128602675891,-0.4324265793097561,0.6654314037164989,
LHPP,1.2720470664133963,-0.06381075130990901,0.9650272416676138,-0.06612326425069716,0.9472796891876606,
UROS,2.0702569703637295,1.3084810645592015,0.7394761357577699,1.7694703064600592,0.07681542182460431,
BCCIP,2.7466444998767594,-0.579489165169317,0.7492125776452948,-0.7734642776427985,0.439247662008701,
PTPRE,1.9146033312080466,-0.6865437004534655,0.7374781528179505,-0.9309342898228764,0.3518875557375306,
MGMT,2.553003699140826,0.6591112092611717,0.7004323997944982,0.9410061691243156,0.3467016977586276,
GLRX3,3.0833256764801056,0.3301417227548106,0.5889762743428868,0.5605348417865311,0.5751146812647674,
ADAM8,1.8526161770651146,0.08897579711687428,0.7377680591064341,0.12060131367660389,0.904006828276029,
ECHS1,2.810060633248884,1.056115704378593,0.6568681022511178,1.6078048252902446,0.10787793132248608,
WNK1,2.6411124677096183,0.269741075601768,0.6125357722192518,0.44036787373981573,0.6596706890625781,
MLF2,2.859442008583738,1.5551185237879093,0.7168480437968024,2.1693837867662826,0.03005355884533342,
PTPN6,3.360909285635325,1.2178108423260148,0.6263175921193033,1.944398269582761,0.05184744238017203,
NECAP1,1.540276511030498,-0.6238450246899014,0.7653769258832932,-0.8150820903961077,0.4150253224832875,
KLRK1,2.0020246004284696,-0.5976798447335245,0.7789293132955621,-0.7673094779355631,0.44289753457130165,
BORCS5,1.7912908285953568,0.5676625475520172,0.7975507020034014,0.7117573166521972,0.47661506809083065,
RECQL,1.817199826601693,-0.14560020539326654,0.7007217923466151,-0.20778603860124387,0.8353960342835531,
GOLT1B,1.4598728538749828,-0.1752660431203731,0.7419232988043098,-0.23623202479667832,0.8132526304519165,
ETNK1,3.0521960381143933,0.33822738862848706,0.6450895862043111,0.524310724993419,0.6000624385202946,
LRMP,2.540899709126942,-0.6023564888996832,0.6153250533251853,-0.9789240429015192,0.3276175115107399,
STK38L,1.3511438065449801,-1.361112959617669,0.7388674274072466,-1.8421612716017794,0.0654515635282478,
CCDC91,2.1778391216537836,0.19232920615045926,0.6702414134567296,0.28695512137713636,0.7741466836380392,
FAM60A,1.5597268927273094,-0.5867305267451265,0.700187660327339,-0.8379618207936268,0.4020521464005319,
DNM1L,1.9577134395930036,-0.9548877318374167,0.6529212807134955,-1.4624852337389587,0.14360828785320043,
YAF2,1.743259419919397,-0.3125335277244235,0.6850490442935707,-0.45622066088233315,0.6482313096737511,
PPHLN1,3.0126032497511592,-0.000393598978830894,0.5971234487984348,-0.0006591584698656801,0.9994740676718571,
ZCRB1,2.5647783681137115,0.4566468706019057,0.6193782532877739,0.7372665542872066,0.4609602671292653,
IRAK4,2.51221879804027,-0.8868128058768626,0.7020733447521168,-1.2631341333574948,0.20654097899658197,
RP11-352M15.2,1.515406453704661,0.31092632396291436,0.7681840483818547,0.4047549862794818,0.6856576195384744,
TMEM106C,1.2610366693544346,0.3266121815928441,0.8173794881967434,0.3995845091652563,0.6894625679381438,
KANSL2,2.05998578390415,0.9073842447648651,0.6952668247514759,1.3050877914234018,0.19186295543557152,
DDX23,1.3367743826377092,0.41898865633673765,0.8113634951464016,0.5164006747199488,0.605574594637632,
ATF1,1.7417121323261848,0.3965121638611047,0.7961852361272214,0.49801496670524364,0.618473493185589,
LETMD1,2.488867546794902,-0.6511239701887895,0.6685933267131069,-0.9738714763872995,0.3301203579003166,
GALNT6,1.9391060607957848,0.4881563847935237,0.6990101669830001,0.6983537691596918,0.4849559806815352,
ATG101,1.9044333829391837,-0.1038011219510539,0.7303382193070811,-0.14212746807847015,0.8869793220223656,
CBX5,1.6115798031289637,-0.8131457984338101,0.7734030278133854,-1.0513868826358077,0.29308093790586565,
NCKAP1L,1.9217461240606961,0.21101043211031748,0.7011101818946638,0.3009661499139662,0.7634403069176533,
TESPA1,1.0161010113124693,-0.6534718627444498,0.8514553153378563,-0.7674764030161149,0.4427983177294472,
RNF41,1.0724361856555014,0.6007656241251691,0.8501353562949577,0.7066705550789151,0.4797712318916203,
BAZ2A,1.629745786142409,1.8637642445902565,0.881608452166294,2.114049882360591,0.03451100707990783,
DCTN2,1.8746210055686976,0.7792781560400011,0.7891955154644252,0.9874335836556446,0.3234301273529787,
OS9,2.7151182838411327,-0.954689518303132,0.6476771628145747,-1.4740206589258,0.1404760289152487,
TSPAN31,1.4995292458763105,-0.918506303778956,0.7187498129057158,-1.277922146602971,0.20127687840246722,
TBK1,1.9285042120714828,-0.9138140669415536,0.701799069900446,-1.302102134548544,0.19288147358324537,
HELB,3.0319585302874024,-0.9422922224908001,0.6228948221569777,-1.5127629721303577,0.1303398774503479,
CAND1,2.4101049555394827,0.45338118507844133,0.6552628719227548,0.6919073314013248,0.48899552625675735,
CPSF6,2.554475724904161,-0.44830738192771186,0.6620865481743575,-0.6771129592707752,0.49833428716324424,
RAB21,2.6826064027464414,-1.2716079895006824,0.6499819788335748,-1.9563742240710222,0.05042108630229925,
KRR1,2.433939111823704,-0.518179950715008,0.6605888662418735,-0.7844212598722141,0.43279296772977005,
LINC00936,1.7386503410556537,-1.259444531552756,0.7458364374419967,-1.6886336847154941,0.0912896512690614,
RP11-796E2.4,2.9659095207423793,-0.8955775921277215,0.6072346966240546,-1.4748458826656656,0.14025398248726795,
EEA1,1.837544437346602,0.3545102256849498,0.7054419099484119,0.5025363827772504,0.6152902664838827,
METAP2,3.0588707862723465,-0.12298706510892286,0.6231772580153713,-0.1973548673785032,0.8435498455811969,
TMPO,2.2079773685944057,0.9638785047248654,0.7862978389707715,1.2258440211237756,0.22025737779731047,
CCDC53,1.8434934647864596,-0.37428127278439277,0.7331010367330911,-0.5105452782501818,0.6096695018411952,
CHST11,2.537708448549114,0.5696845540666733,0.6199338591355357,0.9189440868112411,0.35812481853211164,
KIAA1033,1.3668462068157865,0.30749807579926347,0.7363744747514547,0.4175838331482796,0.6762514189926929,
TMEM263,1.4776414463535932,-0.19068172179348264,0.7740190887541193,-0.2463527380189147,0.8054091885259007,
GLTP,1.8588065464212737,0.12162208149604152,0.6787339949339057,0.17918961243113354,0.8577888198009862,
ATP2A2,1.5394548523424685,-0.6878010629363406,0.7237876481742208,-0.9502801887699277,0.34196990257594395,
ATXN2,1.64812484596301,0.30057746526964596,0.6998568035525744,0.4294842369808671,0.6675708628299704,
MAPKAPK5-AS1,2.140878830931458,-0.3115443884621793,0.728139103830034,-0.42786383374199555,0.6687502593393392,
MED13L,1.433374165658462,-0.7222983388475003,0.7450940746852611,-0.969405560167164,0.3323428792389431,
FBXO21,1.549367834772125,-0.2848118911421131,0.745834779943559,-0.38186995136331164,0.7025578296097769,
SUDS3,1.6389901468938457,0.9941413439032573,0.8630585674019479,1.1518816699727643,0.24936970146812454,
TRIAP1,2.5378289895380157,-0.12443908346394944,0.6698048564849833,-0.18578408660245252,0.8526140843245121,
POP5,1.9214945515216117,0.9354258297052964,0.7418498505959105,1.260936871462454,0.20733159250179933,
ANAPC5,3.4272141641620384,0.21418077888856796,0.5671009706735125,0.37767662191478535,0.7056708367399764,
KDM2B,1.9265174440818311,-0.3218308801798722,0.7043148929059863,-0.45694175065929066,0.6477129138555384,
ORAI1,1.530805806361251,0.5683978767843716,0.7570013812714013,0.7508544777418164,0.4527402392177067,
PSMD9,2.550048323739815,-0.18100289063700714,0.7431972629373162,-0.2435462287921175,0.8075822775249419,
CLIP1,1.381379619105714,0.3412939498314956,0.8240972504300038,0.4141428085743674,0.6787695232933584,
DENR,2.3705239727461125,-0.17210083442244192,0.601823488041913,-0.285965632518577,0.7749044441143852,
MPHOSPH9,1.7170671354629643,-0.2735780883064482,0.7521058998130605,-0.3637494246148678,0.71604513236235,
C12orf65,1.9535568744693246,-0.05370538194934494,0.6469088088129594,-0.0830184737287644,0.9338368504077152,
RILPL2,2.444873997798358,0.21044545797617695,0.6534174739801885,0.3220689166671377,0.7474004855819897,
SFSWAP,1.8059594147299254,0.33130017780713583,0.7683227830494349,0.43119921095170693,0.6663235276109472,
EP400,1.02390359008879,0.4757632015885126,0.8441070118420544,0.563629012570666,0.5730066377415297,
ANKLE2,1.3055210544135123,-1.1418459723201522,0.7689074570427862,-1.4850239282522835,0.1375374856314518,
ZNF84,1.4760666044744168,-1.3041845933659546,0.8588894991771158,-1.5184544631357897,0.12889987076098422,
ZNF10,3.1908192960119206,-1.8272271496805328,0.8110756630190218,-2.252844257315214,0.024268970574802432,
ZMYM5,2.0833341224507764,-0.06255820511161575,0.6455274102878727,-0.09691022273355974,0.922797690454797,
ZMYM2,2.675718022266733,-0.6088120825048494,0.6236558813885831,-0.9761987350288693,0.32896598998608684,
MICU2,2.6748497686854944,0.07076539191647448,0.6395700573024862,0.11064525474338431,0.9118976596853314,
MTIF3,2.2696089232108587,-0.3794247439395807,0.7219759426371014,-0.5255365470401792,0.5992102539401976,
UBL3,1.2532651471305667,-0.9769030602517954,0.7962879872594848,-1.226821295664547,0.21988976493151446,
N4BP2L1,2.2483402807208117,0.49808713408362904,0.7206951387892551,0.6911204298122499,0.48948986258172444,
EXOSC8,2.0295826036928157,-0.25050210633783737,0.7331522403458526,-0.34167815707644444,0.7325931119857312,
NHLRC3,1.9590651741383145,0.4351586048233909,0.70545134113524,0.6168513396304791,0.5373327852092671,
NAA16,1.6273368564102197,-0.09569623003834966,0.7575137477484764,-0.12632936408452416,0.899471213277201,
TSC22D1,1.673267051134519,0.22221712192992615,0.7260485250184683,0.30606373303254586,0.7595561205464957,
GTF2F2,1.6593993979666213,0.3676045726449787,0.7019431981100935,0.5236956118881334,0.6004902681853743,
COG3,1.0156122314643479,0.3573207563118545,0.8159305857492198,0.4379303369094179,0.6614367833883577,
ZC3H13,2.224580470583193,-0.39244682986772317,0.6806786476269152,-0.5765522853345416,0.5642419398309,
LRCH1,1.5217417409763145,-0.44808159084332455,0.866687434695752,-0.5170048311599466,0.6051527863400139,
ESD,2.9887899712126957,-1.0035814577539857,0.6288985126605222,-1.5957764846801545,0.11053870521548813,
MED4,2.3029842895830503,-0.9008356970469406,0.6182180972467812,-1.4571487005294568,0.14507533763228192,
SETDB2,1.2614152852930722,-0.8470782478154179,0.7949193839269902,-1.0656152874657012,0.2865975856740943,
PHF11,1.7044357694284513,-0.41394275969662475,0.6807723110644825,-0.6080487601638314,0.5431551348449744,
TRIM13,1.5318266675165164,0.028677252018695216,0.8057389459782218,0.035591244734830434,0.9716082895897642,
RNASEH2B,1.838128420523951,0.6460450651985282,0.7110566891113079,0.9085704066801867,0.3635769334735208,
VPS36,3.1965018497837243,0.6043501099723718,0.6391267827234547,0.9455872079043659,0.3443591713470934,
SUGT1,2.4602813873359883,-0.9049597382513574,0.6263936654160149,-1.44471406435813,0.14853821775300416,
MZT1,1.8573391577760998,0.8489016696584194,0.7122569198822718,1.1918475566355093,0.23332102464156168,
KLF12,2.0989802721576867,-1.180422910679771,0.7450218009895138,-1.5844139179712216,0.11309955672766464,
RBM26,1.9197966423096948,-0.3170829291469658,0.6802115712016262,-0.4661533889916392,0.641105710271047,
DNAJC3,3.3127707821789008,0.551802141254776,0.560990729793189,0.9836207836414687,0.3253020022478773,
MBNL2,1.799023895497064,-0.7167032071392082,0.8103069488304913,-0.884483599916821,0.37643521168655003,
TM9SF2,1.8547762894347708,-0.4892296964515179,0.7487959780699296,-0.6533551338143393,0.5135273561728465,
TEX30,2.4217418070759096,-0.9700966369794087,0.738230510783442,-1.3140836402845235,0.18881805891259407,
CUL4A,1.3668160069807973,0.6590088803255162,0.7836741255755119,0.8409220858753702,0.4003915846285444,
UPF3A,1.832116235501876,1.4367657284108557,0.7522274141635217,1.9100151115983215,0.05613126764881586,
OSGEP,2.006994497863709,0.7520902742500523,0.7131579307954796,1.0545914751465306,0.2916122043115472,
APEX1,2.1809086515116443,-0.4256719580797779,0.6399919990502757,-0.6651207494960237,0.5059732641460777,
PNP,3.2886626629806175,-1.0032860069841671,0.5889950254045546,-1.7033862150109915,0.08849581571685286,
SUPT16H,2.839708070053302,0.1848285339300084,0.6430289384317186,0.2874342395550442,0.7737798473997455,
TOX4,3.0481753432986127,-0.7518682158924433,0.6322323829967738,-1.1892276259697379,0.23435010622978047,
OXA1L,2.727185862062038,-0.45711732046441966,0.6335037807810959,-0.7215699958424941,0.4705588917007437,
MRPL52,3.069727777794574,0.9233008756238351,0.6850883323277585,1.3477106995629164,0.1777514493903255,
LRP10,2.6557905760680423,1.037185512384069,0.6120648938902546,1.6945678844472984,0.09015742374599262,
RBM23,2.2875567428914843,-0.7572690904189487,0.6915940231038654,-1.0949618780976944,0.2735333381064502,
PSMB5,1.7810689568960543,-0.6712424807595839,0.7431922408886324,-0.9031882248353152,0.3664260062587128,
C14orf119,2.5515331165410107,-0.1023116968252619,0.595886015624278,-0.17169675767281664,0.8636759349635088,
PABPN1,3.0183073952274864,-0.9632709059178716,0.675784922521928,-1.425410472792274,0.15403858250237162,
NGDN,2.7414468749952445,-0.9307498764992742,0.5973474646431624,-1.558138155077425,0.11920050163140011,
AP1G2,1.6026488276848099,-0.4203273550595975,0.7419503499916302,-0.5665168229442026,0.5710425001419168,
DHRS4,2.177473442886951,0.058495091200306354,0.7837121685011279,0.07463848789304867,0.9405023506044318,
G2E3,1.6490451581902843,0.10883599973424986,0.7549293271768499,0.14416713699712175,0.885368490688195,
SCFD1,1.7693920952039563,-1.3554646869283866,0.7056259857287712,-1.9209392997743149,0.05473936045929881,
HECTD1,3.0871966628703933,0.37427481368230775,0.5799719004570211,0.6453326676471345,0.5187116271134141,
EAPP,2.6383059546978207,-0.1632032075088767,0.6800981823022922,-0.23997006866919637,0.810353460450012,
CFL2,0.80892991603475,-0.06863828446121599,0.9572663445444507,-0.071702389677013,0.9428387543727319,
PPP2R3C,2.5757226524221952,-0.056329296099534014,0.6265624981359531,-0.08990211873055884,0.9283649974687405,
FKBP3,2.1803660430123117,-0.06597747671639136,0.6671306858856773,-0.09889737964728784,0.9212197494465082,
MIS18BP1,2.5349985978343907,1.2423926101442446,0.6870066186181268,1.8084143245129776,0.07054204014717416,
NEMF,3.32137643801152,-0.9538065012262613,0.6028251721846117,-1.5822273940049796,0.11359766881640823,
PTGDR,3.060451906574615,1.1617024297039948,0.6648495872564248,1.747316162890148,0.0805825109587522,
PTGER2,2.9548153444044143,1.0743857699349162,0.6858302721499376,1.5665476045070692,0.11722047308529403,
PSMC6,3.057304772661219,0.1247950343930069,0.6079499355980768,0.20527189343352517,0.8373597022593326,
DDHD1,1.8843210195133682,1.2480667350952999,0.856249375201257,1.4575972505696115,0.14495158794067597,
GCH1,2.1012834659127884,-0.019557248127175537,0.6339986772722661,-0.030847458880070847,0.975391191697867,
SOCS4,1.7321571628157384,-1.7213584141684246,0.7588554689805956,-2.268361347491904,0.023307191612127708,
MAPK1IP1L,3.147405332625602,-0.14739053144221442,0.6055266911208418,-0.2434088102200609,0.8076887194502156,
FBXO34,2.659579723529755,-0.3554345101022563,0.6335577152463462,-0.5610136244083977,0.5747882493330252,
ACTR10,2.2681990028853716,-0.17319824805284043,0.6452481702840467,-0.26842113783382954,0.7883751706813358,
PSMA3-AS1,2.673093688110552,-0.8959076104810325,0.6914412898752288,-1.2957103135143981,0.1950753067918246,
JKAMP,1.352112549678028,0.401375837998984,0.7376169537224119,0.5441521320428248,0.5863367886570096,
PCNXL4,2.4650543851499576,-0.10343756499901442,0.6567349725846071,-0.1575027512116976,0.8748486398035404,
PPP2R5E,1.7795873216825908,0.6737210401962593,0.6852085756504923,0.9832349800302377,0.32549180244192666,
ZBTB25,1.279269037481999,-0.323263126924875,0.7329238058797584,-0.4410596631348999,0.6591698043873735,
CHURC1,3.3384779031238097,0.09035670044203535,0.6336276813110876,0.14260219858935358,0.88660436100653,
MAX,2.3058052528628754,0.807628291056198,0.6397524064549649,1.2624075859776396,0.2068021609322218,
EIF2S1,2.617521326862404,-0.5245985323580777,0.6529989608390365,-0.8033680967639253,0.42176200915271544,
VTI1B,2.3474843365509304,-0.9963584775385752,0.7443962359689901,-1.3384786614908157,0.18074045175811249,
SUSD6,1.7752993836037045,0.4568917078069702,0.697122873117292,0.6553962370563294,0.5122126736015704,
COX16,1.5825235251958625,0.8267712178611237,0.7766056170712584,1.0645959798475966,0.28705879984669436,
RP6-91H8.3,2.1298985624441618,-1.198071057253763,0.6777337088733021,-1.7677607614434516,0.07710090725472847,
SIPA1L1,1.9764986609414064,0.2867855764570102,0.6532005795008293,0.439046726927538,0.6606276788972141,
NPC2,2.2677847081878935,1.013294004629505,0.679868311413957,1.4904268777023972,0.136112029742328,
C14orf1,1.7143226217773053,0.3249083896475246,0.6892429056054338,0.4713989610993874,0.6373558577393021,
GPATCH2L,1.8087777645156748,-0.5727582334889144,0.7137807755322307,-0.8024287752242095,0.42230497343182194,
SPTLC2,1.6447772708914195,0.41326685540825187,0.792220399737247,0.521656417261306,0.6019095746575842,
SLIRP,2.8308454754890997,-0.9003085291406034,0.6855132046865774,-1.3133350648617081,0.18907006783590552,
SEL1L,1.193296211155595,-0.09976729832156236,0.7738982425759648,-0.12891526667573397,0.8974246964128959,
RPS6KA5,1.4016039634093163,-0.9517023236672604,0.7606755912905313,-1.2511277271992398,0.21088788096075317,
C14orf159,1.3375907961374192,0.7427961701199461,0.8316860502589264,0.8931208716181949,0.3717924469138253,
PPP4R3A,2.6663207701535137,-0.7073724103580064,0.5976071067829861,-1.183674695848087,0.2365418593405587,
MOAP1,1.8124614190725512,-0.4887441813242097,0.7280216072093375,-0.6713319721342759,0.5020090712321977,
CCNK,1.2164468814616922,0.2958158501588269,0.812936690909676,0.36388547037753827,0.7159435349162016,
YY1,3.3182756652798266,-0.13878850427623537,0.6158134073926455,-0.22537428157640482,0.8216881173297182,
WDR20,1.2076927807664701,-0.5746050254036633,0.799589762439826,-0.718624790355424,0.47237213466511796,
CINP,1.0256112298836138,1.2377472580710476,0.9174593079723108,1.3491031671002494,0.17730383114259352,
MARK3,1.725807868209426,-0.7959007486908816,0.70795543352974,-1.1242243663879545,0.2609178549784029,
NIPA2,2.0162047825146754,0.3452453218428039,0.645801278454761,0.5345999355543063,0.5929265282054339,
HERC2,2.2714398148386383,-0.8635036473553223,0.7393723651865496,-1.1678873704421633,0.2428521991570486,
KLF13,1.5242733760080804,-1.63302441265754,0.7444474424035687,-2.1936060487830504,0.028263743195607625,
EMC7,2.6991666344442393,-0.1763921934151915,0.648291960588601,-0.27208758420363643,0.7855546759119822,
KATNBL1,2.4886880377893004,0.650671770177972,0.6849368983759928,0.9499733066224574,0.3421258161775633,
GOLGA8B,1.6414671229760196,-0.495471139620838,0.8084612948872129,-0.6128569700915124,0.5399709174237481,
C15orf57,1.8710149650555636,-0.39658744396979395,0.6763182895160916,-0.5863917183927612,0.557612308302597,
RTF1,2.9772403219530994,0.49196047931116355,0.6154339080790641,0.7993717487011814,0.4240748868196582,
EHD4,2.0087978550317866,-0.1857732281630079,0.7411598187560273,-0.25065205028898113,0.8020831356529252,
SNAP23,3.351814513357217,-0.9579437114230909,0.5814341020582452,-1.6475533650881882,0.09944435686069927,
UBR1,2.0782021240680177,-0.3732160243292609,0.755770770616482,-0.49382172325191764,0.6214320900415772,
EIF3J,3.012908600092324,-0.286679377488629,0.6551312051912873,-0.4375907836735138,0.6616829533580094,
ATP8B4,3.1290948577897515,1.3104110215182114,0.7188031987192548,1.8230456178451464,0.06829648205346261,
GABPB1-AS1,3.189994858289452,-0.48967301032351906,0.625555866496257,-0.7827806220828544,0.433755948774349,
USP8,3.3753134191910164,0.1792494509748885,0.6268370961240313,0.28595858809769725,0.7749098395720265,
SPPL2A,3.075067389737384,0.34880718408261435,0.5678892937461164,0.6142168692452123,0.539072027442726,
LYSMD2,2.2008486999740815,0.6880823432117835,0.6937515836819246,0.9918281404994381,0.32128136784344385,
TMOD3,2.7252785698922284,1.6902465483410272,0.6801322772463814,2.4851732595080573,0.01294883954543684,
RAB27A,3.193621631345986,1.35399955825427,0.629070708796989,2.1523805501031954,0.031367394308391555,
CCPG1,2.022607880477835,0.27842014425539846,0.6790319983284385,0.410025072368873,0.6817875554689066,
TCF12,1.7048773370998012,0.09189994994437899,0.71886758232254,0.12783988623811043,0.8982756843660054,
ADAM10,2.403854304019832,0.4005095291862613,0.6149146188612354,0.6513254310459681,0.514836435373135,
FAM63B,1.8689206154271853,-0.8230443446360534,0.7283189837926061,-1.1300602661078254,0.2584508309483632,
VPS13C,1.971224531373421,-0.3210678048284037,0.6568325114075764,-0.48881229118875846,0.6249745953865212,
RAB8B,3.2084317146538277,-0.1892598328743029,0.5961475414475476,-0.3174714642196592,0.7508858886785694,
HERC1,2.993324358206984,0.9227677379379459,0.6337057574242064,1.4561454225833073,0.1453524231613737,
FAM96A,2.791272309363668,0.6799755330450673,0.7095704932695575,0.9582917264666367,0.3379156746101776,
DPP8,1.7827525610592754,0.649931586341674,0.8220373356436496,0.7906351185774088,0.4291569473384248,
DENND4A,2.630932746957545,-0.9461091968085583,0.6444026218511276,-1.4681957594938713,0.1420510558065124,
MAP2K1,1.5819405196554306,-0.2872106460145215,0.7428860749328434,-0.386614658298024,0.6990415045026201,
C15orf61,1.8384557048002148,0.7383180979869683,0.7766428810861861,0.9506532744552838,0.34178041503875256,
TLE3,1.6951412342592123,-0.21647053582440237,0.6921329784805749,-0.31275859199718475,0.7544640769725058,
ARIH1,3.2097257629357143,-0.9730945305318688,0.6006343540618126,-1.620111343867163,0.10520836105003467,
ADPGK,1.6395820959297658,-0.6787578144217046,0.7218602281822118,-0.940289806699771,0.347068926726706,
UBL7,2.4575214407292023,1.2396862620840403,0.7168998247425757,1.729232201345825,0.08376754529704525,
ULK3,1.382742994314574,-0.7233831118020462,0.8122469628312802,-0.8905950343975706,0.37314646410242525,
SCAMP2,3.106725584437105,0.9031969353227547,0.6633529696731253,1.3615631143820992,0.17333580260102155,
IMP3,2.5783895145997233,0.6259043505287811,0.6502695915808626,0.9625305544538112,0.3357831626203288,
UBE2Q2,2.22047622486572,0.6158740332308706,0.7171078276458882,0.8588304429093371,0.39043406924287793,
ETFA,3.329457744350898,0.31773693734199254,0.5802446477097442,0.5475913282373508,0.5839725451320303,
WDR61,1.9826778575372912,0.7117099858349875,0.7279963272602696,0.9776285390249511,0.32825807701457466,
IREB2,1.8240074877019359,-0.34735163542651215,0.7519026938155041,-0.4619635469902207,0.6441074618180577,
MTHFS,1.856368175892052,0.5863371938610047,0.7343801477296105,0.7984110078053018,0.4246320174123276,
BCL2A1,2.3916878892211773,-0.11181127567274085,0.6505162924973708,-0.17188082291296766,0.8635312233032699,
MESDC2,1.9893594095045193,0.8951216527255298,0.7375611182310575,1.2136236992432035,0.22489145289318635,
IL16,2.0173686531338832,0.9472153154153135,0.7279001525631069,1.301298415833472,0.1931563292780898,
FAM103A1,2.9419019256138226,-0.7085559391990478,0.618844050921321,-1.14496687516696,0.2522228793479261,
ABHD2,2.135630415005419,-0.5189769925115123,0.6528821424213357,-0.7949014972086523,0.426670803272595,
CRTC3,1.355593199799015,0.9402321060522474,0.8088308954592573,1.162458199026114,0.2450493947264486,
MEF2A,2.660081832775046,-0.5749086740708563,0.6151017733325206,-0.9346561804822888,0.3499655162065346,
SNRPA1,3.2032714963040307,0.6606638889216299,0.6171357950081019,1.0705324407782189,0.2843797148052206,
TM2D3,2.7873953461634526,-0.9026987522961868,0.6143436996904622,-1.4693708957233753,0.1417322169439664,
TARSL2,2.6134551497910503,-0.06925696983112932,0.7731561182760742,-0.0895769537277327,0.9286233990277737,
LUC7L,1.9760726918431883,-0.2625947359464771,0.6945784419806946,-0.3780634699770537,0.7053834445587203,
MRPL28,2.5050454618780544,1.1589116558421009,0.7768365353842251,1.4918346435249734,0.13574249953850961,
FAM173A,3.2863209600574796,1.5248999098062355,0.6600880519367407,2.3101462075128936,0.020880060984522258,
NME3,3.0744585433593414,-0.31564255213333936,0.6533037107109756,-0.4831482616099528,0.6289904685152541,
NUBP2,1.671696878866045,0.8732237468937161,0.763250438632534,1.1440854832107457,0.25258818740740296,
HAGH,1.7213800092938714,0.7450526865749428,0.7663214163857215,0.9722456800031892,0.3309283402391827,
SNHG9,1.7956472191396895,-0.7199439607500225,0.7540381481005686,-0.9547845325380026,0.33968667091869487,
PDPK1,1.022175456217411,0.20718912661348166,0.8802280701740849,0.23538118543811648,0.8139128877365546,
HCFC1R1,1.9979899514631256,0.19956587515174476,0.7490439486640638,0.2664274579718251,0.7899100207851465,
MMP25-AS1,2.1599841150946584,0.4553798845445406,0.7456523265473886,0.61071342277318,0.5413893182330518,
NUDT16L1,2.635037205266662,0.23295308706493598,0.6732148457063958,0.34603082292474,0.7293195506288925,
ATF7IP2,1.7548628499022572,-0.5691439690301124,0.7833147244178685,-0.7265840297500852,0.4674808143936936,
BFAR,1.911193805708725,-0.3750229721846102,0.6829776061090771,-0.5490999541275091,0.5829368567180044,
NDE1,1.9798224219477585,0.7276356541140773,0.745450954111825,0.9761013116966575,0.32901426141953416,
SMG1,3.2413191029524406,-0.2669570920175226,0.5748204262196427,-0.464418242359948,0.6423481227384074,
GDE1,1.3224069313140145,0.6206976066104622,0.8212937069744254,0.7557559510556318,0.44979553116914706,
THUMPD1,1.948525661569589,-0.9316521442174662,0.6974165834611035,-1.3358617594005444,0.18159446207572105,
DCTN5,1.136024531123642,0.745991779071427,0.83346369242454,0.8950501213812232,0.37076029549264844,
LCMT1,1.957772911969637,0.14253306551844058,0.6973973299908035,0.20437856497144916,0.838057679335574,
IL4R,2.5388208885528636,-0.5345763112453277,0.6030909642266624,-0.8863941643211479,0.3754051627569557,
IL21R,2.0122626012895943,0.15369353771646352,0.6565173562583073,0.23410430242455416,0.814904005883075,
CLN3,2.0873630439136397,0.8753106910869108,0.7336186217821881,1.193141320432282,0.23281403118112998,
ATXN2L,1.2497678925954843,-0.4684576678369091,0.8204578342118641,-0.5709710460463966,0.5680192697845983,
C16orf54,2.516564282018651,-0.7133648837953993,0.6609128355206688,-1.079363034663124,0.2804259228653414,
MAZ,2.46340420951916,-0.464099075893673,0.6454456152752395,-0.719036685524257,0.4721183163537649,
CDIPT,2.912411567152389,1.291166834563642,0.7161892928986888,1.8028290109417884,0.07141507251961363,
CD2BP2,1.7739393577198355,1.6205263892301358,0.7954619813726774,2.037214131131318,0.041628588359173505,
STX4,2.180987849590331,-0.21864846791288392,0.6249023771086815,-0.3498922006418566,0.7264196005119132,
PYCARD,3.0058268619386017,1.3106595138579376,0.663984861663565,1.9739298130595584,0.048389724251796135,
ZNF720,1.4844657815854374,-1.6943263940627669,0.7541320673883947,-2.246723707069403,0.024657690183922575,
ZNF267,2.5674625410213703,-1.128318925906403,0.6464215429931506,-1.7454847198964076,0.08090052996188772,
N4BP1,1.7527029742265325,-0.2153546857096155,0.7124887906787135,-0.3022569456909906,0.7624561965923868,
SNX20,2.083952208078433,-0.32370189822786016,0.6709558116469754,-0.48244890737778795,0.6294870853531767,
NUDT21,3.075529750906438,0.008579822579545706,0.6240770980811183,0.0137480170413664,0.9890310149997301,
MT1F,2.0624005553863474,0.9054802861992173,0.7996481963660085,1.1323483130633714,0.2574880258408202,
FAM192A,1.5156892281204237,0.03990557342381474,0.6811791006278413,0.05858308539858881,0.9532841834383066,
ARL2BP,2.47930527262973,1.2007698835624943,0.6718466001953205,1.787267931717455,0.07389419444651221,
POLR2C,2.867740663582739,0.5012768998070223,0.6336867292818014,0.7910484418304802,0.428915723988874,
CFAP20,1.318006229063936,-1.7564697263060385,0.8164066207740531,-2.1514643335948094,0.03143956805620552,
CNOT1,2.6248314209374874,-0.6394331820500614,0.6148481852565575,-1.0399854750864155,0.29834664890077134,
CBFB,1.9482571867737957,0.3230789164546476,0.6909384383177797,0.46759435940667066,0.6400746993904297,
TMEM208,2.2660040760767277,-0.45744739587956346,0.6505011421001513,-0.7032230480067855,0.481916757977507,
ATP6V0D1,2.875629796223417,0.6818990786130797,0.6331149080303591,1.0770542123774811,0.2814560470133327,
NFATC3,2.3077400533684407,0.6875206867918052,0.7089333341212121,0.9697959648688973,0.33214820458468275,
NFAT5,2.568104788315064,-0.902206815827951,0.6231362812322452,-1.447848316653697,0.14765947659978054,
WWP2,1.298457359901461,0.3481938128252405,0.8443500200330298,0.4123808901095538,0.6800602677037475,
IST1,2.7246468894166567,-1.223707081426209,0.607516597501126,-2.014277612265467,0.04398039510105067,
PSMD7,3.1791772595703893,-0.18908390246444232,0.5597148821851605,-0.3378218240798733,0.7354974625350281,
GLG1,2.0379244946762283,-0.5501548388355327,0.6618583023596832,-0.8312275253994686,0.4058451079507579,
CFDP1,1.883966657047906,0.18214050606450521,0.7035300668413443,0.2588951270871276,0.7957161580632828,
KARS,1.757734012941786,0.10425702908606262,0.773980221986982,0.1347024460372014,0.892847139160732,
CMC2,3.409650682239142,-0.1414433845795814,0.6101593365374047,-0.23181384944834071,0.8166825997314869,
PLCG2,2.67908987079395,-0.0025820784047377848,0.6671008485890433,-0.003870596792372591,0.9969117182894669,
USP10,1.9965655071421142,-1.043149177112485,0.7198063571403295,-1.4492080637586233,0.14727948627844417,
GSE1,2.301211197322274,-1.0470264209919649,0.7070755226226368,-1.4807844247081345,0.1386640282588168,
EMC8,1.5178047740459941,0.9018617685614078,0.7458590649281617,1.2091584200941121,0.22660198862988545,
KLHDC4,1.400751661762898,0.881285975911885,0.8452126615595817,1.0426795716544768,0.29709672223312733,
BANP,2.8443825986387763,-2.055007469634767,0.7031097014701387,-2.9227408828777817,0.0034696512551303602,
MVD,2.0487603942903965,0.025232285694361527,0.7010301646789011,0.03599315259981557,0.9712878188519047,
RNF166,2.7517130864608883,0.34727560638417354,0.6250063580403832,0.5556353178118153,0.5784601825148257,
TRAPPC2L,1.8122842269031418,0.42152824132727784,0.7849979809840096,0.5369800324822291,0.5912814067107128,
SPG7,1.7275315120769494,0.7027470450844896,0.7210132421362845,0.9746659340157551,0.32972599618610177,
CHMP1A,1.8161134236317535,0.937355232466154,0.7538198057506081,1.2434738717600986,0.2136932633716787,
CDK10,1.0258086641047035,0.6591232299663272,0.8843761763871175,0.7452973605180083,0.4560919764196997,
GLOD4,1.989632385015092,-0.8179876554307489,0.6817939206265539,-1.1997579190483776,0.23023337158969082,
PRPF8,2.6167482699232107,0.16947560068863232,0.6536394543974856,0.2592799433211268,0.7954192533156862,
RPA1,1.797237453818486,0.915829878350147,0.8357813814527199,1.0957768367109235,0.27317644762182824,
EMC6,2.915589372169528,0.4093848213402851,0.6101676161728854,0.6709382970994805,0.5022598379870447,
ATP2A3,1.1992676658368393,0.49316079641749816,0.866328072077352,0.5692540878133582,0.5691837195266709,
UBE2G1,2.5464178683297902,-0.03991534069860033,0.7426177032537056,-0.053749514082030686,0.9571347332556106,
ARRB2,3.391226900105189,0.8626320685377343,0.6003844100810134,1.4367995804909963,0.1507749496504015,
SLC25A11,2.5390763757807373,0.8519861633976183,0.7009222827930854,1.215521583937327,0.22416722175440584,
SPAG7,2.6672707847908557,0.5651418244219185,0.6795213258780779,0.8316763623152545,0.40559164641405343,
RPAIN,2.9391196807778885,-0.4633970566095514,0.591499317085293,-0.7834278810210874,0.43337588885062683,
DERL2,1.8940631769694687,-0.29451736282238666,0.6558691702458949,-0.4490489508936177,0.6533963449268962,
TXNDC17,2.4380751245164545,-0.48393836156794695,0.6192798391476729,-0.7814534415233038,0.4345358499269294,
MED31,1.9903280748025836,-1.0388539378213257,0.6928914377079086,-1.4993026054093903,0.13379514678534415,
ACADVL,2.8772671102434404,1.0656829334535776,0.7217734499788098,1.4764784344517863,0.13981550040145405,
CTDNEP1,1.49924849155938,-0.662547425812087,0.7011596110505407,-0.9449309620378713,0.34469412319764403,
TMEM256,2.7543550177483374,0.09039242908221165,0.598835639538403,0.15094697628866632,0.8800175432864139,
SAT2,2.2259079671458215,0.6866511801586209,0.7159236328012204,0.9591123252516974,0.33750216193915006,
CHD3,1.2024044011582316,0.16174132727139615,0.7886247701176476,0.20509288244556081,0.8374995572254245,
PER1,2.3532233391184794,-0.9235784614705502,0.6458435030598852,-1.4300344543141006,0.1527071306153643,
TMEM107,2.6555275833583023,-1.3421953751535334,0.6635813951449346,-2.0226537165955065,0.04310886184553323,
STX8,1.9293198956649558,-0.2234993175965872,0.635194113697739,-0.35185986893912036,0.7249433569221372,
TTC19,3.212239944841864,-0.8043888693933956,0.5698826578393253,-1.4114991188592858,0.15809749524430894,
TRPV2,1.7545336438168102,1.5639719653670188,0.791442709199118,1.9761025620535992,0.04814316231922003,
COPS3,1.932741258639215,0.37010395368447613,0.6717737968000782,0.5509353824865248,0.5816779713207102,
RASD1,1.9027002783115932,-0.03878145224416038,0.8052500475939942,-0.04816075746910596,0.9615881248779388,
USP22,1.286416866499957,0.8728197130030109,0.8355536741898938,1.044600412833141,0.29620768872447467,
SDF2,2.874840028439854,-0.3350619972894887,0.6757835924941237,-0.4958125663466774,0.6200266580343521,
ABHD15,1.2335693931696736,0.2554365514647957,0.8320707421750717,0.30698898364948235,0.7588517574051775,
TP53I13,2.0120511526175404,0.844572005493542,0.7116174464025454,1.1868343163354478,0.23529298000817445,
NSRP1,1.0878389303863114,0.4011116170504824,0.8016292803257689,0.5003704666170344,0.6168142447149787,
CPD,2.179773641403613,-0.5423495592408345,0.6601261586191064,-0.8215847109821485,0.4113132937677553,
CRLF3,1.4182864414418346,0.9727281965735506,0.8115096616983906,1.1986649604858055,0.23065824794858103,
EVI2A,2.827714576179207,-0.7226170939915736,0.6018217544679266,-1.2007161399980344,0.22986133113837603,
PSMD11,2.673639619367609,-0.04114404814799901,0.6901934429495521,-0.05961234284140589,0.9524643876870591,
SLFN12L,2.266748942006633,-0.10273059894582111,0.694364182722529,-0.14794916198445782,0.8823828894401559,
AP2B1,1.8691757705607595,-1.6917959207543838,0.700617348317022,-2.4147217091017046,0.015747236028237695,
TAF15,3.389746014926315,-0.10390792429264128,0.5518831806108747,-0.18827883860788527,0.8506580730400601,
DDX52,1.1152494092087912,-1.3165632555030826,0.7862381550665983,-1.6745094943803167,0.09403051003022435,
CISD3,2.0524806013503207,1.7663095783400657,0.7686985982516495,2.2977921156060535,0.02157362372958994,
LASP1,3.1317792570472083,0.04321516345422673,0.5486043016742773,0.07877292125187318,0.9372132428113276,
STARD3,2.3074713021188105,-0.2629059356416989,0.6791561440309756,-0.38710676175478737,0.6986771719682154,
MIEN1,3.255534617846773,1.070137404009686,0.6171423226946954,1.7340204433509423,0.08291445593342424,
SMARCE1,2.5277638543939784,-0.9517859609045535,0.5944804338500417,-1.601038329790754,0.10936842985951986,
CNP,1.7938679347806352,0.9846266439379296,0.7718656901527734,1.2756450461518054,0.2020810227487012,
DNAJC7,2.798774882897859,-0.39851766301126956,0.6304591966104602,-0.6321069867071831,0.5273169701087701,
COA3,2.074894252853095,1.0600986014700466,0.7034503515680378,1.5069984670659644,0.1318110501296161,
BECN1,2.3358332329483003,-0.10368660932537763,0.6467073513065545,-0.16033003044715308,0.8726211039827857,
PSME3,1.1501290709293266,-0.639033154442337,0.7724388400652229,-0.8272928823573639,0.408071077041514,
IFI35,3.431652608865357,0.2272635932196438,0.5993644865327002,0.3791742726272533,0.7045584550910953,
NBR1,1.5260346596123866,-0.06550182865858804,0.7446229145864058,-0.08796644230989112,0.9299033478728373,
TMUB2,1.7113328174989226,0.3664807008505238,0.6985681437812717,0.5246169670245834,0.5998494894091246,
UBTF,1.2421391036899236,-0.17409869851031734,0.7574585808702814,-0.22984583303589587,0.8182115683843674,
GPATCH8,2.3411075634900187,-0.910370162241687,0.7083846470565254,-1.2851353654041633,0.19874498513241945,
HEXIM1,2.9737748608038936,-1.5453632901659466,0.6844165925926782,-2.2579278569385153,0.02395015755328177,
KANSL1,2.7827403059659286,-1.0206631411570253,0.6005833031852652,-1.6994530746089953,0.08923384900912791,
CDC27,1.4019013909301097,0.0635478394205534,0.7849777420151935,0.08095495708886406,0.9354777739099608,
NPEPPS,1.923297182486806,0.34357900559926774,0.7124587601505166,0.48224406073227594,0.6296325802786009,
KPNB1,2.611564639414257,0.13734273559978746,0.5860407858977662,0.23435695757828476,0.814707871082464,
MRPL10,2.1070582808097718,-0.17996292572146863,0.6786625078460533,-0.2651729300512518,0.7908762473411489,
SCRN2,1.0943221500210483,-0.8585528373487421,0.841944330958083,-1.019726371186275,0.30785825112480003,
CDK5RAP3,1.4816913409816495,-0.48612436729872593,0.6846909586505389,-0.7099909253319645,0.4777097635864137,
SNF8,2.3639998088049583,0.6046202091851383,0.7683901901236445,0.7868661221297563,0.43136024114368365,
ABI3,2.2545265078582903,1.3543420644196613,0.7089321237989844,1.9103973694436238,0.056082069298566045,
SLC35B1,1.624564327262365,0.36663504308628353,0.6967730426180384,0.5261900513669383,0.5987561656351214,
MRPL27,1.7512483879577745,-0.11450301158901695,0.6918300745980627,-0.16550742124869397,0.8685446090764674,
LRRC59,2.066983525172819,0.5257599111452599,0.7091187017994305,0.7414272248230277,0.4584344423451233,
RSAD1,1.2547499049049802,0.24069153197164794,0.8067592290570003,0.2983436982220656,0.7654408556123142,
SPAG9,2.5177530951011438,-0.052173400955053996,0.6883147413104853,-0.07579875574903544,0.9395792060473246,
UTP18,1.2846406971330775,0.5923881503236836,0.817936308566744,0.7242472844391947,0.46891393408476945,
MMD,1.4887089680416912,0.4312190318577972,0.8609704553056713,0.5008522989382963,0.6164750755705206,
MSI2,2.795420038471585,-1.3149253367423537,0.6334075479779179,-2.0759546376422326,0.03789814665260221,
MRPS23,1.2097657617830917,1.0535630486078778,0.833968005435472,1.263313510519795,0.20647653271216648,
SRSF1,2.6270034851324744,-0.3453398532752007,0.6026633890439611,-0.5730227844486004,0.5666292670302431,
CLTC,1.4147040517037153,0.5826195002553697,0.7873474644231101,0.7399776167212977,0.4593135761358489,
APPBP2,1.1343736624597298,-0.6770860257765408,0.9648233389889085,-0.7017720223124955,0.4828213492148157,
MED13,1.8123308089427563,-0.2129376088209005,0.6798869838758834,-0.31319559554882326,0.7541320644681446,
DCAF7,1.5172050142115454,0.22280255010648753,0.711881981099085,0.3129768079850812,0.7542982821708375,
CCDC47,1.6047422801435933,-0.43480931048529897,0.7404512726491745,-0.5872220449154545,0.5570545886091871,
CEP95,1.2792486661820883,0.6697797373125643,0.8226672352424683,0.8141563303115593,0.4155553990806984,
AMZ2,2.641823302649831,0.012628294963298497,0.6014106529421351,0.020997790613651684,0.9832474181231324,
CD300A,2.246612699654414,0.5338110789046482,0.6546467712101024,0.8154184857857137,0.4148328064668446,
MRPS7,2.662690822245973,1.0383426981466268,0.6382131918836361,1.6269527351542827,0.10374713650827103,
MIF4GD,2.085047708269864,-0.1411398803514382,0.6809708534220509,-0.20726273326115882,0.8358046767338372,
WBP2,2.4919496902667677,0.06600135636397685,0.6325566921450173,0.10434061829330178,0.9168990450739962,
TNRC6C,1.6082318805356097,0.043809774304619006,0.7581281920392684,0.05778676319472605,0.9539184819999319,
TMC8,2.6469084943639345,0.18235335201651065,0.6539769743180567,0.27883757254093244,0.7803694788143077,
CYTH1,2.2718225211828464,-0.40570567131198204,0.684899161141651,-0.5923582540759952,0.553610714575677,
C17orf89,2.455416251076422,0.2812153132878736,0.6696074102658868,0.41997043189263544,0.6745070540824596,
FAM195B,2.1679292219232456,0.44530183933396306,0.6321232213216392,0.7044541701899968,0.48114998129784425,
STRA13,2.7921822067390263,1.2579582177539588,0.6588962212364238,1.90919021419396,0.05623755821959767,
GPS1,1.3351397569505408,0.29540370652802195,0.7716228409187833,0.3828343212031933,0.7018426119550507,
CCDC57,1.4058637724395018,1.13404002351238,0.8001811058309134,1.417229193802052,0.15641592900853318,
C17orf62,3.0284511770938947,1.1238723032165998,0.6617457053558434,1.698344687574897,0.08944272508859091,
WDR45B,1.1775012780361507,0.11201277226240222,0.8082425023478853,0.13858807466448908,0.8897756674050122,
TBCD,3.243194800480608,0.5238083158075241,0.6768689105903379,0.7738696631090346,0.4390078712421579,
ENOSF1,1.32970763991521,-0.5063159423157497,0.759812146996499,-0.6663698972399853,0.5051746986515089,
YES1,1.8747690407596402,-0.4692067787498401,0.6818126591429808,-0.6881755163355573,0.4913422600546824,
LPIN2,3.161125569889666,0.25489513846612843,0.631886729541985,0.40338738977931365,0.6866632620370665,
LINC00667,1.8541235668696485,0.04670275568382043,0.7206967383495814,0.06480222984048913,0.9483314660282904,
RALBP1,1.9241008349782072,0.5742506691179811,0.7459867973671405,0.7697866385098519,0.44142646687917797,
MPPE1,1.9684624126798151,-0.34103916973826487,0.6804052981446359,-0.5012294446680942,0.6162096540172137,
PSMG2,3.152437718340256,0.10812631976255872,0.6097746344747633,0.1773217737331672,0.8592556488281995,
ESCO1,1.9660840260623864,-0.421940735582692,0.6479327421045832,-0.6512107016110421,0.5149104831276594,
ABHD3,1.8846584325750197,-0.01239157190625219,0.7016878662182574,-0.01765966393723821,0.9859103591406431,
RIOK3,2.5079193277561935,0.45494837632166724,0.6482007060962229,0.7018634383501148,0.4827643318701893,
ZNF24,2.607286060583456,-0.33761076601061274,0.649486451770829,-0.5198118684232979,0.6031947063990271,
ELP2,2.109202611556476,-0.44031977725701804,0.7089917946222645,-0.6210505969136229,0.5345663329794461,
TPGS2,2.29899011346188,-0.252699158912266,0.667133707672917,-0.3787833773138617,0.7048487321813592,
SMAD2,1.452084636386401,-0.03742118084011776,0.7361392912770509,-0.05083437507485801,0.9594574989283791,
SMAD7,1.943971298344755,-0.7627303047638783,0.6916551964582273,-1.102760896859601,0.27013101343528245,
C18orf32,1.6712476542116084,0.42862255192588,0.7899651768863378,0.542584109359483,0.5874161823694123,
MBD1,1.6317075111378851,-1.1904285317195984,0.7620307027744166,-1.5621792237313565,0.11824577360638068,
SMAD4,0.9458883697501481,-0.5553938358508084,0.8986860835047744,-0.6180064941974344,0.5365710577570603,
TXNL1,3.1080966777469374,0.9175115411429803,0.6091447136514174,1.5062291776991854,0.13200835167826325,
SEC11C,3.1396102392330976,0.7706846116888304,0.6473413134338566,1.1905382766329136,0.2338348950159378,
LMAN1,2.1882126666089863,0.5434493979014438,0.6821243977886824,0.7967013050159227,0.425624525854735,
FAM110A,2.5396415733124758,0.3340901669776944,0.6851677092171887,0.48760349106264195,0.6258307223130419,
NOP56,3.154970028654277,0.1385498352300364,0.6582825752262896,0.21047167347914206,0.8332995577920361,
DDRGK1,2.1373247417843144,1.1724125858099423,0.7172776359074738,1.6345310757202798,0.10214738663158082,
ITPA,2.008578234021131,0.2199014629731677,0.6496250797524954,0.3385051929598366,0.7349825144177471,
MAVS,1.2150927800637379,-0.5731190783683064,0.8218961445870294,-0.697313258059236,0.48560677271362607,
PANK2,1.880912856580546,0.0678777789861246,0.6788308653845967,0.099992181333222,0.9203505327277595,
PCNA,1.6487493546392291,-0.8338461037004152,0.711001292936827,-1.1727771974312051,0.24088516459433307,
GPCPD1,3.1101791934016516,-1.1365688392721167,0.6175852244349495,-1.8403433150655504,0.06571784990650364,
CRLS1,1.0733226466407864,-0.725096590627758,0.8044326365462785,-0.901376395841995,0.36738822715454755,
ESF1,1.944118758275927,-0.5300707629514025,0.6647608809726101,-0.7973856135695849,0.4252271119097749,
RRBP1,2.4230884791313887,0.10722090756629644,0.7056470437708154,0.15194693793845232,0.8792287869523984,
SNX5,2.447481459291283,0.7017082629280315,0.702939134635143,0.9982489640333506,0.3181586486585144,
SEC23B,1.3538516007749384,-0.31650575931344377,0.7611209013091699,-0.4158416340545062,0.677525890965575,
NAA20,2.1778768700301705,0.4184315155416919,0.6689717458844802,0.62548458603205,0.5316530618242038,
CST3,2.2510001218847395,0.8935713138476945,0.7367018743777571,1.212934763607646,0.2251547632128914,
CHMP4B,1.6376480892825296,0.10705535302231108,0.795733744721939,0.13453665089912764,0.8929782312900225,
MAP1LC3A,1.786006559829655,-0.08889319336688645,0.8015853869992786,-0.11089672392813522,0.911698243505882,
MMP24-AS1,2.3793307800627916,0.9365282325159617,0.6828588921196098,1.371481346034693,0.17022495464308873,
LINC00657,2.4905653574852358,0.4233021458013135,0.6483050487099753,0.6529366794900301,0.5137971010459952,
TGIF2,1.5337486799474849,-1.3192102875821479,0.8284509353890437,-1.5923819157288317,0.1112989171116876,
PPP1R16B,2.7197283248887896,0.23264093091531826,0.6194310277205908,0.3755719692818754,0.7072351329119648,
CHD6,2.616946139233699,-1.3505170489586198,0.6691797562292622,-2.018167818716755,0.043573786494359994,
OSER1,2.775006980154812,-1.117661314151553,0.6167844416227835,-1.812077670459623,0.06997419608833977,
ADA,1.309009077444419,1.6803022710274358,0.9878096052520883,1.7010386030804225,0.0889357385934297,
PIGT,2.347404126207074,0.47209713814727977,0.6542688689010795,0.7215644218870167,0.4705623197246356,
NCOA3,2.2896681184958783,0.1094778514210108,0.6390709120877589,0.17130783039922964,0.8639817237096927,
STAU1,2.7841281660585584,0.8070916947755142,0.6560691318857342,1.2301930628190005,0.21862481703986958,
DDX27,3.34567041111621,-0.6831782624276271,0.6953889222236631,-0.9824405316136047,0.3258828666171888,
PTPN1,2.7584847307954004,0.006588223577324356,0.6153419558850434,0.010706605513106197,0.9914575279687212,
NFATC2,3.0455729069444355,1.611711392712336,0.8556309245614694,1.8836525731446363,0.05961198555056147,
ZNF217,1.8938091158484,-0.11465141957872389,0.701585279370697,-0.16341765277852338,0.8701896048045278,
RBM38,2.2125567839963542,-0.7079149807256916,0.7042493195659932,-1.0052050616988275,0.3147981183648121,
STX16,1.6996248605433,-0.03467676648049585,0.6772266129056882,-0.05120408120365022,0.9591628997826069,
NELFCD,1.6770513037489603,0.1546066907023146,0.7517544394618416,0.20566116086124198,0.8370555991021494,
PRELID3B,2.2566943649901314,0.7017203117899891,0.6432813191534987,1.0908451573152955,0.2753410224445886,
OGFR,2.137129910106551,0.40932300690469037,0.6547157571901029,0.6251919285728136,0.5318450987203825,
GID8,2.8470186393374926,1.007425201394953,0.6511046077060253,1.5472555246449846,0.12180164173699753,
RGS19,3.269569549589269,0.16474700138171847,0.6436215955841131,0.2559687283833349,0.7979749842031043,
PTBP1,2.7937599093102694,-0.8555274584012008,0.6276840087373937,-1.3629906871805153,0.17288544565568642,
HMHA1,3.2551475818473907,0.1814488118114258,0.6146900808180409,0.29518747328727085,0.7678506707421591,
C19orf24,2.8691521114952065,0.5898528369103763,0.6531582460140347,0.9030779914515566,0.3664845037418787,
MUM1,1.3372527394915537,-1.4604549238739857,0.8396288210656127,-1.7394054220535846,0.08196347519081051,
DAZAP1,1.387080928845202,-0.576441487924562,0.7098839536327292,-0.8120221410481324,0.41677892693400986,
C19orf25,2.6672630172250273,1.3628645738238034,0.7155973231815749,1.9045132362491968,0.056843374480933344,
SCAMP4,1.1412249499433247,0.3401292529876417,0.8576210183193416,0.396596218751943,0.6916652413747427,
MOB3A,2.51710197504327,-0.5202074131081192,0.5957411608161354,-0.8732104600519146,0.3825483744960906,
AP3D1,1.3990151461555127,-0.4931243384338083,0.7924294187775514,-0.6222943353043747,0.5337483453327806,
SF3A2,2.8593350495760883,-0.23909743721430804,0.7891782264737456,-0.3029701393089085,0.761912618115691,
TIMM13,2.4786336655188665,0.501066091517236,0.7037484827213037,0.7119959812626219,0.4764672645851622,
GNA15,3.311278238492044,-1.474953523572417,0.6728462223628141,-2.192110878460262,0.028371501445265384,
HMG20B,1.6552913584888649,0.4004952685677333,0.7305816104127559,0.5481869004907828,0.583563575824707,
SAFB2,2.9559576638111364,-0.19540574420659532,0.6505199944567774,-0.30038391728415764,0.7638843297441045,
SAFB,1.7852302268728943,0.3260386946901628,0.6913950888927867,0.4715664023768051,0.637236312676595,
CLPP,2.6117696002837474,0.03012157316483092,0.6331359574446423,0.0475752053104085,0.9620547929434137,
GTF2F1,2.8442266524478397,-0.22581085306224127,0.6833017177858447,-0.33047019667088445,0.741044708453221,
DENND1C,1.192027714902905,0.5548892275450801,0.812309786141703,0.6831005079733001,0.49454333447402365,
GPR108,2.2378219280959937,-0.42130218985540635,0.6963233539415461,-0.6050381442337395,0.5451536522630336,
PET100,3.409093441472126,-0.16151871485322866,0.5938591856039708,-0.2719815046541038,0.7856362406087072,
ELAVL1,2.480221241403337,1.4390561045408967,0.670772698825487,2.1453707150882297,0.031923218618923416,
ZNF426,1.488423256838658,0.44120927680457617,0.8103219386123255,0.5444864019850506,0.5861068032662049,
DNMT1,2.834684864126394,1.0286794924604756,0.6701033115446412,1.5351058183689434,0.1247578373311476,
MRPL4,1.3273026228461702,0.6348356818459077,0.8490032072102154,0.7477423836029405,0.45461556099154976,
PDE4A,2.5224455310124014,-0.3428410321044767,0.6323050480915321,-0.5422082792779589,0.587675032424924,
ATG4D,1.9692708645184058,1.9623584394153895,0.9299095640281511,2.110268046835556,0.03483527423328828,
CDKN2D,1.9510317937637658,-0.44010068980020883,0.6591357574575206,-0.6676935438881451,0.5043292319642296,
SLC44A2,2.4430551874081634,0.6727034276982358,0.8159184860247725,0.824473815976038,0.4096703876209753,
ILF3-AS1,3.0063486296467072,-0.8994992753853601,0.6962999091615477,-1.2918273628219998,0.19641693709647157,
ILF3,3.3627404792238833,0.14343733438623893,0.6491776667039055,0.2209523551765401,0.8251295311392113,
QTRT1,2.240033893696425,-0.28281714186386336,0.6814610951021368,-0.4150158298053317,0.6781303149225032,
DNM2,1.55445670195128,0.10057454393551847,0.7071997785545789,0.14221518018724397,0.8869100416066616,
TMED1,1.4861509636875279,1.3666122714141222,0.891102028352155,1.5336204249711909,0.125123060507121,
SMARCA4,1.5841905512519057,1.0565492134856416,0.8127279795577222,1.3000034944786867,0.19359977148615626,
TMEM205,1.7612023244765969,0.19610344459379048,0.7667384229178318,0.2557631634626012,0.7981337193157227,
EPOR,1.2073666431304928,0.07926472905061531,0.8297507799200409,0.09552835739214813,0.9238951673085406,
ELOF1,1.447789550275832,1.3818610996495462,0.8704741388125133,1.5874809348554098,0.11240376157872445,
ASNA1,2.14415981442271,0.5050521950289787,0.6503580778942119,0.7765755699756699,0.43740921954481937,
RNASEH2A,1.3713751444743065,0.5154889128509473,0.8967630929218191,0.5748328816381031,0.5654043262297169,
STX10,2.055527245663825,1.289206539093304,0.777699202397889,1.657718736393555,0.09737425023212697,
BRD4,2.211251995142126,0.13279429846744908,0.6669178337398686,0.19911643046457433,0.8421716689153851,
RASAL3,3.2887744732751716,0.08768559802635528,0.6400178606896749,0.13700492347489557,0.8910269034415037,
RAB8A,2.3704834604245226,0.49913326780625483,0.6183693669042203,0.8071765752322042,0.4195647594908797,
FAM32A,2.5121150258050013,-0.1083979464638543,0.6253219591380592,-0.1733474170861831,0.8623783543624182,
AP1M1,2.116509499413017,0.9020679901373773,0.7934060989705647,1.1369562085643155,0.2555565927324738,
KLF2,3.525082761500651,-2.3596707080567327,0.7489382106031296,-3.150688100366063,,
CHERP,1.292482191235585,-0.015212281182999363,0.7452649251357939,-0.020411910811752677,0.9837147823767459,
MRPL34,3.0301429909821445,1.3527266645938525,0.6855219240507473,1.9732799450097729,0.04846367652518875,
DDA1,1.6809214272697741,1.1047338152663717,0.8579727379686813,1.2876094616734757,0.1978819440572004,
JUND,35.36733713998915,-3.1996319863144,0.7191804981511221,-4.4489971495890845,,
SSBP4,1.8974972889507302,0.409603201278288,0.7280883774196526,0.5625734649547943,0.5737253651008374,
KXD1,3.2322988120163965,0.9857287023198197,0.6429603167128997,1.5331097063024124,0.12524882654492323,
NR2C2AP,1.2708813645423869,0.7996608363426173,0.9330358867227275,0.857052604001559,0.3914158132534583,
ZNF430,1.913491717197964,-0.002722862818816566,0.6966961877909018,-0.003908249918017025,0.9968816756690885,
ZNF493,1.4891357950239612,-0.029834953174143197,0.8371453483863784,-0.03563891650553984,0.9715702771357231,
PLEKHF1,1.740563108752024,1.57209027766359,0.8524947373156325,1.8441055514475633,0.06516775904357223,
CEBPG,2.4561647772479542,0.4520784333963412,0.7345277287505505,0.6154681650553037,0.5382455869729715,
GPI,2.853287353323689,0.8332220245791673,0.6343171156176677,1.3135732964856475,0.1889898399533737,
UBA2,1.4105233011145017,1.4436721942165294,0.8436815400192862,1.7111577363462611,0.08705199827422747,
GRAMD1A,1.7287721587116667,0.7984507339307245,0.8005543785254692,0.9973722652062444,0.31858384845023713,
LSR,0.9976355818648235,-0.5380374389456666,0.903975448775608,-0.595190322562867,0.5517162583655271,
TMEM147,2.390040707772077,0.8718592108387055,0.739986551498105,1.1782095351241506,0.23871308217992848,
RBM42,2.1144045028343936,1.0554688012196074,0.7427503636117007,1.4210276466069716,0.15530872231911264,
IGFLR1,1.396022278073804,1.2406350867820526,0.8418050329422649,1.4737796024404874,0.14054094199481137,
PSENEN,1.4809602329989973,-0.8326956021888882,0.731112897134395,-1.1389425702277278,0.2547271083980346,
POLR2I,2.423888927016025,0.5364444523432562,0.7057436260731754,0.7601123588293446,0.4471874258355544,
MAP4K1,1.1989654434611088,1.2839467361165922,0.8386579422775237,1.5309540056698303,0.12578076041302827,
CAPN12,2.5389220202239,0.6189335910119357,0.5998992260886115,1.0317292706767265,0.3021989612321748,
SIRT2,2.47078600312477,0.6933413243019673,0.6997772821940351,0.9908028481978023,0.3217818582671792,
NFKBIB,2.626478719700243,-0.5469923152128928,0.6432333839525748,-0.8503792384837139,0.3951142750966131,
MRPS12,1.980036620967985,0.17105929388779906,0.768039205696105,0.22272208582472183,0.823751811074451,
PAF1,2.7953087679271653,-1.0833721098897173,0.7077573454093766,-1.5307112203308608,0.1258407794671407,
PSMC4,2.5278991077722157,-0.5819885482202932,0.6139756921479124,-0.9479016118444098,0.3431795443168093,
SERTAD3,1.4354790700420708,-1.3835805748769459,0.8177244053608748,-1.691988848328857,0.0906480999080252,
SHKBP1,2.7687446273767544,1.477181814817948,0.6999438248671617,2.1104290977898033,0.03482141233558694,
SNRPA,3.3279096170742863,1.1673359025687022,0.7306393890909018,1.5976908992289072,0.11011178515715642,
AC006129.2,2.2433927573904096,-1.1948982097528376,0.7632085643855552,-1.5656247394378071,0.11743649476821744,
ETHE1,1.842280984084224,1.3912315055090638,0.7626436513346948,1.8242222341643883,0.06811848152741082,
ZNF428,2.97023910367629,1.5980530912079283,0.6650072406694753,2.4030611901295065,0.016258466656562453,
TRAPPC6A,2.0011807885292874,0.9565838700989552,0.7962936583887836,1.2012953513085887,0.2296366530584607,
ERCC1,1.4417379686912493,0.2188930473042331,0.7181477448912565,0.3048022483693496,0.7605167690124033,
PRKD2,2.1060044889410845,0.3110734640262602,0.6972194414597811,0.44616292307477823,0.6554795631735946,
CARD8,1.8508823471676785,-0.8974245704926087,0.7184922566052083,-1.249038611401095,0.21165095188159477,
KDELR1,3.152745134322201,0.9649930792793505,0.6611565725677807,1.4595530307314928,0.14441295595830067,
RUVBL2,1.4191043872309295,0.6563889661966131,0.9018595168801576,0.7278173084731516,0.46672542774071757,
SNRNP70,3.136081017567591,1.138438321111005,0.610032427864583,1.8661931220543562,0.06201435102016884,
PIH1D1,1.6143945524349328,0.011410659030277203,0.699999039487906,0.016300963839357308,0.9869942886116092,
IRF3,2.4202331914040847,0.5574127617186724,0.6319088151336433,0.8821094885355957,0.37771760154678613,
PNKP,2.640871618826019,-0.052027255982940786,0.6428277031278284,-0.08093499351348737,0.9354936504410193,
NR1H2,2.6543001192431452,1.106206578467439,0.7012145201835935,1.5775580034734726,0.11466718683032152,
JOSD2,1.6727088321167427,1.0895381706569554,0.7616857563869778,1.4304300185750234,0.15259363777172377,
ZNF880,1.5389871183382395,0.23161156036323574,0.7695820772227233,0.300957581027716,0.7634468411664529,
ZNF600,1.8679144669762264,-0.10137783555322036,0.7054448562902329,-0.14370766850061442,0.8857313154724953,
ZNF677,1.2902955947062407,-0.05947023183277828,0.8457675231072881,-0.07031510457423218,0.9439428605521617,
LENG1,2.212244691223053,1.112113141532988,0.7755336463900885,1.4339972826576786,0.15157303829919572,
TSEN34,1.9890747534463744,-0.020804520787353103,0.7186993533024519,-0.028947460007798125,0.9769064938518739,
LAIR1,1.4935869684212308,-0.0745491475598661,0.8425309636841455,-0.08848238316831007,0.9294932856110061,
KIR3DL2,1.7612836243652963,-0.668074125236677,0.7595548491565408,-0.8795600817749369,0.3790976716765043,
NCR1,2.6787757813668813,0.455507186026014,0.6389707198163195,0.7128764619401583,0.4759222056485751,
TRAPPC2P1,2.945417210323427,-0.15512099366174603,0.611454488972409,-0.2536918061104392,0.7997336647938518,
TRIM28,2.233730283021567,-1.6957653093789629,0.715697303260234,-2.3693889884092068,0.017817503022933414,
CHMP2A,3.1657727675406173,1.196197767345257,0.6735993952839845,1.7758296336369912,0.07576100179478436,
ATP6V1E1,2.011030460919925,-0.649898873955446,0.7404528887611299,-0.8777045559816883,0.38010407140898805,
BID,2.0305999230094876,0.18549274504457236,0.7205964930877297,0.2574155533976341,0.7968579974634465,
MRPL40,1.6698250305583713,-0.3522347907322904,0.7044301581140469,-0.5000279824408992,0.6170553742954146,
COMT,2.224310380881129,0.45286658136943786,0.7281577430030056,0.6219347191197396,0.5339847943731244,
CRKL,1.444972391532146,-0.20659906668030936,0.7834460336781501,-0.2637055493284723,0.7920068191139578,
MAPK1,2.8952154606541005,-0.6635326668580787,0.609641793213557,-1.088397603714881,0.2764196185713331,
SMARCB1,2.819272705480605,0.1246821332496341,0.6671435208838006,0.1868895212899033,0.8517472552470466,
CABIN1,2.9790917711615665,0.45619095224635464,0.6784737208161403,0.6723782193031731,0.5013429451912153,
NF2,1.104629547796432,0.019232348829008518,0.9273546904504776,0.02073893519605329,0.9834539098964389,
ASCC2,2.5817449239851062,-0.020242231031628522,0.76427504791417,-0.026485531729542707,0.9788700735592956,
SF3A1,2.6313007122070124,0.713970667937643,0.6823851321822403,1.0462869635720131,0.29542856243891835,
MTFP1,1.6884785077539524,0.23371737568102774,0.8050993845757989,0.29029630398260925,0.771589566163044,
HMGXB4,1.2945882207126742,-0.4165649360573703,0.7643625301134761,-0.5449834596098369,0.5857648936122914,
MCM5,1.5214666090357605,-0.25578232214013413,0.7554829635862471,-0.33856795516069055,0.7349352263433757,
APOL6,2.757020936611245,0.3569018920469622,0.6258044079014404,0.5703090095574583,0.5684681312447075,
TXN2,2.693515185603675,0.37351787316338797,0.6111742982864385,0.6111478741999253,0.5411016883109561,
MPST,3.2922137800753317,1.1951017110065374,0.681053551190882,1.7547837595396092,0.07929630254205028,
MFNG,2.2352785494442853,0.6606783341238673,0.6487640806412873,1.0183645393419487,0.30850474766534863,
GGA1,1.7201725592825834,0.051101592296285234,0.6938225384161935,0.07365225178896055,0.9412870930911224,
POLR2F,3.0883907586351995,1.0784179078090164,0.6537073366047804,1.6496952801694014,0.09900527603788277,
CSNK1E,1.1534328311288802,0.4785261831018896,0.8105199370934798,0.5903940929792325,0.5549264698908738,
APOBEC3C,3.1174981354016555,0.3362498285333437,0.6860501246560304,0.4901242874956572,0.6240459526061124,
ADSL,1.8475107317577897,0.44749120406340054,0.7701575145262141,0.5810385481191968,0.5612144736198941,
TOB2,2.7965545304262664,-1.0597058564953679,0.6481551402456599,-1.6349571124186788,0.10205803852748854,
PHF5A,2.739003504754318,-0.10218497927350824,0.6193806703589373,-0.16497928360323388,0.8689602878966441,
ACO2,1.5432860350168165,-0.04567426350416834,0.8146437490955674,-0.05606654878881321,0.9552887922033105,
MEI1,1.7410585470118272,0.2230537901872648,0.7730018391036574,0.2885553163054686,0.7729216938979251,
RRP7A,1.5059790069198082,-0.10607375869206077,0.7596045210815064,-0.13964340093847194,0.8889417475754349,
POLDIP3,1.45743133381752,-0.7217201091743095,0.7610272439583238,-0.9483498979884526,0.3429513564730604,
CYB5R3,2.6565754399784742,1.2091000743324125,0.6835861267014895,1.768760405022681,0.07693386700737832,
ARFGAP3,2.228454657234783,0.15429063098430595,0.6576677619825474,0.23460269744588816,0.8145171157208393,
PARVG,2.767776640023787,0.2566507118808263,0.5735514857878523,0.44747632643350405,0.6545311770408708,
NUP50,1.34871539430089,0.2141697065089763,0.7814678513640289,0.27406080254632287,0.784037895973956,
CTA-29F11.1,2.6284130477509065,-0.5413862303236565,0.6016657827225143,-0.899812231092659,0.3682201842099434,
CRELD2,2.586776400734874,1.0311770739467592,0.6711702126728547,1.5363868277768473,0.12444353542708717,
PPP6R2,1.7996968110521148,0.33799394528950694,0.7743702814052592,0.43647587388832276,0.6624914999545681,
BTG3,3.3609501133496553,0.27068868622442316,0.6417919750910176,0.42177013227071697,0.6731928084551682,
APP,1.2571236400121133,-0.12659557987476758,0.894029661345015,-0.1416010959684626,0.887395101199399,
TIAM1,1.5306472788282017,-0.14466225611073524,0.7623918995127049,-0.18974789239392295,0.8495066897907497,
SCAF4,1.9428028163500326,-0.7738846991413514,0.7923548858126832,-0.9766895023908538,0.32872289377402075,
IFNAR2,1.9976898320184207,1.845405298736523,0.922502839101143,2.0004331916578453,0.0454535072827357,
IFNAR1,1.4640473861977283,0.4693931334947248,0.7590170769448581,0.6184223619633077,0.5362969609258341,
TMEM50B,2.925630794816051,0.35782312151383405,0.5865520594088287,0.6100449495897688,0.5418320320462344,
GART,1.4169768330467571,-0.41138323944276617,0.7305687256624526,-0.5630999863424746,0.5733668008007216,
PIGP,1.5179646744347661,0.20344669663967402,0.7532739189377655,0.2700832877986348,0.7870961789118911,
TTC3,2.9004392686165668,0.02377243095868496,0.5919105647036985,0.04016220080576713,0.9679638126883424,
DSCR3,1.311700785442738,0.37997568633035717,0.7873357768023165,0.48260945015554796,0.6293730678609157,
BRWD1,1.887279437785652,0.022915397837476842,0.6402190624610745,0.03579305769089014,0.9714473686818375,
MX2,2.464004217365682,0.3367295639953878,0.6830409668008552,0.49298589742357773,0.6220225520038202,
NDUFV3,1.4448757809117698,1.2118631042321635,0.8336260193023366,1.4537251431359763,0.1460225244432083,
RRP1B,1.6777640204437225,0.6493762721806563,0.825974341032741,0.786194243478219,0.43175369803978836,
PTTG1IP,1.9296423678257055,-0.3113137444604576,0.764709882444452,-0.40710045941255535,0.6839342059958623,
DIP2A,2.104563705691308,-0.1540247551521856,0.6638817295460666,-0.23200631723590437,0.8165331072194435,
