,baseMean,log2FoldChange,lfcSE,stat,pvalue,padj
MGP,10.174841092601412,-3.1576234986302416,0.873688909652877,-3.614127939296824,0.0003013602322479472,0.9008406449192571
PRDM1,6.207388559629431,-2.0299112147392724,0.5705844474139534,-3.557599973044116,0.000374258680897074,0.9008406449192571
NDUFV3,1.689888195620027,0.6258373444337062,0.669109422345457,0.935328846872209,0.3496188533732768,0.9982547051643537
NOC2L,1.9175771012778344,-0.6372450643954258,0.6559926597858424,-0.971421028710082,0.33133866101482834,0.9982547051643537
ISG15,12.39964142114837,-0.22380194395816355,0.5418668206625278,-0.4130202024263567,0.6795918123240146,0.9982547051643537
SDF4,4.209493105118872,0.40624005324957446,0.5433159213396274,0.7477050410154157,0.4546380898639504,0.9982547051643537
UBE2J2,2.4970360387472743,0.19661435498250768,0.6663860614350331,0.29504571953246933,0.7679589542840843,0.9982547051643537
CPSF3L,3.2632794317225375,-0.16254388167350728,0.5668367210571147,-0.28675608977903405,0.7742990867668305,0.9982547051643537
AURKAIP1,7.068404936982085,0.10199898240147443,0.49671757830346625,0.205346029326868,0.83730178400734,0.9982547051643537
CCNL2,2.4121070671108713,0.9318084558893643,0.6722556477322124,1.3860924174199616,0.16571868543316426,0.9982547051643537
MRPL20,6.530979432570042,-0.0565834001385542,0.4274582728031756,-0.13237175120624742,0.8946902573042134,0.9982547051643537
SSU72,6.115149681752293,0.14669869256756887,0.5746808928916532,0.2552698277985493,0.7985147020665243,0.9982547051643537
CDK11B,2.299738795036883,0.126629413865134,0.6364300206805773,0.19896832291116728,0.8422875238024798,0.9982547051643537
SLC35E2B,0.8148431641054268,0.5961190393669584,0.7904365768991402,0.7541642894430773,0.4507505776394132,0.9982547051643537
CDK11A,2.212555775180886,-0.40823301152183616,0.6699082441374703,-0.6093864571669066,0.5422683123917356,0.9982547051643537
GNB1,2.534606732524862,-0.5041095127286626,0.6229981151381289,-0.8091669950187462,0.4184190966870932,0.9982547051643537
FAAP20,3.4759190199617938,0.6980082396034284,0.6760018411048647,1.0325537552717257,0.301812779118389,0.9982547051643537
PFKL,2.1531536046142272,-0.4913590359772415,0.783282478859114,-0.6273075796268646,0.5304576359295683,0.9982547051643537
AGPAT3,1.1730608215508198,0.7388087886375113,0.8162943275776778,0.9050764701867992,0.365424876639448,0.9982547051643537
U2AF1,1.8704324736685898,-0.9941470116356429,0.7235677551381673,-1.3739515125930504,0.16945673588456267,0.9982547051643537
RER1,6.056682036118451,0.30243070528925076,0.5839373817284327,0.5179163293058363,0.6045166483813564,0.9982547051643537
TNFRSF14,6.890350058151077,0.29440357118471044,0.5707896074657597,0.5157829913754535,0.606005983184227,0.9982547051643537
WRAP73,1.5123575206166808,0.3174022181807239,0.7481958021755206,0.4242234683191446,0.6714028470725208,0.9982547051643537
LRRC47,1.54847997944586,0.22862456804419545,0.8055258375994084,0.283820279093135,0.7765481128526537,0.9982547051643537
C1orf174,2.5207912498688563,0.8536840161132133,0.6275228389773471,1.3604031010320414,0.17370239770427076,0.9982547051643537
KCNAB2,3.1810701424601175,0.06364582071750217,0.585230219777393,0.10875347609648638,0.913398025559069,0.9982547051643537
RPL22,63.00112182246333,-0.3134763968009559,0.2941266758585684,-1.0657870316791391,0.2865199245028779,0.9982547051643537
ACOT7,0.832735619995392,-0.04366979233233527,0.8399790694574676,-0.05198914344442067,0.9585373439924747,0.9982547051643537
TNFRSF25,1.0123837268863838,0.8950933096663605,0.7415981214956368,1.2069789333623964,0.22744025713277305,0.9982547051643537
ZBTB48,1.2863985168849374,0.01830768099233184,0.8121784394724096,0.022541451610343776,0.9820160467870989,0.9982547051643537
CAMTA1,3.3059496086406672,-0.14152719968346403,0.5314000681556871,-0.2663289076620895,0.7899859117134345,0.9982547051643537
TNFRSF9,3.7361428360796074,-2.1977652937142254,0.7130016140524043,-3.0824127889739867,0.0020532988644052625,0.9982547051643537
PARK7,19.12051351790206,-0.533960304591824,0.45380330781762823,-1.1766337869145915,0.23934170617479433,0.9982547051643537
SUMO3,6.4586807735846605,-0.08462867660521413,0.47843308953176583,-0.17688717285010272,0.8595970143252814,0.9982547051643537
CLSTN1,1.0760042657139948,0.17633242417523592,0.7510198461937682,0.2347906317907623,0.8143712392670988,0.9982547051643537
LZIC,1.2807404032515688,0.22816185587362287,0.6890265146287003,0.3311365397840659,0.7405413523292647,0.9982547051643537
DFFA,1.3543054706212965,0.7940522942683085,0.7246083849313653,1.0958364694379308,0.27315034548788797,0.9982547051643537
SRM,1.4249871468785893,-0.10140505832935953,0.7789117084641962,-0.13018812944704986,0.8964175859788827,0.9982547051643537
EXOSC10,2.026306697927404,-0.9562328099975405,0.7671494914479433,-1.2464751924591844,0.2125899911777872,0.9982547051643537
FBXO6,1.2566991985869413,0.3579055586623407,0.704926859084089,0.5077201330182923,0.6116496271259279,0.9982547051643537
MAD2L2,4.192764576758844,0.2922796915836168,0.6034356046118525,0.4843593738086099,0.628130845351685,0.9982547051643537
AGTRAP,4.962600922811505,0.11868625572080001,0.512552051462887,0.23155941993023876,0.8168802290508136,0.9982547051643537
MIIP,2.0600605089378257,0.9396920796060007,0.6710140543670224,1.400405957953334,0.16139178689883216,0.9982547051643537
TNFRSF1B,7.519599649775616,-0.5077313626873124,0.47572637802654666,-1.0672760354250945,0.2858472063481903,0.9982547051643537
VPS13D,1.1864905285370682,-0.21887789426086984,0.7817523475654259,-0.27998367378430117,0.7794900305951729,0.9982547051643537
PRDM2,3.4727147286430875,0.21374546369756658,0.717223694179882,0.29801785054239793,0.7656895395560896,0.9982547051643537
EFHD2,2.8873847039455063,-0.2813263478717143,0.6814812646693633,-0.4128159678875492,0.6797414515155702,0.9982547051643537
UQCRHL,2.192901079921828,0.04969756733679632,0.7937005594358195,0.06261500857719249,0.950073077753569,0.9982547051643537
SPEN,2.35110688155178,-0.18409371199754634,0.6428704682643691,-0.2863620606100716,0.7746008297268161,0.9982547051643537
SZRD1,2.942089898099837,0.5193331901066662,0.5220347784455871,0.9948248882057912,0.3198214393417971,0.9982547051643537
NECAP2,3.007597061846776,-0.157391124959704,0.552773765625621,-0.2847297298589616,0.775851211869041,0.9982547051643537
SDHB,2.976554406673401,0.255426577486732,0.5603330641448345,0.45584776953428086,0.6484994504494807,0.9982547051643537
UBR4,1.7911642298663772,0.7014390090629075,0.614177652179556,1.142078365394253,0.2534214473136912,0.9982547051643537
MRTO4,1.2581145129437346,-0.5939839921856259,0.8083741563101822,-0.7347884485778979,0.46246834322561836,0.9982547051643537
AKR7A2,1.8783117557223705,0.4078179407692261,0.6918836221131413,0.5894314126466447,0.5555719094045943,0.9982547051643537
CAPZB,17.1577881843863,-0.1855919481058999,0.47001016705857984,-0.3948679435327377,0.692940348927862,0.9982547051643537
MINOS1,7.071839257707721,-0.5871644420465125,0.5234963262286038,-1.121620941022814,0.2620236439747662,0.9982547051643537
DDOST,6.939570278133336,0.27435380358151645,0.5407159360404186,0.5073898979019705,0.6118812724604822,0.9982547051643537
HP1BP3,8.710681095038014,-0.2925686312853826,0.43256391865342725,-0.6763593047615936,0.49881254825034693,0.9982547051643537
USP48,2.883692535848033,-0.34725854937305034,0.5845524982762825,-0.5940587892397002,0.5524727930242149,0.9982547051643537
CDC42,20.873656562016958,-0.6367264728083358,0.40336900471141973,-1.5785210697184477,0.1144459516024314,0.9982547051643537
LUZP1,2.268022657560645,-0.28878818159382136,0.6242480285959745,-0.46261769098950684,0.6436384256725691,0.9982547051643537
HNRNPR,7.5702979557349765,0.1811159341614278,0.38792643517909986,0.46688216562970053,0.6405841856413711,0.9982547051643537
ID3,2.8066884206394893,0.22979307222848172,0.8261347466289273,0.27815446955373885,0.7808937841662305,0.9982547051643537
RPL11,254.48249555867943,-0.20779088067472845,0.2957594550493795,-0.7025671610060142,0.4823255335951996,0.9982547051643537
PITHD1,4.82988253462684,0.6052792923280412,0.5346421176631646,1.1321204827139704,0.2575837846429898,0.9982547051643537
LYPLA2,2.842430344260709,0.5728874713267605,0.5905033013250784,0.9701681092065221,0.3319627040333267,0.9982547051643537
PNRC2,6.823566958301463,-0.3515376967603148,0.47174518713810454,-0.7451855500486565,0.4561595570517387,0.9982547051643537
SRSF10,9.226491376710781,0.2871241471587988,0.4441223916931512,0.6464977954932205,0.517957024349474,0.9982547051643537
RCAN3,4.379551366680965,0.4771109619843543,0.6234783995118063,0.7652405638398058,0.44412830919696433,0.9982547051643537
SRRM1,14.197654977405039,0.038416780000377314,0.3511281019960498,0.1094095852254215,0.9128776314796153,0.9982547051643537
RUNX3,13.061774591916885,-0.7988488837104277,0.47432105626152576,-1.6841944357409415,0.09214409825659946,0.9982547051643537
SYF2,8.332814620152257,-0.2954551114722575,0.4281838168915729,-0.6900193323912432,0.4901820299980796,0.9982547051643537
RSRP1,20.887417648737106,0.42251313218732395,0.35033522360491304,1.2060252687118003,0.22780774749573574,0.9982547051643537
TMEM50A,16.804913612856918,-0.043348556363782584,0.35333575045389737,-0.12268375421421907,0.9023575289322525,0.9982547051643537
LDLRAP1,1.9550204896048844,0.38429524984255925,0.783809732249782,0.490291500642012,0.623927640502236,0.9982547051643537
STMN1,5.252135489668021,-1.5645878161915574,0.6180150707884109,-2.5316337580499284,0.011353250625916347,0.9982547051643537
ZNF593,1.7535950926131936,1.218769492924873,0.7424861362654748,1.6414710435604736,0.10069967311066613,0.9982547051643537
SH3BGRL3,136.00292703985173,0.08535783623877104,0.3759244174700511,0.22706116514916527,0.8203761810887878,0.9982547051643537
CD52,89.77299767064368,-0.18354755978409124,0.4962229325979438,-0.3698893133034775,0.7114649643730766,0.9982547051643537
ZNF683,28.19350257567394,0.916256419804725,0.7224657308847153,1.2682351295509866,0.20471399528942658,0.9982547051643537
HMGN2,19.560593678229427,-0.14306537283384682,0.33685085197978015,-0.42471429712291325,0.6710449601343245,0.9982547051643537
RPS6KA1,1.8200230821704648,-0.3376597612795681,0.6882506533810441,-0.49060579836838264,0.6237052845658113,0.9982547051643537
ARID1A,2.2534326373664735,-0.0861583666632615,0.7466713281135332,-0.11538994925778227,0.9081360450797291,0.9982547051643537
NUDC,6.52197690001789,0.2683528708018681,0.44193876850760955,0.6072173113666253,0.5437067051962237,0.9982547051643537
TMEM222,1.9329914110328088,0.719194476755062,0.6509322759125444,1.1048683609163803,0.26921663369574733,0.9982547051643537
SYTL1,5.0913516504268275,0.44224874592135666,0.5195353554329736,0.851238979785683,0.3946366137024361,0.9982547051643537
WASF2,6.546399604391796,-0.37246331235921853,0.5255357240948575,-0.7087307204485876,0.4784915970991278,0.9982547051643537
FGR,1.5040559345125233,0.8402133870639982,0.6974630228485565,1.204670870768783,0.22833038546732165,0.9982547051643537
IFI6,7.729349140906867,0.2511717158806951,0.5171616886389164,0.48567347775071523,0.6271986909899155,0.9982547051643537
RPA2,4.566656521810472,-0.3660429953540841,0.4826127670438517,-0.7584610693086457,0.44817501050224184,0.9982547051643537
DNAJC8,7.168787050442311,-0.6737715672957105,0.4980939550942101,-1.3526997475170575,0.17615157114621438,0.9982547051643537
ATPIF1,12.230726611984537,0.14907425623363832,0.3889373337041859,0.38328605488672307,0.701507677821333,0.9982547051643537
PHACTR4,1.1732949269540325,0.15242707833445568,0.7316714606282011,0.20832721588400385,0.8349734825965813,0.9982547051643537
TRNAU1AP,3.3393473013383335,-0.12401924942006308,0.5555836335867841,-0.223223367145301,0.8233616663804239,0.9982547051643537
SNHG12,6.446500700647943,0.6236630728361321,0.6584329462376273,0.9471929926954981,0.3435404454010267,0.9982547051643537
TAF12,3.7077966614127504,-0.39175720598106917,0.498071491447214,-0.7865481415986401,0.4315464268781901,0.9982547051643537
YTHDF2,3.622185250222157,0.7156975327665533,0.4759332493653528,1.503777123621687,0.13263876336298763,0.9982547051643537
EPB41,3.0791437157137365,0.120084983493188,0.6954125183485944,0.17268165344270112,0.8629016655712267,0.9982547051643537
SRSF4,4.748273741031632,0.5303034686144705,0.44730632557388184,1.185548780098528,0.2358005398892037,0.9982547051643537
LAPTM5,35.570790689645776,0.03195725681683172,0.34247019787245986,0.09331397889615198,0.9256541269857269,0.9982547051643537
PUM1,2.290429590706647,0.21505910043056298,0.619322137556052,0.3472491735548513,0.7284041313128101,0.9982547051643537
SNRNP40,4.635080385320852,-0.19664932279845648,0.6316118289907481,-0.3113452183324088,0.7555381950083132,0.9982547051643537
ZCCHC17,1.8838427340118054,-0.18485109439215242,0.6322614790311393,-0.29236494792536366,0.7700076054902575,0.9982547051643537
PEF1,4.035227383600796,-0.5482351048522968,0.5689744316833928,-0.9635496330305464,0.3352717689554383,0.9982547051643537
PTP4A2,8.264970434836096,-0.5434267274601177,0.5802807353413635,-0.9364893479367953,0.34902129446861396,0.9982547051643537
KHDRBS1,6.638125835672432,-0.6645743775807079,0.5135481285545942,-1.2940839244243465,0.1956364336462001,0.9982547051643537
EIF3I,7.36986588425262,-0.5878096045452786,0.5232439070482445,-1.1233950297888151,0.26126975976246547,0.9982547051643537
LCK,23.24099301153004,0.11050011503148692,0.3825518826254986,0.2888500097636734,0.7726961601690321,0.9982547051643537
HDAC1,5.933401966345898,-0.17042153592070478,0.4376478655013904,-0.38940332937637356,0.6969778095368092,0.9982547051643537
MARCKSL1,4.373897448643547,-0.06955903911905208,0.7199510779884903,-0.09661634136780069,0.9230310786743783,0.9982547051643537
BSDC1,1.7378654285110595,-1.0704833710418944,0.6807150595055278,-1.5725865853761114,0.11581457584249806,0.9982547051643537
ZBTB8OS,2.7420977515126737,-0.4094139927288283,0.6083181685733189,-0.6730260805608057,0.5009306988396465,0.9982547051643537
RBBP4,3.1538636568240213,0.17249182990655287,0.5480597123132422,0.3147318185066038,0.7529652834004462,0.9982547051643537
YARS,2.771997466687265,0.4071685947688822,0.6448978342739332,0.631369145823382,0.5277991852368471,0.9982547051643537
S100PBP,1.528752932589265,-0.7813237827997376,0.7543569125408055,-1.0357481582134682,0.30031964884048123,0.9982547051643537
AK2,3.4238863716027255,-0.11244993065579575,0.5365693291841638,-0.20957204323767856,0.8340017013353043,0.9982547051643537
SMIM12,2.193936953838526,0.2473211460002847,0.5932438136062572,0.416896291757093,0.676754266033143,0.9982547051643537
SFPQ,9.687138083796713,0.05472225276470536,0.784064387611848,0.06979305989318274,0.9443583711120791,0.9982547051643537
KIAA0319L,0.9207206502263496,-0.8553519160140002,0.8162515752807,-1.047902315802397,0.2946836152140321,0.9982547051643537
PSMB2,7.599631179143509,0.09422352955163449,0.45853234579248825,0.205489384590277,0.8371897910108261,0.9982547051643537
C1orf216,1.170782697320839,0.48939896211364126,0.79167825004167,0.6181791177007601,0.536457273721157,0.9982547051643537
TRAPPC3,3.383350733166263,0.517600385203197,0.5899191221265855,0.8774090647160437,0.3802644913402332,0.9982547051643537
MAP7D1,1.7385608282484135,0.1960445551745424,0.615551642726924,0.3184859588808103,0.7501163437986822,0.9982547051643537
THRAP3,7.69487041472739,-0.2709815570258459,0.591038618268866,-0.458483673739531,0.6466049892988501,0.9982547051643537
STK40,0.6546230225242929,0.6851475873246305,0.8995944855946953,0.7616182605562546,0.4462878730366968,0.9982547051643537
LSM10,3.426945102380468,-0.025823039957091495,0.5564745841800676,-0.046404706865705685,0.9629876850199786,0.9982547051643537
MRPS15,2.49053493806189,0.7734514325149067,0.5923931425443522,1.3056387337518829,0.19167544168684314,0.9982547051643537
ZC3H12A,5.590263968294182,-0.30334080838819755,0.5781009163213326,-0.5247194734069373,0.5997782179938038,0.9982547051643537
MEAF6,7.96614354094802,0.057388516478716935,0.48101903668098595,0.11930612325594354,0.9050328324946948,0.9982547051643537
SNIP1,1.152688368454326,0.16396924688214384,0.8350339479180964,0.19636237220169478,0.8443265455247266,0.9982547051643537
GNL2,1.180204583800926,-0.3125304893242483,0.7311973959347822,-0.4274228697501049,0.6690713528668519,0.9982547051643537
C1orf122,1.4745396216554678,-0.1577225734152086,0.697238951401478,-0.22621021544791775,0.8210379257491005,0.9982547051643537
SF3A3,2.289533678199412,-0.2844232846459783,0.6092968406010508,-0.4668057762541561,0.6406388428233387,0.9982547051643537
FHL3,1.4666799319178856,-1.1571173608329843,0.9083915726131427,-1.2738090001257272,0.20273111474322358,0.9982547051643537
AKIRIN1,5.670429429493658,0.7352916002586527,0.431555933244864,1.7038152962699498,0.08841559937880356,0.9982547051643537
NDUFS5,23.572615373349176,-0.2474195825871764,0.38127283290741254,-0.64893053276434,0.5163832783608961,0.9982547051643537
MACF1,7.183813813832416,0.4938608922862357,0.5655462702284361,0.8732457771965412,0.38252912829869623,0.9982547051643537
PABPC4,2.0385683860748167,-0.9445635277922817,0.6884666411736734,-1.3719815475474941,0.1700691822196031,0.9982547051643537
PPIE,2.589422546400742,-0.3362859808327252,0.5452004784311351,-0.6168116025877661,0.5373589981165519,0.9982547051643537
CAP1,17.439099784593555,-0.654381925300149,0.34859231570515203,-1.8772127089962631,0.0604889463515619,0.9982547051643537
PPT1,5.091262762443868,0.4851718912711649,0.47835230926993016,1.014256400291331,0.3104604225143618,0.9982547051643537
RLF,3.3928057713249333,-0.8178375578927356,0.5995012423346812,-1.364196602341926,0.17250569726139564,0.9982547051643537
SMAP2,5.025218722677587,-0.5259985560738328,0.7378244912437414,-0.7129047115082392,0.47590472349925783,0.9982547051643537
NFYC,2.401363849072666,-0.9697756005453045,0.6818156322659721,-1.4223428660946291,0.15492674047524108,0.9982547051643537
HIVEP3,1.2444216366328467,0.08954986768714535,0.7817662009727576,0.11454814441417109,0.9088032838028077,0.9982547051643537
FOXJ3,1.2787088517056884,1.2148931334666166,0.7405953415632751,1.6404277279170791,0.1009162640105798,0.9982547051643537
PPCS,4.172352141949946,0.18076163941471707,0.5226819315069596,0.3458348730241313,0.7294668155126702,0.9982547051643537
PPIH,3.375166207611677,-0.6523168227465437,0.5684901085633313,-1.1474550091910243,0.25119361738152235,0.9982547051643537
YBX1,20.849353330987817,0.6652496623858225,0.4395147952771449,1.5136001552947402,0.13012728172831262,0.9982547051643537
C1orf50,1.133323116719032,1.0738321625642926,0.7807326007045989,1.375416066390946,0.16900249080892604,0.9982547051643537
SVBP,1.7860612115492143,0.17186848593973433,0.7129719672584471,0.24105924753340727,0.8095091972400339,0.9982547051643537
SLC2A1,1.6999109395727061,-0.7231796761337199,0.7031854930611865,-1.0284337251974476,0.3037458511810194,0.9982547051643537
ELOVL1,3.0861949756908973,0.5119099061984196,0.5878125130983145,0.8708727609423995,0.38382363116421814,0.9982547051643537
MED8,1.9542248739770263,-0.8894134421845257,0.631450487333821,-1.4085244370305325,0.15897583612812682,0.9982547051643537
ATP6V0B,7.983228189422912,0.46038170750481433,0.4607739830620343,0.9991486594911172,0.3177226821980885,0.9982547051643537
DMAP1,2.600366248059594,-0.840074586487293,0.6401676635929903,-1.3122727595647519,0.1894281198474509,0.9982547051643537
C1orf228,1.4653166441564198,-0.2993124176106302,0.8262704849808575,-0.3622450796092087,0.7171688951141126,0.9982547051643537
RPS8,185.9320060882319,-0.20030894707180538,0.3205185627387264,-0.6249527183706018,0.532002090526503,0.9982547051643537
PLK3,4.765084061811576,0.2462790140319234,0.5331550790626758,0.4619275398536938,0.6441332838727664,0.9982547051643537
UROD,1.4848683757480825,0.04236636259855654,0.6599847599397585,0.06419294076188005,0.9488165982594298,0.9982547051643537
PRDX1,18.153135542880637,-0.1838122057055285,0.38026450638993803,-0.483379864848707,0.6288260422394905,0.9982547051643537
AKR1A1,3.847919492389173,0.15826614477407666,0.511030642059944,0.3096999118019855,0.756789169850689,0.9982547051643537
NASP,4.788851617143493,-0.310437765279251,0.6245736007411715,-0.4970395241022986,0.6191611798174976,0.9982547051643537
GPBP1L1,3.2957691494698773,-0.7130972473276336,0.5962034391600622,-1.196063626087519,0.23167173072002323,0.9982547051643537
LRRC41,1.338111715981302,-0.4574323883857989,0.7532679331658795,-0.6072638542613579,0.5436758219933635,0.9982547051643537
UQCRH,16.168713488103293,-0.3158262217850368,0.46923566435950476,-0.6730652543560002,0.5009057775748875,0.9982547051643537
MKNK1,1.1630682228778626,-0.11138038207714025,0.860093599261035,-0.12949797809544766,0.8969636247279545,0.9982547051643537
EFCAB14,3.16419641011348,0.7515049138283644,0.5497330355385579,1.3670361161616134,0.17161398540999684,0.9982547051643537
CMPK1,4.679400298872499,0.4241635123655171,0.5088443731314931,0.8335820041698815,0.4045165699311424,0.9982547051643537
RNF11,1.8440238646800236,0.5070431555702894,0.6121373935502957,0.8283159318686987,0.40749160250094574,0.9982547051643537
EPS15,4.61742800900237,0.06176929168649473,0.5277693725175011,0.11703841659444994,0.9068296106240348,0.9982547051643537
OSBPL9,1.244554078849043,0.7842953196112638,0.6832300774470589,1.1479227064210094,0.2510004735919579,0.9982547051643537
NRDC,4.468684352117867,-0.128773684578341,0.5203093449202164,-0.2474944681189361,0.804525572166357,0.9982547051643537
TXNDC12,4.64627888265372,0.500743160426296,0.6412808967176269,0.7808483973081558,0.4348916652355448,0.9982547051643537
BTF3L4,4.156297620100488,-0.1998841715003873,0.5097875823746199,-0.39209305681655743,0.6949894574832685,0.9982547051643537
PRPF38A,3.2859298315132643,-0.741289502439073,0.5315433258418865,-1.3945984577362145,0.16313696043644266,0.9982547051643537
ZCCHC11,2.63903536885283,0.5101583520779619,0.5556087025711954,0.918197194747126,0.3585156370544048,0.9982547051643537
GPX7,1.048708933523862,-1.275804244133748,0.9185927574924178,-1.3888681722425607,0.1648728404080273,0.9982547051643537
FAM159A,3.5568493852819,0.050174552202514544,0.6321125602702724,0.07937597724851632,0.9367335757198427,0.9982547051643537
SCP2,10.091623274997415,0.14124850089253344,0.36138847965224474,0.39084948426815763,0.6959084953434005,0.9982547051643537
C1orf123,2.7872414185955643,-0.1178425207880104,0.5657662494455336,-0.2082883538979204,0.8350038244825161,0.9982547051643537
MAGOH,9.09167739119974,-0.11285644369981057,0.4007713232737626,-0.28159810132602614,0.7782516962376639,0.9982547051643537
YIPF1,1.3907219916674458,-0.9355720436969307,0.7880273737826567,-1.1872329246711775,0.23513575726251168,0.9982547051643537
HSPB11,9.003602006090322,-0.20340909212011224,0.4203933036639197,-0.4838542630134902,0.6284893016441827,0.9982547051643537
TMEM59,16.477784992704613,0.3059380366139795,0.32399363715031576,0.9442717434356298,0.34503080153474575,0.9982547051643537
MRPL37,1.6644307372541607,-0.21596558449637615,0.6607741870902637,-0.3268371990246565,0.7437910224165809,0.9982547051643537
USP24,1.7490899472317452,-1.327385066644228,0.8680877163792283,-1.5290909450725985,0.1262418997978498,0.9982547051643537
OMA1,1.343458680337882,-0.023869781597688808,0.7696909088075815,-0.031012165175067857,0.9752598379332037,0.9982547051643537
MYSM1,1.6362204553488748,-1.2083810735480938,0.7957036477267084,-1.5186320648402043,0.12885513535562906,0.9982547051643537
JUN,57.590126696708225,0.4675532457274924,0.40965409487081816,1.1413366827809506,0.2537298424977935,0.9982547051643537
TM2D1,4.62089206131713,0.26782944632669853,0.45200280177952473,0.5925393499161069,0.5534894787950837,0.9982547051643537
USP1,3.1873909705933676,0.9868950776481047,0.5743461623645479,1.7182931519645193,0.08574315782895814,0.9982547051643537
ALG6,1.1323210255575749,0.4484381040957783,0.8073608132968508,0.5554370446400354,0.5785957601130733,0.9982547051643537
PGM1,0.992377360251678,0.2728624753461633,0.7422480717960925,0.3676162804786956,0.7131593735886298,0.9982547051643537
JAK1,13.925118844108068,0.15910777563556405,0.3679303231367677,0.43243996384723155,0.6654216776504677,0.9982547051643537
LEPROT,2.0200502852919375,0.8121231129141885,0.6382345387546999,1.2724524662967527,0.20321240273827879,0.9982547051643537
PDE4B,9.905324514729998,-0.16852351000017843,0.506596869333338,-0.33265801705792,0.7393924437693427,0.9982547051643537
MIER1,5.273617526583208,0.05886552634878293,0.4736724298070238,0.12427475750016735,0.9010977329426149,0.9982547051643537
SERBP1,11.88389653625315,-0.13057938555185922,0.3955163941726643,-0.3301491100640805,0.7412872971248738,0.9982547051643537
SRSF11,10.548201852874058,0.11272041704484476,0.36546073287273323,0.30843373009952924,0.7577523192644905,0.9982547051643537
ZRANB2,5.434221841466043,0.0947539630317888,0.4693947968678992,0.20186411026293333,0.8400229603013627,0.9982547051643537
CRYZ,1.3413796872519723,-0.19687846983256138,0.8397301578825486,-0.2344544470440448,0.8146321936529461,0.9982547051643537
ACADM,1.912438167300475,0.03849925991317983,0.6320087996911222,0.06091570233198546,0.9514263440169567,0.9982547051643537
RABGGTB,3.9480107080152202,0.9197398546354768,0.5346683429587165,1.7202063049887601,0.08539494736125912,0.9982547051643537
ZZZ3,1.201428453556019,0.452747777962569,0.7086207646192105,0.6389140716273828,0.5228788333036131,0.9982547051643537
USP33,2.5973659504039177,0.09636005681313758,0.6443424295849068,0.14954789936030427,0.881121316057777,0.9982547051643537
FUBP1,2.942858913334116,-0.565718029396052,0.6805531427589535,-0.8312620923365933,0.40582558438313254,0.9982547051643537
DNAJB4,2.615395080880589,1.0861191583102925,0.6648705397576182,1.6335799127244266,0.10234708847538321,0.9982547051643537
IFI44L,3.6207033750092887,-0.7972232450416767,0.7841461955563794,-1.016676800269392,0.309307205715873,0.9982547051643537
IFI44,2.4208508390719072,-0.3626336941346745,0.610029532121746,-0.5944526863697842,0.5522093786166422,0.9982547051643537
PRKACB,4.724720985171459,0.8462984407198267,0.5203337011186493,1.626453252788347,0.10385327021072627,0.9982547051643537
GNG5,16.556469819160466,-0.4267270041859627,0.42925144806738447,-0.9941189624571157,0.3201649545902524,0.9982547051643537
CTBS,2.5315294704376385,0.6885196494978241,0.74047973461579,0.9298291598149864,0.35245954591833606,0.9982547051643537
MCOLN2,2.7442508761561832,-0.0046312640516236155,0.6559188343792177,-0.007060727347472481,0.9943664014709008,0.9982547051643537
C1orf52,4.363467654655508,0.36924078863875254,0.5113296745472348,0.7221188345184598,0.4702214193750157,0.9982547051643537
BCL10,1.7391447995897313,-0.19791965857398822,0.6857096092835518,-0.2886348038505397,0.7728608588884873,0.9982547051643537
ODF2L,5.38790107860131,-0.4212654109739669,0.5296547398492671,-0.7953585218435949,0.426404980432197,0.9982547051643537
SH3GLB1,6.044781991080286,-0.1098142568501945,0.4195025581830127,-0.2617725558714872,0.7934967986905149,0.9982547051643537
SEP15,10.332165655570654,0.03764636685996827,0.39815724167327143,0.09455150608779067,0.9246710697231821,0.9982547051643537
PKN2,3.8014196513090144,0.6561864208009373,0.6153761703216685,1.0663175671198586,0.2862801109739598,0.9982547051643537
GTF2B,9.132998181885137,-0.6644681344593977,0.43657665628758885,-1.5219964807776813,0.12800996249184884,0.9982547051643537
CCBL2,1.4934450843995581,-0.18821569529391266,0.8056390272258034,-0.23362286201802862,0.8152777775175668,0.9982547051643537
RBMXL1,0.9371576618461759,-0.04963426666967475,0.7855515754883652,-0.06318396935149408,0.9496200098757782,0.9982547051643537
GBP3,1.6578968439001869,0.1458254665467258,0.6760088548100629,0.21571532016055933,0.8292096585997881,0.9982547051643537
GBP1,4.610100709866951,-0.528632111546516,0.578433593108916,-0.9139028539218629,0.3607678939292164,0.9982547051643537
GBP2,6.151944971408577,-1.0898375690278237,0.5742662087027766,-1.8977915686344902,0.05772354433076807,0.9982547051643537
GBP5,8.216676173223775,-0.2573667196942939,0.3888188369263172,-0.6619193702877775,0.5080228970234715,0.9982547051643537
LRRC8D,1.0242342605393524,0.103892495207135,0.8225030844206382,0.12631259040240037,0.8994844903841561,0.9982547051643537
ZNF326,1.8164460141239158,0.24029844226104963,0.7396806788631279,0.3248678100263248,0.7452811204575027,0.9982547051643537
ZNF644,6.241089315359352,0.21318542934658094,0.525795514823719,0.4054531150157388,0.6851444750260622,0.9982547051643537
GLMN,2.159913029527876,-0.17971298871381788,0.6373676547664935,-0.28196126265562954,0.7779732135436621,0.9982547051643537
RPAP2,1.8279665805022958,0.7009201070427676,0.6762839035624394,1.0364287887831618,0.3000021453972255,0.9982547051643537
RPL5,116.27157819623507,-0.07074179912806063,0.2877234730721924,-0.24586731966185763,0.80578494252666,0.9982547051643537
MTF2,3.451942189699395,-0.2984153634542073,0.6150896312408584,-0.48515752550111363,0.6275646088037918,0.9982547051643537
TMED5,3.4880773028894834,0.7182584965244406,0.6341540828426026,1.1326245717836256,0.2573719453663533,0.9982547051643537
DR1,4.873235874614972,0.18694797185501136,0.5004502835354003,0.37355952829985206,0.7087320491585658,0.9982547051643537
DNTTIP2,4.890080402356806,0.23514752708060357,0.46582131242272296,0.5048019934030245,0.6136979155853657,0.9982547051643537
GCLM,3.508107981276641,-0.2203841156322795,0.591803236491551,-0.37239423856281306,0.7095993429310006,0.9982547051643537
DPYD,2.072750396216731,1.1187970819800062,0.6728588353420663,1.6627515657295857,0.09636217547295774,0.9982547051643537
AGL,2.0103764047335417,0.4867274100560839,0.6307867586440118,0.7716195741051872,0.44033977752614417,0.9982547051643537
MFSD14A,2.1053278230034698,0.36889922142031445,0.5730344413910025,0.6437644839022878,0.5197281676719439,0.9982547051643537
RTCA,2.4089964211972323,-0.5294536100284092,0.6769661910054958,-0.7820975656731296,0.4341572372740563,0.9982547051643537
SLC30A7,1.578551345290919,0.8210329935132317,0.6318381412778428,1.2994356305441728,0.19379447053441867,0.9982547051643537
RNPC3,3.58015991778062,-0.4319244611124879,0.7512262290232162,-0.5749592392082725,0.5653188642450675,0.9982547051643537
SLC25A24,1.7567418489219158,0.2246737639338065,0.6697550993399874,0.33545659324611643,0.7372806831854719,0.9982547051643537
HENMT1,2.0581492077925234,0.38217368114463707,0.6594924621820095,0.579496663055359,0.5622540975789074,0.9982547051643537
PRPF38B,11.84037368198677,0.2616722508320922,0.5096111791772121,0.5134743143872407,0.6076195736306667,0.9982547051643537
TMEM167B,1.845721246921515,0.1164416406384863,0.6872798702882801,0.1694239067261562,0.8654632204700281,0.9982547051643537
SARS,4.077165968370946,-0.5899266212765194,0.49289354342895125,-1.1968641690303559,0.2313595020282332,0.9982547051643537
PSMA5,9.737358428569634,-0.21591378412260084,0.4255757736327056,-0.507345101624478,0.6119126980590459,0.9982547051643537
GNAI3,5.718182139138582,0.11487294210636843,0.4519399553252583,0.25417744271735193,0.799358476557648,0.9982547051643537
LAMTOR5,7.405894707077304,-0.028041995155545476,0.5026977764933593,-0.055783010124207125,0.9555146698238335,0.9982547051643537
KCNA3,2.927353924609047,0.8847671305290024,0.793757533046126,1.1146566724647233,0.2649975746646155,0.9982547051643537
CD53,26.767579668446235,-0.4916122484704345,0.38828903133736686,-1.2660987274793625,0.20547773815438897,0.9982547051643537
LRIF1,3.242134726227079,0.40028286145267916,0.512073742814546,0.7816898778144278,0.4343968518210386,0.9982547051643537
DRAM2,2.8765569166461122,0.4578332967412422,0.5750122311074125,0.7962148837416969,0.4259071480378047,0.9982547051643537
CEPT1,1.362268355747138,-0.22444870849147125,0.7779606355079943,-0.2885090816258464,0.7729570797963086,0.9982547051643537
DENND2D,6.803842883663866,0.351752413221005,0.4409099553579317,0.7977874142929061,0.42499386612359435,0.9982547051643537
ATP5F1,8.190449804092795,-0.2936821702256599,0.4719339428509371,-0.6222950789501086,0.5337478564376286,0.9982547051643537
C1orf162,3.7183513945995736,0.8490509017897968,0.6430802218147993,1.3202876919363802,0.18673898334257755,0.9982547051643537
RAP1A,7.655838224329045,0.3053881853115312,0.40256384395914363,0.7586080814116163,0.4480870369512415,0.9982547051643537
CAPZA1,8.998797556943417,-0.13304395954024362,0.5146557780133825,-0.25851057196677213,0.7960128908999199,0.9982547051643537
RHOC,4.021354585052871,-0.26615532511296197,0.6835523034308366,-0.3893708261636955,0.6970018499533195,0.9982547051643537
RSBN1,4.870411674848521,0.08423862430351757,0.5178157419675055,0.16268069406975233,0.8707698483801658,0.9982547051643537
PTPN22,12.323778765899009,0.41893243889543824,0.48773514988978545,0.8589342781427693,0.39037677646693225,0.9982547051643537
HIPK1,2.218065419168567,-0.470204028482046,0.6651100325475849,-0.7069567522249118,0.4795933540965138,0.9982547051643537
TRIM33,2.667986704680506,0.06668881981797552,0.6196085832996211,0.1076305616407627,0.9142887531227222,0.9982547051643537
BCAS2,6.583488043889903,-0.37879071954620436,0.5949566205297174,-0.6366694755139449,0.5243401603367283,0.9982547051643537
CSDE1,10.99615330496877,-0.07660538738066258,0.3607831872791772,-0.2123308127476147,0.83184895833635,0.9982547051643537
SIKE1,2.795188520615547,0.5665054595850713,0.7350720227845314,0.7706802082319608,0.44089650597680463,0.9982547051643537
ATP1A1,7.04483953428245,0.38190979763374217,0.4401238440452571,0.8677325775480391,0.38554074724376997,0.9982547051643537
CD58,5.1330951204598305,0.5817967414098171,0.5245061798009776,1.1092276198358202,0.267332000388976,0.9982547051643537
CD2,52.54694717466423,0.08150016068142912,0.295841479136568,0.2754859153601195,0.7829429452646861,0.9982547051643537
MAN1A2,2.840832679502475,0.7176038620462125,0.5894319133160484,1.2174499646771575,0.2234330625998011,0.9982547051643537
FAM46C,9.056523766280565,-0.37242176466659843,0.5243415298854827,-0.7102656254367954,0.47753943191633785,0.9982547051643537
SEC22B,1.5072644035827099,0.3900599908492681,0.6564071953634947,0.594234788412499,0.552355087877795,0.9982547051643537
LINC00623,1.5638919724948266,1.604307359452913,0.8053532541194108,1.9920542336506657,0.046365107688086646,0.9982547051643537
RNF115,4.589435398679961,0.19325581893062738,0.4839591087430373,0.3993226192860818,0.6896555025199123,0.9982547051643537
RBM8A,18.984155249386074,-0.5546774196479329,0.34886526530868295,-1.5899473946113358,0.11184666323203334,0.9982547051643537
LIX1L,2.492470035646432,0.08762729030559689,0.5815111573091516,0.15068892351279714,0.8802211112126963,0.9982547051643537
POLR3GL,5.259446366042072,0.32244334262269586,0.443059907066055,0.7277646599935376,0.46675766123638107,0.9982547051643537
TXNIP,52.62412256985975,-1.0064416294692904,0.5388416436431102,-1.8677873942049747,0.0617917112293233,0.9982547051643537
CHD1L,0.7436031487050186,-0.3835544995774767,0.8731576239611063,-0.4392729205495223,0.6604637931802438,0.9982547051643537
AC245100.1,3.1297093181258426,-0.17107061102293158,0.8313978976454582,-0.20576262161283818,0.8369763400209258,0.9982547051643537
PDE4DIP,3.8991157355426016,0.2777296928072578,0.6514816542245244,0.42630470252895564,0.6698858317267555,0.9982547051643537
CH17-189H20.1,3.1490290951531437,-0.4204467647473122,0.7530059787081563,-0.5583578041021974,0.5766000803937558,0.9982547051643537
LINC00869,3.461432617864628,0.472501937289488,0.5050077006419328,0.9356331332945507,0.3494621090847435,0.9982547051643537
SF3B4,4.224725092005936,0.25697186391517635,0.5849507050637339,0.439305161427539,0.6604404347871317,0.9982547051643537
PLEKHO1,1.9585459431019103,0.5615670735708544,0.6539839034662142,0.8586863844728647,0.3905135642858115,0.9982547051643537
ANP32E,3.79491575269564,-0.07661252783432002,0.5224698102051245,-0.14663532004699278,0.8834198736439837,0.9982547051643537
APH1A,6.775695462217251,0.2958700016476384,0.49831028759007434,0.593746525038693,0.552681660108485,0.9982547051643537
MRPS21,9.735702483815848,-0.20105409306495495,0.4427419301464751,-0.45411125392717816,0.6497487536427653,0.9982547051643537
PRPF3,1.6639538112828696,0.039076146399122026,0.6689809597438231,0.058411447784830366,0.9534208963290044,0.9982547051643537
MCL1,31.67508837917079,-0.02484517797481345,0.3721992795214589,-0.06675235375725927,0.9467788549486584,0.9982547051643537
ENSA,9.373823335808456,-0.17703310762906968,0.4037859193823387,-0.43843308825595706,0.6610723649587861,0.9982547051643537
CTSS,5.087742026198703,-0.7447022752940152,0.5406913004586023,-1.3773150680663355,0.16841485858219096,0.9982547051643537
CERS2,1.8716760362076066,0.29892542122854326,0.6265672446486646,0.4770843413561458,0.6333020645032919,0.9982547051643537
CDC42SE1,8.306063530361552,0.03121380136806784,0.5301886910163304,0.05887300483198429,0.9530532597688349,0.9982547051643537
GABPB2,0.9820947088222193,-0.046288382494785466,0.7712839700463102,-0.060014708320731955,0.9521439202599038,0.9982547051643537
SCNM1,3.1904903290797493,-0.08932728549684352,0.5562850343492476,-0.1605782647044248,0.8724255749714072,0.9982547051643537
VPS72,1.4133523969171686,0.9494968365944749,0.7787647530923882,1.219234477194979,0.22275520964362594,0.9982547051643537
PIP5K1A,1.1672961036505758,-1.1540976876103113,0.8480610182347991,-1.3608663324869168,0.17355593481651643,0.9982547051643537
PSMD4,4.85394195854956,-0.6620141923960328,0.5270011555945671,-1.2561911589152832,0.20904667141655586,0.9982547051643537
RFX5,1.2023716644682987,-0.8597770274280092,0.8531066432481212,-1.007818933579618,0.31354139472098996,0.9982547051643537
PSMB4,4.711680460113875,-0.5185908309546037,0.5036856305068996,-1.029592268559863,0.3032014461295284,0.9982547051643537
POGZ,1.9039614998500827,-0.06959239213129617,0.653116251330805,-0.10655437219559777,0.9151425181318087,0.9982547051643537
MRPL9,1.8203013963038666,1.0039958264792737,0.6537968822270502,1.5356387492386456,0.12462700503069873,0.9982547051643537
S100A10,46.47888150347008,0.12723906859738118,0.4521366452908135,0.2814172881641594,0.7783903596632641,0.9982547051643537
S100A11,34.372613239752994,0.05188077094234413,0.3502559261863765,0.14812246435692736,0.8822461210063232,0.9982547051643537
S100A6,70.06098966466165,-0.013511004087611883,0.28646922251529616,-0.04716389414883986,0.9623826037770722,0.9982547051643537
S100A4,102.08774900686304,0.18514795286770155,0.3315681483244143,0.5584009013029453,0.5765706575037306,0.9982547051643537
CHTOP,3.0284913404392526,0.9064682611624485,0.632221169482989,1.4337834683766286,0.1516340640327971,0.9982547051643537
SNAPIN,2.5326251079438467,0.21899178000881342,0.7737894569864966,0.28301210107161623,0.7771675607615672,0.9982547051643537
ILF2,6.840004976132029,-0.34855969696454664,0.4225692250632696,-0.8248582156269383,0.4094520910849433,0.9982547051643537
SLC27A3,1.122233520518209,-0.045600573248812656,0.7572252081798942,-0.060220622288078014,0.9519799213097885,0.9982547051643537
GATAD2B,1.797756281380548,0.023448942345381144,0.6033694728009212,0.03886332239602385,0.9689993589518813,0.9982547051643537
CRTC2,1.3310788834006826,-0.47357052241654035,1.0180779243616662,-0.4651613703474305,0.6418158999723599,0.9982547051643537
JTB,9.571631921195182,0.7800654897798527,0.44855626113275515,1.739058301872602,0.08202450826918062,0.9982547051643537
RPS27,429.5106047601964,-0.11661373376467704,0.37799728768535,-0.308504154828084,0.7576987392270815,0.9982547051643537
TPM3,21.054395121541415,0.26090387145903543,0.3073701192888765,0.8488263988140938,0.3959778984354766,0.9982547051643537
C1orf43,6.742939401503,0.4041568281236362,0.4637536769617175,0.871490293665098,0.38348650336787937,0.9982547051643537
HAX1,5.16238795155933,0.28682300100092223,0.49863487435757337,0.5752164875560631,0.5651448934271004,0.9982547051643537
ADAR,6.158797335955371,-0.3295142878773924,0.47824481544730046,-0.6890075485067183,0.49081851732479276,0.9982547051643537
PMVK,2.116688581857582,1.0164996395480108,0.6164498764291582,1.6489574877298656,0.09915634440002423,0.9982547051643537
PBXIP1,3.2002405727164778,0.7406415758440429,0.5521074476023601,1.3414808640246225,0.17976437860063887,0.9982547051643537
PYGO2,1.5581311885767861,1.2495112722795965,0.8121760840968031,1.5384733640231982,0.1239329163242863,0.9982547051643537
CKS1B,1.5021284403453652,-1.13568280482851,0.7842341290369698,-1.4481425415941984,0.1475771900349169,0.9982547051643537
FLAD1,2.1685097956954693,0.1493963503190503,0.6653057501907856,0.22455292213573808,0.8223270922029539,0.9982547051643537
SLC50A1,1.9027331862639092,0.761715257584235,0.7383834226239522,1.031598535727373,0.30226022664336405,0.9982547051643537
DPM3,2.6538321730974315,-0.9797289351132142,0.7747097934872632,-1.2646399249751084,0.20600043419476843,0.9982547051643537
KRTCAP2,11.829345880143006,0.004454667636409279,0.5070681821267308,0.00878514525941194,0.992990558396576,0.9982547051643537
MTX1,1.2447403022817158,-1.0067983854052147,0.8368638265393438,-1.2030611832854528,0.2289526450366688,0.9982547051643537
SCAMP3,2.4564899964841023,0.28805446174129834,0.6751243732010502,0.4266687342000561,0.6696206264766916,0.9982547051643537
FDPS,4.4850110875682905,-0.08095526691838224,0.4911602750796154,-0.16482454104265593,0.8690820872641828,0.9982547051643537
ASH1L,6.863194985829651,0.3011821944692195,0.4494257199234488,0.6701489948561916,0.5027628145433762,0.9982547051643537
YY1AP1,1.0957923813784654,1.397860308610237,0.7374559611845196,1.895516996519982,0.05802394216360483,0.9982547051643537
DAP3,4.284649639769163,-0.10131671225922981,0.4949474020323923,-0.2047019781156444,0.8378049748229356,0.9982547051643537
GON4L,2.6046435119849924,-0.29243557089803,0.6070593594975772,-0.481724836826599,0.6300014300147221,0.9982547051643537
RIT1,1.2925990007297696,-0.45408097267972003,0.7291875694569906,-0.6227217683069718,0.5334673752877224,0.9982547051643537
KIAA0907,1.8336690958171131,1.0442537567562558,0.647174805156089,1.6135574939515718,0.10662344296162547,0.9982547051643537
ARHGEF2,1.7974968658159496,0.5965060303195096,0.6711460527716321,0.8887872138353767,0.37411744885004306,0.9982547051643537
SSR2,24.2667333121942,-0.2673834161247232,0.3036112602292406,-0.8806768758274522,0.37849273621701973,0.9982547051643537
LAMTOR2,4.16127489046464,-0.4961191328788132,0.48294983782862666,-1.0272684531987764,0.30429407275305986,0.9982547051643537
LMNA,8.73356337681292,0.05041850343031401,0.5945396405119261,0.08480259346021292,0.9324183316869149,0.9982547051643537
SLC25A44,1.1163116635055828,-0.061709911048002414,0.8016856075210069,-0.07697520133712193,0.9386432728880407,0.9982547051643537
CCT3,6.19198162986195,-0.21545708748136147,0.48778778017855406,-0.4417025112898353,0.6587044922019565,0.9982547051643537
APOA1BP,3.879971537521899,0.4902971360725368,0.619332534937247,0.7916540927762101,0.4285623969617609,0.9982547051643537
GPATCH4,1.5014761556139475,-0.5013737642615611,0.7149141188800624,-0.7013062842387006,0.48311189275745914,0.9982547051643537
ISG20L2,3.894779785596478,-0.7407902435220022,0.704916437527833,-1.0508908632063965,0.29330871722951024,0.9982547051643537
MRPL24,2.736494750409065,0.3401938967692812,0.6696856663323594,0.507990410833201,0.611460068086333,0.9982547051643537
HDGF,2.0597038737473503,-1.7427429559602594,0.7615824884865495,-2.288318051303301,0.02211900603961416,0.9982547051643537
PRCC,1.7641802450299664,-0.5697804852701991,0.6612783226859521,-0.8616349057926004,0.38888845643623726,0.9982547051643537
SH2D2A,9.680352965892618,-0.6866839431733097,0.5494989114144138,-1.2496547834931662,0.2114256815024651,0.9982547051643537
PYHIN1,9.274761796568129,-0.5702654360570194,0.48411905263317545,-1.1779446253050454,0.2388186829124318,0.9982547051643537
IFI16,16.080088791624636,-1.0320126514957935,0.47208874171058346,-2.186056476916525,0.028811473661288747,0.9982547051643537
DUSP23,3.5046912782901622,0.08990718197300347,0.6015143776638577,0.1494680514906096,0.8811843173681158,0.9982547051643537
FCRL6,4.165363348527714,0.40720041847653576,0.5010166878274099,0.8127482145201679,0.41636243170266074,0.9982547051643537
TAGLN2,25.98313025952093,0.3379729859941494,0.3632202177156339,0.9304905660806286,0.3521171464014221,0.9982547051643537
IGSF8,2.0863996022572087,-0.0754768192279683,0.6500593899244617,-0.11610757478134248,0.9075672856122228,0.9982547051643537
PEA15,1.0500962739658708,0.026040401424768177,0.72068255887865,0.0361329702015904,0.9711763330658942,0.9982547051643537
DCAF8,1.786875578579797,0.22674713649122502,0.7468770758130454,0.3035936485858661,0.7614374910272317,0.9982547051643537
COPA,2.7966354208718225,-0.011535587633747684,0.5703569440348149,-0.020225207660562027,0.9838637191913207,0.9982547051643537
NCSTN,1.151578941599725,0.22582857550484545,0.7949859700288118,0.28406611439527796,0.7763597145064894,0.9982547051643537
SLAMF6,2.4858096805922503,-0.299224678989577,0.5739938701472617,-0.5213029172468497,0.6021557691019876,0.9982547051643537
CD84,4.823057676949064,-0.16089179646252985,0.5372712202080668,-0.2994610364579401,0.7645882970956729,0.9982547051643537
SLAMF1,2.3727303330321,1.6472731500193896,0.7023295736175811,2.3454418152073013,0.019004544594886312,0.9982547051643537
CD48,22.77478917607385,-0.15197739986427927,0.46067240437071993,-0.3299034160118206,0.7414729422737636,0.9982547051643537
SLAMF7,2.5535452821401354,0.07285235437967022,0.5714462557335336,0.12748767473531475,0.8985544277191351,0.9982547051643537
LY9,3.050628228645589,0.12731596241632792,0.5302108135353557,0.2401232852408398,0.8102346832030938,0.9982547051643537
CD244,1.613663153931079,-0.14231155109570304,0.6666924399370421,-0.21345907433589914,0.8309689074088951,0.9982547051643537
TSTD1,8.127178543988292,0.16662726321701338,0.5251618384629739,0.3172874550532698,0.7510254954030904,0.9982547051643537
ARHGAP30,4.968364318298959,0.4387795129869148,0.5047523627176004,0.8692966004646595,0.38468492182934877,0.9982547051643537
PFDN2,6.436834777000745,-0.1285070808399075,0.4402642436069994,-0.2918862540075341,0.770373593783045,0.9982547051643537
NIT1,1.357823976516446,-0.4871219648359124,0.8021003328726758,-0.6073080197976148,0.5436465170767371,0.9982547051643537
UFC1,11.083216673560742,-0.028919820780048698,0.3906070716793392,-0.07403813928845053,0.9409800377610434,0.9982547051643537
B4GALT3,1.7511437915243693,0.6086939817403821,0.6112961326162447,0.9957432237224766,0.319374922874077,0.9982547051643537
NDUFS2,3.554488786811704,0.39261436076464873,0.5518481716952404,0.7114535861531694,0.4768032028063427,0.9982547051643537
SDHC,5.225768070463394,-0.09163843635818361,0.4423955441936272,-0.20714140899682162,0.8358994236341764,0.9982547051643537
HSPA6,12.043964168124175,2.0025564204424686,1.5693369947762474,1.2760525158766098,0.20193695549492596,0.9982547051643537
FCGR3A,2.3689468409725825,-0.05617313420768341,0.608481442510393,-0.09231692256041804,0.9264462435245423,0.9982547051643537
DUSP12,1.316800179776646,-0.03244409308977337,0.7674729574299489,-0.04227392349877644,0.9662803327311562,0.9982547051643537
UHMK1,4.206788042304698,0.618942374585684,0.5349247979824959,1.157064276922786,0.24724610032827632,0.9982547051643537
UAP1,1.519444766666253,1.0217584102205886,0.7111449317968941,1.4367794306553632,0.15078067682738858,0.9982547051643537
HSD17B7,1.2889626650945867,-0.40363012452096886,0.7009164030897396,-0.5758605772981051,0.5647094240827211,0.9982547051643537
MGST3,9.373886501836788,-0.15890522211997954,0.41886877406925493,-0.37936755365227215,0.7044149413695343,0.9982547051643537
ALDH9A1,2.6942073197598413,0.2249988607519122,0.6082654130931814,0.3699024404621937,0.7114551829944689,0.9982547051643537
TMCO1,7.284010834844665,-0.20383744126416195,0.42892195010052975,-0.47523201182962777,0.6346216125415634,0.9982547051643537
CD247,12.608557209640887,-0.07624361008693958,0.4872615605919674,-0.15647368118739402,0.8756596630670347,0.9982547051643537
RCSD1,5.993738207689196,0.07252096046156829,0.4795793463035346,0.15121785585751318,0.8798038653261826,0.9982547051643537
MPC2,6.798663047347813,-0.16162707229975712,0.5185442293684625,-0.3116938983133676,0.7552731655543857,0.9982547051643537
DCAF6,1.6984815392040993,0.8149380086636692,0.7349379124892039,1.1088528633711496,0.26749366112341577,0.9982547051643537
TIPRL,3.8208500921936066,0.23917266218871344,0.5002165944319147,0.4781382002337143,0.632551844743604,0.9982547051643537
SFT2D2,1.3974835161062134,-0.11753932159881564,0.6748723023745736,-0.17416527717206257,0.8617355732410517,0.9982547051643537
XCL2,22.62613160328828,0.27097810547112317,0.7359059554928326,0.3682238245913508,0.7127063469912911,0.9982547051643537
XCL1,27.23633166614383,-0.24770479216796695,0.7319933941316619,-0.3383975786582206,0.7350635985698475,0.9982547051643537
ATP1B1,2.6150315872381307,-0.009353294068138259,0.762732438401595,-0.012262876989654855,0.9902158849990664,0.9982547051643537
BLZF1,1.3834210555879045,0.20925500466506874,0.7528544307605581,0.27794882531762816,0.7810516428068639,0.9982547051643537
KIFAP3,1.3243546365041718,0.4766602979747089,0.7669119942837379,0.621531937859296,0.5342496874110048,0.9982547051643537
PRRC2C,17.771538437002864,-0.3105042453614604,0.4567675859251748,-0.6797860770539123,0.4966399237336514,0.9982547051643537
VAMP4,1.6645579119919265,0.26751177981171137,0.6519770449549068,0.41030858660094927,0.6815795940547147,0.9982547051643537
PIGC,2.8351734964808517,0.8301870462421157,0.5180607917401433,1.602489629554003,0.10904737895750402,0.9982547051643537
SUCO,1.4511459187653266,0.8331702536058537,0.6612962725845847,1.2599046571811503,0.2077037584988346,0.9982547051643537
FASLG,5.576250672387272,1.3090082935638125,0.5052335743346688,2.5908972801097345,0.009572605965415879,0.9982547051643537
PRDX6,10.068619117597416,-0.5749775283774491,0.37376812294010675,-1.5383268210638297,0.12396872498736929,0.9982547051643537
RC3H1,2.167742098185243,0.5619642570634688,0.6488791042078782,0.8660538664586662,0.38646062267334047,0.9982547051643537
RABGAP1L,7.309990505630699,0.3246006587400503,0.4036129643850043,0.8042374437467659,0.421259857824521,0.9982547051643537
CACYBP,10.72802231092739,0.21635142236515792,0.39553111858257284,0.5469896354564361,0.5843858527632102,0.9982547051643537
MRPS14,3.0415686952876193,-0.32027539203049343,0.6195238189940249,-0.5169702636301421,0.6051769170519099,0.9982547051643537
RFWD2,1.606547982919603,0.9052071133625923,0.6474858239383628,1.3980338717790417,0.1621028959364066,0.9982547051643537
TOR3A,1.4740220579451464,0.6812900933075107,0.7339374625424042,0.928267227220532,0.3532689696374799,0.9982547051643537
SOAT1,2.227295685459638,0.6277110604622653,0.5772415473453741,1.0874322254678153,0.2768458358304535,0.9982547051643537
TOR1AIP1,2.920599594393514,0.28440035292297366,0.5179203629209576,0.5491198517838108,0.5829232024826538,0.9982547051643537
CEP350,3.523022846560898,0.03656630774690558,0.5372477923380622,0.06806227641768753,0.9457360597479543,0.9982547051643537
QSOX1,1.3737926655791188,0.7509950656653693,0.727803041540282,1.0318657972025027,0.3021349905750591,0.9982547051643537
ACBD6,1.5646647573240433,0.4982184789015384,0.7958929512306332,0.6259867965047037,0.5313236016881907,0.9982547051643537
STX6,0.8851702523010216,0.41051097700051853,0.820265443210749,0.5004611377917658,0.616750413638925,0.9982547051643537
IER5,3.1218302516786673,0.5736352986299315,0.8769442308434229,0.6541297364807606,0.5130282248382638,0.9982547051643537
GLUL,7.819947732316192,-0.19075996128503164,0.5572316794544097,-0.3423350974442199,0.7320987254783498,0.9982547051643537
RGS16,2.1369465392424667,1.0764347216538086,0.6480244593382346,1.6611019941331666,0.09669296404987052,0.9982547051643537
DHX9,2.0864085869023286,0.058115584638518424,0.6425225643633073,0.0904490952720185,0.9279303441562147,0.9982547051643537
SMG7,1.5279681459313814,-0.11354236517838653,0.6543954321108414,-0.17350727038564467,0.8622527136128284,0.9982547051643537
ARPC5,13.584579670077076,0.025533074865204602,0.3412025138430836,0.07483261063236793,0.9403478950192368,0.9982547051643537
TSEN15,2.7621923363361853,0.41772458849485394,0.5989764049788857,0.6973974016715717,0.4855541271786695,0.9982547051643537
C1orf21,2.1029113349390003,-0.10054265816790722,0.7186272825341085,-0.1399093251975653,0.888731633319926,0.9982547051643537
EDEM3,3.688718483204667,0.27276943658685254,0.7731557581257903,0.3528001100943411,0.7242383012305833,0.9982547051643537
FAM129A,5.894752057582861,-0.42348164750919026,0.6621069035933318,-0.6395970880395684,0.5224345761024896,0.9982547051643537
RNF2,1.3239856482080345,-0.26784863925204166,0.8001736407991722,-0.33473814381654493,0.7378226250988291,0.9982547051643537
IVNS1ABP,5.21356381023362,0.5286972085064872,0.46559454553345214,1.1355313621656276,0.25615274910256836,0.9982547051643537
TPR,8.258577986816709,0.22795691445043337,0.4107913154094498,0.5549214550050088,0.5789483860435729,0.9982547051643537
C1orf27,1.0080556080477374,-0.13864934286473465,0.7548228849182481,-0.18368460420983554,0.854260887460855,0.9982547051643537
RGS1,75.4733260213735,-1.109945446954557,0.6066933197787784,-1.82950003036012,0.06732473477055717,0.9982547051643537
RGS2,12.61369181865841,-0.41271370801839813,0.5235472199970096,-0.7883027399529607,0.4305196453717194,0.9982547051643537
UCHL5,1.4044720420177015,-0.015582159128372755,0.6509640956039878,-0.023937048500217314,0.9809028223120042,0.9982547051643537
TROVE2,3.8041614035152356,0.23301154105333535,0.47155660874748884,0.49413270163309153,0.6212124642178836,0.9982547051643537
GLRX2,1.2241965036768858,0.37757391345181096,0.7344685217407704,0.5140777341374954,0.6071976438969312,0.9982547051643537
CDC73,2.6583959715021117,0.2522447615899775,0.5790649097497277,0.43560705776317526,0.6631218492173785,0.9982547051643537
DENND1B,2.8874769578973907,0.4048335082109546,0.5835959832750571,0.6936879618997494,0.48787791700938976,0.9982547051643537
NEK7,2.3415992200859077,0.5448258435529588,0.6089825076067499,0.8946494139775518,0.37097452803830533,0.9982547051643537
PTPRC,68.3796841178844,0.03323611865696893,0.27266102620596944,0.12189537727281276,0.9029818767294633,0.9982547051643537
DDX59,1.215848467506636,0.41792991396407886,0.8852227037612413,0.47211838578961846,0.6368422897836095,0.9982547051643537
CSRP1,2.6791846183937422,0.07634297227537183,0.6203468030135485,0.12306498865555446,0.9020556354935017,0.9982547051643537
TIMM17A,3.130223514021405,-0.28714663165892695,0.5321249472494282,-0.5396225701185362,0.5894573481868897,0.9982547051643537
RNPEP,0.9540631515055917,-0.3917122311005844,0.8014820868908855,-0.488734854474561,0.6250294244196994,0.9982547051643537
PTPN7,8.557114178489398,0.2733837068170986,0.48909448088855256,0.5589588872899042,0.5761897788328133,0.9982547051643537
KDM5B,1.328835435552105,1.0912507038998194,0.7137775549384433,1.5288386365608393,0.12630445157053874,0.9982547051643537
RABIF,2.053090153680679,0.7278655322704528,0.5903546077641156,1.2329293660078988,0.21760211814889707,0.9982547051643537
ADIPOR1,3.0761864135119885,0.8954006141088147,0.5369511585725907,1.667564358160827,0.0954022385463581,0.9982547051643537
TMEM183A,3.0882977012981447,1.363857712243443,0.5749484478620177,2.3721391323257492,0.017685429664877423,0.9982547051643537
BTG2,15.115171514585498,0.18018256853155315,0.5159458914021607,0.3492276448638439,0.726918413561716,0.9982547051643537
ATP2B4,6.173204708681916,-0.3947472025951531,0.5960668500751087,-0.6622532397925034,0.5078089390266325,0.9982547051643537
LAX1,2.5410734000417614,-0.11634878241781453,0.6325400362499672,-0.18393900109089031,0.8540613083253774,0.9982547051643537
ZC3H11A,2.7136183286336233,-0.1369907791276646,0.5612951835263543,-0.24406191812838265,0.8071828657322825,0.9982547051643537
SNRPE,6.398317129664396,-0.7036121850130413,0.5245142353453045,-1.341454888349848,0.17977280695154185,0.9982547051643537
MDM4,2.638673716764896,0.15401116043503096,0.6690234462074053,0.23020293430386843,0.8179340818411431,0.9982547051643537
ELK4,1.1147757380719459,-0.27899433780082017,0.7683752044761815,-0.3630964874654133,0.7165328084278193,0.9982547051643537
NUCKS1,7.023021865514811,-0.3785945618020866,0.4799701706750328,-0.7887876891799944,0.4302361059790101,0.9982547051643537
RAB29,3.26717303858529,-0.19818892865767232,0.5159989389055866,-0.38408786087433283,0.7009133283680447,0.9982547051643537
RASSF5,6.754733012681308,0.6595037805749109,0.44844422557208985,1.4706483949783675,0.14138622887680574,0.9982547051643537
MAPKAPK2,2.1404505854899214,-0.47478742136235397,0.6649667445475155,-0.7140017531033506,0.4752260954115958,0.9982547051643537
FCMR,2.2860841970003056,-0.47066131065559563,0.634678681087027,-0.7415741613527723,0.4583453834644914,0.9982547051643537
CD55,4.821172172936395,-0.49851826109529096,0.5822328429242296,-0.8562180357114738,0.3918771882608202,0.9982547051643537
CD46,5.6760690116041,-0.35674747779446936,0.45031944843232746,-0.7922097947055027,0.4282383583784799,0.9982547051643537
TRAF3IP3,9.187496805774703,0.15480765660073972,0.4018648507992145,0.3852231821042914,0.7000720693688152,0.9982547051643537
TRAF5,2.826200874903293,0.7097208135778021,0.5791659380720052,1.2254187736599345,0.22041747701879955,0.9982547051643537
LPGAT1,1.7376135478414974,0.27884056952032943,0.6577500146339863,0.4239309210437554,0.6716161928439969,0.9982547051643537
PPP2R5A,1.742493076465671,-0.20151956274632768,0.6536880582983867,-0.3082809303123918,0.7578685753054757,0.9982547051643537
TMEM206,1.1134239990858472,-0.3871917040777962,0.8163385066616198,-0.47430287915879354,0.6352839386826228,0.9982547051643537
ATF3,4.654779068572973,-0.11942208414806448,0.6756494659054844,-0.1767515408126886,0.8597035544546598,0.9982547051643537
NSL1,1.7746317400748521,0.7701327757329741,0.620615869503044,1.2409169883935698,0.21463641627289487,0.9982547051643537
ANGEL2,1.9252983349180577,0.062011180089204754,0.6689250802755257,0.09270272847844599,0.9261397293357461,0.9982547051643537
SMYD2,1.7931895334262806,0.07107047632208578,0.719154431823238,0.09882505506071092,0.9212771748061666,0.9982547051643537
CENPF,1.6052877238065337,-0.9379375387906382,0.7820559340085398,-1.1993228335767556,0.23040243985868358,0.9982547051643537
GPATCH2,1.3291977503614374,-0.7302597926947314,0.7484925107763676,-0.9756407474769193,0.3292425244978989,0.9982547051643537
EPRS,2.0091008798406187,-0.38802307863803953,0.6070668168427819,-0.6391768877371035,0.5227078657714402,0.9982547051643537
MIA3,2.478063479217558,-0.169376324440236,0.6651646859173839,-0.2546381791249712,0.79900256827398,0.9982547051643537
BROX,1.723879674694047,0.2055008539874109,0.6093931301334002,0.33722213760832087,0.7359494502777214,0.9982547051643537
CAPN2,6.837131573299837,0.2514968578539956,0.415599558870237,0.605142263715734,0.545084474416496,0.9982547051643537
TP53BP2,1.9881356552959777,0.21655920102476212,0.7662399097274002,0.28262584378018873,0.7774636672244533,0.9982547051643537
FBXO28,1.3112261399128806,0.14123234019069006,0.695222037528785,0.20314709915225101,0.839020059354451,0.9982547051643537
DEGS1,5.673301284229283,0.287437293233832,0.5488790628138429,0.5236805568065891,0.6005007411759911,0.9982547051643537
CNIH4,2.6440005118659498,-0.31677895645161486,0.5556860789838869,-0.5700681885550717,0.5686314501976453,0.9982547051643537
WDR26,2.38217089180572,-0.4007485994619089,0.6299402145132653,-0.6361692589693683,0.5246661073817118,0.9982547051643537
LBR,3.6677340078836176,0.24717169671746803,0.4929831715046457,0.5013795825181403,0.6161040063766374,0.9982547051643537
FO538757.2,1.7888446166714789,-0.6558373373852595,0.8312505101403965,-0.7889767637850712,0.4301255875001819,0.9982547051643537
TMEM63A,1.2618067541081708,0.5768943293704082,0.8440856237320938,0.683454750502314,0.4943195336956141,0.9982547051643537
PYCR2,1.7433665053498846,-0.214401445180126,0.7840563316005552,-0.2734515831821059,0.7845061054589637,0.9982547051643537
SDE2,1.2326994399542108,-0.4185317120876263,0.7649452802791575,-0.5471394135994776,0.5842829562247387,0.9982547051643537
H3F3A,53.643236138538725,-0.26252065662261287,0.34681498762320523,-0.7569472658079778,0.44908145648651676,0.9982547051643537
PARP1,5.191433795771736,-0.7163173157976278,0.5349321543327596,-1.3390806852714183,0.18054440756682266,0.9982547051643537
ARF1,16.0247607675181,-0.3176859452200948,0.3900199471135533,-0.814537686011227,0.41533699200199536,0.9982547051643537
C1orf35,2.085666135037452,0.6660773307022556,0.7249088009874192,0.9188429355457852,0.3581777312158888,0.9982547051643537
MRPL55,2.0258950764345363,0.07927676875482172,0.6376473972109671,0.1243269698920967,0.9010563940752894,0.9982547051643537
GUK1,23.738093489461708,0.11192945808927841,0.4590893188099294,0.24380758493668866,0.8073798456433043,0.9982547051643537
TRIM11,1.586108603145842,0.6108366339055292,0.6458306457700916,0.9458154980817992,0.34424269937625596,0.9982547051643537
HIST3H2A,1.9132164511512397,-0.544449758912544,0.7544266733028792,-0.7216735279638822,0.47049522118593023,0.9982547051643537
RNF187,2.641122418761132,0.9102225224489421,0.7491255444511462,1.2150467023732652,0.224348279553384,0.9982547051643537
RAB4A,2.7697146697130037,0.6304564154761452,0.5867932062023147,1.0744098752547184,0.28263901839904026,0.9982547051643537
NUP133,1.5075255573889126,1.303506991529677,0.7901754628343488,1.6496424564412757,0.09901608597101727,0.9982547051643537
GALNT2,1.901096835080958,0.8237291842180637,0.6512886273142332,1.2647682604484225,0.2059544122589997,0.9982547051643537
TTC13,2.4304066745043325,0.5364746015858621,0.7706066710675884,0.6961717588593377,0.4863212715172329,0.9982547051643537
ARV1,1.3644765696593069,-0.5907409527698755,0.8126146181711706,-0.7269632363977985,0.46724847714163364,0.9982547051643537
C1orf131,1.7284820836698784,-0.8288856657366207,0.7254386643180617,-1.1425992389250479,0.2532050216896654,0.9982547051643537
GNPAT,2.1147525848332176,-0.890086442771136,0.6878599045872449,-1.293993786867456,0.1956675669242548,0.9982547051643537
SPRTN,1.838789041227485,0.3918013509189681,0.8356983226371656,0.46883108450257854,0.6391903792611471,0.9982547051643537
NTPCR,1.3056230120623273,0.17024588519863593,0.7843064955395913,0.21706550457867782,0.8281572963922444,0.9982547051643537
COA6,1.77159996627691,-0.2544231936366833,0.6676508124060208,-0.3810722445162848,0.7031496420115451,0.9982547051643537
IRF2BP2,2.754490132208608,0.12309691431226319,0.6379558274546457,0.19295523140434756,0.846994029298279,0.9982547051643537
TOMM20,11.703479623634877,0.547695413109991,0.4000844738471886,1.368949431712219,0.17101508245578123,0.9982547051643537
ARID4B,10.71559946220346,-0.08798530501112761,0.44709583125120533,-0.1967929442886981,0.8439895727933091,0.9982547051643537
GGPS1,1.5303222752173409,0.8561475562441191,0.6340637708620179,1.350254651957445,0.1769343130582235,0.9982547051643537
LYST,8.750000797949612,-0.6629397208579683,0.4061734282085562,-1.6321592571475931,0.10264594122164401,0.9982547051643537
GPR137B,1.7727977765481249,1.0220896979716663,0.7249961092035802,1.4097864595362426,0.1586027459889774,0.9982547051643537
ERO1B,2.3568020566794976,0.07565906438009651,0.5870929132778202,0.12887068242347122,0.8974599752283929,0.9982547051643537
EDARADD,1.944609238619306,-0.1406990695707035,0.7753712235437402,-0.18146026741572308,0.85600631738825,0.9982547051643537
LGALS8,1.2276235323999052,-0.16278009743080812,0.7480133502508762,-0.2176165671056717,0.8277278751498347,0.9982547051643537
HEATR1,0.8091101425722996,-0.23246009824749658,0.8449416212915458,-0.275119715243956,0.783224265253475,0.9982547051643537
MTR,1.805905073606605,0.025146961317845114,0.6406646359000561,0.039251364768271756,0.9686899819996542,0.9982547051643537
FH,1.1742324919706044,0.01729784777796272,0.7548417061278153,0.022915861216382925,0.9817173882969984,0.9982547051643537
ADSS,3.576222039600967,0.09300374189813072,0.49078187343186497,0.1895011754362244,0.8497000339234853,0.9982547051643537
DESI2,1.0039067433963549,0.13607233084773196,0.7404278227413944,0.18377528054514677,0.8541897491008945,0.9982547051643537
COX20,3.7416657349416154,-0.017123498819845446,0.6271696574926265,-0.027302817690995778,0.9782182095151949,0.9982547051643537
HNRNPU,9.489677088726994,-0.34899877329963797,0.46542728884724044,-0.7498459623285735,0.45334748313018514,0.9982547051643537
SMYD3,1.9719596167826812,0.11183234802400176,0.9688593364946128,0.11542681564964573,0.9081068251954394,0.9982547051643537
CNST,1.4696207191452761,-0.37320293555583456,0.7976655223751201,-0.4678689564575758,0.6398783045849961,0.9982547051643537
SCCPDH,1.3066331056368798,-0.2856758636735577,0.709689055172725,-0.4025366624880942,0.6872891122369844,0.9982547051643537
AHCTF1,1.6606969934855258,0.5104534969754199,0.6366428508039103,0.8017894119612796,0.42267478437908257,0.9982547051643537
SH3YL1,1.8854159402094055,-0.551743147787223,0.7591255329161622,-0.7268141089494318,0.46733983884352914,0.9982547051643537
ACP1,5.7386762182852395,0.12766209531960412,0.5000690340532775,0.2552889433781716,0.7984999390000311,0.9982547051643537
TMEM18,1.9167189106131601,-0.3479418223534804,0.67996568352795,-0.5117049739160525,0.6088575045116882,0.9982547051643537
TSSC1,1.723429918637868,-1.2260819427308403,0.7936608401736732,-1.5448436922534092,0.12238407601666011,0.9982547051643537
RNASEH1,1.7667699386190423,0.09789387526133779,0.6350270786874581,0.15415700927852607,0.8774859385443816,0.9982547051643537
RPS7,195.95908313450397,-0.051887959576062834,0.267862439245587,-0.1937112187964878,0.8464020069080832,0.9982547051643537
AC092580.4,5.743893049190797,-1.7894458853524402,0.6622500174566752,-2.7020699708316833,0.0068909259090616645,0.9982547051643537
ID2,25.08223849456498,-0.04056909386656648,0.5271562238565348,-0.07695838924137853,0.938656647326608,0.9982547051643537
KIDINS220,2.198506118280157,-0.07732706508037976,0.6238576446579595,-0.1239498557764338,0.9013549780765379,0.9982547051643537
ITGB1BP1,4.711811230776235,0.6229589429272089,0.5429369865242385,1.1473871892855432,0.2512216334102504,0.9982547051643537
IAH1,4.502789776024445,-0.12253598335624487,0.4660590285176588,-0.2629194498087103,0.7926126647860158,0.9982547051643537
ADAM17,1.374864943931332,0.31320644947843607,0.6939502015438447,0.45133850927867664,0.6517455941018128,0.9982547051643537
YWHAQ,14.903033074039062,0.37668045520462584,0.44663469241999987,0.8433748242073603,0.39901884749930383,0.9982547051643537
TAF1B,0.9016962432602497,0.18010656320499108,0.7731831636237746,0.23294165170496348,0.8158067145596065,0.9982547051643537
HPCAL1,3.6559164820208023,0.6544822134716576,0.5959949252039102,1.0981338695924918,0.27214603765873435,0.9982547051643537
ODC1,5.999556788947421,-0.2737599121966303,0.5378054336926054,-0.509031510367937,0.6107301373893982,0.9982547051643537
PDIA6,8.181669353257222,0.09984714488531334,0.368630595736231,0.27085962489331106,0.7864989992281218,0.9982547051643537
PQLC3,3.913195348803877,1.111584531362516,0.568454352961379,1.9554508212870299,0.05052988260752922,0.9982547051643537
LPIN1,4.950488017793819,-0.4167219329198435,0.5723247346490857,-0.7281214801512148,0.4665392259096831,0.9982547051643537
DDX1,1.5266103352018745,-0.7840080541827266,0.7116345698154816,-1.101700349360502,0.27059196503444394,0.9982547051643537
SMC6,1.7895247370474594,0.23104715696344624,0.6759987287535667,0.34178637789668653,0.7325116617729723,0.9982547051643537
RDH14,2.0033504143258596,0.4628020361517172,0.6390675961104643,0.7241832303318988,0.4689532524976562,0.9982547051643537
LAPTM4A,6.484646030871155,-0.14571873935588073,0.44191097877885654,-0.32974681859805544,0.7415912743184712,0.9982547051643537
PUM2,2.015768158730889,1.186067550024103,0.6890640393205412,1.7212733248910177,0.08520123761436445,0.9982547051643537
RHOB,4.451069851034605,-0.25284372106713454,0.6344744033568711,-0.3985089386260366,0.6902550707048306,0.9982547051643537
HS1BP3,1.1569675177728471,-1.6937902148554838,1.0483253885983788,-1.615710382746809,0.10615694510521381,0.9982547051643537
UBXN2A,1.4466832865799684,1.4955065409364077,0.8285564700414936,1.8049542728952603,0.07108183787189104,0.9982547051643537
SF3B6,10.636424089554597,-0.4830503981388462,0.3923213492428751,-1.2312620739887477,0.21822486171309818,0.9982547051643537
ITSN2,6.149726533729951,0.4781445957061308,0.4369875369457047,1.0941835985714619,0.2738744633389064,0.9982547051643537
NCOA1,2.3146572108846284,-0.45072945405860887,0.651859629587729,-0.6914517076992087,0.48928171903059003,0.9982547051643537
PTRHD1,3.585815032094279,0.3170722676020738,0.5928949153239041,0.5347866196977827,0.5927974164549477,0.9982547051643537
DNMT3A,1.2390019912415586,-0.17925553414124049,0.8816346451722102,-0.20332178995328207,0.8388835252973112,0.9982547051643537
DTNB,1.3140867776530565,-0.29934148334937577,0.8733331432791213,-0.3427574982731474,0.7317809025646473,0.9982547051643537
ASXL2,2.7056519463103323,-0.43237871044886783,0.5920138934824642,-0.7303523028918157,0.4651748654547012,0.9982547051643537
RAB10,3.5631956532857942,0.2719665016942567,0.5033470416328824,0.5403160825421446,0.5889790691360963,0.9982547051643537
HADHA,5.586436742442409,-0.6547530120855428,0.49997826254391303,-1.3095629573056407,0.19034372662971177,0.9982547051643537
HADHB,2.6648777044928424,-0.18846153592324752,0.5658655318906419,-0.33305003627552493,0.7390965135730381,0.9982547051643537
EPT1,1.2703123061342867,0.2534775605333066,0.858228271518744,0.2953498141989028,0.7677266665494438,0.9982547051643537
OST4,32.79069533999019,-0.06615205169517588,0.3478187244584554,-0.19019117443482345,0.8491593266818089,0.9982547051643537
PREB,2.3416389344623023,1.339875328756747,0.6903007675806343,1.941002229293097,0.052258006970519855,0.9982547051643537
ATRAID,8.025491630721465,-0.0044747525381344565,0.4274422790694691,-0.010468670876161055,0.9916473617012753,0.9982547051643537
MPV17,2.147632422566026,-0.14932555127713992,0.5935418637933944,-0.25158385681977535,0.8013627377456765,0.9982547051643537
SNX17,5.101476534176224,-0.6727883373114869,0.6792859420838065,-0.9904346544367056,0.32196171403078044,0.9982547051643537
PPM1G,5.838467031354388,0.16659070333468884,0.5093559591086806,0.3270614593892355,0.743621401095008,0.9982547051643537
NRBP1,4.100389943142466,0.32800774253574244,0.5092176089574205,0.6441406125120266,0.5194842569331333,0.9982547051643537
ZNF512,1.102451993571677,-0.07846927112918219,0.8231072753162678,-0.0953329820818695,0.9240503460334021,0.9982547051643537
GPN1,2.103707975739026,0.47788273347998056,0.6562285822294766,0.7282260273644554,0.4664752357760157,0.9982547051643537
SUPT7L,1.8045650194741236,-0.006233784454030454,0.6517275395688167,-0.009565016169417559,0.9923683376443085,0.9982547051643537
MRPL33,6.683924663999231,0.11264935442303242,0.42522445451835306,0.26491739415746696,0.7910730983338101,0.9982547051643537
FOSL2,3.754591407658888,-0.5462933846629252,0.6765893369417111,-0.8074223976574272,0.4194231671850165,0.9982547051643537
PPP1CB,7.510853475222031,-0.7447583032108641,0.5502801515095835,-1.3534166209116731,0.175922570531322,0.9982547051643537
TRMT61B,1.0567201289455892,0.3072291135815634,0.775290833947679,0.3962759523638286,0.6919014654842859,0.9982547051643537
YPEL5,26.837921434986104,-0.3040792288303692,0.4367320470477611,-0.6962603978478252,0.48626576935135735,0.9982547051643537
LBH,11.69450763427146,-0.3685681735909758,0.41508782095738656,-0.8879281804531998,0.3745793850216015,0.9982547051643537
DPY30,4.62545434238539,-0.33550366408731414,0.5377767044929086,-0.6238716948583224,0.5327118505257462,0.9982547051643537
SLC30A6,1.5524301810905556,0.1514298331189988,0.9978557727828016,0.15175523081526512,0.8793799936981183,0.9982547051643537
YIPF4,3.4568831178231214,0.8823777385603495,0.5212332203442929,1.692865504576834,0.09048107068500523,0.9982547051643537
BIRC6,3.7089550181949975,0.7567659637451395,0.4756268794937098,1.591091665279081,0.11158894798418958,0.9982547051643537
FAM98A,1.183691780687669,-0.839065657433636,0.905977243002434,-0.9261442976789891,0.35437099569053765,0.9982547051643537
EIF2AK2,5.03479858312482,0.6001458744023699,0.47952415356033523,1.251544619695278,0.2107358451747663,0.9982547051643537
CEBPZOS,2.4633286438524524,-0.22331585203341217,0.626616916989626,-0.35638337551794713,0.7215534775922069,0.9982547051643537
CEBPZ,3.8157924267890913,-0.10851529195814279,0.6244788781687352,-0.17376935514033798,0.8620467290032128,0.9982547051643537
PRKD3,1.1214164969699347,0.26999217819628557,0.7377571968299658,0.3659634624459135,0.7143923398659558,0.9982547051643537
CDC42EP3,8.1553071744382,-0.13359279580072803,0.4924041492348112,-0.271307209755095,0.7861547617766848,0.9982547051643537
HNRNPLL,4.515657850135869,0.6943654288649407,0.5976775594278849,1.1617726279193221,0.245327835329062,0.9982547051643537
GALM,5.622534974158033,-0.6270392775437684,0.5219586706363587,-1.201319784149381,0.22962717891001916,0.9982547051643537
SRSF7,41.64731647999345,0.06153126335062697,0.476071676930935,0.12924789760083433,0.8971614972134858,0.9982547051643537
EML4,11.865981375235439,0.16545013337220463,0.45327680745385246,0.3650090422705973,0.7151046565004789,0.9982547051643537
COX7A2L,10.882297085563014,-0.17282378024676476,0.38099359190186327,-0.4536133518258252,0.6501071417932314,0.9982547051643537
ZFP36L2,115.38865732896842,-0.8921222798530036,0.5859911367972563,-1.5224159954515897,0.12790487941492135,0.9982547051643537
LRPPRC,1.7487415912013486,-0.3653433440110481,0.7003466050638598,-0.5216607624987843,0.6019065487072024,0.9982547051643537
PPM1B,2.4988687774560114,0.27532109054364745,0.5881621663375425,0.4681040473209262,0.6397101850818887,0.9982547051643537
PREPL,1.1990296193301984,-0.07498605843313604,0.7344471092396547,-0.10209865011350683,0.9186783724700037,0.9982547051643537
PIGF,1.4108097947777962,0.535683029666802,0.7670319981030903,0.69838420169116,0.48493695364053757,0.9982547051643537
CRIPT,2.8237588035286594,-0.7878757599387934,0.5903539836765667,-1.3345819317286791,0.1820132148586172,0.9982547051643537
MCFD2,1.166323369396576,-0.2472919742523149,0.7793408736758487,-0.3173091295544843,0.7510090506567536,0.9982547051643537
CALM2,38.28366119047337,-0.3089356104114545,0.4311877214524083,-0.7164758991068645,0.4736975439635053,0.9982547051643537
FBXO11,1.712763049722615,-0.9484036546356708,0.6476852504534901,-1.4642971319350355,0.14311278048279366,0.9982547051643537
FOXN2,3.0856895880087403,0.6095918657160434,0.6029058990551753,1.0110895691539026,0.31197356229620476,0.9982547051643537
PPP1R21,1.471804019137543,0.05584413040474311,0.8768280405785519,0.06368880535332314,0.9492180186842175,0.9982547051643537
ERLEC1,3.200955174760448,-0.3218172020028016,0.6063152044209066,-0.5307754112981056,0.5955744211651877,0.9982547051643537
SPTBN1,1.4667253750520621,0.41440798169867765,0.7776188002885678,0.5329191906688655,0.5940895202195848,0.9982547051643537
RTN4,7.53364826300309,-0.44723396639273894,0.4162567262083957,-1.0744185937042006,0.2826351125816349,0.9982547051643537
RPS27A,301.3124694084973,0.12593163408232333,0.23587582288216025,0.5338895379084136,0.5934179608014577,0.9982547051643537
CFAP36,1.2403600444097813,-0.5581376336511956,0.7138651425046627,-0.7818530425689613,0.43430094416682097,0.9982547051643537
PPP4R3B,3.6499585803450576,0.05192497466902237,0.5248456879433712,0.0989337930401838,0.9211908375502873,0.9982547051643537
VRK2,1.501102298303347,0.11099015557565246,0.7099032974787972,0.15634545714864415,0.8757607272415879,0.9982547051643537
REL,16.71829070502454,-0.3045024536984929,0.41807125981268145,-0.7283506018445909,0.46639899392914297,0.9982547051643537
PEX13,1.0064454672970102,0.37232304954713435,0.7854642840647683,0.47401652385817844,0.6354881240578,0.9982547051643537
AHSA2,1.48195133715554,-0.7098051585600145,0.7646719830494969,-0.9282478949069448,0.35327899537534024,0.9982547051643537
USP34,3.540856548261616,0.03478398577490597,0.526160915602127,0.0661090262379142,0.9472910246754789,0.9982547051643537
XPO1,2.811488028051396,-0.6212443142906393,0.7187363834168397,-0.8643562906016702,0.38739219631978594,0.9982547051643537
CCT4,8.4458410678826,-0.028193596180276895,0.3971750673345599,-0.07098531226918144,0.9434094451111715,0.9982547051643537
COMMD1,4.414167127411191,-0.22083847871737775,0.4971084626902383,-0.44424606558144264,0.656864690581455,0.9982547051643537
B3GNT2,3.5140640880863074,0.6488897303159817,0.5763291557970344,1.1259012732378595,0.2602073103779936,0.9982547051643537
MDH1,5.974876636455622,-0.35230295931936895,0.4449991729626808,-0.7916935147852832,0.42853940466565765,0.9982547051643537
UGP2,4.796963330653907,-0.6409268383525917,0.6049495519047111,-1.0594715482218384,0.2893850801275679,0.9982547051643537
AFTPH,2.443995801699692,-0.236724327157086,0.7237716374053019,-0.3270704665987398,0.7436145886717981,0.9982547051643537
SERTAD2,1.3507899873973064,-0.11536384688783835,0.7059279852613659,-0.16342155190961233,0.870186535013793,0.9982547051643537
RAB1A,2.9707517823716008,0.06468622617577828,0.6011260307705951,0.10760842629432593,0.9143063125923924,0.9982547051643537
ACTR2,11.198415451622056,-0.17240928000707179,0.42243417662360494,-0.40813288684426446,0.6831761168597672,0.9982547051643537
C1D,5.168082478471291,-0.4239410451884828,0.4556560232791217,-0.9303971055569451,0.352165516649813,0.9982547051643537
PNO1,1.5266830542910743,0.1095091279276714,0.7454787553444775,0.14689771793304618,0.8832127532081209,0.9982547051643537
PLEK,3.3609009770652567,-0.6694761217397567,0.6247688342485397,-1.0715581268470122,0.28391854945456807,0.9982547051643537
ARHGAP25,4.173677736469291,0.38132666368801993,0.49183325352934665,0.7753169614938755,0.43815238917834665,0.9982547051643537
GFPT1,1.4401917666560924,0.5008497771076422,0.8172367805523496,0.612857606297566,0.5399704967178064,0.9982547051643537
NFU1,1.7514623436257428,0.8163319564249519,0.6505484566694473,1.2548365122626701,0.20953811498698616,0.9982547051643537
AAK1,4.472247283016167,-0.4739375417412598,0.582427371932844,-0.8137281394733394,0.41580071004402297,0.9982547051643537
ANXA4,2.2483631429592745,-0.3753266384983186,0.5942972844084452,-0.6315469519129862,0.5276829597001791,0.9982547051643537
GMCL1,1.4008997096084939,0.8274628673091466,0.7130527469444532,1.1604511319183037,0.24586517905849614,0.9982547051643537
SNRNP27,2.9335657091626217,-0.5559633082057558,0.5808273649648635,-0.957192001859947,0.3384703532806125,0.9982547051643537
MXD1,1.505174390258596,0.11192677721394335,0.7831302672104116,0.1429222977329656,0.8863515483099009,0.9982547051643537
PCBP1,17.67078648531995,0.8872144142001469,0.5222784212552036,1.6987384086592823,0.08936848311180032,0.9982547051643537
TIA1,3.9499788353278498,0.17697331859070464,0.5982101937392142,0.2958380188817962,0.7673537869765573,0.9982547051643537
SNRPG,12.869801634171077,-0.4053671452547257,0.42092889241043824,-0.9630299857379745,0.33553247547174103,0.9982547051643537
FAM136A,2.1332209973113283,0.2925578672255135,0.6363845715264669,0.45971866747769863,0.6457181685867114,0.9982547051643537
NAGK,1.9825435543637135,0.8323473152694716,0.6712840620411232,1.2399330809949745,0.21500014681379231,0.9982547051643537
MPHOSPH10,2.5358234499448313,-0.3142855613152987,0.6161768942576992,-0.5100573621701845,0.6100112753781768,0.9982547051643537
ZNF638,3.757179825423722,0.08918463973503238,0.5503473308285611,0.16205155315419223,0.8712652568009971,0.9982547051643537
CCT7,6.466591843132024,-0.26331871103840265,0.4929402426258352,-0.5341797813782347,0.5932171562091011,0.9982547051643537
TPRKB,1.9394486892839484,0.5610489190386476,0.6258294090316163,0.8964885813001222,0.3699918761644515,0.9982547051643537
DUSP11,2.4877662996604637,-0.16701907575429226,0.5727342632247738,-0.29161704908990993,0.7705794384821544,0.9982547051643537
STAMBP,0.9334890608059668,0.4306739554981207,0.7316640157317599,0.5886225729816579,0.5561144879931932,0.9982547051643537
DGUOK,6.687502218590931,0.19094129788534417,0.4235731727515184,0.4507870426377462,0.65214304093506,0.9982547051643537
BOLA3,2.8154246082468153,0.9566638734238955,0.6098994062120023,1.5685600997147995,0.11675047577041048,0.9982547051643537
MOB1A,10.407801921560438,0.1056302882334345,0.39837558904626647,0.2651525121966417,0.7908919756587578,0.9982547051643537
MTHFD2,3.481068148363747,-0.3047835451478548,0.5258083656023609,-0.5796475771143309,0.5621523019409107,0.9982547051643537
WDR54,2.513942320463797,0.44944625612248834,0.5695339723248303,0.7891474046541149,0.43002585811919347,0.9982547051643537
AUP1,7.008154746380623,0.8608729073869208,0.49025198452774293,1.7559804642426793,0.07909174433423347,0.9982547051643537
HTRA2,2.10319259753325,-0.03835084412519383,0.8060862847123178,-0.047576599245676005,0.962053682001986,0.9982547051643537
POLE4,4.591558682022595,0.24152189284959233,0.4787699548641422,0.5044633448607434,0.6139358141537493,0.9982547051643537
MRPL19,2.06664986458079,0.03556575072147084,0.705553612819309,0.05040828942729709,0.9597970307783156,0.9982547051643537
SUCLG1,4.533296537987558,-0.2098069230540897,0.4942969366247674,-0.42445523633370025,0.6712338445507235,0.9982547051643537
TMSB10,256.1410717889596,-0.2750014653436997,0.2682356682084265,-1.0252233313356969,0.3052578218601434,0.9982547051643537
TGOLN2,5.10134473797202,0.12007234648613765,0.49458670241178765,0.24277309903525607,0.8081811760693017,0.9982547051643537
CAPG,7.030244885159338,0.9151139042853758,0.6102456172135278,1.499582919520048,0.1337224748591252,0.9982547051643537
MAT2A,5.116191567666251,-0.26388115356409847,0.5113779852038902,-0.516019776367352,0.6058405968678142,0.9982547051643537
UBASH3A,2.6765538558406763,1.01003568672819,0.6357324470579006,1.5887747926073674,0.11211124620125582,0.9982547051643537
VAMP5,5.593632497127643,-0.21046729896119531,0.48917457166037126,-0.4302498763311036,0.6670138841175239,0.9982547051643537
RNF181,7.432620728589484,-0.2883787418703512,0.4140245660430851,-0.6965256787210576,0.48609968161555905,0.9982547051643537
GNLY,79.37172458182724,0.6150590498638924,0.8071223531587389,0.7620394199922835,0.4460364772533788,0.9982547051643537
ST3GAL5,1.2882217964292069,0.15562428973335476,0.7209938416181483,0.21584690568796325,0.8291070845534542,0.9982547051643537
IMMT,2.925902536564967,-0.19184210829501366,0.5391034779343519,-0.35585396152531373,0.7219499351941949,0.9982547051643537
CHMP3,1.2457584037656724,0.6968302349271742,0.672157240407681,1.0367071765894071,0.29987234638629057,0.9982547051643537
RMND5A,1.5854996855803891,-0.6045035337611763,0.6533848369374826,-0.9251875764282798,0.35486834469570705,0.9982547051643537
CD8A,51.00933198884495,-0.0924136788758819,0.3574628563565716,-0.258526661532908,0.7960004751762707,0.9982547051643537
CD8B,33.30959525738805,0.07190183364421922,0.42978040673623424,0.16729900320548344,0.8671347884132476,0.9982547051643537
LINC00152,15.508352929071071,-0.7780847596219435,0.39299663643503907,-1.9798763843887452,0.04771742060985604,0.9982547051643537
KRCC1,2.5233697998975764,0.9990852578477519,0.5660390236220013,1.7650466066009913,0.07755593309205049,0.9982547051643537
RPIA,3.156828928161293,0.590903273914877,0.625874913909033,0.9441235952792335,0.34510649310959096,0.9982547051643537
MRPS5,3.506956734941323,0.6957728202742719,0.5262041329510506,1.3222488701718258,0.1860852924857268,0.9982547051643537
ANKRD36C,3.095012289918126,0.18263653793200998,0.5529399312020827,0.330300865656349,0.7411726389102504,0.9982547051643537
DUSP2,95.68590323843877,-0.5636570568907261,0.48989676727116344,-1.1505629237572321,0.24991209348046683,0.9982547051643537
STARD7,4.006017077610287,0.15702194821631302,0.5311638912508736,0.29561864200996696,0.7675213353572559,0.9982547051643537
CIAO1,3.6592991199079425,-0.5010555449606161,0.5923069207676258,-0.8459390349706727,0.39758675502832763,0.9982547051643537
SNRNP200,4.440212364058852,-0.3893585175869251,0.515151966767196,-0.7558129303675577,0.4497613630903339,0.9982547051643537
ITPRIPL1,1.155286162115716,-1.303001353018531,0.837273420794082,-1.556243540828928,0.11965019130290235,0.9982547051643537
ARID5A,5.5331025178468165,-0.21267167687172958,0.53028236321725,-0.40105364919444003,0.6883806253645535,0.9982547051643537
ANKRD39,2.1247938805902846,0.5971552344746835,0.6486973370159699,0.9205452225557426,0.3572879123192162,0.9982547051643537
ANKRD36,2.373242815044749,-0.46985205470801367,0.6381371982510434,-0.7362868925299253,0.4615561213406977,0.9982547051643537
ANKRD36B,2.3601972935746587,0.7652170300735643,0.7199326974671991,1.0629007860952564,0.2878269465028228,0.9982547051643537
COX5B,16.264380947882294,-0.31509121922177513,0.49841398800502507,-0.632187753162735,0.5272641989279552,0.9982547051643537
ACTR1B,2.252951930449614,-0.3443295798736808,0.5976757863503681,-0.5761143210707698,0.5645379121464236,0.9982547051643537
ZAP70,6.917751547798171,0.5983736073754159,0.520445131918389,1.1497342768291028,0.2502533320734204,0.9982547051643537
INPP4A,1.7813164110034128,0.7060247080568913,0.6807738981130398,1.0370913309306384,0.2996932949678017,0.9982547051643537
COA5,2.0735025680041765,0.7432037764011074,0.6011825038753693,1.236236536509686,0.21637065336140082,0.9982547051643537
UNC50,2.5701861589694954,-0.5477733066662315,0.6357084465061789,-0.8616737903621787,0.38886705234586705,0.9982547051643537
MGAT4A,5.341206448151135,0.31798852110501813,0.596646158008148,0.5329599744119623,0.5940612875473698,0.9982547051643537
LIPT1,1.3194919891480055,-0.15659257446407918,0.8134294072118754,-0.19250911397562892,0.847343429510341,0.9982547051643537
MITD1,3.378419014370088,-0.006609341838029119,0.5891729701670475,-0.011217999081246344,0.9910495194570046,0.9982547051643537
TXNDC9,2.589711788352593,0.8087949007151801,0.5538479377256181,1.4603194227579939,0.14420230646042517,0.9982547051643537
EIF5B,5.563231964775164,-0.8263712001030503,0.6053332872140966,-1.3651507649715224,0.17220566929944037,0.9982547051643537
REV1,1.8874370538379155,0.7673006131318378,0.7484949865105156,1.0251245859494587,0.3053044061103539,0.9982547051643537
PDCL3,4.636946082281473,-0.9517227088524662,0.5303182760582579,-1.7946255141844578,0.07271338526097318,0.9982547051643537
RPL31,72.70447865847741,-0.49153659032568364,0.6577976435250307,-0.7472458972209431,0.4549151438253549,0.9982547051643537
RNF149,9.452036771921795,-0.08197101919556694,0.44324577720567326,-0.1849335592373417,0.853281148501241,0.9982547051643537
NCK2,2.4544515614745444,-0.046184833081313506,0.7078857899919956,-0.06524333972269133,0.9479802545064051,0.9982547051643537
UXS1,1.5440564461171125,0.14944831768078967,0.694966579870251,0.21504389133171184,0.8297330986278593,0.9982547051643537
GCC2,8.778345802469364,-0.24042016324016344,0.44847098844844313,-0.536088552956202,0.5918973510316897,0.9982547051643537
LIMS1,3.366551429324621,-0.16687023522517025,0.5542060690820788,-0.3010978127712573,0.763339908839653,0.9982547051643537
RANBP2,5.1091571993836284,-0.020388050406114685,0.47739598410439266,-0.0427067907669211,0.9659352662611129,0.9982547051643537
LINC00116,2.885519823132639,0.14214314993637286,0.7317644236570441,0.1942471447655278,0.8459823696325612,0.9982547051643537
MIR4435-2HG,5.153343465648655,-0.40138448360636547,0.4564750395092078,-0.8793131033800347,0.3792315331050252,0.9982547051643537
TMEM87B,2.3139950993930425,0.5637000985311629,0.788256585532518,0.7151225995154195,0.47453329048125503,0.9982547051643537
ZC3H8,2.2719015155889806,-0.8751333225686515,0.6840230372615057,-1.2793915919444148,0.2007591932210403,0.9982547051643537
ZC3H6,2.104076458927985,-1.2617599206051746,0.9136330174489745,-1.3810358169062587,0.1672679482418732,0.9982547051643537
CHCHD5,3.2821527866846716,-0.8646030773605569,0.7130401177815656,-1.2125588109271312,0.2252985446790714,0.9982547051643537
SLC20A1,5.973999351983017,0.38361903206537257,0.5739342383393308,0.6684024169308455,0.5038767531109822,0.9982547051643537
PSD4,1.5929746426274056,0.07872887724538394,0.667751026842564,0.11790154425916875,0.9061456696421932,0.9982547051643537
ACTR3,17.03341418040447,0.5852875217706632,0.3444297342615899,1.6992944091352606,0.08926372547688859,0.9982547051643537
DDX18,6.62655387967434,-0.26965699645186075,0.5241371826967183,-0.5144778988288119,0.6069179085415569,0.9982547051643537
DBI,17.447660863205837,0.07791003439999405,0.4335329733545371,0.17970959347601995,0.8573805615610419,0.9982547051643537
PTPN4,4.170842104593361,-0.22517277341499356,0.4626251947191342,-0.4867282975188995,0.6264508890506324,0.9982547051643537
CLASP1,1.6209094360098641,1.0193778485901699,0.794365404066766,1.2832606296440519,0.19940078095506586,0.9982547051643537
NIFK-AS1,0.898996285848102,0.38172344259518415,0.772733060500259,0.4939913433340882,0.6213122931258694,0.9982547051643537
NIFK,2.6560715684003813,0.26450519149856205,0.6141832755795292,0.43066166405944717,0.6667143972553705,0.9982547051643537
TSN,2.4899855926452408,-0.17587340261979623,0.5937033464187729,-0.296231112188717,0.7670535904299887,0.9982547051643537
GYPC,17.025949234927683,0.0732097070118996,0.4347407852033832,0.16839852506051434,0.8662697683668985,0.9982547051643537
BIN1,6.019193235297865,0.03563057421208421,0.5665282834686903,0.06289284269079809,0.9498518342682657,0.9982547051643537
MAP3K2,2.951439269807422,0.02339506625914305,0.59022356038707,0.03963763534583491,0.9683820223370294,0.9982547051643537
IWS1,2.501443156085947,0.3553110223530077,0.5833325825530672,0.6091053936982582,0.5424545826941113,0.9982547051643537
WDR33,5.424492314935215,0.5493551310927887,0.49043710763293025,1.1201336981702368,0.26265679244099494,0.9982547051643537
MZT2B,7.22394274885026,-0.3947308676559847,0.734505297622675,-0.5374105114470707,0.5909840841173539,0.9982547051643537
CCDC115,4.416393496549998,0.30389639737026153,0.5517910585761817,0.550745418300947,0.581808205164168,0.9982547051643537
IMP4,2.5189453803394657,0.2659194188171491,0.6469340175375005,0.411045657839031,0.6810390558458738,0.9982547051643537
PTPN18,1.562253681990414,-0.566107691806877,0.6590035557333364,-0.8590358684437064,0.39032072731400824,0.9982547051643537
PLEKHB2,3.427063082326797,-0.11016237091286302,0.5128040187023294,-0.21482353276332194,0.8299049047202501,0.9982547051643537
MZT2A,6.4122113567361865,0.7434940913402759,0.789778732376656,0.9413954324939884,0.3465022533926214,0.9982547051643537
MGAT5,1.209616631562016,-0.4145747944090076,0.8124556402167095,-0.510273760052212,0.6098596833396279,0.9982547051643537
CCNT2,2.6967663381123894,1.0761015906980977,0.6196321394404468,1.736678138854872,0.08244399857120777,0.9982547051643537
RAB3GAP1,3.0198265817671506,0.3225280982491164,0.6130320755550721,0.5261194497157138,0.5988052157618231,0.9982547051643537
R3HDM1,1.7437692909581792,0.20629226921801103,0.701387749763213,0.2941201486448185,0.7686660950754529,0.9982547051643537
UBXN4,11.969596509611497,0.34359393866847465,0.37675738818796495,0.9119766444953032,0.3617810124039573,0.9982547051643537
DARS,2.8729370502614358,0.12241865514833059,0.6193483048888261,0.1976572054561527,0.8433132741539848,0.9982547051643537
CXCR4,172.85236056758984,-1.7790287191333607,0.6326092119036001,-2.812208051444653,0.004920266678376591,0.9982547051643537
ARHGAP15,8.819543691684304,-0.3352950005419745,0.42491474955389363,-0.7890876955765633,0.43006075297621194,0.9982547051643537
GTDC1,1.6386287648273712,-0.7953911506458772,0.7243168056786473,-1.0981260470694685,0.272149452978364,0.9982547051643537
ZEB2,7.113526644545816,-0.671036932868787,0.5759754877827488,-1.1650442546643482,0.24400107975881002,0.9982547051643537
ORC4,1.945686551879599,-0.5074129380738017,0.708731299036124,-0.7159454348409395,0.47402504210441565,0.9982547051643537
MBD5,1.3414068678023547,-0.2464057398425618,0.6889984210331902,-0.35762888900828416,0.7206210559971409,0.9982547051643537
MMADHC,4.957074576335275,0.10076697061941038,0.4718696613468676,0.21354831402338748,0.8308993089377384,0.9982547051643537
NMI,2.075109537428884,0.10555228748651625,0.6390599641458278,0.16516804902275203,0.868811713017791,0.9982547051643537
RIF1,2.937156865142026,0.16485482312826955,0.5725952927332832,0.28790810057367944,0.7734170859856239,0.9982547051643537
ARL5A,6.43068043581142,-0.12541268843991166,0.6326405424934489,-0.19823688179328203,0.842859732540433,0.9982547051643537
PRPF40A,5.798052165220582,-0.39252536808405414,0.43562021602205775,-0.9010724333881202,0.367549808727475,0.9982547051643537
ARL6IP6,4.413971687522879,0.294230369440751,0.5706595280882925,0.515597050357543,0.6061358708623971,0.9982547051643537
NR4A2,31.131083207144826,0.2653360217318305,0.5061639559546864,0.5242096332825097,0.6001327413755275,0.9982547051643537
CYTIP,34.86080247188902,-0.3481079259358939,0.42303893163420975,-0.8228744446548796,0.410579396610272,0.9982547051643537
MARCH7,3.2866221068592756,0.23193486520465356,0.5615899715424784,0.412996807203688,0.6796089529678686,0.9982547051643537
RBMS1,5.178151483065137,-0.8444696207185595,0.4803851271475877,-1.7579012608754536,0.0787643112658738,0.9982547051643537
TANK,9.018584813404905,-0.08449782658181607,0.5748279944472601,-0.1469967144920752,0.8831346136060556,0.9982547051643537
PSMD14,3.8060767473721566,0.17826591394918198,0.5462469940019029,0.32634671843807156,0.7441620450933257,0.9982547051643537
GCA,0.8582340024353258,0.6060810663888384,0.7914864793780719,0.7657503724701402,0.4438248484074958,0.9982547051643537
STK39,0.8320361884082461,0.11343862734323812,0.7952998782343125,0.1426362941172445,0.8865774319801784,0.9982547051643537
PPIG,9.496685785528024,-0.7208006582109572,0.46416016644754166,-1.5529136498886111,0.12044376533127946,0.9982547051643537
SSB,5.866427350875412,0.04383873728544124,0.4607460321050706,0.09514729206706235,0.924197834797966,0.9982547051643537
METTL5,3.763148086526548,-0.648445275505659,0.5338177694923574,-1.2147315293050447,0.22446850308558275,0.9982547051643537
GORASP2,3.0918857457289506,0.42154050821132977,0.5304016758618052,0.7947571197364788,0.4267547987566913,0.9982547051643537
TLK1,2.3877372994653783,0.21864398733963972,0.5976662568636374,0.3658295659638105,0.7144922564318763,0.9982547051643537
RRP1B,2.00755948610369,0.3249399166369855,0.7224414794918017,0.44978026021645806,0.6528688926419206,0.9982547051643537
DYNC1I2,1.6068206983766486,0.39160920666707916,0.6983317758384078,0.5607781576270368,0.574948778619024,0.9982547051643537
SLC25A12,1.1218512758364607,-0.4743494606632516,0.8165986624950085,-0.5808844447698948,0.5613183367518186,0.9982547051643537
HAT1,2.585551089518913,-0.9009558972785924,0.6492806143468922,-1.3876217422336858,0.1652522572425663,0.9982547051643537
SP3,3.5584894712383273,-0.06287734299182371,0.5793342979564386,-0.1085337830223744,0.9135722838067262,0.9982547051643537
OLA1,2.9846273750308945,0.8074486999601573,0.6550186195821103,1.232711064725602,0.2176835822091283,0.9982547051643537
CIR1,4.075092443113934,-1.1879231550417308,0.6006213001320874,-1.9778238879981203,0.04794857765097369,0.9982547051643537
WIPF1,14.136736179858506,-0.3672638724008371,0.3558590433275145,-1.0320487262784723,0.30204929173701245,0.9982547051643537
ATF2,1.6603188695659672,0.1723271647935286,0.6337421769536854,0.2719199874338212,0.7856835423535318,0.9982547051643537
ATP5G3,16.08755032396746,-0.08734682423425497,0.3055759923729644,-0.285843215482863,0.7749982072265361,0.9982547051643537
MTX2,2.5713431211241216,0.21055250937416234,0.6163576732255047,0.34160767119569585,0.7326461633787582,0.9982547051643537
HNRNPA3,12.138329944507275,-0.0722321111907747,0.37487959671295423,-0.19268082825559302,0.8472089389292838,0.9982547051643537
NFE2L2,5.156425473911483,-0.540595649317994,0.5107258145249925,-1.0584850695686534,0.2898343540658396,0.9982547051643537
PRKRA,1.6608489299279803,1.1210177290614,0.6662728798000764,1.6825204252614567,0.09246796762586923,0.9982547051643537
PLEKHA3,1.6717381206022797,0.878486321152514,0.6676397251471392,1.3158089431525466,0.18823817684423572,0.9982547051643537
TTN-AS1,1.662983063326482,0.10592112201803382,0.8467598074306163,0.1250899264331379,0.9004523581974224,0.9982547051643537
CWC22,1.9774345180283042,-0.13259374514392264,0.6618237860088017,-0.20034599533441255,0.8412099925941944,0.9982547051643537
UBE2E3,2.994653990608026,-0.06199975436653965,0.5931680119002586,-0.1045230914727157,0.9167542442978689,0.9982547051643537
AC104820.2,1.966918442404248,0.15749718151117387,0.7295005694520738,0.2158972701412278,0.8290678250358345,0.9982547051643537
ITGA4,7.076095662134159,0.7746487131220605,0.44045050228696175,1.7587645129244567,0.07861751463703756,0.9982547051643537
DNAJC10,2.213170292235456,0.8627087896788103,0.7207870414093415,1.1968983071504338,0.23134619408690882,0.9982547051643537
ZC3H15,8.124843324137574,0.14955917175475408,0.4482675512173044,0.3336381840456996,0.7386526009656725,0.9982547051643537
ASNSD1,1.7753837560558512,0.35072517218492255,0.6559015703876807,0.5347222632469396,0.5928419242643568,0.9982547051643537
ORMDL1,7.831801874131143,0.3558604294022242,0.4521394433313135,0.78705902493329,0.43124731431738095,0.9982547051643537
PMS1,1.536540361782978,0.694467735073598,0.7540982811898826,0.92092470225208,0.35708974072253763,0.9982547051643537
HIBCH,2.4834786337971635,0.29135797069236014,0.6089155812161928,0.47848664031626204,0.6323038807512218,0.9982547051643537
GLS,5.470371719439646,0.5264610717705358,0.5297386260374859,0.9938128841170851,0.3203139723663264,0.9982547051643537
STAT1,6.439977846100402,-0.280443046836041,0.48986065279623525,-0.5724955561039833,0.5669862956165262,0.9982547051643537
STAT4,6.385900983619123,-0.4419413832888248,0.627612229540652,-0.7041631161525976,0.48133119776333155,0.9982547051643537
NABP1,3.941224351595893,0.7909591140220614,0.6007048212795765,1.3167184380794872,0.18793302086870478,0.9982547051643537
SLC39A10,3.740823354028156,0.2947986613636028,0.6429602153561217,0.45850218150794947,0.6465916955844309,0.9982547051643537
STK17B,18.922581480845825,0.2747567816730465,0.3310337813459394,0.8299962032754539,0.4065409302856773,0.9982547051643537
ANKRD44,8.110245084579274,-0.21011355250246705,0.428679289262272,-0.49014159947885105,0.6240337030165896,0.9982547051643537
SF3B1,10.734240428712955,0.022765169119507645,0.40792184402133047,0.05580767358542643,0.9554950218359994,0.9982547051643537
COQ10B,5.9949240900197305,0.09517203507267995,0.42105174835250425,0.22603405744084926,0.8211749317045824,0.9982547051643537
HSPD1,15.235989698188217,-0.844454122928328,0.5250660615001524,-1.6082816712922947,0.10777350302263358,0.9982547051643537
HSPE1,30.562680374163058,-0.3237036217582412,0.4590011615708437,-0.7052348640043251,0.4806640881361678,0.9982547051643537
MOB4,4.586451926748666,-0.5973425933304807,0.5976825765560791,-0.9994311642351071,0.31758586936270305,0.9982547051643537
SPATS2L,2.104401035749871,-0.29316864886862887,0.8484884373942823,-0.34551873183911985,0.7297044304182962,0.9982547051643537
BZW1,10.95094800982404,-0.0752446995693686,0.3803084101622226,-0.19785178964954409,0.8431610247235659,0.9982547051643537
CLK1,14.156386961965284,-0.0650872170988518,0.5036636276930606,-0.12922755092912294,0.897177596497485,0.9982547051643537
PPIL3,1.6688540670491334,-0.03672606707166634,0.6583934965204743,-0.05578133329955251,0.9555160056563968,0.9982547051643537
ORC2,0.8235856650129291,-0.030700971785937232,0.858073052517019,-0.03577897207688888,0.9714586001817277,0.9982547051643537
NDUFB3,7.569624092901475,-0.2761443276162816,0.4196185648628655,-0.6580841524648169,0.5104840584689537,0.9982547051643537
CFLAR,12.082723432063926,-0.7337508103973429,0.3914103836768633,-1.874632970910413,0.060843234035929214,0.9982547051643537
CASP8,6.476078095077493,-0.4665596146319074,0.5384800702864367,-0.8664380362001657,0.38624999286878414,0.9982547051643537
SUMO1,10.625093647561268,-0.22361618866992253,0.4488306731678448,-0.4982194890817967,0.6183293473333169,0.9982547051643537
NOP58,7.988501447604926,-0.09835041849645988,0.5264010047767467,-0.18683554477288955,0.8517895769034174,0.9982547051643537
NBEAL1,16.521659935078457,-0.9522257676828442,0.6692696104614021,-1.4227835132486724,0.15479892212818674,0.9982547051643537
CYP20A1,3.96771257492884,-0.5481070239976852,0.5598033404078704,-0.9791063833208582,0.3275274179558264,0.9982547051643537
CD28,2.4989247177508074,-0.6233454674361706,0.6173944095394577,-1.0096389889586983,0.3126682827577083,0.9982547051643537
CTLA4,3.0181555786028045,0.33222883053719415,0.7777371115440751,0.42717368839144876,0.6692528242032327,0.9982547051643537
ICOS,5.44787856384526,-0.10618561820717114,0.5708792057509523,-0.1860036539034405,0.852441895933179,0.9982547051643537
INO80D,2.6120245801529722,-0.13844203684628528,0.6209037921723508,-0.2229685799822857,0.8235599604799657,0.9982547051643537
NDUFS1,1.5026826533440651,-0.5345108571866575,0.6765992985305835,-0.7899961740242577,0.4295300027294052,0.9982547051643537
EEF1B2,49.53312632364945,0.3736246562041852,0.32928196138964266,1.134664816218315,0.2565157843588943,0.9982547051643537
CREB1,3.0603395434828977,0.3711316123691585,0.5676502793243419,0.6538032762194814,0.5132385554804609,0.9982547051643537
LANCL1,1.3255698425344493,-0.5596855776431668,0.7988702701309215,-0.700596327801063,0.48355497078222687,0.9982547051643537
BARD1,1.0182714488203106,-0.6583577879228506,0.9435747635613915,-0.6977272107596126,0.48534780766065455,0.9982547051643537
ATIC,1.7357127493963194,0.04210105031038413,0.7660932576287481,0.054955516043435106,0.9561739032571623,0.9982547051643537
XRCC5,7.810285624646165,-0.278984157138148,0.4489692525504144,-0.6213881141155008,0.5343442905742234,0.9982547051643537
RPL37A,80.27813738322445,-0.3944655353065822,0.5195417553085279,-0.759256655073528,0.44769904094142554,0.9982547051643537
ARPC2,42.45864714716079,0.17381589806696177,0.3362601321113479,0.5169090280658221,0.605219665097861,0.9982547051643537
AAMP,2.3011302034777437,0.24798095873413278,0.5624311276717073,0.44090902251569547,0.6592788615362137,0.9982547051643537
PNKD,3.7548534074651747,-0.12844887109283062,0.5432729185479762,-0.23643525511291863,0.8130949419232681,0.9982547051643537
TMBIM1,3.4786516613907694,0.5438381304198645,0.5752692125726431,0.9453628293226112,0.3444736721533014,0.9982547051643537
RQCD1,2.022605176758646,-0.1361516113117425,0.6107259777623129,-0.22293404287565946,0.8235868406624398,0.9982547051643537
CNPPD1,2.2982573546967395,-0.29418864574499115,0.7039404926174375,-0.41791692455582397,0.6760078578760345,0.9982547051643537
ZFAND2B,2.8374602114627043,1.3236612456412238,0.5751087631780675,2.301584205266902,0.02135863171045942,0.9982547051643537
ANKZF1,2.1965023003862183,-0.0939410107005559,0.5738066906828682,-0.16371543278583914,0.8699551678689698,0.9982547051643537
STK16,1.706611409799566,-0.7200809587825677,0.664895955502732,-1.0829979530227554,0.2788093316222364,0.9982547051643537
TUBA4A,26.109174073605264,0.054903564077288206,0.38489339644308773,0.14264615757159793,0.886569641738878,0.9982547051643537
DNPEP,2.2135711433295673,0.1727269400050773,0.6043747285343605,0.2857944448205982,0.7750355631463388,0.9982547051643537
WDFY1,1.3151874688335545,-0.11913649018304832,0.7296815543578079,-0.16327189507743586,0.8703043614259606,0.9982547051643537
MRPL44,1.7173577413971375,0.1847811802401179,0.7355128080262565,0.251227685260814,0.8016380810596555,0.9982547051643537
DOCK10,4.162421304975294,-0.5591244964798647,0.5253501768306209,-1.0642891563356855,0.28719772875621563,0.9982547051643537
MFF,3.7271015138504544,0.23220439017635658,0.5317645470190281,0.43666767835135056,0.6623523728941088,0.9982547051643537
SP110,2.231526069447544,-0.9260091951168572,0.6366817489718543,-1.4544302496690433,0.1458270584143332,0.9982547051643537
SP140,4.802380807976059,-0.3143460671113082,0.5501254505539862,-0.5714079702997854,0.5677231275794554,0.9982547051643537
SP140L,3.3455976261402207,0.9961443465541592,0.5421915075095338,1.8372555319609891,0.06617218117755572,0.9982547051643537
SP100,13.939927989306891,-0.3246755423030816,0.39839604262426187,-0.8149567454646931,0.41509706974643723,0.9982547051643537
ITM2C,26.49594974691009,-0.027637786016511214,0.4629326486151081,-0.05970152699143466,0.9523933555431559,0.9982547051643537
NCL,16.6577931912338,0.06832280834112274,0.39448065864100096,0.17319685222717152,0.862496697811027,0.9982547051643537
PTMA,202.05569985189203,0.061479122985601306,0.285483680570601,0.21535074391195308,0.8294938696550656,0.9982547051643537
PDE6D,1.6589680697191789,-0.15704373121830703,0.8892954457863697,-0.17659342793489663,0.8598277567011896,0.9982547051643537
COPS7B,1.2961069921040032,0.9434874021041885,0.7635062338784778,1.2357297953042738,0.21655901842170733,0.9982547051643537
DIS3L2,1.2317445306340045,0.020883070823872498,0.7000290314544674,0.029831721093742686,0.9762012602444948,0.9982547051643537
EIF4E2,3.259353191002922,0.011338182156690559,0.5437910011518503,0.020850257052202382,0.9833651071080981,0.9982547051643537
GIGYF2,2.2766292843173885,-0.4530826580140045,0.6323672187488288,-0.7164866308384104,0.47369091968895716,0.9982547051643537
INPP5D,2.838362284517806,-0.22606176322659705,0.7198212117724949,-0.3140526557559207,0.7534810468252144,0.9982547051643537
ATG16L1,1.5602561776724835,-0.5887428865241835,0.6868098469781309,-0.8572138112383966,0.3913267309498665,0.9982547051643537
ARL4C,10.752793499047481,0.17307760297924885,0.42123720842812507,0.41087918995831246,0.6811611223450784,0.9982547051643537
COPS8,3.053648746557665,-0.5739490738121359,0.580224757266334,-0.9891840474305762,0.322573101973059,0.9982547051643537
LRRFIP1,15.096810424092478,-0.23534307821165415,0.4546714466775793,-0.5176112991730109,0.6047294966437524,0.9982547051643537
ILKAP,3.1313350010283925,0.9657536775673823,0.555676184918993,1.7379792472268194,0.08221447056122869,0.9982547051643537
NDUFA10,3.9857425692521917,0.0337494735488083,0.5491817999324486,0.06145410054185992,0.9509975677362689,0.9982547051643537
MYEOV2,8.486097184273834,0.1666609896446605,0.4719984459241368,0.35309647962579843,0.7240161119825126,0.9982547051643537
RNPEPL1,2.8322070630552596,0.05824323220687373,0.7551828318577832,0.07712467729648038,0.9385243618216107,0.9982547051643537
MTERF4,3.719854076890427,-0.27666598810760323,0.5824940429143318,-0.47496792709396496,0.6348098338935995,0.9982547051643537
PPP1R7,3.645816468268905,-0.15930276131397483,0.5350215368437576,-0.29775018451359286,0.765893837868802,0.9982547051643537
HDLBP,2.0519764153699884,0.7111781667020011,0.6358544404536537,1.1184606435941646,0.26337030634274206,0.9982547051643537
SEPT2,7.185496031778797,0.12047673573973965,0.4213598273796108,0.28592364034552337,0.774936606889285,0.9982547051643537
STK25,3.6387487464662813,0.8961491373853389,0.5783092396908239,1.5496019705035988,0.1212370797215992,0.9982547051643537
THAP4,1.447543963389618,0.7130292463242471,0.780370160087642,0.9137064470073639,0.3608711154926264,0.9982547051643537
ATG4B,1.6755086735146725,1.7176021570469848,0.7012713012762484,2.449269140090446,0.014314644098335865,0.9982547051643537
PDCD1,4.179305204900095,-0.2843657708288752,0.6084826728867605,-0.46733585605616107,0.6402596068510235,0.9982547051643537
TRNT1,1.6079582791889082,0.36473359365772057,0.6415456314398175,0.5685232285646633,0.5696797376051259,0.9982547051643537
CRBN,4.199961082885813,-0.7885869072499961,0.5640792901724501,-1.3980071968409082,0.16211090602978007,0.9982547051643537
BHLHE40,4.08166938767168,1.2854153216120863,0.48204596161081187,2.666582492085866,0.007662679855205144,0.9982547051643537
EDEM1,1.180471238212652,-0.6208256873860495,0.7962747411133306,-0.779662665825651,0.4355894595808454,0.9982547051643537
SRGAP3,2.273425018323059,-0.7352556470597703,0.6792787975931011,-1.0824062957139438,0.27907203204390785,0.9982547051643537
THUMPD3-AS1,4.535686363482955,-0.3634931575043407,0.5791123986710299,-0.6276728979357016,0.530218243134556,0.9982547051643537
THUMPD3,1.5518811726309045,-0.0074040006734817625,0.7887140005239976,-0.009387434061729307,0.9925100213044645,0.9982547051643537
SETD5,2.077681290650701,-0.23285902967110775,0.6399563931401471,-0.3638670262023819,0.7159573085241873,0.9982547051643537
MTMR14,2.6708045377976855,0.5780712793687872,0.6013721371107601,0.9612538454908807,0.3364245484943069,0.9982547051643537
TADA3,3.1001485572868437,0.5562546899707598,0.5550733000681526,1.0021283493593767,0.3162816074852173,0.9982547051643537
ARPC4,5.30942031034545,-0.8414993288126913,0.8407360958165445,-1.0009078151871253,0.31687137788071973,0.9982547051643537
RPUSD3,2.116261060073387,-0.20615338759831608,0.781863048264584,-0.26366943425180694,0.7920346501976627,0.9982547051643537
JAGN1,2.2838233111881587,-0.39391177794795507,0.7320925394617728,-0.5380628222731993,0.5905336780945634,0.9982547051643537
CRELD1,1.8385559815698886,0.7857422095739767,0.7762236178005582,1.012262692805444,0.311412467645241,0.9982547051643537
EMC3,4.975950529405787,-0.10429672875642715,0.45804168807071793,-0.22770138935546969,0.8198783922613058,0.9982547051643537
BRK1,16.76286470367943,-0.2277932518357075,0.3173187121848288,-0.7178689534798838,0.47283809239943597,0.9982547051643537
VHL,1.736020915243562,-0.7536304511372508,0.7270471542729499,-1.0365633737895368,0.2999393901245483,0.9982547051643537
SEC13,4.530661536618641,-0.13074722358666724,0.5848560653586966,-0.22355453132982214,0.8231039469253559,0.9982547051643537
VGLL4,2.2388229381823925,-0.3701145125132973,0.7508252929580316,-0.4929435861905432,0.6220524488840896,0.9982547051643537
MKRN2,1.3962440324662473,0.39191919012281917,0.7230604490944715,0.542028250353952,0.5877990446396721,0.9982547051643537
RAF1,2.2565281279774223,-0.531081104885774,0.6117417020083288,-0.8681459889725541,0.3853144175794152,0.9982547051643537
RPL32,266.14745551948135,0.03667051349825317,0.2627247743965437,0.13957767622974346,0.8889936797241879,0.9982547051643537
NUP210,2.099205074397522,0.5471538789240568,0.585136891889344,0.9350869625693157,0.3497434848577914,0.9982547051643537
TMEM43,4.4321733284120395,0.13232289501271083,0.54784681455459,0.241532653831878,0.8091423113870445,0.9982547051643537
LSM3,5.894927733649821,-0.598007601057413,0.5235468779233482,-1.1422236026493247,0.2533610875415089,0.9982547051643537
SLC6A6,2.1834792622047736,-0.022401302644962914,0.6017909291772361,-0.037224393986113755,0.970306088500219,0.9982547051643537
CCDC174,3.647074422563518,-0.432290754702305,0.6514680962730305,-0.6635639675609407,0.5069694255671083,0.9982547051643537
FGD5-AS1,1.471099150338905,-0.2909411565997232,0.7731819849739059,-0.3762906563446925,0.7067008248987745,0.9982547051643537
MRPS25,1.8108332717023112,1.562849073078439,0.7858391945295918,1.9887644749177598,0.04672720565125633,0.9982547051643537
CAPN7,2.987254836497542,0.023169694300415943,0.6653389384855102,0.03482389645367274,0.9722201655710289,0.9982547051643537
SH3BP5,2.595080363507319,-0.7802257969520124,0.6584559902986041,-1.1849323393628581,0.23604419975234137,0.9982547051643537
HACL1,1.581867725552493,0.3861944215384451,0.6757203002116393,0.5715299975707209,0.5676404321115295,0.9982547051643537
ANKRD28,4.768094338270497,-0.12226535190027961,0.7881404809289705,-0.15513141991662083,0.8767177125090627,0.9982547051643537
DPH3,2.5343217840613517,-0.06798084653902287,0.6202956939078286,-0.10959425836208421,0.9127311643921822,0.9982547051643537
OXNAD1,10.075261657320254,0.015917623134706575,0.549430934198397,0.028971108366750237,0.9768876331017275,0.9982547051643537
RFTN1,3.055809244353779,0.6331655672001802,0.5282417738248594,1.1986283527249186,0.230672488476919,0.9982547051643537
TBC1D5,1.8026503120601005,1.544492142469909,0.6541178999484257,2.361183117893097,0.0182167329763685,0.9982547051643537
SATB1,1.7272110314564657,0.6668711909700983,0.7520050641740372,0.8867908246104094,0.3751915284429779,0.9982547051643537
RAB5A,3.722525908160098,-0.2758126160390294,0.474442548340978,-0.5813403899028152,0.5610110641521007,0.9982547051643537
UBE2E1,1.4470738238649579,0.2109241084815853,0.6777538123494516,0.3112105083561408,0.7556405949185598,0.9982547051643537
RPL15,143.92397259025162,0.056855189120249214,0.40098093067791385,0.14179025676888835,0.8872456802834162,0.9982547051643537
TOP2B,2.24877151089598,-0.14472992487267355,0.7014735260163791,-0.20632271854161774,0.8365388334610223,0.9982547051643537
NGLY1,3.808696117754935,0.6247284680791068,0.5563485125133039,1.1229084899623378,0.2614763613981099,0.9982547051643537
SLC4A7,6.218162155014185,-0.9407806551911697,0.5799073308882513,-1.6222948134664277,0.10474023869245591,0.9982547051643537
RP11-222K16.2,1.3686821446393664,0.013741405372958964,0.6806326826042195,0.02018916476414554,0.9838924713910989,0.9982547051643537
EOMES,5.518479009348496,-0.8776426618893028,0.5350781208290784,-1.6402140691707539,0.1009606650297898,0.9982547051643537
CMC1,17.517463809161377,-0.37968065049042293,0.6672392775175072,-0.569032224696126,0.5693342713374284,0.9982547051643537
AZI2,2.5042785785532535,-0.3379774387540033,0.6118390516473923,-0.5523959901611223,0.5806770772859111,0.9982547051643537
TGFBR2,2.979039920145069,-0.6619716751850806,0.5693648910975987,-1.162649270328134,0.24497183178749704,0.9982547051643537
STT3B,2.6159011835444317,-0.3427244231007661,0.6770921677427569,-0.5061710051134058,0.6127366077671783,0.9982547051643537
CMTM7,5.487198646345112,-0.30823982141312006,0.5343470652280932,-0.5768532129610252,0.564038618953759,0.9982547051643537
CMTM6,6.218061938466719,0.31077510935774905,0.4784164391337107,0.6495912011729426,0.515956318134192,0.9982547051643537
DYNC1LI1,1.8377080025027719,-0.2914247121334775,0.6730445169346887,-0.43299470510619575,0.6650186164969514,0.9982547051643537
CNOT10,1.1938145405524438,0.15714473425454203,0.7446066725603657,0.21104395118323657,0.8328529755496542,0.9982547051643537
GLB1,1.2005391951708844,-0.834268116470975,0.8048269534575638,-1.036580736873847,0.2999312945772399,0.9982547051643537
UBP1,1.4531126239518615,0.49685210110829553,0.8126627098055818,0.6113878428446169,0.5409428490559383,0.9982547051643537
CLASP2,1.4641975853922191,0.5176385559812174,0.7088288857060333,0.7302729423415363,0.46522336390189334,0.9982547051643537
PDCD6IP,2.949382345861555,0.6321032526264175,0.577069456641011,1.0953677158824966,0.2733555719040307,0.9982547051643537
TRANK1,1.9407148375131495,-0.929488149902064,0.734448354084671,-1.265559579148989,0.2056708052280607,0.9982547051643537
LRRFIP2,1.497881628469988,1.0955756838192772,0.6746642505136532,1.6238828172460071,0.10440082041971566,0.9982547051643537
GOLGA4,5.429387214867844,0.2742474024128443,0.6832353551395443,0.4013952152063792,0.6881291716132787,0.9982547051643537
ACAA1,3.2110524198203048,0.460482878062996,0.6466377787315504,0.7121187366539004,0.4763912527166798,0.9982547051643537
MYD88,2.4492774537055744,-0.46988930341967433,0.7527413913055874,-0.6242373660423773,0.5324717107528618,0.9982547051643537
OXSR1,1.5498605165635764,0.36558094796515134,0.753921186110747,0.4849060547708888,0.6277429872380383,0.9982547051643537
CSRNP1,7.131646956108194,0.6909550392794767,0.43576789543065225,1.58560336023982,0.11282931351589406,0.9982547051643537
SLC25A38,3.112338593471972,-0.04767185165796779,0.4883844761082276,-0.09761131647313775,0.9222409381760011,0.9982547051643537
RPSA,99.37253143117248,-0.012424890092559359,0.36949993351591187,-0.03362623092873791,0.9731752048365021,0.9982547051643537
EIF1B,8.742114685442532,-0.2960092934836444,0.41486831654846906,-0.7135018069018091,0.4755352954176316,0.9982547051643537
RPL14,153.83010331107488,-0.009799043512580602,0.24880160537639473,-0.039384968990679566,0.9685834636195985,0.9982547051643537
CTNNB1,2.2474352315089896,-0.3128056492200235,0.708886085840451,-0.44126363243420563,0.6590221511793544,0.9982547051643537
SEC22C,1.7863751797569452,-0.4791997477864928,0.6751568135195019,-0.7097606632872278,0.47785256640817075,0.9982547051643537
SS18L2,9.337807710061231,-0.6148165237537362,0.4345692909050406,-1.4147721355858118,0.15713531641481285,0.9982547051643537
NKTR,9.37464338481144,0.42272790920236036,0.5184936487285561,0.8153000721203986,0.4149005675071198,0.9982547051643537
SNRK,2.1173281300905797,-0.12038260674450005,0.620583818604493,-0.19398283219050805,0.8461893244982294,0.9982547051643537
ABHD5,2.565639780711481,-0.18434014931828482,0.6499849702899875,-0.28360678745547363,0.7767117349730323,0.9982547051643537
KIAA1143,1.9725017320074798,-0.2706192052290183,0.6832642467010634,-0.396068148649109,0.6920547547027821,0.9982547051643537
ZDHHC3,1.4396575399482134,0.09485467035604093,0.7146965362302122,0.13272020437704643,0.8944146634410133,0.9982547051643537
EXOSC7,1.3596576782046654,0.3530461772721694,0.692387110623316,0.5098970963719159,0.6101235562970759,0.9982547051643537
SACM1L,2.6501408495494476,0.06053231371022426,0.6331644518732352,0.09560283040391429,0.9238360171626223,0.9982547051643537
CXCR6,6.755410723169449,0.0492735535877437,0.7286296795391914,0.06762496089770301,0.9460841849563799,0.9982547051643537
CCR5,2.2786140039366334,-0.601404223248254,0.6391457862647296,-0.9409499932135307,0.34673048628172076,0.9982547051643537
CCDC12,5.292217210249383,-0.21838098291537505,0.5074888156128681,-0.430316838907371,0.6669651796547751,0.9982547051643537
SETD2,5.027592601783032,0.45068119327110934,0.4974354382988485,0.9060094206644558,0.364930866150994,0.9982547051643537
ELP6,1.6167092316390927,0.6613118254259823,0.6946442346606276,0.9520151358473016,0.34108930575201357,0.9982547051643537
SMARCC1,2.624323113508465,-0.4774671115371058,0.5991327533263158,-0.7969304113091191,0.42549144765159697,0.9982547051643537
MAP4,3.357669471916241,0.1562498992641725,0.5507013686095585,0.2837289103869143,0.7766181375272279,0.9982547051643537
NME6,1.6056545290504576,0.07763665092995707,0.7457587239930537,0.1041042477039534,0.9170866199969223,0.9982547051643537
TMA7,52.137613307831664,-0.46815532473436916,0.32320810846307857,-1.4484640467732837,0.1474873140217731,0.9982547051643537
SHISA5,7.967009598511126,0.33107586439660225,0.4864554674949421,0.6805882275339922,0.4961320780784019,0.9982547051643537
UQCRC1,2.757557048682803,-0.2170925248163731,0.6194115692928517,-0.3504818695333956,0.7259770943748336,0.9982547051643537
IP6K2,3.1258220772972534,-0.0956360050697057,0.5571392179309963,-0.17165548931353558,0.8637083806786294,0.9982547051643537
PRKAR2A,3.155223086815048,-0.4942074703259756,0.5452184252225344,-0.9064394148533437,0.36470331865443384,0.9982547051643537
SLC25A20,1.5853382346137415,0.2620452642496754,0.7564814219890402,0.3464001317582546,0.729042026104584,0.9982547051643537
ARIH2,4.43482993865901,0.6016125625015192,0.4922764721920646,1.2221030182949641,0.2216686718634211,0.9982547051643537
P4HTM,1.9102929560895452,0.11115171515742728,0.6901743891235839,0.16104873914341128,0.872055013340037,0.9982547051643537
WDR6,1.5036235792996246,0.1827570471856858,0.7251478937694027,0.2520272743752912,0.8010199821967972,0.9982547051643537
DALRD3,1.4172879753723855,0.8827352397709418,0.6849764385035307,1.2887089104837754,0.19749930356416434,0.9982547051643537
NDUFAF3,7.018563733503323,-0.4672982301688126,0.5682878858087553,-0.8222913805452322,0.4109110811926058,0.9982547051643537
IMPDH2,1.6410075922679914,-0.8041832143661649,0.7247419061709351,-1.1096132395806197,0.26716572363867197,0.9982547051643537
QRICH1,1.8150546931232976,-0.5353240363686682,0.6316324059578124,-0.8475246540856284,0.39670275116908826,0.9982547051643537
QARS,1.7646454996416803,-0.467951184387721,0.7004946004186835,-0.6680296808969376,0.5041146465374331,0.9982547051643537
USP4,2.1111878818660776,0.5390611433161836,0.6155395118854001,0.8757539246587713,0.38116382307759866,0.9982547051643537
GPX1,6.833935825452897,0.8244464159846492,0.5989444986507805,1.3764988539703567,0.1686672418852161,0.9982547051643537
RHOA,35.958103518439245,-0.14005347450439082,0.31920571361901096,-0.4387561642193915,0.6608382263003594,0.9982547051643537
TCTA,1.3845265407654794,-0.09180736058159071,0.7196555665026877,-0.12757125054662916,0.898488283935986,0.9982547051643537
APEH,2.0194735115111184,0.13619561357647533,0.6968170568655838,0.19545390319391612,0.8450376215765806,0.9982547051643537
GMPPB,1.4580771467610212,-0.2923313230184879,0.7800036587663741,-0.37478198945993235,0.7078226099407878,0.9982547051643537
IP6K1,1.4492048319493398,-0.6155397934111356,0.7789673590224089,-0.7901997256773734,0.42941113622426574,0.9982547051643537
RBM6,2.6957813086464872,-0.4209594703873118,0.6586102604570602,-0.6391632436688365,0.5227167408246332,0.9982547051643537
RBM5,3.6426828054964027,-0.03363543501613097,0.6223115247140586,-0.054049191892414125,0.9568959720278197,0.9982547051643537
GNAI2,7.102381072319795,-0.019955587643425463,0.6585580985492152,-0.030301939475631774,0.9758262498065443,0.9982547051643537
TUSC2,2.1740115037228267,-0.5327213958588652,0.6579581709127346,-0.8096584546094504,0.41813650193943996,0.9982547051643537
RASSF1,5.460983378524152,0.8481749530458949,0.5235831294143029,1.619943243768551,0.10524446939712505,0.9982547051643537
NPRL2,2.0811060584468293,0.2500677019549537,0.6593132598761748,0.3792851094818247,0.7044761559715823,0.9982547051643537
CYB561D2,3.051449889126389,0.5869676399064938,0.5380343987123274,1.0909481648594919,0.2752956918076943,0.9982547051643537
CISH,3.817847668248338,1.2652106969829329,0.7100346204655497,1.7819000095423094,0.07476553899516039,0.9982547051643537
MANF,3.373711634355162,0.5167523462025887,0.5776122060190536,0.8946354332850485,0.37098200400463,0.9982547051643537
TEX264,5.019097346003209,0.014329332205072319,0.5088287703766278,0.028161403283988744,0.9775334207233205,0.9982547051643537
ABHD14B,4.243342376274239,0.3802887407985433,0.5904984819057514,0.6440130710771931,0.5195669579955664,0.9982547051643537
RPL29,141.82242376227887,0.080068217236424,0.24699411759312676,0.3241705430747154,0.7458089221440883,0.9982547051643537
TWF2,7.179827382104068,0.18449088349284504,0.6198524240567445,0.29763678632634627,0.7659803948852881,0.9982547051643537
PPM1M,3.595233323582466,0.6950870790944068,0.6109347242414777,1.1377436107554875,0.25522755731142344,0.9982547051643537
WDR82,2.123905946994144,-0.24937954020908934,0.5814519072804255,-0.42889108641072415,0.6680024872837618,0.9982547051643537
PBRM1,3.1518583120657757,0.0976073793232926,0.6281051122811939,0.1553997530266799,0.8765061788564307,0.9982547051643537
GNL3,2.084503567082957,0.3045188243819992,0.7202246652926881,0.422810879794359,0.6724332490909599,0.9982547051643537
GLT8D1,2.3641619575712847,0.24102109894587234,0.6594890171923715,0.3654664333486042,0.7147632587870348,0.9982547051643537
SPCS1,19.45322492596041,-0.10762437095523122,0.413717744750008,-0.2601396056150892,0.7947560884232183,0.9982547051643537
PRKCD,1.7601577564318003,-1.1227746939231529,0.8372917455994652,-1.340959945949657,0.1799334574808179,0.9982547051643537
TKT,5.323446613771617,0.1103464443336282,0.4964387871799946,0.22227603318517436,0.8240990081968331,0.9982547051643537
SELK,19.838602137036137,-0.42782359452765395,0.48157148952066664,-0.888390620785066,0.3743306687882588,0.9982547051643537
FAM208A,2.075723599701392,-0.17446210733244172,0.6699478298532477,-0.2604114821457929,0.7945463869428975,0.9982547051643537
ARHGEF3,3.9394171692418043,0.9623544477362977,0.5117366148910256,1.8805659390646325,0.06003098873178547,0.9982547051643537
APPL1,2.3610054492256367,1.0884584493657476,0.680680067860436,1.5990749557087385,0.10980394867973722,0.9982547051643537
PDE12,1.4244200880405755,0.1795793433915916,0.7657717897132555,0.23450765071776197,0.8145908943585534,0.9982547051643537
ARF4,8.39082292915659,0.04135197195618543,0.39834609373697444,0.10380915642539196,0.9173207999554082,0.9982547051643537
SLMAP,2.114422210626432,0.19642746065491895,0.6364568093967793,0.30862653640407883,0.7576056325225156,0.9982547051643537
PDHB,2.2132980667026065,-0.5030304639197015,0.6790930968314974,-0.7407385913164685,0.4588519554400159,0.9982547051643537
THOC7,5.129779650958021,0.0880947393339925,0.5615498997000615,0.15687784715311356,0.8753411190734122,0.9982547051643537
ATXN7,3.251058947828262,-0.17870931660041664,0.698361684951213,-0.25589794006654465,0.7980296452690325,0.9982547051643537
PSMD6,3.8925551917663976,0.2310160584718509,0.547045023642842,0.42229807143383874,0.6728074656651031,0.9982547051643537
SLC25A26,1.3883369566384178,-0.17874800064411445,0.6748170985877214,-0.2648836270127179,0.7910991117077468,0.9982547051643537
SUCLG2,2.936264459108872,0.8521258779280398,0.548773497208849,1.5527824908857484,0.12047510706117247,0.9982547051643537
TMF1,5.08051983190366,0.29117659711927385,0.4316373243604018,0.6745862340582756,0.4999386813732499,0.9982547051643537
ARL6IP5,20.90467137244442,-0.02959132873416558,0.34831316112865013,-0.08495610283079705,0.9322962893503176,0.9982547051643537
FOXP1,5.460883264211549,-0.6799756704230887,0.48707438477935033,-1.396040710970922,0.16270223603337564,0.9982547051643537
EIF4E3,1.4502270372833816,-0.7860311771884166,0.7409725964799673,-1.0608100500915996,0.2887762339465675,0.9982547051643537
PPP4R2,4.2932889343697545,0.5024298042523149,0.5162558929512555,0.9732185358313263,0.33044470031718043,0.9982547051643537
CHMP2B,2.3793140827358386,0.3503946465721642,0.6342626645165057,0.5524440680096908,0.5806441452392826,0.9982547051643537
CGGBP1,5.681899259071167,0.38159728687384115,0.5022329084979141,0.7598014395654163,0.4473732822998181,0.9982547051643537
C3orf38,2.6622613736084695,0.8943691732754641,0.5717111302656573,1.5643725054991968,0.11773011370229011,0.9982547051643537
MTRNR2L12,57.10880869002646,-0.14260944058079192,0.8413204314250846,-0.16950668883582268,0.8653981115620784,0.9982547051643537
CLDND1,7.046347257443502,-0.25426973515254364,0.45263764472521906,-0.5617511890927723,0.5742855524749793,0.9982547051643537
NIT2,2.709033991916433,0.3809037958128838,0.6353421507778306,0.5995254609607666,0.548822536681128,0.9982547051643537
TFG,1.633196132233418,-0.04684651021849602,0.739403180710144,-0.06335719326160227,0.9494820735600235,0.9982547051643537
SENP7,3.015501232964112,0.387711577574485,0.5982757652189343,0.6480482749165095,0.516953727339697,0.9982547051643537
TRMT10C,3.2649193341424114,-0.45661360375948823,0.609504937279161,-0.7491548892086389,0.4537638550214316,0.9982547051643537
PCNP,8.135199361503998,-0.14305156714930553,0.4442920738689829,-0.3219764104805749,0.7474705654016406,0.9982547051643537
ZBTB11,1.5857058735559788,0.8843070909709619,0.8217719470312502,1.0760979298035511,0.2818834614344402,0.9982547051643537
RPL24,112.28440193573877,-0.12733332718379647,0.2328344145879606,-0.5468836185970793,0.5844586907009333,0.9982547051643537
NFKBIZ,3.6933066206068332,0.21596815665576455,0.600072692984509,0.35990332368171896,0.7189194314233933,0.9982547051643537
CBLB,7.708861396971243,-0.013247124156258498,0.6367578520886856,-0.02080402167449594,0.9834019896020074,0.9982547051643537
BBX,6.776777507686215,-0.29898305896592475,0.474164538195097,-0.6305470672775343,0.5283367184281444,0.9982547051643537
CD47,9.919672862870915,0.41896423175278835,0.4189203692898979,1.0001047035811717,0.3172598401128086,0.9982547051643537
IFT57,1.4299528313051442,0.4246783161608973,0.7369324182929041,0.5762785102393242,0.56442694582754,0.9982547051643537
DZIP3,2.602320595790599,-0.053789319157616124,0.5655133817563309,-0.0951159086466904,0.9242227620926823,0.9982547051643537
TRAT1,10.89411262899465,-0.8010073446092131,0.43723208756286147,-1.831995792152494,0.06695204752297634,0.9982547051643537
CD96,17.946984211244374,0.02968224883710267,0.4390932729346182,0.06759896055506734,0.9461048828652612,0.9982547051643537
ATG3,3.466891998733424,0.47899527990583346,0.5197286446045244,0.9216257077196773,0.3567238442873788,0.9982547051643537
CD200R1,1.3481870952333785,0.4438442116965434,0.7503780307219802,0.5914941449838242,0.5541893770369959,0.9982547051643537
GTPBP8,1.5710121985845389,-0.2773471902989691,0.6437960102497,-0.43079979664893914,0.6666139474470569,0.9982547051643537
C3orf17,1.7025471518627273,0.47953794292812335,0.7092772665421957,0.6760937725607974,0.49898111024398517,0.9982547051643537
NAA50,7.408424514579578,-0.45990426102379767,0.4501715918314778,-1.0216199097609058,0.30696083070918645,0.9982547051643537
TIGIT,10.59668245399973,0.1305105989969916,0.3651140526649734,0.3574515909327308,0.7207537603168767,0.9982547051643537
ZBTB20,3.1024056364952535,0.2166348901115157,0.5272212208092986,0.410899412923811,0.6811462929331258,0.9982547051643537
B4GALT4,1.1386732550964545,-0.4502913687022175,0.7469646725871757,-0.6028281995487083,0.5466229849831609,0.9982547051643537
POGLUT1,1.381198372192166,-0.34693376171036777,0.7213297961500044,-0.4809641353540053,0.6305419887878057,0.9982547051643537
TIMMDC1,2.046670008737203,0.2774501895982176,0.6496055672109089,0.427105621630452,0.669302398550496,0.9982547051643537
COX17,6.820569351834577,-0.3589107968151434,0.46635200973455165,-0.7696134879303641,0.44152920170591037,0.9982547051643537
GSK3B,2.927055431634984,0.8241030999157668,0.6434019275596762,1.280852705930587,0.20024540725304296,0.9982547051643537
NDUFB4,10.596699953698174,-0.15251901009459132,0.43681923848198545,-0.34915817953581557,0.7269705606607739,0.9982547051643537
HCLS1,13.984264195243012,-0.40579193925811,0.36058508607282247,-1.1253708346000693,0.26043192466929077,0.9982547051643537
GOLGB1,5.271886811782266,-0.4214676968991266,0.6094439948486594,-0.6915609973378898,0.48921306226200334,0.9982547051643537
IQCB1,1.6122245344641755,0.289624459666888,0.6599904938517185,0.43883125948774426,0.6607838082319526,0.9982547051643537
FAM162A,4.150575526911449,0.22136493320269582,0.4752799013783383,0.4657569835390159,0.6413894589979623,0.9982547051643537
KPNA1,1.7869969566451775,-0.3588832549849417,0.7833276484481264,-0.4581521610987892,0.6468431264868741,0.9982547051643537
PARP9,2.5758877946170253,-0.5723329996599036,0.5786006302268629,-0.9891676050119375,0.32258114526735615,0.9982547051643537
DTX3L,1.6382764196782065,0.31585481495937423,0.6945293047174886,0.4547753605412711,0.6492708581983612,0.9982547051643537
PARP15,2.5098771897137104,-0.24748426002077303,0.7423592374270128,-0.33337533574518924,0.7388509785739482,0.9982547051643537
PARP14,2.8144652226720406,-0.8285999504204742,0.633276243492429,-1.3084336558258725,0.19072626346997468,0.9982547051643537
CCDC14,2.68979076296077,0.8998637058248495,0.5807045298043053,1.5496068303929011,0.12123591254530425,0.9982547051643537
ZNF148,2.6131368398741848,0.21365511045714258,0.6058332058129547,0.3526632551783676,0.7243409096698992,0.9982547051643537
SNX4,1.2490044351050524,0.08192470677888566,0.7333629541562561,0.11171099700985188,0.9110525595598982,0.9982547051643537
SLC41A3,0.9542023236714584,0.5543640076873952,0.8096947093765955,0.6846580584850482,0.4935597211681607,0.9982547051643537
ABTB1,3.307300783197775,-0.004204605876336529,0.6450253710071756,-0.006518512395522121,0.994799016432739,0.9982547051643537
SEC61A1,1.969587453937897,1.830423099164535,0.7838395513113203,2.3352012489065372,0.01953290993331005,0.9982547051643537
RUVBL1,1.2654941018253854,0.5805999298504994,0.6653321336110878,0.8726467586937298,0.38285564579592823,0.9982547051643537
EEFSEC,0.989014765308806,1.2054954009903318,0.8717414485289922,1.3828588775083805,0.166708141536418,0.9982547051643537
RPN1,4.76577156157969,0.40275641961250963,0.6110696139337715,0.6591007152519957,0.5098310964098312,0.9982547051643537
RAB7A,6.050525197635112,0.0948532577725239,0.5021274673035989,0.18890274671067384,0.8501690407723052,0.9982547051643537
CNBP,19.99189329534636,0.30650325270353984,0.3722738327757672,0.823327415784705,0.4103218271412532,0.9982547051643537
HMCES,1.5396319864483274,-0.3248931704032221,0.7428095077604518,-0.4373842378280336,0.6618327132639493,0.9982547051643537
H1FX,3.67820709353326,-1.2235465280897104,0.7800764828247949,-1.5684955963023421,0.11676551687818958,0.9982547051643537
MBD4,3.522676834741442,0.23804080907572436,0.5314114798812608,0.44794066008681727,0.6541960228936561,0.9982547051643537
MRPL3,3.5536928002353,-0.44951709374845145,0.5904667192594738,-0.7612911601727655,0.4464831793404118,0.9982547051643537
UBA5,2.3144779416099768,0.09258032608261291,0.6777817927497691,0.1365931145878283,0.891352419250888,0.9982547051643537
CDV3,3.3034492364728325,0.3353725340427198,0.7808533208019386,0.4294949193509112,0.667563090478745,0.9982547051643537
TOPBP1,1.5828253312142688,0.562669118997321,0.8273054596341632,0.6801225743706982,0.4964268517889021,0.9982547051643537
SRPRB,1.132096249703667,0.2725637420882737,0.7152123629521405,0.38109484148628003,0.70313287502041,0.9982547051643537
ANAPC13,2.458010023621167,0.012696726365896865,0.6408973550766806,0.019810857800119583,0.9841942563120518,0.9982547051643537
CEP63,0.9894957637014195,-0.34823439254060023,0.8470913325468329,-0.41109426948521816,0.6810034117854327,0.9982547051643537
MSL2,1.4086931698790681,0.26640886036605615,0.6801534357679281,0.39168935471930233,0.6952877565330162,0.9982547051643537
STAG1,2.7659609407375543,-0.30160129364031557,0.5488370382460299,-0.5495279520569004,0.5826431874808838,0.9982547051643537
NCK1,3.2244816673621997,0.16366448561954247,0.5201211345760437,0.3146660936071116,0.7530151907746823,0.9982547051643537
ARMC8,3.906307232865514,0.4437539001431267,0.6593332353907159,0.6730343266863554,0.5009254528323119,0.9982547051643537
MRPS22,1.7384611609683753,0.975806155370567,0.6955722890857091,1.4028824475644504,0.16065189579726713,0.9982547051643537
COPB2,2.422463066583614,0.4609405159034555,0.5752953907604625,0.8012240725484602,0.423001937524243,0.9982547051643537
SLC25A36,2.073923885052071,0.01699920656730028,0.5861969044037747,0.028999140799950657,0.9768652758496311,0.9982547051643537
ZBTB38,5.257186374063198,-0.588280393394326,0.46607613247460017,-1.2621980668070054,0.2068775241763281,0.9982547051643537
RASA2,4.2642685417963975,0.17227392872754085,0.5366523652732093,0.32101587522089153,0.7481983604046019,0.9982547051643537
RNF7,9.62926279267579,-0.1493771550873361,0.4127851249439376,-0.36187630333729626,0.7174444687355266,0.9982547051643537
ATP1B3,9.402000764002176,-0.5248755405483464,0.5554985214222795,-0.9448729750071575,0.34472373011887714,0.9982547051643537
TFDP2,2.5192401775837565,-0.21591301497012866,0.6074180945502256,-0.3554602948237912,0.7222447853442524,0.9982547051643537
XRN1,4.884031106889249,0.24205462964866872,0.5024136873319802,0.48178350978866963,0.6299597448995768,0.9982547051643537
U2SURP,5.747624153604426,0.17816322174253083,0.4486472063438891,0.39711207207644644,0.6912848181045022,0.9982547051643537
SLC9A9,1.3947247542541823,0.1895167687774068,0.811704524291822,0.23347999562125415,0.815388701532511,0.9982547051643537
PLSCR1,3.0627504027883328,-0.10301643806951627,0.5786163756433588,-0.17803927162443878,0.8586921341107013,0.9982547051643537
GYG1,10.982170626208212,-0.2385825857669065,0.5457660562912658,-0.4371517484766021,0.6620013001768372,0.9982547051643537
HPS3,1.5044402332260403,0.21041209851342288,0.8197049434963943,0.2566924845126891,0.7974161736934225,0.9982547051643537
COMMD2,2.7008437143388093,0.6086686165953646,0.5581671877503311,1.0904772440110235,0.2755029720234685,0.9982547051643537
RNF13,3.431833675411725,0.0486679574098278,0.5560322809157364,0.08752721573948179,0.9302524534088812,0.9982547051643537
TSC22D2,2.440649034974199,0.8537315616214295,0.6265563744864043,1.3625774094489795,0.1730157324737146,0.9982547051643537
SERP1,17.878028452175048,0.2105564756518958,0.372843657382156,0.564731279406157,0.5722565553227852,0.9982547051643537
EIF2A,4.292111920829258,-0.005189208932022467,0.4967848662677376,-0.010445585774397947,0.9916657799404974,0.9982547051643537
SELT,11.305711101756762,-0.4854200073678214,0.41680144498717625,-1.1646312967623142,0.24416826974099126,0.9982547051643537
GPR171,8.906025009513849,-1.4208669448106077,0.6772209803676812,-2.098084651835774,0.03589766812514207,0.9982547051643537
MBNL1,12.74428670285326,0.1160270669342644,0.40856398945798184,0.2839875023939109,0.7764199581707959,0.9982547051643537
RAP2B,2.4845731392593704,0.44594737269549856,0.641578537388772,0.6950783835608134,0.4870061807321898,0.9982547051643537
DHX36,6.925828449475566,-0.43729900783519204,0.5325677572370728,-0.8211143124846143,0.41158115828947006,0.9982547051643537
GMPS,2.326445773461051,0.5413173207658425,0.5721171472652083,0.9461651750055163,0.3440643455363941,0.9982547051643537
SSR3,7.18696573986958,0.1469401224902474,0.47574039341864777,0.3088661894659453,0.7574233170068262,0.9982547051643537
TIPARP,4.829633684897062,0.3561017317109774,0.5070203824708613,0.7023420438752139,0.48246587923842654,0.9982547051643537
CCNL1,16.293553447969057,0.32746767225478574,0.41149600438125944,0.7957979391493197,0.42614948977862166,0.9982547051643537
RSRC1,3.303372731954869,0.08781895483604965,0.638986215514514,0.13743481894259257,0.8906871106231722,0.9982547051643537
GFM1,1.1072509866843767,0.065431290953608,0.712675985284696,0.0918107138512179,0.9268484315951212,0.9982547051643537
MFSD1,1.4502908831960561,0.6377567044490543,0.7525326504129942,0.8474804436711812,0.396727382980256,0.9982547051643537
SMC4,3.8902163302475974,-0.021093329592571337,0.6954508586495687,-0.030330438635923912,0.9758035212135513,0.9982547051643537
KPNA4,2.4142438435013402,-0.07637413798154882,0.6053946571589266,-0.1261559498063084,0.8996084796610422,0.9982547051643537
NMD3,2.0051168188427537,-1.104057151130257,0.6493499989207916,-1.7002497158160945,0.08908396440195242,0.9982547051643537
PDCD10,6.958040893650684,-0.11399068592695505,0.4412776931178452,-0.2583196198329321,0.7961602455480503,0.9982547051643537
MYNN,1.6558165368937374,0.09373646399748745,0.6593353515441903,0.14216811487197345,0.8869472165786392,0.9982547051643537
SEC62,10.662764860702506,-0.6933882726959554,0.4572298085526359,-1.5164983991111183,0.12939337481716148,0.9982547051643537
SKI,2.0164040699459114,0.22105793722156683,0.734329217116752,0.30103383069724776,0.7633886971764005,0.9982547051643537
SKIL,5.744497947980606,-0.22566284626088629,0.518662968604325,-0.43508571060726486,0.6635002150531347,0.9982547051643537
RPL22L1,15.088908253280517,-0.014462526354431484,0.46455207289199674,-0.031132196363687012,0.9751641131224178,0.9982547051643537
TNIK,2.8704048689016886,0.13028444260158184,0.6606300178027967,0.19721241707256598,0.8436613140140534,0.9982547051643537
TNFSF10,4.932365472617464,-0.21503967181840664,0.5008795262498131,-0.42932413993531016,0.6676873515953736,0.9982547051643537
ZMAT3,1.3505926439714886,0.1723416589813643,0.7074608754001827,0.2436059222128396,0.8075360411972121,0.9982547051643537
ACTL6A,0.9359367720333571,0.2837240291037796,0.7286666158262893,0.38937426655953467,0.696999305312033,0.9982547051643537
MRPL47,3.4004818905401217,-0.19851139451368147,0.5784351617303272,-0.3431869423702663,0.7314578273226273,0.9982547051643537
NDUFB5,4.755385059914384,-0.0039363293459010375,0.45039789636657634,-0.008739670805871796,0.9930268403680756,0.9982547051643537
TTC14,3.991480941124945,-0.38006263589146605,0.504778711112425,-0.7529292094230534,0.4514924545261797,0.9982547051643537
FXR1,5.446909125503011,0.27950057710144216,0.5792021835848488,0.4825613318160038,0.6294072405821625,0.9982547051643537
DNAJC19,5.992706700964127,-0.6728532165052981,0.5426760494123724,-1.239880067001088,0.21501975761321768,0.9982547051643537
ATP11B,1.7803282885139442,-0.4602187794558938,0.6920759170999389,-0.6649830865151115,0.5060613110922088,0.9982547051643537
DCUN1D1,1.6228139842202565,-0.42341759110179633,0.7109684145412017,-0.595550494848683,0.5514755567225084,0.9982547051643537
KLHL24,2.4129829882656106,-0.3733716883359425,0.6265288109821592,-0.5959369813347251,0.5512173268298308,0.9982547051643537
PARL,2.0536810641590058,0.4722256964266157,0.670695289014475,0.7040838129644655,0.48138058006290796,0.9982547051643537
AP2M1,7.7354897935422775,-0.1452948571579767,0.39323716326573593,-0.36948404355107073,0.7117669644952913,0.9982547051643537
ALG3,1.590473676925267,0.16230253589311575,0.7401738094606453,0.2192762481171597,0.8264348629387892,0.9982547051643537
PSMD2,3.6447243999825134,-0.04757629811748392,0.5610863536462346,-0.08479318345261487,0.9324258128409844,0.9982547051643537
EIF4G1,1.8176168200416989,-0.28694304482994193,0.6324000513320893,-0.4537365931984418,0.6500184255526718,0.9982547051643537
POLR2H,2.225008939696628,-0.11378926856941987,0.6151466695813187,-0.18497908579569675,0.8532454395967775,0.9982547051643537
VPS8,1.4699095037654466,1.1492009697063739,0.8452130220926807,1.3596583815770409,0.1739380540155251,0.9982547051643537
MAP3K13,2.129554893922236,-0.593617124132319,0.6533618724908005,-0.908557951000848,0.36358351088255847,0.9982547051643537
TRA2B,8.873847989733486,0.27029458875959483,0.41505048103015013,0.6512330454086622,0.514896061738624,0.9982547051643537
TBCCD1,1.024926391723396,1.2114198080701135,0.8508534419912782,1.4237702385442441,0.1545129936125342,0.9982547051643537
DNAJB11,3.723474611564126,0.0061372701796308295,0.5049636133240241,0.012153885978498568,0.9903028407637072,0.9982547051643537
EIF4A2,24.002102632176133,0.07679394479191148,0.4338388133516552,0.17701031449591598,0.8595002877194405,0.9982547051643537
RPL39L,1.6790254681243035,0.5691747625871422,0.7132229987901578,0.7980319809549538,0.42485193149042355,0.9982547051643537
LPP,2.338907513625194,-0.26934300255291166,0.5915342890524589,-0.4553294839160636,0.6488722178436174,0.9982547051643537
TPRG1,2.2164334638352963,0.5960706026780976,0.6070393257021833,0.981930786755211,0.3261339473759156,0.9982547051643537
OPA1,1.4840155349032749,-0.9239771679315572,0.7632893760926366,-1.2105201472362936,0.22607936463444334,0.9982547051643537
ACAP2,5.293397803347861,0.5045901280368651,0.5486903070401897,0.9196264660820874,0.3577679913597661,0.9982547051643537
PPP1R2,18.172742386395075,0.29739477208195175,0.40038070890838495,0.74277997282332,0.4576149024365588,0.9982547051643537
LINC00969,3.5397610949588945,0.03273099868450029,0.6281015274490288,0.05211099998026424,0.9584402481595746,0.9982547051643537
TFRC,1.6761500781212522,0.05189308881000377,0.7442225033029073,0.06972792220028137,0.9444102171628735,0.9982547051643537
UBXN7,1.2304450020573339,1.1753093314196026,0.82714819208055,1.4209174881508386,0.15534074828375288,0.9982547051643537
RNF168,2.8906362705421524,-0.04616294410620478,0.6658079271418738,-0.06933372557513594,0.9447239811928755,0.9982547051643537
PIGX,1.3279773877989194,0.14176544064258054,0.7196230011129289,0.1969995962098682,0.8438278537688171,0.9982547051643537
PAK2,6.770793250135154,-0.049456236858235816,0.478664492060467,-0.10332129848476056,0.9177079723343909,0.9982547051643537
NCBP2,2.4144573633390496,-0.5123747731395166,0.58937384093546,-0.8693544530688201,0.38465328747541294,0.9982547051643537
NCBP2-AS2,1.9584368671883063,-0.14794714913687093,0.7131814919674879,-0.2074467029826055,0.8356610120724961,0.9982547051643537
DLG1,1.5884072420401723,0.11565276773660035,0.7519196888145491,0.15381000053201768,0.877759548389377,0.9982547051643537
RUBCN,1.1199078701023153,-1.054912299322371,0.9024403583047287,-1.1689551443644066,0.24242170409172104,0.9982547051643537
FYTTD1,1.9964303355577897,0.13593856993153286,0.6258584766297971,0.21720336946389587,0.8280498589143231,0.9982547051643537
LRCH3,1.65455580945658,1.2960837190285948,0.6701342398462437,1.9340658064658351,0.05310503739231769,0.9982547051643537
RPL35A,168.54040762114371,-0.11742045762933159,0.2646196664058238,-0.44373292138179266,0.657235690632425,0.9982547051643537
ZNF721,3.3816695312434994,-0.14080071919594492,0.5479598432659443,-0.25695444826165725,0.7972139376332714,0.9982547051643537
ATP5I,11.453685349766076,-0.16893758003394785,0.43153889354532343,-0.39147706628720075,0.6954446372605138,0.9982547051643537
PCGF3,1.3008302888896168,-0.22523565783233368,0.805514819519699,-0.27961702550256495,0.7797713434894188,0.9982547051643537
GAK,1.7333353881703875,-0.1065932969192726,0.63108035686956,-0.16890606047068696,0.8658705321271617,0.9982547051643537
SPON2,1.5917571583842853,-0.7881987597436334,0.6810280025185295,-1.1573661535631026,0.2471227962384176,0.9982547051643537
CTBP1,1.1075603500778037,0.8097529805824927,0.7071663292674787,1.1450672169605118,0.25218131432896174,0.9982547051643537
SLBP,7.080084840265715,-0.006666843734766866,0.48879527182013666,-0.013639337610491624,0.9891177205099083,0.9982547051643537
TACC3,1.7059243886062336,-1.108904075115429,0.8143264844724665,-1.3617438413952538,0.17327874015401035,0.9982547051643537
C4orf48,5.236268452936556,-0.4714906003935361,0.6537666706820544,-0.7211909409539715,0.4707920446735022,0.9982547051643537
HAUS3,2.8161238799070527,0.2144270367344298,0.5888138013269897,0.3641678171455609,0.7157326975763214,0.9982547051643537
MXD4,3.229118575687171,0.2205681176700638,0.800957230548928,0.2753806436317451,0.7830238135559786,0.9982547051643537
RNF4,2.7359024247319432,1.133950766408688,0.5739454575614683,1.975711718717182,0.04818743691074198,0.9982547051643537
TNIP2,4.032113943381934,0.7019391055168797,0.5796611646717876,1.2109472710912548,0.22591561402058358,0.9982547051643537
ADD1,2.5999287942826688,0.8511919396522803,0.5735934388972316,1.4839638704528226,0.13781850577402524,0.9982547051643537
MFSD10,7.736580688730432,0.7893240318736435,0.5020010562858465,1.5723553207509415,0.11586816993352113,0.9982547051643537
LRPAP1,4.535190062334169,-0.2608658351917111,0.5711062624102763,-0.45677285010106927,0.6478343221838863,0.9982547051643537
TMEM128,1.9003986055389641,1.387144284552084,0.7820381044634509,1.7737553664393255,0.07610362387617817,0.9982547051643537
LYAR,11.809717821549894,-0.6173061321019357,0.5074541058411409,-1.2164767709952948,0.2238033545932061,0.9982547051643537
STX18,1.2818465647635489,0.044695342821825315,0.7545181626390193,0.05923693429128055,0.952763391970029,0.9982547051643537
JAKMIP1,3.110584227227058,0.0327374430816498,0.6201086463122625,0.052793076304187676,0.9578967781182064,0.9982547051643537
MRFAP1,6.705094907496865,-0.7503202340828777,0.4918234736828673,-1.5255884971580105,0.12711237861422245,0.9982547051643537
MRFAP1L1,3.316372650607247,-0.6354031286211099,0.565302731446315,-1.1240050565392536,0.26101088081521484,0.9982547051643537
KIAA0232,1.3003083371181663,0.11475258179428247,0.7079680153221671,0.16208724025768775,0.8712371541256603,0.9982547051643537
TBC1D14,0.8692964128938755,0.28182435347079465,0.7849863952408263,0.3590181373580795,0.7195815209402062,0.9982547051643537
GRPEL1,2.9104514466174263,-0.42113799382261347,0.5377510889946291,-0.7831467056811849,0.4335409667721819,0.9982547051643537
WDR1,8.562934145305439,-0.19735497667521865,0.4657026922685385,-0.42377890433456566,0.6717270644242338,0.9982547051643537
BOD1L1,3.145720907429991,-0.3652532497802582,0.7537692386717378,-0.4845690577979713,0.6279820670272689,0.9982547051643537
FBXL5,3.8208037842036613,-0.47372076080877706,0.6682543231014516,-0.7088929235955855,0.4783909267719495,0.9982547051643537
LAP3,2.649565827904373,-0.006067042021803407,0.6063066870801994,-0.010006556337058653,0.9920160564323472,0.9982547051643537
MED28,4.373134497904045,-0.08577570556596288,0.49684636473725163,-0.17264030020894655,0.8629341725033829,0.9982547051643537
DHX15,2.0362557192556023,0.444303177358994,0.58830589354479,0.7552247601700551,0.4501141346246884,0.9982547051643537
ANAPC4,1.4569210987574326,0.6745902326727784,0.7520734816607567,0.8969738318430308,0.36973288069789967,0.9982547051643537
SEL1L3,2.020155491116286,-0.5408011398996969,0.7757085428813781,-0.6971705350709236,0.48569607625308153,0.9982547051643537
SMIM20,1.9941960945004467,-0.5369868759699213,0.7774582484397202,-0.6906954515533142,0.48975694833077776,0.9982547051643537
RBPJ,9.859910538851787,-0.9821939314994598,0.6913148682249766,-1.4207620530733638,0.15538594588238144,0.9982547051643537
STIM2,2.0041349881254136,0.36462003257812853,0.7619027927665459,0.4785650296071975,0.6322481014707563,0.9982547051643537
ARAP2,7.126257175201049,0.4073874145589986,0.4563207227133002,0.8927655359078537,0.3719827461706985,0.9982547051643537
DTHD1,3.551644915448128,-1.0878603652010614,0.8339689509887813,-1.3044374900423545,0.19208445969162458,0.9982547051643537
TBC1D1,2.169330161151789,0.4475758345455009,0.6685814003300516,0.669441049847559,0.5032141732442998,0.9982547051643537
KLF3,1.5129587399257052,0.18308080997363557,0.6822062105539735,0.26836579195749044,0.7884177680837858,0.9982547051643537
RFC1,2.920102408706509,-0.30537703819277146,0.5835788834823638,-0.5232832215766768,0.6007771752412793,0.9982547051643537
RPL9,134.74165587441368,-0.01119428525469523,0.3765795309766603,-0.029726218059868557,0.9762854021700454,0.9982547051643537
SMIM14,1.5596053648143733,0.06742759763177329,0.7701983574756665,0.0875457562033344,0.9302377168278516,0.9982547051643537
UBE2K,2.9365513925143736,-0.2272784123996676,0.5314583796982899,-0.42765044466641783,0.6689056337421144,0.9982547051643537
PDS5A,1.9130194974542127,0.26448996392952645,0.6748479412953694,0.3919252734502508,0.6951134283651654,0.9982547051643537
N4BP2,1.5480061781511296,0.12561467279005387,0.8192637029555194,0.15332630060003272,0.8781409610121909,0.9982547051643537
RHOH,18.84718451303875,-0.1614155011299546,0.42036790497688514,-0.3839862635060837,0.7009886286625711,0.9982547051643537
TMEM33,2.3130083850256073,0.7580076129761454,0.6315544710956675,1.2002252341925432,0.23005187758586965,0.9982547051643537
SLC30A9,1.4187751934241966,0.8924472663458366,0.753821801495714,1.1838968633900817,0.236453891961515,0.9982547051643537
ATP8A1,4.146106818461338,0.9655771255096068,0.5523902081026545,1.7479982652591968,0.08046432780565205,0.9982547051643537
GUF1,1.3198471433194394,-0.27894434283434905,0.8681714721644541,-0.3213009777191916,0.7479823155523067,0.9982547051643537
COMMD8,4.31698661834781,0.7180111254628972,0.5005629450358519,1.4344072660261962,0.15145607535513791,0.9982547051643537
ATP10D,2.060792849127113,0.40120118346256306,0.7013865310416404,0.5720115310265977,0.5673141627022754,0.9982547051643537
SLAIN2,1.501517212307666,0.5645031965988345,0.6548176595152261,0.8620769284334007,0.38864518643599344,0.9982547051643537
FRYL,3.627012883888745,0.15089009004489104,0.5913553359650252,0.25515976751719915,0.7985997036238986,0.9982547051643537
SLC5A3,3.911722620918129,0.1141122237511999,0.6360092990552755,0.17941911214301667,0.8576086255588289,0.9982547051643537
OCIAD2,13.844587857526445,-0.06464755771862463,0.4549185661966002,-0.14210797826766686,0.88699471639039,0.9982547051643537
FIP1L1,3.8994012573593033,-0.7198447626705498,0.5075295077415857,-1.4183308589755272,0.1560941912803045,0.9982547051643537
CHIC2,5.379504565626556,0.7947130463898114,0.6445243780279625,1.2330224790276794,0.21756737758972644,0.9982547051643537
TMEM165,5.895267431126955,0.8131431507048978,0.5430471737656591,1.4973711124694908,0.13429672055585906,0.9982547051643537
EXOC1,1.939815500593811,-0.25429289997517285,0.653784085577946,-0.3889554756451093,0.6973090832702926,0.9982547051643537
CEP135,1.2419492072887124,0.5219333003032227,0.7062831981904545,0.7389858652173112,0.45991558043218894,0.9982547051643537
AASDH,1.6597335458492033,-0.6552385340536497,0.8125781607059878,-0.8063698555279439,0.420029622800592,0.9982547051643537
PAICS,0.8125489212322934,-0.5773471229073062,0.9384965940773381,-0.6151829708821822,0.538433892563638,0.9982547051643537
SRP72,3.99603568717668,-0.6628425055113368,0.5025803335709145,-1.3188787169639802,0.18720966244048065,0.9982547051643537
HOPX,17.14701478307198,0.9398358639791973,0.4260471568625304,2.2059432831339074,0.02738797113255426,0.9982547051643537
REST,4.784655392883515,0.2348307133185633,0.4766524397305757,0.4926665506029921,0.6222482160844569,0.9982547051643537
NOA1,1.2697153411610667,0.9148324037611024,0.7119390784525559,1.2849869201583202,0.19879685477787035,0.9982547051643537
POLR2B,4.977623305219736,0.3473675116984138,0.48158198029049326,0.7213050444472185,0.4707218540182807,0.9982547051643537
CENPC,4.2139592988153725,0.5031792250017024,0.4926688767666382,1.0213334934084797,0.3070964630503846,0.9982547051643537
YTHDC1,3.72176526283479,-0.10402456296793829,0.5645666352571667,-0.18425559796064442,0.8538129451738411,0.9982547051643537
GRSF1,2.9286045032118264,0.08026671754884677,0.5553475987553953,0.1445341939512023,0.8850786570465758,0.9982547051643537
DCK,6.021079970073051,0.47520338423273983,0.5039043129121548,0.9430428993283525,0.3456589605395033,0.9982547051643537
ANKRD17,1.9285337418365953,-0.1704165553883149,0.6355478678773769,-0.26814118023474387,0.7885906488101654,0.9982547051643537
AREG,5.4718573724986825,0.2024611854276125,0.7269142365115487,0.27852142007731323,0.7806121244500125,0.9982547051643537
RCHY1,2.259605737218659,-0.08521064327584749,0.577716965407135,-0.14749548373708726,0.8827409442007258,0.9982547051643537
THAP6,1.4857643059095538,0.7419655979431052,0.7135859728085359,1.0397704358213105,0.2984465675359159,0.9982547051643537
G3BP2,10.73451950825191,0.3866488967216829,0.4283690627536731,0.9026069582060815,0.36673453227775843,0.9982547051643537
USO1,2.793847855358711,-0.16896718115561524,0.5628659388044387,-0.30019080833797074,0.7640316158381677,0.9982547051643537
NAAA,1.701293231854142,0.6582832756125518,0.661285742223353,0.9954596531890944,0.31951275802635726,0.9982547051643537
SDAD1,2.1400111638608723,0.8101329686613614,0.6576957089852764,1.2317747517484527,0.21803323728523516,0.9982547051643537
NUP54,1.9850937997523999,0.5034730519658034,0.6417965883110653,0.7844744910388656,0.4327617441529492,0.9982547051643537
SEPT11,2.8356616124514167,0.9228669110777148,0.5518487481980976,1.6723185729623735,0.0944615191357955,0.9982547051643537
CCNI,29.915598096252285,-0.03567217365775244,0.33352585651278865,-0.10695474716930868,0.9148248802761932,0.9982547051643537
CNOT6L,9.984131585917066,-0.5388264390876878,0.49778048238236794,-1.082457947143437,0.2790490917053422,0.9982547051643537
MRPL1,3.626732086285973,-2.4576745587467843,0.8116464683940983,-3.028011153192686,0.0024616900167707153,0.9982547051643537
ANTXR2,0.8948819261088188,1.1492964053714887,0.8287398193608475,1.3868000288170845,0.16550274833119694,0.9982547051643537
RASGEF1B,2.3875079765657086,-0.1573144157722083,0.5998345744261813,-0.2622630012994828,0.7931186845932158,0.9982547051643537
HNRNPD,5.186700067258136,-0.03740904082079997,0.6270586771740114,-0.05965795894794515,0.9524280559615916,0.9982547051643537
HNRNPDL,21.415386462350106,0.16745620208905435,0.33457814159262,0.5004995284268984,0.6167233881104468,0.9982547051643537
ENOPH1,2.517546008033034,0.884106665168413,0.693139647782976,1.2755101630620174,0.2021287292620524,0.9982547051643537
SEC31A,2.362829859362318,0.08715764444340093,0.643064933190176,0.13553474920646227,0.8921890918287205,0.9982547051643537
COPS4,2.1803609351827036,0.3926314966529364,0.5648715307097026,0.6950810499506597,0.48700450982587795,0.9982547051643537
HELQ,1.088948991404223,0.1863531532225909,0.7663687016916603,0.2431638359072341,0.8078784809248731,0.9982547051643537
MRPS18C,3.0991463199448286,-0.02241430796285009,0.5185852018457171,-0.0432220354207456,0.9655245397747146,0.9982547051643537
HSD17B11,5.144080079194166,-0.25838128925880866,0.4761824865889215,-0.5426098114395036,0.5873984821888658,0.9982547051643537
PPM1K,4.921517953835545,0.26392412349518696,0.48987235504439436,0.5387610073878715,0.5900517720278196,0.9982547051643537
PYURF,7.720571983476902,0.49512972453206405,0.5406609504293958,0.9157859914588421,0.3597791523209809,0.9982547051643537
GPRIN3,5.753421684652589,0.1335491675798709,0.48975603093349873,0.27268509042210204,0.7850952966413991,0.9982547051643537
RAP1GDS1,2.875097137328811,-0.17068380106407072,0.616456803056353,-0.27687876947392176,0.78187319503524,0.9982547051643537
EIF4E,3.951739027257408,-0.27204775771458145,0.5560067116944081,-0.4892886218684786,0.6246373753030164,0.9982547051643537
ADH5,4.132816635953023,0.13796415275657914,0.5592278452099362,0.2467047267733725,0.8051367481837949,0.9982547051643537
LAMTOR3,1.7301169154680005,0.0595971431939264,0.6336210723699989,0.09405801952105064,0.9250630680538467,0.9982547051643537
DNAJB14,5.881128471852518,0.5882270775685045,0.4346495497119216,1.3533364476240028,0.17594817034347732,0.9982547051643537
H2AFZ,30.695030367812347,-0.12206547165347535,0.3202357506404546,-0.3811737802832783,0.7030743034286759,0.9982547051643537
PPP3CA,2.505362613681968,-0.6756320715280404,0.6551582624714076,-1.0312501730183496,0.30242351778500465,0.9982547051643537
NFKB1,2.0209162445841113,-0.8221206047672155,0.7617801290306404,-1.0792098315997793,0.28049419784012153,0.9982547051643537
UBE2D3,25.623230506998713,0.24420938556170496,0.3342287747408225,0.7306653526497741,0.4649835833701982,0.9982547051643537
CISD2,3.7393106998938412,0.19540253875141514,0.5101296396723315,0.38304486458957154,0.7016864991238372,0.9982547051643537
PPA2,1.7123892115949644,0.06048602571286499,0.6670607066136301,0.09067544394861088,0.9277504831238967,0.9982547051643537
AIMP1,3.732794675216695,0.0923016521021294,0.5278000582617276,0.1748799581533174,0.8611739586588988,0.9982547051643537
RPL34,220.08625754406623,-0.0995053936764054,0.3056540186738661,-0.32554910976838164,0.7447655207426418,0.9982547051643537
OSTC,5.573917495968428,0.31692577477419775,0.4779214428969353,0.6631336163808482,0.5072449825402816,0.9982547051643537
CCDC109B,4.901579202908482,-0.22857910235884485,0.5092944184663715,-0.44881525120020116,0.653564935909393,0.9982547051643537
PLA2G12A,1.3491411133791,0.2894927845673281,0.7228865534610152,0.4004677956469144,0.6888119986886905,0.9982547051643537
TIFA,2.550350703268216,-0.25199141894314214,0.6629838775633144,-0.3800867976900044,0.7038809856155757,0.9982547051643537
LARP7,3.86645962931384,-0.4494855978200897,0.5847859298878644,-0.7686327164305762,0.4421113777972818,0.9982547051643537
CAMK2D,2.501408975709279,0.7266138683432917,0.6089891370835705,1.1931475031279248,0.2328116102161366,0.9982547051643537
SNHG8,9.334033925895557,0.7499547197215446,0.4587282509734815,1.6348561880155457,0.1020791986949996,0.9982547051643537
METTL14,1.334898974770167,-0.3473113164557318,0.7740833770611784,-0.4486742988517665,0.6536666274977249,0.9982547051643537
C4orf3,14.523681159616787,-0.36394831529957444,0.3814846685630592,-0.9540313026745242,0.3400677976139981,0.9982547051643537
TNIP3,4.148441204974844,0.8209023995556194,0.637301197210385,1.2880917267202687,0.1977140349289519,0.9982547051643537
ANXA5,10.801371175009276,-0.006051848429746104,0.3398859068245641,-0.017805529173852544,0.985793993817178,0.9982547051643537
EXOSC9,2.228834448637209,-0.6263121758922886,0.600604538302534,-1.0428029359591773,0.2970395712958247,0.9982547051643537
KIAA1109,2.954100313097263,0.4314837516625337,0.6011817596958912,0.7177259534301248,0.47292627741288873,0.9982547051643537
ABHD18,1.7009685817271438,0.869281894152327,0.6947575743120666,1.251201751939258,0.2108608792181006,0.9982547051643537
JADE1,2.0729742017976966,0.2683640056450197,0.6334303021998631,0.4236677732546243,0.6718081210762643,0.9982547051643537
SCLT1,1.6228623239848503,-1.1034618281535382,0.8201722845103565,-1.3454024831042732,0.17849529381810647,0.9982547051643537
ELF2,2.213496923829187,0.27556888591518014,0.6527271652239668,0.4221808139709118,0.6728930444684811,0.9982547051643537
NDUFC1,4.046205668540296,0.5976763754693757,0.541439214109127,1.103866066392661,0.26965124077619096,0.9982547051643537
NAA15,1.9864364540342354,-1.3153314878610052,0.722620336900012,-1.8202248410329556,0.06872477163223294,0.9982547051643537
SCOC,2.929256897993053,0.050304588975102434,0.5992842078478153,0.08394112228613404,0.933103244059406,0.9982547051643537
ELMOD2,1.3470413852572618,0.7901092425221226,0.8273207313476179,0.9550216893938077,0.33956672866202653,0.9982547051643537
ZNF330,2.37267167790494,-0.08152343207847029,0.5830934013416953,-0.13981196132709656,0.8888085623530617,0.9982547051643537
INPP4B,6.148410731660961,-0.35816949312993146,0.5185389859187706,-0.6907281860308164,0.48973637293217887,0.9982547051643537
USP38,1.1279602727139983,-0.025625402697754207,0.7723996743817357,-0.03317635098469709,0.9735339569190118,0.9982547051643537
SMARCA5,5.29537113081234,-0.1145217481153767,0.47333827645091436,-0.24194482849360846,0.8088229136895356,0.9982547051643537
ABCE1,2.9621172168747782,0.5710421294230138,0.682130200669322,0.8371453556266736,0.40251086863929786,0.9982547051643537
LSM6,5.368264933474984,0.47785263449937077,0.4424346342682496,1.0800525037776476,0.2801188005408336,0.9982547051643537
PRMT9,2.412360551901259,0.14402234000165798,0.6822821104291903,0.21108913424545248,0.832817718821121,0.9982547051643537
LRBA,3.418023258625645,0.7388019761197969,0.5699527193756705,1.2962513398112827,0.19488890707376605,0.9982547051643537
RERE,1.231202398174138,0.31408332468273437,0.8027429074132151,0.3912626592925582,0.6956030968355842,0.9982547051643537
TMEM154,1.2588167332184423,0.405610796526289,0.6944563978111771,0.5840694934983877,0.559173558331342,0.9982547051643537
PLRG1,1.7331936595274298,0.05380355066156649,0.6591521867501974,0.08162538446065525,0.9349446147665023,0.9982547051643537
PPID,2.176686632886544,0.09114321872582508,0.674684534801669,0.13509012586544264,0.8925406170318977,0.9982547051643537
MSMO1,1.6367382463699447,0.4864862410982474,0.7300277383006715,0.6663941869259243,0.5051591771237556,0.9982547051643537
DDX60,3.2851383678050654,-0.6419709617662964,0.6741526845306636,-0.9522634508430807,0.3409633888584259,0.9982547051643537
DDX60L,1.6307678777530492,0.2339834612643038,0.6923057799911746,0.33797704428711633,0.7353804869271676,0.9982547051643537
CLCN3,1.0222212815179053,0.08078982574759243,0.8614190976404547,0.09378689881485897,0.9252784390408704,0.9982547051643537
C4orf27,1.8525151833928075,0.2669420731839084,0.6557876797729036,0.4070556392220562,0.6839671237152779,0.9982547051643537
HMGB2,18.054862346802377,-0.9723708524004228,0.5592803189580872,-1.738610888743419,0.08210322991686324,0.9982547051643537
CEP44,1.2679972317615387,-1.1683462323542273,0.9600864825451738,-1.216917698140026,0.2236355311945465,0.9982547051643537
SPCS3,7.271573133341711,0.21183845653530545,0.5323492507759753,0.3979313509439913,0.6906807895987614,0.9982547051643537
AGA,1.9067161811936415,-0.40385852735380157,0.6529183706400877,-0.6185436733199579,0.5362170183590642,0.9982547051643537
CDKN2AIP,3.2135431835120927,0.7922523068745491,0.6118571913116417,1.2948320590564495,0.19537817002053381,0.9982547051643537
IRF2,6.340018146091084,0.06419378861014109,0.48102064369263864,0.1334532923937449,0.8938349010458517,0.9982547051643537
CASP3,3.2554486282275845,0.4736949314455729,0.5727174315597632,0.8271006003003817,0.4081800440065526,0.9982547051643537
SLC25A4,1.997581560268101,0.05436581941542053,0.7113873256063594,0.07642224911595266,0.9390831691302407,0.9982547051643537
CFAP97,2.1566432425267084,0.6768667873057033,0.6786983839543772,0.9973013098425219,0.31861827814159094,0.9982547051643537
ANKRD37,4.7786601792245165,-0.11699574236495072,0.536780796848197,-0.21795813682589213,0.82746172921266,0.9982547051643537
UFSP2,1.8224565170143765,-0.2954525144956141,0.6937307284567497,-0.4258893290670113,0.6701884909000808,0.9982547051643537
FRG1,3.159423717147111,-0.4412887275293303,0.6148472612915516,-0.7177208964098769,0.47292939613274765,0.9982547051643537
SDHA,3.5995221040027414,-0.2897920313577629,0.5304304523940283,-0.5463336994507472,0.5848365755005347,0.9982547051643537
PDCD6,8.282667424741822,0.2528044435574427,0.5335694504556839,0.47379857175394935,0.6356435531761524,0.9982547051643537
BRD9,1.9149783767771376,-0.2659619035885916,0.678358967787561,-0.3920666140170817,0.6950089948571077,0.9982547051643537
MRPL36,2.0209049402334323,-0.09699207584638607,0.6521632821583148,-0.14872360726196315,0.8817717325003271,0.9982547051643537
NDUFS6,6.758631057223509,0.46494645818480285,0.5077523129766625,0.9156954016793872,0.3598266774941806,0.9982547051643537
ICE1,1.0725398913363196,0.13512557840371311,0.7518768998608018,0.17971768839916416,0.8573742062093516,0.9982547051643537
MED10,5.730372865959784,-0.023322025748198073,0.42451372837385754,-0.05493821327648327,0.9561876880428352,0.9982547051643537
CCT5,3.5493859416899545,0.5741640617790739,0.5690494688926288,1.0089879582813743,0.3129804092620153,0.9982547051643537
MARCH6,2.984928951097544,-0.10848867217396228,0.5361697126644791,-0.20234017254505318,0.839650796273956,0.9982547051643537
FAM105A,1.8869608469679735,1.0974265764582343,0.6650631285892583,1.6501088833267779,0.09892066817729825,0.9982547051643537
ZNF622,1.6572860317487683,0.1551754304698198,0.6436947209397649,0.24106991314651574,0.8095009310193,0.9982547051643537
GOLPH3,3.065622381935249,0.755604891347821,0.6031678108084042,1.2527274794971417,0.2103049018073414,0.9982547051643537
MTMR12,1.25207396730376,-0.23483122116140898,0.7722605097514785,-0.3040829075113269,0.7610647284711928,0.9982547051643537
ZFR,2.5632255990917963,0.4836496672890324,0.5589155685478268,0.8653358297848992,0.3868544905451641,0.9982547051643537
SUB1,43.235253427492516,-0.29599778239298397,0.35895300366045824,-0.8246143070945715,0.4095905961621966,0.9982547051643537
TARS,1.5914144079515797,0.4432746882077696,0.6620230856923899,0.6695758770166784,0.5031281960924204,0.9982547051643537
RAD1,1.5796949404043041,-0.06799200585370863,0.6693680193107134,-0.10157641819178018,0.9190928981712768,0.9982547051643537
BRIX1,2.4876229294441403,-1.1040855756572125,0.5994636945449795,-1.8417888951477943,0.06550603504152985,0.9982547051643537
DNAJC21,1.7121344852204334,0.10875114764410164,0.7005441449233393,0.15523810802244634,0.876633606571101,0.9982547051643537
IL7R,27.95563397949963,-0.6589459660898629,0.7257245587577187,-0.907983556761306,0.3638869092702611,0.9982547051643537
NIPBL,4.7078246567928215,-0.6817334999988484,0.49001653112097726,-1.391245920702498,0.16415086659773004,0.9982547051643537
RICTOR,3.25705872352268,-0.4416808676347183,0.5918145621800973,-0.7463163224772235,0.45547635363911154,0.9982547051643537
FYB,23.695575156427434,-0.493165057714235,0.3746576896034421,-1.3163083833571587,0.18807055821533414,0.9982547051643537
PTGER4,8.182807050039296,0.7028983734708886,0.5396634946808956,1.302475302478101,0.19275395536662754,0.9982547051643537
TTC33,1.9033686757893602,0.7546698716279164,0.6801407973213095,1.1095788910180582,0.2671805316316973,0.9982547051643537
PRKAA1,2.6892234390957364,0.045658729259656826,0.6037221591420301,0.07562871193024286,0.9397144930574806,0.9982547051643537
RPL37,122.70211388685519,-0.3843660169028769,0.3320612073887452,-1.157515567462532,0.247061782791677,0.9982547051643537
OXCT1,2.0406611690574463,0.3771637249422609,0.6610208643574925,0.570577640251736,0.5682859788984154,0.9982547051643537
C5orf51,1.2941294248044024,0.9462143400814731,0.7651329583963398,1.2366665553979874,0.21621089993002474,0.9982547051643537
ANXA2R,4.922380816871959,0.9415499534144087,0.48730758143636693,1.93214714747334,0.053341346451501195,0.9982547051643537
ZNF131,2.6520032986545887,-0.3320317349763823,0.6081724895509097,-0.5459499413095175,0.5851003476638197,0.9982547051643537
HMGCS1,1.965318154674658,-0.615342180104565,0.6236328128900713,-0.9867059067224422,0.3237868335560872,0.9982547051643537
PAIP1,1.7293368316729771,0.3449130380692893,0.6405028531703326,0.5385035154208199,0.5902294787943062,0.9982547051643537
NNT,0.9477867991493093,0.07232506747667264,0.7959141876342001,0.09087043377333667,0.9275955434006699,0.9982547051643537
MRPS30,3.6594176477186315,-0.3453876481701918,0.6362198986537165,-0.5428746395720331,0.5872161181062602,0.9982547051643537
EMB,13.048697369741616,0.4448357358828018,0.4264375433711676,1.0431439323240368,0.2968816362774045,0.9982547051643537
PARP8,10.138187436098338,-0.0034846962256096406,0.5491395126672293,-0.006345739370827823,0.9949368665098814,0.9982547051643537
ITGA1,4.56574361054846,0.2703530056108881,0.5847039140495539,0.4623759121748851,0.6438117700642014,0.9982547051643537
PELO,1.427816953999941,0.08594559122321019,0.6719490246591615,0.12790492741142842,0.8982242115679004,0.9982547051643537
MOCS2,1.724836887267292,0.6423408436258992,0.66187665165112,0.9704842163921531,0.3318051885804252,0.9982547051643537
GZMK,86.2175303400797,-0.9144524994589531,0.4232065934051667,-2.160770918291154,0.030713039588173622,0.9982547051643537
GZMA,80.0620040718144,-0.37143005794849404,0.4221211474054638,-0.8799134092936619,0.3789062199459039,0.9982547051643537
DHX29,2.316715357054302,0.8319443282531864,0.5750861145575056,1.4466430456129478,0.1479969235905329,0.9982547051643537
PLPP1,1.9099071687509128,0.046834397217005136,0.7177196915989168,0.06525444092619043,0.9479714158624664,0.9982547051643537
IL6ST,3.728168339956098,-0.6153032323505643,0.6754875177510383,-0.9109024462793168,0.36234677663214987,0.9982547051643537
GPBP1,14.701199518345415,-0.31419747263214826,0.4259142340067723,-0.7377012730388163,0.4606959983585194,0.9982547051643537
PDE4D,3.345332190857961,-0.01881372296187995,0.534872821892775,-0.03517419878486835,0.971940835883306,0.9982547051643537
NDUFAF2,1.6205116627658274,-0.3174493653194582,0.689210786505073,-0.4605983706802035,0.6450867807756591,0.9982547051643537
SMIM15,1.9292875769506048,0.6047780004519421,0.6811144226201377,0.8879242317692501,0.3745815091987852,0.9982547051643537
KIF2A,4.565623632538096,0.10797962795326708,0.4680464207206516,0.230702817440652,0.8175456845670214,0.9982547051643537
DIMT1,1.4429983262914374,1.0480299394066204,0.7850022061822423,1.3350662344040787,0.18185466944678186,0.9982547051643537
SREK1IP1,2.9766375625747297,-0.776843096074002,0.7404469224231512,-1.0491543317267664,0.2941070934438309,0.9982547051643537
PPWD1,1.7247790062525163,0.2449032100363408,0.6665786509874296,0.3674033209337801,0.7133181948037889,0.9982547051643537
SGTB,1.5222303492828861,0.12148566983530365,0.6636339195784315,0.18306127256496552,0.8547499422502037,0.9982547051643537
ERBB2IP,3.1752412521127757,0.04504073048311784,0.57184177109538,0.07876432390876409,0.9372200812511818,0.9982547051643537
SREK1,3.356181330703901,-0.41565804176591936,0.5355859201098156,-0.7760809725556144,0.4377011775545899,0.9982547051643537
PIK3R1,18.07021019870768,-0.6238647887099942,0.4465129362204585,-1.3971930891649937,0.16235551434823303,0.9982547051643537
SLC30A5,1.8649208402276298,0.8796586645370454,0.6437249908392267,1.3665131493345177,0.17177795651820205,0.9982547051643537
MRPS36,4.305523445187758,0.1804954712245486,0.5316355100078854,0.3395098104373641,0.7342257078502401,0.9982547051643537
AK6,1.551323761872713,-0.19253949534486564,0.6911949894601191,-0.2785603169595529,0.7805822701095346,0.9982547051643537
TAF9,2.9287034891677224,-0.45193616966389366,0.5374982474288591,-0.840814220001173,0.40045201957804055,0.9982547051643537
BDP1,4.279790617586306,-0.3075630803998513,0.4950932663323748,-0.6212225075858183,0.5344532323065657,0.9982547051643537
MCCC2,1.3237399004509673,0.3774049995759742,0.7818795539265893,0.4826894343005275,0.6293162664121191,0.9982547051643537
TNPO1,1.3411732878529345,-0.3976267180621482,0.6876947825149305,-0.578202319069529,0.5631275332705765,0.9982547051643537
BTF3,54.656103739758656,-0.21058803039823465,0.2776548540340582,-0.7584525440077597,0.448180112430717,0.9982547051643537
HEXB,2.0443324851174465,0.0819093097944035,0.614325195670523,0.13333216734664646,0.8939306888427283,0.9982547051643537
NSA2,8.696012800915081,-0.5610235756778797,0.3766887900937442,-1.4893556443191776,0.1363937421385807,0.9982547051643537
HMGCR,1.3309597293005242,-0.7951958002369158,0.7381824487160462,-1.077234769832357,0.28137539550094326,0.9982547051643537
COL4A3BP,2.3149258331951272,0.05441021787282842,0.6614440971289871,0.08225973760896375,0.9344401706040583,0.9982547051643537
POLK,2.2489487200740212,-0.7762024059766853,0.6698821867303066,-1.1587148029197902,0.24657245490459856,0.9982547051643537
IQGAP2,4.656933451509453,-0.904843805247472,0.5461164448652879,-1.6568697276103315,0.09754581590846945,0.9982547051643537
F2R,5.447687052646723,-0.5608937127047929,0.4940393073454499,-1.1353220368609174,0.2562404122217137,0.9982547051643537
AGGF1,2.0402944918788735,1.4522073714390846,0.7504619823354204,1.9350845287590035,0.05297992372111819,0.9982547051643537
TBCA,12.919135202873857,-0.20541952037993247,0.39878091644542635,-0.5151187328896275,0.6064700530890504,0.9982547051643537
AP3B1,3.069591114195316,0.028107624293645578,0.6058386131203354,0.04639457387649649,0.9629957612771478,0.9982547051643537
SCAMP1,1.6907026817313542,-0.6951309838026455,0.7350303613161467,-0.9457173749366524,0.3442927580025311,0.9982547051643537
PAPD4,2.2148306997798373,0.28150568522437297,0.5962111920449252,0.47215766657926334,0.6368142538487358,0.9982547051643537
SSBP2,1.2633031238249715,0.3262317212900342,0.8879940772824746,0.36738051484352247,0.7133352038928787,0.9982547051643537
RPS23,222.07716643301484,0.039936518558669074,0.24783330244163934,0.16114266390035886,0.8719810383740718,0.9982547051643537
TMEM167A,4.453071762333407,0.19969849738095735,0.5460394101023646,0.3657217660232993,0.714572702728141,0.9982547051643537
COX7C,39.25217340507731,-0.27339578819545673,0.32182194239010836,-0.8495250080370527,0.3955892207265779,0.9982547051643537
CCNH,15.753083075723342,-1.0366643564596094,0.5572525199117349,-1.8603134475261056,0.0628411920844376,0.9982547051643537
TMEM161B,1.3045213232021104,0.7448715368256923,0.8043564392391297,0.9260465889106247,0.3544217691397735,0.9982547051643537
ARRDC3,4.48282474567998,-0.030041102792638667,0.553567579696492,-0.054268175909271084,0.9567215041211828,0.9982547051643537
FAM172A,2.555259396885003,0.13992263803325694,0.5891479235233591,0.23750001051766273,0.8122689110430054,0.9982547051643537
SLF1,5.520080573860736,-0.509183306727591,0.5021229093174184,-1.01406109396556,0.31055360118992936,0.9982547051643537
TTC37,1.7497734424261877,-0.35727169831634525,0.7784032706613717,-0.45898021216276336,0.6462483759957295,0.9982547051643537
GLRX,5.142283281145933,-0.45833400229076715,0.530796598557551,-0.863483307045105,0.3878717935509963,0.9982547051643537
ELL2,2.6726295767588413,-1.1058436486868541,0.817331625913989,-1.352992608661428,0.17605799169264646,0.9982547051643537
CAST,7.761614929886436,0.5614168919520239,0.42468710215705996,1.3219541848586631,0.1861834075070553,0.9982547051643537
ERAP1,1.6971779627252457,-0.5863748283292367,0.6953464866110072,-0.8432843763792083,0.39906941855748046,0.9982547051643537
ERAP2,3.315632728286906,0.5509829810460544,0.5798677660918025,0.9501872896980875,0.3420170957952049,0.9982547051643537
LNPEP,4.447016121845775,-0.39117637978042313,0.5029963803165066,-0.7776922361434857,0.436750470292699,0.9982547051643537
RIOK2,1.417912409007063,-0.2550140540696831,0.6555497856728039,-0.3890079131182341,0.6972702927172119,0.9982547051643537
CHD1,5.433615705775421,0.5781508080417249,0.4832363387098106,1.1964141802442378,0.23153497037328763,0.9982547051643537
FAM174A,1.6495586828244166,-0.8569071829829779,0.8527463444165293,-1.004879339083295,0.3149549542406428,0.9982547051643537
ST8SIA4,5.183862699164427,0.9641296208841837,0.5760992603505646,1.6735477499094464,0.09421951467598912,0.9982547051643537
PAM,1.1522671180988748,0.72366514126215,0.8356602628755564,0.8659800799573447,0.3865010858262107,0.9982547051643537
PPIP5K2,1.4533309702081443,0.39617697184277656,0.6884470667732101,0.5754646812567307,0.5649770704453243,0.9982547051643537
PJA2,2.6993574186609663,0.32027058502546235,0.568276119966678,0.5635826911823112,0.5730381692298292,0.9982547051643537
SLC25A46,1.6340412913743392,-0.2752899639261394,0.7919235063843459,-0.34762191260494335,0.728124147583697,0.9982547051643537
CAMK4,6.004810634089347,1.0021303697413502,0.601592008147478,1.6657973446610044,0.09575378521087753,0.9982547051643537
SRP19,3.3896968714067843,-1.2279710710907579,0.7136815187406359,-1.720614922546458,0.08532072377506862,0.9982547051643537
REEP5,16.338080085445366,0.05322240966072597,0.33738844787638655,0.1577481683078425,0.8746552428272486,0.9982547051643537
DCP2,3.938534788502654,-0.460030126476725,0.4911225860795639,-0.9366910411287788,0.3489175059097144,0.9982547051643537
FEM1C,0.9499638835366125,0.07893004171282557,0.8024436893050078,0.09836209414418408,0.921644773166133,0.9982547051643537
ATG12,6.881874375507961,-0.10757088476576307,0.49930261404705734,-0.21544226234638728,0.8294225229444007,0.9982547051643537
AP3S1,7.806311270810359,-0.36216601585461894,0.5317663564772077,-0.6810622963322838,0.495832072947077,0.9982547051643537
COMMD10,2.210242074865818,0.26600637144732786,0.6473712121006178,0.41090237946197666,0.6811441175940565,0.9982547051643537
DMXL1,1.3132075334541522,-0.027891923747265606,0.7421460055085788,-0.037582798452377025,0.9700203230785824,0.9982547051643537
TNFAIP8,8.052160660113977,0.24255336990584941,0.4016447521747038,0.603900259103462,0.5459099565376249,0.9982547051643537
SRFBP1,1.4541662105002235,-0.047121279950982975,0.6783330880087812,-0.0694662854930246,0.9446184680818905,0.9982547051643537
SNX2,3.242394262038697,-0.3724892567980095,0.5812169472418616,-0.6408781756375828,0.5216018363457497,0.9982547051643537
CSNK1G3,1.242708486130358,0.8476736799169587,0.7004659170007906,1.2101569246173645,0.22621868344189922,0.9982547051643537
PHAX,2.244226120455072,-0.6040002757718792,0.6211921079230797,-0.972324451756671,0.3308891630763229,0.9982547051643537
LMNB1,2.3412240580271124,-0.642270724362267,0.7184915236109062,-0.8939155205818182,0.3713670929320215,0.9982547051643537
ISOC1,1.7574894211553869,2.62262950057886,0.800521966113077,3.2761493270609425,0.0010523290513031337,0.9982547051643537
HINT1,43.491558490292206,-0.0792969926563003,0.26812499580970156,-0.2957463641792665,0.7674237866389708,0.9982547051643537
CDC42SE2,10.978618563518728,-0.4289629879091106,0.40200170710969557,-1.067067577879857,0.28594132123307947,0.9982547051643537
FNIP1,2.418382538711903,0.025071661099857995,0.6065031866782163,0.04133805336980019,0.9670263967825892,0.9982547051643537
C5orf56,9.22331841993486,-0.30071128325965607,0.5126649581539368,-0.5865649260337434,0.5574959445192791,0.9982547051643537
IRF1,16.973534410633764,0.3526102170347017,0.5696170918271328,0.6190302610191193,0.5358964238423694,0.9982547051643537
RAD50,2.0087075122617404,-0.016256673922961557,0.599006441073305,-0.027139397522725636,0.9783485516442673,0.9982547051643537
KIF3A,1.7277355631102267,0.4855691248190846,0.6082231893491581,0.7983403680130612,0.42467299807826375,0.9982547051643537
UQCRQ,10.06985106982707,-0.6459731375326552,0.4850583482875163,-1.3317431599997063,0.18294460148266523,0.9982547051643537
AFF4,2.902357118275744,0.375460167203574,0.5409754244067593,0.6940429273941761,0.48765528847823125,0.9982547051643537
ZCCHC10,2.0222187385154453,-1.2278224111088936,0.6889436038002086,-1.7821813053147353,0.07471967039049376,0.9982547051643537
HSPA4,3.6860740110269044,0.5103727130364648,0.6376929382160066,0.8003424257202384,0.4235124286652989,0.9982547051643537
C5orf15,1.8455386139990557,-0.8508566558639378,0.7103073321516343,-1.197871143025593,0.23096718546144568,0.9982547051643537
VDAC1,8.70106558149644,-0.21868590799573487,0.4124638396386338,-0.5301941333507662,0.5959773381821885,0.9982547051643537
TCF7,2.9652318833978906,-0.17194699493743748,0.6429887869540356,-0.26741834138661147,0.7891470791186245,0.9982547051643537
SKP1,33.39888440821053,-0.6397229122614204,0.37495820891465076,-1.7061179007472707,0.08798613033652711,0.9982547051643537
PPP2CA,5.06304537872178,0.11394879986236449,0.4930567281741431,0.23110687543871994,0.8172317738690504,0.9982547051643537
UBE2B,10.932643414389045,0.12050675884736259,0.3655310913117238,0.3296758106538051,0.741644933126605,0.9982547051643537
CDKN2AIPNL,1.474099721151061,-0.3407951331434288,0.7749660517138334,-0.4397549187990392,0.6601146217942228,0.9982547051643537
SAR1B,2.6326957887820535,0.15361091311629294,0.5546613154791502,0.2769454238639204,0.7818220129586864,0.9982547051643537
CAMLG,4.590672441775799,0.7045400926854566,0.4958660363819728,1.4208274836204735,0.15536691869271557,0.9982547051643537
DDX46,7.436057583482984,-0.12388541727863785,0.5228977093535627,-0.23692094086966334,0.8127181239652868,0.9982547051643537
TXNDC15,2.1266246231341874,1.0416032272571512,0.5794936136567524,1.7974369392690441,0.072266280881717,0.9982547051643537
H2AFY,4.406570624115149,-0.2086171674393883,0.527979068101514,-0.3951239358589074,0.6927514248524425,0.9982547051643537
HNRNPA0,12.694893482619177,0.35744075398069686,0.4998420812592039,0.7151073656708352,0.4745427029332989,0.9982547051643537
FAM13B,3.033660192216043,0.9020645492597874,0.5663057096221662,1.5928932623010923,0.1111841380585775,0.9982547051643537
EGR1,3.9945261823621627,0.2409255397352987,0.6425623712268062,0.37494498670271326,0.7077013810262152,0.9982547051643537
ETF1,3.4451337040426564,0.2695828766603999,0.4902290902018112,0.5499120351046924,0.5823797090767462,0.9982547051643537
HSPA9,6.0112800972302045,0.5353779679669052,0.4152632073349005,1.2892497059946242,0.197311289635142,0.9982547051643537
MATR3.1,1.8819022256276872,0.1700780713915393,0.9311957568863531,0.18264480925066792,0.8550767229816336,0.9982547051643537
PAIP2,12.188953417938825,0.46844210313343093,0.3920109410166576,1.1949720125631023,0.23209796511538228,0.9982547051643537
MZB1,1.5362823952985702,0.0655059835830809,0.7053907151215525,0.09286482254277045,0.9260109524881951,0.9982547051643537
TMEM173,3.575751909970084,-0.19634932201804306,0.5631625024859476,-0.3486548219231669,0.7273484652075544,0.9982547051643537
UBE2D2,16.685705412637198,-0.08337751266126975,0.39945411840167133,-0.20872863445465703,0.834660085397355,0.9982547051643537
PURA,2.4007614702117688,0.2734098332737607,0.6585461530683276,0.4151718630499585,0.6780160949369252,0.9982547051643537
PFDN1,2.5936512732835917,-0.9032148217145597,0.6250820560566164,-1.4449540071787816,0.14847080483898797,0.9982547051643537
SRA1,3.1116365466228286,-0.020842878202763954,0.5678448181497253,-0.0367052362486616,0.9707200335355369,0.9982547051643537
SLC35A4,1.5271801393777646,0.5415743606149414,0.6943502106449605,0.7799729190142963,0.43540681548042715,0.9982547051643537
NDUFA2,9.006363072259289,-0.3490290829094056,0.4122253800100548,-0.8466947932727777,0.39716526163636356,0.9982547051643537
IK,6.585763556308536,-0.026709248880754922,0.5186823955170079,-0.05149441953612461,0.9589315485188762,0.9982547051643537
WDR55,1.6174125200856626,0.3674243345664143,0.7798582172487121,0.4711424800557503,0.6375389912323504,0.9982547051643537
HARS,1.7575428260237829,-0.2550648264631209,0.6679099647808324,-0.3818850442616434,0.702546634044307,0.9982547051643537
TAF7,8.275638608310329,0.18412658004834312,0.40181637448881885,0.45823563134425405,0.6467831634661789,0.9982547051643537
DIAPH1,4.497164087164648,-0.23670956523054287,0.6491333302890685,-0.36465476996094576,0.7153691253139034,0.9982547051643537
HDAC3,1.8306369928470232,0.17050257896761392,0.6867340262770112,0.2482803712114848,0.8039174851263096,0.9982547051643537
NDFIP1,9.80596698643251,0.4853494873892361,0.44039297992813353,1.1020827068325179,0.270425716786556,0.9982547051643537
NR3C1,8.416441022123891,-0.03699585600226016,0.4536594899447567,-0.08154983379002,0.9350046951832227,0.9982547051643537
YIPF5,3.197350843417475,0.8663437286255328,0.5460900762999931,1.5864484015080496,0.11263762818818471,0.9982547051643537
TCERG1,1.8016022744969191,0.38754727194443445,0.6991445468575801,0.5543163766152925,0.5793623444848185,0.9982547051643537
PPP2R2B,2.789735923162413,0.04208003474029097,0.5868044011422444,0.07171049613530515,0.942832302962133,0.9982547051643537
ADRB2,2.8835233884045115,0.6250481088388149,0.6752011899015131,0.9257212786162097,0.35459084670850816,0.9982547051643537
CSNK1A1,7.129969190604532,-0.15240857618133868,0.42806960179383163,-0.3560369050796142,0.7218129274119105,0.9982547051643537
HMGXB3,1.0794793423468887,0.5483517633505424,0.7733155106917216,0.7090918981568702,0.47826745031437035,0.9982547051643537
CD74,149.63484413777354,-0.6169766718871535,0.4364856153928254,-1.4135097472384996,0.15750589744734844,0.9982547051643537
RPS14,256.81220443132383,0.0551839716078817,0.26919251747304007,0.20499816312096578,0.8375735601678085,0.9982547051643537
RBM22,1.9669919382750851,0.009641175976983102,0.6689650087827075,0.014412078136234385,0.988501223432032,0.9982547051643537
TNIP1,3.607133271923606,0.7600640826769874,0.5366606951637616,1.4162842360666166,0.15669230137001636,0.9982547051643537
ANXA6,12.278549402609075,-0.3416009122325469,0.35165474510543143,-0.9714099325750027,0.33134418434784785,0.9982547051643537
ATOX1,3.189942252008597,-0.3684126436916148,0.644899871134472,-0.5712710766146126,0.5678159045851132,0.9982547051643537
G3BP1,4.858967021227846,-0.8659660515158656,0.510855245243208,-1.6951299993085054,0.09005076244395124,0.9982547051643537
LARP1,1.819580725953884,-1.2829199491975596,0.747673232858482,-1.7158832131688577,0.08618341975473928,0.9982547051643537
CNOT8,2.560018919771896,0.4934353667444274,0.6157428410437791,0.8013659824415958,0.42291980253637274,0.9982547051643537
MRPL22,3.2639208818324525,0.06301600351742617,0.5153672302138621,0.12227398216855272,0.9026820365862088,0.9982547051643537
ITK,7.123489524224902,-0.2330707529567781,0.5043005681285853,-0.4621663501623308,0.6439620321555088,0.9982547051643537
CYFIP2,4.395283823607387,0.1089074560507838,0.49390991568736803,0.22050064716602966,0.825481268415151,0.9982547051643537
CLINT1,4.006791640605184,0.0617016817951672,0.6029194749983231,0.10233818006183797,0.9184882510735083,0.9982547051643537
RNF145,2.2775369661283142,0.956602028210313,0.6064955637385804,1.5772613773357131,0.11473539542220101,0.9982547051643537
UBLCP1,3.2688569186679355,0.22812097414873758,0.6110485196146774,0.3733271038649909,0.7089050063042674,0.9982547051643537
TTC1,3.233602063305774,-0.058564208055215505,0.5629826367552576,-0.10402489212233877,0.9171495946753545,0.9982547051643537
PWWP2A,2.088853553061141,-0.20923908517825204,0.7129591555577891,-0.2934797646501254,0.769155464372248,0.9982547051643537
SLU7,2.9899840268246356,-1.016035910884755,0.6019717329341844,-1.6878465470999813,0.09144068971973926,0.9982547051643537
PTTG1,5.2178085415915385,-0.5343110910428969,0.5015985331548,-1.0652166139369499,0.28677791701337574,0.9982547051643537
CCNG1,3.088006789408923,-0.32090150685163327,0.6165150189816241,-0.5205088229346089,0.6027089800560232,0.9982547051643537
NUDCD2,3.3089214211637774,0.7383367111368879,0.5422347409109687,1.3616551198775326,0.17330675118396655,0.9982547051643537
MAT2B,5.255553841074096,0.7202592256242634,0.4471114278492885,1.6109166099575678,0.1071978992124015,0.9982547051643537
DOCK2,2.797649637785869,-0.5927443185956113,0.5923261783529745,-1.0007059290268066,0.3169690001294254,0.9982547051643537
LCP2,10.69416291178229,0.06835907759230782,0.43011044096229195,0.1589337785880462,0.8737210474649412,0.9982547051643537
NPM1,43.28435526323152,0.0527624885951048,0.36025286128480855,0.1464595962039892,0.883558583482177,0.9982547051643537
FBXW11,1.182793010354173,0.19939114620291798,0.7207379908472409,0.27664858621997984,0.782049953700056,0.9982547051643537
STK10,3.0727754325781698,-0.18538993713293775,0.5059185766323624,-0.3664422412930208,0.7140351043872837,0.9982547051643537
DUSP1,81.00780803755224,0.40455585161996516,0.45155077112513725,0.895925502711303,0.37029255247968595,0.9982547051643537
RPL26L1,1.3460735865650466,-0.09048554213128489,0.7002439644498505,-0.12922002434162388,0.8971835519131741,0.9982547051643537
ATP6V0E1,22.595362761017423,-0.01117479549267198,0.3568992792883696,-0.03131078189609597,0.9750216919152046,0.9982547051643537
CREBRF,3.066260535663879,-0.2572921260066181,0.5558863243844806,-0.46285025322670315,0.6434717074400219,0.9982547051643537
BNIP1,1.3828040492746767,-0.5163378497604705,0.7651060904018634,-0.6748578481309303,0.4997660832444131,0.9982547051643537
SFXN1,3.1418130076954194,-0.17190378324656494,0.5253470891324338,-0.3272194455868205,0.7435019142979074,0.9982547051643537
THOC3,2.204357908256969,0.2534063228124737,0.7249467806864787,0.3495516216687161,0.7266752233238511,0.9982547051643537
KIAA1191,2.023200953802641,0.6257316612315904,0.6266969971215055,0.9984596449410976,0.3180565236443412,0.9982547051643537
NOP16,1.4369153110692239,0.9377165159821439,0.6853443185439178,1.3682414672589918,0.17123650565490434,0.9982547051643537
HIGD2A,21.36030745663901,-0.18528355590174667,0.3867981429727762,-0.47901873178017657,0.6319253028110319,0.9982547051643537
CLTB,5.023070719501215,0.019283802667512076,0.6070921279589682,0.03176421136005147,0.9746600874227098,0.9982547051643537
RNF44,2.236214415496772,-0.2088965509258131,0.639598833026733,-0.32660558484333874,0.7439662189141313,0.9982547051643537
TSPAN17,1.8862725568730134,-0.7263105218439568,0.7784110426951917,-0.9330681118412187,0.35078480221995634,0.9982547051643537
UIMC1,1.2997314414062262,-0.35369080731237496,0.7657690971309642,-0.4618765743322829,0.6441698338749313,0.9982547051643537
NSD1,3.62352235987929,0.5769101172593197,0.5241844992366852,1.1005859923355485,0.27107688476601555,0.9982547051643537
PRELID1,10.383414827958536,0.4506494375515876,0.4875003120727259,0.9244085109105717,0.3552736651827195,0.9982547051643537
LMAN2,5.8079437126245,0.42107572324567816,0.5511259008967322,0.7640281876800736,0.4448504450179529,0.9982547051643537
RGS14,3.8444587937402566,0.6232823604118699,0.6100924111297514,1.0216195924445177,0.3069609809522694,0.9982547051643537
GRK6,2.5191824514223358,0.4698401290364373,0.6265774832203617,0.7498516011485825,0.45334408662547987,0.9982547051643537
DDX41,1.1924205901689924,-0.13384512950362742,0.7655590144711362,-0.17483319636186426,0.8612107031268905,0.9982547051643537
TMED9,6.672297485807104,0.669361380845106,0.43023220555609465,1.5558142142797657,0.11975227709314752,0.9982547051643537
NHP2,4.964771026269935,0.26956276947681346,0.49041157994611323,0.5496664036898011,0.5825482041737732,0.9982547051643537
HNRNPAB,4.3995199569466035,0.4850022993737267,0.5739912800300875,0.8449645774205904,0.39813061685257856,0.9982547051643537
PHYKPL,3.7863618700380357,0.08616336171568977,0.4821477127741794,0.1787073949182988,0.8581674623577973,0.9982547051643537
CLK4,3.479705174662196,-0.23081250610124232,0.5383351614484588,-0.42875242531104985,0.6681034041853621,0.9982547051643537
HNRNPH1,9.163721504320105,-0.3117065531530443,0.4735285584361418,-0.6582634723921933,0.5103688453320706,0.9982547051643537
CANX,6.463928172295817,0.3009773106884699,0.45472785615338396,0.6618844801690518,0.5080452588476251,0.9982547051643537
LTC4S,0.8721414335698808,-0.42592985767756597,0.9661881264381746,-0.4408353259812293,0.6593322172080647,0.9982547051643537
SQSTM1,11.727115415449669,0.3607421987884011,0.4240495159076608,0.8507077245831705,0.3949317311292708,0.9982547051643537
C5orf45,1.2976465754669386,0.5818605864961041,0.7662658823904127,0.7593455481548452,0.4476458773452451,0.9982547051643537
RNF130,1.2486306531026694,-0.2650462234709501,0.7453415207648052,-0.3556037280721762,0.7221373513233653,0.9982547051643537
MGAT1,3.471695574536337,1.1298240892779505,0.5450160631912265,2.0730106240584982,0.03817129084728113,0.9982547051643537
GNB2L1,96.98486336666903,-0.13135456213943644,0.30529443512756005,-0.43025534377838576,0.6670099073797651,0.9982547051643537
DUSP22,2.091337488344673,-0.5199370461609906,0.6522289661369525,-0.7971695112538382,0.4253525904651453,0.9982547051643537
IRF4,2.0584817135817253,-1.19024329047651,0.8339042076172871,-1.4273141682272952,0.15348935853643697,0.9982547051643537
EXOC2,1.5308790220250934,-0.4685473787782701,0.7673474792811711,-0.6106065262860989,0.5414601010873594,0.9982547051643537
GMDS,2.0302863859321962,0.8957729177734756,0.7643562012191966,1.171931249258737,0.2412246597038351,0.9982547051643537
GMDS-AS1,1.0676036429569813,-0.4644732541217395,0.9383249348350245,-0.49500256987565056,0.6205983064751037,0.9982547051643537
SERPINB1,6.487615703596816,0.19696107871679264,0.4553647835692582,0.4325347190289169,0.6653528240493765,0.9982547051643537
SERPINB9,5.078453703510588,0.011264235173255071,0.4778971218314976,0.023570418524568443,0.981195268191015,0.9982547051643537
NQO2,1.5025909387613263,1.0178063078008874,0.7192027921377152,1.4151868136880017,0.15701372969401634,0.9982547051643537
TUBB2A,3.3465247327064,-0.2556127629737665,0.6151536051368022,-0.4155267250964441,0.6777563551689276,0.9982547051643537
PSMG4,1.3824692777112542,0.7943412374316049,0.8785176869423783,0.9041835460322446,0.3658980834665384,0.9982547051643537
PRPF4B,5.370216986376255,0.10915768631902929,0.47950773477119,0.22764530872711955,0.8199219933237261,0.9982547051643537
ECI2,2.921975644896534,-0.46282408459033797,0.5854919996903099,-0.7904874615454083,0.4292431419188457,0.9982547051643537
SSR1,6.206816111597066,0.206029964512527,0.44699516282889884,0.46092213438871443,0.644854470797233,0.9982547051643537
SNRNP48,1.4633802844215344,-0.8338876801188122,0.7867896453240556,-1.0598610252113299,0.28920782907299103,0.9982547051643537
TMEM14C,4.631438333952894,0.3965038003274915,0.4768096019259658,0.8315767944393382,0.40564786496811756,0.9982547051643537
TMEM14B,9.982210308148096,-0.7489865019701516,0.3703711149015104,-2.0222594901044673,0.043149551297997,0.9982547051643537
NEDD9,2.845392536362534,0.03953079072750869,0.5931395958862395,0.0666466899220305,0.9468629751650035,0.9982547051643537
NOL7,4.700689381847513,-0.08731065879229935,0.5028456185914978,-0.17363313025747742,0.8621537933104682,0.9982547051643537
JARID2,2.004386261083271,-0.27052532853295697,0.7450274342144438,-0.3631078751055638,0.7165243020550494,0.9982547051643537
MYLIP,4.699314605100814,-0.40105065418923486,0.5573499957352819,-0.719566981713439,0.4717916475661289,0.9982547051643537
ATXN1,3.5197859135899945,-0.7983132512466021,0.5337933933601475,-1.4955472682442599,0.13477167340259938,0.9982547051643537
DEK,7.4087623196751435,0.047037057114832755,0.47568600111287646,0.09888257591097628,0.9212315035056039,0.9982547051643537
TDP2,1.886419368349884,-0.5215485273186203,0.7099955099406459,-0.7345800360937785,0.4625953000916526,0.9982547051643537
C6orf62,5.306848986114266,-0.15208414017383198,0.4953067454654247,-0.3070504118229263,0.7588050012139049,0.9982547051643537
TRIM38,4.07251198842532,0.16919930458123517,0.52648530953264,0.32137516758337115,0.7479260992321961,0.9982547051643537
HIST1H1C,2.698732580312242,-0.7870216380498748,0.6245511294965611,-1.2601396441061248,0.20761899113461324,0.9982547051643537
HIST1H4C,8.66190784000742,-1.1361062156086117,0.7437868008206168,-1.5274621899113436,0.12664612229379238,0.9982547051643537
HIST1H2AC,2.3203086502227217,-0.2955220944647766,0.7283787242534207,-0.40572587395064724,0.6849440288807915,0.9982547051643537
BTN3A2,7.767219733773895,-0.21581498451116946,0.5087959439776779,-0.424168052174248,0.6714432583382658,0.9982547051643537
BTN3A1,4.672452799225637,-0.1895015995167046,0.5421327319210757,-0.349548345559575,0.7266776823675465,0.9982547051643537
BTN3A3,2.560226139315861,-0.6794911000812601,0.6135933286371935,-1.10739649270703,0.26812254164559846,0.9982547051643537
BTN2A1,1.6888586824425833,0.5594629629888643,0.6398937792477952,0.8743059881696638,0.3819516391291148,0.9982547051643537
HMGN4,4.341298476953769,1.060669039617497,1.1923146031819587,0.8895882318197429,0.3736870274892319,0.9982547051643537
ZSCAN16-AS1,1.5073527464139544,-0.48203139765835473,0.7862505207424966,-0.6130760933590833,0.5398260268058122,0.9982547051643537
TRIM27,2.346192791402394,1.2888279396977202,0.6445958632769939,1.999435635757235,0.04556123944093052,0.9982547051643537
HLA-F,16.358191182677384,-0.0879515883191058,0.37228481292501386,-0.23624812311863266,0.8132401393193088,0.9982547051643537
HLA-G,1.4851256267048516,-0.1491897819353727,0.9629008084377606,-0.15493785094793172,0.8768703132009813,0.9982547051643537
HLA-A,200.92736021523405,0.021979523935181388,0.3971612964306009,0.05534155551590119,0.955866356360473,0.9982547051643537
ZNRD1,6.6280517432196735,0.03332176734440707,0.4188042653324736,0.07956405916246846,0.9365839811922753,0.9982547051643537
PPP1R11,4.143101104096404,-0.3999164041860539,0.5093208088672847,-0.7851954941237466,0.43233895691364654,0.9982547051643537
TRIM26,2.134748950318279,0.22726459038719013,0.6735831276250033,0.3373965009909107,0.7358180219870218,0.9982547051643537
HCG18,3.365819307671863,-0.35387852678768716,0.5475072023392584,-0.6463449709441615,0.518055969817431,0.9982547051643537
RPP21,2.1594350318176816,0.6964498422239775,0.8001214826907819,0.870430125037813,0.38406538964731607,0.9982547051643537
HLA-E,84.07130624099696,-0.0059693619464178315,0.3184326975866067,-0.01874607096463232,0.9850436753866443,0.9982547051643537
GNL1,1.9702907681642843,-0.27530579588076265,0.6436226433104232,-0.42774411177448424,0.6688374304210745,0.9982547051643537
ABCF1,2.5808985593790816,-0.31845905884786657,0.5913218065560482,-0.538554565918383,0.5901942445952653,0.9982547051643537
PPP1R10,6.23722121132562,-0.09297417369506653,0.5057013160139333,-0.18385195124250944,0.8541295995174214,0.9982547051643537
MRPS18B,2.621519548654997,-0.3304389636108288,0.6456351682582533,-0.5118044676876301,0.6087878632491026,0.9982547051643537
DHX16,1.3207611394112388,-0.33536879945095166,0.838090702108488,-0.40015811964889125,0.6890400589721655,0.9982547051643537
PPP1R18,11.67687975503803,0.15156281893292517,0.42519335126264246,0.35645622981367986,0.7214989256886657,0.9982547051643537
TUBB,11.069189611991458,-0.009370682996096145,0.38651037648140907,-0.02424432451568831,0.9806577226578009,0.9982547051643537
FLOT1,3.241076568968078,0.273756455930412,0.7063780839046762,0.3875494755119762,0.6983494647705764,0.9982547051643537
IER3,3.2038090019900136,-0.18141922590923337,0.759890239361628,-0.23874398763384674,0.8113041056448207,0.9982547051643537
HLA-C,216.80091832978812,0.26507857690292813,0.4321699039474921,0.6133665821744374,0.5396339772360017,0.9982547051643537
HLA-B,261.98273172629354,0.4000066817701045,0.37538611610984973,1.065587310248443,0.2866102380636234,0.9982547051643537
MICA,0.8339007695967712,0.3280517437100133,0.859277112286707,0.38177642464722755,0.7026272070192491,0.9982547051643537
MICB,1.2694577699480896,-0.5317864707545968,0.8217178833151793,-0.6471642902660596,0.5175256200352347,0.9982547051643537
DDX39B,2.2251633734848193,-0.4662638395852165,0.6355648137540627,-0.7336212287007463,0.46317961903738114,0.9982547051643537
TNF,13.215404705446401,1.788405043886344,0.8183273407682807,2.1854396826180986,0.028856623962516034,0.9982547051643537
LTB,13.75560906757415,0.8829059660697509,0.5743112845272293,1.5373299983066768,0.12421251897923208,0.9982547051643537
PRRC2A,1.883163461268822,-0.0761808893614815,0.6416471974936693,-0.11872706630536345,0.9054915924002577,0.9982547051643537
BAG6,1.5793107093841516,1.1531622335285467,0.6514967727920447,1.7700198706841972,0.07672383059876166,0.9982547051643537
GPANK1,1.5035646452190474,-0.08503935660184836,0.7148523246527615,-0.11896073310408008,0.9053064652528391,0.9982547051643537
CSNK2B,4.259394980557893,-0.60620988383094,0.6638692868400944,-0.9131464519414606,0.3611655223498239,0.9982547051643537
DDAH2,2.3181727547110573,-0.7536501372513601,0.6805078577541676,-1.1074819029108331,0.2680856323499048,0.9982547051643537
CLIC1,51.81748758245402,-0.22396612790531625,0.33998257270580434,-0.6587576713795854,0.5100513926420194,0.9982547051643537
LSM2,5.968435312002186,0.17928889052143482,0.48064739092719144,0.37301542441659385,0.7091369641134972,0.9982547051643537
HSPA1A,140.24387945253105,0.5287972703540755,0.8625425876461122,0.613068013020863,0.5398313694126555,0.9982547051643537
HSPA1B,80.88578131259798,0.7343350641729111,1.0480896737719163,0.7006414456218714,0.48352680655756775,0.9982547051643537
C6orf48,5.712777482899251,0.09917782239211592,0.6611677299379645,0.1500040275731871,0.8807614376717228,0.9982547051643537
NEU1,5.2451636221777225,0.0998737765478885,0.5527911583599733,0.18067180532372315,0.8566251906448877,0.9982547051643537
NELFE,2.805554297306604,0.9417830053756888,0.6459813998898175,1.4579104066097337,0.14486523981168467,0.9982547051643537
ATF6B,3.5145132769228313,0.2496672548034655,0.5487321720502871,0.45498927804908323,0.6491169524876437,0.9982547051643537
RNF5,2.064942767874806,-0.23895885410929774,0.6350696438305339,-0.376271888336491,0.7067147761413567,0.9982547051643537
GPSM3,16.949937411703356,0.11133326790188625,0.3201885160953178,0.34771162082759755,0.7280567684763419,0.9982547051643537
HLA-DRA,37.41954239714802,-0.3746481227955766,0.4610487615192718,-0.8125997813355286,0.41644755698280944,0.9982547051643537
HLA-DRB5,26.92300937800615,-1.6412419608800601,0.7928438410685887,-2.070069635236123,0.03844582391447566,0.9982547051643537
HLA-DRB1,55.53322889954624,-0.39719010274058986,0.38550556310875045,-1.0303096524408475,0.3028646693773698,0.9982547051643537
HLA-DQA1,20.417475450872498,-0.18598789089848164,0.5865621970227978,-0.3170812777272329,0.7511819306691697,0.9982547051643537
HLA-DQB1,11.756475576777495,-0.015003525123804897,0.468776821247224,-0.03200568894145968,0.9744675141039127,0.9982547051643537
HLA-DQA2,9.025311994458923,-1.4579678948161714,1.1515001685974593,-1.266146488360478,0.20546064150784038,0.9982547051643537
PSMB8,15.450838495590038,-0.10978567145745856,0.32467973666219657,-0.3381352731959426,0.7352612502456932,0.9982547051643537
PSMB8-AS1,4.06119075922729,0.4343874135992263,0.4868434256812025,0.8922528079565242,0.37225744291174356,0.9982547051643537
PSMB9,30.91727298701776,-0.10077399636485944,0.31311398801829005,-0.32184444075035346,0.7475705451916272,0.9982547051643537
TAP1,12.051304297779609,0.16156187956924326,0.38461866031238534,0.42005730933081487,0.6744435882816933,0.9982547051643537
HLA-DMB,2.6354584541137713,-0.17939622030769853,0.6606673706417635,-0.2715378846898938,0.785977366036599,0.9982547051643537
HLA-DMA,7.751816529480264,-0.7153781768747649,0.4317150438827737,-1.6570610336873413,0.09750713616043212,0.9982547051643537
BRD2,15.148944462322518,-0.22409622346041455,0.3952899534393987,-0.5669160612622814,0.5707712114854625,0.9982547051643537
HLA-DPA1,35.63998589435173,-0.64274525234304,0.3209147582562281,-2.002853517350089,0.0451930135725975,0.9982547051643537
HLA-DPB1,39.45297042504985,-0.503981424329452,0.2989591847094819,-1.6857867230913262,0.09183688594973519,0.9982547051643537
RXRB,1.4980106112800853,-0.07509800851285273,0.7518224552383583,-0.0998879562449935,0.9204332780520417,0.9982547051643537
SLC39A7,1.0752749630707321,-0.06259210018935227,0.8030985505354151,-0.07793825570675347,0.9378771682946238,0.9982547051643537
HSD17B8,1.9125560170685247,0.9130498368897041,0.9214214030840291,0.9909145086425114,0.32172732719289,0.9982547051643537
RPS18,317.25130404110513,0.008151235459091629,0.36596291733850783,0.022273391846288928,0.9822298738463454,0.9982547051643537
WDR46,1.3769113306033929,-0.8192902203289083,0.7685687490310036,-1.0659947094672446,0.2864260334820712,0.9982547051643537
PFDN6,2.2057172973823174,-0.007833657208545392,0.5770554128772319,-0.013575225244810234,0.9891688700410389,0.9982547051643537
TAPBP,13.520494441001045,0.16126754933808485,0.3942849191862768,0.40901272529243066,0.6825303225413477,0.9982547051643537
DAXX,3.0263476585779054,-0.8578110307279432,0.6094299114487757,-1.4075630595300122,0.1592604923573674,0.9982547051643537
PHF1,5.089802789615321,0.22607810925913502,0.5523840247272975,0.4092770593261561,0.6823363488659369,0.9982547051643537
CUTA,11.904340524287013,-0.0551516582325124,0.45789833837146676,-0.12044520281218188,0.9041304853426693,0.9982547051643537
BAK1,2.3107910216547625,0.23534705284572466,0.5876297746975689,0.40050226006136086,0.6887866191865739,0.9982547051643537
UQCC2,3.7198644465197566,0.06504768549216731,0.5498289436401625,0.11830531339713901,0.9058257474858845,0.9982547051643537
HMGA1,4.943904013872293,0.09467881742286367,0.5041891677200081,0.1877843148654113,0.851045731953375,0.9982547051643537
C6orf1,3.4909137980254195,0.3235742878982437,0.6318777020342842,0.5120837257851003,0.6085924138142721,0.9982547051643537
RPS10,36.689861130679795,-0.8881855718358093,0.6679460720940814,-1.3297264688618555,0.1836084105783038,0.9982547051643537
SNRPC,5.50119118958131,-0.16744997509523715,0.5038748466393558,-0.33232453696004416,0.7396442139287875,0.9982547051643537
TAF11,2.1179650060286668,-0.1843889901674345,0.626156300646272,-0.2944775768879462,0.7683929952592042,0.9982547051643537
DEF6,9.75007006024157,0.2546940582563584,0.5217981268487528,0.48810841808595334,0.6254730487148603,0.9982547051643537
RPL10A,99.13288614814655,0.011576093796298424,0.36731432736859126,0.03151549758276128,0.9748584330003726,0.9982547051643537
FKBP5,5.425632801324995,-1.561843679963692,0.7337100049269911,-2.1286934476504866,0.033279631306327474,0.9982547051643537
SRPK1,2.9729713233838564,-0.8388256922105827,0.5978127722745532,-1.403157863320694,0.16056976954959878,0.9982547051643537
MAPK13,1.4223526997535463,-0.3400186366659595,0.7783262729160223,-0.4368587422753566,0.6622137945748388,0.9982547051643537
KCTD20,1.2899207453068,-0.6936726913676026,0.7796392182910307,-0.8897355021315285,0.3736079261913915,0.9982547051643537
STK38,2.9502075315191605,0.02536152685642169,0.5710795761972901,0.044409794910368276,0.9645777541437637,0.9982547051643537
SRSF3,18.36844553991337,-0.2773926192704504,0.4733210725180643,-0.586055925620898,0.5578379331558794,0.9982547051643537
CDKN1A,4.524118721784642,-0.28118461027563385,0.8259911313273597,-0.34042085878546047,0.7335396126666378,0.9982547051643537
C6orf89,2.112251652076529,-0.2435062626147217,0.6613699198120552,-0.36818466537443995,0.7127355437378713,0.9982547051643537
MTCH1,8.041416175301368,0.3839493792878466,0.5115564038596334,0.7505514081946649,0.45292267413632625,0.9982547051643537
PIM1,7.021950669677188,1.4107656693258517,0.4597407413821985,3.068611376673778,0.0021505614803086544,0.9982547051643537
CCDC167,4.911850024581403,-0.7780218834472576,0.5707275220694886,-1.3632107325508123,0.17281610574652728,0.9982547051643537
ZFAND3,2.421623923633547,0.8979464110058395,0.7035587956075267,1.2762919270029993,0.2018523428986515,0.9982547051643537
GLO1,3.7056763464820768,0.14073893463344256,0.5163087829102073,0.2725867529120047,0.7851708960920342,0.9982547051643537
SAYSD1,1.3650384102500808,-0.9093018850729501,0.8569994215086555,-1.0610297536399986,0.28867637963305115,0.9982547051643537
OARD1,1.924947141317066,-0.8053371270171897,0.6525181811859911,-1.2341987552798006,0.21712885114852543,0.9982547051643537
CCND3,10.907122308280947,0.6571564164564065,0.4324295995556135,1.5196841685484381,0.12859037238207288,0.9982547051643537
TAF8,1.4926965280543034,-0.6728193965471692,0.7372327834991572,-0.9126281570845775,0.3614381402910254,0.9982547051643537
MRPS10,2.475425655881565,-0.1864138643429582,0.6117078457282439,-0.30474329476848666,0.7605616725299976,0.9982547051643537
TRERF1,1.1895656336655573,0.05316685450467353,0.7515010941610514,0.07074754104520245,0.9435986833203318,0.9982547051643537
UBR2,2.4656888159337496,0.3445344709664783,0.6235544075306095,0.5525331339263535,0.5805831397680628,0.9982547051643537
TBCC,6.621768303748832,-0.7404820157949242,0.5585826778693269,-1.3256444303275554,0.18495750201333672,0.9982547051643537
RPL7L1,4.121496324622016,-0.12755418449363196,0.531496167144789,-0.23999078898133228,0.8103373973000566,0.9982547051643537
C6orf226,1.6778199928673554,0.28397910068039395,0.7832510978178115,0.36256457408304715,0.7169301778176556,0.9982547051643537
CNPY3,5.211125498167534,-0.19618150707401288,0.5564201950708375,-0.3525779776002507,0.7244048499521775,0.9982547051643537
MEA1,4.296092003577287,0.2927622946492826,0.5960870952967403,0.4911401319693752,0.6233273387393075,0.9982547051643537
MRPL2,1.4595152878786577,0.26550002143639617,0.8099688579626587,0.3277904067870178,0.7430701412260416,0.9982547051643537
DNPH1,5.336110105391554,-0.44171774192192226,0.6821839632156836,-0.6475053149003239,0.5173049558135694,0.9982547051643537
YIPF3,2.566655514319192,0.36762529626263485,0.5603937771096457,0.6560124528126335,0.5118161118778828,0.9982547051643537
MRPL14,3.692015856351946,0.4925088163988573,0.5682378418381128,0.8667300558613092,0.3860899333361909,0.9982547051643537
HSP90AB1,56.257868376577946,0.05310596904419487,0.4103804080428756,0.12940668707227,0.8970358566552394,0.9982547051643537
CDC5L,2.6989669212441143,-0.49946034560906744,0.682099642524611,-0.7322395651175646,0.46402235919433465,0.9982547051643537
SUPT3H,3.5231283957606254,-0.3846231885286597,0.5672169512425126,-0.6780883182107418,0.4977156970609756,0.9982547051643537
CD2AP,1.768014274825179,0.7429437660680621,0.7095795553875899,1.0470196899377235,0.2950904970344441,0.9982547051643537
TMEM14A,4.9619303435136075,-0.0974450435164045,0.6214715725194724,-0.15679726607825056,0.8754046275544266,0.9982547051643537
ELOVL5,6.599085363957338,0.1139091714111188,0.45240060192780224,0.25178828437831596,0.8012047133565905,0.9982547051643537
ZNF451,2.31867199547034,0.18827877504890786,0.7121403652872299,0.2643843604806319,0.7914837614454382,0.9982547051643537
PRIM2,0.7894333563059274,-0.3013755081305236,0.8292577285677759,-0.3634280366021237,0.7162851612825019,0.9982547051643537
PTP4A1,5.455275325933826,0.2785039337063371,0.4776639878139778,0.5830540731799905,0.5598568995713149,0.9982547051643537
PHF3,5.177720323738958,1.2891249683774286,0.4816863210808929,2.676274811966141,0.007444557486133218,0.9982547051643537
LMBRD1,3.0567066932880644,0.6256489146557926,0.5919628818835068,1.0569056503426426,0.29055464946352416,0.9982547051643537
SMAP1,3.8829031196529735,0.5713876647297609,0.579116054723243,0.986654851077863,0.3238118705796137,0.9982547051643537
MB21D1,1.3661357764486477,-0.02969677905425837,0.7395790219573495,-0.04015362547150634,0.9679706493003712,0.9982547051643537
MTO1,1.3987911784786393,0.09955925016645456,0.6974739793233835,0.14274260132691483,0.8864934702069623,0.9982547051643537
EEF1A1,510.54630914653325,0.11239681731653017,0.328388253782024,0.34226808060904756,0.7321491545242853,0.9982547051643537
COX7A2,25.773098225496376,-0.4501071421143794,0.33660757721550555,-1.33718660119825,0.18116173440423344,0.9982547051643537
TMEM30A,2.3563616727437138,0.4654520139107754,0.6645704029698903,0.7003802935410947,0.4836898397523922,0.9982547051643537
SENP6,3.5422886837147827,-0.0772700706376701,0.5337573960530726,-0.14476627623158403,0.8848954093509771,0.9982547051643537
PHIP,4.169903838063782,0.01014494229146619,0.5226063311326083,0.01941220702297992,0.984512272447854,0.9982547051643537
HMGN3,8.75682333720349,-0.2667642544273092,0.4077913830944021,-0.6541684436857126,0.5130032896774457,0.9982547051643537
IBTK,1.949499553041802,0.06938097511592799,0.7209238335560155,0.09623898099428989,0.9233307721257078,0.9982547051643537
CYB5R4,2.2783009146885287,0.012634059007824272,0.6317973201745896,0.019997012656421214,0.9840457556449231,0.9982547051643537
SNX14,2.157372210694698,0.4239543564969491,0.6624456585649919,0.6399835986778609,0.5221832623435033,0.9982547051643537
SYNCRIP,3.5735788415260332,0.009294981870829583,0.5385347310579475,0.01725976308448976,0.9862293852248611,0.9982547051643537
ZNF292,4.223512801001309,0.21642110763881944,0.5089695353409686,0.42521426649599914,0.6706804850617426,0.9982547051643537
ORC3,1.396630520837158,-1.128437660245782,0.7701940639028304,-1.4651341955657404,0.14288430868421634,0.9982547051643537
AKIRIN2,7.3893843724602934,-0.013317997641223805,0.49966522282168335,-0.026653841478130307,0.9787358292027711,0.9982547051643537
PNRC1,23.713950875728262,0.10101258138611345,0.45038712361878985,0.22427946113222155,0.8225398567963991,0.9982547051643537
UBE2J1,4.425976850247273,0.21904682923941537,0.5943614739303583,0.36854143286057134,0.712469556788508,0.9982547051643537
LYRM2,3.16644404540606,1.039916897588085,0.6080322229002487,1.7102989914379745,0.08721059820192868,0.9982547051643537
CASP8AP2,1.9505986378106908,0.7234462211764684,0.6659483247302209,1.0863398770010273,0.27732865067057455,0.9982547051643537
MAP3K7,1.497086438330544,0.578894596949764,0.6487724203226722,0.8922922411865876,0.3722363118858545,0.9982547051643537
RNF146,2.110917601293773,0.09475163390311986,0.6227608963091197,0.15214769338389547,0.8790704481698975,0.9982547051643537
MANEA,0.9538317314990357,-0.7039667316148559,0.908512896841079,-0.7748560687058653,0.4384247137254401,0.9982547051643537
UFL1,2.6272509258664885,-0.4071567892738342,0.6856271392469601,-0.5938457887198336,0.5526152604797954,0.9982547051643537
NDUFAF4,2.617549614734895,0.2960034661352974,0.6496062711381936,0.45566596150105093,0.6486302025089448,0.9982547051643537
PNISR,17.862967227218242,-0.28742179294162395,0.4844094985265751,-0.5933446677157916,0.5529505111730568,0.9982547051643537
CCNC,1.8145207849885938,0.3039877902261458,0.599609236698123,0.5069764967266345,0.6121713098182542,0.9982547051643537
ASCC3,2.6508666167124084,0.9212861921499227,0.6319775351497817,1.4577831345406502,0.14490032844062542,0.9982547051643537
ATG5,4.2344684017790595,0.9360243831966736,0.5463600400466248,1.7132006636444277,0.08667562959789091,0.9982547051643537
AIM1,7.074605386230383,-1.1529004668430216,0.5026759704482626,-2.293526117460756,0.02181773348950222,0.9982547051643537
SCML4,10.263768394140842,-0.7777395577931053,0.5506477320718639,-1.4124085372453765,0.1578297041616129,0.9982547051643537
SEC63,4.162337829680321,0.1253683583633128,0.5748356046042525,0.21809428184188948,0.8273556526052616,0.9982547051643537
OSTM1,1.967853580523909,0.7293231307054233,0.5860551987175537,1.2444614983390274,0.2133297611028273,0.9982547051643537
SNX3,8.992007592955716,0.16869930051989115,0.4369741057043099,0.3860624652986784,0.6994504073194088,0.9982547051643537
SESN1,1.4359730354299087,1.2288122576745508,0.8516934923561282,1.442786951764959,0.1490804959489193,0.9982547051643537
CD164,11.40601172374211,0.5026979946917836,0.3748003921590259,1.3412419122509651,0.17984192257683151,0.9982547051643537
MICAL1,1.9427855005518766,0.4153158275298351,0.7552678271590934,0.5498921211724684,0.5823933685336894,0.9982547051643537
HEBP2,1.3877453068844205,-0.12013259954443688,0.689148234815614,-0.1743204052123548,0.8616136637119564,0.9982547051643537
CDC40,3.970805322697526,-0.17134160690014538,0.5125451276392861,-0.33429565058850874,0.7381564721719813,0.9982547051643537
AMD1,7.817581860805619,0.27733967141289784,0.5319581834605933,0.5213561517348906,0.6021186911367873,0.9982547051643537
GTF3C6,4.382818484252968,-0.6110083478895351,0.5108124044194216,-1.1961501768618834,0.23163795966699696,0.9982547051643537
RPF2,0.8842846123721876,-0.3748424480847576,0.8549399420371218,-0.4384430176365322,0.6610651684732908,0.9982547051643537
REV3L,2.2231612779485985,-0.16114037370574572,0.714626423205792,-0.22548896664480303,0.8215989077192634,0.9982547051643537
FYN,13.09599283881906,-0.780450417313256,0.4972881846606516,-1.569412749763668,0.11655179513364812,0.9982547051643537
HDAC2,2.2167002703176832,0.9421386037374688,0.5740488854901559,1.6412166760554143,0.10075244527760842,0.9982547051643537
NT5DC1,2.103888050960895,0.19897436110239494,0.66735933342201,0.2981517619332851,0.7655873366931992,0.9982547051643537
RWDD1,6.920812514143401,0.03186716929927239,0.42945025082631394,0.07420456557646928,0.9408476130645446,0.9982547051643537
GOPC,2.440018948518287,0.6047374786393684,0.6338057106581958,0.9541369988783465,0.34001429987766263,0.9982547051643537
CEP85L,2.6273682997182823,0.127891647870674,0.5649428187431706,0.22637980982782432,0.8209060297778469,0.9982547051643537
ASF1A,3.4573391959869917,0.07482760106148639,0.5318922532192979,0.14068187797169357,0.8881212619851284,0.9982547051643537
SERINC1,4.514270202269328,0.014439674864743854,0.5252312296742014,0.027492034077449504,0.9780672933329205,0.9982547051643537
HDDC2,2.8888644412306332,0.7088015531725338,0.5443805320779954,1.302033249548647,0.19290501960682682,0.9982547051643537
NCOA7,3.552034185260705,0.06610966588505883,0.5181539990697346,0.1275869066025709,0.8984758934584125,0.9982547051643537
GINM1,2.2044058089083016,0.05490290936750357,0.6589334511113862,0.08332087143990323,0.9335964049873015,0.9982547051643537
ECHDC1,3.2964532136515765,0.6486169957975284,0.5141971156458077,1.2614170248366632,0.20715863764999276,0.9982547051643537
THEMIS,5.488438808311374,0.564880478585332,0.45619494238704233,1.238243623722771,0.2156257406610137,0.9982547051643537
ARHGAP18,4.310099411326577,-0.5308334354195481,0.5855609882560139,-0.9065382531724632,0.3646510271970448,0.9982547051643537
SAMD3,9.587489035455103,-0.01876589252693065,0.3755979774579119,-0.04996270920823445,0.9601521049290136,0.9982547051643537
AKAP7,2.2978662512076267,0.0424300864055962,0.5861180949232694,0.07239170189951372,0.942290188394617,0.9982547051643537
STX7,1.7260921892154555,0.3209017209069744,0.6625570507400305,0.4843382476249393,0.6281458359760828,0.9982547051643537
VNN2,1.2884975512734125,-0.1665352684053238,0.7451497538298858,-0.2234923484163735,0.8231523376202858,0.9982547051643537
RPS12,444.0690943359183,-0.021915352163676117,0.25748926940624167,-0.08511171053540174,0.9321725804299538,0.9982547051643537
TBPL1,5.089243091369694,0.24550350695193332,0.5185372678581562,0.47345392929229113,0.6358893622882327,0.9982547051643537
HBS1L,2.0454778953622674,-0.46492763328107334,0.6110956947383817,-0.7608098654337847,0.44677064101546016,0.9982547051643537
AHI1,2.8239288072245414,-0.6928532352954437,0.6103545085180594,-1.1351652615423309,0.2563060816349204,0.9982547051643537
BCLAF1,9.891105268759805,-0.26735129021184056,0.44758260631208724,-0.5973227878864974,0.5502918930459,0.9982547051643537
IFNGR1,3.651869469977613,-0.570562027206025,0.5703738129493247,-1.000329984042793,0.31715084125514836,0.9982547051643537
TNFAIP3,43.26477183031879,0.22535695442518808,0.392179209151156,0.5746274895932325,0.5655432564534908,0.9982547051643537
PERP,3.4226959263972505,0.27332874458525364,0.5853219527713581,0.46697162696718963,0.6405201778489557,0.9982547051643537
WTAP,6.352930793269804,0.1640617967147447,0.44806170676532825,0.36615893355214096,0.7142464837221004,0.9982547051643537
CCDC28A,1.792519337556731,-0.28927287379438055,0.6341982314367673,-0.4561237472060382,0.6483009945112302,0.9982547051643537
ABRACL,15.657511350516074,-0.03170178173300541,0.34442020284405317,-0.09204390878127253,0.9266631534759037,0.9982547051643537
HECA,2.83001723545258,-0.13594347995125144,0.6073090456146827,-0.22384563663736876,0.8228774179499393,0.9982547051643537
CITED2,15.005319095854574,0.5776240376588575,0.5804708919957996,0.9950956122413754,0.3196897644846176,0.9982547051643537
VTA1,1.7254509198727135,-0.3877608671207985,0.7218965332308589,-0.5371418884439975,0.5911696082017717,0.9982547051643537
PEX3,1.4877382325601498,0.48253017150751015,0.6962134835169989,0.6930778890836127,0.4882606727448814,0.9982547051643537
FUCA2,1.8689294721562892,-0.6244909802530331,0.7490861267557078,-0.8336704658484381,0.4044667053105572,0.9982547051643537
PHACTR2,1.3085968858793413,-0.6413165624636853,0.7685757714105761,-0.8344220392046311,0.40404320219024714,0.9982547051643537
LTV1,1.420187819912816,-1.1020297332093552,0.7701877994147678,-1.4308584660088612,0.1524707827178066,0.9982547051643537
SF3B5,12.118833972362262,-0.36541360858,0.3774846525036659,-0.9680224246373866,0.3330331704590791,0.9982547051643537
STX11,2.790623754257717,-0.5116067538883293,0.6870838721122647,-0.7446059711975546,0.45650995710638886,0.9982547051643537
UTRN,5.049602355860949,0.4164139055581462,0.48723737281216234,0.8546427856195676,0.39274893361221364,0.9982547051643537
SHPRH,1.3860320030214663,-0.2315450605749762,0.7218696541083559,-0.3207574376581568,0.748394216199805,0.9982547051643537
TAB2,2.0134159993044083,-0.1753545886976668,0.6554565312840933,-0.2675304620950725,0.7890607632538424,0.9982547051643537
PPIL4,3.790971603822268,0.178934308283176,0.5025603412678071,0.35604542099716635,0.7218065499955388,0.9982547051643537
MAD1L1,2.8767467017681887,0.0719863576964369,0.7236026175158304,0.0994832743192254,0.9207545671773772,0.9982547051643537
KATNA1,2.619345102352054,-0.47549517387003387,0.7199884633746091,-0.6604205456867638,0.5089839910231124,0.9982547051643537
LATS1,1.5658102256445632,1.0502921566114247,0.6721207104350921,1.5626540594642981,0.1181339855529096,0.9982547051643537
PCMT1,5.393594285791869,-0.1539099098498531,0.45283787537872866,-0.33987861488205096,0.7339479418296779,0.9982547051643537
SYNE1,3.889570133383308,-0.39193748104359677,0.5940540685920956,-0.6597673541273542,0.5094031360830367,0.9982547051643537
MTRF1L,1.0066141910756081,0.9314209693678955,0.7622541865881328,1.2219296210585042,0.22173424275241005,0.9982547051643537
IPCEF1,4.0090464355699735,-0.9917937455944972,0.7459665045978585,-1.3295419291368333,0.18366924220617376,0.9982547051643537
SCAF8,1.48748004763785,0.8878578359837452,0.7282349116514996,1.219191529791192,0.22277150605092988,0.9982547051643537
ARID1B,1.1095463482965668,-0.25143244666478076,0.7418634931797848,-0.3389200964547909,0.7346699247189711,0.9982547051643537
TMEM242,1.5041330193411517,1.0357944329235909,0.6529442586944666,1.5863443458322404,0.11266121783734828,0.9982547051643537
GTF2H5,4.679545446969404,0.17449485396851475,0.46472366463081594,0.3754808873508439,0.7073028580915964,0.9982547051643537
DYNLT1,8.50130646161883,-0.8325387725742386,0.4446386878464422,-1.8723939129241025,0.06115212655378414,0.9982547051643537
SYTL3,11.791178090557136,-1.4236974682610102,0.6777458072542698,-2.1006363344817887,0.035672901956046534,0.9982547051643537
EZR,22.84706126983559,-0.41257841814472695,0.41890362852587565,-0.9849005595788054,0.3246729184932666,0.9982547051643537
TAGAP,17.570927441268058,0.6149247571168084,0.39341626990947426,1.5630384509982358,0.11804355102862898,0.9982547051643537
SOD2,3.8741868298925293,0.17930287602416076,0.5100366131197162,0.3515490288578061,0.7251764969395258,0.9982547051643537
NDUFA4,28.755783659521605,-0.34414711025032413,0.2975402843974199,-1.1566403888713508,0.2474193137317784,0.9982547051643537
ACAT2,2.3047599762364785,-0.7580562265937143,0.7030447132545363,-1.0782475314898798,0.2809233052396055,0.9982547051643537
TCP1,6.009096613988911,0.4467035063962131,0.4281083522121078,1.0434356257896418,0.2967465808399887,0.9982547051643537
MRPL18,5.414254497400767,0.08614654068755907,0.4484143585335404,0.19211369807444623,0.8476531452562055,0.9982547051643537
IGF2R,0.9093320402465989,0.5449514997070185,0.9027984438606508,0.6036247663173123,0.5460931431738378,0.9982547051643537
MAP3K4,1.539763467122835,0.742282865617494,0.6932016940803201,1.0708035943309264,0.284257750439054,0.9982547051643537
SFT2D1,5.023808781660868,0.1384352682176693,0.5855211049585418,0.23643087677850877,0.813098339038908,0.9982547051643537
MPC1,4.20754050855673,-0.13700158892067799,0.5029831513232951,-0.2723780877356257,0.7853313194409164,0.9982547051643537
RNASET2,5.706079397475217,0.3854467696371753,0.48211986779410343,0.7994832724914505,0.42401024223041817,0.9982547051643537
ERMARD,1.214020485364731,-0.5409772017118166,0.8535268901203241,-0.6338138938253645,0.5262022847840013,0.9982547051643537
PSMB1,15.12091327975696,-0.23132309907790868,0.4204420993887814,-0.5501901436944472,0.5821889631735317,0.9982547051643537
PDCD2,3.946921089809869,0.303552558720872,0.5343733836982962,0.5680532900423345,0.569998783432162,0.9982547051643537
COX19,2.77015996874742,-0.41961278555902304,0.529825686789217,-0.7919827143563153,0.42837075529106194,0.9982547051643537
C7orf50,3.87734448955923,0.17572525204452838,0.634469414714079,0.2769641025544442,0.7818076702743937,0.9982547051643537
ZFAND2A,5.533225960999026,0.6664724142450906,0.7073824378750365,0.9421670351997445,0.34610712826795553,0.9982547051643537
PSMG3,1.5361779733277985,0.6081273101455796,0.6666588842469292,0.9122016139221365,0.3616625945068034,0.9982547051643537
TAX1BP1,11.257784005628404,0.1424502445821797,0.3709039517317941,0.3840623533857291,0.700932233319758,0.9982547051643537
NUDT1,2.2685705075809097,-0.2951425128827555,0.6032992611626277,-0.489214112932911,0.6246901189988856,0.9982547051643537
CHST12,6.342986473530685,0.3447129499940106,0.5135884607766215,0.671185153717733,0.5021025852342182,0.9982547051643537
WIPI2,2.039295296717521,0.3849415380392339,0.6508929223339717,0.5914053215679633,0.554248875623796,0.9982547051643537
ACTB,511.39468153045175,0.06559954969493818,0.4362011630147397,0.15038829617407853,0.8804582745587297,0.9982547051643537
RNF216,2.3574321734601087,0.26989506500006466,0.5749597232269187,0.46941560268830435,0.6387725979258999,0.9982547051643537
EIF2AK1,1.7704277728973794,0.8136527393043491,0.6139182736405884,1.3253437374967163,0.1850571686132646,0.9982547051643537
USP42,2.101839725229643,-0.1642652382451982,0.7702317349600272,-0.2132672944899149,0.8311184819393835,0.9982547051643537
RAC1,10.441104229527749,0.47866962203414126,0.4082280898128321,1.172554348853372,0.24097456530737693,0.9982547051643537
KDELR2,4.777215590631342,-0.10971434926344843,0.5004233785488506,-0.21924305291571883,0.8264607198152801,0.9982547051643537
ZDHHC4,1.2082369569014284,0.525073051313424,0.7270946297193851,0.7221522891952464,0.47020085294051894,0.9982547051643537
ZNF12,0.5637382282711964,0.14563469988349395,0.927890125864881,0.15695252683904648,0.8752822623795133,0.9982547051643537
C1GALT1,2.4969938335867474,-0.09271571130084758,0.7399971951370136,-0.1252919766590208,0.9002924038304734,0.9982547051643537
RPA3,5.800249109876138,-0.49330133069364135,0.47750136542603316,-1.0330888378790524,0.30156232647006354,0.9982547051643537
UMAD1,1.3420750070190455,1.3069708562515387,0.8233039847562978,1.5874705824950048,0.11240610446485232,0.9982547051643537
GLCCI1,2.5482009622431434,-0.9478609354106895,0.7039298065979791,-1.346527631769998,0.17813241527892598,0.9982547051643537
COA1,3.3049405353545223,0.05298828002190479,0.6326136113703833,0.08376089143437851,0.9332465428205013,0.9982547051643537
PHF14,4.27869851579901,0.1321087605250579,0.5586695196674639,0.23647032077871874,0.8130677348725783,0.9982547051643537
TMEM106B,2.4170031391936213,0.3373231236947831,0.6147137945487042,0.5487482576219571,0.5831782236730021,0.9982547051643537
ARL4A,4.374631297037147,-0.3746048283304371,0.5693271370462091,-0.6579781709931605,0.5105521580067042,0.9982547051643537
TWISTNB,1.5677869987784745,-0.06210900475583954,0.682164544501264,-0.09104695524926165,0.927455281071422,0.9982547051643537
TOMM7,40.90996714306808,-0.08618362948625248,0.27382206117189634,-0.31474319168224096,0.7529566474276101,0.9982547051643537
FAM126A,1.349032588848639,-0.33582809059466423,0.7206816499688644,-0.4659867371524903,0.6412249939884467,0.9982547051643537
KLHL7,1.1632855693261939,0.07772623082220434,0.8403615148882984,0.09249142118619721,0.9263076069070924,0.9982547051643537
NUPL2,1.8274114736907678,0.1581066187780266,0.635297428287137,0.2488702326472613,0.8034611618725975,0.9982547051643537
MALSU1,1.7366170241409438,0.6069460147692478,0.6467761070890962,0.9384174958176654,0.34802989817859675,0.9982547051643537
TRA2A,7.164162960765299,-0.3452089679102536,0.43357091140909865,-0.7961995577340045,0.425916054587373,0.9982547051643537
CYCS,16.085398522249456,-0.4314510899768387,0.4684650701684038,-0.920988815285077,0.3570562665009517,0.9982547051643537
HNRNPA2B1,45.05336968677325,-0.08222709221399191,0.23848872412000272,-0.3447839830474203,0.7302567752567435,0.9982547051643537
CBX3,7.332344141219252,-0.18194270134432156,0.4329663364553672,-0.4202236664260324,0.6743220673791316,0.9982547051643537
SNX10,1.8046181893992703,0.2051971803762255,0.6193355873644356,0.3313182458147385,0.740404110709769,0.9982547051643537
HIBADH,1.1856273190671167,0.5774843564284109,0.8971733637138884,0.6436708665066572,0.5197888855776462,0.9982547051643537
GBAS,1.7041056283308886,0.09765659837406158,0.6253828561560797,0.1561549016138827,0.8759109238651916,0.9982547051643537
JAZF1,2.215967687839076,0.2895630493556457,0.7184503279483252,0.40303837035268586,0.6869199974195019,0.9982547051643537
LSM5,5.0237866512372795,0.09390968654323126,0.47541857190023445,0.19753053854811964,0.8434123858886968,0.9982547051643537
KBTBD2,1.1884644565059599,-0.05543331749600659,0.7239166125281488,-0.07657417516972802,0.9389623038459582,0.9982547051643537
NT5C3A,5.34336504607669,-0.5414468103020347,0.5498331952074818,-0.9847474016146252,0.3247481627324771,0.9982547051643537
HERPUD2,6.221958694260604,0.2869278885481321,0.5340790498186706,0.5372386141069365,0.59110280167924,0.9982547051643537
SEPT7,23.854142056516164,-0.011959390772734632,0.3800214313302698,-0.031470306111080724,0.9748944727013318,0.9982547051643537
AOAH,6.607097443278795,-0.11400831658782291,0.46751421084421485,-0.24386064411165628,0.8073387505426426,0.9982547051643537
ELMO1,1.8737737872737212,-0.9332580497499811,0.7249766773737429,-1.2872938935508185,0.19799187114604488,0.9982547051643537
STARD3NL,4.8539612598946436,0.357380785308979,0.5615694123041324,0.6363964587078156,0.5245180484704699,0.9982547051643537
TRG-AS1,7.551356618913766,0.3504224789145019,0.5302865429495255,0.6608172196213101,0.5087295384134036,0.9982547051643537
VPS41,1.6387804467428293,-0.21220269734754615,0.7141150598021238,-0.29715477139824786,0.7663483502350423,0.9982547051643537
RALA,3.4486831281099737,-0.48717424935045694,0.5378064164231533,-0.9058542897099645,0.3650129812584143,0.9982547051643537
MPLKIP,4.193294656820396,0.5035583760819031,0.6694821636150877,0.7521610036072883,0.45195424176110666,0.9982547051643537
MRPL32,2.813640364680921,0.8709057125278912,0.5158292146014817,1.6883605811290348,0.09134203251000451,0.9982547051643537
STK17A,20.884951362029888,0.23074994656345435,0.3569043870929344,0.6465315499284388,0.5179351715320117,0.9982547051643537
HIP1,1.4683213199955198,-0.9717926862520165,0.800764083819166,-1.2135817600823784,0.22490747569579994,0.9982547051643537
BLVRA,1.5353009141701828,-0.48070556904321976,0.7217255175257014,-0.6660503991756137,0.5053788868029365,0.9982547051643537
DBNL,3.881641427878299,0.01713225956162553,0.499089358446272,0.034327038378378597,0.9726163640630434,0.9982547051643537
YKT6,0.9115893234077622,0.2728081770318446,0.8197310459948476,0.3328020554604679,0.739283706569934,0.9982547051643537
NUDCD3,1.2951384912474382,0.1711064759366751,0.7051140643240142,0.24266495960580953,0.80826495434979,0.9982547051643537
TMED4,5.765696268807003,-0.2721737539907896,0.5083169848187873,-0.535440998667039,0.5923449462626654,0.9982547051643537
PPIA,59.40641790360343,0.18652175595665196,0.30943436610523783,0.6027829368287309,0.5466530994326457,0.9982547051643537
H2AFV,9.999666175848551,0.2936575877173758,0.4264275989106886,0.6886458298372937,0.4910461730006901,0.9982547051643537
MYO1G,4.707720089980426,0.43325369750925213,0.5363498702382575,0.8077818632020775,0.41921616768557735,0.9982547051643537
SNHG15,3.863575475458173,0.662925599587519,0.5125520133897487,1.293382100293156,0.19587893782801324,0.9982547051643537
CCM2,2.659971145943921,0.6571055073564676,0.5904163133715009,1.1129528308663188,0.26572868830642826,0.9982547051643537
HUS1,1.2703538182909122,0.2542008652563898,0.7012200270316842,0.36251227212154896,0.7169692544819715,0.9982547051643537
UPP1,3.822221384335983,0.3791409208814928,0.5527341835784468,0.6859371686167537,0.4927527304979159,0.9982547051643537
IKZF1,9.379189047979091,-0.8089848926898494,0.473909854602721,-1.7070438287636414,0.08781390631377341,0.9982547051643537
SEC61G,13.920104652192778,0.0060467174884640245,0.3997845981905721,0.015124938568998181,0.9879325051353887,0.9982547051643537
VOPP1,4.467188920989748,0.21217647620726351,0.5265535150399273,0.40295329942137914,0.6869825802658213,0.9982547051643537
RBM48,2.0339238050357418,-1.1137475884763057,0.7791707218692513,-1.4294012303290808,0.15288894500269062,0.9982547051643537
CCT6A,4.667037042653967,0.3792916028641071,0.49213066114545906,0.7707132125872562,0.44087693864425614,0.9982547051643537
SUMF2,2.9931689002642305,-0.11345449913045397,0.5360145011668812,-0.2116631152393606,0.8323698658516965,0.9982547051643537
CHCHD2,32.44829111749464,0.3922897424374971,0.4433563946389628,0.884818054235914,0.37625477040607536,0.9982547051643537
ZNF138,0.801720868194949,0.5195454546558504,0.8445054624329111,0.6152067426054381,0.5384181955093892,0.9982547051643537
GUSB,1.8527895035682238,0.30911536939893547,0.6368154440464068,0.4854080916046522,0.6273868937021774,0.9982547051643537
TMEM248,4.426016812968146,-0.038527664637585966,0.4956087968611486,-0.0777380564703334,0.9380364210042473,0.9982547051643537
SBDS,7.753291246233898,-0.06597009734342577,0.4918115756189602,-0.13413693498450163,0.893294293649805,0.9982547051643537
TYW1,1.841395778922001,0.33620867666517834,0.8397243484936056,0.4003798118612474,0.6888767913003654,0.9982547051643537
NSUN5,2.3257020720636876,-0.3229806813804017,0.7350230999177542,-0.43941568831856004,0.6603603609875283,0.9982547051643537
BAZ1B,3.0951119207679008,0.7924765033790865,0.5917946710921774,1.3391071972928448,0.18053577777290997,0.9982547051643537
BCL7B,3.3261533330304998,0.8667462287938666,0.5797343014962144,1.495074944775415,0.13489488400088342,0.9982547051643537
WBSCR22,3.5363931219645326,-0.4928894401603784,0.5246020525934699,-0.9395492025311106,0.34744884288957034,0.9982547051643537
EIF4H,4.085777453888637,0.22315033908866927,0.47480333285762294,0.46998477821465573,0.6383658928184535,0.9982547051643537
GTF2I,3.3509818637784554,-0.6361515498471471,0.5107489437744263,-1.245526902407272,0.2129381329472555,0.9982547051643537
NCF1,6.879479094444075,0.43277815145159043,0.6856393115465292,0.6312038183391429,0.5279072656585366,0.9982547051643537
COPS6,5.259221080222653,0.23480845429527475,0.5183550588862578,0.45298767759648423,0.650557614635324,0.9982547051643537
RHBDD2,3.247772316354936,0.6915074452711609,0.6705496954359098,1.0312545810965241,0.30242145118092045,0.9982547051643537
TMEM120A,2.2070049892931993,-0.06427783517966766,0.6840094474096812,-0.09397214530162627,0.9251312836274012,0.9982547051643537
MDH2,9.840583408643736,0.10485176980880588,0.42722232228080814,0.24542671190268017,0.8061260482458776,0.9982547051643537
HSPB1,17.92870676923077,0.047981243879723516,0.5650555364942391,0.0849142089243341,0.932329595499591,0.9982547051643537
YWHAG,2.1756288593595507,-0.373156025495696,0.6031154620793905,-0.6187140754262009,0.5361047357734605,0.9982547051643537
RSBN1L,5.095689229245002,0.3186293599979133,0.569943258493368,0.5590545291126046,0.5761245060858755,0.9982547051643537
PHTF2,2.977700669719496,0.8906288805558814,0.8131697304382568,1.095255820793868,0.2734045766150218,0.9982547051643537
DMTF1,3.129194347862174,-0.1920559610782005,0.5854977854197758,-0.328021669527759,0.7428952783798826,0.9982547051643537
TMEM243,4.644866875417846,0.06996591765876432,0.5066308634612398,0.13810038571429653,0.8901610809420875,0.9982547051643537
TP53TG1,2.6156125476705476,-0.14594958381108655,0.7595779029753202,-0.19214564199325934,0.8476281238033659,0.9982547051643537
DBF4,2.2469308965013908,0.3092677258679111,0.5771983499095878,0.5358084026337822,0.5920909743444014,0.9982547051643537
SRI,7.953649624611153,-0.05992066800947551,0.4081608319468696,-0.14680651184402574,0.8832847446706225,0.9982547051643537
AKAP9,8.473319072679088,-0.13722345778619832,0.4423769905696445,-0.3101957396326084,0.7564121101389246,0.9982547051643537
KRIT1,1.7186855396776661,-0.32031965982860167,0.6560058895413735,-0.4882877805449939,0.6253460154953047,0.9982547051643537
ANKIB1,2.036246644263381,-0.25824186235850616,0.6720351617377387,-0.3842683791882974,0.700779541972193,0.9982547051643537
POLR2J3,5.6705744830630085,-0.5364174446983873,0.7928578288608003,-0.6765619574812378,0.4986839230274487,0.9982547051643537
FAM133B,7.051757751821574,-0.7571026628230069,0.5836560047878733,-1.2971727466389587,0.1945717556705503,0.9982547051643537
CDK6,2.702728638623388,0.17767649569796504,0.7014888158536174,0.2532848588352142,0.8000480956207557,0.9982547051643537
SAMD9,5.394696873515885,0.26092936821428175,0.6325971642264464,0.4124731866816885,0.679992629861798,0.9982547051643537
SAMD9L,4.094601391577351,0.6796666331444339,0.7134516452006219,0.9526456876461646,0.340769620365031,0.9982547051643537
SHFM1,11.798853472798655,-0.6322869345613725,0.4277543462646038,-1.4781543193724729,0.13936647764786825,0.9982547051643537
SDHAF3,1.492582493472973,0.23306238794950584,0.6809619525991362,0.342254640013204,0.732159268486793,0.9982547051643537
ARPC1A,3.160627958135671,0.0556523660266577,0.5553905515232497,0.10020402016927,0.920182354447482,0.9982547051643537
ARPC1B,18.888410377540612,0.08994664032568607,0.5310853213007324,0.169363822945415,0.8655104775007119,0.9982547051643537
PDAP1,4.3297504628824255,0.6038109052151713,0.5920547877707978,1.019856468839037,0.30779653737713397,0.9982547051643537
BUD31,7.832954265254949,0.07182537399936288,0.4510425107653066,0.15924302540240196,0.8734774069611653,0.9982547051643537
ATP5J2,12.924034751054482,-0.3166137544859045,0.3957850465927553,-0.799963912764207,0.42373170580334485,0.9982547051643537
ZNF394,3.196644828454617,-0.35772973916832773,0.5746730973405277,-0.6224925802579405,0.5336180211260869,0.9982547051643537
ZNF655,2.7691198378599493,-0.5234389433593043,0.5894284448759687,-0.8880449321875697,0.37451658230459406,0.9982547051643537
TRIM4,1.808126913718586,0.5953635051178732,0.6484366170551178,0.9181521978535438,0.35853919067894147,0.9982547051643537
ZKSCAN1,1.447537964264813,-0.3193713440703699,0.6932775787854928,-0.46066879103440134,0.6450362491524331,0.9982547051643537
THAP5,1.0498486459359042,-0.20918989004188449,0.7307881199934103,-0.28625245035971686,0.7746847740382526,0.9982547051643537
LAMTOR4,11.64313833342941,-0.03314657395191173,0.3559508726250893,-0.09312120436019794,0.9258072719856715,0.9982547051643537
PILRB,2.7172303106274454,-0.11627149098861424,0.6481335760056154,-0.17939433365755283,0.857628080304161,0.9982547051643537
TSC22D4,6.03409913921132,0.748144119667747,0.5152569477531571,1.4519825941797073,0.14650644504322857,0.9982547051643537
AGFG2,1.1278644443335122,0.5030923013111533,0.7693913511189798,0.6538834893055022,0.5131868719210313,0.9982547051643537
LRCH4,1.7208354952157754,1.0527628062680643,0.7071275692779788,1.488787670014055,0.1365432901733259,0.9982547051643537
MOSPD3,2.052616702122712,0.5481094185139411,0.6471550768389743,0.8469522037765335,0.39702176297176717,0.9982547051643537
GNB2,7.860098435369665,0.18599302569252682,0.5615971626527184,0.3311858357937281,0.7405041184932195,0.9982547051643537
POP7,1.3986325900351848,-0.2168631993314592,0.6834044337594322,-0.31732776174495536,0.7509949142444051,0.9982547051643537
SRRT,3.0554795447150993,-0.04380501339809669,0.565616085093636,-0.07744654820211647,0.938268311841283,0.9982547051643537
TRIM56,2.379536807221674,0.11787677007280935,0.609755628322731,0.19331805168745342,0.8467098897783949,0.9982547051643537
AP1S1,1.4237813028959259,0.25991877578599887,0.6931775494353165,0.3749671004171105,0.7076849345604495,0.9982547051643537
ZNHIT1,6.771311510325478,-0.011833294293615371,0.49778394374537516,-0.023771948537713986,0.9810345155484257,0.9982547051643537
FIS1,9.502720415041827,-0.1080117157644772,0.44175870640030107,-0.244503875531096,0.8068406008056905,0.9982547051643537
ORAI2,1.0440500866296192,-0.7890608016761287,0.7345269960913088,-1.0742434326784647,0.2827135907740458,0.9982547051643537
POLR2J,4.633814289323121,-0.32459422629714607,0.5225674389611815,-0.6211527969335615,0.5344990937491749,0.9982547051643537
TNPO3,1.0739687006876646,-0.2915408287688221,0.7497145293089057,-0.38886911934008705,0.6973729669597982,0.9982547051643537
ARMC10,1.4217596021470649,0.5286860127381037,0.6692145676287685,0.7900097193212628,0.42952209219197934,0.9982547051643537
PMPCB,3.6694595996660695,-0.13867341018016538,0.5066690875176951,-0.27369621237317404,0.7843180887447126,0.9982547051643537
PSMC2,3.3280822669905485,-0.4608605174963045,0.6953752206694009,-0.6627508484594239,0.507490137695916,0.9982547051643537
KMT2E-AS1,1.1812762980428075,0.5840387563530884,0.7525993272766842,0.7760288046847715,0.4377319784837336,0.9982547051643537
KMT2E,16.98864420497828,-0.08095573214734753,0.36236560414141095,-0.223408985902964,0.8232172113185225,0.9982547051643537
SRPK2,2.943853031993863,-0.3367263163124759,0.5363714682003462,-0.6277856602668906,0.5301443611539753,0.9982547051643537
ATXN7L1,1.209422240939306,0.12530046182576793,0.7462171624620194,0.1679142053130484,0.8666507745791574,0.9982547051643537
SYPL1,5.390504733649599,-0.28138479924189475,0.4887019529722772,-0.5757799769993082,0.5647639091412172,0.9982547051643537
NAMPT,6.935087500007213,-0.20545599624575978,0.6033850368897301,-0.34050562026666115,0.7334757910311664,0.9982547051643537
HBP1,5.809686883100803,-0.3775008984498825,0.4457497161526923,-0.8468898235272659,0.39705653522517026,0.9982547051643537
COG5,1.9748735350947833,0.6707494452380223,0.6480754798003353,1.0349866121222062,0.30067516351801293,0.9982547051643537
BCAP29,2.5855653393872324,0.6326428808122553,0.5894817923142207,1.0732186965921209,0.283173003888215,0.9982547051643537
CBLL1,1.5439299089634673,-0.09513790142631312,0.7466214134254299,-0.1274245550898805,0.898604382498114,0.9982547051643537
DLD,2.4303688727900874,-0.04484439575679196,0.5764221514777168,-0.0777978355651822,0.9379888682012409,0.9982547051643537
PNPLA8,2.3964748201007957,0.5457168431349239,0.694229715419535,0.7860753163023824,0.4318233642937357,0.9982547051643537
NDUFB2,13.539308014474603,0.13070700458081533,0.4056209997118952,0.3222392446980162,0.7472714558070002,0.9982547051643537
DNAJB9,4.3341260439506994,0.9135993740342686,0.5037524234220168,1.813588047533628,0.06974117196220042,0.9982547051643537
ZNF277,1.9615174620338276,-0.6781847926529286,0.6689724161133338,-1.0137709363162053,0.3106920665516285,0.9982547051643537
IFRD1,6.145854521392478,0.4006946805890591,0.6006878473407025,0.6670597421988299,0.5047339736128271,0.9982547051643537
TMEM168,1.1279784535609279,0.08667241994683669,0.742786203270698,0.11668555442359253,0.9071092379702264,0.9982547051643537
TES,3.1026581711573717,0.0204007832479711,0.5546819932868196,0.03677924197085319,0.9706610253561374,0.9982547051643537
CAPZA2,5.967850974671867,0.4240045374226685,0.4253394961881015,0.9968614276891826,0.31883177665657314,0.9982547051643537
LSM8,10.154735413416327,-0.11489782371352521,0.39883342442664793,-0.28808474083810603,0.7732818727660069,0.9982547051643537
ING3,1.7652043311171455,-0.46437649494550465,0.7042216126016829,-0.6594181244024986,0.5096273066668032,0.9982547051643537
FAM3C,2.013975956175439,-0.10663293520506804,0.6370206946603849,-0.16739320417512857,0.8670606720182552,0.9982547051643537
NDUFA5,6.333282869368384,-0.3821788859841093,0.4333795528351821,-0.8818572161143355,0.3778540259816008,0.9982547051643537
ZNF800,5.248158332577126,0.7583347469665701,0.5678680137013865,1.3354066942839655,0.1817432749712632,0.9982547051643537
ARF5,9.689411997093796,-0.04881847257200001,0.6497840352325904,-0.07513030472428493,0.9401110362729438,0.9982547051643537
SND1,1.5738186264469076,0.25579159746959323,0.7024737251163384,0.36412977215230496,0.7157611057232396,0.9982547051643537
RBM28,1.5437532653089652,0.2978512793445427,0.819898567844566,0.3632782041900193,0.7163970733351213,0.9982547051643537
ATP6V1F,10.806060305623777,-0.15916525766664516,0.3772952007388794,-0.42185868612943517,0.6731281670023701,0.9982547051643537
GIMAP2,4.2162697948376815,-0.6919944604124537,0.5303969655108344,-1.3046727364776345,0.19200430886017616,0.9982547051643537
RP11-138A9.1,4.38532658677785,-0.6692481301951242,0.8676733986310843,-0.7713134126861412,0.44052118411271013,0.9982547051643537
RP11-138A9.2,4.8669866374303705,-1.3865328562164136,0.7460222749212697,-1.8585676364190855,0.06308844801079334,0.9982547051643537
LINC-PINT,12.421456423605232,-0.5364097327090226,0.4988295830806386,-1.075336649836,0.28222403324196643,0.9982547051643537
MKLN1,1.4501998590705096,0.24750005148026066,0.6678356924905777,0.370600215387189,0.7109353216136605,0.9982547051643537
AKR1B1,4.085500089017157,-0.25215177942366357,0.522794240065125,-0.482315527026948,0.6295818188045131,0.9982547051643537
BPGM,2.303550803057665,0.008350498014186478,0.6437278675534989,0.012972093387727207,0.9896500572385801,0.9982547051643537
TMEM140,1.7116303088694305,-0.48324741476605054,0.6434758793268828,-0.7509953834968274,0.4526554341090987,0.9982547051643537
CNOT4,4.685287278778307,-0.7011617166753937,0.5324999555798522,-1.3167357280093697,0.18792722324697964,0.9982547051643537
C7orf73,6.2778291422096615,-0.06934225717598347,0.43300345581154365,-0.16014250289531948,0.8727688207334383,0.9982547051643537
MTPN,3.7391267797357455,-0.463725083794412,0.5213058418251311,-0.8895451510208968,0.3737101688515647,0.9982547051643537
AC090498.1,38.75376977297181,-0.6888631373755716,0.8172326844776319,-0.8429216677939001,0.3992722544030506,0.9982547051643537
CREB3L2,1.9827721937271787,-0.17753070770120133,0.7364071483315618,-0.24107683922327905,0.8094955630805452,0.9982547051643537
ZC3HAV1,8.484038711073822,-0.10530244458018857,0.4729361700415526,-0.2226567796050292,0.8238026417811822,0.9982547051643537
LUC7L2,4.070468473752254,0.16475084819602223,0.48650538642109437,0.33864136512030774,0.7348799170081295,0.9982547051643537
MKRN1,2.610643096568778,0.7946891454282482,0.5530823248173649,1.4368369947288864,0.15076431586136996,0.9982547051643537
PRKX,4.355685329062138,0.2759234673837957,0.49648013107353667,0.555759334793857,0.5783753882934891,0.9982547051643537
BRAF,1.9444931853313803,0.21909911055204512,0.7134551220624538,0.30709585477314133,0.7587704127784601,0.9982547051643537
MRPS33,2.1407901832399188,0.011589334342396706,0.650298847095612,0.017821551420792774,0.9857812119418625,0.9982547051643537
SSBP1,9.034521497915852,0.1114375204737925,0.39937737619010255,0.27902812507023067,0.7802232409096068,0.9982547051643537
GSTK1,23.59910327825017,-0.05619387784757255,0.32189770901393927,-0.17457060511461783,0.861417047584713,0.9982547051643537
ZYX,12.23767772254473,0.286288604946443,0.6137914771978822,0.4664264910510406,0.6409102531432689,0.9982547051643537
EPHA1,1.562234554293754,0.18673614700523614,0.8054218258498884,0.23184887845346192,0.8166553917003342,0.9982547051643537
EPHA1-AS1,1.822350214008264,-0.7103292650309505,0.7299161608382095,-0.9731655539935352,0.3304710276176338,0.9982547051643537
TCAF2,1.3767365506883256,-1.3175380266228225,0.8821790645676321,-1.493504073652627,0.13530528872516273,0.9982547051643537
TPK1,1.0336592208319872,-0.12164749611133356,0.8302941793022309,-0.14651131989575625,0.8835177543608931,0.9982547051643537
CUL1,2.151580233818476,-0.24281343421194318,0.7280211993207555,-0.3335252248677489,0.7387378517031151,0.9982547051643537
PDIA4,2.479100297709454,0.1974533990039093,0.6153901138188422,0.320858906521263,0.7483173165217991,0.9982547051643537
ATP6V0E2,3.2290611354522234,1.5142604839557796,0.6275194198095284,2.413089437798442,0.01581793753508217,0.9982547051643537
GIMAP7,15.294285592198323,-0.5271326200463038,0.4209305262814933,-1.2523031406227565,0.21045942492572767,0.9982547051643537
GIMAP4,13.573777737993652,0.14291009204812982,0.47759901597851007,0.29922610237237207,0.7647675343456011,0.9982547051643537
GIMAP6,2.4209913198734685,0.716064140911941,0.6800831175122363,1.052906802820403,0.292383707955598,0.9982547051643537
EIF1AX,9.787469660647393,-0.26022781446764054,0.3851461842534689,-0.6756598536008909,0.4992566306509182,0.9982547051643537
GIMAP1,2.6106478252240692,-0.08672615102587553,0.6874695240432004,-0.12615272094654437,0.8996110354992866,0.9982547051643537
FASTK,2.7763631433534584,0.9157512621539311,0.6125686263755317,1.4949366042010368,0.13493098808854526,0.9982547051643537
TMUB1,2.986593100245457,0.3843959965929633,0.6901851526163086,0.5569461978946086,0.5775641892429959,0.9982547051643537
ABCF2,1.017426554965102,0.4844620814170363,0.7244710298317288,0.6687114618365915,0.5036795545693173,0.9982547051643537
NUB1,3.9632491370720544,-0.7157027510055759,0.5161760373823097,-1.3865478037979615,0.16557969387873284,0.9982547051643537
RHEB,6.518577420309904,0.9382161222548726,0.4459979943201308,2.103633052621835,0.03541046843225116,0.9982547051643537
GALNT11,2.313571670376692,-1.2741253934478411,0.6635443666850996,-1.9201811625845766,0.05483502017529076,0.9982547051643537
KMT2C,2.9393919138869498,-0.1215824394321963,0.6615770927112203,-0.1837766766287769,0.8541886538398281,0.9982547051643537
INSIG1,4.510012683593543,0.5102369711162632,0.4781591577796549,1.0670860587206203,0.28593297661541206,0.9982547051643537
RBM33,2.871053416804673,-0.20280088280164105,0.6036461992357502,-0.33595984379326543,0.7369011481981657,0.9982547051643537
DNAJB6,17.249974027518338,-0.08305805917985647,0.41095222148112803,-0.20211123054768718,0.839829768335507,0.9982547051643537
SLC25A6,25.19840547210631,0.24935080134818166,0.4467346611544386,0.5581630955247946,0.5767330187118901,0.9982547051643537
AKAP17A,2.2758648227144453,-0.24091606271675592,0.6668841001572711,-0.3612562702573667,0.717907880674208,0.9982547051643537
DHRSX,1.5953280712024338,0.16618222209070793,0.7747109410519444,0.2145086809604841,0.8301503980889926,0.9982547051643537
CD99,39.86271278830801,0.4153159208685735,0.4380773222328503,0.9480425025238387,0.34310781730552153,0.9982547051643537
NDUFB11,11.737159990829289,0.08592330909152757,0.5165460851313474,0.16634200038449423,0.8678878149055623,0.9982547051643537
MSL3,3.455618564342134,-0.517405775557825,0.5246146025659989,-0.9862588136645186,0.3240061250089139,0.9982547051643537
PRPS2,1.1204623805898994,0.20335721141316818,0.7446888034317196,0.27307676773982004,0.7847942049104137,0.9982547051643537
TMSB4X,986.7981498512191,-0.11991308334084233,0.49666624791927283,-0.24143594182855116,0.8092172589597298,0.9982547051643537
RAB9A,5.122620178430306,-0.09979337714782104,0.500558906749286,-0.1993639026341496,0.8419780951894578,0.9982547051643537
TRAPPC2,2.0424309773983587,0.26215232596401766,0.5925791329045735,0.4423920982148954,0.6582054960019106,0.9982547051643537
OFD1,5.800055534291678,0.05983420618818874,0.4166254615926224,0.143616297380055,0.8858034706270779,0.9982547051643537
GEMIN8,1.1627338112903838,0.6390856466441562,0.7614787920302042,0.8392691343908193,0.4013182996000916,0.9982547051643537
CA5B,2.549454337365762,0.20270084816510117,0.6542811717031078,0.3098069407032859,0.7567077732136622,0.9982547051643537
ZRSR2,2.597899314041619,-0.1573114862271512,0.6113800980316108,-0.25730553993109795,0.7969429161527942,0.9982547051643537
AP1S2,3.345095035205547,0.2717457510205047,0.6618846331028018,0.4105636200475107,0.6813925443378344,0.9982547051643537
SYAP1,4.967977096531393,-0.8897159843661747,0.5577502657460981,-1.595187020083278,0.11067042045562388,0.9982547051643537
TXLNG,2.2235753154418574,-0.08884806835549743,0.7004218938231783,-0.12684935913486328,0.8990596283036094,0.9982547051643537
RBBP7,2.8388054275640315,0.22090286743888995,0.5785594388032888,0.38181533758365893,0.7025983413968326,0.9982547051643537
PDHA1,1.7911126739772663,0.30819098750488677,0.6600941565207593,0.4668894345759816,0.6405789847563237,0.9982547051643537
SH3KBP1,10.952475778180013,-0.7218925289980799,0.41075296766287844,-1.757485851180913,0.07883503141966261,0.9982547051643537
WDR45,1.7474511709418168,0.53783769389001,0.6471420823710288,0.8310967692279502,0.4059189647218824,0.9982547051643537
RPS6KA3,2.573247474599275,-0.1969461844839329,0.6413256496960817,-0.3070923244334043,0.7587730998430481,0.9982547051643537
SMS,5.444586354760534,-0.18168145452133147,0.5805030394164146,-0.31297244318303247,0.7543015983223509,0.9982547051643537
PRDX4,1.701816208860884,0.6224825088189585,0.7653153187141679,0.8133673710658404,0.41600746098650665,0.9982547051643537
SAT1,28.320430301959455,-0.22620178263596924,0.5116915309727598,-0.44206669241905283,0.6584409459204783,0.9982547051643537
EIF2S3,4.403467606915934,0.6975358278212489,0.5213299216144176,1.3379930805835376,0.1808986924045498,0.9982547051643537
ZFX,1.545902218810134,0.10704811955826976,0.6913600647008658,0.15483700176490062,0.8769498197783994,0.9982547051643537
PDK3,1.4016863551652687,0.675759103389096,0.7358217846133777,0.9183733310425969,0.3584234478682784,0.9982547051643537
DYNLT3,2.729760512060296,0.8404944430890697,0.5603024972103879,1.5000726344674358,0.1335955886794827,0.9982547051643537
BCOR,1.1615835235819298,-0.05414896105250741,0.7951458917247204,-0.06809940366421939,0.9457065050635832,0.9982547051643537
ATP6AP2,5.965926391060724,0.17108691119367644,0.520583932446578,0.328644240688764,0.7424246045705458,0.9982547051643537
CXorf38,1.623661362381302,0.06841541848239405,0.664225413616272,0.10300030242732951,0.9179627309289189,0.9982547051643537
USP9X,1.4189660565875908,0.6356022063708887,0.6897675246787489,0.9214730813355021,0.35680348894854597,0.9982547051643537
DDX3X,17.67022434388052,0.1708560202985741,0.517294687531127,0.330287598958366,0.7411826622714808,0.9982547051643537
KDM6A,3.1260203167033316,0.5011871498616942,0.7151349572449066,0.7008287663527776,0.48340988350027947,0.9982547051643537
CHST7,0.962978856066034,-0.6250687721291632,0.8341087125353436,-0.7493852572636654,0.4536250341934649,0.9982547051643537
PDZD11,3.0964886427231924,-0.7461687340127802,0.5855588899416473,-1.2742846993359425,0.20256253705373395,0.9982547051643537
RBM10,1.588153110938469,0.11916450003435997,0.7636508025019532,0.1560457995250456,0.8759969205740026,0.9982547051643537
UBA1,1.719468636165583,-0.6801059148069417,0.7020339286189092,-0.9687650227174834,0.3326624418065318,0.9982547051643537
USP11,1.7043883444841026,-0.19240899851144166,0.6869795761411965,-0.280079648935437,0.7794163979042736,0.9982547051643537
ARAF,1.5415459729879117,0.1695951266809361,0.7144385360613318,0.2373823892757893,0.8123601506538694,0.9982547051643537
TIMP1,3.6410665543908114,-0.6548768623248825,0.515267653557327,-1.270945027897085,0.20374820593283038,0.9982547051643537
UXT,11.511809144642283,-0.1552719936660987,0.41652239861767254,-0.3727818580258956,0.7093108063693128,0.9982547051643537
FTSJ1,2.0926485855713195,0.9114393251145517,0.6729861683495861,1.3543210365671288,0.17563397755077792,0.9982547051643537
EBP,4.275226048683712,-0.13268855644020877,0.5155270136334336,-0.2573842939965843,0.7968821261501312,0.9982547051643537
RBM3,18.647535389585137,0.16771993071678076,0.3852172089116498,0.43539054548117967,0.6632789718057418,0.9982547051643537
WAS,7.5917760164843875,0.0671557761832379,0.5303006145820806,0.12663718339486,0.8992275657573058,0.9982547051643537
TIMM17B,2.86587557600594,0.6689999026210472,0.5752998439778971,1.16287169138664,0.2448815645184601,0.9982547051643537
PQBP1,2.7628806755690505,-0.3566269329969832,0.6433922420270622,-0.5542916275667229,0.5793792792603354,0.9982547051643537
PIM2,3.3531974526431516,0.29952507683858093,0.5671213386618159,0.5281498974193825,0.5973953008537479,0.9982547051643537
OTUD5,1.1115201613579582,0.21710892559740055,0.7298644895329641,0.2974647057241095,0.7661117498624403,0.9982547051643537
GRIPAP1,2.3081806256465356,-0.8917576332591466,0.5876147304517252,-1.5175889695168354,0.12911804930228082,0.9982547051643537
P2RY10,3.3198539708511836,0.24758868168147732,0.641111761577291,0.38618646002118084,0.6993585807575433,0.9982547051643537
GPKOW,1.125496525690405,-0.9502014729796444,0.8274885777411579,-1.1482955759624656,0.2508465648329572,0.9982547051643537
PLP2,23.713985771812563,-0.36590729239367586,0.33374116903829876,-1.0963804479023858,0.2729123167456874,0.9982547051643537
CCDC22,1.687011815890857,-0.33734328040440864,0.7835561546592223,-0.4305285312335057,0.666811216898525,0.9982547051643537
TSPYL2,5.6936495933315685,-0.38518987354271655,0.527186710638001,-0.7306517136529485,0.4649919162641124,0.9982547051643537
SMC1A,3.1995504243422617,-0.1354221509720402,0.514815250064446,-0.2630499989172576,0.7925120421109281,0.9982547051643537
HSD17B10,3.7747988909138592,-0.11224405842531954,0.5723742278273327,-0.1961025723526812,0.8445298829059863,0.9982547051643537
HUWE1,1.5565759848995244,0.4855797571247411,0.6888041274191573,0.7049605799316759,0.48083476832724614,0.9982547051643537
TSR2,1.9012600105312578,-0.13663809061465007,0.6176962334360869,-0.2212059637381422,0.8249320658871985,0.9982547051643537
MAGED2,4.111064866450831,-0.7713544362422196,0.5093703525781339,-1.5143292740499636,0.12994234741152907,0.9982547051643537
LINC01420,5.485494767618282,-0.31315442890775713,0.5210723179939187,-0.6009807431593628,0.5478528123762101,0.9982547051643537
ARHGEF9,1.4041692268962525,0.48656097139031895,0.6719228217194627,0.7241322301647689,0.46898455929833227,0.9982547051643537
LAS1L,1.4262450540010936,-0.46488649088416656,0.6903843308082434,-0.6733734677030067,0.5007097238517284,0.9982547051643537
MSN,13.781558664291149,-0.2591479456376403,0.39246595523564987,-0.6603068168856561,0.5090569564137482,0.9982547051643537
YIPF6,1.8660451866523038,-0.17313704284489348,0.6357128918974403,-0.2723510016103712,0.7853521441254246,0.9982547051643537
IGBP1,4.9760195665052205,-0.48702038292107314,0.5347482875056904,-0.9107469706780326,0.3624287092058267,0.9982547051643537
ACSL4,1.6124557280520766,-0.4713092855882029,0.7474137639148943,-0.6305868427141642,0.528310704011866,0.9982547051643537
IL2RG,34.60072335597349,0.024154314399733874,0.3627006756915839,0.06659572484577633,0.9469035492707418,0.9982547051643537
NONO,6.212259664817005,-0.9677414881752775,0.535202755179197,-1.8081773287046279,0.07057890594411749,0.9982547051643537
TAF1,1.2175775836342158,-0.5128104854114692,0.7469229586615992,-0.6865640953524406,0.49235746078137665,0.9982547051643537
OGT,5.433806879475273,-0.249253126676511,0.5251583421523103,-0.4746247115774099,0.635054489479363,0.9982547051643537
CXCR3,11.027449771778679,0.65562273490517,0.491481145056352,1.3339733202379471,0.1822126004082546,0.9982547051643537
PIN4,3.5017045541608516,-0.7175821839289452,0.5323042487577857,-1.348067736831961,0.17763659718269142,0.9982547051643537
RPS4X,272.64698380774655,0.09218544884559594,0.2554991124836178,0.3608053583806743,0.7182449568482671,0.9982547051643537
XIST,14.63857121803783,-0.24069237751922487,0.5889865442519685,-0.4086551379962538,0.6827927607263309,0.9982547051643537
JPX,3.6526396490207076,-0.1290907221726022,0.5080932380153808,-0.2540689631628092,0.7994422805848461,0.9982547051643537
ABCB7,1.2041371177589608,0.3318531476026979,0.7000404508887793,0.47404853131183117,0.6354652997972139,0.9982547051643537
PBDC1,4.015818055032937,-0.24288410119351328,0.5489054135971837,-0.4424880775028295,0.6581360559061857,0.9982547051643537
ATRX,9.538210516533033,0.47981864003934555,0.48812630759512005,0.9829804961820141,0.325617037896759,0.9982547051643537
MAGT1,1.704748055544228,0.008788631755443652,0.6852325533520515,0.012825765081432612,0.9897668006224521,0.9982547051643537
COX7B,15.767820708468744,-0.3310372760839772,0.4112464500129395,-0.80496081139074,0.420842294439811,0.9982547051643537
PGK1,22.399016491708867,-0.5707065122362558,0.40134075860226,-1.4219998841479295,0.15502628457449041,0.9982547051643537
RAP2C,2.8681212403353427,0.06507969634834053,0.5401774797090018,0.12047835904488192,0.9041042217455344,0.9982547051643537
ITM2A,22.86630535637044,-0.7561414603506678,0.3533741222848926,-2.1397759843349857,0.03237287493443573,0.9982547051643537
SH3BGRL,12.189818124500581,0.0034396601461168835,0.364909842401838,0.009426054730332914,0.9924792078325833,0.9982547051643537
CHM,1.4910620857040695,0.5949422168265994,0.7605367855926439,0.7822661942157,0.4340581498310362,0.9982547051643537
RPL36A,20.223192101050135,-0.3240268029713818,0.45941330334000835,-0.7053056596656104,0.4806200391078429,0.9982547051643537
GLA,2.1985692705283304,0.061355065061711685,0.6845050944499054,0.08963419784482243,0.9285779078256878,0.9982547051643537
HNRNPH2,2.431857845551563,-1.0811082269407495,0.7174696485839387,-1.5068347895615093,0.13185300975443257,0.9982547051643537
ARMCX6,2.2964727108877185,-1.0818854513353722,0.6023825898926567,-1.7960104914854227,0.07249284847987471,0.9982547051643537
ARMCX3,4.17043170286382,-0.3117721368059222,0.46754792181361376,-0.6668239174212585,0.5048846134803975,0.9982547051643537
TCEAL8,1.744391201246763,0.012039239942610965,0.6723540722639715,0.017906101025122172,0.9857137618810313,0.9982547051643537
TCEAL4,1.6896496347332788,-0.9100870590660786,0.7029202593126701,-1.2947230457633707,0.19541578694328166,0.9982547051643537
TCEAL1,0.7847235666060984,0.6132219939983902,0.7929972242432528,0.7732965201531192,0.43934691474102516,0.9982547051643537
MORF4L2,3.9844549586875337,-0.3857527002854882,0.5820472851448178,-0.6627514810751328,0.5074897324669575,0.9982547051643537
PRPS1,2.1486752951791748,-0.026238893907100918,0.5767002980111554,-0.04549831861989668,0.9637101150594158,0.9982547051643537
TSC22D3,87.0499616923747,-0.15923127647751237,0.38729390168800165,-0.41113809379262256,0.6809712786094251,0.9982547051643537
PSMD10,1.5266257048426952,-0.42454165556315576,0.8177397235826505,-0.5191647700605394,0.6036458442231942,0.9982547051643537
FLNA,7.974778114602615,-0.10325150812205874,0.47647724188748275,-0.2166976699937349,0.8284439639388727,0.9982547051643537
ALG13,4.170806332913131,0.13696574288445493,0.4911448187714688,0.27887038130027697,0.7803442994593759,0.9982547051643537
SLC25A5,16.95950913295823,0.07506628404783948,0.3377070760520926,0.2222822362071567,0.8240941796709046,0.9982547051643537
UBE2A,6.478174791003464,0.05428851875624671,0.46372651130308096,0.11707012092902531,0.9068044869345471,0.9982547051643537
SEPT6,13.542713191448078,-0.4297190326187022,0.42299430556168227,-1.0158979139165722,0.3096780023657393,0.9982547051643537
RPL39,281.01776450397927,-0.5496843887993752,0.34641454914572856,-1.5867820510279311,0.11256201537036895,0.9982547051643537
RNF113A,2.319877093001421,0.44728570460345773,0.6294840297334561,0.7105592572266733,0.47735739813270506,0.9982547051643537
NDUFA1,13.570745168132577,-0.5066469452029684,0.4375676667620215,-1.157871076151787,0.24691665256900674,0.9982547051643537
NKAP,2.336815367458557,-0.4817821995822523,0.5734610087847056,-0.8401307014809227,0.4008351078412985,0.9982547051643537
LAMP2,1.877315013183092,0.3649134049570447,0.5817534512222671,0.6272647015507339,0.5304857374967289,0.9982547051643537
MCTS1,3.687730058289041,-0.16186805370092214,0.5168414389016656,-0.31318706573703975,0.7541385445396078,0.9982547051643537
THOC2,4.964141622537791,-0.3059778852086399,0.4679098246921071,-0.6539248997602877,0.5131601910550256,0.9982547051643537
XIAP,1.4271684691749562,-0.24712096365256597,0.6618177477746838,-0.37339730535104726,0.7088527647384024,0.9982547051643537
STAG2,3.7732308765095075,0.29705800853885006,0.533052952981352,0.5572767337230045,0.5773383694936886,0.9982547051643537
SH2D1A,13.21195884215541,-0.42484301498027194,0.47119110353777705,-0.9016363250292369,0.36725008807160453,0.9982547051643537
SASH3,5.937084329207542,0.29961697768121337,0.49432783298585786,0.6061098681647268,0.5444417985294439,0.9982547051643537
VAMP7,1.6818111751914486,1.1245286725803003,0.6382086088924112,1.7620079969336055,0.07806794635587175,0.9982547051643537
PHF6,1.0250830405578397,-0.007468675105520958,0.839512383347986,-0.008896444237946543,0.9929017581303827,0.9982547051643537
HPRT1,3.0868635388737675,1.0699479762235007,0.5567150814959145,1.9218950802419612,0.05461896100612558,0.9982547051643537
FAM127A,1.7956960961554922,0.6122134790892177,0.7106123774912235,0.8615294336000768,0.38894651742972586,0.9982547051643537
HTATSF1,2.468450796411582,0.10159725747360489,0.6879903993991043,0.14767249304981675,0.8826012409584634,0.9982547051643537
ARHGEF6,3.0788489071685574,0.03597990600619928,0.6619427361728164,0.05435501296415139,0.9566523202885737,0.9982547051643537
RBMX,9.539280302705327,-0.3660165998908227,0.46254857286100637,-0.7913041383457233,0.42876653409661214,0.9982547051643537
IDS,12.874866329006084,-0.04023401905931367,0.36784312810563097,-0.10937819952357501,0.9129025242538373,0.9982547051643537
VMA21,3.371250488226924,0.46672144335489457,0.6558346627674811,0.7116449767772727,0.47668464816667255,0.9982547051643537
FAM58A,1.2279864763486465,0.2560646325601145,0.7295245076446044,0.3510020977730595,0.7255867746128828,0.9982547051643537
BCAP31,9.564579432311058,-0.216267186838294,0.44587498680925,-0.48503996240276953,0.627647998390992,0.9982547051643537
IDH3G,2.830908083371843,0.5330155030434353,0.567685746903346,0.9389270489015578,0.3477682005196161,0.9982547051643537
SSR4,23.063949396379076,0.19152313745213753,0.2853708467838016,0.6711377129466782,0.5021328039608794,0.9982547051643537
ARHGAP4,4.953877640541564,0.16836602024463176,0.5746455036226847,0.2929911035294236,0.7695289518110273,0.9982547051643537
NAA10,3.41432692714854,-0.19277599570680184,0.5906442519573524,-0.3263825815081686,0.7441349145600482,0.9982547051643537
MECP2,4.061304543638099,-0.2587081297358032,0.48910599519936815,-0.5289408272952149,0.5968464987883835,0.9982547051643537
SORBS3,1.4242380250251352,-0.2417401064725841,0.8693038699259508,-0.27808470068490093,0.7809473398162436,0.9982547051643537
EMD,6.493598106172581,-0.008885424244772178,0.5987142097594198,-0.014840844095453472,0.9881591542875517,0.9982547051643537
RPL10,518.5369765080475,-0.03382654439208428,0.25456915070929304,-0.1328776259724916,0.8942901618620791,0.9982547051643537
TAZ,2.8229088338776687,0.656814377814315,0.5610742738341702,1.1706371303141259,0.241744665905417,0.9982547051643537
ATP6AP1,2.980543160054698,-0.22231745483121176,0.5942069420546892,-0.37414146334687265,0.7082990718259351,0.9982547051643537
GDI1,2.823171402354109,0.3879261842258834,0.5994467466269123,0.647140361356108,0.5175411053622325,0.9982547051643537
FAM50A,4.166691431715859,0.3049097289699732,0.5774405671024054,0.5280365570780887,0.5974739630415967,0.9982547051643537
LAGE3,3.318656276916809,0.37155266852052754,0.7010065385724172,0.530027393577791,0.5960929379892459,0.9982547051643537
FAM3A,2.2832323219406336,1.0498210972412694,0.7404985837630472,1.417721951480737,0.15627195861365895,0.9982547051643537
G6PD,2.4098179523768377,-1.300483397042238,0.7226867522395798,-1.7995118812017623,0.07193774620467955,0.9982547051643537
IKBKG,1.3851398235207155,1.2990989159159618,0.723303034242981,1.7960645184844504,0.07248425660313625,0.9982547051643537
GAB3,1.7037334856899042,-0.5614718769894967,0.6960773286949176,-0.8066228475537424,0.41988380638055045,0.9982547051643537
DKC1,1.5885454878587357,0.03779820131310967,0.6841739673589065,0.05524647694360658,0.95594210220305,0.9982547051643537
MPP1,1.1647844396042288,-1.826570103158438,1.0359626353852978,-1.7631621457844333,0.07787314621331944,0.9982547051643537
FUNDC2,5.598137507309915,-0.16674107229231871,0.5662866880517323,-0.2944463922787574,0.768416821306228,0.9982547051643537
VBP1,4.50716561264823,-0.45357671314534537,0.5206839296194722,-0.8711171736696958,0.383690177967253,0.9982547051643537
GSR,1.3115609813976736,-0.03158535658021003,0.8844196462087056,-0.03571308791658898,0.9715111345616442,0.9982547051643537
ERICH1,3.3465418038205605,0.1225897567224393,0.5300952252382856,0.2312598772557014,0.817112915148362,0.9982547051643537
CTD-2336O2.1,1.4304744539428107,-0.49747790676041,0.7707812780424627,-0.6454203299071357,0.5186548323169101,0.9982547051643537
MCPH1,1.7734960071227377,-1.1310746387131945,0.8056671094482281,-1.4038982421509376,0.1603491532128477,0.9982547051643537
TNKS,2.1059706259963464,0.14909213602176016,0.7465993565913972,0.1996949698730535,0.8417191480001986,0.9982547051643537
MTMR9,1.0455896307838748,-0.7214141251298608,0.7715478583460288,-0.9350218749571284,0.3497770262245755,0.9982547051643537
FDFT1,2.770252943962516,-0.11048323930104698,0.5374431821383335,-0.2055719431800504,0.8371252955116895,0.9982547051643537
CTSB,2.9976662661755884,0.928637627097681,0.680613306928657,1.3644129752447267,0.17243762647149086,0.9982547051643537
CNOT7,6.278717701841578,0.4927445618600199,0.4850808386437055,1.015798857851698,0.3097251800352717,0.9982547051643537
PCM1,7.448314376959863,-0.19291028588624018,0.4826500225466996,-0.3996897894427734,0.6893850135226811,0.9982547051643537
ASAH1,2.7221755482027836,0.9187117081423744,0.6038925328454305,1.521316555801036,0.1281804175812047,0.9982547051643537
INTS10,2.596728412494637,0.9912064337613659,0.6190207304153617,1.6012491747994744,0.1093217411999125,0.9982547051643537
ATP6V1B2,1.6520090372916196,0.03676744541998744,0.6575375113003417,0.05591687894318972,0.9554080244148914,0.9982547051643537
DOK2,8.801067499606466,0.8909838947432357,0.4062306181575704,2.193295765799803,0.028286076520473127,0.9982547051643537
REEP4,1.8695705476703453,-0.1229570351768661,0.8284871718834188,-0.1484115135993537,0.8820180141570009,0.9982547051643537
PPP3CC,4.205239410014343,0.9972154034853141,0.5275670768161054,1.8902153817170715,0.05872916032257017,0.9982547051643537
HOOK3,1.9150221247459938,-0.28870496765538856,0.7025612103388994,-0.4109321200869087,0.681122309174613,0.9982547051643537
PDLIM2,6.619814728613505,0.5627869005107922,0.5394499949780494,1.0432605538047923,0.2968276350557024,0.9982547051643537
CCAR2,1.4033587296212349,-0.24790832170497015,0.9148648835643236,-0.27097807136187874,0.786407898003012,0.9982547051643537
CHMP7,1.696113058107737,0.3652141264941547,0.7052776975480414,0.5178302500757547,0.6045767105654566,0.9982547051643537
R3HCC1,1.6063701712241152,0.08895417244030848,0.8058748650902444,0.11038211550418205,0.9121063362103703,0.9982547051643537
PPP2R2A,3.119848497626197,0.19087810789231144,0.4943197595455506,0.38614298580294243,0.6993907758852901,0.9982547051643537
BNIP3L,3.698431115557554,-0.491659524823208,0.5098691674293027,-0.9642856564598612,0.3349027300828128,0.9982547051643537
PTK2B,2.9321437182225627,0.12515160442065842,0.5680518154571687,0.22031723341987086,0.8256240995567206,0.9982547051643537
CCDC25,1.822179103695465,-0.8352946472669972,0.6835378738945643,-1.2220166272686177,0.2217013392540207,0.9982547051643537
KIF13B,1.4680782551763059,-0.5676917735383038,0.7691900592362871,-0.7380383647988811,0.46049113609076764,0.9982547051643537
DUSP4,32.41948085841525,-0.4631659494190248,0.3798288413327868,-1.2194070039384455,0.22268975290975346,0.9982547051643537
SARAF,61.46736435328488,-0.2758471634734898,0.41620539927625577,-0.6627669029598451,0.5074798538614396,0.9982547051643537
RP11-489E7.4,1.9542544686870347,0.2636757890129562,0.8241006200614096,0.3199558192218176,0.7490018225173013,0.9982547051643537
LEPROTL1,21.814938971845972,-0.805622528815613,0.37446715411791254,-2.151383692685468,0.03144592725304956,0.9982547051643537
DCTN6,4.168678325261608,-0.956658709907466,0.7208769616435903,-1.3270762707221164,0.18448345395403554,0.9982547051643537
GTF2E2,2.595659494389582,0.648518731620852,0.6005078648532212,1.079950437917022,0.28016425111058074,0.9982547051643537
TOX,3.4644375543960786,-0.18776482255752813,0.5749483532879263,-0.3265768507445365,0.7439879547487759,0.9982547051643537
PROSC,1.935651112964619,0.040695571716763614,0.7592907056944941,0.05359682584227202,0.9572563854899154,0.9982547051643537
RAB11FIP1,2.1214342964356305,0.07162660604133086,0.7279558017438548,0.09839416880770195,0.9216193048305454,0.9982547051643537
EIF4EBP1,3.381626729757511,-0.24895226062097117,0.676560819060824,-0.3679673040578337,0.712897613958624,0.9982547051643537
LSM1,3.626620451124358,-0.016935841015420647,0.5883338791843313,-0.02878610533002208,0.9770351826291648,0.9982547051643537
PLPP5,1.6395714100648797,0.5871490895283421,0.6972961895606149,0.8420368536623161,0.39976732510651514,0.9982547051643537
WHSC1L1,8.9885870830887,-0.07505851147620803,0.44904232260717025,-0.16715242126936544,0.8672501199593547,0.9982547051643537
TACC1,3.348117534372011,-0.3466590983801073,0.6348074008482069,-0.5460854708324349,0.5850071865429094,0.9982547051643537
PLEKHA2,2.155473256670843,0.15830553611126344,0.5854996858737203,0.2703768079312113,0.786870380473371,0.9982547051643537
TM2D2,1.2639594288951275,0.6521070049729498,0.678366229182627,0.9612904901806251,0.3364061281617674,0.9982547051643537
GOLGA7,5.501921435870934,0.4467888099882678,0.48084367789277477,0.9291768417258863,0.35279744694781023,0.9982547051643537
KAT6A,3.1828974166845865,-0.051103680481417925,0.5742650977030916,-0.0889897029887749,0.9290900934767171,0.9982547051643537
POLB,1.7374760437204073,-0.11486232070694777,0.6888175635713955,-0.16675289188534514,0.8675644864146825,0.9982547051643537
VDAC3,4.1522633809192735,-0.5420237474689024,0.5082673048749409,-1.0664147433253992,0.28623619991761007,0.9982547051643537
SLC20A2,1.3434154483359593,-0.31642926110193653,0.8651701472593608,-0.3657422324432992,0.7145574293061361,0.9982547051643537
SMIM19,2.952727332529244,0.2278939511581666,0.60935257777821,0.3739935785438076,0.7084090936783607,0.9982547051643537
PEX2,2.427877080096896,0.736030011760786,0.6182702792200269,1.1904664294866605,0.23386311701026818,0.9982547051643537
FNTA,2.916238799778553,0.055450159053434846,0.6295617920691438,0.08807738930787092,0.9298151672441397,0.9982547051643537
SPIDR,1.6351793254801699,-0.5774795402413325,0.8289205740494426,-0.6966645035968038,0.48601277800859155,0.9982547051643537
PRKDC,3.5384760944672293,0.4920171494807743,0.5950983872794471,0.8267828648134653,0.40836014388297015,0.9982547051643537
UBE2V2,3.843588914522265,-0.11787899577828692,0.5294484098888854,-0.22264491417214005,0.8238118772494794,0.9982547051643537
PCMTD1,4.684540145990078,-0.18231842606847218,0.597328706819271,-0.30522294339293293,0.7601963593216691,0.9982547051643537
RB1CC1,3.07128379322103,0.4629093097651998,0.5912569094889681,0.7829241440329195,0.43367165839741917,0.9982547051643537
ATP6V1H,2.4395039264955782,0.06812081141127363,0.648301231797906,0.10507586299405465,0.9163156118018537,0.9982547051643537
TCEA1,8.849251203712893,0.3154818222942996,0.48977814452307583,0.6441320949539342,0.5194897797195421,0.9982547051643537
LYPLA1,2.994897801517754,0.4502685055850522,0.5210185125435793,0.8642082665870544,0.38747349186658187,0.9982547051643537
MRPL15,1.1266187101686111,0.4825209253470297,0.7720254625566384,0.6250064910412594,0.5319667978932696,0.9982547051643537
TGS1,1.8000866122027808,-0.5786063547539212,0.6976731486466932,-0.829337284767615,0.40691357857664945,0.9982547051643537
RPS20,63.28631839744248,-1.06896280506392,0.8890353680532934,-1.202385015800452,0.22921439194365456,0.9982547051643537
CHCHD7,4.538464017279069,0.25214689918990685,0.4959914642455022,0.5083694324729368,0.6111942855273891,0.9982547051643537
SDCBP,12.279016947113007,-0.49249106078234445,0.5615013073341908,-0.8770969085014556,0.3804340037258189,0.9982547051643537
NSMAF,1.0947208825544006,0.6358824050334134,0.7230216920570894,0.8794790142799817,0.3791416067704996,0.9982547051643537
COX6C,29.74249904217837,-1.0044114298050097,0.38205211085632074,-2.6289906566770447,0.008563871382378343,0.9982547051643537
RP11-25K19.1,1.5339298185869847,0.8801175924884733,0.6711566898611088,1.3113444383167925,0.1897414212323668,0.9982547051643537
RAB2A,5.374358413147532,0.4117839553045903,0.5458645777543986,0.7543701718081891,0.45062697720230005,0.9982547051643537
YTHDF3,1.0592838875888624,0.4785527115977172,0.7766351433238159,0.616187299417876,0.5377709097936161,0.9982547051643537
ARMC1,2.609015195629318,-0.17016892304263073,0.6619822598375407,-0.2570596424810424,0.7971327315073891,0.9982547051643537
PDE7A,4.603904072203446,-0.2907166552419919,0.6389651579963801,-0.4549804501916816,0.649123303507259,0.9982547051643537
RRS1,0.8970672685606546,0.2705877818950066,0.8769136378459359,0.30856833582800985,0.7576499105123988,0.9982547051643537
COPS5,3.5686983275703303,-0.8334998203305624,0.5413921340780333,-1.5395491878543366,0.12367027932150734,0.9982547051643537
ARFGEF1,2.059507458491673,1.1604883141958253,0.6183412980380625,1.8767763335199237,0.06054875543270245,0.9982547051643537
NCOA2,1.7169900407352203,-0.17105651030509772,0.7269851029623724,-0.23529575724188026,0.8139791879264933,0.9982547051643537
TRAM1,6.821516674254007,0.9499953547369415,0.41597243828064506,2.283793990447045,0.022383641028227475,0.9982547051643537
MSC,1.479051786246054,0.5529657037819689,0.7716603923403722,0.7165920517248225,0.4736258502420758,0.9982547051643537
TERF1,3.5966730454522517,-0.42350999066518535,0.5886852014037259,-0.719416743711786,0.4718841833193351,0.9982547051643537
RPL7,72.9908569317263,-0.5099567039742009,0.6977286376515225,-0.7308811426898841,0.46485175514180355,0.9982547051643537
TCEB1,6.411916561568339,-0.13953926790074897,0.4174211231034161,-0.3342889474862012,0.7381615298294586,0.9982547051643537
TMEM70,2.1843599683531125,0.15260385885206026,0.7211152507468337,0.21162201006567788,0.832401936664372,0.9982547051643537
EBAG9,1.9985000193432911,-0.2674402305233446,0.6481824827134827,-0.41260021314331274,0.6798995450710352,0.9982547051643537
MRPS28,1.0907697840396726,-0.730837124188514,0.8042302882541924,-0.9087411091852822,0.363486798945593,0.9982547051643537
TPD52,2.07101031895078,0.6463414317431848,0.7505436887234219,0.8611643018976395,0.38914755816482804,0.9982547051643537
PAG1,4.663393248321134,0.7756908927056981,0.4874025048534906,1.5914790855226826,0.1115017985666429,0.9982547051643537
FABP5,8.54005575223898,-0.44466917592821564,0.4813237682003039,-0.9238462866499575,0.35556635216888877,0.9982547051643537
IMPA1,1.5545686072157348,-0.06882812005587761,0.6620910945090126,-0.10395566505379224,0.917204532034319,0.9982547051643537
ZFAND1,3.2938778561812767,0.3736305560285599,0.518922026280893,0.720012905804683,0.4715170494589429,0.9982547051643537
C8orf59,9.118671404667428,0.13428393290474971,0.4322113998221913,0.31069040048456187,0.7560359956576782,0.9982547051643537
RMDN1,1.4092072906793476,-0.3841538039798106,0.7267737645135609,-0.5285741213249899,0.5971009163259069,0.9982547051643537
CPNE3,4.662092173948559,-0.38725955241688587,0.4816511485501181,-0.8040249744708948,0.42138255171274286,0.9982547051643537
NBN,2.3432424359685164,-0.041223487622769214,0.6847876540522727,-0.06019893521564927,0.951997193753474,0.9982547051643537
DECR1,4.766102017418058,-0.397652356733033,0.4855182061581363,-0.819026664066054,0.4127712008348956,0.9982547051643537
OTUD6B-AS1,5.976130530801377,-0.5888160827037373,0.5017916930356041,-1.1734273222852225,0.240624485891468,0.9982547051643537
UQCRB,35.26978306144094,-0.5851590998850255,0.3713557704047807,-1.5757371946777547,0.11508638178669331,0.9982547051643537
MTDH,10.730996281257116,0.023281156524004816,0.39767689102410503,0.058542895122848965,0.9533161956967153,0.9982547051643537
RPL30,322.7748875781966,-0.054255090838362566,0.2659121793236566,-0.20403386928857314,0.8383270317201611,0.9982547051643537
LINC00861,9.916217701975636,-0.4702501135140517,0.7048013998877741,-0.6672093920201206,0.5046383927689966,0.9982547051643537
POLR2K,10.278416460702633,-0.2178415988576575,0.3901794187760097,-0.5583113520980301,0.5766317944344788,0.9982547051643537
RNF19A,12.846611175896015,-0.46971607147345235,0.44755012259518867,-1.049527299310591,0.2939354975799311,0.9982547051643537
PABPC1,35.071386806220836,0.24670449924863466,0.3269432932251148,0.75457886538987,0.4505017086555595,0.9982547051643537
YWHAZ,32.12055540226279,0.3166572952274433,0.3490474428141185,0.9072041687928245,0.3642988396232457,0.9982547051643537
ZNF706,8.045671451586339,-0.2567839409384754,0.48409602455065553,-0.5304400943528212,0.5958068333700424,0.9982547051643537
UBR5,1.8814006444024685,-0.23580344433702882,0.6726156241195885,-0.350576816656141,0.7259058516026617,0.9982547051643537
KLF10,1.3561094998647114,0.3836017764132972,0.6678859194755657,0.5743522437402292,0.5657294625397503,0.9982547051643537
AZIN1,3.483653479440845,-0.16663989974321003,0.5989875151077667,-0.2782026261653034,0.7808568190214508,0.9982547051643537
ATP6V1C1,1.0913433507589345,0.028567951366360048,0.7687005292181667,0.037163954336568585,0.9703542790183728,0.9982547051643537
SLC25A32,1.7341106584699417,0.42323324232320053,0.7994030675605998,0.5294366002556236,0.5965026141067349,0.9982547051643537
DCAF13,2.5743045490537395,-0.5957586853465509,0.5746970000410409,-1.0366483299965128,0.2998997806354613,0.9982547051643537
OXR1,2.220653752953077,0.8331155151165367,0.6737606030082542,1.236515627949725,0.21626696029914672,0.9982547051643537
EIF3E,18.689730037811916,-0.16815281258952586,0.4484928687751276,-0.3749286204901442,0.7077135530336698,0.9982547051643537
EMC2,1.9454775592518545,0.49293804383832235,0.65377887289389,0.7539828285615577,0.4508595326752898,0.9982547051643537
ENY2,8.012708201012236,-0.5978212936358474,0.39938728681470176,-1.4968460774095955,0.13443331368273936,0.9982547051643537
PARP10,3.3301401148099137,0.10383061409336493,0.68773705989449,0.15097428966427115,0.8799959972769853,0.9982547051643537
TRPS1,2.7926408177528494,0.02532181226099073,0.85267863314711,0.02969678291049899,0.9763088776572182,0.9982547051643537
EIF3H,16.139958546949547,-0.3168192211196659,0.34984939184224184,-0.905587457080759,0.36515425014924896,0.9982547051643537
UTP23,1.940044319407861,0.3598974955623844,0.7787774767649343,0.4621313613965952,0.6439871215417011,0.9982547051643537
RAD21,6.057171165000237,-0.5125181230691096,0.4559313206014851,-1.1241125579900337,0.2609652784816675,0.9982547051643537
MED30,3.011363905004486,0.5741514371921519,0.5494396952578534,1.0449762588098066,0.2960339423292192,0.9982547051643537
MRPL13,2.3742095769297653,0.3607479732389929,0.5602415753588253,0.6439150343455675,0.5196305320868427,0.9982547051643537
DERL1,5.103087602399256,0.23120114434578948,0.5491525186625156,0.42101444769640634,0.6737445319226936,0.9982547051643537
ATAD2,1.5038175191680911,-0.6423967618692209,0.7563205864998439,-0.8493709854469942,0.395674892805974,0.9982547051643537
FBXO32,2.9767197712673803,-0.9387480384884247,0.5715137284379168,-1.6425642845960093,0.10047311539728454,0.9982547051643537
FAM91A1,1.410559294754711,-0.2370915789757901,0.7768069252317475,-0.3052130088889949,0.7602039251632287,0.9982547051643537
RNF139-AS1,1.0124582075954371,-0.8283239548179475,0.8528686947380444,-0.971220962767738,0.3314382571572171,0.9982547051643537
RNF139,3.2367154933926905,0.01270791406551833,0.678934869692701,0.0187174273008988,0.9850665257145061,0.9982547051643537
TATDN1,3.0196563098172127,0.35974094106395177,0.5815442705217437,0.6185959681817572,0.536182558592492,0.9982547051643537
NDUFB9,8.807288036371487,-0.5587505186502091,0.5164424798723982,-1.0819220734674349,0.27928715569327434,0.9982547051643537
NSMCE2,1.4590415571031408,-1.117600166647056,0.7332431474757501,-1.5241876729356238,0.12746183647780196,0.9982547051643537
CDC37L1,1.936044790555134,0.3523010527320738,0.621046653936885,0.5672698669235194,0.570530846338765,0.9982547051643537
MYC,1.6140786217663188,1.4727730473063767,0.6598170779571371,2.2320929489522103,0.025608820362117406,0.9982547051643537
FAM49B,12.690185116293828,0.06968728206553916,0.36388553883659724,0.19150879776190344,0.8481269884854765,0.9982547051643537
EFR3A,2.325754340723594,-0.07946177203176362,0.5908818049113056,-0.1344799778420851,0.8930230426338261,0.9982547051643537
PHF20L1,3.6962573016240725,0.43950767265296536,0.47023286189835917,0.9346596298664575,0.3499637379886741,0.9982547051643537
SLA,19.73210853221215,-1.118254726251478,0.441676549153152,-2.531840842343933,0.011346548078227355,0.9982547051643537
NDRG1,1.4804194381760627,0.28822611040160506,0.6713401895664616,0.429329444119435,0.6676834920713466,0.9982547051643537
ST3GAL1,3.7562113080712436,-0.5511039650468135,0.6196537816663786,-0.8893740042460158,0.37380211113240225,0.9982547051643537
CHRAC1,2.1714359799105702,0.8073721689479044,0.6054655978233247,1.3334732342356739,0.18237655341680326,0.9982547051643537
AGO2,2.1968528645951326,-0.14599609570312194,0.7378358495671292,-0.19787069954485725,0.843146229277164,0.9982547051643537
LY6E,20.293422904565453,0.6976626342219509,0.4149293577430793,1.6814009932118075,0.09268505275272862,0.9982547051643537
GSDMD,4.719977008214011,0.544661807338647,0.5595468180011169,0.9733980961313586,0.3303554847813298,0.9982547051643537
EEF1D,68.12430856457551,0.13061296573537912,0.3894832209449001,0.3353494032901017,0.7373615306003862,0.9982547051643537
TSTA3,3.6813448864613525,0.21856012445601475,0.5982223500521858,0.3653493127378954,0.7148506724375285,0.9982547051643537
PUF60,4.5752327342093215,-0.21312199296699674,0.5299997041532222,-0.4021171923246649,0.6875977806371978,0.9982547051643537
PLEC,2.798309708273507,0.09927075485017349,0.6081603219540666,0.16323122582415245,0.8703363812582754,0.9982547051643537
CAAP1,1.4059777514130032,0.5332864556773778,0.7435928445380406,0.7171753461515402,0.4732659094323397,0.9982547051643537
GRINA,2.2885176183103018,0.30894781373285485,0.8773124904534184,0.35215253070565816,0.7247238745272745,0.9982547051643537
CYC1,3.9357501667570873,-0.17462696101628178,0.5185936378322714,-0.3367317843431803,0.7363191007845005,0.9982547051643537
SHARPIN,2.415243017285453,0.7418834373089955,0.6995756473634857,1.0604763617843997,0.288927938361362,0.9982547051643537
MAF1,5.175438866767299,0.41522714336646793,0.5787019447257241,0.7175146846331488,0.4730565788387987,0.9982547051643537
BOP1,0.7437179462687427,0.2746128973186789,0.8326795388406084,0.3297942179545321,0.7415554565891922,0.9982547051643537
HSF1,3.9912159031719905,0.15915915958367144,0.567153416250844,0.28062805410886843,0.7789956962696377,0.9982547051643537
SLC52A2,2.4287865800623045,0.5600512089688149,0.6499050794351963,0.8617430863219758,0.38882891002173203,0.9982547051643537
SLC39A4,0.9974822101277928,0.304920824369573,0.8617685103714781,0.353831476434585,0.7234651827351638,0.9982547051643537
VPS28,12.5922555546602,-0.16260786365642213,0.4488723089394137,-0.36225862103329265,0.717158776781549,0.9982547051643537
RPL8,141.592064833306,0.25652476960149884,0.42797676595812517,0.5993894762656302,0.5489131930653758,0.9982547051643537
COMMD5,1.967327978461032,0.8734313473213626,0.7872755411075545,1.1094353904258254,0.26724240221034556,0.9982547051643537
C8orf33,1.218091939291728,0.23457872836147925,0.7546942429883166,0.3108261796626833,0.7559327663125055,0.9982547051643537
WASH1,1.823926929062813,0.37660575945135655,0.8153727609573115,0.4618817030497706,0.6441661557683512,0.9982547051643537
DOCK8,8.639360616148341,-0.1879562820021274,0.4278915540829283,-0.4392614909283772,0.6604720739765824,0.9982547051643537
SMARCA2,1.9216651891707226,-0.6327697826712261,0.6612403623226133,-0.9569436754414324,0.3385956849160596,0.9982547051643537
DCTN3,6.224308400222652,0.6796047449971171,0.5203970172250998,1.3059351274166728,0.1915746196032172,0.9982547051643537
AK3,2.2196329679557527,0.2863377777886394,0.5765396233116098,0.49664891398778804,0.6194366533261092,0.9982547051643537
PLGRKT,2.2532569846822037,0.5971867646303001,0.6055509578803382,0.9861874659082103,0.3240411288045999,0.9982547051643537
KIAA2026,1.5482991819401586,0.32729636749906565,0.7679772608518506,0.42617976362480336,0.6699768620139294,0.9982547051643537
UHRF2,1.906827117000301,-0.2408059082275976,0.6718167729806604,-0.35843985728312516,0.7200141686088601,0.9982547051643537
KDM4C,1.7688491581689154,0.9099990673201321,0.7582402193290556,1.2001461332733885,0.23008259133180187,0.9982547051643537
TMEM261,2.1137674562126647,-1.0220169732296,0.7168649551326751,-1.4256757369879358,0.15396196325069497,0.9982547051643537
PSIP1,6.074964394723485,0.5150824516452678,0.4588569459074053,1.1225338446749993,0.26163552568457604,0.9982547051643537
RRAGA,1.3622502230660665,0.6658169093806164,0.707243671731185,0.9414250505074659,0.3464870811932329,0.9982547051643537
HAUS6,1.287233695085266,-0.058220195534032834,0.7669353221103661,-0.0759127841104372,0.9394884859602697,0.9982547051643537
PLIN2,3.5256492688864705,-0.496795251314809,0.5430160345786614,-0.914881365704576,0.36025391359525705,0.9982547051643537
DENND4C,3.019427021430217,-0.9458302365793554,0.8807628760924134,-1.0738761388032376,0.28287819907435263,0.9982547051643537
RPS6,168.76587656077453,0.02852089666274258,0.4034876259464986,0.07068592647875743,0.943647721860835,0.9982547051643537
MLLT3,5.038981643442698,-0.34369095435102837,0.5737101048115948,-0.5990672841014292,0.5491280171472905,0.9982547051643537
HACD4,3.478872988661447,-0.15200900848011523,0.5596812493837036,-0.27159925162313525,0.785930174949263,0.9982547051643537
CDKN2A,1.7014146844316786,-0.25933715378638666,0.7548695519211797,-0.3435522775112084,0.7311830193906175,0.9982547051643537
TOMM5,5.120904525303024,0.06986572374494668,0.5637400199164646,0.12393252434925486,0.9013687007490311,0.9982547051643537
PLAA,1.8933370524837296,0.7306458613824934,0.6755309627101568,1.0815875240584407,0.27943585058566833,0.9982547051643537
DDX58,1.5014227417299117,-0.4268994532481675,0.6975639384969072,-0.6119861272760737,0.5405469360785902,0.9982547051643537
TOPORS,3.2963846965294725,-0.028111732349189098,0.5031369933670728,-0.055872918747359265,0.9554430448275985,0.9982547051643537
TOPORS-AS1,2.080454602027772,-0.21213466165499067,0.7126025382493754,-0.2976900169007735,0.7659397635393783,0.9982547051643537
NDUFB6,5.02816167239565,0.3373697913530728,0.49144730173946416,0.6864821317747838,0.4924091281610431,0.9982547051643537
APTX,1.3659554610230011,0.2546237341834306,0.7258682792689279,0.3507850411094968,0.7257496204451546,0.9982547051643537
DNAJA1,39.09857255194097,0.558427903531378,0.4747629971891921,1.1762245727605547,0.23950514756648378,0.9982547051643537
SMU1,2.6929972468030816,-1.1816330648689233,0.5997781554258885,-1.9701168743464377,0.04882497741661327,0.9982547051643537
B4GALT1,3.199836920370052,-0.1974095542811652,0.5678299863221886,-0.3476560925564688,0.7280984750557491,0.9982547051643537
BAG1,3.7362181092513365,0.06852304226019958,0.6171350081482982,0.11103411952888825,0.911589290533223,0.9982547051643537
CHMP5,7.234353566881155,-0.4213089609485413,0.47625226819505295,-0.8846340250415161,0.3763540492974987,0.9982547051643537
AQP3,2.45203028656263,0.5538390810102882,0.6200754326405731,0.8931801710830257,0.3717606950952512,0.9982547051643537
DCAF12,1.4187511298036075,1.5232040146287702,0.7451340051910321,2.0442014510373365,0.040933649906824375,0.9982547051643537
UBAP1,1.749774244578278,0.08544089437002553,0.7121124594358998,0.11998230509505138,0.904497165177113,0.9982547051643537
NUDT2,1.6329092414158757,-1.1644775401812182,0.7283725654769527,-1.598738880862015,0.10987863454702251,0.9982547051643537
UBQLN1,2.9376124231600014,0.9229999015484689,0.5707206176375398,1.6172534739837607,0.10582357780851365,0.9982547051643537
SIGMAR1,1.3743910502294638,1.0197357511115699,0.750077948235923,1.3595063733173915,0.1739861842900351,0.9982547051643537
GALT,1.0803475640796942,-0.5753634664921357,0.7407048511122102,-0.7767783154493926,0.43728957245658995,0.9982547051643537
VCP,7.713245144768479,0.2153059226583923,0.5331056036809899,0.40387105513756943,0.6863075421369973,0.9982547051643537
STOML2,3.6016676043441023,-0.6999932269330352,0.574494228456015,-1.2184512781169372,0.22305252892820038,0.9982547051643537
SIT1,5.530755150933112,0.873269548435012,0.5616927280262725,1.554710440178898,0.12001504702178135,0.9982547051643537
CCDC107,7.499076370657149,0.7054482401378906,0.4840179426960398,1.4574836548588603,0.14498292001496138,0.9982547051643537
TLN1,5.154646617307053,0.18573148935101647,0.4616261391598695,0.40234179478882215,0.6874324997494703,0.9982547051643537
CREB3,1.895148994639698,0.20346083107738264,0.7176993376768677,0.2834903425380999,0.7768009836950502,0.9982547051643537
HINT2,3.5657387254316064,0.16459795621087658,0.6242758388316868,0.26366222424836533,0.7920402064188867,0.9982547051643537
GLIPR2,11.76455796759618,0.1194826242506442,0.4185716984348501,0.28545318447812223,0.7752969662867187,0.9982547051643537
CLTA,7.129354811530324,-0.1520035800850318,0.5432498413306115,-0.2798041868042172,0.7796277393538905,0.9982547051643537
RNF38,1.5012786956143584,-0.8229626498024728,0.750068253862838,-1.0971836837037563,0.27256110422080115,0.9982547051643537
EBLN3,3.563389924898441,-0.14469491896720768,0.5526148800696841,-0.26183681291564537,0.7934472562763115,0.9982547051643537
ZCCHC7,2.3696886734944047,-0.4868718967809608,0.6323010268726138,-0.7700001677825019,0.44129979315848555,0.9982547051643537
GRHPR,2.580166234525856,0.5216826192303756,0.6040727129516397,0.8636089795900779,0.3878027296380103,0.9982547051643537
MFSD14B,0.7389367511527051,0.2330460681277869,0.9042051561208388,0.25773583190742433,0.7966107902304127,0.9982547051643537
TRMT10B,1.177989793408704,0.7572928062375901,0.7580284840694543,0.9990294852405615,0.3177804080938329,0.9982547051643537
EXOSC3,2.1738228464312344,0.8012093958726191,0.625166026417445,1.2815945877033692,0.19998489978208445,0.9982547051643537
DCAF10,2.021238952229674,0.5189907058900327,0.863373668738275,0.6011194511508327,0.5477604288218398,0.9982547051643537
FAM122A,1.259635911453056,0.5540870842126794,0.8802763996667231,0.6294467106268661,0.52905664571109,0.9982547051643537
PTAR1,1.8880409689982929,-0.0219247453702199,0.7392648050113202,-0.02965749920948038,0.9763402077160083,0.9982547051643537
SMC5,3.5222711058030214,0.8461581187461065,0.5016537498040402,1.6867373543537534,0.09165386600476003,0.9982547051643537
KLF9,3.5705145514113292,-0.6039099400614629,0.58957740153723,-1.0243098505588293,0.30568894669937363,0.9982547051643537
TMEM2,11.059652358982254,-1.130878948560019,0.49494032652005543,-2.284879384371996,0.022319901171052463,0.9982547051643537
ZFAND5,8.138458676491425,-0.3408752638030364,0.41931328729475276,-0.8129369474605296,0.4162542096544961,0.9982547051643537
ANXA1,61.50032089208771,-0.003936893251399221,0.3513561081955125,-0.011204852170119475,0.9910600085151775,0.9982547051643537
NMRK1,4.10358761085857,0.33928542103558873,0.5953834586375282,0.5698603414545769,0.5687724250792783,0.9982547051643537
OSTF1,9.248212973554349,0.45067477487548613,0.36084974523205693,1.2489264044946577,0.21169199300364772,0.9982547051643537
GCNT1,1.0376068829432592,0.5073249668960893,0.7584079092990818,0.6689341720670576,0.5035374706054758,0.9982547051643537
VPS13A,3.5000025024805503,1.183590321694823,0.6002267796713178,1.9719052227942129,0.04862042698119278,0.9982547051643537
TLE4,3.7376355356213407,0.16610103830091968,0.7134855476043334,0.23280224646264558,0.8159149684254225,0.9982547051643537
UGCG,2.0993244849954307,0.8021401208503772,0.6559410442462458,1.2228844770220646,0.2213733323715782,0.9982547051643537
HNRNPK,21.293960500172066,-0.558340002591574,0.34383702615456263,-1.623850720313604,0.10440767212431448,0.9982547051643537
ISCA1,4.135819372652125,0.26811353356037393,0.5934420038659972,0.45179399471850595,0.6514173963424967,0.9982547051643537
ZCCHC6,2.8887254082067133,-0.35223768499085784,0.579887347829812,-0.6074243321725897,0.5435693447237756,0.9982547051643537
SPIN1,1.9017068868025206,-0.39221136795577144,1.283460465760562,-0.3055889748215595,0.7599176159781761,0.9982547051643537
CKS2,6.044543721541123,0.2626293585973732,0.6232671338662185,0.4213752728597196,0.6734810724330698,0.9982547051643537
SECISBP2,2.9667513662025984,-0.1606767990440086,0.5843366998829481,-0.27497297204881144,0.7833370033600828,0.9982547051643537
SEMA4D,5.70775867550924,0.02043037346627588,0.6209141547105318,0.03290370063443063,0.9737513817157583,0.9982547051643537
SPTLC1,2.0529954233408345,0.23102814212117828,0.8604489755554847,0.26849720167547664,0.7883166285614298,0.9982547051643537
IARS,1.5799737911034037,0.03968216052373099,0.6588819571608869,0.0602265096083688,0.9519752324185565,0.9982547051643537
NOL8,1.521622100751646,0.6519908122585506,0.6609920117830868,0.9863822869806632,0.3239455538046815,0.9982547051643537
FGD3,1.954921858539644,0.2013612349064904,0.6390680005755965,0.3150857729148199,0.7526965303359014,0.9982547051643537
SUSD3,4.520863945135529,0.36316074231337026,0.5522449412957859,0.6576080922737851,0.5107899933216575,0.9982547051643537
CARD19,2.583387052919913,1.1735974271195744,0.6359677866683441,1.8453724413743036,0.06498337917637767,0.9982547051643537
NINJ1,3.2081812736845774,0.29401627754785215,0.6277633709371288,0.46835526116941634,0.6395305560656515,0.9982547051643537
FAM120AOS,1.9406398998066996,0.41461946890036316,0.6593969678732216,0.6287858287211288,0.5294892788695684,0.9982547051643537
RPL35,99.93838053847492,-0.027469049091504896,0.293561180787221,-0.0935718033898188,0.9254493089500753,0.9982547051643537
HABP4,1.0767263306321275,-1.8423321021561783,1.030649923651694,-1.7875440145851025,0.07384960489040301,0.9982547051643537
TSTD2,0.7371923306462376,0.2880057025780159,0.904055510038546,0.3185708171456598,0.7500519858227512,0.9982547051643537
XPA,2.034408027032875,0.6337338909544495,0.6056554267242917,1.046360460075494,0.29539464091197887,0.9982547051643537
TRMO,4.0249264370517235,-1.4570337610269544,0.696431052535481,-2.0921435879723687,0.03642567301375287,0.9982547051643537
ANP32B,10.502939864449854,-0.007017755156328151,0.40358598595611245,-0.017388500593504972,0.9861266829670345,0.9982547051643537
NANS,1.446888296665082,0.3814866139915787,0.6857439582760039,0.5563105724630166,0.5779985608920799,0.9982547051643537
SEC61B,17.19299825170851,0.43122346460170513,0.36132954658219085,1.1934353796434294,0.23269890586376885,0.9982547051643537
NR4A3,3.6416983921530286,-0.3208909645446827,0.7366798396629796,-0.43559080521530996,0.6631336431488957,0.9982547051643537
STX17,2.13669671959554,-0.01294546154624354,0.6532601374414532,-0.01981670211341151,0.984189594139949,0.9982547051643537
ERP44,2.961453497853718,0.2542123290756909,0.5554355714806205,0.4576810383210405,0.6471816127698531,0.9982547051643537
MRPL50,3.0468108161417047,-0.4358622328251507,0.5508308716531746,-0.7912814173196655,0.42877978979160747,0.9982547051643537
SLC44A1,0.8934308801785396,-0.37075341829854486,0.9081418631810461,-0.4082549580963783,0.6830865036790268,0.9982547051643537
RAD23B,1.856083732477278,-0.6301434234006236,0.681288102776231,-0.9249294400310322,0.35500261166711655,0.9982547051643537
TXN,15.026790119322401,0.018756455051535836,0.3835353853919758,0.048904105764235054,0.9609957168525867,0.9982547051643537
KIAA0368,1.5186156313300796,0.5853394460377412,0.7269685244946256,0.8051785274261467,0.4207166656200807,0.9982547051643537
SWI5,1.75580765666629,0.6855670370329581,0.6923123565347784,0.990256826361467,0.3220486032112214,0.9982547051643537
PTBP3,4.557237281625538,0.24556062441948776,0.5804701024567328,0.42303750594595246,0.6722678968553685,0.9982547051643537
FKBP15,0.9234300189353306,0.6318635249531956,0.8067375320713498,0.7832330836658188,0.43349025042554323,0.9982547051643537
CDC26,4.012110824967772,-0.22355025726424246,0.49891044969129245,-0.44807691921980625,0.6540976848300147,0.9982547051643537
POLE3,2.715954042666619,-0.7970552067844047,0.6272909499153527,-1.2706308083863798,0.2038600213559284,0.9982547051643537
AKNA,8.400635904311343,-0.03687416797575657,0.5147907375985834,-0.07162943169445643,0.9428968171237485,0.9982547051643537
ATP6V1G1,19.971411223683308,0.07197158208922165,0.35594113413091555,0.2022008000422632,0.8397597477050485,0.9982547051643537
TNFSF8,1.755790748083004,0.25727575456043217,0.7929531787001067,0.32445264294442455,0.7455953700515938,0.9982547051643537
FBXW2,2.512484974742221,0.7674806429050172,0.6098276286807689,1.258520616006357,0.20820353617322995,0.9982547051643537
PSMD5-AS1,2.699919726871881,0.34712606999608964,0.6586305372778112,0.5270421736453307,0.5981643019206813,0.9982547051643537
TRAF1,3.133442691333748,-0.3585342764947322,0.719607771803435,-0.4982356924747998,0.6183179279300881,0.9982547051643537
CNTRL,3.767969453604951,-0.0439094142962288,0.46567878637138543,-0.09429120582961324,0.9248778355232629,0.9982547051643537
RAB14,4.100063141753016,0.07559631337681892,0.5492177929294191,0.1376435984959685,0.8905220968316526,0.9982547051643537
STOM,8.525070825195055,0.5277564980441624,0.46874565993198636,1.125890953573284,0.2602116789617589,0.9982547051643537
NDUFA8,1.9103004273304236,0.19419411408489584,0.5850262253628755,0.331940869769458,0.7399339087595465,0.9982547051643537
PSMB7,5.331239713607017,-0.4128597639404107,0.5853596456337515,-0.7053095768045636,0.48061760192997693,0.9982547051643537
RALGDS,2.5523395336162635,0.5098555961669943,0.5708716203185418,0.8931177834387685,0.37179410052140915,0.9982547051643537
ARPC5L,10.118910147058497,0.4466463341613625,0.4873717341353926,0.916438732241463,0.3594368282715632,0.9982547051643537
PPP6C,4.454236858677801,0.4173186794724476,0.5117042624538514,0.8155466156783948,0.41475949278200397,0.9982547051643537
HSPA5,15.466024245377426,-0.044730399958305495,0.37642548058135866,-0.11882936269144963,0.9054105454304715,0.9982547051643537
MVB12B,1.4234119194428545,-0.6885160721046605,0.8325552407362565,-0.8269914576428378,0.4082419032719228,0.9982547051643537
ZBTB43,2.07544821756575,-0.23367134287486097,0.7077618612767791,-0.33015531870186615,0.7412826061054559,0.9982547051643537
RPL12,162.64601089110792,-0.1602560730648457,0.28585478407598025,-0.5606205737744435,0.5750562231229057,0.9982547051643537
TOR2A,1.084819422979741,0.8612295449233217,0.781520759966248,1.1019918971320943,0.27046519431669136,0.9982547051643537
CDK9,2.0151070061571725,-0.40786345096637866,0.7294971381263599,-0.5591021947172198,0.5760919770077637,0.9982547051643537
FPGS,1.4541348594084964,0.6803410817538446,0.7665072106650276,0.887586016527588,0.37476347823985157,0.9982547051643537
ST6GALNAC6,2.239548336530647,0.6618676798753019,0.6415964933587966,1.031594914757692,0.30226192363083515,0.9982547051643537
DPM2,1.8450171911871265,0.2305321375918434,0.6528690112121243,0.35310626424714925,0.7240087768149094,0.9982547051643537
FAM102A,3.2727113276052857,0.4308025996131794,0.6055969914528477,0.7113684606980449,0.4768559379415739,0.9982547051643537
C9orf16,11.225567075789725,-0.02875643272370921,0.4997288587814775,-0.057544070586253424,0.9541118009955678,0.9982547051643537
CIZ1,1.1102435863453086,-0.43880969460645725,0.8574577202379466,-0.5117566548758654,0.6088213296711078,0.9982547051643537
GOLGA2,1.55089534178755,-0.9339154480766391,0.8081269848600697,-1.1556543285562355,0.24782257627736637,0.9982547051643537
ABCA2,1.2809978450564468,-0.07419804926914504,0.8416188341823743,-0.0881611083968051,0.9297486279168099,0.9982547051643537
COQ4,2.8324928960228033,0.3490544204399472,0.714846291067274,0.48829297263164767,0.6253423383726076,0.9982547051643537
URM1,3.419910983186374,-0.32714126620834466,0.5880199124985339,-0.5563438571634431,0.5779758110886002,0.9982547051643537
ODF2,1.0778133690590779,0.8285078857704608,0.7053323298819807,1.1746347794791858,0.24014086266256474,0.9982547051643537
SPTAN1,3.041726647940139,-0.7003232923299764,0.5834444533999235,-1.2003255635544416,0.23001292533638207,0.9982547051643537
SET,9.279366051921356,-0.07714199597366952,0.47877065469847585,-0.16112515505415145,0.8719948282242845,0.9982547051643537
ZDHHC12,1.699637295306367,1.5612420172915573,0.7117191603283234,2.1936208891318034,0.028262675408524666,0.9982547051643537
PPP2R4,1.3033846412698937,0.19377598328099704,0.7552593583540573,0.2565687947293954,0.7975116669551852,0.9982547051643537
NTMT1,2.0049651454018944,0.11666675980225726,0.6620219485340744,0.17622793331942285,0.8601148765800648,0.9982547051643537
TOR1A,1.4847355420970911,0.7702631727741469,0.6542864873598861,1.1772567333344126,0.23909305050368224,0.9982547051643537
C9orf78,8.725561446887157,0.32464242101070645,0.37676581802133546,0.8616557168472291,0.38887700085971266,0.9982547051643537
USP20,1.4519921997506986,-0.34842757528378937,0.8909392857726207,-0.39107892181635445,0.6957389003822381,0.9982547051643537
FNBP1,8.548036846556851,0.1499796017678635,0.5049813379344649,0.29700028595378997,0.7664662908221639,0.9982547051643537
PRRC2B,3.7065416809955805,0.33129507020123045,0.5054952923347628,0.6553870534996621,0.51221858483262,0.9982547051643537
SETX,4.537780961435103,0.3448495014932347,0.5032485107586051,0.6852469388799639,0.4931881086196146,0.9982547051643537
GTF3C5,1.4246922356597265,-0.503872629744374,0.7275193094062187,-0.6925900429441811,0.48856686073437094,0.9982547051643537
SIGIRR,8.593155582376301,0.3308512411935275,0.5617546035926388,0.5889604447878225,0.5558878084138388,0.9982547051643537
SURF6,0.9830565401292871,0.03231006711873079,0.8525293957763486,0.03789906515693562,0.9697681584118286,0.9982547051643537
RPL7A,180.5960817762938,-0.18282810482800124,0.25862065541338414,-0.7069354322676406,0.47960660367651375,0.9982547051643537
SURF1,2.2127761802102124,0.15548204834407373,0.6233531322742314,0.24942851859397183,0.8030293274602924,0.9982547051643537
SURF2,2.139508933354779,0.6619940779394757,0.6494988127995854,1.0192383186753353,0.30808983903112197,0.9982547051643537
SURF4,6.247197169906413,0.5252903985287792,0.5019461689873181,1.0465074364220337,0.29532681337183,0.9982547051643537
BRD3,1.3944197799588112,0.17778581744245872,0.693022419732036,0.25653689170864247,0.7975362978038082,0.9982547051643537
SEC16A,1.5875795603169993,0.5844701265548692,0.7801324748816127,0.7491934323636048,0.45374062707346285,0.9982547051643537
AGPAT2,1.2291341746737494,0.872643849507,0.7293213031417662,1.196514959521722,0.23149566435406477,0.9982547051643537
SNHG7,4.0829360687167595,0.28316787418141665,0.6305121017140025,0.4491077544929666,0.653353926789894,0.9982547051643537
TMEM141,1.9014059751435364,-0.06700852207287517,0.6163490236208163,-0.10871846876502789,0.9134257927294482,0.9982547051643537
PHPT1,5.481442844113465,0.12203652090502039,0.4910762951605631,0.2485082707262812,0.8037411716399359,0.9982547051643537
EDF1,21.90482203652922,-0.015827517964512088,0.3610443491936875,-0.0438381545088833,0.965033413405037,0.9982547051643537
FBXW5,3.174055951378392,0.28668233412976873,0.5936274653742525,0.48293306973091255,0.6291432600683324,0.9982547051643537
C9orf142,16.011217111600217,-0.04843628833352559,0.5637274108412549,-0.08592147091312047,0.9315288433057684,0.9982547051643537
CLIC3,5.431431641007177,0.42128903419128116,0.6904633979374376,0.6101540435738694,0.5417597693744707,0.9982547051643537
TSSC4,3.1863520604447726,0.687692092063276,0.6667476313141721,1.0314128761249919,0.30234724521292333,0.9982547051643537
NPDC1,1.4905664478555223,0.40287984004067384,0.6437474697955803,0.6258352210201414,0.5314230273353536,0.9982547051643537
MAN1B1,1.797067286684881,-0.8512264286932186,0.8167593080405982,-1.042199850449586,0.29731903238438673,0.9982547051643537
DPP7,7.213583137578951,0.46230086198766124,0.5781070662758815,0.7996803515407027,0.4238960197621001,0.9982547051643537
SSNA1,5.433163978192476,0.2953264520306958,0.6521980953401917,0.4528171028721744,0.6506804471582486,0.9982547051643537
TUBB4B,12.123140008562471,0.09597770349769645,0.5948434964831855,0.16134950464304096,0.8718181349338648,0.9982547051643537
MRPL41,8.273422712106374,0.5164039631180982,0.536786428874856,0.9620287237896814,0.3360351755350217,0.9982547051643537
DPH7,1.47528842779294,0.36434657575723806,0.6981565334266306,0.5218694638134863,0.60176122069468,0.9982547051643537
ARRDC1,3.4666618948939285,-0.17601021682855775,0.6809394657972918,-0.25848144463542383,0.7960353675165774,0.9982547051643537
EHMT1,1.6853149729444414,0.5573400105820236,0.6937272425935094,0.8033993425116186,0.42174395493655203,0.9982547051643537
RIC8A,3.2461692346562425,0.15319475727918005,0.5429743839389995,0.28213993479366556,0.777836213003134,0.9982547051643537
PSMD13,4.825989900999432,-0.3190240691823,0.4950680891104762,-0.6444044288039511,0.5193132134002754,0.9982547051643537
ATHL1,1.4459028033200636,0.01625418484253805,0.7485141620692078,0.021715266946459172,0.9826750853824604,0.9982547051643537
IFITM2,47.662889337224506,0.4524572682669525,0.4162684243209765,1.08693631760566,0.277064954614738,0.9982547051643537
IFITM1,61.828252520753246,0.39735891012625546,0.8827870883432943,0.4501186247206782,0.6526249080385345,0.9982547051643537
IFITM3,14.61632825655167,-0.6189473215077145,0.8410683273691321,-0.7359061105579688,0.46178783828845826,0.9982547051643537
MRPL17,1.5961358132998282,0.1914874621110303,0.7128811558620922,0.2686106380234769,0.7882293251174539,0.9982547051643537
ANO9,0.7626598886701395,0.46048385251743507,0.8841907721662385,0.5207969445205413,0.6025082318339051,0.9982547051643537
RNH1,4.694189314210987,0.4091673526243679,0.5686994880835284,0.719479023980185,0.4718458219604086,0.9982547051643537
RASSF7,3.3072069561037964,0.9996576109463444,0.7232777043279986,1.382121424405211,0.16693442119384239,0.9982547051643537
IRF7,6.03355410546903,0.21772148872967048,0.6055350727438783,0.35955223492357413,0.719182008763861,0.9982547051643537
TALDO1,6.481936080908463,0.09301327161825275,0.4353976533591396,0.21362832551035907,0.8308369087132187,0.9982547051643537
RPLP2,166.06526257114564,-0.015033110797185197,0.4380365767200993,-0.034319304816390235,0.9726225309191585,0.9982547051643537
PNPLA2,6.12563965890734,-0.1146626659901412,0.7553632645306726,-0.15179804390061805,0.8793462249973107,0.9982547051643537
CD151,2.877235454146213,-1.790236426811891,0.8831523914826531,-2.0270979777413136,0.042652393656476655,0.9982547051643537
POLR2L,12.248542491180155,0.3349737980305443,0.4287297225877177,0.7813169472102763,0.4346161050169476,0.9982547051643537
CHID1,1.7924323360499217,0.08043765526553114,0.6920096203994924,0.11623777024818675,0.9074641032928933,0.9982547051643537
TOLLIP,1.3119664783267029,-0.6852052070229937,0.853107074910047,-0.8031878144900426,0.42186618754297645,0.9982547051643537
MOB2,2.043331743246467,1.2953246515849146,0.688752691898568,1.8806817988824294,0.0600152170415834,0.9982547051643537
CTSD,15.893759628040117,0.407967887013307,0.46205638615560257,0.8829396135127094,0.3772688990337295,0.9982547051643537
LSP1,28.769159466572063,-0.29047955531698955,0.3753484275513326,-0.7738930923781839,0.43899401482423783,0.9982547051643537
CD81,4.891110099967565,0.4943243639544754,1.105983869299545,0.446954406548033,0.6549079798305407,0.9982547051643537
NUCB2,6.839281290141296,-0.2180261444930961,0.577476278821096,-0.37754995744273906,0.705764945805995,0.9982547051643537
KCNQ1OT1,2.1105080329366537,-0.05346032812261871,0.7053668957052125,-0.07579080964548256,0.939585527935416,0.9982547051643537
NAP1L4,6.690544404762481,-0.010514764900209313,0.4716981778894232,-0.022291298531736566,0.9822155899249362,0.9982547051643537
CARS,1.6316498828218318,0.3479105302501908,0.6592827825776978,0.5277106265234355,0.5977001965560975,0.9982547051643537
ZNF195,1.300210466037653,0.9353583900060837,0.6889143747241334,1.35772807815287,0.17454998384389042,0.9982547051643537
NUP98,2.298258544455769,0.94536388938236,0.6137402457205421,1.540332243117747,0.12347938819421393,0.9982547051643537
RHOG,6.456933875273657,0.37673764200826926,0.4855615045812249,0.7758803744814751,0.43781962139395547,0.9982547051643537
TRIM22,9.889127559064502,-0.16817607452981995,0.4247513237102146,-0.39594008338996395,0.6921492300559926,0.9982547051643537
FAM160A2,1.4355284054330169,0.07574630284285055,0.883292582092715,0.08575448767314546,0.9316615867155164,0.9982547051643537
SMPD1,1.7148246685835695,-0.18756614756597945,0.7279851259538856,-0.2576510712635918,0.7966762108189853,0.9982547051643537
APBB1,1.316283299553467,0.758903169546541,0.8177580884482812,0.9280289370008935,0.3533925595041638,0.9982547051643537
ARFIP2,0.9096658291902753,-0.6109473845546587,0.8713303401760668,-0.7011662011347001,0.48319930001866884,0.9982547051643537
RRP8,1.7296713931935506,0.11256089383531458,0.7319728810494593,0.15377740999629855,0.877785246162167,0.9982547051643537
ILK,4.338130587294811,-0.06716860955115486,0.5421030177691027,-0.1239037735439501,0.9013914651184987,0.9982547051643537
TAF10,2.0808581319807518,-0.1393893877054838,0.7413578119637281,-0.188019044860761,0.8508617217844235,0.9982547051643537
TPP1,2.1926033201480672,-0.05300472509677299,0.5756890871663312,-0.09207179062169468,0.9266410010520522,0.9982547051643537
CD44,30.103787174645532,-0.11561677263906216,0.276719498886238,-0.4178121639581073,0.6760844566433024,0.9982547051643537
EIF3F,17.265164539292023,0.2463852320081957,0.4069768943540979,0.6054034895500077,0.5449109329941204,0.9982547051643537
RPL27A,109.51186876891805,-0.11515419103632754,0.7082196774228134,-0.16259671216051155,0.8708359758594026,0.9982547051643537
TMEM9B,4.675968327394315,0.30946087060288985,0.5452150744887073,0.5675941203443367,0.5703106004752531,0.9982547051643537
TMEM41B,1.307580731054682,0.24245613216169157,0.7413772247103378,0.3270347726913531,0.7436415851643501,0.9982547051643537
IPO7,1.666342575592196,0.5336224352666825,0.7238343581812121,0.7372162280435575,0.46099086629963393,0.9982547051643537
CTR9,1.7065374720176905,0.23159056661464453,0.6231352177614973,0.3716537920077645,0.7101506330215078,0.9982547051643537
EIF4G2,14.378961146338469,-0.42452458372951274,0.4000906991830279,-1.0610708636726072,0.2886576978858304,0.9982547051643537
USP47,4.109320448441557,0.7424226439304095,0.5852490069315275,1.268558571031067,0.2045985482875463,0.9982547051643537
ARNTL,1.5149666765089302,-0.2933574755539462,0.6694357636784668,-0.43821601932645954,0.6612296971423597,0.9982547051643537
FAR1,1.584042923783805,-0.12559631299993906,0.7179094234998523,-0.1749472968158704,0.8611210458305644,0.9982547051643537
COPB1,3.6632663964099015,-0.34437838351766203,0.5329379509346098,-0.6461885157807357,0.5181572760330828,0.9982547051643537
PSMA1,5.8013604527694005,-0.5652207405309747,0.6747658915285558,-0.8376545815772829,0.4022247286628309,0.9982547051643537
PDE3B,2.8582127139251434,-0.36110917703107176,0.5977769990808898,-0.6040867707962905,0.5457859544381596,0.9982547051643537
C11orf58,13.31463032838859,-0.3557531027328741,0.43249766026334013,-0.8225549764044096,0.41076111111404434,0.9982547051643537
RPS13,165.67133423530512,-0.13452231624773278,0.33839748532970065,-0.39752752925060214,0.6909784900296506,0.9982547051643537
FNBP4,6.287849476534125,0.33550272707893525,0.44586757805640337,0.7524716835017176,0.45176745235550986,0.9982547051643537
SERGEF,1.4860548604452755,-0.08256783399439833,0.8364229391438892,-0.09871541074532181,0.9213642326263477,0.9982547051643537
GTF2H1,0.92934365386564,-0.6849397454758201,0.8490201397873702,-0.8067414580381537,0.41981545337853443,0.9982547051643537
LDHA,35.0032939208874,-0.35870806071793554,0.36733224246424057,-0.9765221215310427,0.32880579095071494,0.9982547051643537
TSG101,3.2196142249180957,-0.038682690720983355,0.5262014243743482,-0.07351308629956094,0.9413978308903804,0.9982547051643537
SPTY2D1,1.8533835011354978,-0.05227367711542217,0.6965692783128906,-0.07504447689974271,0.940179324189805,0.9982547051643537
HTATIP2,2.767577175644999,-0.12058322415455998,0.6889064198617983,-0.17503570975394625,0.861051574375397,0.9982547051643537
SVIP,3.156565866922744,0.48707621009574276,0.527860532673891,0.92273655624232,0.3561445103518257,0.9982547051643537
METTL15,1.8149057662569896,-0.1515200114148055,0.6549953207418914,-0.23132991430104238,0.8170585086118032,0.9982547051643537
IMMP1L,1.481698361405513,0.4302120091508655,0.6962113730351441,0.6179330384612214,0.5366194794699999,0.9982547051643537
EIF3M,7.516743846786268,0.016603765852508934,0.39840222957098237,0.04167588587641345,0.9667570775380941,0.9982547051643537
HIPK3,1.8865120983462098,-1.5229003144065343,0.8199679385345265,-1.8572681233467634,0.06327301718279506,0.9982547051643537
CD59,1.8406601786303738,-0.8624513521819869,0.7997778419586445,-1.0783636491726951,0.2808715025869125,0.9982547051643537
FBXO3,1.7286509664029823,-0.4853039241303531,0.6759562522637459,-0.7179516758741309,0.4727870834349459,0.9982547051643537
CAPRIN1,2.4289892104978166,0.4997031419080204,0.5820347874355497,0.8585451466049251,0.39059151241588064,0.9982547051643537
CAT,2.4082131256339885,-0.9398596370014755,0.6076556010269957,-1.5466978917219283,0.1219361117334557,0.9982547051643537
TMEM138,1.4734392570721582,-0.12339156620960044,0.6685482601870945,-0.18456643081393867,0.8535691178584723,0.9982547051643537
TRIM44,2.1564527859235714,0.6106887004568626,0.5724548876593565,1.066789215397978,0.2860670296032739,0.9982547051643537
API5,1.6777638419721546,-0.4584914371822825,0.6702952624572496,-0.6840141395323146,0.4939662372778192,0.9982547051643537
TTC17,2.6723204461464056,0.06670778310791509,0.552160761895181,0.12081224837301731,0.9038397483708789,0.9982547051643537
EXT2,0.7340876153208076,0.16797559456050856,0.8732593516141289,0.19235476178986596,0.8474643254935476,0.9982547051643537
CD82,7.880434069327025,0.8798214874291239,0.5070795698906356,1.7350757941576689,0.08272738111014839,0.9982547051643537
PEX16,2.375762457063311,-0.1026326492319608,0.6652800119959843,-0.15426985236493218,0.8773969670532965,0.9982547051643537
PHF21A,1.7072621319835048,-1.3528114762492602,0.7686561209859583,-1.759969691666546,0.07841294557248228,0.9982547051643537
DGKZ,3.7750199546873175,0.3879101174350611,0.5671690308736216,0.6839409352756012,0.4940124636093599,0.9982547051643537
ARHGAP1,1.4120611355531683,-0.47696176805005364,0.7499951792156886,-0.6359531117904503,0.5248069835534572,0.9982547051643537
DDB2,2.314874842320195,0.43156405713047097,0.6599014281227268,0.6539826082179804,0.5131230105474394,0.9982547051643537
PSMC3,2.757186457077176,-0.37886592055024826,0.5437665074032765,-0.6967437593012104,0.48596316814315454,0.9982547051643537
CELF1,3.983556551581018,0.0938927871310725,0.6080537172259585,0.1544152835039426,0.8772823036927858,0.9982547051643537
NDUFS3,3.5647826534150737,0.22822351260052398,0.5998918744040936,0.38044108003168275,0.7036180254702826,0.9982547051643537
KBTBD4,1.2634780561568921,-0.24322355149258107,0.7947217821289383,-0.3060486788735327,0.7595675824379513,0.9982547051643537
MTCH2,1.5664301860905157,0.24967194203463508,0.6889987737998808,0.36236921098955704,0.7170761443502953,0.9982547051643537
RARRES3,34.44292767258659,-0.48333614772275046,0.3495041541995418,-1.382919607435625,0.16668951748316507,0.9982547051643537
PTPRJ,1.2000458942222385,-0.3174758593052779,0.7912891739966967,-0.4012134498210678,0.6882629791970964,0.9982547051643537
SSRP1,2.2317360525432224,0.3133304709055065,0.5885617114488955,0.5323663853942575,0.5944722618940608,0.9982547051643537
TIMM10,2.272301796863943,-0.28944441280926425,0.6968049716053358,-0.41538798459262866,0.677857901133526,0.9982547051643537
UBE2L6,12.754496403791862,-0.4277598019036355,0.40760771678273666,-1.0494399008928486,0.2939757020390492,0.9982547051643537
MED19,1.8094628214443667,0.6225334823833785,0.6108867704375582,1.019065254822065,0.3081719879829893,0.9982547051643537
TMX2,2.5236774127520034,0.21692149151094828,0.5319005486748489,0.40782340242245646,0.6834033310900612,0.9982547051643537
C11orf31,12.137682791044892,0.6520748496505389,0.585631169469311,1.1134565297155168,0.26551240808510634,0.9982547051643537
LPXN,5.637332753308587,0.11676671949326552,0.4491885532449547,0.2599503452386273,0.7949020758750337,0.9982547051643537
FAM111A,3.3139710541784204,0.1546825412238679,0.572539764931537,0.2701690794216966,0.7870301794929575,0.9982547051643537
MRPL16,2.6513884566971977,0.46531848419693844,0.6607192026785049,0.7042605728887144,0.48127051497932505,0.9982547051643537
PRPF19,1.3829481517457618,-0.09236331995947067,0.7286418245743802,-0.12676093636736077,0.8991296145233417,0.9982547051643537
TMEM109,5.472112213792476,-0.6576501265052606,0.6379251523354657,-1.030920514887336,0.30257809539576597,0.9982547051643537
CD6,8.245111231263236,0.6125630361442592,0.5240222025841534,1.1689638971850376,0.24241817743092553,0.9982547051643537
CD5,3.770366115946028,0.17771919794919525,0.6879866661150597,0.258317794082761,0.796161654484777,0.9982547051643537
DDB1,2.7786413445995444,-0.8534074403255638,0.6671512173385378,-1.2791814181649204,0.20083317777768483,0.9982547051643537
RPS6KA4,1.036585498590071,0.38250839763131805,0.8123248511878376,0.47088107309777344,0.6377256647166186,0.9982547051643537
SDHAF2,2.1796086233270766,-1.1315087966089954,0.7603082136948663,-1.4882238232179648,0.13669187656646567,0.9982547051643537
TMEM258,13.602475568307318,-0.8450328333803243,0.4328329727723508,-1.9523300823589766,0.05089902812794296,0.9982547051643537
FTH1,173.35803991963874,-0.41678302467073375,0.4452842731327999,-0.9359931392556367,0.34927672012119826,0.9982547051643537
AHNAK,11.689631621182182,-0.25545544915428586,0.49414837419997426,-0.5169610232308626,0.6051833676122785,0.9982547051643537
B3GAT3,2.770398892316916,0.9284341861821238,0.6051064534711252,1.5343319854816706,0.12494800070585567,0.9982547051643537
GANAB,1.7637325872929366,-0.7638394160973907,0.7475950914598263,-1.0217287738016634,0.30690928859687994,0.9982547051643537
METTL12,3.0339773266678267,0.5706942335686189,0.6754136659300477,0.8449551176652169,0.39813589870355004,0.9982547051643537
UQCC3,1.9603051600402994,0.4634650850647234,0.8597795967258153,0.5390510391612875,0.589851637601095,0.9982547051643537
UBXN1,13.464894829570898,0.10024184766043026,0.41417687122601876,0.24202666692541527,0.8087595001715718,0.9982547051643537
TTC9C,1.3784138871564706,0.3158229811865501,0.6652031764641816,0.47477671839343044,0.6349461289801397,0.9982547051643537
POLR2G,6.576537876573717,0.19535480966448004,0.44824538434918193,0.4358211294202623,0.6629665123548553,0.9982547051643537
TMEM223,2.472865685761884,0.2566039285350118,0.791738661288389,0.3241018041451236,0.7458609610805824,0.9982547051643537
TMEM179B,4.964564286695831,-0.14258738060485374,0.5052039413307898,-0.2822372688329692,0.7777615830300721,0.9982547051643537
STX5,1.949719388999123,-0.6812087907196356,0.6478383494845747,-1.0515104443286056,0.2930242150591652,0.9982547051643537
SLC3A2,8.359941668432738,0.2934868046494811,0.5428815228690942,0.5406093084517264,0.5887769005332932,0.9982547051643537
KAT5,1.7079197766700231,-0.9538823838085594,0.9267227407365374,-1.0293071939191178,0.30333534386176597,0.9982547051643537
PLA2G16,6.248769495849807,0.07497807883197716,0.47491188299594655,0.1578778748575072,0.8745530327005021,0.9982547051643537
ATL3,1.5574529991770774,-0.020294325708573063,0.7112301410427748,-0.02853411932010981,0.9772361558186349,0.9982547051643537
RTN3,2.7136071459110447,0.8865663193324741,0.5719959926853341,1.549951976359721,0.12115304297128206,0.9982547051643537
COX8A,17.58335496321318,-0.39888114348277903,0.4890108996811652,-0.8156896783749592,0.4146776438596288,0.9982547051643537
OTUB1,4.838913923640923,0.02028399827607158,0.6592449906871867,0.03076852848730463,0.9754541391597874,0.9982547051643537
STIP1,3.079892641401252,-0.2531906522790537,0.6905237744020887,-0.36666464163132784,0.7138691841762488,0.9982547051643537
FERMT3,6.618962131748249,-0.4897314273552525,0.525944659861621,-0.9311463063131082,0.3517778880594634,0.9982547051643537
NUDT22,3.132352788602629,1.0541961349799698,0.6698890545021946,1.573687654537601,0.115559677330319,0.9982547051643537
DNAJC4,3.4667054685760723,0.8099151298247699,0.6108740576274226,1.325829963987019,0.18489602548747153,0.9982547051643537
FKBP2,4.823056407554484,0.6345495318404336,0.5369179917825858,1.1818369686843755,0.23727039594745958,0.9982547051643537
PPP1R14B,6.084448670638052,-0.7619272397720126,0.5775828109855836,-1.3191653651739823,0.18711383445251462,0.9982547051643537
BAD,2.1638814673846087,0.1149533613003019,0.7891168976734269,0.14567342511511513,0.8841792012293785,0.9982547051643537
TRMT112,18.847011458886694,-0.2697151701515142,0.3347356224597683,-0.8057558026526774,0.4203836667442796,0.9982547051643537
PRDX5,8.663343058852961,0.40224836043531503,0.43984589538246455,0.9145211190058806,0.36044308595125596,0.9982547051643537
CCDC88B,1.5653641755646677,-0.47554813234746196,0.7577553096560389,-0.6275747939837245,0.5302825251858396,0.9982547051643537
ZDHHC24,2.2652368859604146,0.4676615579850789,0.6608858192397857,0.7076283744793134,0.47917606748064334,0.9982547051643537
SF1,13.074671478990743,0.5354672282223247,0.4005810070462478,1.3367264518372537,0.18131194426859265,0.9982547051643537
EHD1,2.5497092765163036,-0.0248633578478246,0.5425832993657791,-0.04582403822028279,0.9634504992035393,0.9982547051643537
ATG2A,2.0714874276942625,-0.8734897261432688,0.66186012779278,-1.3197497317994464,0.18691858985554766,0.9982547051643537
ARL2,2.0004719427073043,-0.3633725792756864,0.6904725378876339,-0.5262665194293664,0.5987030419056001,0.9982547051643537
ZFPL1,2.3787045654589645,-0.47068882349517444,0.7638369684172428,-0.6162163432211134,0.5377517433417538,0.9982547051643537
VPS51,3.0586853538044747,-0.18242448712080306,0.5969237150460274,-0.30560770584686303,0.7599033526079152,0.9982547051643537
FAU,178.00424455334934,-0.24412832531750667,0.26764904366058495,-0.9121210447032058,0.36170500119877946,0.9982547051643537
SYVN1,0.7968786025255825,-0.08974538453446694,0.8593776010266433,-0.10443067683781132,0.9168275791735779,0.9982547051643537
MRPL49,1.5146374601791857,0.45933495496954807,0.7004714104874086,0.6557511814078598,0.5119842318591645,0.9982547051643537
CAPN1,3.205727721690447,0.06680371540584296,0.6705488214860863,0.09962543108761412,0.9206417031763308,0.9982547051643537
DPF2,1.9466844024277794,0.012889772934413825,0.6807614216069587,0.018934346931685865,0.9848934795582149,0.9982547051643537
MALAT1,3272.203783081502,-0.3589886162816977,0.5029604788702098,-0.713751142213175,0.47538107607435365,0.9982547051643537
SSSCA1,2.707588780446739,-0.6162635639534598,0.7127620189706186,-0.8646133597907991,0.38725103732083,0.9982547051643537
RELA,2.5610224228792053,-0.46024942479241077,0.6219087859125748,-0.7400593707918939,0.4592639701968998,0.9982547051643537
AIP,6.621765169914336,0.24634529249189205,0.5051125720314764,0.4877037439419363,0.6257596994806294,0.9982547051643537
RNASEH2C,2.9003742393539924,0.47727160259857937,0.6662880878687275,0.7163141759373789,0.4737973754635385,0.9982547051643537
CFL1,82.50126580618051,0.15739826996646739,0.3367649413955614,0.4673831822107298,0.6402257527792583,0.9982547051643537
MUS81,1.5150163597666935,0.4566552275243077,0.8223230788369498,0.555323375053728,0.5786734931950722,0.9982547051643537
CTSW,40.48349446289921,-0.03720630204824607,0.6246292442773766,-0.05956541802856097,0.9525017618570553,0.9982547051643537
FIBP,3.0199225153322673,0.017774410297952903,0.5932395141295845,0.02996160888580045,0.976097671085537,0.9982547051643537
CCDC85B,9.084687840686291,0.0455777543449603,0.4907559334414402,0.09287254873383798,0.9260048144060118,0.9982547051643537
DRAP1,14.5717772543096,0.3317008480845878,0.4487594549824193,0.7391506616781647,0.45981551654642305,0.9982547051643537
BANF1,7.205474436796484,-0.17510682466468672,0.4210352170817499,-0.4158959097967505,0.6774861726424529,0.9982547051643537
SF3B2,9.01241988085122,-0.2536331041843556,0.42538520729858115,-0.5962433573914302,0.5510126647576234,0.9982547051643537
PACS1,1.2562461249857313,-0.5230663999938002,0.7946262757364414,-0.6582545983758646,0.5103745465718795,0.9982547051643537
RAB1B,5.933860813356717,0.09759325462927193,0.6106735873362064,0.15981247044755836,0.8730288003476303,0.9982547051643537
YIF1A,2.9392311799027655,0.43548709613528847,0.6829405756098037,0.6376646983471997,0.5236919700279563,0.9982547051643537
BRMS1,2.4009372250431147,-0.21650417995078208,0.6030815726912209,-0.35899651018127315,0.7195976999745441,0.9982547051643537
MRPL11,2.9426900859355696,0.77760615564929,0.577827046935919,1.3457420516619163,0.17838571959550842,0.9982547051643537
DPP3,0.8946709689941895,-0.24145724990846115,0.8166130521200547,-0.2956813502816303,0.7674734410069158,0.9982547051643537
SPCS2,12.437355185958427,-0.014454661302432928,0.3783775160756209,-0.038201691930194084,0.9695268719169896,0.9982547051643537
CCS,1.8375788396405857,1.4350865499671035,0.6253169454511205,2.2949746690964745,0.021734576018534908,0.9982547051643537
RBM14,1.490949316088408,0.5696184280952454,0.7168602409525118,0.794601786449166,0.4268451788448666,0.9982547051643537
RBM4,2.352135715806451,-0.2767891900167628,0.638837895732705,-0.4332698355336353,0.6648187495000517,0.9982547051643537
RBM4B,1.5014397403127118,-0.19332804137495407,0.6863318062788615,-0.2816830570961526,0.77818654712336,0.9982547051643537
RCE1,1.3522772500795173,0.742173071444104,0.8269865566097429,0.8974427280736772,0.36948272118046954,0.9982547051643537
KDM2A,2.355467207643282,-0.6439699660657229,0.6157379368692831,-1.0458507223706002,0.2956299586043659,0.9982547051643537
ADRBK1,3.573085617427469,0.5817949080450836,0.611639200479599,0.9512060502153658,0.3414997877380581,0.9982547051643537
ANKRD13D,3.065507518192732,0.4716434747295492,0.6745632363316988,0.6991834854421728,0.4844373699068134,0.9982547051643537
RAD9A,1.6830677130824558,0.36232591165258965,0.7234671896583894,0.5008187196763887,0.6164987098744961,0.9982547051643537
POLD4,5.208997307969189,-0.13603302913659132,0.6802363454500089,-0.19997906616794925,0.8414969532002264,0.9982547051643537
PPP1CA,14.83249555398148,-0.04689387763674448,0.5503979116871317,-0.08519995559758017,0.9321024258823938,0.9982547051643537
TBC1D10C,14.825186371359917,0.25341166319456515,0.45194763171443664,0.5607102359033567,0.574995088138301,0.9982547051643537
RPS6KB2,2.433745296932873,0.4369810213461708,0.6482381619309456,0.6741056713546597,0.5002441341307251,0.9982547051643537
CORO1B,8.660620219940336,0.42866328810788445,0.5938054525060774,0.721891801934064,0.47036100194941644,0.9982547051643537
TMEM134,3.659216135482526,0.17890306927602265,0.6037537193702734,0.29631795802868416,0.7669872729216738,0.9982547051643537
EED,2.3819879679343243,-0.11395234801474172,0.6125850391330064,-0.18601882307804782,0.8524300002694728,0.9982547051643537
CDK2AP2,9.321644935023942,0.49725748483332094,0.5942657490911015,0.83675945583916,0.40272779147591653,0.9982547051643537
GSTP1,14.797053676700136,-0.16941568850439753,0.38605027064953945,-0.43884359469390166,0.6607748696499252,0.9982547051643537
NDUFV1,5.5785920700921725,-0.496365949202229,0.6158148376771635,-0.806031162020239,0.42022488135627367,0.9982547051643537
NDUFS8,6.856868664297971,0.33856698020533443,0.5375395075460726,0.6298457610137908,0.5287955024514768,0.9982547051643537
TCIRG1,3.9772588858723306,0.5677133529404078,0.634485230962477,0.8947621240595622,0.37091426142242645,0.9982547051643537
KMT5B,1.3769787411623076,-0.33609417727359525,0.7253001944494691,-0.463386305209395,0.6430874931258674,0.9982547051643537
PPP6R3,2.5268573854028844,-0.06978547880710514,0.6339655561485373,-0.11007771341879413,0.9123477428476665,0.9982547051643537
MRPL21,2.3338639575015856,0.4728917827993498,0.5399704503033621,0.8757734474797154,0.3811532076145473,0.9982547051643537
NADSYN1,2.2190152930020166,-0.5384520122500547,0.6477369799701947,-0.8312818765956997,0.40581441039355637,0.9982547051643537
LAMTOR1,5.575017658362966,0.0459978981357304,0.501215198873417,0.09177275198182341,0.926878593448872,0.9982547051643537
RAB6A,5.218694916122693,0.13549656503179874,0.5147855841595277,0.2632097113850211,0.7923889460408432,0.9982547051643537
MRPL48,1.8890305570132793,-0.0877448270147113,0.688334434947894,-0.12747412095016497,0.8985651545570003,0.9982547051643537
COA4,2.961126389923252,-0.1716036695415079,0.6150824416532226,-0.2789929575623561,0.7802502293270611,0.9982547051643537
UCP2,9.869431849875081,-0.22597639131497066,0.4462711546568884,-0.5063656679507118,0.6125999713027681,0.9982547051643537
PGM2L1,1.5124046345206723,-0.33121094385554173,0.7203436702981506,-0.459795730166482,0.6456628483084459,0.9982547051643537
TMEM123,6.897029645094729,1.265522994650434,0.5025131883675776,2.5183876243358037,0.011789349697408701,0.9982547051643537
RPS3,299.1426525806117,0.02256311628019586,0.2638026785105574,0.08553027743155718,0.9318398257476539,0.9982547051643537
SERPINH1,1.7115702875870054,0.5252962122266573,0.8866013771132778,0.592482964482856,0.5535272249932962,0.9982547051643537
UVRAG,2.855692149657766,0.34018079393848727,0.7472234996824693,0.4552597637561536,0.648922369501092,0.9982547051643537
PRKRIR,1.149216414660242,0.06285493519729667,0.7409228300909358,0.08483330873956507,0.9323939124349914,0.9982547051643537
EMSY,1.7078527357518098,-0.13347329842836966,0.7916786734545835,-0.1685952936510758,0.8661149826927471,0.9982547051643537
CLNS1A,3.696487055843624,0.32246214877227003,0.5326366024548312,0.6054074152735599,0.5449083252084861,0.9982547051643537
RSF1,5.871472848860022,-0.051549130610490664,0.49490193088084833,-0.10416029397731635,0.9170421433376029,0.9982547051643537
PRCP,2.0609155611644514,-1.3788710358956684,0.747398047732924,-1.8448951533633065,0.06505279184601027,0.9982547051643537
RAB30,1.4410411313281752,-0.09366918632570763,0.9192360851269823,-0.1018989439614615,0.9188368881973883,0.9982547051643537
PCF11,2.791883621318799,0.13518464871272956,0.5524867310503367,0.2446839735964862,0.8067011381223728,0.9982547051643537
CCDC90B,2.9612519153329124,0.8718846558909482,0.5551406594317797,1.5705652992223185,0.11628365555840127,0.9982547051643537
TMEM126B,2.4407131841850713,-0.726324347619992,0.6910552238355538,-1.0510366213407438,0.2932417706562268,0.9982547051643537
TMEM126A,2.906394074365243,-0.08005516134338861,0.5314816701050115,-0.15062638251959112,0.8802704485930548,0.9982547051643537
CREBZF,4.111703847409812,0.7946432158273953,0.5647362623900272,1.4071049952846595,0.15939625710234717,0.9982547051643537
SYTL2,2.534643235932703,-0.3891887206619811,0.5971862791346585,-0.6517040566068057,0.5145921051548896,0.9982547051643537
ZPR1,1.6186176528539182,0.29587329846380084,0.6699182805696472,0.4416558064548005,0.6587382940710924,0.9982547051643537
C11orf73,4.546177705324818,0.3297858821580738,0.510562029154051,0.6459271612980998,0.5183265284068979,0.9982547051643537
CTSC,18.426276426502863,0.1499310659476174,0.47290905568618447,0.3170399554520467,0.7512132848191888,0.9982547051643537
CHORDC1,9.426005797294264,0.035824280880497786,0.4512889088107681,0.07938214341429654,0.9367286713071714,0.9982547051643537
SLC36A4,1.2590866718404696,0.06553350247611028,0.756040273743654,0.08667990945986341,0.9309259462300927,0.9982547051643537
TAF1D,9.437848172923562,-0.2640227762257654,0.4653975176570088,-0.5673059399950353,0.5705063420657723,0.9982547051643537
MED17,1.738073856620306,1.3151571081530813,0.6398373131046889,2.0554554747229905,0.0398350320392264,0.9982547051643537
ANKRD49,2.9033449435877743,-0.3624640446967038,0.6106977014634445,-0.5935244947346513,0.5528301951594721,0.9982547051643537
CWC15,4.120717652874437,0.10561855751948437,0.5404118024411859,0.19544087868247298,0.845047817030062,0.9982547051643537
SRSF8,2.819265113275918,1.5696106072699085,0.5447191324209989,2.8815044558721294,0.003957816385239951,0.9982547051643537
ENDOD1,0.8473104880514849,-0.48941885366640153,0.7855651369023362,-0.6230149871419861,0.5332746732124896,0.9982547051643537
CEP57,2.606064422035183,0.398361549696785,0.5702461441150991,0.6985782434617905,0.48481564426734014,0.9982547051643537
MAML2,1.6988547049251828,0.36344971504705276,0.7490625881628878,0.485206070614781,0.6275301762825405,0.9982547051643537
CCDC82,2.2354275049700814,-0.15397485765204405,0.5794800292858588,-0.26571210373168513,0.7904609409592984,0.9982547051643537
BIRC3,9.245954122352432,0.7487864904684044,0.4814365429418814,1.5553171055376187,0.11987056543278324,0.9982547051643537
BIRC2,5.402943122537267,0.3098677521218641,0.48878486311794045,0.6339552950662778,0.5261099975948007,0.9982547051643537
H2AFX,4.12397329380655,-0.29806928334695354,0.708103763933719,-0.4209401199777465,0.6737988078964428,0.9982547051643537
DCUN1D5,2.0280010660760284,0.09810551354913132,0.7246490587515689,0.13538348303128725,0.8923086825305805,0.9982547051643537
CASP4,8.572026575267378,-0.20728917481265802,0.5306333150920555,-0.3906448557167901,0.6960597648959305,0.9982547051643537
CASP1,5.5741735525883325,-0.035796174567279064,0.44267548196845447,-0.080863241867617,0.9355507129380807,0.9982547051643537
CARD16,8.873907493573917,-0.022354978637697937,0.44028925254597917,-0.05077339160206601,0.9595060939465823,0.9982547051643537
MSANTD4,0.7485111170937184,1.3864935898815942,0.8398044573917696,1.650971934809336,0.09874430573221915,0.9982547051643537
KBTBD3,1.7478156264575884,-0.5608211321821731,0.6851246728564976,-0.8185679984986317,0.4130329313596066,0.9982547051643537
AASDHPPT,2.6630222643087897,0.14188343089094738,0.671823368240076,0.2111915684960892,0.8327377897477548,0.9982547051643537
CUL5,2.849725010223267,-0.4425826375165966,0.550123568902703,-0.8045149536119466,0.4210996367472476,0.9982547051643537
NPAT,1.571522614827597,0.32238132339217307,0.7094058201430219,0.4544385092966652,0.6495132405229571,0.9982547051643537
ATM,4.765326548299522,0.7221547717735612,0.46789015037311804,1.5434280272787968,0.12272695776567191,0.9982547051643537
RDX,1.9234250279590788,0.15777584645106166,0.7510722494697258,0.21006746895848571,0.8336150149821242,0.9982547051643537
FDX1,5.06505978285593,0.7361189272931989,0.545462745040045,1.3495310797791644,0.1771664444590908,0.9982547051643537
TIMM8B,3.3062339686224353,-0.22977210133815146,0.5649624932721644,-0.4067032839779353,0.6842259282482539,0.9982547051643537
SDHD,3.051823518790721,0.2719981353840095,0.5643170156432837,0.4819952754285635,0.6298093025211088,0.9982547051643537
BUD13,0.9833057063919365,1.3263181082337194,0.80106401485137,1.655695529501229,0.09778349309834261,0.9982547051643537
VPS26B,1.581652160383216,-0.39338480175438423,0.6899265148132295,-0.570183625803797,0.5685531606617249,0.9982547051643537
PAFAH1B2,1.5154838657594318,0.1843836237767212,0.7278698089860766,0.2533195105778158,0.8000213204320318,0.9982547051643537
PCSK7,7.505536212181791,0.2040276040329793,0.4839397076163244,0.4215971552281381,0.6733190830654978,0.9982547051643537
IL10RA,8.042638644405152,0.9110519889202726,0.4267988108593684,2.1346169805062254,0.03279230927061608,0.9982547051643537
JAML,5.001803770727134,-0.2700152916354766,0.5207195733130239,-0.5185426196244796,0.6040797320249406,0.9982547051643537
MPZL3,1.9958192340013465,0.33053753155219406,0.6344536395628905,0.5209798020544406,0.6023808417833474,0.9982547051643537
CD3E,58.521922487309666,0.03833224631513289,0.4267055931747087,0.08983300647629028,0.9284199188435691,0.9982547051643537
CD3D,59.94250467009296,-0.19955998825413665,0.3132189708575449,-0.6371261220473728,0.524042694649602,0.9982547051643537
CD3G,22.62731192979748,-0.2201706144500687,0.3500044558632776,-0.6290508899580239,0.5293157402134956,0.9982547051643537
UBE4A,1.9286044422369437,-0.21449953218316672,0.6509856709080815,-0.3294996215261608,0.7417780799722673,0.9982547051643537
ATP5L,42.965684440433726,-0.13825793405960846,0.33166613734465145,-0.41685875792600885,0.6767817212967049,0.9982547051643537
KMT2A,3.429498265737876,0.10243115787238194,0.6049681202259987,0.16931662090577038,0.8655476031355261,0.9982547051643537
ARCN1,2.5628457900187085,0.8663343691416879,0.7287584630303239,1.1887812122816328,0.234525773021255,0.9982547051643537
DDX6,9.121177786140246,-0.05117238240475277,0.4228342366429205,-0.1210223249920213,0.9036733523746441,0.9982547051643537
RPS25,176.53160889642663,0.03630806191137495,0.31638739059878845,0.1147582457147203,0.9086367454273744,0.9982547051643537
TRAPPC4,4.042661797502025,0.08171272092287649,0.496104490688492,0.16470869031940402,0.8691732765237143,0.9982547051643537
CELF2,11.057404599437179,-0.307792926594297,0.3712052899315614,-0.8291717142582866,0.40700724823097245,0.9982547051643537
HINFP,1.2794006566469815,0.7214758653380344,0.7421268043801783,0.972173301219875,0.33096434050091694,0.9982547051643537
SC5D,2.735609703645941,-1.3158432977609067,0.7550101659886395,-1.7428153381721565,0.08136587621199563,0.9982547051643537
SORL1,2.5119666689606395,-0.1675503447799564,0.652442614559846,-0.25680472280767563,0.7973295240441067,0.9982547051643537
CRTAM,16.057171712920297,-1.75970397190238,0.6727755395133148,-2.6155885114006194,0.008907383147916247,0.9982547051643537
HSPA8,99.12337935370172,-0.09559217746226152,0.3906578243008201,-0.24469541249646706,0.8066922803797407,0.9982547051643537
TBRG1,6.715966255696251,0.7059444998127943,0.5862305619467588,1.2042096499856447,0.22850855710307294,0.9982547051643537
TMEM218,1.689462438085963,-0.18770387176198036,0.7673245174343885,-0.24462123586195764,0.8067497196948528,0.9982547051643537
EI24,1.3189201774338009,-0.13255029224159692,0.7058989865628182,-0.18777515588599192,0.8510529120496247,0.9982547051643537
STT3A,1.0902976270738292,0.4425783061999006,0.8068308904755044,0.5485391194418298,0.5833217758942356,0.9982547051643537
SRPRA,4.498898105009124,-0.16201939893682674,0.5499454736925967,-0.2946099325974102,0.7682918736643842,0.9982547051643537
DCPS,2.1507088792638203,-0.4281785513813264,0.7298763906233764,-0.5866452962201252,0.5574419545022172,0.9982547051643537
ETS1,8.524803962747624,-0.8332546901328025,0.5358313754170053,-1.5550688674852804,0.11992966858219777,0.9982547051643537
FLI1,3.072252274135379,0.010024582411546619,0.5273328355810379,0.0190099719477948,0.9848331503839696,0.9982547051643537
APLP2,2.471108382904623,-0.23998769464228856,0.6911192323472617,-0.34724499537831366,0.7284072699644539,0.9982547051643537
ZBTB44,1.6114607911264327,0.12375564796637299,0.636798315347193,0.19434041357175916,0.8459093433563641,0.9982547051643537
DNAJC1,6.621161774509764,-0.21239579379524837,0.5073538505502512,-0.41863443741462547,0.6754833175937704,0.9982547051643537
THYN1,4.816169514182365,-0.10510391710888431,0.4605591078771967,-0.228209398774737,0.8194834550491926,0.9982547051643537
ZMYND11,2.4983396436044885,-0.10618354530532571,0.5924698196021907,-0.17922186378476096,0.857763496845538,0.9982547051643537
GTPBP4,2.3804381589850565,-0.40859047098688217,0.6074990523029481,-0.6725779561926393,0.5012158296806654,0.9982547051643537
IDI1,8.224594431761522,-0.11856672401985724,0.5315749534570526,-0.22304798833874434,0.8234981578507508,0.9982547051643537
WDR37,1.2897664309718588,-0.08860439362800947,0.7714842466624611,-0.1148492584408863,0.9085646047517433,0.9982547051643537
KLF6,77.65520012904449,0.3905302288551827,0.4744261573304801,0.8231633581348753,0.4104151028812736,0.9982547051643537
GDI2,6.356410630379157,-0.08663806556018347,0.42008680963798906,-0.2062384811245182,0.836604630314012,0.9982547051643537
RBM17,4.847263346405739,0.6635830909351763,0.46528968470836285,1.426171937061319,0.15381871795967325,0.9982547051643537
PFKFB3,2.625306767877037,-1.407523013282139,0.7423520282033566,-1.896031747483242,0.05795584662773419,0.9982547051643537
PRKCQ,2.04712856049605,0.8627371757281389,0.6253507083472762,1.3796053385919165,0.16770819281862803,0.9982547051643537
SFMBT2,1.3903736057604485,-0.9078260618928381,0.7358342745349927,-1.2337371243905904,0.21730087546546561,0.9982547051643537
KIN,1.3533693395979733,-0.0718976752497836,0.7658824740401777,-0.09387559800201394,0.9252079781919758,0.9982547051643537
ATP5C1,10.242269328347888,-0.5733378774153046,0.41941717033721215,-1.3669871382574537,0.17162933697638838,0.9982547051643537
TAF3,1.8369636204067052,0.9257369919208535,0.6621444709044317,1.398089137037386,0.1620863015389825,0.9982547051643537
GATA3,5.16319142684154,-0.09842195660730982,0.4458550353345422,-0.22074878336511336,0.8252880446740662,0.9982547051643537
BMS1,1.769300336117104,-0.6149202591977769,0.7450096326133328,-0.8253856490966023,0.4091526797663394,0.9982547051643537
UPF2,3.2353967747449963,-0.9159788519166814,0.6334102148321151,-1.446106852191294,0.1481472341231057,0.9982547051643537
NUDT5,5.001022131733738,-0.49020579943288917,0.48715055614392766,-1.0062716612973728,0.3142849085569307,0.9982547051643537
CDC123,3.9994752946336782,-0.055908564081424965,0.53031553568352,-0.10542509189244251,0.9160385065547825,0.9982547051643537
OPTN,8.826693378260494,-0.14709999009353855,0.39773282976654994,-0.3698462361778865,0.7114970625645889,0.9982547051643537
PRPF18,1.8431976741919303,-0.24199177029433297,0.6528182295819139,-0.3706878259960853,0.7108700588101867,0.9982547051643537
FAM107B,6.79616493707505,-0.1566687379876439,0.5525836595388794,-0.2835203960218096,0.7767779490454922,0.9982547051643537
HSPA14,1.2596410004686909,-0.9925143776415973,0.760353694569525,-1.3053324850397556,0.19177965708240197,0.9982547051643537
RPP38,1.256752932708191,-0.34211033974493915,0.7455010062201446,-0.45889990340793024,0.6463060481406764,0.9982547051643537
NMT2,1.0545597105716493,0.2883677566985014,0.8112091311870945,0.35547893337506486,0.7222308244324728,0.9982547051643537
RSU1,3.12399614084905,-0.12818498921511343,0.51796080276388,-0.24748009604415647,0.8045366935614875,0.9982547051643537
TRDMT1,1.4947420209300135,0.3023343293391244,0.8883082704216004,0.34034843466630493,0.7335941462747773,0.9982547051643537
VIM-AS1,2.063334481251601,-0.7819823879102245,0.7223313453575951,-1.0825812737270852,0.2789943229276044,0.9982547051643537
VIM,119.45591338162362,-0.13142474216212147,0.38900554397883336,-0.33784799264781834,0.7354777411924586,0.9982547051643537
STAM,1.4513075703842866,-0.9182306715137253,0.7524334679638152,-1.2203479916949724,0.2223329840077326,0.9982547051643537
MLLT10,1.3274730948832754,-0.21789276460848,0.7521590313323578,-0.2896897538044708,0.7720535956565607,0.9982547051643537
SIRT1,1.14596822735222,0.9422961082195004,0.7334230144066143,1.284792118204632,0.19886493736810673,0.9982547051643537
PIP4K2A,4.460805344484569,-0.2946287179426045,0.7045118940829895,-0.4182026171837747,0.6757989824212995,0.9982547051643537
APBB1IP,7.942039899625618,0.6485203564337574,0.470989565105246,1.3769314746683208,0.16853343498862683,0.9982547051643537
ABI1,4.876965835839775,0.33668113874508326,0.4943081826194845,0.6811158515744384,0.4957981876512533,0.9982547051643537
YME1L1,4.956057130858036,-0.5972494418559551,0.499399932885014,-1.1959341652404083,0.2317222512842072,0.9982547051643537
RAB18,4.150751856742528,-0.331038782412399,0.4888873335414848,-0.6771269364136809,0.4983254197220036,0.9982547051643537
WAC,3.4496147803909225,-0.43271454823929717,0.592242368474187,-0.7306376093188226,0.46500053354826587,0.9982547051643537
MAP3K8,4.1386401721170545,-0.32866159262601713,0.5740969439528621,-0.5724844838278791,0.5669937946982153,0.9982547051643537
KIF5B,7.254926175754828,0.11446924872722769,0.4222717024834116,0.27107961071988823,0.7863298029418425,0.9982547051643537
EPC1,13.317465111051492,0.038309241635332995,0.45397626131910646,0.08438600186718767,0.93274953647899,0.9982547051643537
ITGB1,14.365697559661523,-0.6050143924520802,0.4084802987406814,-1.48113481682544,0.13857065165523963,0.9982547051643537
CUL2,1.8592000939717368,-0.807631787453871,0.6665024706901499,-1.211746126938711,0.225609576178739,0.9982547051643537
CREM,28.26924643250432,-0.9486778778252669,0.6732525216556181,-1.4090966573616999,0.15880658912693735,0.9982547051643537
ZNF33A,2.1174544652667726,0.4086107059580958,0.7434872191170186,0.5495867251670723,0.5826028659152447,0.9982547051643537
ZNF37A,1.7677282206496088,-0.3395784709221474,0.7696119783585189,-0.44123334936447267,0.659044072228724,0.9982547051643537
ZNF33B,1.3457228338836504,-0.2795098523888516,0.72916107414582,-0.3833307376100474,0.7014745513431382,0.9982547051643537
C10orf54,4.564634073003147,0.80441155962864,0.485179135329689,1.6579681627941938,0.09732389260527162,0.9982547051643537
CSGALNACT2,2.236254103657207,0.9877464575206373,0.6530525160695305,1.5125069320083162,0.13040495050527257,0.9982547051643537
HNRNPF,15.186824428597737,-0.0030165208851489892,0.3920023173628099,-0.007695160848646486,0.9938602105611475,0.9982547051643537
ZNF32,1.6323284263797322,-1.9051341586114776,0.9459816940154311,-2.0139228598861245,0.04401763306607466,0.9982547051643537
ZNF22,3.2496773927048648,-0.3994684307567988,0.6301614092839969,-0.6339144620275677,0.5261366469101073,0.9982547051643537
NCOA4,1.9853111622459019,-0.32693367446710675,0.6037932623924338,-0.5414662514975483,0.5881862531797468,0.9982547051643537
MAPK8,1.1070226223012567,0.8896871810273165,0.7788265939439739,1.1423430940152481,0.2533114351210033,0.9982547051643537
TIMM23B,1.3877493735695146,-0.4443607275864972,0.7691668242096722,-0.5777169706234834,0.5634552196673808,0.9982547051643537
CSTF2T,1.0791295748796965,0.23742761406386034,0.8016845477253361,0.2961608961249494,0.7671072103008383,0.9982547051643537
CISD1,1.3605774936646344,-0.6024793182368862,0.7219909248881704,-0.8344693783099898,0.40401653602526666,0.9982547051643537
UBE2D1,2.7558479446185564,0.5843374102872029,0.6153558930907306,0.9495926127436076,0.34231929351687274,0.9982547051643537
TFAM,2.6465348962215276,0.39491105550236644,0.5777800000798248,0.6834972748239925,0.4942926716296431,0.9982547051643537
ARID5B,11.329266978064194,-0.5858222824355421,0.5842388006321428,-1.0027103331748695,0.3160006427908937,0.9982547051643537
EGR2,1.2984454832445176,1.348534579857507,0.6926231974489366,1.9469959782236823,0.051535216835844694,0.9982547051643537
NRBF2,3.8377406253282804,-0.3857057214517511,0.6222875581843775,-0.6198191115649309,0.5353768847586788,0.9982547051643537
JMJD1C,7.7733803060931095,-0.2860395556002428,0.46870864224492476,-0.6102715627990751,0.5416819312958883,0.9982547051643537
VDAC2,7.08721183811073,0.19960399273479837,0.4736283779945485,0.42143588097480056,0.673436822842735,0.9982547051643537
HERC4,1.74337544251378,0.44138248275382275,0.6458555302968482,0.6834074526712723,0.4943494120430215,0.9982547051643537
HNRNPH3,7.742852486332791,-0.12631537048661126,0.4273837388412043,-0.295554928760507,0.7675699981832552,0.9982547051643537
CCAR1,3.390030318526391,-0.5042594451284438,0.5554998511456221,-0.9077580202559841,0.36400608224353426,0.9982547051643537
DDX50,1.9558994117170412,-0.28872160793041596,0.6070008069315899,-0.4756527580085334,0.6343217825370697,0.9982547051643537
DDX21,5.2190703387303286,-0.4595217019559828,0.5566140283761039,-0.8255661527191769,0.4090502421222951,0.9982547051643537
SRGN,123.82202725850149,-0.564398269333867,0.3680793105780282,-1.5333604826838583,0.12518705978497396,0.9982547051643537
VPS26A,5.253667916447178,-0.8758748405068139,0.48129174958509147,-1.8198417929704418,0.06878310116291912,0.9982547051643537
SUPV3L1,2.6628710746779176,0.1261106351757676,0.5856018315730829,0.2153521870602774,0.8294927445824465,0.9982547051643537
HK1,2.1354249624076402,0.04791473852443558,0.619686662300796,0.07732091303455835,0.9383682545128377,0.9982547051643537
TYSND1,1.2182746000965972,-0.18748403071279676,0.830159122367899,-0.22584107752502666,0.821325027071883,0.9982547051643537
SAR1A,3.8707178835948923,0.06366800825674211,0.5843212837350534,0.10896061812051135,0.9132337264862777,0.9982547051643537
PPA1,4.589020183513602,1.2755482781733676,0.43909207064853545,2.904967690009508,0.003672910130548438,0.9982547051643537
EIF4EBP2,1.5058370651953907,0.12137367811257678,0.6627721811748607,0.18313031469942534,0.8546957702824294,0.9982547051643537
PRF1,10.073242704573307,-0.31008016993979276,0.5193832638920347,-0.5970160987017282,0.5504966324109233,0.9982547051643537
PCBD1,1.9016111116547392,0.3002546297790186,0.6435717927717872,0.46654411077567215,0.6408260812440729,0.9982547051643537
LIPA,1.598813581339185,0.13430248682110202,0.6817345597630708,0.19700114201013563,0.8438266441009604,0.9982547051643537
PSAP,6.966090565662763,-0.1184221710941628,0.4319705702253464,-0.27414407197320273,0.7839739061524602,0.9982547051643537
SPOCK2,9.311198136299966,0.6911964821137422,0.44197368165780676,1.563886065616218,0.1178443274615891,0.9982547051643537
ASCC1,1.3509901444515802,-1.3290183024806683,0.8394566132998343,-1.5831887931127346,0.11337844002853319,0.9982547051643537
ANAPC16,15.315356848365578,-0.16214716727605635,0.33818143730673095,-0.4794679701150737,0.6316057491842251,0.9982547051643537
DDIT4,27.59396202283247,-0.06546024523728908,0.5225267841236352,-0.12527634415349034,0.9003047792600506,0.9982547051643537
P4HA1,1.7188525080017338,0.3137573732659752,0.8166731214541953,0.3841896653918135,0.7008378774893285,0.9982547051643537
DNAJC9,1.3682217575642615,0.8734825397340934,0.7389769506976868,1.1820159463829236,0.23719937358573373,0.9982547051643537
MRPS16,2.8931070616773775,-0.9926057453250184,0.6078556589554862,-1.6329629093700808,0.10247679772226494,0.9982547051643537
ANXA7,6.45624853517832,-0.3559621076731444,0.46813160411616456,-0.7603889687072145,0.44702211521706114,0.9982547051643537
CHCHD1,1.8332957846935432,-0.5622755032827793,0.6661010994263092,-0.8441293728039911,0.39859711571749146,0.9982547051643537
ZSWIM8,0.9385065760095693,-0.8910935159653355,0.8432046769934164,-1.0567938488466104,0.29060568222930705,0.9982547051643537
CAMK2G,2.0790897847039687,0.52042534895404,0.684003777637165,0.7608515712468822,0.4467457273247958,0.9982547051643537
AP3M1,1.6314099454241795,0.15633130780772997,0.6857192565347507,0.22798150455587712,0.8196606191536192,0.9982547051643537
ADK,1.6954205740089274,0.26066737632759096,0.6916848183007982,0.37685860587189085,0.7062786849194349,0.9982547051643537
KAT6B,2.6014289370911228,0.9448412127524627,0.6795365847348827,1.390419933197691,0.16440139698124034,0.9982547051643537
GOT1,1.256981366420113,-0.42585867822368484,0.7520580645210114,-0.5662577110916506,0.5712186035219142,0.9982547051643537
COMTD1,2.796340040144193,1.1751869463117361,0.6914257878264489,1.6996573847874958,0.08919538957667762,0.9982547051643537
RPS24,209.16487829711096,-0.08997804130180413,0.2620631993387307,-0.343344817314478,0.7313390683330672,0.9982547051643537
NUTM2B-AS1,4.417896866479105,0.22494545135380462,0.5120456755551936,0.43930739403258107,0.6604388172855447,0.9982547051643537
ANXA11,9.289989885435082,-0.1609928479744974,0.41916460119068083,-0.38408025753410574,0.700918963587092,0.9982547051643537
TSPAN14,4.553989294869096,0.4591630011371787,0.5284111695854129,0.8689502182503716,0.38487436019544075,0.9982547051643537
GHITM,9.621303901666113,-0.8699306326048162,0.4316395004230476,-2.0154101553546457,0.04386169124612652,0.9982547051643537
CCSER2,5.967003020873953,0.11441477241464781,0.44764126365009915,0.25559478472047353,0.7982637458626575,0.9982547051643537
WAPL,2.761018251184315,0.22251122365134274,0.5258016609415493,0.4231847104721835,0.6721605011604898,0.9982547051643537
GLUD1,8.411096002710108,-0.444041998034135,0.6118056672984811,-0.7257892853377258,0.46796795639929833,0.9982547051643537
NUTM2A-AS1,1.9719567374505815,0.544629757387872,0.7402131404182398,0.7357742353508369,0.46186810334315265,0.9982547051643537
ATAD1,3.102504118904149,0.5604638754989081,0.6128253665872067,0.9145572393977471,0.3604241156385185,0.9982547051643537
PTEN,1.8467995746361079,-0.649782850642497,0.651818453011207,-0.9968770409010267,0.3188241971205953,0.9982547051643537
STAMBPL1,2.000419616727009,1.1049947237592461,0.629284303845948,1.7559546885341577,0.07909614576693096,0.9982547051643537
ACTA2,2.3965074431858016,-1.3493643398642887,0.6747257394685375,-1.9998708526032294,0.04551421128305939,0.9982547051643537
FAS,4.418559380280788,-0.46349757331726055,0.5570746457219713,-0.8320205862475855,0.4053973246980598,0.9982547051643537
ADD3,3.3037909976894477,0.2186651443163977,0.525583207163629,0.4160428669257711,0.6773786357165333,0.9982547051643537
IFIT1,1.125395264510124,-1.9293749212938198,1.0078582243723533,-1.9143316734805074,0.05557778983279572,0.9982547051643537
KIF20B,1.6182923109503062,-0.2363714350840294,0.7933923326098684,-0.29792503074296706,0.7657603831915052,0.9982547051643537
PCGF5,4.463448142667336,-0.003740791403681565,0.534854545014468,-0.0069940349924115805,0.9944196129574011,0.9982547051643537
TNKS2,2.6100348688776065,0.5710781523497394,0.6353948087486208,0.8987768620181995,0.3687715268867908,0.9982547051643537
BTAF1,1.2968475439003364,0.12930792000578675,0.7421337140258957,0.17423803495507917,0.8616783951145159,0.9982547051643537
MARCH5,2.9301309595846257,0.3293088995377067,0.6565848875788752,0.5015480949493328,0.6159854385494228,0.9982547051643537
EXOC6,1.1104013937571309,0.42647135767429156,0.7144668796762544,0.5969085059163807,0.5505684680160783,0.9982547051643537
PDLIM1,1.673999435988616,-1.3426535945543843,0.7631382880511541,-1.7593843941222675,0.07851224078625911,0.9982547051643537
TCTN3,1.3983723418353473,-0.13388596267737116,0.7206936641926356,-0.18577374733460195,0.852622192726475,0.9982547051643537
TM9SF3,3.3323783396140993,0.2805805822520279,0.5523702534924089,0.5079574442650249,0.6114831877582708,0.9982547051643537
LCOR,1.590169390575714,0.8277226041123563,0.6946474497288538,1.1915722204629795,0.233429022912385,0.9982547051643537
PGAM1,12.993636379623236,0.023591812674157355,0.49933497276398814,0.04724646572133469,0.9623167945573945,0.9982547051643537
EXOSC1,4.325662940343986,-0.44432803560406947,0.5749464138673924,-0.7728164310396948,0.43963102779203733,0.9982547051643537
ZFYVE27,1.4461992210660115,-0.17868665647396434,0.768739128674151,-0.23244121420246464,0.8161953410513261,0.9982547051643537
HPS1,3.078390526485151,-0.3432665322913794,0.6863131671325579,-0.5001602019753749,0.6169622788485392,0.9982547051643537
PRDX3,4.21205902128717,-0.7055589194380292,0.5549815533820089,-1.271319587360003,0.20361497678668883,0.9982547051643537
CUTC,2.482668153053686,0.4017009614173435,0.6613731915528727,0.6073741218239718,0.543602658229432,0.9982547051643537
BLOC1S2,4.29302447313278,0.5531497372266033,0.4923782541999974,1.1234243846234553,0.2612572982957715,0.9982547051643537
MRPL43,4.427452328040955,0.29894987622813707,0.6369363936030732,0.4693559344866657,0.6388152402118974,0.9982547051643537
MGEA5,5.935912887368123,0.14164271345191062,0.4840608397948674,0.29261345229235064,0.7698176301838036,0.9982547051643537
NOLC1,2.891036853237814,-0.423465976463463,0.6223154392734718,-0.6804683762270827,0.4962079389577234,0.9982547051643537
CUEDC2,2.0244644082706533,-0.5314623333933678,0.6246593054343406,-0.8508035160443649,0.3948785081824844,0.9982547051643537
ACTR1A,2.41781781645751,0.05177766904648923,0.6063296928530751,0.0853952390206229,0.9319471780497094,0.9982547051643537
ARL3,1.4947922615787592,-0.016757973976479774,0.6779975018354486,-0.0247168668484961,0.9802808013909329,0.9982547051643537
BORCS7,2.070711264502775,-0.8320119021490928,0.7624855497245249,-1.0911838295816714,0.2751920017464893,0.9982547051643537
USMG5,14.816207888520765,-0.37646980635860433,0.3699550395803288,-1.0176096176056035,0.30886351492830433,0.9982547051643537
CALHM2,2.9229133196741115,0.40225360834860796,0.6335877524635133,0.6348822349936013,0.5255052242196064,0.9982547051643537
SLK,2.1543473367667825,-0.7397692251166524,0.683352755003112,-1.0825583415015039,0.2790045064718185,0.9982547051643537
GSTO1,5.321634490933148,-0.01679179887423421,0.46354843899466763,-0.0362244750746046,0.971103370506478,0.9982547051643537
ITPRIP,2.132046263446091,-0.8669862133404489,0.6393065293670943,-1.3561353959559193,0.17505609263939192,0.9982547051643537
XPNPEP1,1.6552383204687344,1.0359544085969212,0.7493542942478401,1.3824627636740967,0.16682965618393064,0.9982547051643537
TUBGCP2,1.6161096779813016,-0.026342302416592064,0.7387826893422775,-0.03565636119606978,0.9715563671273902,0.9982547051643537
SMNDC1,2.6370160553702737,-0.05201349350397812,0.5571636597953453,-0.09335406678009736,0.9256222804957852,0.9982547051643537
DUSP5,1.93753473390208,-0.9330117952271492,0.8428612510513691,-1.106957751425075,0.268312195001601,0.9982547051643537
SMC3,4.37353840435691,0.04519452937300824,0.5006360174312396,0.09027422678236595,0.9280693005590013,0.9982547051643537
PDCD4,15.376112870339961,-0.22027433497282303,0.32786401009662525,-0.6718466443081255,0.5016813305527711,0.9982547051643537
BBIP1,2.5674100333025187,-0.33289373352661966,0.56776828599214,-0.586319704252076,0.5576606920826772,0.9982547051643537
SHOC2,2.6030816745063916,0.18690307876329404,0.6037319352500324,0.309579579695232,0.7568806869412716,0.9982547051643537
ACSL5,1.8982564442888357,-0.31124300826942314,0.6148632822328699,-0.5061987229732556,0.6127171514062933,0.9982547051643537
ZDHHC6,2.2253341193334952,0.037414484276498995,0.6161352645856673,0.0607244649462795,0.9515786474221315,0.9982547051643537
VTI1A,1.6788173338687034,0.6459035992926966,0.7151067870405496,0.9032267781512064,0.366405548568453,0.9982547051643537
CCDC186,3.2676977301822387,-0.10174960022318262,0.5860593248280971,-0.17361655367061654,0.8621668216522852,0.9982547051643537
ABLIM1,1.985542746219878,0.013077455528212344,0.6854934298449613,0.019077433800014806,0.9847793333732441,0.9982547051643537
FAM160B1,1.3815222608819213,0.7809657569751102,0.7550161692630788,1.0343695787831393,0.3009634204837478,0.9982547051643537
FAM204A,3.69848213330376,-0.35333028728406285,0.5507736172474885,-0.6415163621123393,0.5211872537629888,0.9982547051643537
EIF3A,7.050630482479393,-0.0786340998425355,0.5645482439239267,-0.13928676723176828,0.8892235461696119,0.9982547051643537
FAM45A,2.0061062661928273,1.0356354984642735,0.7237869759208737,1.4308567754298633,0.1524712673344893,0.9982547051643537
CD27,14.988804813337344,-0.1389640460327113,0.5153621963782229,-0.2696434604813853,0.7874345616813,0.9982547051643537
RGS10,12.194945812524585,0.08237165794623755,0.5019220893938889,0.16411243833820488,0.869642630195121,0.9982547051643537
TIAL1,6.397054682692505,0.20074837014746935,0.48661091634522086,0.4125439101432952,0.6799408032187746,0.9982547051643537
BAG3,2.2631174279765864,-0.19758395384861635,0.7615546904791848,-0.25944814774142194,0.7952894845917553,0.9982547051643537
SEC23IP,1.0364077434242143,0.990327168131297,0.7845728562919289,1.2622501023191273,0.2068588053412852,0.9982547051643537
BUB3,11.962182623349678,-0.32059047466247975,0.3792190440506556,-0.8453965582478913,0.3978894655000831,0.9982547051643537
OAT,3.447798618760871,-0.4303110560547501,0.6395581029148669,-0.6728255870632442,0.5010582574403841,0.9982547051643537
METTL10,1.6875511278026738,-1.5574520388508681,0.9150427969615288,-1.7020537662528021,0.0887452897425908,0.9982547051643537
EDRF1,1.5064375966062646,1.3045625890923995,0.869524120256393,1.5003178850377705,0.133532078756206,0.9982547051643537
UROS,2.1355580510596925,0.18054295462535452,0.6681132828656131,0.2702280575099263,0.7869848085896621,0.9982547051643537
BCCIP,1.7012983741774492,-0.34106781879356163,0.6458242612420066,-0.5281124281977925,0.5974213052919393,0.9982547051643537
PTPRE,2.2109248450988956,-1.4737442452421907,0.8050734148227132,-1.8305712474268285,0.06716456340666296,0.9982547051643537
MGMT,2.5187907912260874,-0.09931949123199244,0.6203152110497004,-0.1601113264076235,0.8727933790988005,0.9982547051643537
GLRX3,2.639352917320602,1.0276148974618158,0.577087942620904,1.7806902927044312,0.07496305984845514,0.9982547051643537
BNIP3,1.5003848202930523,0.3355801730369558,0.648948470229482,0.5171137438975509,0.6050767599526071,0.9982547051643537
ADAM8,3.632339915785121,0.6856851937582225,0.5220860285002575,1.31335671963473,0.18906277424631512,0.9982547051643537
PHB2,6.203592915156711,0.5461057541550768,0.5907088525572555,0.924492246545678,0.3552300864595378,0.9982547051643537
ZNF511,1.9954865950773235,0.5258638948143125,0.651538473115711,0.8071110402730136,0.4196025119951755,0.9982547051643537
ECHS1,2.8626666444605413,-0.2932299640727534,0.6359883354994482,-0.4610618586934883,0.6447542252081802,0.9982547051643537
KDM5A,4.53394907949592,-0.22737039704224693,0.49384828394882224,-0.4604053601729422,0.6452252879730906,0.9982547051643537
NINJ2,1.7488685338580188,-0.30584443321416527,0.6510121109933099,-0.4697983770954889,0.638499074004895,0.9982547051643537
WNK1,6.096338380655473,-0.6189476487779626,0.5621655680331156,-1.1010059739935942,0.27089405713725045,0.9982547051643537
ADIPOR2,1.3946893692475328,0.1995167844904394,0.7313434925361846,0.27280858656244616,0.7850003587283477,0.9982547051643537
DCP1B,0.9372199355540918,-0.008939343400860542,0.9238915087277717,-0.009675750146432566,0.9922799888022527,0.9982547051643537
FKBP4,2.4772173909289514,0.4484448332744641,0.7138633894178686,0.6281941894234913,0.5298767362851329,0.9982547051643537
ITFG2,1.5218819133363142,1.0426885158024737,0.6391673662466251,1.631323141426073,0.10282215291077558,0.9982547051643537
RHNO1,1.3780903969810099,-0.7089184021974415,0.7595232662044721,-0.9333728586618344,0.3506274888590679,0.9982547051643537
CCND2,7.286257842948123,0.2962981314695578,0.5218386202802473,0.5677964795139815,0.5701731705908439,0.9982547051643537
TIGAR,1.731941790989047,0.30829369261064216,0.7520311599437695,0.40994803012377007,0.6818440711459894,0.9982547051643537
DYRK4,1.1666463232038427,0.24276611217789087,0.756458524131369,0.3209245509615426,0.748267568245971,0.9982547051643537
CD9,5.661596913251073,-0.17454748553001712,0.5299830901484418,-0.3293453862483207,0.7418946425490038,0.9982547051643537
TNFRSF1A,2.9245276806660176,1.2059066520399782,0.6352212634654852,1.8984041016843276,0.05764286972171251,0.9982547051643537
SMIM10L1,2.472844047899212,0.38733938918628097,0.719474951718124,0.5383639670308256,0.5903257977002294,0.9982547051643537
TAPBPL,2.301115555146829,-0.07486618017606406,0.6492142671586008,-0.1153181375753323,0.908192962562059,0.9982547051643537
VAMP1,1.28595226073333,-0.0675471123496281,0.7349900315183839,-0.09190207955621583,0.9267758392093308,0.9982547051643537
MRPL51,6.46811727943911,-0.1253038652039263,0.45527079087634725,-0.27522930905083953,0.7831400708032545,0.9982547051643537
GAPDH,146.47913770072645,-0.4981189742703416,0.3418150458866247,-1.4572763260853083,0.14504011900504613,0.9982547051643537
NOP2,1.1153077429101437,-0.010639085563059618,0.7634347839202639,-0.013935814541259892,0.9888811886281794,0.9982547051643537
CHD4,2.523873624363645,0.3781050155243626,0.5709182649165467,0.6622752130370739,0.5077948592814616,0.9982547051643537
ING4,2.073476577174764,0.04154297575645055,0.6749306399371591,0.06155147403045519,0.9509200217343723,0.9982547051643537
MLF2,4.922103359237753,0.7003845412256743,0.489132457554635,1.4318913627755787,0.15217491449856813,0.9982547051643537
PTMS,6.3887949917905855,0.7116771966311654,0.6252320907947336,1.1382608268340022,0.2550115861558657,0.9982547051643537
LAG3,11.05331773926857,-0.357376533631065,0.5440199069802863,-0.6569181183364586,0.5112335675096359,0.9982547051643537
TPI1,23.091769614433463,-0.24585845314462493,0.3446952827960114,-0.7132631788585353,0.4756829177775941,0.9982547051643537
ENO2,1.9749090190010903,0.3132398048224364,0.800363247873736,0.39137204969693035,0.6955222491317175,0.9982547051643537
C12orf57,23.811917329447336,0.028418306492520255,0.4676454642798466,0.0607689129120138,0.9515432484507457,0.9982547051643537
PTPN6,4.965248195771994,0.22239968594689352,0.5378810008829191,0.4134737713022576,0.6792595352309465,0.9982547051643537
LRMP,2.0174270992387027,-0.887183493595594,0.741898071798814,-1.1958293562409719,0.2317631574864406,0.9982547051643537
CLSTN3,2.467634941619791,0.8524876419579143,0.7416260620340801,1.1494844714865746,0.2503562662556297,0.9982547051643537
SLC2A3,13.666914202177766,0.40437793266949357,0.5312037114121623,0.7612483195843782,0.44650876235961234,0.9982547051643537
NECAP1,2.080921733856313,-0.02474958676787248,0.5855389085347815,-0.04226804812989184,0.966285016410924,0.9982547051643537
M6PR,5.664012414732615,0.05327752384500149,0.42720816796620525,0.12471092043637158,0.9007524116431265,0.9982547051643537
KLRG1,7.866158837576303,-0.11503651829873536,0.6095041267689028,-0.18873788256129748,0.8502982591583811,0.9982547051643537
KLRB1,6.442341347542294,0.38180885082818267,0.6544578893051298,0.5833971246546786,0.5596259930168883,0.9982547051643537
CLEC2D,15.73324246444071,-0.0040882513113968165,0.4468401557820553,-0.009149247798111606,0.992700058283884,0.9982547051643537
CD69,81.92098413140279,0.12460885239171504,0.43434898456773363,0.2868864825728243,0.7741992409856672,0.9982547051643537
CLEC2B,34.57519484933452,-0.2972094016549492,0.3923003103073675,-0.7576068482384974,0.4486863792335778,0.9982547051643537
GABARAPL1,7.502503729582334,-0.5315607088600364,0.6143195891168118,-0.8652836703844081,0.3868831113126284,0.9982547051643537
KLRD1,24.136102711042316,-0.19508714689018353,0.551138453385229,-0.3539712130262548,0.7233604570166197,0.9982547051643537
KLRK1,1.4985171612872576,0.9414615938937404,0.8339252327593636,1.1289520413941083,0.25891806543424334,0.9982547051643537
RP11-291B21.2,15.734865578681703,1.1248525937905733,0.8730392485557473,1.2884330179329235,0.19759527134952193,0.9982547051643537
MAGOHB,1.4001386033170804,-0.086930891100522,0.6775112196148486,-0.12830915353688233,0.897904321508753,0.9982547051643537
PRR4,1.239859168404961,0.424469688559417,0.7499491374341271,0.5659979688911916,0.5713951612478911,0.9982547051643537
KIF21A,2.439793101405546,-0.10144673045733145,0.6362908948924567,-0.15943451536341338,0.8733265473603559,0.9982547051643537
YAF2,2.509103909019443,0.21922543512714845,0.6023100096268358,0.36397441786327056,0.7158771126527925,0.9982547051643537
BORCS5,3.5668870219727644,0.5588605933040112,0.7385473670465459,0.7567024381102286,0.4492281538050862,0.9982547051643537
DUSP16,1.2901954277634278,0.011963330583411941,0.7443738402713125,0.016071669819900575,0.9871772148046045,0.9982547051643537
CDKN1B,10.639270770084606,0.033763612523495336,0.41927634467835123,0.08052830299643345,0.9358170867898855,0.9982547051643537
ATF7IP,5.551378573751521,0.495942593662604,0.4819479422964207,1.0290376825752188,0.30346196774911627,0.9982547051643537
H2AFJ,9.281032024390159,-0.9741603350767039,0.6734618249736709,-1.4464967410955905,0.14803792541664607,0.9982547051643537
WBP11,3.6898952960764473,0.058390231320084904,0.49484170364810726,0.11799779786064166,0.9060694027464171,0.9982547051643537
ARHGDIB,61.017357645210964,-0.2512753677248378,0.43457008142444065,-0.5782159850977394,0.5631183078867508,0.9982547051643537
STRAP,6.604295540819913,-0.15990667480917115,0.41630832108150867,-0.3841063623080048,0.7008996160908567,0.9982547051643537
PYROXD1,1.6304255671999606,1.520597596669058,0.7627464644513284,1.9935819666668395,0.046197757730707334,0.9982547051643537
RECQL,2.535309920040705,-0.12975852293524331,0.6150545968604413,-0.21097073917925063,0.8329101042140246,0.9982547051643537
GOLT1B,2.1770773195001345,0.05636080316667921,0.6792954910578343,0.08296949399577383,0.9338757962198172,0.9982547051643537
LDHB,20.12594488697577,-0.4175639582934011,0.4016344036286133,-1.039661828072671,0.29849704094198626,0.9982547051643537
CMAS,1.5880955434717952,-0.36930280034800866,0.7164942830085386,-0.5154302122234905,0.6062524249666856,0.9982547051643537
ETNK1,3.843265553808279,-0.5145332582257843,0.5259317915040398,-0.9783269742153097,0.32791263293011996,0.9982547051643537
TMEM106C,1.657458001930944,0.04517942250452066,0.7623281880596476,0.05926505567046622,0.9527409937068481,0.9982547051643537
ASB8,2.2224865348025276,0.16199697406079136,0.6130505078389523,0.2642473531778686,0.7915893248158282,0.9982547051643537
LYRM5,2.0775364009300192,0.3292096318043626,0.6228458146867253,0.5285571870944435,0.5971126663450699,0.9982547051643537
KRAS,5.774878369013875,0.07712470467353721,0.4521967766799049,0.17055562677778935,0.8645731912807781,0.9982547051643537
ITPR2,1.5956039040944348,-0.04534753850416235,0.7234549770796003,-0.06268190826085485,0.9500198041763589,0.9982547051643537
ASUN,1.692166537920608,-0.2962412875153466,0.7603133908231113,-0.3896305011735192,0.6968097945002463,0.9982547051643537
FGFR1OP2,10.946903865128627,0.24446399424504128,0.40374281635696757,0.6054943502174895,0.5448505775195915,0.9982547051643537
TM7SF3,1.3990360237594923,0.5815250987807734,0.6625939729941955,0.8776492429487699,0.38013409726371694,0.9982547051643537
MED21,3.1661087878462757,-0.1396032237846341,0.5727540837692179,-0.24374025038097327,0.8074319979988177,0.9982547051643537
MRPS35,3.1482472001256716,0.7236025393715398,0.5478320869154005,1.3208473118940964,0.18655228068220164,0.9982547051643537
CCDC91,2.999455502163806,0.23459692854404365,0.5652219850427016,0.41505273105454354,0.6781033016768679,0.9982547051643537
ERGIC2,5.137089467890888,-0.25051132391626524,0.48442414878090545,-0.5171321961275016,0.6050638798228878,0.9982547051643537
FAM60A,2.6920176033300565,0.3343642866631723,0.5850713683780203,0.5714931626036027,0.5676653938325356,0.9982547051643537
AMN1,1.2217888098017333,-1.9093067602757265,1.0248832022646694,-1.8629505840829073,0.06246921901762146,0.9982547051643537
KIAA1551,15.851061439443688,0.32749656041634584,0.3724803795123718,0.8792317083790668,0.3792756552814739,0.9982547051643537
DNM1L,2.091502793222277,0.1305973627795767,0.6418761063645517,0.20346194769462927,0.8387739849409438,0.9982547051643537
LARP4,1.438668553542356,0.7756245490253444,0.7997676769255689,0.9698123235074535,0.33214004898541394,0.9982547051643537
ATF1,1.9526559709911298,0.780455547261087,0.6195757086164839,1.2596613075807133,0.2077915690057135,0.9982547051643537
PPHLN1,4.963067841543479,0.14842968177699253,0.5624155898626768,0.26391459350057156,0.7918457302201345,0.9982547051643537
ZCRB1,3.5761773637585796,-0.5740543515703406,0.577949243068947,-0.9932608415958392,0.32058285526739605,0.9982547051643537
PUS7L,2.4261570741317406,0.7076166825089784,0.6962931103590372,1.016262651434397,0.30950432887563306,0.9982547051643537
IRAK4,3.4503002994002103,0.11062699330793015,0.5253370470574058,0.21058288945656914,0.8332127651514554,0.9982547051643537
TWF1,2.011594023182128,0.47320100671926535,0.5937299346763512,0.7969970504808933,0.4254527443223832,0.9982547051643537
NELL2,2.2221958364898082,0.2662340216107925,0.6878992806804478,0.38702471290192714,0.6987379126413062,0.9982547051643537
RP11-352M15.2,1.641892819111705,-0.1348314219927986,0.7208159523728795,-0.1870538818528395,0.8516183868112093,0.9982547051643537
ARID2,1.4661399365577312,-0.07193279679510414,0.7402284215522879,-0.09717648593424481,0.9225862411589173,0.9982547051643537
SCAF11,8.421613628426844,-0.06523659882948873,0.39052210785970487,-0.16704969454104504,0.867330947649328,0.9982547051643537
SLC38A1,8.144392960796559,0.24526692224691773,0.45783646610138345,0.5357085780768842,0.5921599741909883,0.9982547051643537
SLC38A2,7.783020505255954,-0.23874402344764867,0.6126119017195613,-0.38971496109936804,0.6967473321861782,0.9982547051643537
PCED1B,3.560596176253473,-0.33166137873113516,0.524898574750887,-0.6318580287411512,0.5274796511972377,0.9982547051643537
RPAP3,1.166899408990643,0.8635417276844687,0.7575600009040583,1.1398987890780052,0.25432846960516564,0.9982547051643537
HDAC7,1.2871882173944402,0.3618193445522958,0.7065063587923758,0.5121246823181465,0.6085637511716488,0.9982547051643537
PCBP2,31.405208501452513,0.006073538267221214,0.4201392976289212,0.01445601090280665,0.9884661738072118,0.9982547051643537
ATP5G2,42.74181463540709,-0.2896889947756017,0.3542384898772045,-0.8177795554515302,0.41348307406180984,0.9982547051643537
KANSL2,1.7031703121337904,-0.30989843722956395,0.678643483420099,-0.45664394457572405,0.6479269877678488,0.9982547051643537
CCNT1,2.1257245066538064,0.33728808087243817,0.6774725358408624,0.4978623678874368,0.6185810532639835,0.9982547051643537
DDX23,1.6528842642117734,-0.10964396667256818,0.6608090658052335,-0.1659238233043319,0.8682168990734983,0.9982547051643537
FKBP11,3.322888802648766,0.7814015403464718,0.5108272613164506,1.529678620386714,0.12609629816238163,0.9982547051643537
ARF3,1.2766340373553573,0.2267224030957708,0.7680312434393034,0.2951994531895477,0.7678415196842376,0.9982547051643537
PRKAG1,2.43540370232519,-0.297551242495858,0.5853304024160473,-0.5083474927454075,0.6112096689968297,0.9982547051643537
TUBA1B,19.446676428588336,0.2819092058743234,0.38013458786577614,0.7416036711025735,0.4583274986446858,0.9982547051643537
TUBA1A,16.102255247781084,0.15619746623394754,0.3909154659289114,0.3995683973842884,0.689474436923412,0.9982547051643537
TUBA1C,4.607125880842938,-1.1528219101063204,0.5487841288222993,-2.1006837653638,0.03566873537477426,0.9982547051643537
MCRS1,1.8076512061232168,-0.2859774382165842,0.7251314714057628,-0.394380122079351,0.693300417337456,0.9982547051643537
TMBIM6,24.57035557769047,-0.11515402951512531,0.31397719132711926,-0.36675921912796305,0.7137986293986223,0.9982547051643537
SMARCD1,1.4271380433818819,0.7834062843056866,0.7130552464984796,1.0986614124959768,0.2719157797192663,0.9982547051643537
COX14,6.83021571814442,0.016464976913242124,0.4315958819025828,0.03814905934843581,0.9695688360518101,0.9982547051643537
CERS5,1.3576008877224517,0.0323517427684889,0.7350677301671446,0.04401192086222116,0.9648949016021251,0.9982547051643537
RPL41,321.0543053998263,-0.5495824575198934,0.3643109333545807,-1.5085532911662292,0.1314129783164043,0.9982547051643537
ESYT1,2.390131558399942,0.30309529738179786,0.5498272283014565,0.5512555249730526,0.5814585219141513,0.9982547051643537
LETMD1,2.7628498032298583,-0.16827517605291847,0.5876059358409352,-0.2863741936372653,0.7745915378872441,0.9982547051643537
DAZAP2,24.086880864896766,0.13518211373341754,0.4220999489329936,0.3202609099459453,0.7487705531438735,0.9982547051643537
BIN2,7.426342360333032,0.2950159939128818,0.44984293770972505,0.6558199966745948,0.5119399485915986,0.9982547051643537
GALNT6,1.2361963454660292,0.15193404624230009,0.7806425752114208,0.19462690233254565,0.8456850407630032,0.9982547051643537
NR4A1,6.243841871994462,0.9252014328241035,0.49697883671975956,1.8616515723904228,0.06265221884062792,0.9982547051643537
ATG101,2.4183983601792822,0.8076176059678066,0.6829434444565041,1.1825541522117107,0.23698589196324127,0.9982547051643537
KRT18,1.7874448770100753,-0.6015113913660275,0.8354619843954012,-0.7199745800538409,0.4715406468266602,0.9982547051643537
EIF4B,8.564862481631511,-0.24669522227059035,0.39079427015999585,-0.6312662214049105,0.5278664692428325,0.9982547051643537
SPRYD3,0.9836203619544752,-0.22442256147150083,0.8113239779156223,-0.276612755915419,0.7820774689505579,0.9982547051643537
ITGB7,5.385116899475605,0.3033115892839628,0.49985462701283684,0.6067996031097526,0.5439839115665324,0.9982547051643537
PFDN5,58.823219609205616,0.10800597829509641,0.28650938292508,0.3769718715402041,0.7061945087208072,0.9982547051643537
C12orf10,1.6922323195948208,-0.6370447554508943,0.7683990421885537,-0.8290545933483516,0.40707351583532936,0.9982547051643537
SP1,1.3379511734793823,-0.3518837798948295,0.7419115811735317,-0.474293418277999,0.6352906843118036,0.9982547051643537
PRR13,16.581457940103352,-0.2777027619015144,0.38511675042765864,-0.7210872069135793,0.47085586158239445,0.9982547051643537
ARHGAP9,9.760718592175346,-0.3167082147006241,0.36932048014982194,-0.8575430600873944,0.3911448279458629,0.9982547051643537
DDIT3,4.3208810126386155,-0.7162108131057745,0.5632526829283411,-1.2715621865877438,0.20352871915825788,0.9982547051643537
CALCOCO1,1.9884586271142453,-1.126949403538949,0.6646512221662899,-1.6955500358005755,0.08997112683296907,0.9982547051643537
CBX5,1.6465187885615566,-0.4201290341153957,0.6642658439107395,-0.6324712281486061,0.5270790033881151,0.9982547051643537
HNRNPA1,60.130715777784665,-0.01517326772927747,0.3493507953988488,-0.04343275564022795,0.965356567103726,0.9982547051643537
COPZ1,6.453423208364636,-0.1304232856904897,0.48441101451033297,-0.2692409581609702,0.7877442634973497,0.9982547051643537
ITGA5,1.4260715094041367,0.08466971579937319,0.7835751945565474,0.10805563574187763,0.9139515595779801,0.9982547051643537
NCKAP1L,3.390081929588003,-0.13235078544053294,0.5714765041927998,-0.23159444783731925,0.816853020268562,0.9982547051643537
BLOC1S1,7.1178463332997675,-0.3059122873606566,0.5647285637102754,-0.5416979182898208,0.5880266240528823,0.9982547051643537
CD63,21.190588544229666,0.24761677007783622,0.4501898644825143,0.5500274209026619,0.5823005660583842,0.9982547051643537
SARNP,1.4982932925937704,-1.3831262400432949,0.8342477784974304,-1.6579321823720687,0.09733115554175051,0.9982547051643537
ORMDL2,3.4213700811489614,-0.5206805373237506,0.6184904192892999,-0.8418570782746458,0.3998679580350588,0.9982547051643537
DGKA,3.098619143751851,0.6804813728537737,0.6587372323780851,1.033008822648738,0.30159976987907056,0.9982547051643537
RAB5B,1.390841302039139,0.008330195039381863,0.7223889905159229,0.01153145348108437,0.9907994352109051,0.9982547051643537
RPS26,137.71843573679794,0.13586686735124007,0.6987700975758142,0.19443715153609442,0.8458336022467914,0.9982547051643537
PA2G4,6.137586630163527,0.5268354965315604,0.47375368564534903,1.112045167129208,0.26611873077250037,0.9982547051643537
RAP1B,11.983765972336974,0.3905822327988121,0.5072485258126159,0.770001711041144,0.4412988777143101,0.9982547051643537
MDM2,1.6515839178153016,0.3571803905970074,0.6546297624311425,0.5456219852738173,0.5853258086305109,0.9982547051643537
MYL6,77.45212319404801,-0.47029997881638086,0.28927678468688656,-1.62577850595731,0.10399678237604698,0.9982547051643537
SMARCC2,2.1519208581811915,0.1262061545486749,0.61310113551633,0.20584883510677068,0.8369089930884566,0.9982547051643537
RNF41,1.3624818800086647,-0.21831036414888055,0.6951499878129153,-0.3140478572627611,0.7534846912436779,0.9982547051643537
NABP2,1.2697028762301514,0.3642906305582193,0.7866739474032279,0.4630770241733882,0.6433091581233555,0.9982547051643537
COQ10A,1.3139042571062187,0.680136717162981,0.8178886085259963,0.8315762196379375,0.40564818952911597,0.9982547051643537
CS,1.850272145224048,0.171582392765943,0.672907281936693,0.2549866785095743,0.798733388241885,0.9982547051643537
CNPY2,2.8109398544241118,0.43217012578257646,0.7067549385939582,0.6114851162446069,0.5408784688043795,0.9982547051643537
BAZ2A,4.3157362882371,-0.14098505125693464,0.5356073649245843,-0.26322463149248504,0.7923774468484629,0.9982547051643537
ATP5B,10.713234358832269,-0.3932340173855028,0.3826380659133006,-1.0276918383614324,0.30409480822324486,0.9982547051643537
PTGES3,20.41579720059026,0.46131379075184636,0.4168597264087484,1.1066403433262078,0.2684494574680797,0.9982547051643537
NACA,93.97568941235726,-0.08342691722896796,0.2684748595756409,-0.31074387136596315,0.7559953426301634,0.9982547051643537
STAT6,1.2344725310081321,0.5232586217031626,0.7480423638706608,0.6995039946609707,0.4842371174506135,0.9982547051643537
SHMT2,1.2890827489765064,0.022467750998080165,0.712139338698929,0.03154965577260274,0.9748311922542244,0.9982547051643537
R3HDM2,1.3519806243753352,-0.3592094820365829,0.7485377976855933,-0.4798815546084968,0.6313116178055362,0.9982547051643537
DUSP6,1.9560183105959212,0.8986645397490526,0.7698083071189814,1.1673874280628607,0.24305394585771856,0.9982547051643537
POC1B,1.6688222689036927,-0.23141194104626356,0.7153186844432169,-0.32350887244947035,0.7463098892489839,0.9982547051643537
DCTN2,4.200024281141492,0.020576280888125093,0.5127037888545904,0.040132882446789954,0.9679871865094691,0.9982547051643537
OS9,3.3803976747930298,0.04876740208101245,0.530082192729969,0.09199969882001904,0.9266982788849314,0.9982547051643537
RP11-620J15.3,1.0912305141254075,-0.1767991574203178,0.7755356995824193,-0.22797036618109753,0.8196692783200872,0.9982547051643537
SLC16A7,3.0064686859552703,0.28599452499788763,0.5316788764012274,0.5379083835974406,0.5906403002672516,0.9982547051643537
USP15,8.313328561288246,0.4265549747227397,0.4560777978060728,0.9352680107969509,0.34965019665759844,0.9982547051643537
MON2,2.0384031149524056,0.40815430225728794,0.8753964654116471,0.46625079993367025,0.6410359911233359,0.9982547051643537
XPOT,1.2506957249981416,0.6507295942098296,0.7479738532519618,0.8699897615145985,0.384305999450545,0.9982547051643537
TBK1,2.2050787214110383,0.5010837082509303,0.6575679310514029,0.7620257688809948,0.4460446245220707,0.9982547051643537
LEMD3,1.3655437608857306,0.4753756650332338,0.6997223460415937,0.6793775670056649,0.4968986600421351,0.9982547051643537
LLPH,1.8762450028941902,-0.3698723685046714,0.7415970695535448,-0.4987511192935828,0.6179547270270954,0.9982547051643537
TMBIM4,4.197310492785449,-0.8865780852868028,0.8541406114126592,-1.037976737601196,0.2992808852697726,0.9982547051643537
HELB,3.765913959263173,-0.1201614312025798,0.5403786347142008,-0.2223652518499952,0.8240295596824665,0.9982547051643537
CAND1,2.7915223240539278,0.2177563038966253,0.6643907090927891,0.32775338504351864,0.7430981354119255,0.9982547051643537
IFNG,40.723410771971416,0.4106504965322294,0.5669085074118082,0.7243682025641726,0.4688397157323406,0.9982547051643537
NEDD1,1.6276552380189944,0.6984971488262375,0.6630331248482276,1.0534875598954845,0.29211759282106664,0.9982547051643537
TMPO,2.418758530877305,-0.3749836939380544,0.5809789302609869,-0.6454342393614937,0.5186458209277818,0.9982547051643537
CPSF6,2.715041477633142,0.24239376778526397,0.5306246543527531,0.456808340503763,0.6478088103571912,0.9982547051643537
YEATS4,2.020972275825266,-0.7582317554114144,0.7011155822552726,-1.0814647036832596,0.27949045322404986,0.9982547051643537
CCT2,5.320842728508438,-0.1880896047692349,0.5267144975414093,-0.357099729829342,0.7210171467283886,0.9982547051643537
RAB3IP,1.4479824611383767,-1.4570129145837933,0.8233934024575338,-1.7695222116610756,0.0768067674135487,0.9982547051643537
CNOT2,5.839321902825601,-0.7673705915738981,0.475759576437427,-1.6129377727298873,0.10675802775632197,0.9982547051643537
TBC1D15,1.4637187004485048,-0.871741151232138,0.7121744770438284,-1.2240555921782768,0.2209312567699796,0.9982547051643537
ATXN7L3B,1.8276856783755375,0.24394713630913142,0.6431033407721505,0.3793280501641199,0.7044442723774056,0.9982547051643537
GLIPR1,9.00709567325508,-0.3938209124806964,0.5032486608882959,-0.782557298385164,0.43388712551432307,0.9982547051643537
KRR1,4.630220063654745,-1.0139072554862396,0.5134657424755158,-1.974634667150335,0.04830962196976061,0.9982547051643537
PHLDA1,6.111510141806032,-0.0034259778257617573,0.5270284618247877,-0.006500555613068075,0.9948133435686681,0.9982547051643537
NAP1L1,12.334058496455592,-0.3629943488999104,0.49249691431999465,-0.7370489811110952,0.46109256329578674,0.9982547051643537
OSBPL8,3.34033893266066,0.48609575940304117,0.6533557042665462,0.7439986461107426,0.45687729418174217,0.9982547051643537
PPP1R12A,8.190684088088695,-0.42068042268332245,0.42049059997537,-1.0004514315134834,0.31709209075344924,0.9982547051643537
CCDC59,5.51684087828381,0.09469052716454832,0.4775007099629166,0.19830447408528906,0.8428068513890248,0.9982547051643537
TMEM263,2.777554050668158,-0.03228108686902707,0.6901845120166851,-0.04677167671396063,0.9626952030278848,0.9982547051643537
CRY1,1.8288417845199572,0.047774865190484905,0.8427908504199944,0.05668650195558826,0.9547949266045859,0.9982547051643537
ATP2B1,3.742559005767116,0.10600236453031159,0.6076745677910355,0.17443936302228666,0.8615201812948146,0.9982547051643537
LINC00936,2.578062052895789,0.7279791249486702,0.7315479044145197,0.9951216052369043,0.319677123867947,0.9982547051643537
BTG1,161.34658158342728,-0.36076543844687214,0.42792982378087435,-0.8430481317226574,0.39920152552164745,0.9982547051643537
RP11-796E2.4,3.6304395933747213,-0.737112429176968,0.7325271375962463,-1.0062595518246162,0.3142907321150209,0.9982547051643537
EEA1,1.3023586629282125,0.7480114504347056,0.7929903602742734,0.9432793737568123,0.345538023235868,0.9982547051643537
NUDT4,3.0584772326077823,-0.1347600345518074,0.5105685870450286,-0.2639411001208394,0.7918253049224249,0.9982547051643537
UBE2N,8.156444991397107,0.36273041406164785,0.47376871651676716,0.7656276183208277,0.4438979063162526,0.9982547051643537
MRPL42,4.08106488099999,-0.027672403332951557,0.48010981444908746,-0.05763765392862227,0.9540372560160748,0.9982547051643537
NDUFA12,5.840745657869447,0.004179419638263263,0.5304585554761198,0.007878880630951409,0.9937136278278251,0.9982547051643537
NR2C1,0.842043097467523,-0.29285819429497695,0.8799510289902098,-0.3328119232169626,0.7392762574125484,0.9982547051643537
METAP2,4.15353537238767,-0.46273421815709126,0.5991189347980143,-0.7723578596511835,0.43990250526813246,0.9982547051643537
SNRPF,10.796315208539918,-0.2871438066706192,0.38288752602725407,-0.7499429653662317,0.4532890560147306,0.9982547051643537
LTA4H,2.087342597775553,0.09605702869671655,0.5743491153505114,0.16724501897786553,0.8671772631983069,0.9982547051643537
CDK17,2.885006531521988,0.2192990795617753,0.7177120058704847,0.3055530320909096,0.7599449860099707,0.9982547051643537
ERP29,15.654527364021972,0.48684041621296903,0.3411176691045312,1.4271920228904442,0.15352455320359684,0.9982547051643537
HECTD4,1.101874345835701,-0.6379694862517015,0.8487259402713713,-0.7516790237938497,0.4522441078407502,0.9982547051643537
SLC25A3,18.491721976714427,0.1126359751256175,0.3767972886161561,0.2989298981935083,0.7649935340810936,0.9982547051643537
IKBIP,2.0625436714156504,0.9579510858556148,0.7412380627576991,1.2923662909209728,0.1962303247007876,0.9982547051643537
ACTR6,2.5625669845579657,-0.5691395059219471,0.6949816478127954,-0.8189273885333647,0.41282784257126826,0.9982547051643537
ARL1,2.568025546266849,-0.2431905796615524,0.6028341597237559,-0.4034120756743324,0.6866451046949398,0.9982547051643537
GNPTAB,2.4357785553122824,0.011334285035373485,0.6196085962038339,0.01829265298256905,0.9854053885579077,0.9982547051643537
CCDC53,3.201705549340699,-0.05515878800875145,0.5072834962593196,-0.10873365369756616,0.9134137483077279,0.9982547051643537
NUP37,1.6067121358103118,-0.08943766892399357,0.6899164805824373,-0.1296355014573489,0.8968548141358089,0.9982547051643537
HSP90B1,13.690169509610461,0.004405745715320572,0.35407593890449823,0.012442940147110348,0.9900722263471249,0.9982547051643537
TDG,2.367997700005021,0.43818800838043115,0.5586220883944724,0.7844086681925181,0.4328003537679357,0.9982547051643537
NFYB,3.0651817618683252,0.03905318326973263,0.6420030359857384,0.06083021587237505,0.9514944260866531,0.9982547051643537
TXNRD1,1.4717797974708122,-0.3818839938167157,0.7226705897129214,-0.528434392173643,0.5971978722212212,0.9982547051643537
C12orf45,1.0354622359303742,-0.39080305622893835,0.8131766113731403,-0.4805881659200986,0.6308092278539486,0.9982547051643537
KIAA1033,1.9106242093712207,0.24794904363637343,0.6860771418401455,0.3614011144160011,0.7177996150348326,0.9982547051643537
C12orf75,15.53771210482067,0.4511804693493157,0.48193529570951993,0.9361847396652574,0.3491780788842005,0.9982547051643537
DYNLL1,27.044354631124275,-0.27458054159071105,0.41186591669772277,-0.6666745910714229,0.5049800122366306,0.9982547051643537
RNF10,4.945092569932941,0.26464976338144786,0.5323625803616089,0.497123150920344,0.6191022098683452,0.9982547051643537
PWP1,3.6378018095917666,-1.1563446783928242,0.6043236717797144,-1.91345256257698,0.05569014087480036,0.9982547051643537
SART3,1.500862495950577,0.12642348039423626,0.6335553842222118,0.19954605949634668,0.8418356174608009,0.9982547051643537
ISCU,9.901088569308163,1.0811818387971344,0.45113673626782397,2.3965723734705455,0.016549224905880112,0.9982547051643537
SELPLG,8.560531762665116,-0.3633756981816014,0.5358404406393675,-0.6781416082519262,0.4976819113431127,0.9982547051643537
KCTD10,0.9456503710577964,-0.5370795078480574,1.015118834553067,-0.5290804283860232,0.5967496576847278,0.9982547051643537
GLTP,2.0527989035091565,-0.1852673715018455,0.6203625411003579,-0.2986437111003358,0.7652119099256283,0.9982547051643537
GIT2,3.1085894054630603,1.4456294439156034,0.6651457487461256,2.1734025161263935,0.029750035632847022,0.9982547051643537
C12orf76,1.5187514528681887,0.3635158008598862,0.7220956443334943,0.5034178002768831,0.6146705593185751,0.9982547051643537
ATP2A2,2.3286132830644837,0.15882393487403998,0.7171364472772519,0.22146961777921895,0.8247267907464855,0.9982547051643537
ANAPC7,1.0279498484977063,0.0796449574662517,0.7658667631806145,0.10399322871185758,0.9171747221404727,0.9982547051643537
ARPC3,41.071520766576306,-0.4553359030867845,0.2877055954026323,-1.582645281714318,0.11350233648283535,0.9982547051643537
VPS29,8.150377092768597,-0.3256282301936834,0.41548554895850637,-0.7837293764125673,0.43319892143149197,0.9982547051643537
PPP1CC,8.041825959268879,0.19196798888568262,0.43967282613704,0.4366155410883838,0.6623901899650468,0.9982547051643537
MAPKAPK5-AS1,2.018774444915496,-0.674530664842413,0.6417098010807585,-1.0511459599126864,0.29319155828528365,0.9982547051643537
ARL6IP4,12.325597212256936,0.08169411462947106,0.46636830498314225,0.1751708119024599,0.8609454184275962,0.9982547051643537
C12orf65,3.23281949275975,-0.5637413388737456,0.6002801501566606,-0.9391304022407219,0.3476637967036251,0.9982547051643537
RPL6,140.61293885055431,-0.0625286554397289,0.2702687579554897,-0.23135731970184537,0.8170372196478043,0.9982547051643537
OAS1,1.3655766691203601,-0.7094364265002746,0.7131097692978119,-0.9948488396097079,0.31980978841890306,0.9982547051643537
OAS3,1.1625784195214077,0.17581006535208216,0.7305471264457634,0.24065533760625163,0.809822257101761,0.9982547051643537
DDX54,1.646188158973714,-0.6697494406406909,0.7067099971227528,-0.9477005325628043,0.34328192975292793,0.9982547051643537
TESC,2.3904059840380723,-0.8468561709705881,0.8110177590290565,-1.0441894293220373,0.296397756622648,0.9982547051643537
FBXO21,1.8188850960798475,1.1923286498947228,0.7866643804569168,1.5156764174350754,0.12960119356018976,0.9982547051643537
PEBP1,10.801435120593183,0.27448061754172026,0.44195216424964273,0.6210640873492275,0.5345574571348475,0.9982547051643537
TAOK3,4.17404204975454,0.12673112267722428,0.5422290831556053,0.23372247379223637,0.8152004393524006,0.9982547051643537
SUDS3,2.139776704524039,-0.08221832554949353,0.739910730710034,-0.11111925011628779,0.9115217838885925,0.9982547051643537
RAB35,1.2453689799830328,0.577266459252327,0.7344194926246783,0.7860173443780534,0.43185732598156223,0.9982547051643537
RPLP0,110.02309005424696,0.10232425948796144,0.41672616895835424,0.2455431578576657,0.8060358955836896,0.9982547051643537
COX6A1,20.24749647801331,0.112890908061551,0.2828116038489907,0.39917353646433096,0.6897653410231842,0.9982547051643537
TRIAP1,1.2679867816322348,-0.18278848558967795,0.6995660074281083,-0.26128840402306486,0.7938701083032207,0.9982547051643537
SRSF9,5.929695140864246,0.2003330056038789,0.7375221189570246,0.271629827031062,0.7859066627961396,0.9982547051643537
PSPC1,3.5129448912376446,0.8342702305076891,0.6725186810632803,1.2405160689197108,0.21478457445374577,0.9982547051643537
ZMYM5,2.767527661954399,0.157021423157397,0.5847024594074209,0.26854927772415,0.788276549204707,0.9982547051643537
POP5,2.7954258523422824,0.22756091786961696,0.583211142838904,0.39018616270244066,0.6963988929162865,0.9982547051643537
MLEC,2.4571970346159806,0.6162244383782056,0.6375489389801834,0.9665523706523798,0.33376785454396385,0.9982547051643537
OASL,7.783976800467764,-0.2737979120678862,0.4713521969232336,-0.580877555796092,0.5613229800243889,0.9982547051643537
ANAPC5,4.530377031213339,-0.1964208379757458,0.45376306830261715,-0.4328709225069671,0.6651085454574693,0.9982547051643537
RNF34,2.782310551418898,-0.10175739436114403,0.585428401029668,-0.17381697605064986,0.8620093025195891,0.9982547051643537
KDM2B,1.4519746578266979,0.167113776680594,0.7468522197711753,0.2237574881035973,0.8229460108034281,0.9982547051643537
ORAI1,4.482039829934009,0.1430867479242964,0.5944742748774173,0.24069460020587333,0.8097918243670389,0.9982547051643537
RHOF,6.531285039750135,0.7309786415025163,0.47694870885002827,1.5326147821324017,0.12537079712761645,0.9982547051643537
PSMD9,2.5299194602267905,1.1733723943437344,0.6189513730007294,1.8957424533289653,0.05799410868422561,0.9982547051643537
DIABLO,1.7245744061280146,0.12785445270042345,0.9662304854023621,0.132322933950052,0.8947288682033872,0.9982547051643537
CLIP1,3.4126061285643976,0.17483422429392811,0.5821424431824527,0.3003289424116638,0.7639262587508229,0.9982547051643537
RSRC2,10.882116933772028,-0.01558729372688087,0.5048978144463404,-0.030872175083533574,0.9753714804087671,0.9982547051643537
DENR,2.5605617148931756,0.7293325420118838,0.5343971451658297,1.3647762691276417,0.1723233796153335,0.9982547051643537
VPS37B,7.1138257057740075,-0.45952305563319346,0.46517086571605526,-0.9878586332483056,0.32322188718233746,0.9982547051643537
POMP,15.15060172435733,-0.7391455084044501,0.39960548730607204,-1.8496880845840646,0.06435851885436726,0.9982547051643537
UBL3,6.016402919819184,0.003589089141933628,0.4575639125389358,0.007843907798625224,0.9937415312485341,0.9982547051643537
SBNO1,1.970098457487753,0.46038471188969615,0.5964472720115298,0.7718783092712285,0.44018650532312564,0.9982547051643537
RILPL2,5.855004044491745,0.6721111624207353,0.5358128539189504,1.2543767054203632,0.20970511539810543,0.9982547051643537
SNRNP35,1.522682921803179,0.1094907813576888,0.6422156164063894,0.17048912944590222,0.8646254826603695,0.9982547051643537
TMED2,8.778105517207102,0.49917030661265405,0.4977423508880816,1.0028688652312279,0.3159241365759663,0.9982547051643537
DDX55,1.4261304787866378,-0.5620649772606003,0.8182111085191982,-0.6869437134358,0.4921181988533223,0.9982547051643537
EIF2B1,1.6153353561877999,0.1601871198741467,0.62994382394631,0.254287944075152,0.7992731129965802,0.9982547051643537
UBC,100.9587021800909,-0.30085937324546935,0.39800101727215387,-0.7559261413639582,0.44969347961943673,0.9982547051643537
RAN,24.037230857105165,0.0029649425862481,0.33688692511437796,0.00880100225095248,0.9929779068369522,0.9982547051643537
SFSWAP,2.439692099542078,-0.056632947873778997,0.6129721466816018,-0.09239073615394802,0.9263875994264325,0.9982547051643537
EP400,1.3893016169408148,-0.3373796204711418,0.7720663549629921,-0.4369826742253437,0.6621239131393171,0.9982547051643537
ANKLE2,2.0441377838719306,-0.24773906162098763,0.6329443361866757,-0.3914073441490144,0.6954961646260174,0.9982547051643537
GOLGA3,1.1211719854238136,-0.10566787795839717,0.772785647713465,-0.13673633596981205,0.8912392073171578,0.9982547051643537
CHFR,2.3099405998017892,0.5807994823590796,0.622177243944135,0.9334952186249187,0.35056433800882236,0.9982547051643537
MPHOSPH8,8.084844831090772,0.01185179179884735,0.4083685649306139,0.029022292156256187,0.9768468115115023,0.9982547051643537
NAA16,1.71766773450593,-0.08943811234011967,0.6900667048581893,-0.12960792298840074,0.896876634487779,0.9982547051643537
RGCC,54.21218081075583,0.536101717342559,0.3464889509754894,1.547240441097017,0.12180527752219655,0.9982547051643537
ZMYM2,3.731032056637648,-0.07074921490011091,0.508485371896148,-0.1391371685605945,0.8893417576046484,0.9982547051643537
XPO4,2.0798929160304676,1.4751046090594768,0.7367685051878057,2.002127667880518,0.04527100251696866,0.9982547051643537
SAP18,19.537865034226147,-0.4864701945798466,0.4017865525818605,-1.2107677358881554,0.22598443385589606,0.9982547051643537
MRPL57,5.5426170768995595,0.6908887626864731,0.5335781403168544,1.2948220897434126,0.19538160988389386,0.9982547051643537
ZDHHC20,1.743069361900712,-0.07076975625359654,0.7030588179625941,-0.10065979466509133,0.9198205284178215,0.9982547051643537
MICU2,4.74054050620201,0.08247831093324033,0.5777961153288127,0.14274639227420818,0.8864904761282221,0.9982547051643537
SPATA13,2.640882244619296,0.19512830798988437,0.5579975634825355,0.34969383517028857,0.7265684807502948,0.9982547051643537
PARP4,1.959231042200502,-0.536545209204791,0.6565988497580403,-0.8171583142469871,0.41383796138226836,0.9982547051643537
NUP58,1.9485446352237206,-0.025959512945554954,0.7018995581388997,-0.036984654918984575,0.9704972409705712,0.9982547051643537
RNF6,1.2270690413104808,-0.3469756708427507,0.7085802527327759,-0.48967730825770595,0.6243622615451409,0.9982547051643537
RPL21,170.6369083782402,-0.08791696438604746,0.5326745085147823,-0.16504819168309734,0.8689060506803162,0.9982547051643537
GTF3A,11.396724120214234,0.49215579102360263,0.3694032071597258,1.3322997242165253,0.18276171774193617,0.9982547051643537
MTIF3,3.523203679494295,-0.07763659575493859,0.5450048747002721,-0.14245119513405302,0.8867236267851043,0.9982547051643537
POLR1D,9.579591791700254,-0.08731094075666293,0.46668937731534454,-0.18708576839465205,0.8515933863287865,0.9982547051643537
FNDC3A,2.4323315013795894,0.46339143830170115,0.6806109831632242,0.6808462539761433,0.4959687791017038,0.9982547051643537
SETDB2,1.2823720961748462,-0.08090194220814105,0.7226869558874067,-0.11194603908243976,0.9108661920904736,0.9982547051643537
LINC00426,1.7979932648008616,-0.14540001756031307,0.7294132728917704,-0.19933832158533724,0.8419981043463014,0.9982547051643537
HMGB1,48.82977115032178,-0.561409911479947,0.33259112938262736,-1.68798822903685,0.09141348852875478,0.9982547051643537
ALOX5AP,35.062549546824116,-0.41767122540178303,0.3793745655409526,-1.1009468302289136,0.270919798658419,0.9982547051643537
HSPH1,17.135144981230017,0.2861705264455531,0.5634697172559547,0.5078720607012867,0.6115430696151709,0.9982547051643537
N4BP2L1,2.641946543069692,-0.10829996929013094,0.5889544834775835,-0.18388512580913735,0.854103573717661,0.9982547051643537
N4BP2L2,22.884459255478365,0.2002058498333241,0.38695175229766415,0.5173922811940517,0.6048823468528948,0.9982547051643537
ALG5,3.088179657276947,0.4524701910982445,0.5681716366359923,0.7963618067547541,0.42582177077588057,0.9982547051643537
EXOSC8,2.8608492658687052,0.010761502016522692,0.5473176942001462,0.019662258557618214,0.9843127982631075,0.9982547051643537
SUPT20H,2.810984921108255,1.120092260396038,0.6054416867580272,1.850041523228805,0.06430756508855902,0.9982547051643537
UFM1,5.973170410661835,0.3249068749207438,0.48172524175545234,0.6744651240129175,0.500015651378152,0.9982547051643537
NHLRC3,2.530317671601925,0.34063915199032,0.6634944001661057,0.5134016984997026,0.6076703577192404,0.9982547051643537
MRPS31,2.5120890637037436,-0.10013900023779117,0.630797937719031,-0.15874972673483106,0.8738660586421494,0.9982547051643537
ELF1,23.38438993380107,-0.7835424211168969,0.4182598109351806,-1.8733390123353868,0.06102158593069689,0.9982547051643537
WBP4,0.9008817862091983,0.20640638885589788,0.7903638620020488,0.26115362654999885,0.7939740380862562,0.9982547051643537
TBC1D4,1.4460288347415988,1.1490314511802484,0.7579418043129378,1.5159890174178043,0.12952212948502415,0.9982547051643537
COMMD6,35.53068533702128,-0.13361058481988655,0.3110574673969964,-0.4295366574478087,0.6675327227330752,0.9982547051643537
AKAP11,1.5710090195006152,-0.26080578354914863,0.6547299486167142,-0.3983410016605596,0.6903788408430693,0.9982547051643537
EPSTI1,4.1385685377933425,0.09983223595005511,0.5408439597447763,0.1845860236604396,0.8535537490661513,0.9982547051643537
DNAJC15,3.852496344741689,0.38741559715107887,0.48156790642427855,0.8044879901314517,0.4211152026175192,0.9982547051643537
TSC22D1,2.114706592493753,-1.275089586071846,0.7526982244693575,-1.6940249685998232,0.09026053853362817,0.9982547051643537
GTF2F2,1.442840238190774,0.8074719748608943,0.652963656272527,1.236626215110325,0.21622588286926436,0.9982547051643537
TPT1,234.9130576820914,0.43128040348945335,0.4087856868544082,1.0550281415382745,0.2914124543723413,0.9982547051643537
COG3,2.285936137432547,0.49495894132711277,0.6901436579513304,0.7171824816827017,0.47326150715254134,0.9982547051643537
ZC3H13,3.4027539180750845,0.09663700233340936,0.643012131667915,0.15028799236297727,0.8805374061009711,0.9982547051643537
LCP1,22.6931116668083,-0.30187088411256535,0.34152267788956064,-0.883897040096946,0.37675179519001367,0.9982547051643537
ESD,4.382024254443918,-0.4192234991365202,0.5375891297635842,-0.7798213838901137,0.4354960177340793,0.9982547051643537
SUCLA2,1.79577497837446,0.16762064367405535,0.7591399240779787,0.22080335700647116,0.8252455495807525,0.9982547051643537
MED4,4.544579805881445,-0.3993962017344047,0.5380918404452805,-0.7422454155853717,0.4579386567392586,0.9982547051643537
ITM2B,46.579487195852934,-0.13438847551953212,0.3631869676254496,-0.3700255997569973,0.7113634161963531,0.9982547051643537
RCBTB2,1.4799408453242602,0.2675505186755749,0.8102557032418931,0.33020504219234176,0.7412450372032833,0.9982547051643537
ABHD13,2.583998802167898,0.7224104613859273,0.6108465115713613,1.1826382695181077,0.23695253875129807,0.9982547051643537
ANKRD10,3.8267081582502063,0.30985827814835004,0.5744196254281048,0.5394284325111945,0.5895912667646703,0.9982547051643537
PHF11,4.730845459566879,-0.023488685684314514,0.4628463625771415,-0.050748342394933935,0.9595260545896889,0.9982547051643537
EBPL,1.7637793843530982,0.6880649996275661,0.6897220390637963,0.997597525753303,0.3184745613563854,0.9982547051643537
KPNA3,2.0216712192539377,-0.5650464714720324,0.6130601150183701,-0.9216819976212299,0.35669447349024874,0.9982547051643537
DLEU2,1.3473681081279942,-0.8442861731419401,0.7863468890786574,-1.0736815836216618,0.28296541822801824,0.9982547051643537
TRIM13,1.9580055118893933,-0.24992494580337515,0.6707175522558492,-0.37262323755028226,0.7094288753994975,0.9982547051643537
RNASEH2B,3.593229000499615,0.22300435127031132,0.5271925528423834,0.4230036066859687,0.6722926296142777,0.9982547051643537
INTS6,4.575708444257216,-0.7125972292521853,0.6131376222828078,-1.1622141642508803,0.24514848256206612,0.9982547051643537
VPS36,3.4546510870463676,-0.07425960542688219,0.6062684030384923,-0.12248635266939256,0.9025138536004494,0.9982547051643537
CKAP2,2.0944330394692816,-0.3705444975938926,0.6939923112585591,-0.5339317044044883,0.5933887860299767,0.9982547051643537
SUGT1,4.088753785115202,0.33868455997456115,0.5200136679141256,0.6512993424443819,0.5148532727837473,0.9982547051643537
TDRD3,1.3588163522772159,-0.603463257813565,0.706559825258497,-0.8540865702246603,0.39305702447933244,0.9982547051643537
MZT1,3.055140231692785,0.672125912553329,0.5728290081469167,1.1733447555800893,0.24065758140607996,0.9982547051643537
PIBF1,1.2741251744777973,0.6063230682130021,0.6940907108754247,0.873550184021732,0.38236326537643794,0.9982547051643537
KLF12,2.035976201291585,0.3000914511269545,0.6878674536974353,0.4362634829048802,0.6626455732194629,0.9982547051643537
METTL17,2.2992031199837806,-0.4527912616779907,0.6599613593112108,-0.6860875342013363,0.4926579113156726,0.9982547051643537
HNRNPC,19.50790482618446,-0.21615090455230276,0.4158488399276789,-0.5197823915774155,0.6032152534862305,0.9982547051643537
UCHL3,1.9099904839597508,-0.17445027273275734,0.7054774334269476,-0.24727973492411037,0.80469174106948,0.9982547051643537
CLN5,1.1198616932940453,-0.48691732358219364,0.9748719216488678,-0.4994679944814053,0.6174497286547087,0.9982547051643537
MYCBP2,6.038019922839571,0.30281213772463217,0.43808085030755267,0.6912243196936005,0.48942458292015667,0.9982547051643537
RBM26,2.5764423944352752,-0.5089400692133921,0.6327185776385723,-0.8043703586400995,0.4211831145857797,0.9982547051643537
NDFIP2,3.038586702715496,0.305856950697974,0.5631981323927588,0.543071670707668,0.5870804569216375,0.9982547051643537
DNAJC3,3.4265395322260774,0.6920859167588793,0.4995457194138232,1.3854305819515111,0.16592084517480998,0.9982547051643537
STK24,1.829817392761424,0.03266833255993908,0.7095087795574895,0.04604359170906082,0.9632755055732106,0.9982547051643537
UBAC2,6.359735290482435,0.30926248496172215,0.5273951851177439,0.5863961099543933,0.557609357832169,0.9982547051643537
GPR18,1.6014447313916187,0.1045965292190845,0.6604614867929446,0.15836885467308956,0.874166154407007,0.9982547051643537
GPR183,7.642231139339249,-0.8306233426824217,0.7283559496256617,-1.1404085366630428,0.25411613801972743,0.9982547051643537
TM9SF2,2.987272737211447,0.011275859724817375,0.576097881980881,0.01957281926822218,0.9843841467607437,0.9982547051643537
TPP2,1.7399239450155435,0.5372727562848365,0.6585750399051647,0.8158109915040269,0.4146082457666044,0.9982547051643537
ERCC5,1.388138112483093,-0.17486701374712565,0.6886219250245583,-0.25393762149076127,0.7995437494416409,0.9982547051643537
ARGLU1,13.253427864519788,0.3249176855510804,0.47192601682670315,0.6884928441450899,0.49114247500992647,0.9982547051643537
PSME1,39.73031238896326,-0.42725741981688076,0.39112782519739375,-1.0923728568818984,0.2746692485043474,0.9982547051643537
PSME2,26.258550337110723,-0.4893902461255095,0.3540899344980181,-1.3821071949399022,0.1669387896230755,0.9982547051643537
ARHGEF7,1.9243377296390842,0.2962667491829168,0.7342517599694486,0.4034947756819052,0.6865842772546709,0.9982547051643537
TUBGCP3,0.8869803401853119,0.9447858730108553,0.8373907545157891,1.128249706503108,0.2592144770344398,0.9982547051643537
PCID2,3.4584619861804464,0.3113436336751269,0.5583237076598916,0.5576400023922771,0.5770902348731246,0.9982547051643537
CUL4A,2.0733052011584827,0.5747571856580769,0.5844340178756859,0.9834423871273226,0.32538975736171516,0.9982547051643537
LAMP1,7.248118613648869,0.366614584531055,0.5349504627958934,0.6853243618389656,0.49313926206722924,0.9982547051643537
TFDP1,1.4081933771586606,-1.8142724520656364,0.8584450061514382,-2.1134405105335086,0.034563081713874594,0.9982547051643537
RASA3,1.2214503522372733,1.1876943429173152,0.759161064506761,1.564482688122288,0.11770425541879413,0.9982547051643537
UPF3A,3.711514625768605,-0.7816198599680578,0.6624743409658057,-1.1798492585064542,0.2380601740898899,0.9982547051643537
TTC5,0.7138030559006869,0.3552968107551358,0.7976325634622264,0.445439199739946,0.6560023890737936,0.9982547051643537
CCNB1IP1,3.593156480657958,-0.1712928621788721,0.6455331634434658,-0.2653509871826647,0.7907390896691492,0.9982547051643537
OSGEP,2.3741942976164543,-0.07672747923707189,0.6625648111026394,-0.11580373414244882,0.9078080910117459,0.9982547051643537
APEX1,4.656170933879272,0.16787208694810912,0.46712005690379216,0.3593767479410202,0.7193132669345772,0.9982547051643537
TMEM55B,2.2507139319783707,0.8758787249910053,0.5978539157683823,1.4650380333551816,0.14291054137690049,0.9982547051643537
PNP,4.429557729406851,-0.017503163669216677,0.47896072126678285,-0.03654404816938497,0.970848556788067,0.9982547051643537
SNX6,8.224736070128383,0.10881440677383612,0.3831616482846073,0.2839908619795117,0.7764173835523345,0.9982547051643537
BAZ1A,7.200093257929979,0.34619246133181725,0.4024821045257913,0.8601437366754601,0.3897098144997335,0.9982547051643537
SUPT16H,2.013320169719747,0.14481583924833347,0.6809712311678987,0.21266073017499915,0.8315915988673468,0.9982547051643537
TOX4,5.9338839001960215,-0.7014544495076209,0.5347920340843095,-1.3116396744926782,0.18964173988466637,0.9982547051643537
DAD1,12.765975891387482,-0.07604837160085719,0.3770361843216367,-0.20170045943384285,0.8401509034057622,0.9982547051643537
OXA1L,3.792895707155515,-0.06568195732344323,0.5111535744522401,-0.1284975017416811,0.8977552751572441,0.9982547051643537
MRPL52,4.663389156252422,0.34245510502329135,0.53057135478547,0.6454458989060178,0.5186382672291903,0.9982547051643537
LRP10,3.727436837335764,0.32429384130204447,0.48640629968104404,0.6667139005286257,0.504954898042994,0.9982547051643537
PSMB5,2.3125261109620774,-1.1847418537000238,0.6651765235280694,-1.7810939078490036,0.07489711082068215,0.9982547051643537
ACIN1,1.957298262561079,-0.03497581565921336,0.6119981991243623,-0.05715019375752449,0.954425552892715,0.9982547051643537
C14orf119,4.519381991596103,-0.08824839339235727,0.4851433783796105,-0.181901675515203,0.8556598895648739,0.9982547051643537
PABPN1,3.0372613860654467,0.12857363709275832,0.6155565862363425,0.2088737899449468,0.8345467654525262,0.9982547051643537
NGDN,3.2342892719202383,-0.05381427303612864,0.6132239205092241,-0.08775631744997978,0.9300703573832759,0.9982547051643537
AP1G2,1.9663203476728186,0.4990353628034707,0.6365173961471778,0.7840089930363536,0.4330348334656824,0.9982547051643537
DHRS4L2,1.4341608825478294,-0.09481564668006838,0.7268651653407404,-0.13044461504166407,0.8962146704115789,0.9982547051643537
DCAF11,1.859413366525495,-0.8906386522352021,0.6927540961678466,-1.2856490595465355,0.19856556680226656,0.9982547051643537
LRR1,1.106376155315448,0.10335128416158887,0.7770326442796981,0.13300764764831025,0.8941873322930691,0.9982547051643537
RPL36AL,54.52111019895363,-0.25024201292239284,0.33246065851582196,-0.7526966169156033,0.45163224337098484,0.9982547051643537
REC8,1.1180678564413944,-1.423543484955077,0.9597660626746601,-1.4832192346830537,0.1380161724044278,0.9982547051643537
CHMP4A,4.816723134017039,-0.2267989718063979,0.8508484905226258,-0.2665562369007539,0.7898108546179776,0.9982547051643537
NEDD8,13.082174683972019,-0.5178696563351173,0.46535998738727874,-1.1128366648852845,0.2657785853286936,0.9982547051643537
GMPR2,1.6552874732806144,-0.4580356804446568,0.6825468297425368,-0.6710685047316567,0.5021768897957304,0.9982547051643537
TINF2,3.7758781729605673,-0.4595765652475621,0.5376057494203675,-0.8548579804867517,0.3926297752343333,0.9982547051643537
RABGGTA,1.125616624390761,0.07311396422890237,0.8037850862792931,0.09096208112960347,0.927522720979421,0.9982547051643537
DHRS1,1.9624649067021962,-2.0815899179195956,0.7972294234540827,-2.611029970395325,0.009026998237033177,0.9982547051643537
GZMH,46.95496002269922,-0.14692464346829356,0.4197301087160017,-0.3500455183397527,0.726304537285686,0.9982547051643537
GZMB,32.06001061192612,-0.5177311993525234,0.6696275656184603,-0.7731629131401615,0.4394259717560729,0.9982547051643537
G2E3,1.8313969911018677,-0.16946757197485815,0.7172739662407781,-0.23626616878768808,0.8132261372427774,0.9982547051643537
SCFD1,2.611143910011304,-0.258442607192046,0.5842649736482114,-0.44233801245743587,0.6582446278284599,0.9982547051643537
HECTD1,2.21416029296939,0.33391128389593844,0.5875720845673813,0.568289904619603,0.5698381328475072,0.9982547051643537
SPTSSA,2.2679456369878928,-0.20058476273397835,0.6172795675319105,-0.324949622965787,0.7452191993431785,0.9982547051643537
EAPP,4.685424661449353,-0.6789568408648213,0.5534359845810615,-1.2268028458228575,0.2198967009680628,0.9982547051643537
CNIH1,4.297665359045591,-0.13425397246782586,0.516213039079772,-0.26007474105488293,0.7948061213929742,0.9982547051643537
GMFB,1.4076232624594753,0.017345458321497385,0.6807437905440261,0.02548015650298553,0.9796719761654193,0.9982547051643537
SRP54,4.411758408153137,-0.39467260557169764,0.5225540141051891,-0.7552761913953087,0.4500832810539155,0.9982547051643537
FAM177A1,11.787182814972885,-0.8047741025405442,0.4775050055446944,-1.6853731232042917,0.09191660574059335,0.9982547051643537
PPP2R3C,3.5926465508552403,-0.3783582549740979,0.536671272481482,-0.7050093313633689,0.4808044291056206,0.9982547051643537
PSMA6,5.286642421826293,-0.1818167258072042,0.687149530305603,-0.2645955760551026,0.7913210285032257,0.9982547051643537
NFKBIA,31.843990112516543,0.23073113019459365,0.4872724301046192,0.47351566790892485,0.6358453255461638,0.9982547051643537
RALGAPA1,7.212121126047945,-0.32187584234716016,0.5688923882687428,-0.5657938987840827,0.571533894513803,0.9982547051643537
MBIP,2.1396903832508163,0.27868502572248605,0.7399839910118656,0.37660953359464955,0.7064638018143383,0.9982547051643537
SEC23A,1.3129946529688978,-0.06204362891420063,0.7097546433884016,-0.08741560128159426,0.9303411688197507,0.9982547051643537
PNN,8.389266905509109,-0.5704818148207687,0.5259657593534712,-1.084636793699304,0.2780825522287016,0.9982547051643537
CTAGE5,1.6746733879177076,0.6179881965604238,0.7632846643979552,0.8096431454546061,0.41814530317788223,0.9982547051643537
KLHL28,2.196745716631689,-0.5081082148660908,0.6283334045622759,-0.8086601972404458,0.41871062878287046,0.9982547051643537
FKBP3,3.0065607150270695,-0.9220297835219378,0.5592809702922613,-1.6485985264975422,0.09922991081423384,0.9982547051643537
MIS18BP1,3.3824868397943044,0.07634014164188513,0.5907303430825569,0.12923010056251044,0.8971755791002524,0.9982547051643537
RPS29,129.72235003420468,-0.28639156058973086,0.6309583729535639,-0.4538992948918489,0.6499013110975371,0.9982547051643537
PPM1A,1.7759693635297362,-0.9213632867986941,0.7613121732710455,-1.2102305981000865,0.22619042005800238,0.9982547051643537
MNAT1,2.0475302984420263,-0.7356702099821476,0.6252369804699046,-1.1766261960852757,0.23934473725914984,0.9982547051643537
KLHDC2,2.9000705900223687,-0.5060858227050096,0.6421609739526102,-0.7880980676698012,0.4306393453929178,0.9982547051643537
NEMF,5.142631918045454,-0.01450168084227348,0.6084312231749032,-0.023834544135656135,0.9809845856342737,0.9982547051643537
ARF6,9.969313300874665,-0.2565321709880218,0.6422875212762258,-0.3994039468154265,0.6895955862728509,0.9982547051643537
VCPKMT,1.5904421993163993,-0.36057740848545455,0.7524461484100906,-0.4792069296219406,0.6317914249561858,0.9982547051643537
ATP5S,1.6902707950985218,-0.17637619012013364,0.6788237992602459,-0.25982617331970553,0.7949978607452338,0.9982547051643537
MAP4K5,1.6064897614459708,-0.8577510086729699,0.8108808570408657,-1.0578015268521035,0.29014593657525867,0.9982547051643537
NIN,3.5748156280391408,1.5423249637912282,0.6501562424430568,2.372237414803121,0.01768072565269113,0.9982547051643537
TMX1,5.527031805243913,-0.3316160194723248,0.5584033388912558,-0.5938646787656549,0.5526026249618208,0.9982547051643537
GNG2,12.17076018916167,0.5316296692841243,0.4611933153061593,1.1527263115928,0.24902273822990462,0.9982547051643537
C14orf166,10.680054979187608,-0.25392480916264804,0.3400667634637619,-0.7466910514167513,0.4552500726132336,0.9982547051643537
PTGDR,2.6680819133936637,1.7334719353471304,0.7633273498483804,2.2709417338333937,0.023150505400626218,0.9982547051643537
PTGER2,1.383459233208025,0.6869879639600531,0.7026872951001418,0.9776581542749377,0.32824342460465394,0.9982547051643537
PSMC6,4.762301828759658,0.011781324948482651,0.48585207698622523,0.024248789922980348,0.9806541608254116,0.9982547051643537
DDHD1,2.461495214553383,0.498016627115179,0.58580356174988,0.85014270931971,0.3952457489896929,0.9982547051643537
DCAF5,2.277530672322912,-0.2885357709154616,0.6114267102333875,-0.4719057347123824,0.6369940745703497,0.9982547051643537
ERH,11.227355625552226,-0.1822172829501189,0.37463594129089994,-0.48638494833743023,0.6266942602679731,0.9982547051643537
MAPK1IP1L,6.09177694924801,-0.28464823649681653,0.5161531140910901,-0.551480226944019,0.5813045176441561,0.9982547051643537
LGALS3,10.85342240173359,0.8239023576425537,0.5311545999342439,1.5511535770273883,0.12086488420160517,0.9982547051643537
FBXO34,1.5615475275200776,-0.28249513837772394,0.7095339390726773,-0.39814182637539497,0.6905256444668514,0.9982547051643537
ATG14,1.0845270960986166,-1.1401317598908618,0.8948211977834575,-1.274144781901745,0.20261211021273862,0.9982547051643537
KTN1,10.19480874380964,-0.10424454554467073,0.5554787106755411,-0.1876661401080422,0.8511383748971485,0.9982547051643537
EXOC5,1.8652609424687079,-0.23655097787462903,0.7059443717219394,-0.33508444482337035,0.7375613864862356,0.9982547051643537
AP5M1,1.428142778813779,-0.5583994429227173,0.7068619353121808,-0.7899696037191533,0.4295455201981908,0.9982547051643537
ACTR10,2.7059203719351816,-0.07189861978449054,0.5662590835771493,-0.12697124314597383,0.8989631589481042,0.9982547051643537
PSMA3,6.2079631293532715,-0.1394647006676722,0.4698304604580179,-0.2968404826960643,0.7665882969422925,0.9982547051643537
PSMA3-AS1,4.4578612777353985,-0.07629175731949969,0.632887860394395,-0.12054545851449444,0.9040510714733092,0.9982547051643537
ARID4A,3.688227812648002,0.19932868780180718,0.6114333250793167,0.3260023286691967,0.7444225932738304,0.9982547051643537
TIMM9,1.8792652890649095,-0.2196728077656894,0.7439739431792758,-0.29526949133049774,0.7677880204727769,0.9982547051643537
PCNXL4,2.02133369489514,0.14487037354433663,0.579881298185988,0.24982763541008646,0.8027206472882387,0.9982547051643537
DHRS7,11.130170493667563,0.7372066596008746,0.4280483805975707,1.7222507852306508,0.08502409871691126,0.9982547051643537
FOS,88.63210492022667,0.8674995403507538,0.49281314555579064,1.7603011367977914,0.0783567615399401,0.9982547051643537
BATF,8.736980460867615,0.25596969309052,0.5451592918707251,0.4695319274705102,0.6386894690633796,0.9982547051643537
PRKCH,11.216263887447974,0.13454815298818174,0.4262983883952412,0.3156196613707013,0.7522912123531746,0.9982547051643537
HIF1A,3.652921390019492,0.029605366064590233,0.5102842576592385,0.05801740034151774,0.9537347684038264,0.9982547051643537
PPP2R5E,2.9444996170952074,0.133387024863795,0.5352379955716408,0.24921068004773467,0.8031978185197872,0.9982547051643537
WDR89,1.8809964535146817,-0.5761948953739181,0.8633041234668469,-0.6674297964198771,0.5044976385888742,0.9982547051643537
SYNE2,11.657353704153568,0.44502028904222213,0.4537206603681571,0.9808243880301255,0.3266793494585756,0.9982547051643537
ZBTB1,4.059583604845824,-0.011357693363932135,0.5721753387206711,-0.019850022528630544,0.9841630135235072,0.9982547051643537
CHURC1,7.011080811767881,-0.5383350775251782,0.44918297284126135,-1.1984761446320955,0.23073170458007564,0.9982547051643537
MAX,3.2609687054341023,0.11207720234382457,0.49983634279777084,0.22422779767570836,0.8225800546859863,0.9982547051643537
FUT8,2.2937086531144097,-0.13159601663192752,0.7224612606915167,-0.18214958198030998,0.855465338728524,0.9982547051643537
ATP6V1D,3.2232889989852604,-0.41541843345802787,0.607592631706056,-0.6837120988310486,0.49415698200803726,0.9982547051643537
EIF2S1,3.0058076012268744,-0.09918951753029313,0.5545605968826612,-0.17886145912252852,0.8580464858789707,0.9982547051643537
VTI1B,3.1328866015674803,1.0933496171560162,0.5747091495005708,1.902439900436856,0.05711366886781719,0.9982547051643537
RDH11,2.689827337798289,0.16163783444667548,0.7213086912762359,0.22408968088362308,0.8226875217826417,0.9982547051643537
ZFP36L1,29.374410563916648,0.3463363640955849,0.4250163792661641,0.8148776870519,0.4151423264404993,0.9982547051643537
TC2N,9.601110943779176,0.41989162204236546,0.4609437078860173,0.9109390471302339,0.362327490393212,0.9982547051643537
ATXN3,1.9407331707317643,-0.9932078605560944,0.6630848439971673,-1.497859390917307,0.1341697863647942,0.9982547051643537
SLC39A9,1.0042305130485631,-0.4425500987451388,0.8750580720923323,-0.5057379765516211,0.6130406046223502,0.9982547051643537
SRSF5,21.337495559285646,-0.050280929011755085,0.4483503274775836,-0.11214652009877032,0.910707232341043,0.9982547051643537
COX16,2.6832216823557316,0.4574832657236117,0.6687618347862737,0.6840750203244127,0.49392779461407377,0.9982547051643537
PCNX,1.7073823145943536,-0.7234152466897591,0.7281036445020402,-0.9935608098549107,0.3204367316761595,0.9982547051643537
SIPA1L1,2.0906183466130486,-0.160190844989475,0.6651753001412519,-0.24082500501064605,0.8096907486913385,0.9982547051643537
RBM25,13.933272434937802,-0.23725502175956883,0.4123780455480982,-0.5753337849114384,0.5650655766147706,0.9982547051643537
ELMSAN1,2.2428411869812934,0.22923482473159476,0.6719237382648138,0.3411619677607675,0.7329816528686761,0.9982547051643537
NPC2,4.084968616729636,-0.4428347907250233,0.5322799572313334,-0.8319584171991724,0.4054324163281747,0.9982547051643537
ISCA2,1.4865866298042327,0.888059481504141,0.8278192148509488,1.072769833766227,0.28337439878331194,0.9982547051643537
YLPM1,1.0640998841865363,-0.32921277208442623,0.7314892095557121,-0.45005827534268306,0.6526684214622509,0.9982547051643537
DLST,1.6768042998090233,-0.01517423390152035,0.6641798126575466,-0.022846574997220277,0.9817726562318723,0.9982547051643537
EIF2B2,1.4893384016195022,0.6608657017800699,0.8045751320606213,0.8213846978932932,0.411427176914676,0.9982547051643537
TMED10,8.589839306373445,0.5883763071364988,0.45914482464913675,1.2814612635264189,0.20003169754116945,0.9982547051643537
BCL11B,5.12162095597131,-0.16437480322094994,0.5056626558367675,-0.3250681087946737,0.7451295248267109,0.9982547051643537
SETD3,1.5146520796771727,-0.4392072587489415,0.7753494238102929,-0.5664636424059607,0.5710786417782701,0.9982547051643537
C14orf1,3.133382058274422,-0.4058410507736641,0.5107280432015439,-0.7946324001118357,0.4268273655178375,0.9982547051643537
AHSA1,5.312409891083611,0.13503660864465966,0.44145066651940856,0.3058928638829515,0.759686219500197,0.9982547051643537
SPTLC2,1.9764883195729157,0.12414641560686324,0.7003252216710562,0.17726966238719158,0.8592965792853497,0.9982547051643537
SLIRP,3.5607303232469816,-0.7515558842392749,0.5711613434356891,-1.31583814779632,0.18822837235294243,0.9982547051643537
SNW1,3.664532951189971,-0.35221373964596125,0.5394098793256997,-0.6529612325348085,0.5137812715767031,0.9982547051643537
SEL1L,1.3427470315385979,0.24549083970275276,0.6660314740594253,0.3685874455849655,0.7124352546825716,0.9982547051643537
GPR65,8.45545935238083,-0.1365918932398944,0.5449958620825003,-0.25062922995040543,0.8021007806177427,0.9982547051643537
ZC3H14,1.404161291828682,0.17658393450895776,0.7715250279936479,0.22887648242360273,0.8189649197314464,0.9982547051643537
FOXN3,4.080890186838745,0.31742326882499755,0.47257360027246964,0.6716906501801672,0.5017806548726589,0.9982547051643537
PSMC1,3.3260018120927386,-1.152460800354106,0.6184654311031417,-1.8634199138640455,0.06240321043894901,0.9982547051643537
CALM1,61.3574707240151,0.013562777249936767,0.3387874152797718,0.04003329710088723,0.968066580314599,0.9982547051643537
C14orf159,2.0312247217173947,-0.4070113776975665,0.6727577369121693,-0.6049895160859416,0.5451859627003899,0.9982547051643537
CCDC88C,3.185325713081962,0.8575376561330497,0.5119135466730824,1.6751610925441855,0.0939026290348247,0.9982547051643537
PPP4R3A,2.6074424327282535,0.31882630664193773,0.6108171681568624,0.5219668392818664,0.6016934192377842,0.9982547051643537
CDCA4,1.3093643822209409,0.2678982840769554,0.7900444632420327,0.3390926669843439,0.7345399224371572,0.9982547051643537
GPR132,1.9585539229268123,0.4168535385185614,0.7313524117290471,0.5699762957409896,0.5686937755823753,0.9982547051643537
NDUFB1,6.379419228806926,-0.6430352302032122,0.5085383904148617,-1.2644772593837588,0.20605877786876736,0.9982547051643537
CPSF2,1.3508073001460237,0.826341371981445,0.664601351521156,1.2433639656165225,0.21373374264629708,0.9982547051643537
RIN3,1.8467815922460034,0.038354113669053495,0.7698040134470682,0.04982321863627271,0.9602632638621297,0.9982547051643537
GOLGA5,1.4355088456387508,0.7438237526221947,0.8274988014399837,0.8988819697718224,0.36871553271910984,0.9982547051643537
ITPK1,1.3097994363279146,-0.05731171873190416,0.7691323115728576,-0.07451477186636853,0.9406007875938102,0.9982547051643537
MOAP1,1.388133678488927,0.5229587109433466,0.75353692519178,0.6940054209158366,0.48767880933486674,0.9982547051643537
C14orf142,1.2182553523260398,0.5839658674198197,0.7569819683502518,0.7714396007245732,0.44044641005875695,0.9982547051643537
DDX24,20.164718152793874,-0.5042484780797466,0.43510536269933986,-1.1589112001549497,0.2464923830687501,0.9982547051643537
IFI27L2,8.607452918778888,-0.16975145293645325,0.5084202203279999,-0.3338802159106507,0.738469949380081,0.9982547051643537
DICER1,2.0012381785741753,-0.09944122942302906,0.6526192217836685,-0.15237251080537748,0.8788931370926302,0.9982547051643537
GSKIP,1.136577726422923,-0.7872436704442939,0.798114184301007,-0.9863797510800619,0.32394679774464297,0.9982547051643537
PAPOLA,7.961733661395946,-0.2942515623437356,0.3898958095118146,-0.7546928055271115,0.45043332429008276,0.9982547051643537
VRK1,1.5432805905766116,-0.4882610472253377,0.6805700317122008,-0.7174295435797464,0.47310909573041193,0.9982547051643537
LINC01550,1.5712937509642229,-0.28370708703996556,0.6788684519509145,-0.4179117268222665,0.6760116582715022,0.9982547051643537
AQR,1.266549937852592,0.914151140311243,0.7030235552978442,1.3003136714586356,0.1934934842167345,0.9982547051643537
ZNF770,1.975051182835111,0.6528821832290999,0.7257257941705605,0.8996265372864218,0.36831902993245313,0.9982547051643537
CCNK,2.48222137190887,-0.5852260496739343,0.6556403054440086,-0.892602307720559,0.3720701829053137,0.9982547051643537
EVL,33.63601766783381,0.2373584503902225,0.3198434186460557,0.7421082834688165,0.4580217314410473,0.9982547051643537
YY1,5.369886440271137,0.3143453984340542,0.5117421851165499,0.6142651662818488,0.5390401170151755,0.9982547051643537
WARS,1.5589560543013319,-0.39392420673720013,0.7943084308758441,-0.49593355858358396,0.6199412884411755,0.9982547051643537
PPP2R5C,20.489460192322436,-0.18957114447289328,0.4399293518689792,-0.43091269920392083,0.6665318493206676,0.9982547051643537
DYNC1H1,5.18419565148037,0.023319564760132375,0.5255618347808968,0.04437073473924176,0.9646088889606194,0.9982547051643537
TRAF3,1.6654715615462703,0.33589944780007,0.691630873985258,0.48566288815965963,0.6272062002985197,0.9982547051643537
EIF5,11.307875390871699,0.39199010115038035,0.39081641031173636,1.0030031769589915,0.31585932840173225,0.9982547051643537
MARK3,2.6681763391841415,0.596923541221642,0.6512982698212425,0.9165133225142387,0.3593977231048251,0.9982547051643537
BAG5,1.4573193014343164,0.2795632808397004,0.7024886961583464,0.397961251716262,0.6906587484230684,0.9982547051643537
KLC1,1.482282781466344,0.11574223116337982,0.6943428669656209,0.16669319535057683,0.8676114599486113,0.9982547051643537
C14orf2,12.526852128588498,-0.21999024481345866,0.4485300223550368,-0.49046938632643855,0.6238017876634367,0.9982547051643537
SIVA1,7.227697963862632,0.5112754469983967,0.47618364163516835,1.0736938489586212,0.2829599191351705,0.9982547051643537
MFAP1,1.6330043566023533,-0.706905914312294,0.73406315216045,-0.9630042214103398,0.33554540480416994,0.9982547051643537
CASC4,1.6862993431204676,0.1847468721432618,0.6357305839812343,0.29060560683787273,0.7713529714333845,0.9982547051643537
NUDT14,2.10017573626774,0.783486876383998,0.7124170328548086,1.099758765233893,0.27143724287643345,0.9982547051643537
CRIP1,14.835445599376882,-0.21851795149945952,0.5571251630962222,-0.39222416428840934,0.6948925911673511,0.9982547051643537
NIPA2,2.705289873236787,0.36364990316794277,0.6030716707884628,0.6029961624503151,0.5465112421354501,0.9982547051643537
SNRPN,5.595800415324826,0.030853917005783663,0.47092412374994985,0.06551780945111745,0.9477617269090218,0.9982547051643537
UBE3A,4.520998308423802,-0.017621817141010025,0.5267805006562196,-0.03345191615683994,0.9733142096983919,0.9982547051643537
HERC2,2.1389827984553977,-0.49442032409931364,0.6165443688841968,-0.8019217254292671,0.42259823803707053,0.9982547051643537
APBA2,1.8254563402661488,-1.6760878419354517,0.7646955984294125,-2.191836654190142,0.028391303395683833,0.9982547051643537
NSMCE3,2.1832018302036986,-0.8913728518404515,0.6881580770665071,-1.295302462539148,0.1952159100429437,0.9982547051643537
KLF13,1.8972206340090394,0.027988287629581467,0.697065065354497,0.04015161427627684,0.9679722527089385,0.9982547051643537
EMC7,5.944740460774146,-0.44808431747034805,0.5206317416929314,-0.8606550111856763,0.38942807813660296,0.9982547051643537
KATNBL1,3.7668240554171404,-0.2253506766297999,0.5636675344880121,-0.3997936067658915,0.6893085399840637,0.9982547051643537
EMC4,4.704831782115334,-0.1722002973943017,0.48708660575061546,-0.3535311695318243,0.7236902655422284,0.9982547051643537
NOP10,10.429770955092616,-0.3207301710747967,0.4442518729707392,-0.7219556980819339,0.4703217154563195,0.9982547051643537
LPCAT4,2.1533934303884084,-0.06537224842679765,0.7581737360824826,-0.08622330913832357,0.9312889016935939,0.9982547051643537
DTWD1,1.354492426168432,0.5625331609269697,0.7344189417708781,0.7659567706281563,0.4437020247178761,0.9982547051643537
GABPB1,5.579488476741214,0.17520206293338894,0.47875807258580033,0.3659511410159882,0.7144015341895292,0.9982547051643537
RASGRP1,3.222336676955521,0.8647355550680615,0.5725207292526403,1.5104004289886133,0.1309412792408057,0.9982547051643537
SRP14,44.922394959460334,-0.38443674922142607,0.3299179608204314,-1.1652495313241473,0.243918001450539,0.9982547051643537
C15orf57,3.469540319277345,-0.4398331910369247,0.5688714980453342,-0.7731679167407921,0.4394230109130072,0.9982547051643537
RMDN3,1.1531373354146517,0.4757569283094359,0.7511304757976641,0.6333878648768779,0.5264803876046689,0.9982547051643537
GCHFR,4.943049559947392,0.12449731788876386,0.5474062184399902,0.22743131826956398,0.8200883698127792,0.9982547051643537
RTF1,4.034669931258182,0.2586042251009767,0.5334618008952406,0.4847661532034615,0.6278422345373655,0.9982547051643537
EHD4,1.8405347397844942,-0.06950791202156913,0.6972024322640299,-0.09969545257588337,0.9205861108756036,0.9982547051643537
TMEM87A,4.024063886207349,0.13358741817626907,0.551407498694611,0.24226623412362136,0.8085738757955764,0.9982547051643537
SNAP23,3.22482822856519,-0.22058385410674589,0.5686270959943719,-0.38792357181116316,0.6980725936621826,0.9982547051643537
LRRC57,1.155609157020346,0.33471143260907493,0.7570904336309843,0.4421023139914849,0.6584151700006822,0.9982547051643537
CCNDBP1,7.215495725558445,-0.13824265954058673,0.46436536804500067,-0.2977023461559905,0.765930352606832,0.9982547051643537
TP53BP1,1.864516769774489,-0.564546046901681,0.8343375731641619,-0.6766398458608103,0.4986344913714915,0.9982547051643537
PDIA3,12.711646073223353,0.46876750756949576,0.4117112947164623,1.1385830643590358,0.2548770954205143,0.9982547051643537
SERF2,73.76005861913818,-0.27438146237224115,0.24198273616909738,-1.1338885852604939,0.25684128581646737,0.9982547051643537
CCPG1,2.5878327853016523,0.012136250371734169,0.5714738674858035,0.02123675475333202,0.9830567948338873,0.9982547051643537
ZNF280D,1.753549632236421,-0.7740883832095308,0.8120949610701828,-0.9531993428323127,0.3404890793118367,0.9982547051643537
CTDSPL2,1.672415801009029,0.8868698007057197,0.6754439050412503,1.3130176970825689,0.1891769849430417,0.9982547051643537
EIF3J-AS1,1.3070087855349437,0.6298513258107696,0.7065534309050188,0.8914418899700167,0.372692153161852,0.9982547051643537
EIF3J,3.6929477996245765,-0.650899967254867,0.5731124803991755,-1.1357281328117512,0.25607036273313377,0.9982547051643537
SPG11,2.3386549886625714,-0.8542208614616249,0.6467259409025178,-1.3208390253675988,0.18655504426013148,0.9982547051643537
PATL2,3.211798631642164,-0.4075705403645907,0.6319751526841959,-0.6449154506051564,0.518981978538761,0.9982547051643537
B2M,1353.0529999199532,-0.03506422960113696,0.28414898816527856,-0.12340086032874222,0.9017896758375665,0.9982547051643537
TRIM69,3.1226816776219244,-0.10715950015524218,0.5532843883154172,-0.19367887910503007,0.846427330718462,0.9982547051643537
BLOC1S6,1.8605555920486607,-0.024443796643938198,0.6680743288765785,-0.03658843872214404,0.970813161922353,0.9982547051643537
SQRDL,2.2438283479682073,-0.03227683222871943,0.6399957680251721,-0.05043288384283493,0.9597774322018153,0.9982547051643537
DUT,5.382967379960705,-0.09182063971891424,0.5568054622495717,-0.1649061403743168,0.869017859252903,0.9982547051643537
EID1,10.110108389228559,-0.3871850953674946,0.4554601527218139,-0.8500965299679677,0.3952714207028323,0.9982547051643537
SECISBP2L,1.792208001276,0.44548036356069964,0.666659364871638,0.668227864235395,0.5039881514880418,0.9982547051643537
COPS2,4.116587045802634,-0.3522740858656219,0.5433336282283107,-0.6483568613529571,0.5167541648642457,0.9982547051643537
GALK2,1.4991357567089985,0.9051519759813311,0.7119381436183135,1.2713913197304454,0.20358946913638243,0.9982547051643537
RAB8B,4.145312697875551,0.27530249762341014,0.4847400986133719,0.5679383620437619,0.5700768221316315,0.9982547051643537
APH1B,1.252192238554348,-0.14191406016474348,0.7214249342208573,-0.19671355040980307,0.8440517055914672,0.9982547051643537
GABPB1-AS1,5.120631585487691,-0.3781176438714909,0.5302734545419577,-0.713061611198515,0.47580763306672136,0.9982547051643537
USP8,4.668459680931643,-0.43146035384998566,0.4832168982220295,-0.8928916919866022,0.3719151766475174,0.9982547051643537
TRPM7,1.7586510041481078,-0.5103612385072702,0.7162881173777527,-0.7125083135200444,0.4761500652365882,0.9982547051643537
SPPL2A,3.728129848600686,0.9827801325557727,0.5091726364288675,1.9301511162276868,0.053588116450976636,0.9982547051643537
LYSMD2,3.6596532760591485,0.8964776982937845,0.5489201980314389,1.6331658071770199,0.10243412919895957,0.9982547051643537
TMOD3,3.7781218202588702,0.04998544105019296,0.5779568758735872,0.08648645450344283,0.9310797234643102,0.9982547051643537
LEO1,1.0291730044506906,0.20323215418069251,0.7797613934493732,0.2606337732131997,0.7943749423290316,0.9982547051643537
GNB5,1.7455380277966488,0.01890551565639619,0.6461707535828533,0.02925777056849121,0.9766590066757738,0.9982547051643537
ARPP19,5.695567066331546,-0.68260590551718,0.4713538101719784,-1.448181579922148,0.14756627473025555,0.9982547051643537
FAM214A,3.1047372833708553,0.42122856475701226,0.5905806498370014,0.7132447784621291,0.4756943018501756,0.9982547051643537
RSL24D1,11.856616056531893,-0.17303155530720885,0.475211458036175,-0.3641148637751007,0.7157722378964091,0.9982547051643537
RAB27A,6.765820596444233,-0.11055499173350596,0.41410740877742674,-0.26697177927798615,0.7894908895834594,0.9982547051643537
PIGBOS1,1.904960761683133,-1.3202135797701549,0.7818531713607103,-1.6885697060900842,0.09130192019665742,0.9982547051643537
PIGB,1.4827909241018524,-0.4804311494442977,0.8427474594635956,-0.5700772444334505,0.5686253083151667,0.9982547051643537
C15orf61,1.5793735770746036,0.5453595681273639,0.8060219469400898,0.6766063507299256,0.4986557486492673,0.9982547051643537
PIAS1,4.193985378476389,0.1536518980852946,0.5310680531272572,0.28932619309426955,0.7723317698486396,0.9982547051643537
TCF12,1.325226701604469,-1.4505993697599617,0.7965135574517344,-1.8211860378131262,0.06857858212979985,0.9982547051643537
POLR2M,2.3133452188843298,0.42143126407254894,0.6470299985017025,0.6513318780403348,0.5148322745697718,0.9982547051643537
ADAM10,2.8277356220848744,0.1852186134462859,0.5763403745834498,0.32137018611641205,0.7479298738263439,0.9982547051643537
FAM63B,1.375165325962423,-0.14827410125796814,0.6757598106697259,-0.21941834793492382,0.8263241786636126,0.9982547051643537
RNF111,1.9455092665888079,-0.9377851182754311,0.830689336236512,-1.128923988026767,0.258929900500004,0.9982547051643537
SLTM,6.88500038867213,-0.22547185999513847,0.47593318949378355,-0.47374687240231544,0.6356804241119041,0.9982547051643537
GTF2A2,6.663589633712264,0.27846799341805795,0.4410541999989288,0.6313691002573703,0.527799215023406,0.9982547051643537
BNIP2,4.367713506056271,-0.13928100430542678,0.5206213088578383,-0.26752843561280176,0.7890623233135001,0.9982547051643537
ANXA2,15.863288568290283,-0.015831362298616786,0.4305843920696468,-0.03676715317645808,0.9706706642991227,0.9982547051643537
ICE2,1.960430947770816,-0.14064033923802763,0.6535753787578151,-0.21518610371358932,0.8296222247851551,0.9982547051643537
RORA,5.503585058165908,0.16481152514018851,0.4870201392233647,0.33840802847087215,0.7350557248196361,0.9982547051643537
VPS13C,5.175124870473882,0.28044600735155006,0.5783596679436126,0.48489897013166605,0.6277480129763691,0.9982547051643537
TPM1,1.4708495079761055,0.29973592920368375,0.8148867499998477,0.36782525817696726,0.7130035340462959,0.9982547051643537
RPS27L,13.082136618984157,0.32826586181369943,0.3726884617124672,0.8808050034748854,0.3784233711517575,0.9982547051643537
IMP3,4.837786035383955,0.5604194521631648,0.5848055774961466,0.9583004569871044,0.3379112734510954,0.9982547051643537
UBE2Q2,1.4295938710275897,0.2296319712844107,0.6893399586619612,0.3331186135359632,0.7390447494624823,0.9982547051643537
USP3,2.4695119260956666,0.6586534110897737,0.5720441117943895,1.151403182918373,0.24956640499731642,0.9982547051643537
HERC1,2.8240314086140583,-0.551079043137582,0.6342792968432734,-0.8688271016888485,0.3849417070673702,0.9982547051643537
FAM96A,4.47205456537158,0.7379771728285195,0.5163347153458473,1.4292611960716475,0.15292917455583271,0.9982547051643537
SNX1,1.6221317454952702,0.6129845432647776,0.6918046024865533,0.8860660091903512,0.375581958172445,0.9982547051643537
PPIB,27.418938980769358,0.2256375585807205,0.3228277614706611,0.6989410004666734,0.48458890305305546,0.9982547051643537
ZNF609,0.9821976094081828,-0.3659381003988701,0.7957530687791569,-0.4598638883797102,0.6456139218370056,0.9982547051643537
SPG21,2.98095048782715,0.0888534587787412,0.596515537715178,0.14895413976821947,0.8815898203249892,0.9982547051643537
CLPX,0.9632611922186441,-0.06956173353546174,0.7740377804881381,-0.0898686540747319,0.928391590755006,0.9982547051643537
DPP8,1.758821270525438,0.021163189785651366,0.6439241564629565,0.03286596654783029,0.9737814728859907,0.9982547051643537
HACD3,1.6225878189649612,0.20331763837590613,0.6351797631766993,0.3200946411753764,0.7488965878508455,0.9982547051643537
DENND4A,2.0597909228615143,0.1425908117487809,0.6496492203069539,0.21948892924308894,0.8262692028107486,0.9982547051643537
RAB11A,7.278423003862014,0.04882008943672153,0.4366576425371854,0.11180404207070314,0.9109787825121949,0.9982547051643537
MAP2K1,1.750596280761167,0.9637152830986725,0.6383262276398936,1.509753541949626,0.13110632357104496,0.9982547051643537
RPL4,50.56589258718949,-0.01916268771998113,0.39614524341208956,-0.04837288352859805,0.961419069807791,0.9982547051643537
IL16,4.482646644542894,0.10772368034409482,0.4646723289187062,0.23182719012937167,0.8166722376165382,0.9982547051643537
FAM103A1,3.766684537965358,0.3835643308112023,0.4995163352005113,0.7678714464007176,0.4425635626840134,0.9982547051643537
ANP32A,6.07007816963128,0.4068862652502267,0.4991026892537804,0.8152355697753733,0.4149374810838884,0.9982547051643537
RPLP1,491.48152214361187,0.07179211323060253,0.2937444128711275,0.24440333189281593,0.8069184615350546,0.9982547051643537
PKM,12.44506372256905,-0.39712119076025104,0.4109337041875537,-0.966387489547466,0.33385032179210317,0.9982547051643537
ARIH1,2.735777344402273,-0.37346762844402304,0.5706179069762641,-0.6544968601196703,0.5127917493922809,0.9982547051643537
ADPGK,2.201863391584705,0.7030201131245217,0.5921262960595807,1.1872806828592237,0.2351169250314893,0.9982547051643537
PML,1.4136667950732922,-0.2520218307277846,0.7178379704251446,-0.35108456380277975,0.7255249080790465,0.9982547051643537
UBL7,1.900334505606424,-0.37929862435764355,0.8232806708065654,-0.46071605687771816,0.6450023334604187,0.9982547051643537
CLK3,2.429039163846152,-0.15515855898194825,0.5920555376344033,-0.2620675749472667,0.7932693447857249,0.9982547051643537
CSK,5.979366801360281,0.43566664940493466,0.6454745642911384,0.6749555652644265,0.49970399628162665,0.9982547051643537
ULK3,1.5073038058455706,0.5387527632404518,0.7274451790202969,0.74060943529247,0.4589302854510251,0.9982547051643537
SCAMP2,4.234905623482724,-0.6630316580270308,0.5423393401712896,-1.2225402232809117,0.22150340265021629,0.9982547051643537
COX5A,9.542388103976482,0.1351406660970318,0.4665156628328607,0.2896808764713412,0.7720603876945695,0.9982547051643537
COMMD4,1.9463251540396285,0.7203964138164366,0.6387058326303117,1.1279001646966456,0.2593620843229383,0.9982547051643537
SIN3A,1.2927549822146338,0.09242167840343564,0.7445597292419043,0.12412930054320495,0.901212899083472,0.9982547051643537
LRRC28,1.0976205897759013,-0.024065886179098578,0.7473813365481313,-0.032200277157374176,0.9743123351554015,0.9982547051643537
MEF2A,2.0441534940044184,0.5344285193460746,0.7024275571005916,0.760830798768821,0.4467581360259605,0.9982547051643537
ETFA,3.43497206561112,0.12510011122169654,0.5294527356530339,0.2362819243296504,0.8132139121807542,0.9982547051643537
SCAPER,1.6535725114922646,0.9111458775069778,0.7239014302381642,1.2586601427313246,0.20815311355060118,0.9982547051643537
RCN2,4.106200855137929,0.3946616314929488,0.5624116698406464,0.7017308719870129,0.48284701638979255,0.9982547051643537
PSTPIP1,9.628754201930338,-0.08394048313338993,0.5427840562319787,-0.15464802653951737,0.8770988057195647,0.9982547051643537
TBC1D2B,2.2444268415056956,-0.8419226505254553,0.7122025362460721,-1.1821393601925672,0.23715040897177053,0.9982547051643537
IDH3A,1.9773832871740802,0.5572797225532015,0.6738056232913646,0.8270630331504737,0.4082013354755818,0.9982547051643537
IREB2,2.0259011934155566,-0.6785516388515247,0.6507580917563253,-1.0427094913567463,0.2970828606680683,0.9982547051643537
PSMA4,10.641864461143234,-0.41062295185370773,0.42635177853742473,-0.9631083357088978,0.33549315901645305,0.9982547051643537
MORF4L1,16.549255536534847,-0.4748995009698062,0.4378339458140131,-1.084656650107112,0.27807375438939297,0.9982547051643537
TMED3,1.7313054281818712,-0.20198791806960728,0.6631492050264967,-0.30458894701010264,0.7606792392675774,0.9982547051643537
MTHFS,1.9163770117591579,0.0325190594414663,0.7648103257753691,0.042519116629993574,0.9660848726631016,0.9982547051643537
BCL2A1,2.958089560933349,0.9242965124750847,0.63914063477401,1.4461551373617505,0.1481336936162049,0.9982547051643537
ZFAND6,4.390169684439332,-0.02884491627705455,0.5635584028055594,-0.05118354394763007,0.9591792646834308,0.9982547051643537
MESDC2,3.9925800752208125,0.47451260765048586,0.6698346294127107,0.7084026218031205,0.47869526476833524,0.9982547051643537
UBE2I,7.845777090561604,0.46270808491521614,0.48671357785976344,0.9506783988848078,0.3417676569364888,0.9982547051643537
GNPTG,2.1916351228560784,-0.31550813650645754,0.7971120660347232,-0.3958140265972509,0.692242228416745,0.9982547051643537
C15orf40,2.356716649983203,-0.7721729038799274,0.6635102259588407,-1.1637694095280264,0.24451747220169773,0.9982547051643537
BTBD1,1.5456354088219317,0.9622567951147768,0.7030053780540941,1.3687758659518166,0.17106934709062982,0.9982547051643537
SEC11A,10.850571571851281,-0.4198099376795062,0.3659029782180176,-1.1473258286227148,0.2512469830400752,0.9982547051643537
AKAP13,15.08377868074056,-0.829113363385157,0.4301614940687055,-1.9274467259794545,0.05392398121355662,0.9982547051643537
MRPL46,1.6376362940902693,0.3125209350911986,0.7634992609190877,0.40932709576560833,0.6822996334734492,0.9982547051643537
MRPS11,2.759092684648261,-0.3594028319896529,0.7711352052896494,-0.4660698014100602,0.6411655382604031,0.9982547051643537
ISG20,21.87330881960248,-0.5628197446742282,0.3232643797412602,-1.741050916666746,0.08167465389877718,0.9982547051643537
POLG,1.2288551879579124,-0.02803219379657945,0.736137861623383,-0.038080086975503316,0.9696238280847416,0.9982547051643537
IDH2,9.747205953621634,-0.11933441591732721,0.5629553545273971,-0.21197847210727547,0.8321238294422995,0.9982547051643537
CIB1,18.132790850261745,0.36905797204284957,0.46950725338704713,0.7860538242603246,0.4318359547945094,0.9982547051643537
IQGAP1,9.107065956858666,-0.06383195726234105,0.41558314895605736,-0.15359611529650946,0.8779282001361749,0.9982547051643537
CRTC3,1.281128602360638,-0.420684496580072,0.7299204516809634,-0.5763429365641977,0.5643834065290774,0.9982547051643537
UNC45A,0.9641172440576512,0.21322795643873646,0.7414890766279946,0.28756722541135027,0.7736780358971231,0.9982547051643537
CHD2,7.729481017088209,0.44472571180920123,0.5445410371623255,0.8166982494592603,0.414100891966229,0.9982547051643537
KCTD5,1.6385689866808337,0.46335341725409285,0.7401204762310892,0.6260513418215701,0.5312812661756439,0.9982547051643537
SRRM2,6.891166032985923,0.9510722726991515,0.6428429192793655,1.4794784918301889,0.1390124755864193,0.9982547051643537
LINS1,3.2720853507360106,0.03448325715440723,0.6071565670666932,0.05679467047684821,0.9547087594306066,0.9982547051643537
VIMP,5.71097461111421,0.46712110938968276,0.43301763320510844,1.078757707699216,0.280695752764082,0.9982547051643537
SNRPA1,3.6230229845541224,0.7066003569814527,0.5388527916015662,1.3113049946003081,0.1897547416384059,0.9982547051643537
TM2D3,3.4762222100983506,0.1774324483568536,0.5038303646912393,0.35216704032038426,0.7247129935952223,0.9982547051643537
TARSL2,2.575783255191531,-0.22477770917227963,0.7776981216621112,-0.2890295127521723,0.7725587929995421,0.9982547051643537
MPG,4.604168489778323,-0.0745838494862746,0.6067142347922396,-0.12293077236240342,0.9021619176098826,0.9982547051643537
LUC7L,3.66108986174408,0.8837061650902159,0.5611360502907778,1.5748518824129796,0.11529063749448645,0.9982547051643537
MRPL28,2.8961552683839034,-0.30240200948307067,0.6737261856914185,-0.44885001637976624,0.653539855185483,0.9982547051643537
C16orf13,8.270010642564733,-0.29491300643117685,0.616655779955284,-0.4782457507372462,0.6324753030656897,0.9982547051643537
FAM195A,1.8126612963058097,-0.6637347917416796,0.8957666863565589,-0.7409683814446755,0.45871261180055845,0.9982547051643537
RHOT2,2.424856861759493,0.7778668730291469,0.6192085026937438,1.2562276997896367,0.2090334265630608,0.9982547051643537
STUB1,3.6462392601243137,-0.18396218464891045,0.6264408130485858,-0.2936625149847039,0.7690158006473229,0.9982547051643537
FAM173A,3.790037780080533,0.830297979241581,0.6571950475003872,1.2633965858379232,0.20644669051804143,0.9982547051643537
HAGHL,1.909059022518671,-0.08462422723406865,0.7749805032979806,-0.10919529829969228,0.9130475894247693,0.9982547051643537
CARHSP1,3.3616255592935054,0.6269642747250864,0.5313545451181212,1.1799358460097693,0.23802573160143725,0.9982547051643537
C16orf72,2.9246614423500006,-0.04437352312110927,0.5700036616074894,-0.07784778609310997,0.9379491339516262,0.9982547051643537
C16orf91,1.7105642428548518,0.7012994158605664,0.6690751267463952,1.048162437708412,0.2945637733460811,0.9982547051643537
NME3,3.663718385979728,0.7579987285199591,0.5056325067523766,1.4991099630609266,0.13384510736366814,0.9982547051643537
MRPS34,6.040765436927607,-0.25973068826284507,0.5751665684950733,-0.45157473067746606,0.6515753775260407,0.9982547051643537
SPSB3,6.681783118225084,0.2968881141007816,0.54327011546852,0.5464834262873877,0.5847336773125974,0.9982547051643537
NUBP2,1.903482476631748,0.6469496214532087,0.6550354821930702,0.9876558431418251,0.32332122714684763,0.9982547051643537
HAGH,3.348086917247798,0.6474179602826927,0.5512449063995426,1.1744652018851378,0.24020874225333122,0.9982547051643537
NDUFB10,11.45115788621949,-0.7314889028756733,0.5200916751854016,-1.4064614716528834,0.15958713766030796,0.9982547051643537
RPS2,124.35163602917082,0.06901032458061163,0.7561049748795458,0.09127082465183566,0.927277399761217,0.9982547051643537
SNHG9,2.802910222847235,1.0680102628471693,0.684256420756447,1.5608333812439517,0.11856306902827848,0.9982547051643537
GFER,1.611885955263965,-0.2551332927571257,0.7179644342303569,-0.3553564502545636,0.7223225701680971,0.9982547051643537
TRAF7,1.4961284313372953,0.35431452764398724,0.7912116309402546,0.4478125874147343,0.6542884582699053,0.9982547051643537
E4F1,1.814674637920152,-0.26753210496702445,0.7904378210027565,-0.3384606579523622,0.7350160698533936,0.9982547051643537
RNPS1,7.178317677580309,0.5102489434907347,0.393614781026713,1.2963155046154282,0.19486680905114284,0.9982547051643537
AMDHD2,1.158569888858779,0.6988825529613636,0.7946813767773728,0.8794500203282768,0.37915732100527366,0.9982547051643537
FOPNL,1.9664439456507594,1.238596906451132,0.7282589252409621,1.7007644719785784,0.08898722316074277,0.9982547051643537
RPS15A,326.28373872432013,-0.40962706697328616,0.2693289994684168,-1.5209170485977375,0.12828065507306752,0.9982547051643537
TCEB2,20.788909993923962,0.05531373083655751,0.38980315264483617,0.1419017020802699,0.887157649858219,0.9982547051643537
FLYWCH2,2.0035943418832094,0.3780160088720345,0.6779608057678749,0.5575779686023065,0.5771326041709903,0.9982547051643537
FLYWCH1,1.0716612761174522,-0.1479036119645342,0.862500905435283,-0.17148226863586988,0.8638445715109582,0.9982547051643537
HCFC1R1,2.797039857953121,0.6999521074373124,0.7692915033680185,0.9098659017717825,0.3628932342970286,0.9982547051643537
IL32,100.64494433722409,-0.1705643350372062,0.35562010033781355,-0.47962512488799797,0.6314939776029913,0.9982547051643537
ZNF75A,1.60970188147109,-0.3165449420197105,0.6825613491883422,-0.46376042592526706,0.6428193992974718,0.9982547051643537
NAA60,1.8109410675626054,-0.9005403846777937,0.7507813376770966,-1.199470923803259,0.23034488411474408,0.9982547051643537
NLRC3,3.1828867708834943,-0.8586346152776853,0.6488164779795709,-1.3233859564595103,0.18570705959656297,0.9982547051643537
DNAJA3,1.4229277778052685,0.11607050342767876,0.7836032428637129,0.1481240723347366,0.8822448520233559,0.9982547051643537
NMRAL1,1.9673100592365658,0.2383117067125177,0.6379027758187286,0.37358625130083806,0.7087121643719031,0.9982547051643537
HMOX2,5.1709294726739685,0.588094830295454,0.4399956941495256,1.3365922396858712,0.18135577351461185,0.9982547051643537
UBALD1,1.0533159329417263,0.22624380986020043,0.7917255239162223,0.285760409417015,0.7750616328938562,0.9982547051643537
NUDT16L1,3.1477432604988116,0.795243767582242,0.6459268428310837,1.2311669292093597,0.21826043744787738,0.9982547051643537
GLYR1,1.43983278399274,0.3948067186365859,0.6947325215619282,0.5682859321872022,0.5698408297709852,0.9982547051643537
IL21R,2.5202632698655,1.2529824129107994,0.6212486917553665,2.016877346446301,0.04370831467603495,0.9982547051643537
CLN3,2.24785768865831,-0.20572346405778547,0.650096117642262,-0.3164508423829597,0.7516603314656174,0.9982547051643537
ATF7IP2,2.3541028979953533,-0.9768641877934712,0.7277964096358096,-1.3422217736444941,0.17952409861934981,0.9982547051643537
NUBP1,1.724844213490267,-0.863966903136516,0.7113782594592181,-1.2144971984289965,0.22455791900526123,0.9982547051643537
LITAF,19.317123723047025,-0.6423534975434939,0.4370731083926733,-1.4696706002017255,0.1416509889489195,0.9982547051643537
TXNDC11,1.3396211580668518,0.4053880731008261,0.7347434571933663,0.5517409772512448,0.5811258308018593,0.9982547051643537
ZC3H7A,1.4596618275524178,-0.425517558354392,0.7068484322407532,-0.6019926464369102,0.5471790322955474,0.9982547051643537
RSL1D1,7.566902723273219,-0.4834553630411622,0.4768297549508335,-1.0138951229899902,0.31063279877226246,0.9982547051643537
GSPT1,4.888602259962773,-0.5881065931926255,0.5362188194495964,-1.0967660437511115,0.27274367746435346,0.9982547051643537
PARN,1.2679189678828457,0.18457350553612323,0.7939750448807475,0.23246764079826407,0.8161748177264825,0.9982547051643537
BFAR,3.2376547572492407,-0.7980296893494173,0.567761439403211,-1.4055721892424526,0.15985119911867185,0.9982547051643537
PDXDC1,2.5752490300112396,-0.6025968871208949,0.6269332863487173,-0.9611818358384534,0.33646074776421164,0.9982547051643537
NTAN1,1.7374112828404773,-0.6143965633729007,0.6405043526557485,-0.9592387012288114,0.3374385079991651,0.9982547051643537
RRN3,1.1925671943047231,0.5819834280072327,0.7489200049439567,0.7770969184496329,0.43710159191980213,0.9982547051643537
KIAA0430,1.4046228528208522,1.1269692089000736,0.7136639133781153,1.5791315600722826,0.11430588403968805,0.9982547051643537
PPP4C,5.677260224615837,0.40194518080335856,0.5949048660850597,0.6756461473386037,0.4992653348711179,0.9982547051643537
YPEL3,1.9821624452973945,0.332703178374811,0.6720333764067004,0.4950694266908941,0.6205511141359163,0.9982547051643537
ARL6IP1,8.291574144641308,-0.8291602027251362,0.5577784704944514,-1.4865403499531173,0.13713625228279233,0.9982547051643537
SMG1,4.560705203282232,-0.29277552087209385,0.5239879031366602,-0.5587448090299436,0.5763358936308789,0.9982547051643537
GDE1,1.900586239778216,-0.2721188315339518,0.6772592052109495,-0.4017942162176939,0.6878354790739707,0.9982547051643537
THUMPD1,3.8128786052232546,-0.29202289507983814,0.5473002276537738,-0.5335698403264212,0.5936391792009337,0.9982547051643537
METTL9,6.343171901961446,0.3375775755939176,0.4057362931029862,0.8320122733221498,0.405402016865247,0.9982547051643537
UQCRC2,6.7224498560624,-0.662875410387933,0.43747758061662617,-1.5152214416418959,0.12971633486887887,0.9982547051643537
GGA2,3.367947639798801,-0.4557424529883908,0.5724021024088793,-0.7961928355442063,0.42591996115217234,0.9982547051643537
NDUFAB1,6.6071473759402926,0.19026686988264885,0.6207635170990778,0.30650459416783193,0.7592204824165202,0.9982547051643537
PRKCB,2.8426773201608495,-0.6569662037378751,0.6413862928982638,-1.0242909943853173,0.30569785027843077,0.9982547051643537
RBBP6,3.4301417892808916,-0.4482721470387061,0.5333198220323481,-0.8405315694632414,0.4006104086480766,0.9982547051643537
ARHGAP17,1.4097675319726142,0.1876985693706659,0.6970335520679839,0.26928197188470354,0.7877127043173013,0.9982547051643537
LCMT1,3.5258764808131935,-0.19638184851663287,0.5575923715692361,-0.3521960818150257,0.7246912152012019,0.9982547051643537
NSMCE1,3.0864257672323347,0.2920702816332972,0.6324982776139396,0.46177245372922465,0.6442445068000466,0.9982547051643537
IL4R,1.200937391280964,0.6385420676279844,0.7802676950553258,0.8183628153190526,0.4131500478372152,0.9982547051643537
DNAJA2,5.0546495882013875,0.22842112912198395,0.5241556402324001,0.43578874591658806,0.6629900098734239,0.9982547051643537
ITFG1,2.197198598907404,0.12835762401235531,0.6150289676912257,0.208701753503092,0.8346810711874543,0.9982547051643537
SGF29,1.5806437778563378,0.17585286557349677,0.7571803117802622,0.23224701281526483,0.8163461648789654,0.9982547051643537
ATXN2L,1.9729569659673902,0.44979299141680873,0.6380100994121047,0.704993528834843,0.4808142632957201,0.9982547051643537
TUFM,8.70455790908448,-0.15486369648200768,0.5035526098467116,-0.30754223779944334,0.7584306785847819,0.9982547051643537
NFATC2IP,1.997862779316264,0.43138143917661226,0.6838980281070064,0.6307686547520152,0.5281918013929685,0.9982547051643537
SPNS1,1.2138531967222417,0.654306145834712,0.7084582688141097,0.9235634258739855,0.35571366348366495,0.9982547051643537
LAT,11.289063807866066,0.4465895191630219,0.4249098092888501,1.0510219095917228,0.29324852728333206,0.9982547051643537
SPN,3.9907314383221886,0.03371289586079699,0.4910122975620814,0.06865998270956641,0.9452602721684344,0.9982547051643537
KIF22,1.5054415173904094,-0.2424753055521599,0.7086207065605472,-0.3421792551463382,0.7322159959797441,0.9982547051643537
MAZ,2.992252988200395,0.3756058977109087,0.6001917016632909,0.6258098815261938,0.5314396496478428,0.9982547051643537
MVP,3.7355655348311854,-0.032645524019767475,0.5256163152084096,-0.06210903861845187,0.9504759991203199,0.9982547051643537
CDIPT,2.25654691115674,0.5874923594344532,0.6237050455535285,0.9419394048881918,0.34622366416851635,0.9982547051643537
TMEM219,5.93040351418898,0.37988138512386266,0.44610083663596234,0.8515594545586166,0.394458651373208,0.9982547051643537
INO80E,3.720537118680622,0.34392033929565907,0.751476628191025,0.45765939537408296,0.6471971642723784,0.9982547051643537
ALDOA,25.924369964155368,0.06080903968839223,0.3637979078829615,0.167150603042927,0.8672515505685654,0.9982547051643537
HERPUD1,22.079736937298655,-0.5992999766289425,0.3584825332517929,-1.671768973491389,0.09456988718088215,0.9982547051643537
NLRC5,5.293937842946486,-0.039172260931633396,0.5528696582337279,-0.07085261480396371,0.9435150564495469,0.9982547051643537
CORO1A,53.83532109304787,0.04721467758375675,0.3879921760596949,0.1216897672093586,0.9031447175902058,0.9982547051643537
CD2BP2,3.528560577461306,-1.1857349976678542,0.7001337499059075,-1.6935835443259344,0.09034444718455949,0.9982547051643537
SEPT1,13.727996731415624,-0.2798128181600926,0.6079386566883506,-0.4602648887049371,0.645326100117312,0.9982547051643537
DCTPP1,1.255877824050133,0.39714351931074016,0.7502344769799716,0.5293591956869537,0.5965562985566113,0.9982547051643537
ITGAL,2.889170407860822,-0.14480588328537425,0.6014558471107375,-0.24075895841895972,0.8097419404566613,0.9982547051643537
PRR14,1.43063909545117,0.5167400084206009,0.6823733686653112,0.757268721420531,0.4488888860753646,0.9982547051643537
PHKG2,2.5260254685279446,0.4613071035752917,0.6734009558044769,0.6850407615240051,0.49331819963818524,0.9982547051643537
STX4,1.7445916818775236,0.7873757040686583,0.6803752705457894,1.1572667881315475,0.2471633781411916,0.9982547051643537
KAT8,1.8122588992125923,-0.5310360536415548,0.8773991440226743,-0.6052388553821423,0.5450203020102622,0.9982547051643537
FUS,24.60335065708123,0.0077532098612920946,0.3417834925505816,0.022684565025166255,0.9819018879942406,0.9982547051643537
PYCARD,6.107425104671071,-0.22281094853827896,0.5787598390459235,-0.3849799752961078,0.7002522516796297,0.9982547051643537
ZNF267,2.7241326107710617,-0.30103168475464664,0.5878255002343995,-0.5121106257462601,0.6085735883256127,0.9982547051643537
VPS35,3.957901898514836,-0.21028225799245082,0.5644796277669641,-0.3725240870504228,0.709502681543225,0.9982547051643537
E2F4,2.1373881141587185,0.47083698360473886,0.6940980067638892,0.6783436618697899,0.4975538210785124,0.9982547051643537
TMEM208,4.682464189947572,-0.17973894777908173,0.5351323404975519,-0.33587756556063353,0.7369631953459175,0.9982547051643537
LONP2,2.7739431507264665,0.09164255943209154,0.5992831277983142,0.15292030624785652,0.878461122179303,0.9982547051643537
N4BP1,3.3812211148343403,-1.2186214204862662,0.6993318504454588,-1.742551007379446,0.08141207426499983,0.9982547051643537
CNEP1R1,1.0496591971615523,1.35134436450806,0.8795172554564992,1.5364614578331004,0.12442524363573397,0.9982547051643537
ADCY7,1.93323160538786,0.35869598872765623,0.7258541655656041,0.4941708758372298,0.6211855063376845,0.9982547051643537
CYLD,6.440387702070142,0.22410343527322135,0.5193615539039562,0.431497929695936,0.6661063576394528,0.9982547051643537
CHD9,4.384256963575731,0.11826757768924683,0.5629820547981063,0.2100734413846625,0.8336103536694934,0.9982547051643537
RBL2,7.826503096303867,0.3507965577667775,0.5275719801446467,0.6649264384181246,0.5060975446109923,0.9982547051643537
AKTIP,1.9578211961490797,0.06661406892155954,0.5962056881893842,0.11173001237854617,0.9110374818808328,0.9982547051643537
NUDT21,4.181090374656696,0.35387906523182655,0.6415949960339755,0.5515614482957828,0.581248855560248,0.9982547051643537
OGFOD1,1.2648995880740135,0.17961313558455996,0.750714102677021,0.23925637595466184,0.8109067900674021,0.9982547051643537
MT2A,34.289917535412435,-0.9521128198405556,0.5825224949620512,-1.6344653263606268,0.10216118108237521,0.9982547051643537
MT1E,3.215768631738924,-1.471079093133035,1.1657857295807705,-1.2618777669049455,0.20699277335426003,0.9982547051643537
MT1F,4.469526485305809,-0.6933285759846665,0.5550651111389193,-1.2490941370140327,0.21163064480040072,0.9982547051643537
MT1X,9.67123903894423,-0.945760897513563,0.5517264633369859,-1.7141844018018524,0.08649486467138817,0.9982547051643537
WWP2,1.3833187425035869,-0.6825019367927515,0.8050867899277174,-0.8477370953435072,0.39658440249724947,0.9982547051643537
COG4,2.472131626707967,-1.1849008718200178,0.6718599263062585,-1.7636129577400876,0.07779716461837687,0.9982547051643537
FAM192A,2.763576688363773,-0.6712406472078526,0.639345203198161,-1.0498876723406116,0.29376976004296507,0.9982547051643537
ARL2BP,3.4038388901900776,0.15046928460896333,0.5496185050827974,0.2737704120538952,0.7842610629598676,0.9982547051643537
CIAPIN1,1.1586708941367683,-0.7432493178511398,0.7482245408480056,-0.9933506284206782,0.32053911282933334,0.9982547051643537
POLR2C,3.26579118182093,0.2704635834892934,0.5174424772400426,0.5226930439338957,0.6011878797193255,0.9982547051643537
USB1,3.0077314772234884,-0.05585025251684829,0.5715514983310588,-0.09771692083728603,0.9221570789757956,0.9982547051643537
CFAP20,1.588648318043053,0.08881040991722419,0.6758044422126858,0.13141436245438917,0.8954475275979953,0.9982547051643537
CNOT1,1.6759799787149308,-0.28008694781619287,0.6627720261030612,-0.4225992298785393,0.672587688590879,0.9982547051643537
CKLF,17.7012160888974,-0.05111911900035539,0.6087017949817755,-0.08398056227497389,0.9330718862235772,0.9982547051643537
CMTM3,4.765618422675941,0.22220793696301658,0.4813973910739079,0.4615894084247363,0.6443757914272399,0.9982547051643537
DYNC1LI2,1.5437046836881245,0.5739010326994348,0.6443280523769769,0.890696952557426,0.37309177012282146,0.9982547051643537
NAE1,2.476830346628442,0.4289492305795786,0.7006935064003607,0.6121781159114761,0.5404199188717425,0.9982547051643537
FAM96B,9.155925093495497,0.32612235752263974,0.37641127561436366,0.8663990125969412,0.38627138524894944,0.9982547051643537
CBFB,2.0958878369249203,0.46525028725718787,0.6488295977891183,0.7170608258971609,0.4733365660076737,0.9982547051643537
TRADD,3.497444498947775,0.3553600326321313,0.6353885291510407,0.559279899350618,0.5759707112912679,0.9982547051643537
PLCG2,1.2949962890163498,-1.373536574225618,0.9548686884036051,-1.4384559792425091,0.15030471912665272,0.9982547051643537
MPHOSPH6,2.1336964353716135,0.17062365298423604,0.6318005640628775,0.27005935526080876,0.7871145904646761,0.9982547051643537
ATP6V0D1,4.551595336270315,-0.5168404450394769,0.5634208884674966,-0.9173256718352805,0.35897200882917357,0.9982547051643537
CTCF,1.5563711675105627,-0.7076808965929627,0.6668412109574603,-1.0612434938999409,0.28857925794388783,0.9982547051643537
ACD,2.3289338846331455,0.2615191993225135,0.7024323494318496,0.3723051757710743,0.709665645466612,0.9982547051643537
NUTF2,5.799567736122021,0.4590205567611504,0.47836910612737754,0.9595530958868503,0.3372801849641275,0.9982547051643537
PSMB10,8.40338489176367,0.243581136127231,0.7350301461205884,0.3313893143197277,0.740350435285172,0.9982547051643537
NFATC3,3.2572850164577027,0.3706277578547047,0.49568544741300313,0.7477075629091429,0.4546365683796243,0.9982547051643537
SLC7A6,1.0069729776792529,-0.37133832864245037,0.8907628678988108,-0.41687674916039924,0.6767685610069126,0.9982547051643537
ZFP90,1.3587404255569884,-0.5137592646642011,0.7401577199888758,-0.6941213349391567,0.48760611994725545,0.9982547051643537
CHTF8,2.3350912938008155,0.26029853859061386,0.7275242945360147,0.35778673034777714,0.7205029217629298,0.9982547051643537
SNTB2,1.2229163154295846,-1.1666891977537632,0.8058866097136927,-1.447708875778756,0.147698486594661,0.9982547051643537
VPS4A,2.2970231585128915,-0.09100495088298702,0.6573590891047497,-0.13844024124915605,0.8898924952718927,0.9982547051643537
NIP7,2.010108358750907,0.4212286211938404,0.6240565879629286,0.6749846557486594,0.49968551372428927,0.9982547051643537
CYB5B,4.087415000745679,0.6872239994820556,0.5447381813415638,1.2615675255029533,0.207104447737264,0.9982547051643537
NFAT5,2.625521367340518,-0.4104967665524052,0.594583243426393,-0.6903941056038573,0.48994638249357403,0.9982547051643537
RNF166,6.096508716644695,0.1876869785886855,0.5477033769260424,0.3426799733134187,0.7318392304639861,0.9982547051643537
CTU2,1.0622282639008258,0.7106033201140803,0.8395957708609632,0.8463636249446475,0.39734992409034364,0.9982547051643537
CMTR2,1.6411831978550615,0.34451898802950326,0.6947852815251943,0.49586397005016336,0.6199903880299273,0.9982547051643537
AP1G1,2.498993188975394,-0.15189868623157315,0.6706569357669169,-0.22649238102320127,0.8208184843474224,0.9982547051643537
IST1,3.60524597826251,-0.018579853191091837,0.5315301426090346,-0.034955408361023454,0.9721152980970461,0.9982547051643537
PSMD7,3.514286031455643,-0.23837540759924908,0.5242418960022159,-0.4547049928993876,0.6493214883792225,0.9982547051643537
GLG1,2.7578099696214013,0.2510578367355591,0.534467103306143,0.4697348727031999,0.6385444497348538,0.9982547051643537
CFDP1,2.851891378677703,-0.20544806974893265,0.5228111615562111,-0.3929680252758787,0.6943430976625309,0.9982547051643537
TMEM170A,3.0620698920755443,-0.5352790715007093,0.5485031431001942,-0.9758906183750541,0.3291186717069916,0.9982547051643537
GABARAPL2,10.893288296205867,0.3580875713168238,0.473347508656934,0.7565003824206316,0.4493492432092443,0.9982547051643537
ADAT1,0.9733623988016291,-0.2511022257597037,0.7562099398812959,-0.33205359056655587,0.7398487930597069,0.9982547051643537
KARS,1.95615349849199,-0.43730072020531846,0.6541884093986164,-0.6684629594818428,0.503838118290378,0.9982547051643537
TERF2IP,14.80056023138327,-0.030717264549434426,0.4022677814380628,-0.07636024053336711,0.9391325006705975,0.9982547051643537
MON1B,1.197289488690318,-0.08786818521298795,0.7057608686878057,-0.12450135607030455,0.9009183267460698,0.9982547051643537
MAF,4.150918793527505,0.1722313274656545,0.6009948898896721,0.28657702480177816,0.7744362084225845,0.9982547051643537
CMC2,6.057722536060594,0.5729932129843989,0.4542007668913329,1.2615417118427874,0.20711374158302542,0.9982547051643537
PRPF8,3.2718321860250277,-0.5849534526505228,0.5300169603686389,-1.1036504421361806,0.269744800954302,0.9982547051643537
RPA1,1.4557646261343307,-0.9694612476069508,0.6991266217984333,-1.3866747701769797,0.16554095725366624,0.9982547051643537
HSBP1,4.656985420390813,-0.5594085149366216,0.5024783479515947,-1.1132987465372561,0.2655801446114042,0.9982547051643537
MBTPS1,1.4422742290924155,-0.33576752647296065,0.6566389585450804,-0.5113426824642314,0.6091111225460215,0.9982547051643537
COTL1,49.64229204412168,-0.40095245698136894,0.37540356782501594,-1.0680571293032088,0.28549474250995244,0.9982547051643537
KLHL36,1.825682092071556,-0.5321019083035037,0.77959496615328,-0.6825363572176844,0.49489986135779274,0.9982547051643537
USP10,1.2315517996323677,0.7652684610215709,0.7095731367746626,1.078491308873486,0.28081455827138646,0.9982547051643537
GSE1,1.3370575063155086,-0.8019891144991023,0.7541072360326335,-1.063494787184878,0.2875576279106684,0.9982547051643537
EMC8,1.6455504230362723,0.46364808715453526,0.7009341008462039,0.6614717226552329,0.5083098431635702,0.9982547051643537
COX4I1,40.13087782903508,-0.31605474669928674,0.30997760497596777,-1.019605099290286,0.307915785617475,0.9982547051643537
MAP1LC3B,11.842074026629124,0.08341159651245764,0.38514030879076094,0.2165745693416201,0.8285399060857579,0.9982547051643537
KLHDC4,2.391235844900688,0.4308328980659866,0.6897399945979942,0.6246308774904258,0.5322133492398092,0.9982547051643537
SLC7A5,6.595134510993487,-0.4888358616612393,0.5899169030825447,-0.8286520679554735,0.4073013158023274,0.9982547051643537
BANP,2.0172342334193876,-1.6863492984500588,0.856624202337831,-1.968598708567663,0.048999190998583866,0.9982547051643537
ZC3H18,2.649913385281953,-0.27464615457463876,0.5581055362887538,-0.49210433639658746,0.622645586885466,0.9982547051643537
CYBA,33.05645718312034,0.2027748909952511,0.5980707142100254,0.33904835360997515,0.7345733042350373,0.9982547051643537
RNF167,8.02392584775126,0.1787778024473452,0.47818695371281744,0.37386591386328993,0.708504077260997,0.9982547051643537
PFN1,121.58951954288382,0.38545790629276977,0.41742037161864115,0.9234285926153298,0.3557838969623488,0.9982547051643537
APRT,16.99257863048578,0.19348174071502125,0.5136017117538779,0.37671552934336644,0.7063850209363328,0.9982547051643537
TRAPPC2L,4.270429828164219,0.12127519624226989,0.4727635359574583,0.25652400622788907,0.7975462461454311,0.9982547051643537
ANKRD11,3.7569127868714944,0.4915761603644472,0.6866536550499447,0.7159011777614316,0.474052371172606,0.9982547051643537
SPG7,2.536590128635802,-0.3179972506864122,0.5772214104487533,-0.5509103524749531,0.5816951303789623,0.9982547051643537
RPL13,369.4764899236703,0.3008975916630635,0.41791894710749283,0.7199903085170956,0.4715309626497769,0.9982547051643537
CPNE7,4.266405628168073,0.32472144257961955,0.6463125682873428,0.5024216741445948,0.615370936047071,0.9982547051643537
CHMP1A,2.8963264219025424,0.39735655468924963,0.6422405925431683,0.6187035813413511,0.5361116502695543,0.9982547051643537
SPATA2L,0.9020043677163131,0.5606710747628815,0.8085187597753787,0.6934546267283225,0.488024290864449,0.9982547051643537
ZNF276,2.294025396210597,1.037482444923949,0.7044796373227646,1.4726933043326784,0.14083375284693977,0.9982547051643537
TCF25,7.890158117127647,-0.14956678316634567,0.48370959893656296,-0.3092078046314745,0.7571634573856404,0.9982547051643537
VPS53,1.118491491652452,0.5223879062817193,0.735158752175009,0.7105783679187726,0.47734555198646544,0.9982547051643537
GLOD4,3.800294284084465,-0.1507948911906508,0.5897352372200442,-0.255699306525219,0.7981830306837248,0.9982547051643537
YWHAE,6.052944948724358,0.10404893495660598,0.4628032752635278,0.22482324676150747,0.8221167806890151,0.9982547051643537
INPP5K,1.4695825700519787,0.4535778944840486,0.7312537535325192,0.6202742786521338,0.5350772260269776,0.9982547051643537
CTDNEP1,1.743021384735196,0.16262504250063034,0.6967313566919865,0.23341140159495388,0.815441960471074,0.9982547051643537
ELP5,1.578622936524162,-0.39817302277522204,0.6787288541874265,-0.5866451975905966,0.5574420207566929,0.9982547051643537
SMG6,1.0719884436018765,0.25596257608105566,0.7543851120032065,0.3392996123708864,0.7343840346304841,0.9982547051643537
METTL16,1.4477243189417905,-0.5129730601666943,0.7163394043808016,-0.716103368081649,0.47392752423944506,0.9982547051643537
PAFAH1B1,5.20973920480485,-0.4106752493478587,0.46241394457679613,-0.8881117322785562,0.3744806523431573,0.9982547051643537
EMC6,3.3236618556726234,0.9296074201184182,0.5506932690659443,1.6880675184121414,0.09139826878166883,0.9982547051643537
ITGAE,7.770660968620723,0.23480730625271462,0.4664123190379588,0.5034328997506708,0.6146599455720753,0.9982547051643537
NCBP3,2.294238236126784,0.49339022352354134,0.5843201848283036,0.844383330123225,0.39845523446304365,0.9982547051643537
ATP2A3,1.9482355908094653,-0.9068146850827985,0.674810900986501,-1.3438056257792115,0.17901124982632954,0.9982547051643537
ZZEF1,1.2871404047507362,-0.5187713038691439,0.7813677376192595,-0.6639272123645422,0.5067368985229473,0.9982547051643537
UBE2G1,3.20748160651782,0.31661606388028124,0.6182418100341507,0.5121233451726467,0.608564686937739,0.9982547051643537
SPNS3,1.185522457641339,1.0928555601907266,0.7314836778735769,1.4940259000278144,0.13516884985709288,0.9982547051643537
ARRB2,6.827431357720123,0.5691223924429312,0.4887872624778351,1.1643560217953492,0.2442797621363174,0.9982547051643537
MED11,1.6570358889950607,0.3011026082604433,0.6839725265728259,0.4402261736581366,0.6597733047310534,0.9982547051643537
PSMB6,7.429589350543913,-0.1520329050886339,0.42599339072887327,-0.35689029078246054,0.7211739385076598,0.9982547051643537
SLC25A11,3.686733043001444,0.20469428986954485,0.5650805571429234,0.36223913083205306,0.7171733401353835,0.9982547051643537
RANGRF,2.2753329154775237,0.3077398441163113,0.5699361701812307,0.5399549286693893,0.5892281156219301,0.9982547051643537
RPL26,129.04859687346715,-0.5419225286188497,0.5621753927626718,-0.963974118389824,0.3350589019280701,0.9982547051643537
SPAG7,3.570785788037678,-0.40959716883904107,0.5225682900119816,-0.7838155828966388,0.4331483288783987,0.9982547051643537
RABEP1,2.0141064758862273,0.6673602406264152,0.6078193185553226,1.0979582587348666,0.27222271655921226,0.9982547051643537
RPAIN,5.58148223911513,-0.09014066106715364,0.4536074802617015,-0.1987195207079664,0.842482153235745,0.9982547051643537
C1QBP,6.152172965876639,0.2511551468398817,0.5735807423432501,0.4378723487365306,0.6614788211763649,0.9982547051643537
DERL2,2.896805173675162,0.009094403476231016,0.5283559015113186,0.017212646722062196,0.9862669730591611,0.9982547051643537
NLRP1,2.2605409348956367,0.14151990865936795,0.627670548955628,0.2254684545815331,0.8216148631856094,0.9982547051643537
TXNDC17,4.803821321220338,0.1271030967448366,0.48420051279512744,0.2625009544312809,0.7929352496222433,0.9982547051643537
MED31,2.560347878761806,0.15128056315605398,0.5858685500707459,0.2582158798894159,0.7962403030183954,0.9982547051643537
XAF1,5.229740271324618,-0.13658476873648812,0.5627573208993104,-0.24270633835241767,0.808232896955519,0.9982547051643537
ALOX12-AS1,1.6823601695006718,-1.288452516424271,0.8675985283328286,-1.4850791862224024,0.13752284893004763,0.9982547051643537
RNASEK,1.8429167571274416,0.11364625131829012,0.8389829820922595,0.13545715913674267,0.8922504340592733,0.9982547051643537
C17orf49,1.5701709901702474,-0.1583712243407219,0.8905670065445891,-0.1778319016726256,0.8588549927391037,0.9982547051643537
ACADVL,3.4780691956814223,0.2623145776048034,0.5639151398152572,0.46516675840754984,0.641812041754971,0.9982547051643537
GABARAP,16.165842559904405,-0.40907026459586227,1.4179392271882816,-0.28849633097959543,0.772966838637844,0.9982547051643537
AKAP10,1.527545630841732,0.17554077712657573,0.6647295905782458,0.2640784758413921,0.7917194491298548,0.9982547051643537
TMEM11,1.2922341074190176,0.5547078804461334,0.6771851431483217,0.8191376997245161,0.41270785480509287,0.9982547051643537
EIF5A,10.973666807624422,0.08616169438712797,0.4142631572671941,0.2079878282092917,0.8352384712222289,0.9982547051643537
ACAP1,20.913794508891392,-0.09979018529690638,0.3526431267905488,-0.28297782578412883,0.7771938350329446,0.9982547051643537
TMEM256,4.717687286720486,0.0454454521155422,0.5236332013908783,0.08678871392193936,0.9308394587580336,0.9982547051643537
POLR2A,3.550235784331281,-0.24633317521629572,0.5571256426569028,-0.4421501298011447,0.6583805709176391,0.9982547051643537
EIF4A1,8.551186185228072,-0.36655381447302915,0.526291806137888,-0.6964839851164097,0.48612578322320754,0.9982547051643537
MPDU1,1.3268026564793165,-0.2620699750438334,0.7096949724646909,-0.36927128585072794,0.7119255260185338,0.9982547051643537
SAT2,4.23270172562843,0.15876013093195068,0.5460688671750468,0.2907328003393734,0.7712556836023862,0.9982547051643537
KDM6B,2.484452703991649,0.4471712521763601,0.6114498272858107,0.7313294275694323,0.4645779600198354,0.9982547051643537
NAA38,5.2283782937590875,-0.129906888169387,0.5679691380865007,-0.2287217376054021,0.8190851984321827,0.9982547051643537
CHD3,3.028628954810896,0.2924647604657859,0.7257944331878021,0.40295812022315347,0.6869790337620936,0.9982547051643537
TRAPPC1,11.355371615312363,-0.10646167270231577,0.40229689177142225,-0.2646345892297009,0.7912909714462175,0.9982547051643537
PER1,1.900723344462259,-0.9844205318364406,0.6954059461408444,-1.4156055715362845,0.15689101914908465,0.9982547051643537
VAMP2,8.581951302623086,0.1277139584538531,0.6275115360980091,0.20352447900480644,0.838725114570209,0.9982547051643537
BORCS6,0.9568323101180322,0.504185778953579,0.8066857968201829,0.6250088707908245,0.5319652360189231,0.9982547051643537
TP53I13,2.1173640792593207,-0.527573459751641,0.7150609506262616,-0.7378020842692974,0.46063472656244386,0.9982547051643537
SSH2,4.680320754423655,-0.009387512978244597,0.5426668938719953,-0.017298849596782163,0.9861982033555713,0.9982547051643537
NDEL1,2.3206006639298,-0.08501273064230087,0.6531202845947287,-0.1301639723149199,0.8964366979597321,0.9982547051643537
PIK3R5,0.9512591988041067,0.7144453315166012,0.8434568910688209,0.8470442758624719,0.3969704431302725,0.9982547051643537
STX8,3.437598223457709,-0.18112282901986837,0.5567984150450626,-0.3252933631379138,0.7449590534220412,0.9982547051643537
ELAC2,1.4764482824533578,0.41174680510979217,0.7422690903394035,0.5547136617550926,0.5790905300934472,0.9982547051643537
TTC19,3.586990920087776,0.1848944691009683,0.5553702690059538,0.332921078818114,0.7391938576140971,0.9982547051643537
NCOR1,9.723487746922485,-0.5871755324049611,0.4107580862330221,-1.4294923267118782,0.15286277882368984,0.9982547051643537
UBB,72.62120143091492,-0.15305437250047235,0.3951839542258889,-0.3872990562086076,0.6985348241608369,0.9982547051643537
TRPV2,2.357174581765688,0.558140773581218,0.5998354104519663,0.9304898708141754,0.35211750621921845,0.9982547051643537
MPRIP,1.7705620096423107,0.7803232784653142,0.7477826272365722,1.0435161904589785,0.29670928626513926,0.9982547051643537
COPS3,3.7159010939964494,-0.5560396177429999,0.48002527953228885,-1.1583548647370727,0.24671925025910624,0.9982547051643537
DRG2,1.9627206997348936,1.151162897982589,0.7343310070021063,1.567634877195492,0.11696636773157058,0.9982547051643537
FLII,1.8413918469039794,0.09142225568185466,0.7424147773522447,0.12314175104097994,0.9019948503034667,0.9982547051643537
TVP23B,1.4905020417469004,-0.3368713779339826,0.7260939569394663,-0.46395011928472396,0.6426834833501811,0.9982547051643537
PRPSAP2,2.437339673761708,-0.11078053444116924,0.6576574457932765,-0.16844716827853148,0.8662315032798563,0.9982547051643537
RP11-1094M14.11,1.439376173502529,0.09748141275242518,0.7486663155353352,0.13020675664126938,0.8964028490645074,0.9982547051643537
AP2B1,2.4131317160555015,-0.8504273538529139,0.6226547691106242,-1.3658087852882443,0.17199898821256654,0.9982547051643537
MAP2K3,2.6478702433855035,-0.010262600536601359,0.6084320518916451,-0.01686729110456037,0.9865424869708955,0.9982547051643537
WSB1,13.25575364213972,-0.5864899256503372,0.4697300683881502,-1.2485679864242911,0.21182312756352395,0.9982547051643537
LGALS9,1.2466204670317433,-2.3864644124523515,0.9982612817532066,-2.3906210288563923,0.0168199044159523,0.9982547051643537
IFT20,2.087003598292204,-0.3216206498107156,0.7236234327889773,-0.44445858887008494,0.6567110623309347,0.9982547051643537
POLDIP2,1.7569791989713381,-0.4744698195489497,0.674230830814203,-0.7037201472617006,0.4816070709459005,0.9982547051643537
UNC119,1.1923195357326362,0.6940339885137911,0.8330538460797325,0.8331202019891571,0.4047769411124309,0.9982547051643537
SDF2,3.177970988446717,-0.3618838579427332,0.5663344624661485,-0.638993177930372,0.5228273699314087,0.9982547051643537
SUPT6H,1.6716626402380677,-0.5480170368832336,0.7288674980273868,-0.7518747074967556,0.4521264096062878,0.9982547051643537
RPL23A,166.0636184908513,0.01251467760701372,0.5020297992874998,0.024928156903783475,0.9801122682477261,0.9982547051643537
TRAF4,1.4517720304405053,-0.6542644398318569,0.693343733619427,-0.9436364794363014,0.34535544404963303,0.9982547051643537
ERAL1,0.9961086456089391,-0.006575500022662133,0.8321313738053652,-0.007901997484594466,0.9936951838213713,0.9982547051643537
PHF12,1.25933150897801,-0.3629350246542422,0.7258937422710995,-0.49998368014405187,0.6170865688096918,0.9982547051643537
NUFIP2,2.735880460060043,-0.11056428731478285,0.6316642713864181,-0.17503647479080794,0.8610509732438154,0.9982547051643537
TAOK1,2.535909437919032,-0.2942836120712995,0.6610017527066134,-0.44520852004747663,0.6561690701246353,0.9982547051643537
CWC25,3.130397556311358,-0.739529675625439,0.6134826677819568,-1.2054614000737862,0.22802523066659997,0.9982547051643537
RPL23,42.27929986469163,-0.6037442244414497,0.6209576608149113,-0.9722792108710413,0.33091166328197075,0.9982547051643537
NSRP1,2.9436159494726857,-0.6321822706251085,0.6888431138836898,-0.9177449231667162,0.3587524228826986,0.9982547051643537
CPD,1.6940336789784445,-0.3549886339770162,0.688467872850337,-0.5156212046719363,0.6061189973466845,0.9982547051643537
GOSR1,2.8740343249672113,-0.9096559134015361,0.6014886542135086,-1.5123409344952303,0.13044715253757597,0.9982547051643537
CRLF3,2.8734020337792208,0.22192877526378257,0.574910338266354,0.3860232813572466,0.699479426618739,0.9982547051643537
EVI2B,6.998121833174204,-0.8541541514846973,0.8024374287040329,-1.064449539528819,0.2871251019923584,0.9982547051643537
EVI2A,5.695378591221784,-0.946916466503684,0.5528429047083886,-1.712812913829761,0.08674696358236324,0.9982547051643537
RAB11FIP4,1.3108452439854352,-0.14890431227324066,0.7130906861918669,-0.20881539354894324,0.8345923539205868,0.9982547051643537
RHOT1,0.7776133101498293,0.4869646166653338,0.7991694403505171,0.6093383856766974,0.5423001687390282,0.9982547051643537
ZNF207,5.850556839727436,-0.39363495706310686,0.48940552176418456,-0.8043124557404895,0.42121654591833146,0.9982547051643537
PSMD11,2.8808848874280115,-0.4356786715693572,0.5553061212337432,-0.7845738681961483,0.43270345640976704,0.9982547051643537
ZNF830,1.4927306652451608,-0.339368168133639,0.6808985656893644,-0.49841222354470877,0.618193522956866,0.9982547051643537
SLFN5,9.439747290998465,-0.12444076909836115,0.6446848665992811,-0.19302573326218653,0.8469388148288751,0.9982547051643537
RP11-47L3.1,2.1108752514538436,0.3196994169525948,0.6400627678725854,0.49948135245422676,0.6174403204270027,0.9982547051643537
SLFN12L,3.5915646709717586,1.0433946745558094,0.5905259283565522,1.7668905368128405,0.07724656215307071,0.9982547051643537
DNAJC7,4.596861701553917,0.16004840085141955,0.5281329916902707,0.3030456407186197,0.7618550796850119,0.9982547051643537
RAB5C,3.552258425217798,0.03758476169253099,0.6123008173092274,0.061382837700100175,0.9510543201149803,0.9982547051643537
TAF15,4.415397947033419,0.14653596520386125,0.6107248175483092,0.23993779357471426,0.8103784814523803,0.9982547051643537
CCL5,280.0183721250986,0.03220624343183288,0.23471042125937083,0.13721692994723403,0.8908593293239068,0.9982547051643537
AC069363.1,1.9613476381829238,-1.2266651191875337,0.8103854537725466,-1.5136810680363295,0.1301067488790496,0.9982547051643537
CCL3,18.065328380488303,0.1122100907206772,0.6867102498973726,0.16340238220915843,0.8702016273615303,0.9982547051643537
CCL4,376.73588572350127,-0.25594901943566317,0.3688228246672412,-0.6939619847730008,0.4877060495352149,0.9982547051643537
CCL3L3,6.986747670561072,0.6603217555811701,0.6158965279687252,1.0721309921310367,0.28366120027137054,0.9982547051643537
CCL4L2,92.3664813224844,-0.3582297886474407,0.3989521686710269,-0.8979266608344582,0.3692246499295391,0.9982547051643537
ZNHIT3,4.461359297442736,-0.6084071089000177,0.5053192729625674,-1.2040053515732156,0.22858751011915712,0.9982547051643537
GGNBP2,5.092252779969939,0.21818478219833384,0.507973192206529,0.42952026907283214,0.667544646498911,0.9982547051643537
AATF,3.0882291318807833,0.7240873836853909,0.6029739405732434,1.200860161546958,0.2298054500791321,0.9982547051643537
SYNRG,4.511146484167235,0.37424788091869104,0.5727071591067157,0.6534716302524086,0.5134522731238287,0.9982547051643537
MLLT6,2.754872512060509,0.5857111663232684,0.610961607835412,0.958670984905903,0.3377245198690976,0.9982547051643537
CISD3,3.81328872332422,0.4358694232610766,0.6217000190415992,0.7010928259790059,0.4832450871350531,0.9982547051643537
PSMB3,12.853778901314438,-0.08304653027769583,0.4011268123519995,-0.20703310703852998,0.8359840029139446,0.9982547051643537
GRN,1.4190121602181545,-0.018354529339597393,0.7933749685661814,-0.02313474720883673,0.9815427888327575,0.9982547051643537
GPATCH8,4.405747806479398,-0.6902691855066824,0.5493808901559615,-1.2564492101476712,0.2089531494274467,0.9982547051643537
LASP1,3.8066769058018073,0.521905758617856,0.48691496101336906,1.0718622355157543,0.28378191455631496,0.9982547051643537
RPL19,275.0181658537297,-0.09805994264929839,0.257778364755388,-0.38040408372653683,0.7036454837025554,0.9982547051643537
CDK12,2.9021016428288284,0.6409226820435315,0.5812200412906808,1.1027195150054918,0.27014898935636433,0.9982547051643537
STARD3,4.178264609325531,-0.24706402695447177,0.6555517303832183,-0.376879528347892,0.7062631355904072,0.9982547051643537
MIEN1,4.980094204036653,1.0136704875569862,0.4870661958809647,2.081176021102314,0.037417797528501,0.9982547051643537
IKZF3,7.481370834415819,-0.716786243077995,0.43308771467612145,-1.655060207870439,0.0979122855373256,0.9982547051643537
ORMDL3,2.6691140626817638,0.10365933045442227,0.5481056551223205,0.1891228989988959,0.8499964945341418,0.9982547051643537
PSMD3,2.5754504768229904,-0.7366471562949723,0.631579725233661,-1.1663565609590147,0.24347031370301142,0.9982547051643537
CASC3,1.7007026754766632,-0.8074342502453437,0.6998699403316153,-1.1536918557507438,0.24862652405867602,0.9982547051643537
RARA,1.1765072229091895,-0.123479537971959,0.71619794965883,-0.17240978982246466,0.8631153762593535,0.9982547051643537
IGFBP4,1.8868748689198982,-1.4442652689000943,0.8410507291882378,-1.7172154054180118,0.08593982178593444,0.9982547051643537
SMARCE1,3.2075639520064483,-0.6781121818301327,0.6374511070140049,-1.063786970276976,0.2874252152422465,0.9982547051643537
KRT10,7.940557407715667,0.5945789073728851,0.5257858483621672,1.1308385519028508,0.2581230503347296,0.9982547051643537
EIF1,143.01980789195773,0.06756933362212883,0.27655503912173657,0.2443250856564054,0.8069790565389148,0.9982547051643537
CDK5RAP3,4.0977855645327805,0.880678703544853,0.45819244444417717,1.922071640908842,0.05459674388595096,0.9982547051643537
NFE2L1,1.3258502851504463,-1.248326809250715,0.8822219739008808,-1.4149804087638453,0.15707424024379996,0.9982547051643537
STAT3,9.034631388250924,-0.11528997410420946,0.5302143494133691,-0.2174403130201336,0.8278652173958556,0.9982547051643537
MLX,2.2492480438683047,0.13999847323612077,0.6183920883484023,0.22639111313669588,0.8208972392130676,0.9982547051643537
VPS25,1.4063564132406392,0.34102552890154925,0.6601985385849949,0.5165499603081068,0.6054703545847275,0.9982547051643537
COA3,3.0142457460331555,-0.6243700063803053,0.6437874887748564,-0.9698386769964993,0.3321269107255388,0.9982547051643537
BECN1,3.120261464431771,-0.22513885658757588,0.5431861247505991,-0.41447829082701093,0.678523862650135,0.9982547051643537
PSME3,1.631068538591801,-0.08856719324102869,0.6508272826155169,-0.13608402045639303,0.8917548598345657,0.9982547051643537
RPL27,80.34584385861474,-0.2838941075903332,0.44168906160559745,-0.6427465207273665,0.5203885895393896,0.9982547051643537
IFI35,4.090388823842242,-0.1679191434739577,0.5685523081974386,-0.29534510906540046,0.7677302604845535,0.9982547051643537
NBR1,1.6824950990274243,0.32955974793961457,0.7277212046892548,0.4528653910536251,0.6506456734048318,0.9982547051643537
LSM12,1.7467246879272322,-0.3906352843894451,0.6424800573408205,-0.608011532694504,0.5431798250159786,0.9982547051643537
HDAC5,0.9272563370170016,0.8654945151226023,0.8014712802486273,1.0798821323380599,0.28019467081293914,0.9982547051643537
TMUB2,1.9066894600228153,-0.6555802003247073,0.6833704686186426,-0.9593335246837487,0.3373907517219792,0.9982547051643537
UBTF,2.8244926683355684,0.32218260203775206,0.6563053542841473,0.4909035099815187,0.6234946944097957,0.9982547051643537
SLC25A39,2.7573676924171693,0.9178523533212918,0.5905802739828951,1.554153421229703,0.1201478250285328,0.9982547051643537
MRPL27,2.1448616673513747,-0.09221582387037186,0.6049056180019656,-0.15244663155049787,0.8788346801907518,0.9982547051643537
LRRC59,1.3149462857581429,0.2988017514185021,0.6662770746681922,0.44846470451847115,0.6538178534760413,0.9982547051643537
EFTUD2,0.8230584231911393,-0.40259604482301964,0.7958816328534724,-0.5058491466621652,0.6129625540766115,0.9982547051643537
NMT1,1.8983585000757475,0.13046617455444995,0.7786633943719433,0.16755144199334263,0.8669361746923759,0.9982547051643537
HEXIM1,3.5807614565089847,-0.4038562101319586,0.7041740862750876,-0.5735175690265191,0.5662943068149484,0.9982547051643537
FMNL1,4.665614400899886,0.3079149587551343,0.5796752632467426,0.5311852657477784,0.5952904022955747,0.9982547051643537
ARHGAP27,0.9309023705000515,1.0012861157547308,0.8325497353417946,1.2026742346433674,0.22910240821928407,0.9982547051643537
KANSL1,2.30527261235261,-0.5878534244523747,0.6955754398977824,-0.845132520117102,0.39803685313723425,0.9982547051643537
KANSL1-AS1,2.2629504780045466,0.05031309064304184,0.7893536976729078,0.06373960214713603,0.9491775708889842,0.9982547051643537
NSF,0.9108943155783724,1.027784769903062,0.7774302854385036,1.3220282116014401,0.1861587568217823,0.9982547051643537
CDC27,2.3384315026353724,0.09094834131731801,0.6237725332164947,0.1458036968193216,0.8840763574548834,0.9982547051643537
NPEPPS,2.619322674562258,0.4948936401404077,0.5428000889609794,0.911742002636231,0.3619045474984587,0.9982547051643537
KPNB1,5.2264105941209476,-0.35776344901363244,0.4828428413074026,-0.7409521658121919,0.4587224441049286,0.9982547051643537
TBX21,2.451156990388158,-0.47169835238708974,0.6182931382885273,-0.762904071186653,0.44552060805852145,0.9982547051643537
MRPL10,3.5119443776319863,-0.4854658124732927,0.5304159593755589,-0.9152549124743823,0.3600578229527851,0.9982547051643537
SCRN2,1.3525817388932835,-0.3802401111601715,0.7660228124979116,-0.4963822290360421,0.6196247606730878,0.9982547051643537
SUPT4H1,5.867688796222202,-0.8787926247765049,0.5363299486909973,-1.6385298395537018,0.10131121462050846,0.9982547051643537
RAD51C,1.9751002767143928,-0.30446357352871417,0.6643446782980073,-0.45829158187693037,0.6467429712304471,0.9982547051643537
SKAP1,11.803168519462483,-0.6693045399662909,0.45391414538740193,-1.4745179165876396,0.14034219735193573,0.9982547051643537
HOXB2,1.647051457507607,0.9873596400843976,0.7396214925729178,1.3349526075150606,0.18189185810202313,0.9982547051643537
RP11-357H14.17,0.89436640126136,-0.3822603926670341,0.8382019588402607,-0.45604807843199385,0.6483554055497074,0.9982547051643537
CALCOCO2,4.539777158558986,0.10111083376055997,0.47755840417607914,0.21172454065593135,0.8323219414306251,0.9982547051643537
ATP5G1,5.95328492536329,-0.5984321059155266,0.47744878258457313,-1.253395395996267,0.21006184617933388,0.9982547051643537
UBE2Z,1.2856829484652919,-0.47864370253122485,0.7627253822269298,-0.6275439544619958,0.5303027334230437,0.9982547051643537
SNF8,2.1161908199723483,-0.36150219238081394,0.8700491325534224,-0.41549629653658343,0.6777786257233402,0.9982547051643537
ABI3,4.306982585079246,0.3350002127670695,0.5723600214041169,0.5852963174214108,0.5583484905942685,0.9982547051643537
ZNF652,1.4694128394055237,0.863093102891978,0.7577219684352418,1.1390630585441996,0.25467685401682283,0.9982547051643537
PHB,5.413437432469178,0.39091429329853883,0.4922307527493171,0.7941687737206929,0.4270971845638032,0.9982547051643537
SPOP,3.809819673189822,-0.513912892222301,0.5355054065233139,-0.9596782515396081,0.3372171723007992,0.9982547051643537
SLC35B1,1.275019277043997,0.10516711683824399,0.730652742842416,0.14393584075126914,0.885551133531135,0.9982547051643537
KAT7,1.3644768757069201,-0.06649762085044456,0.6733899420438052,-0.09875054065793985,0.9213363392981943,0.9982547051643537
PDK2,1.1876030097382038,-0.3661173775284516,0.8369703223911413,-0.4374317317279429,0.6617982757306269,0.9982547051643537
DDX5,56.749084136592366,0.2308398808861203,0.47335983556763933,0.4876625846578298,0.625788857813415,0.9982547051643537
SMURF2,2.209318186100821,0.31479019064308356,0.7038038842742623,0.4472697546528662,0.6546803021012375,0.9982547051643537
RSAD1,1.9489877841293415,0.2817885998903619,0.7523976749691043,0.3745208275689223,0.7080168640790983,0.9982547051643537
LUC7L3,9.233877808986799,-0.09216914261353111,0.4013268723187353,-0.22966102937739497,0.8183551795318811,0.9982547051643537
TOB1,6.443296587892141,-0.08037756227327297,0.5664443113504164,-0.14189843672655306,0.8871602291346985,0.9982547051643537
SPAG9,1.8839055649130751,-0.007840718049397274,0.6275120607558519,-0.012494928049594711,0.9900307492268275,0.9982547051643537
NME1,1.6334442468656636,-0.593919318027327,0.7559702798341118,-0.7856384488523215,0.43207933242654395,0.9982547051643537
NME2,5.031547980643755,-0.2204987687721317,1.3167267257671857,-0.16745978072531256,0.8670082909492148,0.9982547051643537
COX11,2.599800341508429,0.07990349773059176,0.5830590382145271,0.13704186453446685,0.8909977041454866,0.9982547051643537
COIL,1.393552990080962,-0.2692974259263168,0.7135816205667332,-0.3773883998195444,0.7058849862878886,0.9982547051643537
MSI2,3.1979937505877527,0.14595324016244138,0.6198740957729142,0.23545626629300243,0.8138546191422593,0.9982547051643537
MRPS23,2.2715591417217924,0.1416917368480578,0.6178656204481104,0.22932452002313236,0.8186166970111146,0.9982547051643537
VEZF1,1.2784139558760075,0.7533153509064215,0.7106324968462591,1.0600631891302272,0.2891158530741118,0.9982547051643537
SRSF1,4.641223384025809,0.17950736339325224,0.49582710481383796,0.3620362050611365,0.7173249752468323,0.9982547051643537
DYNLL2,1.8201724794149658,-0.21424081262412,0.656825343565633,-0.32617622739874086,0.7442910264809559,0.9982547051643537
RP5-1171I10.5,3.227189092667236,-0.06546776816896731,0.6779823590429608,-0.09656264251680759,0.9230737247598352,0.9982547051643537
SLC9A3R1,9.735385104493265,-0.04082168605301731,0.4837434508230748,-0.08438705678301267,0.9327486977695242,0.9982547051643537
ICT1,1.4261128155116063,-0.5371110144534904,0.795771187843474,-0.6749565989050845,0.49970333955472335,0.9982547051643537
SKA2,2.8824778888525127,0.06100695854985749,0.6082613017446378,0.10029728732515952,0.9201083110355311,0.9982547051643537
RP11-758H9.2,1.5607814079244824,1.3132520764877758,0.7528528752750949,1.744367484826181,0.08109503098574827,0.9982547051643537
CLTC,2.232630370523393,0.7932179296292333,0.6541074730238018,1.2126721713824076,0.22525518356308527,0.9982547051643537
VMP1,9.183067236794582,0.6905671721498365,0.5623516883575909,1.227998753176527,0.21944743602639172,0.9982547051643537
RNFT1,1.6389303261507124,0.6948261213847524,0.7684172663394471,0.9042302298785333,0.3658733338053346,0.9982547051643537
APPBP2,1.7950874345115742,-0.29427399385366093,0.8110537064917143,-0.36282923251355276,0.7167324534108925,0.9982547051643537
PPM1D,1.3482177810247193,1.1057994099861252,0.7305410173299545,1.5136719003509183,0.13010907519352152,0.9982547051643537
DCAF7,2.3080951474211884,0.5746309221506372,0.5652443912169975,1.0166061460838736,0.3093408292437131,0.9982547051643537
LIMD2,21.16642696732686,0.2309390858492697,0.39967044952994724,0.5778237698605873,0.5633831055282184,0.9982547051643537
CCDC47,1.8715954954293903,0.6063449567407238,0.6410640828766134,0.9458414110800025,0.34422948034413436,0.9982547051643537
PSMC5,6.959251523232119,-0.24198447757729563,0.4048696999808031,-0.5976848294371482,0.5500502498528642,0.9982547051643537
ICAM2,1.8614930160012175,-0.09023478953478002,0.8041486005371389,-0.1122115856130407,0.91065564319763,0.9982547051643537
ERN1,2.5434979250306164,-0.18440071798448157,0.6924295543450393,-0.2663097160243311,0.7900006909063891,0.9982547051643537
PECAM1,2.8891735233480245,-0.45357619466324467,0.5963600938710266,-0.7605743565419361,0.4469113411714213,0.9982547051643537
ACOX1,1.0375453367942042,-0.7650497575693459,0.9219934014084888,-0.8297779099076121,0.40666436251629856,0.9982547051643537
SRP68,1.4790555540468315,0.24149945088222033,0.7419392234066993,0.32549761929737026,0.7448044841400903,0.9982547051643537
GNA13,1.7450257788248116,-0.2860858742471275,0.7507269350614383,-0.3810784732583422,0.7031450202596641,0.9982547051643537
RGS9,1.4595997623223147,-0.6155453599373394,0.7384940983006871,-0.8335142573972371,0.4045547603331048,0.9982547051643537
HELZ,3.822233509203179,0.05290872267407512,0.4975451384970829,0.10633954304908824,0.9153129586233998,0.9982547051643537
PSMD12,3.427539278269783,-0.17092787949995647,0.527394076173,-0.32409897498334306,0.7458631029276945,0.9982547051643537
PITPNC1,3.9779238299408766,0.3002305778312701,0.47932478658624583,0.6263614697865182,0.5310778759523527,0.9982547051643537
NOL11,1.4538614018595315,0.008295471102701521,0.7149436614345637,0.011602971744733452,0.990742375709956,0.9982547051643537
BPTF,5.1834428024941746,-0.29905016027195624,0.6714682731336723,-0.4453675210540036,0.6560541797432481,0.9982547051643537
KPNA2,6.0511887549585754,-0.48941225479785067,0.56652857427911,-0.8638792057763591,0.38765425100639705,0.9982547051643537
AMZ2,3.596269419836756,0.2210186720597962,0.49365638196922534,0.4477176435522605,0.6543569866277916,0.9982547051643537
PRKAR1A,6.875007750664566,0.11440588003043742,0.4540296578493559,0.25197886977770195,0.8010573964103529,0.9982547051643537
MAP2K6,1.3071614917615098,-0.6755864614979377,0.7588322994320464,-0.8902974504427201,0.3733061897718557,0.9982547051643537
FAM104A,1.9854217662229707,1.0416713656917802,0.5999615115246827,1.736230317582506,0.08252311861399068,0.9982547051643537
RPL38,56.19130195311643,-0.4897892944867457,0.48982827391078443,-0.9999204222660985,0.3173490203590771,0.9982547051643537
RAB37,1.6363687053254155,-0.21960481375124066,0.7050847731512987,-0.3114587381737676,0.7554519061326908,0.9982547051643537
USP36,2.929706823433866,-0.7180541788922382,0.6433308515642427,-1.1161506978039488,0.2643576340989696,0.9982547051643537
ATP5H,8.639697743054366,-0.45096802666963154,0.4251960448911004,-1.0606119978964803,0.2888662677611199,0.9982547051643537
NT5C,6.096934117172806,-0.1321364681491931,0.6336331251338567,-0.20853781613970848,0.8348090586055877,0.9982547051643537
HN1,9.290300928824392,-0.3171223299302126,0.3915550905810754,-0.8099047555724453,0.4179949184269196,0.9982547051643537
SUMO2,37.18070575833707,-0.2510495297959828,0.29986936902096933,-0.8371963118994902,0.40248223022384866,0.9982547051643537
MRPS7,3.804586731993236,0.20107586830333893,0.47569886945065065,0.42269570355621516,0.6725172906926924,0.9982547051643537
MIF4GD,2.4664912348713774,0.13467865131903536,0.5469702241182877,0.24622665984448505,0.8055067791559656,0.9982547051643537
GRB2,6.671336776163052,0.019770229483116176,0.48375871405814663,0.040867955260729096,0.9674011640920629,0.9982547051643537
TSEN54,6.191684340312359,-0.30645369522669214,0.5649164321024361,-0.5424761572011114,0.587490528180078,0.9982547051643537
SAP30BP,3.9208200606488033,-0.1684903548524144,0.48768602204520506,-0.3454894076024933,0.7297264721263446,0.9982547051643537
GALK1,0.7730430257178035,-0.46957561844113455,0.8926584748078157,-0.5260417412630642,0.5988592054078459,0.9982547051643537
H3F3B,172.75932369500052,-0.05039315694364955,0.2565836129038671,-0.19640052758369297,0.8442966833496243,0.9982547051643537
UNK,1.4856247313505488,-0.8664588716654571,0.8802663049207353,-0.9843144816766314,0.32496091126500326,0.9982547051643537
UNC13D,1.4605380694268741,0.2665842794021991,0.676724022921815,0.39393352440954915,0.6936301185940622,0.9982547051643537
WBP2,3.2482897423692982,0.3700266538646336,0.5556866393502926,0.6658908594550119,0.5054808633779744,0.9982547051643537
GPS1,2.946240731219883,0.4035378575030225,0.611726616711777,0.6596702619744838,0.5094654543599018,0.9982547051643537
CCDC57,1.5871903954107955,0.41019872889499215,0.7227337444726302,0.5675654859512739,0.5703300484663814,0.9982547051643537
EXOC7,2.3547450620622294,-0.11544382987161961,0.7034470339942036,-0.16411161650099565,0.869643277155207,0.9982547051643537
PRPSAP1,2.6288751932563352,0.19525489762423065,0.6793256914759831,0.28742457421269735,0.7737872471581283,0.9982547051643537
RHBDF2,1.7683140417795546,0.2864824494073841,0.6619351908445722,0.4327953149640786,0.6651634772590567,0.9982547051643537
JMJD6,6.1154897355296995,-0.20349707648517956,0.44812161456375077,-0.45411127218954894,0.6497487404990618,0.9982547051643537
METTL23,4.951671051219504,0.23542158458914422,0.5217719738726334,0.4511963010236567,0.6518480753747743,0.9982547051643537
SRSF2,32.31866720636687,0.11215359391585833,0.49198991842958195,0.2279591302883796,0.8196780133209753,0.9982547051643537
MFSD11,2.3726542225280025,-0.7169386781131756,0.638337635440098,-1.1231339628265637,0.2613806037858686,0.9982547051643537
SEC14L1,1.3830987057695427,0.5914113789225078,0.7966514720374844,0.7423715384720715,0.457862258898576,0.9982547051643537
SEPT9,9.257892170159275,0.03219998981808304,0.38623871739161,0.08336810466734036,0.9335588489888387,0.9982547051643537
TNRC6C,1.7199000468977264,-0.410195072804318,0.6587526203832944,-0.6226845406180646,0.5334918436720325,0.9982547051643537
TMC6,6.70808316070273,0.28157373737260244,0.4825004029911206,0.5835720252813638,0.5595082858990295,0.9982547051643537
TMC8,4.414961081681891,0.4237085632416647,0.5625016096637673,0.753257512445048,0.4512951850152197,0.9982547051643537
SYNGR2,4.651693907522523,0.5267266108913368,0.6147984608215007,0.8567467950188403,0.39158483557162493,0.9982547051643537
SOCS3,3.638343289065233,0.6114319932926916,0.6870678171087528,0.8899150536051246,0.37351150017331025,0.9982547051643537
LPIN2,4.5806246314201715,-0.30189502045097083,0.5298021481964996,-0.569825965180874,0.5687957428239847,0.9982547051643537
MYL12A,77.71423020740906,-0.17487875833453592,0.3326920112643922,-0.5256476032289179,0.5991330754024174,0.9982547051643537
EIF4A3,5.734568252506489,-0.5940582191498329,0.5474100402154233,-1.0852161551805883,0.27782593065467476,0.9982547051643537
RNF213,13.140382793123917,-0.6155461238859239,0.4823933065329004,-1.276025424792958,0.2019465316444029,0.9982547051643537
C17orf89,4.158200664978552,0.1256799586657027,0.5307727565425379,0.2367867550029959,0.8128222273696136,0.9982547051643537
SLC38A10,1.6467589893660322,1.1408340612597692,0.7968157210949125,1.4317414065226244,0.1522178415919198,0.9982547051643537
ACTG1,150.41135346148027,-0.2194510990774574,0.31870647862616863,-0.6885680517805405,0.49109513175683206,0.9982547051643537
OXLD1,2.119597924957602,0.6432578720633163,0.733957759640674,0.8764235592770871,0.3807998153420409,0.9982547051643537
HGS,1.4002712406904936,0.801029299499935,0.6952649060736992,1.1521210009340304,0.24927135442506687,0.9982547051643537
FAM195B,4.92604649361317,0.08612813641232521,0.5469694877309181,0.15746424315115726,0.874878986137115,0.9982547051643537
P4HB,7.739724681305219,0.4882307425153734,0.5058100428980162,0.9652452523838336,0.33442198616304464,0.9982547051643537
ARHGDIA,10.791463310431578,0.21830723993615836,0.5573144015076248,0.39171289912050056,0.6952703580710066,0.9982547051643537
ANAPC11,7.684787264011703,-0.24430027907188148,0.5989721372952831,-0.40786584861032626,0.6833721666677415,0.9982547051643537
SIRT7,3.2015233817188693,1.0365814300376144,0.7042051393611808,1.4719878798072228,0.14102415054788014,0.9982547051643537
STRA13,4.543304453328232,-0.14025965062041068,0.4997448290191054,-0.28066253510958994,0.7789692467968621,0.9982547051643537
DCXR,5.931361320790558,0.4616466145136953,0.6121694187711169,0.7541157731145987,0.4507797069663402,0.9982547051643537
PTPN2,2.9455107361819475,-0.10274524994446763,0.5429512132047298,-0.189234773669666,0.8499088145568204,0.9982547051643537
LDLRAD4,8.455292531636566,0.2598549461734961,0.4579749988877843,0.5673998510935468,0.5704425510368918,0.9982547051643537
SLC16A3,1.4487448809868313,-0.6468880485666051,0.7971048122500382,-0.8115470370083369,0.41705159231857925,0.9982547051643537
CSNK1D,4.005838367372935,0.012811772136049083,0.4682287184419072,0.027362209175639512,0.978170839664076,0.9982547051643537
CD7,33.46874005767412,1.0029942409125507,0.5274852937729686,1.90146389435502,0.05724127737750401,0.9982547051643537
OGFOD3,1.3494624692519588,-0.2243832841468135,0.8944870742181358,-0.2508513433164422,0.8019290441377123,0.9982547051643537
HEXDC,1.8881996983574947,0.19859717451690315,0.7532052107917183,0.26366941129914817,0.792034667885578,0.9982547051643537
C17orf62,5.222768863040753,0.37823875136717505,0.5501031350444668,0.6875778872567243,0.49171863722496845,0.9982547051643537
NARF,4.004276031174701,0.5168678721884822,0.5812796159139657,0.8891897428327902,0.3739011144138126,0.9982547051643537
WDR45B,1.8926294426444275,0.46905286793329887,0.703539916398462,0.6667039879335611,0.5049612309819375,0.9982547051643537
TBCD,5.649770406867111,-0.22829356269828166,0.5331455388980292,-0.4282012059411524,0.6685046383893497,0.9982547051643537
USP14,2.8004376852252757,-0.6304541410843445,0.5971124279188976,-1.05583825022978,0.29104211957258863,0.9982547051643537
THOC1,1.5950051958563152,-0.47697695582558663,0.7161022537957075,-0.6660738090089303,0.5053639243272581,0.9982547051643537
ENOSF1,1.1805288992768013,-0.39241576088906976,0.7432796567326629,-0.5279517034194988,0.5975328575502976,0.9982547051643537
METTL4,1.6888940937976158,0.30421003640578986,0.7164049394135599,0.4246341973225539,0.6711033596677602,0.9982547051643537
SMCHD1,12.89726322576216,-0.11013619637310104,0.3977396992618469,-0.2769052135793824,0.781852889219445,0.9982547051643537
ELP2,1.6694020130750686,-0.3858771223293893,0.687939434917376,-0.5609172882722366,0.574853923852551,0.9982547051643537
TPGS2,2.767715003300548,0.104719416661951,0.5373203781491942,0.19489195072529755,0.8454775357598627,0.9982547051643537
MYL12B,48.23708401837114,-0.16924098943003774,0.26110432852551374,-0.6481738176680606,0.5168725341775846,0.9982547051643537
TGIF1,6.575237724386816,-0.5083823969638707,0.46608306084876555,-1.090754931187749,0.27538073253518736,0.9982547051643537
DLGAP1-AS1,1.9070317525588014,0.30956104640492416,0.6460441981467334,0.47916388273889393,0.631822046051038,0.9982547051643537
LINC00667,2.112594198838645,-1.5096446407513007,0.7771876310960013,-1.9424455309747761,0.052083187878908595,0.9982547051643537
ZBTB14,0.9546607790936826,0.04609573104781586,0.8304226998688669,0.05550875602882111,0.9557331544047509,0.9982547051643537
NDUFV2,8.451579895767155,0.21154586526791147,0.3978177847846683,0.5317657313446091,0.5948882599702057,0.9982547051643537
ANKRD12,14.547921973569467,-0.21432140934143876,0.41949689943292684,-0.5109010570308316,0.609420340983804,0.9982547051643537
RALBP1,1.8799676453351493,-0.24607389174818647,0.6660977212688954,-0.3694261125521093,0.7118101373851691,0.9982547051643537
VAPA,8.41346980989539,0.5948732970660372,0.374654546880725,1.5877914788938114,0.11233349895335043,0.9982547051643537
NAPG,1.4815707107497604,0.11957429419618007,0.6536338225335527,0.18293773986893405,0.8548468704119264,0.9982547051643537
MPPE1,2.175587577558881,0.5555194858104645,0.5708320058471532,0.9731750849990203,0.33046629144839534,0.9982547051643537
AFG3L2,1.2844778473202496,0.9490903853679672,0.7255762489485971,1.3080505139787242,0.19085617650354492,0.9982547051643537
PSMG2,6.615899628799097,0.18692948458696293,0.3941400076562704,0.47427178402549836,0.6353061096960032,0.9982547051643537
KIAA1468,1.3739520373562832,1.086480868600361,0.7921438950984002,1.3715700838234677,0.17019731218072487,0.9982547051643537
BCL2,1.6423990215353759,1.0024886295555204,0.6611310803462972,1.516323554219266,0.12943755855382405,0.9982547051643537
RNMT,5.3813144106635145,-0.5311865101383029,0.6063632751099061,-0.8760202537695294,0.3810190232408335,0.9982547051643537
ROCK1,8.491546273543552,-0.10951338130080226,0.3844356107643459,-0.2848679420802475,0.7757453173180027,0.9982547051643537
ESCO1,3.5948552866100383,0.2061377000851004,0.5010630222842808,0.4114007438532295,0.680778708564807,0.9982547051643537
SNRPD1,7.39917600224414,-0.058158119843897724,0.5038807559811919,-0.11542040285036917,0.9081119078985211,0.9982547051643537
ABHD3,2.984574331668235,0.004961320838352507,0.6094351531440224,0.00814085110246347,0.9935046123389274,0.9982547051643537
RIOK3,2.4046522925919738,0.1729745392665517,0.6220061288453405,0.27809137441724663,0.7809422169123524,0.9982547051643537
C18orf8,1.2941739315668614,0.5835496132605683,0.7053640966484104,0.8273026881200042,0.4080655205434123,0.9982547051643537
TTC39C,5.570440801714248,0.686646482277971,0.4847161410908319,1.4165950420646276,0.15660135891511462,0.9982547051643537
SS18,3.549404507242527,-0.048086452153110554,0.606872414675109,-0.07923650999832278,0.9368445050922827,0.9982547051643537
RNF125,6.348145416712983,-0.801511493711936,0.6727453587245623,-1.1914039737583586,0.233495033694047,0.9982547051643537
RNF138,3.213642784390081,-0.30899853342703326,0.6567371960840979,-0.4705056075238119,0.6379938288735748,0.9982547051643537
MAPRE2,5.840094677899574,0.9209171097993383,0.6624508899865768,1.3901666126797698,0.16447828934061515,0.9982547051643537
ZNF24,2.546478152883125,0.5445530643017202,0.5882130258888518,0.9257752554507666,0.3545627891324916,0.9982547051643537
SLC39A6,2.929607881976444,-0.9254230621069517,0.74201717115508,-1.2471720306234535,0.21233442604647512,0.9982547051643537
PSMF1,5.025446118995966,-0.36475673650669926,0.5593912575918861,-0.6520601306443978,0.5143623826242067,0.9982547051643537
FKBP1A,12.682346419364523,-0.21335638494001158,0.354215224045044,-0.6023354459572295,0.5469508708067614,0.9982547051643537
ATP5A1,9.132408863520935,-0.24327468974276992,0.3504147722416029,-0.6942478143445324,0.4875268117077086,0.9982547051643537
HAUS1,1.7895329044544426,-0.3950366638901438,0.675944297241222,-0.5844219198274683,0.558936482814709,0.9982547051643537
PIAS2,0.9569917348919625,-0.6670321471706911,0.9126927325606392,-0.7308397704660957,0.46487702822379695,0.9982547051643537
SMAD2,1.9088850649616682,0.821118559206699,0.6246561453197406,1.3145128969897444,0.1886736608507975,0.9982547051643537
C18orf32,1.930261367075896,0.8910573239172347,0.7474171859589329,1.1921820111401535,0.2331898853717126,0.9982547051643537
RPL17,13.983829815501634,-0.07485530919634908,0.37655710674904375,-0.19878873046004242,0.8424280118529697,0.9982547051643537
ACAA2,2.3835773024557367,-0.6824251923061306,0.6977709020148148,-0.9780075241538827,0.3280706027533896,0.9982547051643537
CXXC1,2.2635360285119517,-0.6945514375283054,0.6892874766608363,-1.0076368148932136,0.313628848421016,0.9982547051643537
TXNL1,5.944680578067913,0.20784057528937827,0.4484992506258188,0.4634134282261686,0.643068055286991,0.9982547051643537
NARS,1.7891166261180753,0.7380806120381131,0.6274404585538875,1.1763357016205602,0.23946075457551486,0.9982547051643537
MALT1,1.7484633456648133,-0.08140594663006835,0.7130278223611837,-0.11416938312518224,0.9091035219069465,0.9982547051643537
SEC11C,5.570580649210234,1.012962388827096,0.47036737716592275,2.1535557906469607,0.03127502442308181,0.9982547051643537
LMAN1,5.960627071882366,-0.05139365569544309,0.5669904547498531,-0.09064289401153522,0.9277763477058413,0.9982547051643537
PMAIP1,5.245044850509628,-0.17203593645278165,0.6039445749173474,-0.28485384851138956,0.7757561152471106,0.9982547051643537
CDS2,3.1906793351876814,-0.6109581910479592,0.5383047453402922,-1.1349671284464318,0.2563890915467828,0.9982547051643537
GPCPD1,3.762241583691356,0.34038870372437846,0.6039820582206307,0.5635741974309388,0.5730439511109111,0.9982547051643537
KDSR,2.8937636599144487,1.3611422623440215,0.6202189217674122,2.194615827690698,0.028191167210221302,0.9982547051643537
VPS4B,2.3753823794160995,-0.41273499445169676,0.6039075672751367,-0.6834406734030162,0.49432842618982287,0.9982547051643537
TMX3,2.378503772968455,1.2420420343257468,0.6764673052126445,1.8360710484526908,0.06634714948651776,0.9982547051643537
CD226,2.51944178596295,0.10713799812619587,0.7393085544330805,0.1449164864707292,0.8847768095224635,0.9982547051643537
CYB5A,2.412309253272714,0.30810478184267426,0.6796134156722698,0.4533530014823188,0.6502945732750582,0.9982547051643537
CNDP2,2.223155080287935,-0.2977979800385965,0.604158471230566,-0.49291368774823874,0.6220735753319561,0.9982547051643537
ZNF236,1.5052706728376173,-0.059101162712435144,0.7680148311888247,-0.07695315287199771,0.9386608129916797,0.9982547051643537
MBP,8.586818721151948,0.38653610993846305,0.4197159574964508,0.9209469000037522,0.357078150773269,0.9982547051643537
ATP9B,1.085550286834551,-0.3750925640859011,0.7982958256124637,-0.46986662343890473,0.6384503115224728,0.9982547051643537
NFATC1,1.1369473204839748,-0.3896527150219175,0.8546783878175508,-0.4559056606273951,0.648457818811854,0.9982547051643537
TXNL4A,2.45058193133244,-0.4020624031768935,0.6853303491955369,-0.5866694852327019,0.5574257056267462,0.9982547051643537
RBFA,1.1669432218432285,-1.3687016673481982,0.9445836781093855,-1.4489999129433386,0.14733760688966974,0.9982547051643537
RBCK1,7.344141413823572,0.2380502399533559,0.5064466137946052,0.4700401453368186,0.6383263359737041,0.9982547051643537
CSNK2A1,1.0553864554735874,0.8297938757215335,0.723348717342858,1.1471560753846226,0.25131712166141407,0.9982547051643537
CST3,5.408689505820419,-1.4195368658563372,1.3857848198756988,-1.024355906845383,0.3056672003914307,0.9982547051643537
CST7,55.44103944740667,-0.27043869610919863,0.4089659661663256,-0.6612743320533714,0.508436399305829,0.9982547051643537
NSFL1C,1.9351471325718794,1.0919134615984614,0.7246176277889848,1.5068822779404374,0.13184083478261638,0.9982547051643537
SIRPG,3.911518126155334,-0.03973691095328857,0.4945652482718727,-0.08034715559198445,0.9359611546761533,0.9982547051643537
SNRPB,10.88817833203893,0.01600303148795006,0.4286001975202167,0.037337900403546155,0.9702155863978142,0.9982547051643537
NOP56,4.059808873966242,-0.38394261075855196,0.5398228296528106,-0.7112381871761264,0.47693664844272177,0.9982547051643537
IDH3B,2.9358148411091136,0.34216170107154037,0.5187107936190768,0.6596386758876895,0.5094857286456352,0.9982547051643537
PTPRA,3.040179521965399,0.026167150032138535,0.58896527043116,0.044429020429307346,0.9645624295248674,0.9982547051643537
DDRGK1,3.447367438465296,0.3927613987872726,0.5607755526472801,0.7003896602359804,0.4836839917543375,0.9982547051643537
ITPA,2.980021548635919,0.7466648725579327,0.6403814602934429,1.1659689089309166,0.2436270161852354,0.9982547051643537
CDC25B,2.631751779066611,-0.2123993817786102,0.5950972838422359,-0.3569153944162827,0.7211551446247968,0.9982547051643537
MAVS,1.1205279958263652,0.42292917076650555,0.7390729607426915,0.5722427868846747,0.5671575041499315,0.9982547051643537
PANK2,1.817153461264925,0.6105890385043228,0.6546441023400869,0.9327037948126545,0.3509729250295064,0.9982547051643537
PRNP,5.1006075614441375,1.5218006640677253,0.515487188155492,2.9521600129636743,0.0031555936013891585,0.9982547051643537
TMEM230,9.270866454703407,-0.01741234791839341,0.47943641989008984,-0.03631836714112201,0.9710285047397503,0.9982547051643537
PCNA,2.900202767566676,-0.04664032074878982,0.6259867815583158,-0.07450687797701507,0.9406070685465331,0.9982547051643537
TRPC4AP,3.128450287761351,0.2307575672942018,0.6322922194129134,0.3649539883765475,0.7151457526935519,0.9982547051643537
EDEM2,1.326980006586748,0.4763093874386258,0.7504529784750137,0.6346958451767735,0.5256268039608203,0.9982547051643537
TMX4,8.270676052920809,0.05664099045416975,0.4263988240063772,0.13283570982203888,0.8943233122495565,0.9982547051643537
MKKS,2.6580434197160376,0.34275739229036156,0.6020467815812343,0.569320196995544,0.5691388628532014,0.9982547051643537
TASP1,1.3497178383901793,0.1543070034618367,0.7713212741736053,0.20005542259567705,0.8414372361598043,0.9982547051643537
ESF1,2.179977040762487,-0.5079486922576038,0.5943154989704494,-0.854678521993013,0.39272914403759007,0.9982547051643537
SNRPB2,6.267608162998763,-0.012976149041987486,0.5670452745938744,-0.022883797155846475,0.981742965008735,0.9982547051643537
DSTN,6.4987677596906135,0.007021244213354729,0.47515712118569153,0.014776678913775187,0.9882103450819817,0.9982547051643537
RRBP1,1.720791850553039,-0.23913277467148586,0.6853744423582112,-0.34890821701592284,0.7271582161062556,0.9982547051643537
SNX5,3.420937473959969,0.03470470545165926,0.5622620472816658,0.06172336478950338,0.9507831330307129,0.9982547051643537
LINC00493,7.036692897835559,-0.36156643243705355,0.48778858136751096,-0.7412359498523013,0.4585503894872054,0.9982547051643537
DTD1,1.858577571346886,0.6701837658884272,0.6564110822297103,1.0209817963644574,0.30726306331438,0.9982547051643537
NAA20,2.1362375548427024,0.17562300564943453,0.6122693002851628,0.28683947662840287,0.7742352344556812,0.9982547051643537
CRNKL1,1.2306993345828725,0.2683585126305343,0.7437974726827067,0.3607951391157955,0.7182525968275393,0.9982547051643537
XRN2,4.673724342215901,0.06007293372083984,0.4727849479001046,0.12706185759012942,0.8988914399504304,0.9982547051643537
NXT1,3.209818066615444,0.633158421650823,0.6790279569124724,0.9324482375214456,0.35110492560076345,0.9982547051643537
SAMHD1,4.4539164957685395,-0.2180416487415995,0.46701311868793416,-0.4668854899712111,0.6405818070938751,0.9982547051643537
RPN2,6.962615489287897,-0.17933405145872214,0.3986658457367539,-0.449835503533803,0.6528290557879894,0.9982547051643537
APMAP,5.7469351063786105,-0.30913317877188523,0.5207109499219087,-0.5936752027554753,0.5527293715464348,0.9982547051643537
ABHD12,1.3671442157952538,0.5382302730943439,0.743967311473045,0.7234595724759135,0.4693975829876973,0.9982547051643537
HM13,5.959808170278763,0.1601283023893477,0.43488626861165147,0.3682073083166037,0.7127186613202301,0.9982547051643537
ID1,1.5765007132695277,-0.1819893945746655,0.7655703201667353,-0.23771741116482886,0.8121002785672274,0.9982547051643537
ASXL1,1.4066124549178856,0.07646703067695285,0.686195915334687,0.1114361496011771,0.9112704953283479,0.9982547051643537
COMMD7,5.679346112885726,0.23937541259907186,0.5237950825849502,0.45700202342057966,0.6476695911326137,0.9982547051643537
MAPRE1,5.0666584069147635,0.24898265833456548,0.5248373958129477,0.4743996146633252,0.6352149677885167,0.9982547051643537
CDK5RAP1,1.5168890329900218,-0.3800225982688455,0.732850345058153,-0.5185541643412749,0.6040716794626163,0.9982547051643537
RALY,10.284098819126188,-0.04194256323414685,0.47925272921884005,-0.0875165871303671,0.9302609013938209,0.9982547051643537
EIF2S2,4.2960565248007425,-0.3921342560596151,0.6109469885509174,-0.6418466142041289,0.5209727800124219,0.9982547051643537
ITCH,2.6301208922905803,0.22781072065990168,0.695848901557823,0.32738532769095896,0.7433764623826011,0.9982547051643537
DYNLRB1,11.310484767070234,-0.44597538016861776,0.3843669216873964,-1.1602855370872085,0.24593257099269805,0.9982547051643537
MAP1LC3A,1.3973049798816766,-0.260945658503573,0.8002132719313992,-0.3260951394542021,0.7443523743665454,0.9982547051643537
GSS,0.925331930158552,-0.7840906570999038,0.7934881981981355,-0.9881566718703922,0.32307592432771626,0.9982547051643537
DNTTIP1,1.1578237638945843,0.6763019151107614,0.8813627927777204,0.7673365844946948,0.4428814221245544,0.9982547051643537
ACOT8,1.2785324570348193,0.45434080986415576,0.6738901242391562,0.6742060664223583,0.5001803133624529,0.9982547051643537
EIF6,4.9024302771051875,-0.35542519046798665,0.48081825564559205,-0.7392090177415563,0.45978008585276076,0.9982547051643537
CEP250,1.1348471482002238,-0.39955916947518433,0.7238267754088406,-0.5520093799369338,0.5809419267893707,0.9982547051643537
RP3-477O4.14,1.456154963316753,-0.543667231662762,0.7323413215408605,-0.7423686410578001,0.4578640139017772,0.9982547051643537
ERGIC3,4.7938889997299095,0.028177800243904642,0.5583345369067219,0.050467593138721,0.9597497734118631,0.9982547051643537
CPNE1,3.7162179222437466,-0.4380910233850082,0.5543809701408996,-0.7902345985535263,0.4293907736951228,0.9982547051643537
RBM12,2.0259987454804396,-0.7550198296065809,0.8928623714011183,-0.8456172572507126,0.39776629525851004,0.9982547051643537
ROMO1,7.760182167333871,-0.10147399567477287,0.5142819058924389,-0.19731200828208015,0.8435833828161329,0.9982547051643537
RBM39,22.29824191279742,0.0971488459741222,0.3300849983818753,0.2943146354737718,0.768517490168594,0.9982547051643537
PHF20,4.146200233004577,0.2400266234744516,0.4671995844765779,0.5137560722434351,0.6074225435526023,0.9982547051643537
SCAND1,6.542738660686119,0.231771812137825,0.540494292878574,0.4288145410443663,0.6680581959024243,0.9982547051643537
LINC00657,2.480553564719997,0.19810688005126553,0.650928785615056,0.304344936695458,0.7608651132784494,0.9982547051643537
TGIF2,1.066141267703088,-0.9214862679567011,0.8265238055022016,-1.1148938019961805,0.26489593302690073,0.9982547051643537
C20orf24,5.572865528304784,0.7142674690967862,0.5173998299966287,1.3804942090944254,0.16743453142665998,0.9982547051643537
SLA2,7.006283595162877,-0.7685292204075429,0.41668396583680073,-1.844393553431203,0.065125806132785,0.9982547051643537
ADNP,1.5402681421966693,-0.5170449718467471,0.6726310053097933,-0.7686903633123662,0.44207714704181966,0.9982547051643537
DPM1,2.229356553149628,-0.213283246674143,0.6928862046757427,-0.30781857862786494,0.7582203838560062,0.9982547051643537
BLCAP,1.877728805390881,0.5027143334261609,0.6583037391474992,0.7636510375547525,0.4450752259936078,0.9982547051643537
RPRD1B,1.224642349671747,-0.5541745999840405,0.7782436078931159,-0.7120837156431242,0.4764129375427921,0.9982547051643537
PPP1R16B,2.229080433892362,-0.24716674888437612,0.6244278738601209,-0.3958291409325272,0.6922310775756033,0.9982547051643537
TOP1,4.322861876413453,-0.16171795206559,0.5929371815105188,-0.2727404472318812,0.7850527405840646,0.9982547051643537
PLCG1,1.6144870454701967,0.8356142278608798,0.7782694695153444,1.073682394841013,0.2829650545202802,0.9982547051643537
CHD6,1.8309471460608537,-0.4755641537220279,0.6347828136318668,-0.7491761646808298,0.4537510333217546,0.9982547051643537
SRSF6,2.5576119248838873,0.09148053827792593,0.6017120463795902,0.15203374908039552,0.8791603171305239,0.9982547051643537
IFT52,1.402637527366476,0.37050860248503587,0.7750830838440834,0.4780243695262582,0.6326328602126086,0.9982547051643537
OSER1,3.685343170755527,-0.3933754796211171,0.5687104202045764,-0.691697330742792,0.4891274236215032,0.9982547051643537
SERINC3,4.817564689035396,-0.17074588503304752,0.5043290756017581,-0.3385604623911798,0.7349408717051095,0.9982547051643537
ADA,2.563112081064677,0.2871096655382941,0.6507099910202303,0.4412252301338461,0.6590499495577036,0.9982547051643537
YWHAB,23.933021145452308,-0.034445318752931636,0.3763979854967791,-0.09151302631832602,0.9270849561629767,0.9982547051643537
STK4,25.85724374927503,-0.4423253588732416,0.33644391878028335,-1.3147075461396724,0.18860820948643287,0.9982547051643537
PIGT,2.7157611489511626,-0.04625430488780024,0.5866937594957038,-0.07883892429256179,0.9371607432784259,0.9982547051643537
MTG2,0.9139809538252374,0.4642003695047022,0.8904134399058282,0.521331270060116,0.6021360211626239,0.9982547051643537
OSBPL2,1.191305168929198,-0.22035840551243752,0.9014203273421301,-0.24445688523817974,0.8068769897268934,0.9982547051643537
CTSA,6.734383918391322,1.0788852963924114,0.551083871669833,1.9577515363011682,0.05025917469826006,0.9982547051643537
ZNF335,1.4486326694046696,0.2150752851721693,0.6940959851874176,0.3098638945650945,0.7566644602859327,0.9982547051643537
SLC35C2,1.9418487748942395,0.7875146823129263,0.735057859032684,1.071364209817815,0.28400569890910043,0.9982547051643537
TP53RK,1.9376132013890224,0.15605906875295544,0.6579299460637174,0.2371970901866228,0.812503893606535,0.9982547051643537
NCOA3,2.7816439596792533,-0.5336102893176533,0.5913420308084373,-0.9023716588995753,0.3668594710155322,0.9982547051643537
PREX1,2.1634010501653376,-0.6569072440524605,0.6179885139527898,-1.0629764618936652,0.28779262583292675,0.9982547051643537
STAU1,4.491096804360929,0.36031117149004477,0.4847943806441265,0.7432247275872176,0.45734563490261215,0.9982547051643537
DDX27,3.087403311524689,-0.9101788563745047,0.6667747635441497,-1.3650469485926162,0.17223829449809214,0.9982547051643537
ZNFX1,2.122857970261942,-0.5709117939814705,0.6666636452613455,-0.8563715721406432,0.39179228384415554,0.9982547051643537
ZFAS1,21.597392429602017,-0.15635818277148272,0.4229048877844389,-0.3697242270966158,0.7115879783430599,0.9982547051643537
RNF114,4.3614243842272185,0.07452524880727027,0.5867723065897165,0.12700880387557195,0.8989334304982968,0.9982547051643537
CEBPB,2.2359019503138557,-0.4438510132148315,0.6847829124683175,-0.6481630968491302,0.5168794674715387,0.9982547051643537
PTPN1,4.061417001339239,-0.3222406916696054,0.554071122896404,-0.5815872337563701,0.5608447440049453,0.9982547051643537
BCAS4,2.7074068668269318,0.38700429747608983,0.5574525853362032,0.6942371560492182,0.4875334946665175,0.9982547051643537
GZMM,18.03599519133754,0.11482857987692269,0.5336239593444171,0.2151863271244327,0.8296220506087658,0.9982547051643537
BSG,10.639884372611007,0.18275337577273784,0.5064299182401889,0.3608660728572157,0.7181995669487231,0.9982547051643537
NFATC2,6.758444644947306,-0.2109940605087536,0.5397434510603264,-0.3909154619555932,0.6958597245952973,0.9982547051643537
PFDN4,3.323688847881306,0.10768726976028709,0.5831426980852168,0.18466709797427722,0.8534901542886342,0.9982547051643537
RTFDC1,4.484922718539038,-0.45657437132525125,0.6158734485566305,-0.7413444635343271,0.458484608599975,0.9982547051643537
RAE1,2.095839158822964,-0.3477913202956634,0.6667842639145987,-0.5215949732434122,0.6019523639736319,0.9982547051643537
RBM38,2.3160791334077673,-0.5560924355772809,0.6691256983529698,-0.8310732003659158,0.40593227829376055,0.9982547051643537
ZBP1,2.5447221094363424,0.837406928231798,0.5497187997540065,1.5233368926195154,0.12767444166985917,0.9982547051643537
PMEPA1,0.9709600069681106,-0.25174197050210717,0.8213240078661589,-0.30650750263120335,0.7592182682842854,0.9982547051643537
RAB22A,1.8425663609081668,0.019257983820452768,0.724582236600136,0.02657805125173166,0.978796279638663,0.9982547051643537
VAPB,1.7232376264394778,0.6860347678424602,0.6908001990088767,0.9931015781795465,0.32066045498027296,0.9982547051643537
GNAS,13.855061415580392,0.059556156379604215,0.6568595051668134,0.09066802856796535,0.9277563754702133,0.9982547051643537
NELFCD,2.5879990251243994,-0.25102379663998936,0.6177033063433834,-0.4063824720738087,0.6844615964923939,0.9982547051643537
ATP5E,79.46821494074314,-0.5582091525491331,0.26813970811179716,-2.081784740051986,0.03736213623039765,0.9982547051643537
PRELID3B,3.7418597228982704,-0.00957633852857867,0.5595679055920002,-0.017113809482063296,0.9863458221525603,0.9982547051643537
PSMA7,25.447037878013052,-0.23986273140315095,0.30112281974796423,-0.7965611228133187,0.4257059637757934,0.9982547051643537
DAZAP1,1.7748029459034558,-0.6508475710998634,0.6854307171612007,-0.9495453804513344,0.3423433029265811,0.9982547051643537
RPS15,203.42570710649989,0.1893989701593672,0.4176556358454339,0.4534811790004434,0.650202292919954,0.9982547051643537
ADRM1,6.595143463900665,0.32947860546811014,0.49062766148363784,0.6715451070813668,0.501873334215958,0.9982547051643537
RPS21,106.5576261872618,-0.43280172561453095,0.32497338506974627,-1.3318066817122345,0.18292372176576288,0.9982547051643537
OGFR,2.7375480555828133,0.1155853587115,0.5982604440155787,0.19320240852910237,0.8468004525407701,0.9982547051643537
DIDO1,1.836622132708296,0.7785250065600918,0.6358231537214658,1.2244363892749008,0.2207876489364825,0.9982547051643537
GID8,2.956254163488657,-0.19976764488676632,0.6048008417787324,-0.33030318592025326,0.7411708858905144,0.9982547051643537
PPDPF,44.79311200147564,0.1311733590766949,0.563728674704294,0.23268881815441153,0.8160030527330683,0.9982547051643537
STMN3,1.6170592089566866,0.49418433963616115,0.7628160300360577,0.6478421010801274,0.5170870819525188,0.9982547051643537
ARFRP1,2.6716219793317655,0.4833089231853798,0.671274906587229,0.7199865784385255,0.4715332592876651,0.9982547051643537
SLC2A4RG,1.6418723103183908,0.4191188056815348,0.6976239572647202,0.600780408007829,0.5479862550045131,0.9982547051643537
TPD52L2,2.539740653338087,0.39203521512172135,0.6551452386933467,0.5983943589418665,0.5495768288620064,0.9982547051643537
UCKL1,1.851447826615571,-0.75418776052825,0.7932689889979532,-0.9507339515199376,0.3417394485737896,0.9982547051643537
PRPF6,3.048946351599213,0.012084380872864555,0.6138761523121139,0.019685372737399443,0.9842943593847373,0.9982547051643537
RGS19,4.205159314049966,0.2732437545333496,0.6057810863557019,0.4510602273457356,0.6519461419689043,0.9982547051643537
TPGS1,2.3796935929829783,0.17993970425761938,0.8529624037336963,0.21095854104467474,0.8329196227270719,0.9982547051643537
AES,9.294955764216057,0.34848302423496175,0.48085041697124387,0.7247223085090971,0.46862240639003105,0.9982547051643537
S1PR4,2.1977518852655,-0.16493327831126092,0.7185716618245104,-0.22952933865006903,0.8184575202756659,0.9982547051643537
PTBP1,6.398547083918324,-0.4160198741031088,0.4780047999837034,-0.8703257250079751,0.3841224243409155,0.9982547051643537
R3HDM4,3.384676616984728,0.11796485912559902,0.5269707499258524,0.22385466203237528,0.8228703949078237,0.9982547051643537
WDR18,1.5103450865655408,0.2712089406693677,0.8273484289691425,0.32780498659710744,0.7430591167192656,0.9982547051643537
TMEM259,2.6002206159327805,-0.04540486448499049,0.6563806696212531,-0.06917459118835743,0.9448506479429054,0.9982547051643537
CNN2,14.44577109478917,0.5168721618061285,0.5045969397412996,1.024326786585591,0.30568094992903516,0.9982547051643537
HMHA1,5.116973579879329,0.4764185979840694,0.4891312104736265,0.9740098112380776,0.33005166776079087,0.9982547051643537
POLR2E,6.499668256820638,0.13963323791940013,0.608021448200461,0.22965182944231255,0.8183623289719195,0.9982547051643537
GPX4,14.239320253185053,0.06478679369206439,0.4975550987813844,0.1302102899774129,0.8964000536678163,0.9982547051643537
ATP5D,17.828224974956417,0.011247272064296982,0.4601536085652741,0.02444242934302997,0.9804997047025602,0.9982547051643537
MIDN,3.5401499144523285,-0.19729348924305362,0.5725709506332105,-0.3445747448850929,0.7304140949266973,0.9982547051643537
CIRBP,24.853493155544946,0.18061513000567989,0.3581658520243177,0.5042779175760648,0.6140660929301545,0.9982547051643537
C19orf24,3.735082757911471,-0.11486573734835864,0.63621535795295,-0.18054537023114947,0.8567244392623901,0.9982547051643537
MUM1,1.188041077499729,0.04350610147263924,0.7312153149156015,0.05949834554225769,0.9525551832105595,0.9982547051643537
NDUFS7,8.045448622495037,0.11287382098292302,0.5361216443115012,0.21053770572512137,0.8332480261651658,0.9982547051643537
NDUFA11,4.959510416072348,-0.5721942109014004,0.8051112716644218,-0.7107020247257159,0.4772689047197598,0.9982547051643537
RANBP3,1.817984115531941,-0.12456049417530872,0.7114591349780666,-0.1750775105012163,0.8610187293448771,0.9982547051643537
C19orf25,2.963702432723204,0.6185817327204127,0.5871778112567391,1.0534828136581997,0.2921197669873684,0.9982547051643537
UQCR11,15.013643014198085,-0.1647735889944243,0.4797373941811311,-0.3434662192128635,0.7312477500073027,0.9982547051643537
ABHD17A,4.350751726884784,-0.14875445606450874,0.6276896395698717,-0.236987273147353,0.8126666636134218,0.9982547051643537
SCAMP4,1.6497419643735804,-0.05676466682360909,0.684868605185258,-0.0828840253354206,0.9339437562666884,0.9982547051643537
CSNK1G2,2.929878330272046,0.5276512632500786,0.7232333042707559,0.7295726844079936,0.46565142405259474,0.9982547051643537
MOB3A,1.6898027580639654,0.3061892925340833,0.6633187141327748,0.4616020715387116,0.6443667087709766,0.9982547051643537
AP3D1,1.364527124470961,-0.19580600096486236,0.7590625479571163,-0.25795766303032586,0.7964395816541257,0.9982547051643537
PLEKHJ1,3.079871717410638,0.7059941997959419,0.6603664650477316,1.0690945666735399,0.28502705967335296,0.9982547051643537
SF3A2,3.6936941868496542,0.6659308379242925,0.7472719188045162,0.8911492873834294,0.3728490863343705,0.9982547051643537
OAZ1,68.31916067891488,-0.19481112942650558,0.36203580499217447,-0.5380990684905226,0.5905086555269659,0.9982547051643537
LSM7,11.181707721656233,0.03737701506043545,0.5105222380934484,0.0732132946843224,0.9416363871524565,0.9982547051643537
TIMM13,2.1980682423866713,0.42632640127694105,0.6847216994634325,0.6226272682916615,0.5335294877634265,0.9982547051643537
GADD45B,23.0152693807421,1.8967807589466827,0.5817613884996671,3.260410189542457,0.0011125119363721574,0.9982547051643537
SGTA,1.2314204417360277,1.0906406632570256,0.755891744285365,1.442852989865816,0.1490618882433168,0.9982547051643537
CERS4,1.1716200210809251,0.4696373358599661,0.9229681332331351,0.5088337494544236,0.6108687608344703,0.9982547051643537
CD320,2.893547702409601,0.5659360511549497,0.5990161244905551,0.9447759885199435,0.3447732529430829,0.9982547051643537
HMG20B,1.8448522926023578,0.3225278917973716,0.6428978138151675,0.501678314759518,0.6158938208376142,0.9982547051643537
MRPL54,6.509673319500786,0.352328749737644,0.4071112466645883,0.8654360512617363,0.3867995009086975,0.9982547051643537
MATK,7.555109669551006,0.6012034321922946,0.5337380943069443,1.1264015789859512,0.25999557875559864,0.9982547051643537
EEF2,28.173949938372395,0.3790990332805978,0.34727484973691736,1.0916397590202378,0.27499147315165673,0.9982547051643537
ZBTB7A,1.8371048487302615,0.32180684942413057,0.776704828255174,0.4143232251395328,0.6786374069956211,0.9982547051643537
MAP2K2,2.712326010200767,1.0288230981007662,0.8400500329108612,1.2247164547280436,0.22068207217562663,0.9982547051643537
CCDC94,0.8782977377033819,1.1333810883347533,0.780007360890207,1.453038964967264,0.14621293570845464,0.9982547051643537
MYDGF,4.8179313695500445,0.45425818735546375,0.5371314118595162,0.8457114540794581,0.3977137318058487,0.9982547051643537
SAFB2,2.777984681573989,0.36574851992957186,0.5886111503030695,0.6213754526078071,0.5343526193583952,0.9982547051643537
SAFB,2.6040566948189734,-0.27154495761871245,0.618922112161681,-0.43873849759592487,0.6608510287459795,0.9982547051643537
RPL36,120.60301283973949,-0.03351061105888497,0.32451373293598335,-0.1032640768564811,0.917753385674698,0.9982547051643537
C19orf70,5.9637628196520795,-0.15589464489204305,0.51746398151199,-0.3012666590562127,0.7632111627688287,0.9982547051643537
DUS3L,1.131353349992585,0.7626759114691252,0.8662231955449864,0.8804611968273209,0.37860951704639645,0.9982547051643537
KEAP1,1.1587103442968594,-0.36168607808267333,0.8080646814296266,-0.44759545416931096,0.6544451844802682,0.9982547051643537
CDKN2D,1.5453941724615503,0.8784743195731521,0.6920790842688845,1.2693264968427365,0.20432463975872728,0.9982547051643537
CLPP,3.744732865305855,0.3057542510181741,0.6803227828843885,0.4494252709307441,0.6531249047979119,0.9982547051643537
ALKBH7,4.597568615340984,-0.2858334082675117,0.5928402336349918,-0.48214239191380126,0.6297047971826291,0.9982547051643537
GTF2F1,1.9590230170202376,0.384706792442778,0.6373614422801868,0.6035928233538471,0.5461143853528145,0.9982547051643537
DENND1C,2.384061297765972,0.39327388960682946,0.5936324962927223,0.6624871314539774,0.5076590793244442,0.9982547051643537
TNFSF9,2.9069764525526196,1.7645859683985534,0.9144228355724335,1.9297264894898576,0.053640735978446756,0.9982547051643537
CD70,1.9517022096974412,0.3031887750057967,0.8255674910462765,0.367248926700775,0.7134333468840499,0.9982547051643537
TNFSF14,3.138814299335085,0.33801493836811664,0.656108314810436,0.5151816106244234,0.606426118104349,0.9982547051643537
GPR108,3.869981422031169,-0.3172835598747604,0.6466614417616109,-0.4906486445371297,0.6236749748794802,0.9982547051643537
VAV1,2.062876530677013,-0.7226697903979903,0.7213690337127806,-1.0018031778804184,0.3164386621019901,0.9982547051643537
XAB2,1.7356607725448705,0.11990724623385018,0.799239987822427,0.15002658533207783,0.8807436405733189,0.9982547051643537
PET100,6.506868189705448,-0.2330633096626114,0.46309357839520093,-0.5032747602984828,0.6147711092131968,0.9982547051643537
STXBP2,2.0647374264156726,-0.3644017332382875,0.7104308853820313,-0.5129305900634261,0.6079998744694495,0.9982547051643537
MAP2K7,1.7888843441678053,0.8404553549090394,0.7175430114289599,1.1712961335032783,0.24147976505637292,0.9982547051643537
ELAVL1,4.397586353719521,-0.1417873964733035,0.662663177859351,-0.21396601050224281,0.830573563040915,0.9982547051643537
C19orf43,16.470858236352893,0.5162448113693717,0.5480584885956392,0.9419520399952426,0.34621719493917547,0.9982547051643537
ASNA1,2.9180269379653194,-0.5176635499692959,0.5656414417041123,-0.9151796735573811,0.36009731368081777,0.9982547051643537
RPS28,200.11795544988527,-0.1481507421856806,0.41553076849362525,-0.3565337477240351,0.721440883315267,0.9982547051643537
RAB11B,6.271229565961294,0.1651383832270134,0.6662281321761427,0.24787062456761103,0.8042345089553055,0.9982547051643537
HNRNPM,8.628979265615214,0.7105801824572975,0.5109746206889735,1.3906369390698614,0.1643355490245988,0.9982547051643537
MYO1F,6.035588161859465,0.18120447663546418,0.5390326643588772,0.3361660407927002,0.7367456597384301,0.9982547051643537
ZNF266,1.8931854445734049,0.8419253090354816,0.6914436067922376,1.2176340930265628,0.2233630526468069,0.9982547051643537
ZNF426,1.5722000718878417,-1.3635830962662023,0.8204324242519555,-1.6620297491404907,0.09650680976194989,0.9982547051643537
UBL5,26.979763923545043,-0.1582198159285631,0.30654691171890697,-0.5161357360978579,0.6057596102845912,0.9982547051643537
PIN1,4.907861154085739,1.1015223774212524,0.5708209032699666,1.92971625795612,0.05364200439695003,0.9982547051643537
C19orf66,7.295947854945146,1.190190295355947,0.4573605280430042,2.6023021716557864,0.009260022249115178,0.9982547051643537
EIF3G,13.803818751259314,0.09999715198245399,0.4676878490311173,0.21381173829855207,0.8306938707880862,0.9982547051643537
DNMT1,4.1247245218321025,0.5668250562662566,0.5532977956233072,1.0244484267784053,0.3056235185336945,0.9982547051643537
MRPL4,4.727020086336735,0.06742584590020047,0.6205669995353382,0.10865200042974715,0.9134785144792508,0.9982547051643537
ICAM3,9.305506665294004,0.7524923425970127,0.44610036688823057,1.6868229628368538,0.09163739865898488,0.9982547051643537
CDC37,9.574598460194855,0.5524031182536138,0.49551467486349116,1.1148067782367792,0.26493323119603907,0.9982547051643537
PKN1,3.0925499331401505,-0.32191608418883316,0.581786301309679,-0.5533235888575527,0.5800418512808201,0.9982547051643537
DNAJB1,71.43043628725023,0.7081943773597097,0.4808523290505192,1.472789741412078,0.14080773934730625,0.9982547051643537
SLC44A2,1.7122548810967824,0.5134776231392997,0.7220740464724716,0.7111149135573807,0.4770130290652014,0.9982547051643537
ILF3-AS1,3.3393649545304496,0.6845607300408586,0.5700126391831795,1.2009571068842,0.2297678402601392,0.9982547051643537
ILF3,3.9931450330991223,0.3333701993163263,0.49032096728357716,0.6799019857609345,0.49656652420115366,0.9982547051643537
QTRT1,1.4118009540927352,0.04413008379970759,0.8167180107036427,0.054033440209904714,0.956908521713263,0.9982547051643537
DNM2,2.5185950550890928,-0.4801052391557122,0.6981652874663116,-0.6876670149242827,0.4916624962387237,0.9982547051643537
SMARCA4,1.460873678321527,-0.6593713205215872,0.729310008570152,-0.9041029367118063,0.3659408213371981,0.9982547051643537
TMEM205,2.0632055460552765,-0.44670218972785697,0.7084451246407882,-0.6305388719477093,0.5283420785187963,0.9982547051643537
PRKCSH,1.860362977843458,-0.24196409920877796,0.809459470082613,-0.29892058608454264,0.7650006394173683,0.9982547051643537
ELOF1,3.117158702492706,0.22547642048607763,0.5167805613188594,0.43630979445249707,0.662611976548946,0.9982547051643537
ACP5,3.3222516508005726,0.3509989264809346,0.5836176745732654,0.6014192882996237,0.5475607548875867,0.9982547051643537
ZNF791,3.7155634561071835,-0.4329268585297344,0.643636133042624,-0.6726267160968484,0.501184800749394,0.9982547051643537
WDR83,1.540374040985757,-0.16590473250658866,0.8434372046620022,-0.19670075210053495,0.8440617215018754,0.9982547051643537
WDR83OS,14.40329991994471,-0.10314830433738681,0.3501724882176965,-0.2945642727742255,0.7683267579561566,0.9982547051643537
DHPS,4.03917037633329,0.00442859908091994,0.6025161985562563,0.007350174304909491,0.994135462208287,0.9982547051643537
MRPL34,4.317782309010274,0.3749619270161662,0.6207822779695816,0.6040151923192295,0.5458335416602693,0.9982547051643537
DDA1,1.6093695486603692,1.4663238857018648,0.6967139124481563,2.1046283984044547,0.03532366762421286,0.9982547051643537
JUNB,82.66078140794002,0.004745081351323515,0.5356415158647062,0.008858688527276217,0.9929318816419487,0.9982547051643537
PRDX2,9.58244871660263,-0.6874774825601495,0.4544140590320113,-1.5128877923024824,0.13030816331764436,0.9982547051643537
DNASE2,1.3076619237506413,1.624330146373976,0.7005425532270826,2.318674488639444,0.020412692809271837,0.9982547051643537
CALR,22.01814994050261,0.22065000428596082,0.382776291068498,0.5764463720311126,0.5643135082409604,0.9982547051643537
RAD23A,8.6713306608247,0.011202171813144335,0.529717162454649,0.021147458695192634,0.9831280267828716,0.9982547051643537
GADD45GIP1,6.489838892582532,0.2973739079976137,0.5119675987820496,0.5808451720481028,0.5613448074094511,0.9982547051643537
STX10,2.8666810891784196,-1.03058343237218,0.708878267549649,-1.4538228628937326,0.14599542310819086,0.9982547051643537
IER2,24.975721007816528,0.5544265016042128,0.5082394270121245,1.0908766068457465,0.27532718187688554,0.9982547051643537
CCDC130,2.156847741791186,0.5256808868647987,0.6422775509787999,0.8184637405802001,0.41309243826404707,0.9982547051643537
C19orf53,12.631779849641658,-0.2867008874518477,0.3290675594604434,-0.8712523590047515,0.3836163768487155,0.9982547051643537
CTD-3252C9.4,7.940436745881834,-0.3247737652991768,0.4768881321323761,-0.6810271495895082,0.4958543115497407,0.9982547051643537
IL27RA,4.1434218742239635,0.8979000813535841,0.6339364494481216,1.4163881602568495,0.15666188848925394,0.9982547051643537
ADGRE5,10.689065478694232,-0.5837137143835505,0.4062832146861562,-1.4367162936683342,0.15079862329312987,0.9982547051643537
DDX39A,4.211020321801565,-0.23129517356046697,0.5576703706848025,-0.41475248770423895,0.678323104276713,0.9982547051643537
UBA52,84.6790020444378,-0.04498383208352825,0.4001279522250432,-0.1124236180786192,0.9104875295161342,0.9982547051643537
C19orf60,9.10035743043451,0.48149750908732697,0.5314209456828846,0.9060567013755824,0.36490584145674654,0.9982547051643537
TECR,10.218791626699788,-0.35792510894649443,0.37423599943106695,-0.9564154958118162,0.33886235897644146,0.9982547051643537
NDUFB7,8.296699085967251,-0.13802935861284524,0.5285734193336298,-0.2611356408857226,0.7939879074921424,0.9982547051643537
BRD4,2.4036648568363748,-0.42760391424696276,0.6284252481243098,-0.6804371968237307,0.4962276752340019,0.9982547051643537
AKAP8,2.222387973749591,0.2718072044941005,0.685775973585414,0.39634985033526654,0.691846956689179,0.9982547051643537
AKAP8L,1.653693495325075,-0.1459208259222237,0.8087363302203907,-0.1804306551709609,0.8568144898864423,0.9982547051643537
RASAL3,5.225814707550039,0.32625591587536074,0.570491840815647,0.571885332152874,0.5673996617440225,0.9982547051643537
TPM4,7.504067965433817,0.43574641397806463,0.40930033452797043,1.0646128947844458,0.28705114212575333,0.9982547051643537
RAB8A,2.8755616922160625,0.5174096984058385,0.5298867441949126,0.9764533724880567,0.328839843581893,0.9982547051643537
HSH2D,1.7544767568780366,-0.37245761972125796,0.6671280899861647,-0.5583000106156258,0.5766395376964619,0.9982547051643537
FAM32A,3.1159002690123496,0.007905925249354621,0.5291902778233828,0.014939664579388254,0.9880803156896798,0.9982547051643537
AP1M1,1.879757097779532,-1.2095128764910597,0.7607535085936205,-1.589888002918377,0.11186005237122953,0.9982547051643537
KLF2,3.657878578110608,0.9534196701040276,0.7645233171362663,1.2470772947453386,0.2123691573526214,0.9982547051643537
USE1,1.686529023091761,-0.05984797917191677,0.716700325987235,-0.08350488621513855,0.9334500923261962,0.9982547051643537
BABAM1,2.355006134416049,-0.11994127075507185,0.7534514064973341,-0.1591891258291735,0.8735198709471421,0.9982547051643537
ZNF493,2.1271716048173204,0.34054163669385895,0.6627457421228585,0.5138345145802989,0.6073676947893846,0.9982547051643537
ZNF675,1.2551355117608107,0.8892945918197432,0.7310143361364617,1.216521411221318,0.2237863597661085,0.9982547051643537
BST2,12.436090522019978,0.20434116302018643,0.38639529444274884,0.5288396778094385,0.5969166705291817,0.9982547051643537
BISPR,1.4732908726432594,0.15989558716257182,0.7137308633696972,0.22402784490454264,0.8227356367289747,0.9982547051643537
MVB12A,1.2805661587217847,0.3149417731178848,0.7466456622256459,0.4218088834522759,0.6731645210488265,0.9982547051643537
PGLS,7.418424138744873,-0.7497386177336743,0.5782638458076699,-1.2965337936465717,0.194791645213803,0.9982547051643537
JAK3,2.3541725188561347,-0.11267508198653953,0.5730902157160249,-0.19660967662091752,0.8441329975699121,0.9982547051643537
RPL18A,206.49055517709022,0.24160139014785068,0.32365430993434013,0.7464797555047681,0.45537765640533034,0.9982547051643537
CCDC124,2.925074678590026,0.8527296119652074,0.6209914528099048,1.373174474635227,0.1696981129317071,0.9982547051643537
IL12RB1,2.5090177863347933,0.18320595483369764,0.5718586790961262,0.3203692827103211,0.7486884082593379,0.9982547051643537
LSM4,4.716991124314267,0.49111193796702085,0.5213326336037055,0.9420318359359466,0.34617634085171545,0.9982547051643537
PGPEP1,0.798215014477122,0.3934173473707446,0.8203434559951019,0.47957638291088356,0.6315286429595297,0.9982547051643537
SSBP4,2.53220547781618,0.226201028193823,0.6688332440952776,0.3382024296651139,0.7352106450213634,0.9982547051643537
ELL,1.5128229234094221,0.2380709714798563,0.7697083466076303,0.3093002336912638,0.7570931532200226,0.9982547051643537
FKBP8,7.585138309033897,-0.31871260922703887,0.5687770626020835,-0.5603471556482408,0.5752426687746797,0.9982547051643537
KXD1,3.671116019702083,0.29648010955763215,0.6168775458432884,0.4806142022114548,0.6307907197019347,0.9982547051643537
USF2,1.753337844218634,-0.23607474168458112,0.745447502441899,-0.31668862114536506,0.7514798837413951,0.9982547051643537
TMEM147,2.7791950166531847,0.9476973512834813,0.5946162084981225,1.5937967006939968,0.11098157676902587,0.9982547051643537
COPE,11.913594146391485,0.0342924547189936,0.48264396782338764,0.07105124482057576,0.9433569710423618,0.9982547051643537
SUGP2,1.4686492003374865,-0.057945607304700636,0.7455560005013477,-0.07772133450168092,0.9380497229595234,0.9982547051643537
RFXANK,2.0960306252651515,0.20377337381587096,0.617746508628623,0.32986568271869504,0.7415014546871788,0.9982547051643537
GATAD2A,1.3801849050850856,-0.5474681125935775,0.7185070904224008,-0.7619522756159974,0.44608848829588565,0.9982547051643537
NDUFA13,5.719421785282044,-1.126532997817027,0.5505722482474494,-2.0461129332307317,0.04074526082672704,0.9982547051643537
PBX4,3.6518166454500864,-1.3479925631080596,0.8841888336742973,-1.5245528011323093,0.12737067751189082,0.9982547051643537
LPAR2,1.8339882396316394,-0.01869110323878742,0.6508056137030729,-0.02871994777739448,0.977087946903392,0.9982547051643537
GMIP,1.2478058292617458,0.007169587511740155,0.7434572607602193,0.00964357723053094,0.9923056578775183,0.9982547051643537
ZNF101,2.163294530990155,0.24899209819041945,0.7936236302943434,0.31374078175831527,0.7537179241336323,0.9982547051643537
ZNF506,2.208615421195551,0.044924556775445317,0.6300639370241334,0.07130158407038707,0.9431577345344543,0.9982547051643537
ZNF90,2.2435485486920053,-0.7308596125018064,0.8716364511422617,-0.8384913360886066,0.40175481159483195,0.9982547051643537
ZNF430,3.2811170876427105,0.0829742791976353,0.6714967090251657,0.12356617401460067,0.9016587764031485,0.9982547051643537
ZNF431,1.4442849094551675,-0.3437689583379429,0.6853789841728359,-0.5015749917585053,0.6159665144858357,0.9982547051643537
ZNF708,1.0918665819885962,-0.08822525212580508,0.7593525438081292,-0.11618483778741057,0.9075060530603511,0.9982547051643537
ZFP14,1.41495575120471,0.20338831850378575,0.6935292516738262,0.29326566689567884,0.7693190943388986,0.9982547051643537
SPINT2,2.059729125350801,0.16272299677293725,0.7589593677700935,0.21440277791291434,0.83023297557253,0.9982547051643537
UQCRFS1,6.755534773682315,0.03643315141162492,0.5261279522294694,0.06924770154719834,0.9447924538635503,0.9982547051643537
POP4,3.0804876345648475,-0.13109338246537336,0.6534558099916601,-0.20061552818245887,0.840999215184856,0.9982547051643537
PLEKHF1,2.852214661403155,0.18459573674185423,0.5942134095536353,0.31065562266681246,0.7560624370202937,0.9982547051643537
C19orf12,1.4770935808067822,0.6330228922263577,0.7603661021712106,0.8325238203265153,0.4051133385219102,0.9982547051643537
PDCD5,4.407377977131585,-0.3989016282964427,0.535485386747427,-0.7449346670679421,0.4563112165676956,0.9982547051643537
NUDT19,0.7547014208760244,-0.06391503725315267,0.862583199399224,-0.07409724337045809,0.9409330087048634,0.9982547051643537
CEBPG,1.91604226359729,0.3088511247655062,0.6826310814895188,0.45244222412431756,0.6509504343368466,0.9982547051643537
PEPD,2.124648632906666,0.6046456073718375,0.7422316741807646,0.8146319113088414,0.41528303847052206,0.9982547051643537
LSM14A,6.0959758015897565,0.25376805032710037,0.47241043878952166,0.5371770593751941,0.5911453159262445,0.9982547051643537
GPI,4.6592286955578,0.17850176505141813,0.5819470096043264,0.306731991238831,0.7590473773107993,0.9982547051643537
UBA2,2.927256143380475,0.6174392693538474,0.5658759347738503,1.0911212713094154,0.2752195241454741,0.9982547051643537
ZNF302,1.7587307452547383,0.2089331368025611,0.7816606964777605,0.26729390097779543,0.7892428823060664,0.9982547051643537
GRAMD1A,2.358925888323384,0.31689067575388824,0.6659059451206543,0.47587903077884586,0.6341605619920652,0.9982547051643537
FXYD5,30.696052805817256,-0.2086360805550708,0.4005646416609539,-0.5208549603628386,0.6024678130377881,0.9982547051643537
ZFP36,97.86049001923661,-0.1602385433038803,0.5086658711712183,-0.315017288136368,0.7527485276165468,0.9982547051643537
RPS16,102.84137552105749,0.011024222982723254,0.38787190448357733,0.02842232926718729,0.9773253152139877,0.9982547051643537
RBM42,3.4580469797874653,0.2349426956715963,0.653296273273394,0.35962656651077596,0.7191264138138185,0.9982547051643537
COX6B1,21.290078894825463,-0.21277634850249286,0.358495259407711,-0.5935262543053761,0.5528290179552366,0.9982547051643537
KMT2B,1.4863807432278118,-0.7860519759364482,0.8374422726966757,-0.9386342218016486,0.34791857616083455,0.9982547051643537
IGFLR1,1.4468189295355605,0.4013867453789084,0.8408424386281882,0.4773626150860797,0.6331039306577145,0.9982547051643537
U2AF1L4,2.277813106201941,0.20392564967738303,0.5615031035083602,0.3631781345521036,0.7164718202260342,0.9982547051643537
PSENEN,3.034011812389708,-0.4946324730633141,0.7332760090969569,-0.6745515562038682,0.4999607198161261,0.9982547051643537
NFKBID,1.6942654996130735,0.670907580548402,0.7197631714549084,0.9321226858443575,0.35127312526763155,0.9982547051643537
HCST,52.058223391990566,0.34491489704107603,0.4159095046911733,0.8293027525235012,0.4069331137440988,0.9982547051643537
TYROBP,3.4944928427639312,0.3258833514941236,0.665260986023465,0.48985790289922265,0.6242344537592339,0.9982547051643537
ALKBH6,1.3568593188531526,1.4931553279230465,0.7525121670226055,1.9842274894117322,0.04723048536962673,0.9982547051643537
POLR2I,4.224588057187337,0.22766464339135967,0.5577421805228718,0.40818975387145495,0.6831343699053015,0.9982547051643537
TBCB,7.339124649197943,0.21914548205262985,0.5867493169119199,0.37349081751982155,0.70878317827976,0.9982547051643537
CAPNS1,3.1461207602599544,-1.0393217385588345,0.5660665257396478,-1.836041686444558,0.06635149158934653,0.9982547051643537
ZNF146,2.0739317580130066,0.7600773916587354,0.6922629799444864,1.097960476984754,0.27222174788815756,0.9982547051643537
AC006129.2,5.4405412761797,0.15364300122334504,0.5644186190382008,0.2722146223403488,0.7854569992295413,0.9982547051643537
RPS19,287.076722416441,0.3721955236421125,0.30122378590626464,1.2356113330237903,0.21660307005270896,0.9982547051643537
YIF1B,2.1654860829619618,0.05643206361845112,0.6864867213280964,0.08220415903934175,0.9344843662063763,0.9982547051643537
PSMD8,9.684586600295571,-0.2589862392037511,0.47205079271228795,-0.5486406191920147,0.5832521045180374,0.9982547051643537
EIF3K,28.092949936409912,-0.11704431794600015,0.2849650811728775,-0.4107321411601087,0.6812689562894152,0.9982547051643537
ACTN4,7.05378627057444,-0.19259760771647066,0.5005615835543248,-0.38476306221683604,0.7004129682401214,0.9982547051643537
ECH1,4.528477195480138,-0.17228144975909293,0.6677136944643264,-0.2580169482629914,0.7963938271531112,0.9982547051643537
HNRNPL,3.4910711628590247,-0.3907184902265198,0.6416704449044521,-0.6089083474690807,0.5425851909368469,0.9982547051643537
RINL,1.5871299016348364,0.1929461097196327,0.7196824158490767,0.2680989634740431,0.7886231436653898,0.9982547051643537
SIRT2,2.5047902987671784,0.08616013976882592,0.5915016213611948,0.14566340421950097,0.8841871123660985,0.9982547051643537
NFKBIB,2.659033092745432,0.6200273470314246,0.6270848512546472,0.9887455354580768,0.3227876578241593,0.9982547051643537
MRPS12,3.037438273314567,0.575381298396851,0.6110527834966494,0.9416229071150383,0.3463857375135172,0.9982547051643537
GMFG,23.6014702011326,-0.6598648263281356,0.421111178488126,-1.56696107830047,0.11712378954155167,0.9982547051643537
PAF1,2.526056533414942,-1.0896287860512641,0.8566014358067608,-1.2720370764088602,0.20335994620776898,0.9982547051643537
MED29,2.6756981329682357,-0.2039397463073419,0.5491323872113929,-0.37138539094914774,0.7103505051072423,0.9982547051643537
TRAPPC6A,3.1205814821758073,0.5089910997171554,0.5923670020170004,0.8592495834238717,0.3902028329746685,0.9982547051643537
ERCC1,1.6382212800780247,-0.4438321089870339,0.7432191863373883,-0.5971752575095041,0.5503903765979046,0.9982547051643537
SUPT5H,1.9853527900617318,0.23052530067859375,0.6936964190974491,0.33231438757969145,0.7396518769260096,0.9982547051643537
TIMM50,1.8354998207083957,-0.6743823249450133,0.7630155199401495,-0.8838382802461364,0.3767835186490315,0.9982547051643537
FBL,3.599195200593473,0.5006164611758371,0.49729525497075,1.006678539905398,0.3140892780983967,0.9982547051643537
PSMC4,4.2531867167338415,0.0803702724155308,0.4897069519501482,0.16411911674007118,0.8696373728804873,0.9982547051643537
ZNF780A,0.9618034332345854,-0.6407443757337263,0.8520950697340485,-0.7519634821190928,0.4520730198814167,0.9982547051643537
AKT2,1.254560587901064,0.3233803080657435,0.6961123266482014,0.4645519059012041,0.6422523803422919,0.9982547051643537
PLD3,1.9731432898549444,-0.525102401902784,0.7973662887123061,-0.6585460275111326,0.5101873311332729,0.9982547051643537
SERTAD1,9.741584385564845,-0.3455430820371468,0.6153370841271646,-0.5615508815420873,0.5744220541167688,0.9982547051643537
BLVRB,2.3336572794519665,-0.37870678542532016,0.7628192309626414,-0.4964567882582224,0.6195721675053133,0.9982547051643537
SHKBP1,3.6814841694098592,0.20900797186635586,0.562611253269023,0.3714962519002706,0.7102679470947082,0.9982547051643537
SNRPA,5.292897032020554,-0.12788807285016857,0.6631709929231561,-0.19284328508769294,0.8470817030909775,0.9982547051643537
HNRNPUL1,6.759208027890486,-0.4887699084219926,0.48591129110343256,-1.0058830024551777,0.3144718536203226,0.9982547051643537
TGFB1,6.155615823427112,0.1059185992403757,0.5627032637222915,0.18823171299864586,0.8506950134176592,0.9982547051643537
CCDC97,1.725274952199363,-0.8189029005011925,0.7150835152526221,-1.1451849791445599,0.25213253927666435,0.9982547051643537
CARD8,2.80019429609206,0.12006509104847919,0.5614448749326126,0.21385018620552906,0.8306638871730612,0.9982547051643537
EMP3,25.013233156274527,0.07992653625261616,0.4922659500538837,0.16236454348278073,0.8710187905160919,0.9982547051643537
ARHGEF1,11.065616959056232,0.3995170891422292,0.40512419244311637,0.9861595446396985,0.3240548278789759,0.9982547051643537
RABAC1,13.90028813318611,0.12244538783646056,0.5143739206948176,0.23804742602630596,0.8118443105999671,0.9982547051643537
DEDD2,4.799817038108789,0.578392840941211,0.5415939848213022,1.0679454668095152,0.2855451115213953,0.9982547051643537
PAFAH1B3,1.7565967610421005,-0.9914272901122726,0.7573605720447455,-1.3090558535884518,0.1905154317602824,0.9982547051643537
ETHE1,3.8900868744654717,0.005203542642651825,0.6114597445398179,0.008510033062876428,0.9932100579626583,0.9982547051643537
XRCC1,1.11840132506237,0.356096221035801,0.7729139553581735,0.4607190988947581,0.6450001506808429,0.9982547051643537
ZNF428,5.879680693799267,0.507285528045245,0.5490448760205092,0.9239418309885031,0.355516602244238,0.9982547051643537
KCNN4,1.1174994573011907,0.33179536457658926,0.9779429124432041,0.33927886828042114,0.7343996602440379,0.9982547051643537
ZNF224,2.34807788259604,0.15761349752606507,0.5962515972899,0.26434058750107253,0.7915174878689446,0.9982547051643537
ZNF226,1.6207032408252091,0.30120631305490225,0.7248856174677869,0.4155225401037669,0.6777594181334384,0.9982547051643537
TOMM40,1.8159992419882316,0.02278732959200206,0.6707798990637184,0.03397139601799168,0.9728999602013334,0.9982547051643537
CLPTM1,1.6863668644036667,1.2103849912221714,0.7434257606257494,1.628118173095559,0.10349983083278307,0.9982547051643537
RELB,2.328459661405604,1.4623867544773583,0.6720686809768811,2.1759483753233604,0.029559120980600893,0.9982547051643537
CLASRP,1.5823590264398877,0.33513770366660395,0.6990106220665822,0.47944579536687126,0.6316215209816072,0.9982547051643537
NOSIP,4.940189553570819,-0.5637905861864771,0.598564770210404,-0.9419040582496975,0.346241762208946,0.9982547051643537
IRF3,4.3314646101024055,-0.20900196934873838,0.5220739489694659,-0.40033020180626194,0.6889133259134963,0.9982547051643537
FOSB,21.15754859275711,0.2509009182937037,0.4819834386607931,0.5205592104800119,0.60267387044731,0.9982547051643537
VASP,5.809055078541543,-0.3333047370423127,0.46079400052890757,-0.7233269891963428,0.4694790151818743,0.9982547051643537
EML2,2.400404713949502,0.15667057044617685,0.6230522895117514,0.2514565359657857,0.8014611620483492,0.9982547051643537
SNRPD2,31.43772536863961,-0.07769995080881341,0.3819828526324989,-0.2034121434334844,0.8388129091297284,0.9982547051643537
PPP5C,1.2934354001444575,0.7594580218730078,0.7418577001103599,1.0237246600797292,0.3059653442908601,0.9982547051643537
CALM3,11.479401383060901,-0.23936564030854265,0.40106925116641196,-0.5968187279688137,0.5506284128635641,0.9982547051643537
PRKD2,3.1604570898075948,-0.3610265532397399,0.6571270601861859,-0.5494014401681299,0.5827299859692936,0.9982547051643537
SLC1A5,2.8481072629706317,-0.10999931205876169,0.5749868823596781,-0.19130751575990312,0.8482846731152587,0.9982547051643537
AP2S1,5.168334831303976,-0.19451218255940458,0.7046619030069657,-0.2760361837774587,0.7825202748354902,0.9982547051643537
TMEM160,5.569620642853413,0.3353451903010965,0.6307436151362446,0.5316664049443606,0.5949570637758318,0.9982547051643537
SAE1,1.5884728818449432,-0.05155110312900127,0.6768445741459133,-0.0761638714383606,0.939288725583969,0.9982547051643537
NAPA,4.934597167984319,0.007978644054008624,0.5916204394180323,0.013486085879414664,0.9892399864541782,0.9982547051643537
GLTSCR2,15.311388667610354,0.3070501955462042,0.5387053298087199,0.5699780168412844,0.5686926082332648,0.9982547051643537
SEPW1,13.01303216389815,0.13968318815117933,0.38663852054967346,0.36127592241092676,0.7178931910856806,0.9982547051643537
TFPT,1.6295501213657213,-0.03839687412636559,0.8128967434260205,-0.04723462658312395,0.9623262302883946,0.9982547051643537
PRPF31,2.065778460808536,1.1654619575257377,0.6874927250825291,1.69523533123326,0.09003078701299597,0.9982547051643537
KDELR1,4.4929759446964255,0.3370031619499184,0.5986925351788882,0.5628985533437836,0.5735039653604177,0.9982547051643537
GRWD1,1.3405030015097756,-0.3511736957694436,0.939322322683814,-0.37385856514734656,0.7085095449047017,0.9982547051643537
CYTH2,2.0643158561895336,-0.01567388080963618,0.6596478140428766,-0.023760983476278735,0.9810432619311295,0.9982547051643537
RPL18,157.00994747600183,0.012586581469097732,0.3954041695547739,0.03183219206633621,0.9746058740819219,0.9982547051643537
PPP1R15A,19.85588327240682,0.2839379569652018,0.4936859704175667,0.5751388007340841,0.5651974284278134,0.9982547051643537
NUCB1,3.3946385605863703,-0.40487423623476554,0.6222520411643815,-0.6506595550528843,0.5152662768491733,0.9982547051643537
BAX,9.90485067670872,0.2142012488837548,0.5445493415494292,0.3933550783006714,0.6940572433347068,0.9982547051643537
FTL,92.94485821932845,0.005390047092204293,0.30427687486555705,0.01771428438190005,0.9858667851472872,0.9982547051643537
SNRNP70,4.539146294523511,0.40659598820723175,0.5545089401669514,0.7332541619343665,0.46340342668669954,0.9982547051643537
CD37,27.538254980915923,0.08995054690955712,0.3791675179347378,0.23723167902014058,0.8124770613647944,0.9982547051643537
ALDH16A1,1.181232112535351,-0.05775540904938685,0.8192547942310029,-0.07049749291195691,0.9437976959537302,0.9982547051643537
FLT3LG,4.2738518667351135,1.3266432163423547,0.6509489475053339,2.038014227423701,0.04154851004800079,0.9982547051643537
RPL13A,148.1666169349715,-0.3928945829696174,0.8651168321302161,-0.45415205019439436,0.6497193922260442,0.9982547051643537
RPS11,67.8675792019498,-0.7933152607010658,0.5323763057177897,-1.4901400610447129,0.1361874125647876,0.9982547051643537
ZSCAN18,0.8819018641191917,-0.656858670448481,0.9296009762108951,-0.7066028191212462,0.4798133365386301,0.9982547051643537
ZNF274,1.5163601313092807,0.5524659660324815,0.7052445559532792,0.7833679272939771,0.4334110846084527,0.9982547051643537
PRMT1,3.9469742933210417,0.10206958977916603,0.6223781571985302,0.1639993123129596,0.8697316851764418,0.9982547051643537
AP2A1,1.8523882943135874,0.55105681232253,0.8144865186175158,0.6765695928986974,0.49867907711460246,0.9982547051643537
PNKP,1.7947777938558604,0.11468792627985976,0.6700499786996322,0.1711632414382505,0.8640954099990279,0.9982547051643537
TBC1D17,1.1213202197923795,0.13298218577857715,0.9052864416219911,0.14689514794932146,0.8832147817534153,0.9982547051643537
NUP62,1.2372635294141465,-0.7657965043798141,0.787159571642439,-0.9728605634330915,0.3306226074250235,0.9982547051643537
NR1H2,3.366840035312357,0.6530982180715876,0.5947273791766718,1.0981472199509683,0.27214020894961233,0.9982547051643537
EMC10,3.9481406122985123,0.27524208007689577,0.5488848967574327,0.5014568294790098,0.6160496530340935,0.9982547051643537
JOSD2,2.915650783237896,-0.4796320618420275,0.6383079064992755,-0.7514117512228746,0.4524048927354767,0.9982547051643537
ETFB,2.8025363690102085,-0.7139778728668075,0.7374561920097185,-0.9681630998596299,0.33296292043195674,0.9982547051643537
NKG7,120.7652406853584,-0.23575874411281042,0.30132214185442774,-0.7824142715230938,0.4339711492313424,0.9982547051643537
PPP2R1A,5.871315624075296,-0.026228583618911856,0.5115680462929204,-0.05127095761546754,0.9591096101223059,0.9982547051643537
ZNF331,17.281469912770504,-1.0381134023167875,0.5461698602136735,-1.900715286469039,0.05733931518771396,0.9982547051643537
MYADM,12.0078212899266,-0.5064390506865754,0.5135076544408914,-0.9862346672085882,0.3240179711829323,0.9982547051643537
NDUFA3,8.110130792282373,-0.46694350397033374,0.47062341593780993,-0.9921807716257738,0.32110935059223056,0.9982547051643537
TANGO2,1.4545938973660302,0.7635302583227161,0.8184006682149347,0.932954099350994,0.3508436681091154,0.9982547051643537
DGCR8,1.2946714032564892,1.6564663167963605,0.8218596791672821,2.0155098963787976,0.0438512501856138,0.9982547051643537
LENG1,2.6425375644086464,-0.18322321708796704,0.6588991979080329,-0.27807473080812706,0.7809549929308832,0.9982547051643537
TSEN34,1.7504174742294314,1.6833542686176282,0.7418062625649312,2.2692640296633813,0.023252274565578115,0.9982547051643537
RPS9,118.40853530031605,0.07896240995896261,0.3755505066240629,0.21025776444499994,0.8334664975202861,0.9982547051643537
LAIR1,2.0048743938412286,0.5839888863898046,0.8909065906205076,0.6554995692455952,0.5121461636484559,0.9982547051643537
LENG8,3.7015898906890556,0.47177225873069545,0.5902767568472493,0.7992390912535622,0.4241517890049774,0.9982547051643537
PPP6R1,2.6150503882508596,0.47231250967959554,0.5919628358697043,0.7978752736828149,0.42494287360564253,0.9982547051643537
RPL28,392.4330575391528,-0.05823964494098044,0.35339977857712485,-0.164798193070374,0.8691028263178371,0.9982547051643537
UBE2S,5.215277312104391,-0.2628820848793262,0.7361134351610672,-0.3571217047842709,0.7210006963577582,0.9982547051643537
ISOC2,1.6327880504436176,1.1726353875055782,0.66260760719727,1.7697282294503809,0.07677242488582717,0.9982547051643537
ZNF524,1.321438375947364,0.3855149231461908,0.7323616747148775,0.5263996416746948,0.5986105646032083,0.9982547051643537
ZNF580,0.9690728831068969,-0.023602382199998367,0.8248959055265548,-0.0286125583141697,0.9771735960995326,0.9982547051643537
U2AF2,2.0059507989531604,0.28309308893443164,0.6797371736478054,0.41647433730189315,0.6770629421919863,0.9982547051643537
EPN1,1.3522781971221305,0.05066400765030562,0.7402109731557771,0.06844536150863492,0.9454311132076822,0.9982547051643537
TRAPPC2P1,1.8992913281172856,-0.055248595429133185,0.6899230696988833,-0.08007935646107098,0.9361741411688511,0.9982547051643537
DDT,5.63686893041661,-0.48491523186555896,0.5857428048388849,-0.827863744735098,0.40774766930430817,0.9982547051643537
CABIN1,2.6874707877805264,0.7961545470954794,0.5613793683273194,1.4182112703352348,0.15612909244139458,0.9982547051643537
LLNLR-245B6.1,1.6063727725223542,-0.136448135654633,0.703017434466961,-0.19408926289017306,0.8461059887407099,0.9982547051643537
A1BG,4.687121481804733,-0.020752087601662125,0.7392918254014462,-0.028070224623941216,0.9776061420196851,0.9982547051643537
RPS5,92.05720170214803,0.16824152843853288,0.29062993037576834,0.5788857610811314,0.5626662585247326,0.9982547051643537
CHMP2A,6.519079358342487,-0.26911413898381864,0.45158563714981764,-0.5959315727628812,0.5512209401421426,0.9982547051643537
IL17RA,2.446512689889263,-0.0854372848080756,0.7232215247001578,-0.118134322458803,0.9059612284638424,0.9982547051643537
CECR1,1.4765804498051807,0.2882500991227523,0.6877543280932814,0.4191178264510411,0.6751300231525936,0.9982547051643537
ATP6V1E1,3.9873203106368096,-0.20045182445429371,0.583382154479345,-0.3436029417684061,0.731144912065038,0.9982547051643537
BCL2L13,1.3736368519636506,0.05988686094204226,0.6936852170613317,0.08633146486203323,0.9312029264982925,0.9982547051643537
BID,1.7650755419497661,0.8212260931135138,0.6963465036048566,1.1793354154320856,0.23826464128080727,0.9982547051643537
PEX26,1.2054234015162983,-1.104864375571665,0.7886142570721509,-1.4010200369362331,0.16120808142886978,0.9982547051643537
C22orf39,3.136663753808149,-0.25398299764396487,0.5666869453901481,-0.4481892510671915,0.6540166195764832,0.9982547051643537
MRPL40,2.0167014102264327,0.06254429616477664,0.5652038631361415,0.11065794175173835,0.9118875986983949,0.9982547051643537
UFD1L,3.895823731739138,-0.215043558257509,0.48580405104254726,-0.44265493010200374,0.658015346668261,0.9982547051643537
COMT,3.3898586575911227,0.9585345580819508,0.5989045991060925,1.6004795413370199,0.10949224195377341,0.9982547051643537
SELM,3.598103999879105,0.41462207864905565,0.6391344871344898,0.6487243091950518,0.5165165888621683,0.9982547051643537
PIK3IP1,7.1984004284535015,-0.5918435923927545,0.442903752190064,-1.3362803757390065,0.18145764832121847,0.9982547051643537
TRMT2A,1.477185790664559,0.6918252984544625,0.746350085356003,0.926944756929273,0.35395521751388226,0.9982547051643537
RANBP1,6.867305375658529,0.5886466777894898,0.4743938138016588,1.2408397004004765,0.21466497200612333,0.9982547051643537
DGCR6L,5.690041551326112,-0.14590178875317458,0.6582885780227893,-0.2216380378213453,0.8245956689406597,0.9982547051643537
MED15,3.6513972486766524,0.3113149850845005,0.6583739957947566,0.4728543154392002,0.6363171200652473,0.9982547051643537
SNAP29,1.6731975163609,0.1907462566587244,0.6639809620999702,0.2872766954875512,0.773900465248961,0.9982547051643537
CRKL,1.7275988172953258,0.061644611071784094,0.7225641211908608,0.08531368948985091,0.9320120085729409,0.9982547051643537
UBE2L3,9.109155389425588,0.03882943359105244,0.48433504388150167,0.08017060520723444,0.9361015685360264,0.9982547051643537
YDJC,2.696767341920995,0.30886323740945204,0.6906554556199822,0.44720306615430133,0.6547284477587036,0.9982547051643537
SDF2L1,4.31500202491731,0.9592336639900564,0.5596724998458175,1.713919594502701,0.08654349385883002,0.9982547051643537
MAPK1,3.7676382088464933,-1.031195816127358,0.6043407529029515,-1.7063152057411446,0.08794940848780484,0.9982547051643537
RGL4,3.024429142181465,0.7406075026524634,0.596557637258315,1.2414684791501103,0.21443273547931807,0.9982547051643537
CHCHD10,5.351879387769391,-0.10862686221978142,0.5046274387032782,-0.21526150559493099,0.8295634401666716,0.9982547051643537
SMARCB1,3.257532534174726,0.37602610706603457,0.6156149836886371,0.6108137667685803,0.541322878398163,0.9982547051643537
MIF,22.12922439811312,0.14377112680133866,0.7392976351553499,0.19446988596294887,0.8458079731091097,0.9982547051643537
CYTH4,2.15871786725367,-0.207518118841851,0.6362990089871383,-0.3261330222283053,0.7443237135775919,0.9982547051643537
MFNG,2.3301495455887227,0.994528199634748,0.6619937810925106,1.5023225716613904,0.13301382205930182,0.9982547051643537
SNRPD3,9.559877365784834,-0.02248176959250475,0.3697153037515457,-0.06080832836612259,0.9515118575208377,0.9982547051643537
HPS4,1.7160272681438595,0.4025745669943573,0.712709711273574,0.5648506827204278,0.5721753304773127,0.9982547051643537
TFIP11,1.3878742244884017,-0.9834485154274604,0.8568667871946404,-1.1477262628503146,0.25108158578877493,0.9982547051643537
TPST2,6.46268275115809,1.0763194390046074,0.5128164816620074,2.098839404529903,0.03583105994303756,0.9982547051643537
MIAT,6.1984008318108295,-0.31183716773795095,0.6622626817189579,-0.4708662836452624,0.6377362267086032,0.9982547051643537
PITPNB,2.809297413021184,0.21988159324755743,0.5394523331701125,0.4076015242262736,0.6835662450950326,0.9982547051643537
XBP1,7.082104205575776,0.20472588404426545,0.44819216062619294,0.4567814924701764,0.6478281096881651,0.9982547051643537
EWSR1,10.767396819105056,-0.020852794665042532,0.4505464155581306,-0.04628334383530803,0.9630844147757599,0.9982547051643537
UQCR10,15.33431017565053,-0.2092424381229956,0.398135949670088,-0.5255552488952143,0.5991972567639701,0.9982547051643537
ASCC2,2.1287382702887987,0.43552271201879134,0.6348834978807719,0.6859883954655573,0.4927204262103493,0.9982547051643537
TBC1D10A,3.4610118638796856,-0.05686263910509126,0.6297813312804506,-0.09028949618033298,0.9280571668926434,0.9982547051643537
SF3A1,3.341002355801393,0.014526271841558436,0.5117920091049887,0.02838315484245579,0.9773565592775761,0.9982547051643537
MTFP1,1.3910412596718427,-0.10986970460319838,0.7322289616442434,-0.15004829139301248,0.8807265154847135,0.9982547051643537
TUG1,1.1374806026553237,0.819323231443832,0.7228066506124767,1.1335302888394443,0.2569916290254889,0.9982547051643537
APOBEC3F,1.5483912892489775,1.1034947321744955,0.7572602567650546,1.4572199218383945,0.14505568310622086,0.9982547051643537
APOBEC3G,26.10629822432369,-0.048699433631851925,0.39987507288803326,-0.12178662020647626,0.9030680105963776,0.9982547051643537
SFI1,2.3514862551874054,-0.35675394428814994,0.5908334663800885,-0.6038147203710477,0.5459668315444495,0.9982547051643537
YWHAH,3.6323650472917173,0.1977870527311724,0.6009707235642809,0.3291126255836932,0.7420705615225369,0.9982547051643537
RTCB,3.0172273650507804,-0.3547238086522462,0.5230159107344077,-0.678227567024014,0.49762741632608987,0.9982547051643537
FBXO7,5.272414989780467,-0.23725884388949514,0.4507151565389266,-0.5264052926718118,0.5986066391144059,0.9982547051643537
HMGXB4,1.7945968173083044,-0.2746274529298096,0.6320213317593611,-0.43452244272408924,0.663909101169379,0.9982547051643537
TOM1,1.260572222585354,-0.18533548460523255,0.7125295093536056,-0.2601092055448562,0.7947795372675825,0.9982547051643537
APOL6,2.9277657956721503,-0.33345204069521744,0.5920156257507809,-0.5632487153904782,0.573265534655451,0.9982547051643537
MYH9,11.135390331513918,0.004512420434315567,0.4478590827137046,0.010075536275771247,0.9919610211787232,0.9982547051643537
TXN2,3.584623049042444,-0.31916231225905356,0.5781626192866963,-0.5520286189598658,0.5809287456520038,0.9982547051643537
EIF3D,7.81113686019133,-0.30534415982589636,0.46498851328392915,-0.6566703286269107,0.5113929169869883,0.9982547051643537
IFT27,1.2779456712070931,0.980492049021315,0.715702471873688,1.3699715839382471,0.17069577215713105,0.9982547051643537
NCF4,1.6462258303824489,-0.18946877629521364,0.749643830804797,-0.2527450617339239,0.8004652238511745,0.9982547051643537
IL2RB,5.830817821075169,0.8233339431505013,0.4231000373187216,1.9459557327580268,0.05166005729983126,0.9982547051643537
RAC2,45.44271709258383,0.27331551479372024,0.3970164483604274,0.6884236558017705,0.49118603127993465,0.9982547051643537
ACO2,1.7294238030519813,0.39937863458969813,0.6608394038348094,0.6043505158320299,0.5456106276797461,0.9982547051643537
POLR3H,0.830065065393874,-0.27326334493663484,0.8549464557987079,-0.31962626791796783,0.7492516592240546,0.9982547051643537
GGA1,2.9222737059263686,-0.23961407365880302,0.6039332161516551,-0.39675591149905054,0.6915474653960273,0.9982547051643537
SH3BP1,3.619539913331071,0.034575701456726095,0.5905126642740104,0.05855200666904281,0.9533089381840132,0.9982547051643537
LGALS1,39.75191199361769,-0.0354506425357728,0.45840089202918716,-0.07733545713413575,0.9383566846439704,0.9982547051643537
ANKRD54,1.4031966390157866,1.2959247515237282,0.7076164993632151,1.8313941982555977,0.06704172664897505,0.9982547051643537
EIF3L,8.774939094754588,-0.11167856645017885,0.5205284781824417,-0.21454842747534797,0.8301194063849271,0.9982547051643537
POLR2F,4.62378724229779,0.7116479898043322,0.45225376667645395,1.5735590109821043,0.11558943565445783,0.9982547051643537
MAFF,2.360790467141038,0.8700025189370233,0.6471066061518558,1.344450065361967,0.17880289346197364,0.9982547051643537
CSNK1E,1.4613274937068714,0.17299813403400635,0.7483523721920652,0.2311720259899253,0.8171811614648554,0.9982547051643537
DDX17,12.244829032251122,-0.12965550271918355,0.3520825787621904,-0.368253104640993,0.7126845163346811,0.9982547051643537
TOMM22,6.658970905255084,0.12035259123903463,0.4394389790450008,0.27387782372102665,0.7841785143251129,0.9982547051643537
JOSD1,3.1478826950997774,-0.561735293185898,0.5717554218422455,-0.9824747990599515,0.3258659922973065,0.9982547051643537
SUN2,5.4531355109269795,0.17240807760624097,0.45209446993233204,0.3813540953775577,0.7029405185140911,0.9982547051643537
APOBEC3C,7.144022037504025,-0.6976098870561108,0.545833691076066,-1.2780630775664115,0.20122718628893366,0.9982547051643537
APOBEC3D,2.1056845397549067,0.6392763035845206,0.7849025828238796,0.8144657917732508,0.415378161524108,0.9982547051643537
NUP50,1.5688293336385326,-0.28550827812374385,0.6588093055520731,-0.4333701356639033,0.6647458929430261,0.9982547051643537
FAM118A,2.451992561505541,-0.2632727206174066,0.5972995515396724,-0.44077166965681225,0.6593783052474892,0.9982547051643537
APOBEC3H,3.6867526434477957,-0.5483472000605938,0.6420612961159344,-0.8540418233862533,0.3930818163700699,0.9982547051643537
RPL3,173.98256455224262,0.12456664732923613,0.3172209076273535,0.3926810759761376,0.6945550494062651,0.9982547051643537
SYNGR1,1.605784257079789,-0.759862219429939,0.7963541615785618,-0.9541762397822006,0.3399944396149117,0.9982547051643537
ATF4,7.87352307701485,-0.3734821398604291,0.47426548240311395,-0.7874959357530863,0.4309916066597971,0.9982547051643537
RPS19BP1,6.631010847343019,0.2453434497535348,0.5764682585369008,0.42559750015764297,0.6704011621659172,0.9982547051643537
GRAP2,3.8996172721698334,0.20060179528026348,0.4900077459889289,0.4093849473244773,0.6822571844940066,0.9982547051643537
TNRC6B,5.559557306814037,0.17839202660608885,0.5016269401512905,0.3556268858931019,0.7221200062226933,0.9982547051643537
ADSL,2.3353999297128136,0.2944428309454133,0.5982049372270437,0.49221063321592073,0.622570448277405,0.9982547051643537
SLC25A17,1.5085522967954936,-0.0306857189790363,0.7802341333691127,-0.03932885997506023,0.9686281974778287,0.9982547051643537
ST13,10.431514300076348,0.17200418286222596,0.4046820631346344,0.42503535128267245,0.6708109044237021,0.9982547051643537
RBX1,13.23161340867214,-0.19731099327255605,0.38855941124767307,-0.5078013491913269,0.6115926635203834,0.9982547051643537
EP300,2.021740693380064,-0.6120492765096032,0.7085074352898256,-0.8638572385048227,0.3876663198615865,0.9982547051643537
TOB2,2.543912726024234,0.21409858036859344,0.5724134152773325,0.3740278872829411,0.7083835684645612,0.9982547051643537
PHF5A,5.274506804169093,-0.2838671854570544,0.4734056281615811,-0.5996278214085065,0.5487543013175362,0.9982547051643537
MRPL39,1.3092699273132138,0.43971633033305435,0.7300500759745032,0.6023098206600438,0.5469679249367918,0.9982547051643537
ATP5J,13.443606483669496,-0.14091230850532338,0.3582128636766459,-0.3933759024146132,0.6940418651168672,0.9982547051643537
PMM1,1.2400846519050286,0.9915498906948386,0.6916914415396835,1.43351475982944,0.15171078392947812,0.9982547051643537
XRCC6,8.602451528972617,-0.18104659040579787,0.3908095636835888,-0.46326038876668496,0.6431777349425097,0.9982547051643537
SNU13,12.234630314477283,-0.07176780892653821,0.4181110812864252,-0.17164770832125822,0.8637144982206413,0.9982547051643537
MEI1,1.8882212667088256,0.7088846786138655,0.6697673585232575,1.0584043393468088,0.2898711419682609,0.9982547051643537
SMDT1,9.63314714220507,-0.025093222798712487,0.6036380050363381,-0.04156998497336481,0.9668415010713224,0.9982547051643537
NDUFA6,8.988058658630434,0.1291766497931288,0.38828037213947136,0.33268910576486255,0.7393689739002898,0.9982547051643537
RRP7A,3.5431784707249343,0.751865331632413,0.5258216116106997,1.429886704978319,0.1527495384099264,0.9982547051643537
POLDIP3,1.631045854191868,0.48138981522380436,0.7209728808643268,0.6676947607886414,0.5043284550241458,0.9982547051643537
CYB5R3,4.277150690792256,0.04838529364705653,0.6449193057632746,0.07502534536439655,0.9401945460348053,0.9982547051643537
ARFGAP3,2.598832678797025,-0.4154421903618826,0.653873541600481,-0.635355560258652,0.5251965447415066,0.9982547051643537
PACSIN2,0.90388539600932,0.37390052596234186,0.8632471130159604,0.4331326688785913,0.6649183904905362,0.9982547051643537
TSPO,13.672311109023966,0.19776826458198524,0.447330121253142,0.4421080879328247,0.658410991990648,0.9982547051643537
SAMM50,1.9340818104264663,0.22264039666712998,0.6053118254510717,0.36781108067931906,0.7130141061581772,0.9982547051643537
PARVG,4.505015380551178,0.3726514350112203,0.5283630870811814,0.7052942268731265,0.480627152437228,0.9982547051643537
LINC00649,1.9019489612114422,-0.17248446153067523,0.6591841544039853,-0.26166354330320724,0.7935808496822437,0.9982547051643537
MRPS6,8.654461517166387,0.540071212600454,0.4778439585866136,1.1302250512864045,0.25838140642894947,0.9982547051643537
ATXN10,3.077941486244662,-0.01740217985499556,0.5370414513875678,-0.03240379268682725,0.9741500379511312,0.9982547051643537
CTA-29F11.1,1.9926440897458888,0.8009092892986767,0.6438002983311006,1.2440337343347678,0.2134871475515484,0.9982547051643537
ALG12,1.042036134056302,-0.6569778589192822,0.9188166876250945,-0.7150260413939601,0.4745929520532062,0.9982547051643537
CRELD2,2.8479863764401943,0.5384942626384484,0.5456607482406808,0.986866408065197,0.3237081340015042,0.9982547051643537
PIM3,8.048676711813561,-0.15570962720437143,0.46210735717513146,-0.33695552513213917,0.7361504272646564,0.9982547051643537
TRABD,7.049660181681067,0.4127977478220286,0.5036095028841161,0.8196782337465466,0.4123995615317976,0.9982547051643537
PPP6R2,2.2854861558468373,-0.4379114389583531,0.8230010566181982,-0.5320909802446419,0.5946629841561283,0.9982547051643537
LMF2,3.611142144288351,0.5591819432935499,0.6409031540402281,0.8724905467674624,0.38294082303126775,0.9982547051643537
TYMP,7.483669125346239,-0.10760677733991567,0.5177766653527004,-0.207824694584519,0.835365850081347,0.9982547051643537
SAMSN1,15.158045920279108,-0.37917220017554276,0.4923334084214879,-0.7701533019894773,0.44120896092065076,0.9982547051643537
USP25,1.4754971192592763,-0.11639658785055436,0.6930935735189548,-0.16793776814231437,0.8666322373792655,0.9982547051643537
BTG3,6.4630757876919835,-0.7557746844909289,0.46104242540747026,-1.6392736174398128,0.10115628798300101,0.9982547051643537
C21orf91,2.658964686222468,0.8309158334533085,0.5751123327254293,1.4447887589466895,0.14851722949845492,0.9982547051643537
MIR155HG,4.371189066252691,-0.678177218166604,0.6716510376889236,-1.0097166238291484,0.31263107561695,0.9982547051643537
ENO1,15.917248688476592,-0.42417228441053356,0.3842749936773069,-1.1038248425988662,0.26966912621419825,0.9982547051643537
PIK3CD,2.1086823145824996,0.28162659327951733,0.6274318119179129,0.4488560954833489,0.6535354695639236,0.9982547051643537
LTN1,1.275625517463239,0.36167302178385585,0.6522189111725947,0.5545270392936329,0.5792182059183091,0.9982547051643537
USP16,8.879931842461692,-0.2620626809047775,0.42352655124290317,-0.6187632868251464,0.5360723112461527,0.9982547051643537
CCT8,7.330449877182735,-0.323777270730098,0.4373631596298643,-0.7402938807285624,0.45912169319308316,0.9982547051643537
BACH1,1.4225453119155163,0.3746903444972741,0.7155083265691253,0.5236701385348242,0.6005079886418969,0.9982547051643537
SOD1,24.388094248876218,0.03162878863434332,0.3796023972398115,0.08332083481117224,0.9335964341115293,0.9982547051643537
SCAF4,1.2317904774896746,0.5474214978748153,0.6995113888233142,0.7825769624647033,0.4338755742304541,0.9982547051643537
C21orf59,1.838413641796394,1.352349668313196,0.6334185209938225,2.135001777642029,0.03276086491792859,0.9982547051643537
IFNAR2,2.8896258145457057,0.1512801062469089,0.8012388508799975,0.18880775199649713,0.8502434959084204,0.9982547051643537
IL10RB,2.0401400677728927,0.36754130736107876,0.6433619608783268,0.5712823102865862,0.5678082909113402,0.9982547051643537
IFNAR1,1.8425883871345403,1.3871413610380778,0.6426522022995939,2.1584635609657727,0.030891808554795282,0.9982547051643537
TMEM50B,4.618960977287229,0.7877979180681676,0.48833611312660197,1.6132288743182293,0.10669479249639742,0.9982547051643537
SON,18.704381532476962,-0.46504432484415,0.44789560542294554,-1.0382873134131578,0.29913631327330004,0.9982547051643537
CRYZL1,1.3651564459683079,0.5096910848359995,0.7267413360191521,0.7013376831265965,0.4830923020594955,0.9982547051643537
ATP5O,5.684268849608856,-0.9353457619873855,0.7743751047114769,-1.2078716842735853,0.2270966227224681,0.9982547051643537
UBE2G2,2.126141947848803,-0.6606101700017984,0.6455936892590891,-1.023259955901897,0.3061849516942118,0.9982547051643537
RUNX1,1.5286537020966222,0.8505416561778681,0.6279437075444047,1.3544871076166052,0.17558102378660345,0.9982547051643537
MORC3,2.6316408974159,0.6698603638179079,0.5660830000835099,1.1833253493199558,0.23668023011375172,0.9982547051643537
PIGP,2.457582747741864,-0.28693869818365575,0.575601636914429,-0.49850222755067164,0.6181300995476209,0.9982547051643537
TTC3,5.150767923028789,0.05252165918687189,0.440989410984954,0.11909959259467087,0.9051964535093001,0.9982547051643537
DSCR3,1.9215387019005807,0.6159858687769664,0.627792099291649,0.9811940441302082,0.3264970606626396,0.9982547051643537
DYRK1A,0.9607402640734319,0.11663467674633006,0.7818087057212919,0.1491856970801107,0.8814071057683444,0.9982547051643537
ETS2,1.1012380472713035,0.2734226771063111,0.7417330709705713,0.3686267847657547,0.7124059281095667,0.9982547051643537
PSMG1,1.4077989647640001,0.1695181098066521,0.7342572550092277,0.23087018704979864,0.8174156523768251,0.9982547051643537
BRWD1,3.87675439873552,0.32263697879126657,0.6350929764040592,0.508015347009598,0.6114425804383657,0.9982547051643537
HMGN1,21.70971077896421,0.09612552321691023,0.33133900097565655,0.29011231075683896,0.7717303179997732,0.9982547051643537
WRB,0.9365757930165897,0.5303333831149802,0.7998271143527036,0.6630600208448505,0.5072921141701858,0.9982547051643537
MX2,2.0717327540804726,-1.3721399729810506,0.7276673722400369,-1.8856692292758461,0.05933954191202071,0.9982547051643537
MX1,2.3149415068734247,-0.4403767478909426,0.5943026568251223,-0.740997441006774,0.4586949919101787,0.9982547051643537
ABCG1,2.3179914380842987,0.36620709942451735,0.6280225946113392,0.5831113443476502,0.5598183473685241,0.9982547051643537
CSTB,12.702624353400152,0.08801034513176902,0.4257961840072108,0.2066959461766303,0.8362473235210336,0.9982547051643537
PTTG1IP,1.9387596762531167,0.40632909340220014,0.7157224725600064,0.5677187862340501,0.5702259332141761,0.9982547051643537
ITGB2,19.008547467565304,-0.17355924269294418,0.4672636424429666,-0.37143750749691284,0.7103116935554572,0.9982547051643537
ITGB2-AS1,2.8448565106263364,1.2276902859927075,0.7159635313738167,1.7147385756324358,0.08639316765297311,0.9982547051643537
MCM3AP,1.1300357395411653,0.3819116359999722,0.7238449825761915,0.5276152286650304,0.5977664210699392,0.9982547051643537
DIP2A,2.8000240498647924,0.22343486790836617,0.6171049296167047,0.362069491240567,0.7173001015773464,0.9982547051643537
PRMT2,9.497274803597984,0.579557370884814,0.48475088061486316,1.1955777576921516,0.23186137552665798,0.9982547051643537
RPS3A,206.2833476505388,0.0015772445375350273,0.27011908421993125,0.005839071097438022,0.9953411217958212,0.9984522109450059
SRP9,12.415104705401173,-0.001259180058334461,0.3946522732775579,-0.0031906063732436247,0.9974542687544347,0.9994364479760671
VAMP8,15.170027707971327,-0.0011010317738928172,0.3696111205502543,-0.002978892443099842,0.9976231912265798,0.9994364479760671
METTL8,1.4520433770249312,0.0017573064155958992,0.8136199420206788,0.0021598615334224884,0.9982766811688912,0.9994364479760671
PHC3,2.1408676412115066,0.0004409815729049965,0.6243476101979002,0.000706307777433821,0.9994364479760671,0.9994364479760671
OCIAD1,9.098694589949433,-0.0009025144627714535,0.4420278482936073,-0.00204175928339243,0.9983709129227899,0.9994364479760671
MAP4K1,4.291078934795189,0.0013403327686176063,0.5291572652418549,0.0025329573203629703,0.9979789946219956,0.9994364479760671
NFIC,1.699949313285165,0.002179807516003338,0.7881490256090369,0.002765730141351004,0.9977932694341798,0.9994364479760671
SUSD6,2.0587355980524094,0.001103171598045921,0.6619067270253803,0.0016666571784269245,0.9986702005848228,0.9994364479760671
IFFO1,1.073762083719645,0.0028884632451131116,0.8440982257277517,0.0034219515656756425,0.9972696830064893,0.9994364479760671
CHMP1B,5.095143118213493,-0.0007143609160046506,0.4733377983407622,-0.001509198966380396,0.9987958339026632,0.9994364479760671
SOCS1,12.19206765550977,0.0005408187311992869,0.5735987820342728,0.0009428519518142432,0.9992477130959846,0.9994364479760671
CYTH1,3.6392607106666697,0.001418034861518651,0.47747175556885957,0.002969882186704855,0.9976303803392452,0.9994364479760671
HSP90AA1,152.89458451949778,0.0007639777843952359,0.5846262356220211,0.0013067798498341276,0.9989573408302027,0.9994364479760671
ZNF720,1.366125459122016,-0.0006078029699721952,0.67646234540482,-0.0008985022952141756,0.9992830989872624,0.9994364479760671
NEAT1,44.46095849919096,0.0019695975969055476,0.6498680872903533,0.003030765220550913,0.9975818029251782,0.9994364479760671
RPS17,56.75224442399533,-0.5403906928290947,0.8764093530047,-0.6165962183954428,,
JUND,14.820691812193882,1.4244201105192857,0.6384662970778748,2.2310028219791005,,
