,baseMean,log2FoldChange,lfcSE,stat,pvalue,padj
HSPA1A,727.5984405086144,-5.255858584533655,0.758440509686659,-6.929823127070379,4.213671139596429e-12,1.4537165431607679e-08
HSPA1B,463.42836113069313,-5.026704587187271,0.7608763233301107,-6.606467349630494,3.9359902618234494e-11,6.78958320164545e-08
DNAJB4,25.026472859522123,-3.612131162245099,0.559304198795299,-6.458258618521673,1.0591463072657415e-10,1.2180182533556028e-07
DNAJB1,490.65085236438443,-4.108798838446155,0.6438944762291379,-6.381168017636462,1.7574235878192182e-10,1.5157778444940756e-07
HSPB1,126.74609504362434,-2.620574603456081,0.43461625115450536,-6.029628658603636,1.6433684347251978e-09,1.1339242199603864e-06
DEDD2,43.75650030736405,-2.4885454676619867,0.41598932332366273,-5.982233985668331,2.2009778397902802e-09,1.2655622578794112e-06
ANKRD37,87.68964645860281,-2.616348681847688,0.44064285559199035,-5.937572001099854,2.8927401799313135e-09,1.4257076601090045e-06
ZFAND2A,43.73316970731142,-2.9353917551059094,0.5453987766394152,-5.382101832338017,7.362109372696107e-08,3.174909666975196e-05
MAP1LC3B,72.34727288200796,-1.5508107730486236,0.29248480028324697,-5.302192700430222,1.1441996818149911e-07,4.386098780290799e-05
NEU1,64.76978345194912,-3.315087197705681,0.6305587654857729,-5.257380246156419,1.4612198413132612e-07,4.672712936767876e-05
GADD45B,174.00018622591807,-2.2137549583268985,0.4213618696950361,-5.2538094154772965,1.4898505015781635e-07,4.672712936767876e-05
SLC38A2,35.55965736924867,-2.3236630010855093,0.4477340203000032,-5.189828996082416,2.1048729481412903e-07,6.05150972590621e-05
PIKFYVE,46.97104283158758,-2.0316884409702687,0.393171615195239,-5.16743417492482,2.3732950999223966e-07,6.298360072870975e-05
IVNS1ABP,35.63664054338245,-2.0129661078439347,0.39604385705504624,-5.082684839028199,3.7213688076191324e-07,9.17051599020429e-05
SLC20A1,16.91165844217616,-2.503027701464676,0.4960304207957646,-5.046117327742025,4.5087859373574526e-07,9.722069677427007e-05
CHORDC1,62.40426895124492,-2.5172806121980535,0.4987917523234609,-5.04675668848194,4.4937302618395313e-07,9.722069677427007e-05
DNAJA1,382.20081924310404,-2.8599995045262356,0.5803445841977315,-4.928105788184273,8.303065965084135e-07,0.00016850339752670746
JMJD6,16.223824170157908,-2.019327410886463,0.4107756087540937,-4.9158892783610035,8.838034090130297e-07,0.00016939565339416402
TIPARP,24.467358302629453,-1.818649464303473,0.37120500612790613,-4.89931287100374,9.617239631290815e-07,0.00017462882488396479
IER5,58.38042744606598,-3.806408682803943,0.782301443925099,-4.865654681277037,1.1407854876145268e-06,0.0001799547232314541
ABHD5,27.42309570576606,-2.612196300224706,0.5359199273777494,-4.874228717349913,1.092343774476323e-06,0.0001799547232314541
CD70,53.01924198656316,-1.9986049296351445,0.410856213278601,-4.864487538563506,1.1475373655339102e-06,0.0001799547232314541
DNAJB6,104.94834102627549,-2.171450544191695,0.45843728480215395,-4.736635994013487,2.1729494552333545e-06,0.00032594241828500317
MRPL18,71.85961511288201,-2.1831614416840273,0.4682044323281545,-4.662838048816027,3.118781857517059e-06,0.0004483248920180772
CSRNP1,33.51810750366731,-2.191183432124272,0.4748476126616067,-4.6144981541389525,3.940462770877991e-06,0.0005437838623811628
C3orf58,10.969407562770607,-1.974849921795776,0.4316324432525886,-4.575304643261272,4.755275156282306e-06,0.0006076184921916279
TAGAP,98.07916759398327,-1.85141828276898,0.4045803075588296,-4.576145324373622,4.7362160051430994e-06,0.0006076184921916279
AHSA1,53.65260859141686,-2.146464136570502,0.4710109605363632,-4.557142649347732,5.1854208532618015e-06,0.0006389179265626147
FKBP4,30.760050005209287,-2.3206806644122198,0.5108577717193966,-4.54271382933354,5.553461802996876e-06,0.0006606704558737663
TSC22D2,25.007504388943236,-2.0235231255122903,0.44894996308007595,-4.507235308874208,6.567778424220978e-06,0.0007552945187854124
PRNP,34.475517224559766,-2.002630343216522,0.447330823114274,-4.476844070959391,7.575453635149857e-06,0.0008430746787505487
AZIN1,25.286481580556654,-1.7522534845872257,0.399967870563896,-4.380985607960974,1.1814367559237484e-05,0.0012737365024802912
P4HA1,16.545655132461544,-1.9391294853816583,0.4539005480990087,-4.272146163962504,1.9360060358185566e-05,0.0020240063101739456
RNF138,22.614389525214865,-1.5838371931620259,0.37398267784178585,-4.235054955759399,2.2849581793910988e-05,0.002318560505558615
PDAP1,21.56592304694613,1.5528258701390896,0.3672631065060077,4.228101986371692,2.3567096827143152e-05,0.002323042401532682
GRASP,23.66514935539364,-2.7168533475282266,0.6560200963147922,-4.141417866297408,3.4516547381734204e-05,0.0033078357907495278
IFIT3,18.36153948153123,2.7527328944802245,0.6708705232169103,4.103225285976968,4.0743016366443864e-05,0.003799010985519766
ETNK1,25.192400807096977,-1.2758987604746572,0.313215821831433,-4.073545049589872,4.630289004957128e-05,0.004203815017658445
PPP1R15A,281.91139812101403,-1.9118364945800428,0.47058239370798377,-4.062702982820088,4.8507735066748363e-05,0.004291068871289279
CACYBP,76.992245623564,-1.9520307015815337,0.48363075347791085,-4.036200526008712,5.432379002378173e-05,0.004685426889551174
ZC3H12A,23.957438197726145,-1.5940349915225005,0.3979956879287972,-4.005156437292052,6.197645156273788e-05,0.0052150916558889185
KLF10,15.78387700599103,-2.053243759991807,0.514669517364232,-3.9894411670367576,6.622914300865036e-05,0.005440251032853422
HSPE1,238.79868897456748,-1.7415378896006914,0.4375414005327722,-3.980281380185071,6.88337431466379e-05,0.005522707298974437
APOBEC3C,19.68292817891602,1.7673294966645434,0.4464676919292412,3.9584711920087603,7.543103688583113e-05,0.0059144790285481225
RORA,9.029456188842925,-2.0130065263867154,0.5093315309167799,-3.9522519306106383,7.74191701523218e-05,0.005935469711678004
INSIG1,28.422543565116325,-1.7925331264102102,0.4585124693374327,-3.9094533873865767,9.250520238572538e-05,0.006253238447206851
MX1,45.24343050719371,1.819998628951431,0.463069776579703,3.9302902521390854,8.484337891773948e-05,0.006253238447206851
RAB8B,22.844996595307276,-1.4021628925728151,0.3575249150739112,-3.921860640909308,8.786781014592228e-05,0.006253238447206851
JUN,454.7164077355581,-1.7578407119898893,0.4501590581546418,-3.9049324458689965,9.425170992891487e-05,0.006253238447206851
RARA,16.997681207386265,-1.6927219284391573,0.4332418906299082,-3.907105857141467,9.340823755170103e-05,0.006253238447206851
REV3L,23.279211217667484,-1.4266113085958771,0.3642509335648571,-3.9165618455219695,8.98207812397887e-05,0.006253238447206851
ZC3HAV1,47.5900035877508,-1.5876743615189317,0.4050726219235424,-3.9194807932949023,8.873993240455478e-05,0.006253238447206851
MTRNR2L8,29.849007285002727,-2.9319482355790396,0.7597022154968779,-3.85933879850728,0.00011369422502734321,0.007400850497062907
ATF3,31.479654438336375,-2.235836993323317,0.5842135041516334,-3.8270888595259214,0.00012966771470110462,0.008284326217015017
SIRT1,8.87297755907679,-2.3342581177277975,0.6109745344165258,-3.8205489529232004,0.00013315497206561972,0.00835244824775251
CDC42EP3,27.760544539360524,-1.9906950473414553,0.5231340679713342,-3.8053248091090444,0.0001416182233588189,0.008571629308560091
OSER1,40.52695218689591,-1.3964947775675736,0.3669798668624216,-3.805371639341486,0.00014159142996492927,0.008571629308560091
PKM,72.5720765561216,1.5396448739454995,0.40617686769390954,3.7905774464383315,0.00015029745889311014,0.008858004785086854
MT2A,48.951001245335576,2.2238776497147117,0.5869884060914754,3.7886227847712304,0.00015148471951307953,0.008858004785086854
GOT1,15.172552669587322,-1.4585567201056608,0.38566956039885847,-3.781881874725154,0.00015564722218925188,0.00890907127128034
ETF1,20.860939027025907,-1.2463389804826275,0.3298152915344778,-3.7788999251186604,0.0001575227094342321,0.00890907127128034
ZFP36,478.8385036457501,-1.7420960678699167,0.4621579791116593,-3.7694817499819018,0.00016358686914038427,0.009102817718295577
HSPA4,51.2283396511786,-1.6822393278876862,0.44899319258869186,-3.7466922787596273,0.0001791816691505744,0.009659011852648152
GLA,49.15796420067655,-2.4358637250134705,0.6496986452590737,-3.7492208776919123,0.00017738480408956316,0.009659011852648152
RALGAPA1,29.01929316399177,-1.6063268761753742,0.42991927482737646,-3.7363453332497256,0.0001867142052135122,0.009882391041721273
ENO1,68.9347383605556,1.5697732717374313,0.42048881410325056,3.733210537562541,0.00018905443731988522,0.009882391041721273
UBB,432.4476870616122,-1.5281048785929048,0.410992308334649,-3.7180863184151147,0.00020073768456010135,0.010205517919594898
CCDC117,7.901690179165873,-1.8819342035717568,0.5062276518703932,-3.717565005819908,0.0002011522372557835,0.010205517919594898
LDLRAD4,34.88908381355172,-1.5860490933945393,0.427369181544017,-3.7111920135757,0.00020628554802178817,0.010226144579860976
PAF1,23.165019950997284,-1.4559168912370695,0.3924598420026251,-3.709721952207612,0.0002074869914754401,0.010226144579860976
ATP1A1,27.26304282662615,-1.558730311121217,0.4207457924194578,-3.704684251642517,0.0002116542138763955,0.010284606167233302
DUSP1,583.6534091741573,-1.8226371557046033,0.49427908934315123,-3.6874656342972356,0.00022649867095462565,0.010853061316575811
MCL1,124.45739831611422,-1.5079062218931045,0.4093722369278094,-3.683459907319059,0.00023008948705604542,0.010874092196484338
RHOB,58.684618908922495,-2.176886969663455,0.5919644370963552,-3.67739484544258,0.00023562816072985145,0.010985366952945778
CDKN2AIP,25.180778703780796,-1.5817676328416255,0.4320573894848325,-3.6610127990812984,0.0002512202071698029,0.011556129529810933
DYNLL1,151.11238560250945,-1.2804729479703516,0.3519749782759269,-3.637965841329036,0.0002747998598819257,0.012474467323587415
RILPL2,81.55009026503676,-1.5853087206592054,0.43634720315897135,-3.633135973330946,0.00027999737026815705,0.012545336719807036
SLC25A4,12.944317690575966,-1.4892490356811716,0.4120452406532055,-3.6142852501349134,0.0003011773316192851,0.013321305052391458
HBP1,30.519910928767313,-1.4604737752334975,0.40598598257891305,-3.5973502482924262,0.00032147546875216474,0.013863629589937105
MRPS18B,22.794324784268184,1.3174997063699154,0.36593127191007935,3.6004020631876084,0.0003177254897763097,0.013863629589937105
SDHC,22.18064556453869,1.3336880850819257,0.37186442493134814,3.5864901175425556,0.00033515875995374165,0.014275280516548257
ZNF296,15.725021097941498,-1.7872717492822265,0.49921479189853535,-3.580165849022933,0.0003433761966181843,0.014446925345521168
IFRD1,45.859367432882195,-1.6528564284673353,0.4644192805621332,-3.5589746111890905,0.0003723055158710305,0.015111223879471237
CD55,203.16880084990066,-1.5376397077894477,0.43149720750393783,-3.5634986300007867,0.00036594460572806167,0.015111223879471237
HSP90AA1,1160.9978942561825,-2.2777937324542488,0.6396662823666492,-3.560909485531776,0.00036957247615579516,0.015111223879471237
SGK1,21.035335307023885,-1.816688483667051,0.5135348677079666,-3.537614674102621,0.0004037588150914314,0.016197301303086494
CDKN1A,88.71505033304751,-2.0356644494699303,0.5769262171935882,-3.528465839830019,0.0004179758901591254,0.016455633543442087
NUCKS1,42.72381234267077,1.3802113022355318,0.3918409675614777,3.52237620998367,0.0004276967316028343,0.016455633543442087
NUP98,17.045209365525274,-1.2270776418323417,0.3481516881683585,-3.5245488777838525,0.00042420454583087704,0.016455633543442087
NUDT4,30.662392615688276,-1.567583323841474,0.4451593424221637,-3.5213982375660615,0.00042927739678544574,0.016455633543442087
UBE2B,69.26622533286336,-0.9266827334349275,0.26562011577210515,-3.488752087699548,0.0004852809974763146,0.018398015838387752
HSP90AB1,639.6433782829342,-1.8117825313594522,0.5206963006666364,-3.479537936105683,0.0005022792512270277,0.01883547192101354
HSPD1,215.422259049861,-1.9191701031147446,0.5550194961105908,-3.4578426822187507,0.0005445192477482205,0.020199907577756568
NAMPT,29.157288623439435,-1.4485798897153626,0.4208512659908596,-3.442023362588207,0.0005773803818147374,0.020950643263197306
CKS2,91.34914101965958,-1.7171802314900075,0.49926531186605766,-3.4394142566641817,0.0005829744212367946,0.020950643263197306
GTF2B,57.49557031214059,-1.4537458125754097,0.42198922808927736,-3.4449832266046627,0.0005710948293096554,0.020950643263197306
H3F3B,995.9249044822827,-1.1324909043578837,0.3297255979270348,-3.43464660153105,0.0005933270417768697,0.02110286901165155
NMI,13.188249069196257,1.5168702758857888,0.44542082854843523,3.4054767506698305,0.0006604863717597825,0.023251816148686225
MFSD14A,13.050002604534797,-1.2710186135612904,0.3737212801985053,-3.4009800375461032,0.000671447309120947,0.023398921378457244
CD83,576.2112987227185,-1.827500057519891,0.5384929399769074,-3.393730765714887,0.0006894744089889065,0.023786867110117273
FAM49A,26.399272415879143,-1.4335801940522839,0.4236966166012413,-3.38350635308822,0.0007156655171764317,0.024272905487484783
SRGN,226.96276963909773,-1.6068881670738713,0.4750239179940706,-3.3827521230076862,0.0007176337274560719,0.024272905487484783
SERPINB9,36.24512571120171,-1.4678036397692518,0.4351321489141919,-3.3732364832889026,0.0007429011818255256,0.024804686573451386
RTFDC1,19.880429268973483,1.3710516131554482,0.40666523889781575,3.3714502298534477,0.000747735479315636,0.024804686573451386
LYN,60.87387034203876,-1.5285807622608083,0.45390453918801255,-3.367626076168523,0.0007581835123775412,0.024911743978119207
VAMP5,15.99797891889385,1.947953491077617,0.5801811521294424,3.3574918522051798,0.0007865306155615294,0.025599345506483743
PCBP1,86.97407889254441,-1.185437618027256,0.35419109150815675,-3.346887164721239,0.0008172446827281227,0.026350412667402085
HMGN2,130.4348929006896,1.0878250528761988,0.3258160003312126,3.3387711216464377,0.0008414986751555503,0.026826091743946723
ELL2,19.20304551259714,-1.743869641743719,0.5226204465749222,-3.3367803597667316,0.0008475489855333892,0.026826091743946723
PER1,12.421869852638123,-1.5401825164370637,0.46227277255161486,-3.3317612628052746,0.0008629825346466407,0.02706627040482646
NANS,20.414205455182394,-1.2431357608554254,0.37441896829524235,-3.320173031071358,0.0008996167105182087,0.02796105992151189
TUBA1C,23.27269207995375,-1.398249152416991,0.4218463612960577,-3.3145933702523522,0.0009177652346823879,0.028020266014639274
ZNF267,13.932425908448398,-1.487155923310609,0.44859165652786004,-3.3151662579311667,0.000915886338687671,0.028020266014639274
TMED5,23.500507214536036,-1.2121436997150885,0.36610065489239185,-3.3109574744447663,0.0009297733709359097,0.02813787833095516
CD69,606.1506060758145,-1.4914439353028093,0.4512252069038984,-3.305320519517111,0.0009486784249247355,0.028460352747742064
EIF4A3,52.31587662059231,-1.8751581889323103,0.5687387646133636,-3.2970465626816714,0.0009770730146399303,0.029059499142308272
BZW1,45.28663302756048,-1.1684853199117688,0.3555362138273915,-3.2865437456648348,0.0010142501887452202,0.02990737736043598
BHLHE40,13.356201545915615,-1.4320319830898438,0.4379932863187916,-3.2695295289242066,0.0010772649274174064,0.030971366663250434
SMC6,19.67003147712976,1.1983776517051685,0.3661908433343789,3.272549473911605,0.001065822175406044,0.030971366663250434
FBL,37.80322683186466,1.056613526287324,0.3230921696323638,3.2703161066689126,0.0010742736430585838,0.030971366663250434
GLS,27.986548703512018,-1.9424430067714749,0.596961665916117,-3.2538823138509874,0.00113839429778414,0.03245834981285358
XAF1,36.74416344375486,1.3571385578185238,0.4186203400835151,3.24193171680997,0.0011872246453779492,0.03330674277421881
NR4A3,57.44168294935872,-2.0309107210976123,0.6269080102884406,-3.2395673492243144,0.0011971119142038065,0.03330674277421881
ZFAS1,243.1395144567279,-0.9611364812803017,0.2964992749662714,-3.2416149462410555,0.001188544919357187,0.03330674277421881
LY9,98.1019196300252,-1.3554070962177847,0.41968059927899787,-3.2296158043672847,0.0012395666912065853,0.03394051654494221
PA2G4,26.659175294296197,1.0275627339122542,0.31808052141455867,3.230511347700596,0.0012356899914232951,0.03394051654494221
BCL2A1,73.03466041178554,-1.1912603108754376,0.3719309035377898,-3.2029075818766977,0.00136047632887793,0.03666908855178796
TUBB4B,107.79344642976682,-1.739867274436137,0.5430828795045625,-3.203686472354576,0.0013568014381355586,0.03666908855178796
SERTAD1,88.92522093266469,-1.7690954642535013,0.5541407052939021,-3.1925022784875874,0.001410458319389252,0.03772155970459628
CLPP,15.482688561241622,1.4555860581646844,0.45686575022036663,3.18602577992023,0.0014424174350715223,0.03827953962305194
MRPL21,13.18330665220851,1.3110026198615197,0.4123528336173328,3.179322446655337,0.0014761977646603021,0.0388769640311301
FOS,579.2814352557348,-1.3887477250836684,0.4372007169068749,-3.1764534489074863,0.0014908771462262065,0.03896610723091222
ECHS1,14.991403556874399,1.3762430175412164,0.43479801837591825,3.1652467568316798,0.0015495148104962505,0.03989422459859749
MYLIP,23.390609742526014,-1.101963610646995,0.3480572063235587,-3.166041646678606,0.0015452866762190626,0.03989422459859749
MAP1LC3A,8.545750384436266,-1.6715835375321662,0.5288384760136687,-3.1608583969388815,0.0015730495099919761,0.04020015414423939
AP000769.1,7.501114438349075,-1.6450480592291952,0.5215003135888031,-3.1544526750300212,0.0016079945541658841,0.04079103832259044
NDUFB7,30.556385664109563,1.0370516262880085,0.3308998732596068,3.1340345225046127,0.0017242056944051065,0.042773916268334065
SAMSN1,50.9776719037754,-1.2574472677618453,0.4017422462804293,-3.1299851569110455,0.0017481513605319139,0.042773916268334065
PARP1,63.301352044666906,1.015890200799997,0.3241589564292062,3.1339260589637896,0.0017248431354451414,0.042773916268334065
NDUFAB1,27.145868576860515,1.2936286907312824,0.41230063382212356,3.1375859860777826,0.001703453014596092,0.042773916268334065
SELK,119.22835175315647,-1.1780192818190798,0.3761450137575903,-3.131822139687498,0.001737250837563618,0.042773916268334065
RAB5A,17.70924208590942,-1.12008728503259,0.3587940359775184,-3.121811325489182,0.001797420908291032,0.043669733335239866
SHISA5,32.22601142695597,1.3552589986139705,0.43450695869517475,3.119073173612261,0.0018142090021238992,0.0437693780232689
RNF6,10.210217240834213,-1.262912837741742,0.40534172963297477,-3.1156743690941298,0.0018352480948356697,0.04396948560543792
MRPS12,18.764138749619992,1.3277560997164897,0.4275818510107436,3.1052676734942337,0.0019010689997112293,0.045232331372439594
NDUFA12,23.971350208334748,1.4703569280288835,0.4755901779059399,3.0916469606310586,0.001990494258004128,0.046400035068339465
ERO1B,16.849770377490323,-1.2102284889466397,0.3910906637394343,-3.094495985598263,0.001971476026463596,0.046400035068339465
PTPN22,20.409460949434408,-1.2418705774486738,0.40162576379616155,-3.092108847078258,0.001987399612650002,0.046400035068339465
SESTD1,12.23621837343195,-1.4949748318459417,0.48443435279319685,-3.0860215078185025,0.0020285414837036405,0.04665645412518373
VCPKMT,18.766017225002464,-1.0972764504324954,0.3554883821558411,-3.086673167145769,0.002024100123082963,0.04665645412518373
HMGCS1,12.24159434950418,-1.5046439509932577,0.48819652200364355,-3.0820456172402393,0.0020558332974038554,0.046971025669160935
NABP1,28.356115435293454,-1.4654593162630205,0.4758032079303064,-3.0799693903654277,0.0020702187013316537,0.046988516576277665
BTG3,21.148261407230617,-1.1281453092681768,0.3675152324225395,-3.069655921012618,0.002143055092372813,0.04832379129860265
LINC00936,22.892024981142626,-1.2715434616675403,0.41465961970431214,-3.0664752516154326,0.0021659873816284574,0.04852374328972842
NUP58,16.45425497394421,-1.4686629750222715,0.4806956296288867,-3.055286723027062,0.002248454561050904,0.049259633746227105
ATG101,23.90064985764385,-1.0934510485629836,0.3576177802811578,-3.057596990013517,0.0022311942368865006,0.049259633746227105
TMEM206,7.538790571910786,-1.4168646821586184,0.46321259058602177,-3.0587784333886683,0.0022224145103377922,0.049259633746227105
PEPD,7.753962895650416,1.5080220002522091,0.49373917514351895,3.0542887341557634,0.0022559484440301107,0.049259633746227105
RPP21,10.381374148693576,-1.3798083651861377,0.4526590013743034,-3.0482291548316636,0.002301943156628461,0.04994782320986283
PARL,13.146128859951014,1.3358333266712061,0.43875142849211096,3.044624450026663,0.002329710209263658,0.05023437638724763
POC1B,7.710574449585889,-1.3339832517108057,0.43870204478818536,-3.0407500205632303,0.002359896706173689,0.05056921513229334
PSMB3,38.33945669471136,0.9238512286179719,0.3045775012471517,3.0332221678721627,0.002419573958138074,0.05152796392331084
TAF4B,11.217584916039417,-1.5906145380595158,0.5250590910454328,-3.0294010049278084,0.0024503919525451895,0.051864124148962604
ANXA2,41.91578510768733,1.3916714166779087,0.46149175185872265,3.0155932604922127,0.002564770520637895,0.053954014001224
ZNF22,18.127792672517792,1.1434490604941432,0.37949471101832905,3.0130829950853153,0.002586081818805434,0.05407261984774999
JUNB,857.9062136132701,-1.1525233283725307,0.3831353772091562,-3.0081360190953093,0.00262855461687362,0.054629598965144514
SDE2,13.750208591425977,-1.6037697871510332,0.5336635052952444,-3.0052079095492252,0.0026539936735321488,0.05482801301608331
PELI1,30.087240564799725,-1.6896725950000497,0.5647265127791642,-2.9920192460678656,0.002771387906593002,0.055913966536525486
FXR1,26.954443773495846,-1.0110376242542012,0.3377551681876557,-2.993403860196365,0.0027588441277241254,0.055913966536525486
SAMD8,10.207262606623052,-1.2585855580285208,0.42013720571735236,-2.995653660045607,0.002738572837397698,0.055913966536525486
PMAIP1,92.7938841304381,-1.566622203046221,0.5235786249911032,-2.992143162973548,0.002770263174451644,0.055913966536525486
PPIF,14.942768510590176,-1.4243781500757158,0.4769118752716157,-2.9866694958360793,0.0028203444668840096,0.05624386364595279
PPP1R15B,13.5968075237674,-1.509340126619579,0.5051092304284787,-2.9881460003002167,0.002806754394353147,0.05624386364595279
DNPH1,23.400868292948623,1.44932900830505,0.48706384191386226,2.9756448407462885,0.002923732474494146,0.05797055768393565
SQSTM1,111.91963114067298,-1.3676732768539241,0.4613275547230466,-2.9646468390013974,0.0030303058572537117,0.05974031547157318
OAT,22.114454843748792,-1.2982973261269042,0.43892208414658396,-2.9579220846252072,0.003097203995272049,0.060712237407321415
KLF6,570.5202602838648,-1.7918801436299074,0.6076778808501628,-2.9487335315266106,0.003190789639842001,0.06121738386583691
LMNA,74.53654841718375,-2.018900543882454,0.6851360949924391,-2.9467146142763565,0.0032116946318018784,0.06121738386583691
COQ10A,10.740856096886935,-1.2581936024581153,0.4269294527852228,-2.947076136935158,0.0032079420757133116,0.06121738386583691
ARF4,51.38433584210043,-1.0037145336378588,0.34009826739579624,-2.9512485944827405,0.003164920773962576,0.06121738386583691
CMTM6,122.7081966420333,-1.0338161226995974,0.3501313164431724,-2.9526525453411976,0.0031505636138521296,0.06121738386583691
AAED1,11.134139310693625,-1.2841100451367622,0.4368372016100395,-2.9395620162475886,0.0032867648815978713,0.06166490308676188
MAPRE2,36.00962001877077,-1.6022915243565103,0.5453561289744333,-2.9380645769392775,0.0033026822261214965,0.06166490308676188
TRA2A,40.23980532769486,-1.1037763516749635,0.3753798225303883,-2.940425364993103,0.0032776195261223417,0.06166490308676188
CAP1,57.526824102932096,0.9899019806049468,0.3369660472451216,2.937690573569436,0.0033066687162466514,0.06166490308676188
LRIF1,21.99274568654561,-1.1612374046451517,0.3963961728673106,-2.9294869227555926,0.003395220991563974,0.06297587323062209
BACH1,30.95885606233753,-1.3795281688968142,0.4712275242505113,-2.927520354612048,0.003416766951623898,0.06303660953530721
AMD1,61.798875758137434,-1.463312127767734,0.5002415083046189,-2.9252113298776066,0.003442223737110702,0.06316846751612723
HMGB1,259.7771775413943,0.8063677595436393,0.2766626823444456,2.914624237394293,0.0035611703440514187,0.0650054904072878
PRR7,9.403777414800308,-1.5342025517872406,0.5283004836833887,-2.90403397152044,0.003683881854010113,0.06689153892807836
EID1,37.777615205540144,1.0061230643959185,0.3475081608511647,2.8952501775255683,0.0037885645773390844,0.06727689506854259
MGP,48.61583781220621,3.225067392239475,1.1143636953401794,2.8940887124422745,0.0038026071125697985,0.06727689506854259
GTF2H1,10.48624186527324,-1.1994272468504303,0.4144165817403043,-2.8942549591368807,0.003800594233348337,0.06727689506854259
STIP1,28.718955762259377,-1.4906474006977752,0.5148175849036374,-2.8954865653565274,0.003785712340708688,0.06727689506854259
CHD2,50.07637746009471,-1.252499793756549,0.43187814242989725,-2.9001231382295654,0.003730160893882747,0.06727689506854259
KLF2,92.8701315529004,-2.0677993138892887,0.7154885556597284,-2.8900522552490573,0.00385177793751604,0.06779915247158336
RNF10,25.015024641689504,-1.1786928387393965,0.408430221773508,-2.8859099447176364,0.0039028381456953608,0.06800399799317675
CITED2,33.25185705575371,-1.6135419387014258,0.5588372585906026,-2.887319901988652,0.003885389691227753,0.06800399799317675
ODC1,68.27165223534433,-1.19340226770302,0.41454046772102887,-2.8788558913532603,0.0039912066687471486,0.06884831503588831
SSRP1,16.737229944966526,1.397864409916227,0.48548329007967095,2.879325485511208,0.003985267934944163,0.06884831503588831
C11orf31,96.67207732448526,1.1027406114792868,0.38392981118313285,2.872245341097736,0.004075664163271164,0.06992287042336322
HSPA8,439.8932448978756,-1.431679773084829,0.4989713512429164,-2.8692624727222826,0.004114302230708039,0.06992287042336322
ANP32A,27.77390352006402,0.9981089939369515,0.3477757126108502,2.8699790058479535,0.004104990530584202,0.06992287042336322
PTP4A1,28.12699016480132,-1.1801512135333354,0.41189205029886633,-2.8651954138882383,0.004167519773272854,0.07048011381270268
POU2F2,89.56716183267582,0.9710850385535166,0.3394976132777048,2.8603589556288904,0.004231617379751228,0.07121502419581334
NR4A2,366.0963442765893,-1.5808942402712176,0.5545913871789387,-2.850556782558079,0.004364275705995584,0.07225860198117262
MKNK2,29.82718114047039,-1.5365059203674232,0.5387508055896637,-2.8519788823066623,0.004344798694419417,0.07225860198117262
MYC,51.48897189110518,-1.4217212713061977,0.4989193497392538,-2.849601387577412,0.004377405163497124,0.07225860198117262
FDPS,16.32953091093362,1.081553005476876,0.379451835913563,2.8503037885505127,0.004367748981377649,0.07225860198117262
CEBPG,12.243304546644334,-1.260836581715423,0.44302644918610856,-2.8459623212829106,0.004427743363912638,0.07274149812142192
DCXR,35.082549382674735,-1.0759633545002345,0.37958494136229576,-2.8345786074618764,0.004588616752841655,0.0746732443269043
SOD2,37.11188314658561,-1.409536741858401,0.4970740097789287,-2.8356677559651247,0.004572999148714081,0.0746732443269043
IRF8,105.97195632951511,-0.9651136990618459,0.3412094095660629,-2.8285084525929123,0.004676546611654198,0.07574688173806095
PRKDC,19.270962603428263,1.0741818537492667,0.38028724321013435,2.8246591830999406,0.004733093127573353,0.07618507848053489
RFC1,18.851369361600522,1.0331945759270302,0.3661082292256861,2.8221014810626426,0.00477100774760412,0.07618507848053489
SOD1,111.00504871330452,-0.7761156949255065,0.2751502393174396,-2.820697873462888,0.004791931023268426,0.07618507848053489
UBE2L6,48.251572543395625,1.0880987596070424,0.38563810665947623,2.821554044626219,0.004779158409431851,0.07618507848053489
BIRC2,13.884773210111522,-1.1406543355339631,0.4047841555449573,-2.817932273061208,0.0048334003962553825,0.07649188700495904
OAS1,24.523654729929426,1.2048384134529146,0.4278373981340046,2.8161128940755726,0.004860858243217257,0.07657516410547734
GPBP1L1,13.580024656077708,-1.0615262923957038,0.37730618564106017,-2.813434639541154,0.0049015349496668035,0.07686497989250214
PIM2,43.23640622320175,-1.105583006466632,0.3936082146058282,-2.808841293045162,0.004972015056976259,0.07761742962248007
NR4A1,234.87909028085332,-1.5324786902681733,0.5494971331083124,-2.788874769190295,0.0052891512645746215,0.08131811281229993
ATP5J2,39.56575897312222,1.1259182180534681,0.4040517819280973,2.786569119137878,0.005326925650892691,0.08131811281229993
IP6K1,10.902754176892902,-1.2902016759102004,0.4627717645042407,-2.7879870270226426,0.005303666760773901,0.08131811281229993
UQCR10,53.411807992930754,0.8100321600120125,0.2904503945557798,2.7888829734622695,0.00528901728381054,0.08131811281229993
SRSF2,131.46477781178638,-1.0798923969347458,0.3871540330974069,-2.7893094340129156,0.005282057142697699,0.08131811281229993
NFKBIB,16.26223314642191,-1.0461867012578456,0.37580613814364355,-2.78384676318928,0.005371840660934023,0.08164251224767569
MRPS33,15.443141614049043,1.331235122811632,0.478872383911841,2.7799371346849444,0.005436942263653634,0.08226952109475894
FNDC3A,11.211890207250988,-1.237297370208708,0.4458855099018167,-2.7749216844502507,0.005521500213465393,0.0826886820568192
LGMN,13.399193297755005,-1.548032239314083,0.558043211510855,-2.774036503594258,0.00553654653771746,0.0826886820568192
FCRL5,23.420442275220964,1.307880477598721,0.47113586674027974,2.7760155189367244,0.00550295817170286,0.0826886820568192
HLA-DRB1,857.1638470421522,-1.0433423769149701,0.37724638727114207,-2.7656789093783374,0.005680443585801094,0.08410957240778442
CSDE1,56.43695201350681,-0.7103644725394167,0.2568000777069367,-2.7662159563288498,0.005671096527735193,0.08410957240778442
RIPK2,17.68014980438693,-1.2241730226648482,0.4434650102352995,-2.7604726289799286,0.005771779423004919,0.08473463408241264
SEPT6,90.35260567285472,0.9391032368793562,0.3401804643990681,2.760603077364512,0.005769474835599197,0.08473463408241264
SDCBP,65.17233190515562,-1.3539951876202194,0.4907494448725702,-2.75903559701795,0.005797221972832607,0.08474752460284955
ATP5G1,37.775435414879745,1.0343728634970741,0.3751578042633283,2.7571673886091785,0.005830449639634531,0.08487363399467987
MRPL28,11.07365220140476,1.2201960519695534,0.44291936013733463,2.7548943708200317,0.005871108655844584,0.08510640698598242
DBNL,38.32657442557878,1.0199285605022725,0.37096980326121765,2.7493573642275457,0.005971224500047056,0.08558975375600365
ATP5J,46.654933726295226,0.7609927883244028,0.2768907289418677,2.748350554142861,0.005989593274080698,0.08558975375600365
TUBB,97.26754755494412,1.5480868433080144,0.5634365059170882,2.747579943880706,0.006003687075058807,0.08558975375600365
MTR,10.830535720188935,-1.0904344151043064,0.3965550455346638,-2.7497681025192984,0.005963745363630088,0.08558975375600365
SNAP23,33.84660935778531,-0.9406382045938588,0.3437828443543578,-2.7361406191179394,0.006216445533000114,0.08825817732037199
SNRPC,27.93614493915057,1.1588209763189277,0.4241283004371637,2.7322415767221635,0.006290499827366264,0.08894354264103937
RP11-624C23.1,11.794879795656136,-1.4942215306912991,0.5493936978847879,-2.7197645994924553,0.006532840469108126,0.0895765890839411
RHEB,26.447134117588963,-0.9812101687982581,0.360993231781837,-2.718084668665598,0.006566103337555963,0.0895765890839411
PIM3,39.57081524053158,-1.47004298301884,0.5404438034054633,-2.720066311715953,0.006526882603547311,0.0895765890839411
COQ10B,24.59408861772514,-1.0573402740201505,0.3885261629314571,-2.721413317554844,0.006500343053551811,0.0895765890839411
RASGEF1B,76.64344529862912,-1.6643224294708305,0.6114204153697325,-2.722058975515885,0.006487656345637301,0.0895765890839411
HIST1H4C,108.0150418414366,1.2597401415526204,0.4618993229183974,2.7273045857553155,0.00638540668555633,0.0895765890839411
PSMA7,93.31103108619524,0.8393004750326505,0.308315042107608,2.7222170844967013,0.006484553016426849,0.0895765890839411
SLC7A5,8.74385131166762,-1.3208542884791576,0.4846910209483555,-2.7251470140601115,0.006427286124620729,0.0895765890839411
UBC,540.7294171282567,-1.1579897571944573,0.4260540040555443,-2.7179412613699814,0.00656894986615568,0.0895765890839411
CA5B,11.485799534353237,-1.1655932407148157,0.429378707396474,-2.714604195867928,0.006635502288715032,0.09012788541758607
BRD2,83.13274819049536,-1.1125744519263092,0.41033951484962533,-2.7113509951241905,0.006700965110170221,0.09066011619642063
SEC24B,7.8357407516294115,-1.2470465030183489,0.4604435884164693,-2.7083589268929087,0.006761685175080078,0.09112427286729011
ANAPC11,35.42856319260608,0.9985631109256058,0.3690515787582272,2.705754881974868,0.0068149327970752635,0.09144445001076981
BID,9.346355121779128,1.4321779026171932,0.5299298665439982,2.7025800828274034,0.006880360781326159,0.09144445001076981
EIF1,1114.9449594250104,-1.0546329672094306,0.39030933525647593,-2.7020439224606845,0.0068914657979130866,0.09144445001076981
UBQLN1,18.38329854898125,-1.0034751197961218,0.37108761729242895,-2.7041460642577873,0.006848017983712355,0.09144445001076981
RPL7L1,21.85429949927674,0.9773202677275473,0.3628386468319408,2.693539611231715,0.007069774418895522,0.09345104116930862
NUAK2,10.204693055021838,-1.318469223884351,0.48994410305036673,-2.6910605019544667,0.00712252765204233,0.09378900915857266
CCT4,66.54597003036716,-0.9243489172012913,0.34366185321929316,-2.6897047447726403,0.0071515261831743,0.09381279593897845
SNHG12,39.77178804801241,-1.323914400271236,0.49366318658655134,-2.681817150323647,0.007322347025461272,0.09548398626614177
MB21D1,10.767141715577576,-1.5650242635386495,0.5836871420547013,-2.681272467352006,0.00733427720595002,0.09548398626614177
HSPA5,63.67276800125741,-1.0761756464094727,0.40190333039813175,-2.6776977571780662,0.007413007741995322,0.09614615304467618
FAM210A,14.820821119696365,-1.2602751281395674,0.4712721624831553,-2.6741981140984827,0.007490818475085369,0.09679147467806937
CORO1A,233.7780376647892,0.8722838563133479,0.32662061382915875,2.6706332037254765,0.0075708326147055525,0.09746034522661998
SOCS3,31.962710564076303,-1.3918472460116884,0.5220037664348417,-2.666354795708976,0.007667872245802995,0.09834259943501983
TIMP1,12.872073957737257,1.2927390807057029,0.4855676833968552,2.66232520183833,0.007760286370564815,0.09859699288135883
G3BP2,50.66081610331316,-1.0919966900676157,0.4103092455139907,-2.661399181243604,0.007781664110192696,0.09859699288135883
LY6E,109.52595739340703,1.064007022039397,0.4000573671563524,2.6596361156962685,0.007822511450761434,0.09859699288135883
ATAD1,11.175574480011566,-1.1072943281406051,0.41638753321359706,-2.659287898450574,0.007830601753476035,0.09859699288135883
ERH,62.79901559852861,1.0286782146125282,0.3867714395186504,2.6596540217466718,0.007822095633184235,0.09859699288135883
PGRMC1,9.189925353186224,-1.090997539287922,0.4108416590907112,-2.6555182882440773,0.007918663965344384,0.09934323883795682
DERL1,22.144068388767643,-0.853464354072846,0.32242649548501157,-2.647004405729803,0.008120829499751318,0.10151036874689147
TUBA1A,119.47834149696371,-1.2964471054701916,0.4916009003220787,-2.637194326985177,0.008359492777243618,0.10411642628696924
ATF6B,21.271876049970263,0.8808708373958023,0.33487030990787336,2.630483537457053,0.008526349903520516,0.10432873462121035
PPP2CA,25.831015658438673,-1.159006393956239,0.4406151166009094,-2.6304281226148167,0.008527740047298933,0.10432873462121035
TCP1,50.653978781351256,-1.1166853438386761,0.4242119144499819,-2.6323761917119435,0.008478992012630365,0.10432873462121035
SF1,129.15293915784437,-0.6782169903028286,0.2573807397291738,-2.6350728147586926,0.008411923571169119,0.10432873462121035
ADGRE5,45.96654802161405,-1.181604986953329,0.44877060866577945,-2.632982116334017,0.008463880383834128,0.10432873462121035
PSMB6,31.07234771651822,0.887959176194774,0.3384436168643649,2.623654670818134,0.008699193665313068,0.10605024079621937
PDIA6,47.046446117935446,0.9700552173618048,0.370028111962323,2.6215716752368743,0.008752535563372656,0.10632481582266079
ARHGEF1,30.79115829226755,-0.7535086204965042,0.2888293936957663,-2.6088363474882343,0.009085067937253189,0.10997713818780175
VAMP8,39.352928139860296,0.8797509131291796,0.3385969143733411,2.5982248383963578,0.009370711411177906,0.11299125067769966
MRPL20,34.379912758344645,0.8641310985534459,0.33287352337008996,2.5959742601477553,0.009432313100051451,0.11299125067769966
NDUFB3,21.201276739341388,1.0352956486310902,0.39872953152082985,2.5964860056446706,0.009418274219204955,0.11299125067769966
COX5A,67.02249874578345,1.2958471848137452,0.49960841434136044,2.593725701201561,0.009494219989039506,0.11333930436742663
EZR,214.39002227158676,-1.1092257743252147,0.42823872543694075,-2.590204267942954,0.009591899685543054,0.11411053074180529
POLR2G,23.911907414277216,0.9975719031589371,0.38576479178116596,2.5859589169683295,0.009710850434923694,0.1151286391769304
RPS6KB1,8.969329436100455,-1.3389264035229322,0.518116735083803,-2.584217634480321,0.009760018574857811,0.11531528795636797
BRAF,9.240545744607575,-1.175680688833391,0.45585822831785305,-2.5790489582073146,0.009907274433581706,0.116258832638969
PNKD,14.199684420117046,1.1663601199904843,0.4522288292726395,2.5791370308399992,0.009904748754026119,0.116258832638969
MRPS18C,18.9263438569908,1.0532600810671768,0.4087957229095732,2.5764948653833177,0.00998076878468685,0.1167242451090496
IRF4,16.63700501136258,-1.3383299717775512,0.5197003431604195,-2.5751954744513985,0.010018344981777857,0.11676787225382976
PEF1,12.48103707839395,1.1604727586585009,0.45107522055736626,2.5726812419990064,0.010091410287563322,0.1168300855439378
BRWD1,17.37238169246919,-0.9931632198339665,0.3859685411763671,-2.573171421709584,0.01007712820435522,0.1168300855439378
GRN,37.77411650828178,1.0191040389339512,0.3966479714325699,2.569290938897941,0.01019068602469888,0.11689397592047641
PRPF6,16.383063985235854,0.9757586779806268,0.3800720344772002,2.5672993260943557,0.010249409506174161,0.11689397592047641
YPEL5,231.22081071893663,-1.32244264376432,0.5147866516724351,-2.5689140141221185,0.01020177676493285,0.11689397592047641
TAF2,7.394519537216023,-1.1158266421016025,0.4344044312994433,-2.5686354965666585,0.010209978845803143,0.11689397592047641
LINC-PINT,61.580931333281036,-1.1798367742695288,0.45966586079994864,-2.566726996467127,0.01026634049388532,0.11689397592047641
TIMM8B,12.01722248685808,1.22002230771458,0.47672604437427407,2.5591685667518296,0.01049228512528045,0.11877824991038256
TADA3,12.998683770155415,1.2662400045671207,0.49483949484504075,2.55889034274365,0.010500685861642517,0.11877824991038256
INPP5F,28.56624198006167,-1.4281652777265799,0.5586754594662116,-2.5563415280333333,0.01057792406690713,0.11926090859748235
YWHAZ,200.20961768945938,-0.8075693884102392,0.31648849596258594,-2.55165479539486,0.010721268642330008,0.12048331210436003
SMC1A,18.104595445709634,0.9874669488978264,0.38823971501940946,2.5434465117729115,0.010976486114665052,0.12295089966102087
ISCA1,16.657430956004895,-1.0138364621960723,0.3989353238375047,-2.541355456928729,0.011042359347992985,0.12301297377653231
RAB11FIP1,52.5819210397225,-1.0676719024317285,0.42017652478169004,-2.5410079798876337,0.011053339672673917,0.12301297377653231
YWHAB,118.34953802635304,0.6433852601025865,0.2536057380312433,2.53695072160916,0.0111822693391854,0.12404768238003097
NDUFB6,20.779435280498337,0.891054269209278,0.3519401158014787,2.531834903730898,0.011346740240085683,0.12546876227017822
PPP1R2,65.70995284036697,-0.7321956393898518,0.2894068456985615,-2.529987283550602,0.011406666070345042,0.1257284279319182
WTAP,40.45373773383999,-0.9850130345716462,0.3899913889538089,-2.525730214746645,0.011545810703417751,0.1264541172279087
FERMT3,21.26832751810705,1.1960280409093496,0.47351762812082027,2.525836357256329,0.01154232314928797,0.1264541172279087
KXD1,18.92617069163553,1.0987395842875527,0.43545568507184507,2.5231949471649995,0.011629391090670457,0.1269664533633325
TIFA,18.12980452849876,-1.0881633425677613,0.4316460733466144,-2.520961986590249,0.011703449452853577,0.12737192622190802
LPAR5,9.755496934164913,1.4037339238856612,0.5581049160850795,2.515179285164496,0.011897186623910474,0.12907325110846268
HERC5,11.67468713876757,1.4575699548298144,0.5798972587274106,2.5134968874115113,0.01195408327923177,0.12928397276912104
BCL2,26.75118038938133,-1.1369992686923365,0.4549898118741187,-2.4989554469560478,0.01245599697822795,0.1342912174215201
DNMT1,14.337509713719422,1.213646698803619,0.4872796881267411,2.490657272149522,0.012750705002158549,0.13661469645169871
IFI44L,57.330996807580775,1.5481291015831837,0.6214537184668246,2.4911414246623873,0.012733342394954019,0.13661469645169871
ACTG1,616.2228617179642,1.0123768821099908,0.40802260223209574,2.4811784361252607,0.013094880279703321,0.13774412763965993
PSMF1,21.07712779955095,0.9845604538969088,0.396571576248724,2.4826803353133067,0.013039804607047036,0.13774412763965993
IKZF3,32.46525843676615,0.7905915409092532,0.31829030475737397,2.4838693767688103,0.01299634705232003,0.13774412763965993
NDUFAF3,31.04626111269881,0.9178879345927988,0.36938767091511665,2.4848905550064355,0.012959126937385606,0.13774412763965993
PLK3,20.504233027500952,-1.1849201852688258,0.47756762666914265,-2.481156843760967,0.013095673584292308,0.13774412763965993
PITHD1,24.727795153046106,-0.9329924869353197,0.3752632706996337,-2.486234491310237,0.012910286596164493,0.13774412763965993
GNG2,23.538499999134018,-1.331654690297195,0.5380824480466515,-2.4748153282668333,0.013330508503361108,0.1397019850303687
MRTO4,9.330621669451272,1.0620286119915359,0.42928439935230933,2.473951100002448,0.013362798568122223,0.1397019850303687
DDIT3,37.58441663609077,-1.0355845396231431,0.4196149408835216,-2.467940101090454,0.013589305709887116,0.14164079969519802
FUT8,16.723677496708014,-0.8361167412016454,0.3400690088805765,-2.4586678567210107,0.013945356822655295,0.14491409951253245
NFKBIZ,37.83292282799218,-1.1292731948704409,0.4601599959949716,-2.454088153466476,0.014124235192689762,0.14633216641074978
FGFR1OP2,34.21258472533468,-0.8412780688723984,0.34328103777445496,-2.450697755770422,0.014257961864601479,0.1472753545894464
THRAP3,45.963034650349265,0.838508549657669,0.3423557750626979,2.449231503409304,0.014316140067422732,0.14743487532121918
OPA1,8.605738339044262,-1.1285390202978507,0.46150717136846003,-2.445333659608169,0.014471818818588335,0.14799113130527264
KAT6B,15.943797867216793,-1.0694969292560748,0.43748274123690634,-2.444660848179424,0.01449884126990787,0.14799113130527264
SNRPD1,41.12439222186337,1.0908974948329884,0.4458620128261075,2.446715493697943,0.014416458787364611,0.14799113130527264
ZCRB1,18.456706142002698,1.0558886912132033,0.432494201193962,2.441393869092977,0.014630688055004962,0.14869020125565807
GLOD4,14.145009328046863,0.9808118425014866,0.40183527967751614,2.4408305893116578,0.014653527080267754,0.14869020125565807
RBM8A,111.84032274543581,-0.7564134272325624,0.31007664275172586,-2.439440199429056,0.014710037110739146,0.14882588865703827
H2AFX,37.96807694514914,-1.393445265892039,0.5719651874783902,-2.436241394402497,0.014840776960509557,0.1496532988719939
TRAF4,27.419821429546925,-1.2160085155204559,0.49932160812418014,-2.435321235323021,0.014878574351621423,0.1496532988719939
TPM3,121.5686685736255,0.5974180772753765,0.2457533706010361,2.430965955072267,0.015058629448408736,0.15102404534014577
CCDC167,12.897453037325764,1.4653019326033931,0.6036340027195133,2.4274675150867298,0.015204648426972821,0.15160704356374632
HSPA9,38.90765968050329,-0.9519888749098719,0.3921436015637559,-2.427653724588682,0.015196845056382153,0.15160704356374632
H2AFY,18.771066657828804,1.0929761043868802,0.45070991776391284,2.425010103636978,0.015307960714153171,0.15219730393034134
SPATA2L,7.965743247827751,-1.4346378313635026,0.5930192647057916,-2.4192094873600007,0.01555427960112334,0.15362283806787577
CHIC2,13.802063709960365,-1.0950324404739737,0.4527746125297112,-2.4184934626875028,0.015584925601088845,0.15362283806787577
PEBP1,66.59575339295085,0.7894712412978921,0.3262199584759949,2.42005806446078,0.01551802900101247,0.15362283806787577
KRCC1,22.716819345501456,0.8565488334221402,0.3546291319656278,2.4153369145802737,0.015720660740314453,0.1537220532422834
UBE2A,35.204836672141084,-0.8428029720135227,0.348841888537097,-2.4160027786453635,0.015691941598115648,0.1537220532422834
DHX15,14.087125615189999,-0.8811790207197846,0.36485453976245474,-2.415151586968035,0.015728662259282912,0.1537220532422834
CMPK1,23.058265026064767,-0.9253925117949272,0.38348691619084485,-2.4131006110633493,0.015817452619901345,0.1541531399397165
COBLL1,26.123853428701317,-0.800035133722621,0.3325764638206007,-2.405567503280022,0.01614736848402563,0.15692513033771388
CYTIP,126.94560677074294,-0.8426203452606348,0.3523677152565068,-2.3913097278144444,0.01678838337561719,0.16224067968033418
SPAG9,15.025634705380446,-1.1412144356951168,0.47709275718920224,-2.392017943048634,0.016756023189432118,0.16224067968033418
MRPL51,31.132140597015514,0.8184806534587988,0.3430693834037552,2.3857583714940147,0.017043945312517676,0.16425031097258655
STK38L,9.541133222440859,-1.126096598252226,0.47289503811038247,-2.38128233011693,0.017252483512413253,0.16579684712486276
SNRPE,35.58180852602629,1.1895368366140964,0.500265730383271,2.3778099605238814,0.017415798958140653,0.16690140668218126
LAMTOR3,15.505122227433858,-0.9907365973758953,0.4168450083489116,-2.376750536848505,0.017465895827147204,0.16691784100736248
IFI6,37.14014789165073,1.2087170260907107,0.5097666909307801,2.3711180969547487,0.017734363553063553,0.16901534325433498
CDC42SE2,49.339195269296376,-0.8974128222631239,0.3798365286729166,-2.3626290641359056,0.01814582179832626,0.1691975275789881
ANKRD28,8.709018990074354,-1.1526181115458385,0.4870376541806974,-2.3665893214864284,0.01795284159310481,0.1691975275789881
TFEC,11.142846814355535,-1.2881477713351785,0.5447909402199477,-2.364480897599208,0.018055358455460916,0.1691975275789881
ST8SIA4,16.903894288830116,-1.0001588524289078,0.4228681450078727,-2.365178990747311,0.01802135878092693,0.1691975275789881
PGAM1,44.712760420447125,0.8814986278373739,0.37284318789112636,2.364261052544105,0.018066077334746838,0.1691975275789881
ETV6,11.66360563234829,-1.0885628078394578,0.4606189550195746,-2.363260990406263,0.018114907251346065,0.1691975275789881
NHP2,39.084480137064126,0.9132556520305237,0.38562599195102487,2.3682419522865272,0.017872843364344915,0.1691975275789881
PSMB8,68.34441596540067,0.8104958353587245,0.3430375334875736,2.3627030754291627,0.018142198695246893,0.1691975275789881
PRDX2,29.529737052131498,1.0285288813920506,0.43555086012721467,2.3614438072551165,0.01820393051379849,0.16928183361888083
RNASE6,24.9643059388205,1.5119882742879114,0.641265059226965,2.3578210796493257,0.01838255057993221,0.17048333199130677
S100A11,60.864755810007,1.082695161533877,0.46076531865735393,2.3497757268033848,0.01878472559252149,0.17374612143216925
MRPL16,12.118076256791031,1.1656544905207449,0.49687630515609715,2.3459651394617143,0.018977882375523294,0.17468061335422078
AHNAK,59.39883956729013,-1.2196416786991944,0.519928868085415,-2.34578565177656,0.01898702319067617,0.17468061335422078
NFATC1,22.942138929272318,-0.9501373423704537,0.40563838331844165,-2.342326025948485,0.019163966203807663,0.17583958351897988
PHB,29.7239198575383,0.8738186857512674,0.3732213808758661,2.341287853607456,0.019217344064108893,0.17586163666094345
EIF4G2,83.10151722206098,-0.6877282830025868,0.2942506779801036,-2.3372190260478827,0.019427798373576746,0.17731720737788298
STARD7,15.663710815042203,-0.9988354138780426,0.4275708721265986,-2.3360698284009844,0.019487602495235175,0.1773937430305049
TMEM179B,19.186323197762135,1.024664418814367,0.43918050554426835,2.3331281918912112,0.01964141822473788,0.17832340230354127
NUFIP2,21.256767875276882,-1.4519543191995328,0.6240698567212007,-2.3265894091215245,0.019987128761968516,0.18098581162412436
PNP,20.07240285683322,-1.1260420687643615,0.48515756431467566,-2.3209821954543512,0.020287804796120815,0.18274915547419535
DFFA,10.201541222002373,1.09599474856837,0.47208294383630656,2.321614798581673,0.02025368633502649,0.18274915547419535
SNX29,21.20881933467526,1.0115870189220004,0.4363750423008994,2.318159658233771,0.020440645609161534,0.18364642539481066
FKBP8,36.096092996042834,1.0514779197950832,0.4538020823538667,2.3170407556110764,0.02050151175962799,0.18371484563822482
PNRC1,194.07822954450236,-0.7511188453890808,0.3248595269004774,-2.312134270943485,0.020770285080344512,0.18564114903416726
LAMTOR1,43.24092812241102,0.7413503759347239,0.32125245406780595,2.3076878216726366,0.021016505915741297,0.18685880453216575
UFM1,30.96555218876452,-0.8895274292202846,0.3857822912756007,-2.3057756909448472,0.021123169207983954,0.18685880453216575
ATPIF1,50.0461132276026,0.6611411538677082,0.2866341371983923,2.306568088259853,0.021078910271985916,0.18685880453216575
PARK7,59.98919003651357,0.8745622221296118,0.3790354457783456,2.3073362448562214,0.021036082437995006,0.18685880453216575
KCMF1,7.641130967101274,-1.302708070087589,0.5656095343407451,-2.303193264954383,0.021267971604898673,0.18765857298440006
ZNFX1,11.676021775057992,1.024642325227342,0.44511276698386043,2.3019836797098545,0.021336092560225083,0.18777938605300137
ARPC5,68.24294874525087,0.9036220526459597,0.3931358485514183,2.2984982315286744,0.021533448423228487,0.18891939134142102
MAP3K8,62.992325849648886,-1.1828648405409614,0.5147892008214712,-2.297765451671118,0.021575142083628953,0.18891939134142102
CSTB,41.22978335421514,1.1185179152862565,0.48754539502087957,2.294182094035275,0.021780041391392658,0.19023074126659412
RASSF5,15.624351606060179,-0.882185646581982,0.38526804630160044,-2.289797077776282,0.022033082645883925,0.19051161686290613
NXT1,26.027894658807675,-0.8121602821568028,0.3546238974881062,-2.290201782535093,0.022009622154422037,0.19051161686290613
ARRDC2,19.68114715911058,-0.9337615567810155,0.40772500030195713,-2.290174887704901,0.022011180557181,0.19051161686290613
LDHB,89.00257171454321,0.8728959462270427,0.38079024339172624,2.2923274988668183,0.021886752172040374,0.19051161686290613
GAPDH,564.7558981346106,1.2749259499165655,0.557120271846449,2.2884213954216963,0.02211299285178486,0.19072456334664442
ATP5G3,70.97726181259178,0.9191140718515258,0.40195047758971847,2.286635103316608,0.02221713052087546,0.19114488852124772
CUL3,14.67955105210813,-1.2945609779615697,0.5663880664508367,-2.2856431034532387,0.022275146344252816,0.19116730071560253
SAT1,339.4782206998331,-0.8753134518592974,0.3833562865453037,-2.2832896774626286,0.022413310662700095,0.1918757364424698
DYNC1LI1,12.854075120555668,-0.8797698617550725,0.38562833194262447,-2.281393219536496,0.022525188910883853,0.19201528557571892
SKAP1,8.256555851367862,1.1864935813838693,0.5201347889734874,2.2811271357670098,0.02254092482845396,0.19201528557571892
MYADM,51.84181446973504,-1.3767421230452224,0.6039169303636815,-2.279687907103618,0.022626205034505832,0.19226701322424908
RAD23A,40.26822111755481,0.7114828658784573,0.31224323202985005,2.2786174139090405,0.022689817864117886,0.1923338369317118
BORCS6,11.552805262867695,-0.9913311683805909,0.4360638817194207,-2.273362252502374,0.02300435891488091,0.19407224541895893
NCOA3,41.675982669996465,-0.8035406072784806,0.3534669799612008,-2.27331166087051,0.02300740532647948,0.19407224541895893
IGHG1,64.70125757709991,1.4212778841322027,0.6277460362612894,2.264096946907074,0.023568152727899336,0.1969783214593974
LCK,9.38986288224991,1.4002688500798863,0.6184777841328163,2.2640568279153945,0.02357061981070359,0.1969783214593974
RANBP2,18.770841742357145,-1.0228860417507335,0.4517495623616176,-2.2642767740678655,0.023557097164734843,0.1969783214593974
ARPC5L,38.77226671354442,0.9038741186599367,0.39925542723427543,2.2638993912274628,0.02358030340948728,0.1969783214593974
HAUS1,10.4733818615459,1.0903114105507727,0.4823879348771152,2.2602377292635265,0.023806500403274384,0.19743215495892288
CDK17,9.18791877164984,-1.078225743082461,0.4772871067475849,-2.2590715899071725,0.02387893203933284,0.19743215495892288
ARFGEF1,8.66364704177261,-1.0861611474220512,0.4806887653809158,-2.259593370278451,0.023846499448057248,0.19743215495892288
ADH5,12.048412348661621,1.146272914229257,0.5079722957152601,2.256565808604238,0.024035218864564528,0.19743215495892288
ATRAID,23.28105744409039,0.7531393811871333,0.3336520049525458,2.257260169301994,0.02399182265185112,0.19743215495892288
TRIM26,10.595186243166747,-0.938851531146158,0.41516419002829225,-2.261398149686701,0.023734613244345868,0.19743215495892288
RTN3,13.304293485393927,-0.9198262313245495,0.4075135189629655,-2.257167403096982,0.02399761642655296,0.19743215495892288
SNAPC1,10.830962396357513,-1.1399325288429127,0.5059198475641008,-2.253187998714523,0.024247297786911922,0.1982334369622426
RAB31,22.35749925514226,1.350090998702371,0.5991930868154032,2.25318186809839,0.02424768417335257,0.1982334369622426
LPCAT1,9.970726681561471,-0.9655425803289398,0.4293169730221486,-2.2490202833865762,0.02451120562548741,0.1999140884348264
IFI16,73.18406120808676,0.8724717222308286,0.3888315125315833,2.243829767166726,0.02484335637416637,0.20214523464828768
MAPRE1,23.530098595740796,-0.6909848832422655,0.30810165010872914,-2.242717242826894,0.024915054007452298,0.20225161488402452
DMXL1,18.320224323323725,-0.8557275092276001,0.38217116217335106,-2.2391210900403995,0.02514803837093265,0.2029197472525639
CPSF7,9.299966470351725,-1.0097794246213698,0.45085471294315665,-2.239700275127615,0.02511038770301116,0.2029197472525639
FAM46C,42.161733225732334,-0.9726495095830513,0.4344658193614555,-2.2387250417364863,0.02517381212292677,0.2029197472525639
TANK,37.97096586757489,-0.7284798323526415,0.32580870130060297,-2.2359127593726216,0.025357486352639458,0.20392384129745017
PRPF19,9.682338326620421,1.2059676957611296,0.5401210450967012,2.2327730176579546,0.025563916489422953,0.20510584160118417
CHMP2A,20.411631573760374,0.8094483883116903,0.36337770037185463,2.2275675900952616,0.025909363915446074,0.20693691973353226
EIF5,115.76376380443696,-0.835814760254227,0.3752210038107895,-2.227526582375699,0.025912101253590128,0.20693691973353226
ARIH1,20.07347589175754,-1.4060717938226417,0.6328958200808285,-2.2216480962744694,0.026307096788122836,0.20912323483646034
SNX17,23.735969087111627,0.9600632903678707,0.4320906278348304,2.221902602189422,0.026289888521534948,0.20912323483646034
TMEM259,11.423441174783061,-1.1396977621059299,0.5137700503871213,-2.218303229717609,0.026534164118914454,0.21041911704614857
ARHGDIB,229.28826602831742,0.8305816861087164,0.37456549845287135,2.2174537952358206,0.026592097110759647,0.21041911704614857
POLR3K,13.366064653431604,0.9479832346716807,0.4280531686626158,2.2146389842960486,0.02678485395385618,0.21114657337499596
SLC2A3,150.05390084874483,-0.8993365327789753,0.40614478869216575,-2.21432493489562,0.026806434532825572,0.21114657337499596
CDC123,20.67166828004712,1.0574523485509455,0.478172084506365,2.211447265146382,0.02700487986883748,0.21222513792138795
DENND4A,23.72477144355483,-1.101203450379179,0.4990711601062971,-2.2065058821363945,0.027348598838716216,0.2139516235681881
MICU2,17.374772263911286,-0.7388190090807298,0.3348254171335712,-2.2065798212266374,0.027343428001465154,0.2139516235681881
RBX1,48.42298416918536,0.8411593899683038,0.38149117768323443,2.20492488208141,0.027459366154673176,0.21433215663715488
PSMD7,23.740656407458488,0.9901151334682707,0.4498008645566082,2.2012299474886023,0.027719749232621285,0.2158618607046783
PHF6,15.122272598244445,-0.8987128530473237,0.4084367013592962,-2.2003724201482524,0.027780482942862946,0.2158618607046783
P4HB,30.409748019283505,1.0563962059757894,0.48137645218487124,2.194532368962002,0.028197159557217757,0.21860719207281182
COA4,19.606902872067373,0.8414795115933651,0.3849130827529599,2.1861546133349616,0.0288042955344919,0.22231503264876298
TRAPPC1,51.48221078457807,0.9364821452918903,0.42832689535392,2.18637250065301,0.02878836380758535,0.22231503264876298
SUCLG1,14.805019453648873,0.8507185918532522,0.38950244532869904,2.184116177076463,0.028953712258286857,0.22296943591761081
ZFAND5,39.298658700054204,-0.9794106464806029,0.4492848990495621,-2.1799322624741966,0.029262483022398828,0.2245576791600294
RSBN1L,27.421369488025313,0.7218100037869641,0.331172429350314,2.1795594675649586,0.02929013206435166,0.2245576791600294
KPNA1,9.184941483003595,-0.9833336004987862,0.4518282694755094,-2.176343683940489,0.029529571396493277,0.22555268515364765
FKBP1A,40.72068399594733,0.7660944499851033,0.3520555322173856,2.1760613877019237,0.029550670634622824,0.22555268515364765
TWF2,21.56484088912398,1.045294948300783,0.48066158956438265,2.174700394196508,0.029652575344095922,0.22583087182589612
MRPL9,13.975582085471634,0.8498586096954555,0.3910134775042468,2.173476513188027,0.02974447164899944,0.2260317779494451
KLHL18,11.0439475426212,-1.0072714211903218,0.46528293368537377,-2.164857870913105,0.03039857136076124,0.22626090898685486
CD24,115.41503344081289,0.8861149675392523,0.408938070846493,2.1668683615223534,0.030244893007141335,0.22626090898685486
RINL,7.259133869911369,1.2676835326667621,0.5849228176886148,2.167266337251382,0.030214551724626566,0.22626090898685486
PSMB9,141.0503976187253,0.748198454075909,0.34495885252888064,2.168949857616042,0.03008649093649665,0.22626090898685486
TXN2,24.344292807841036,0.9376007599719266,0.43338992370103824,2.1634115347331053,0.030509541186898474,0.22626090898685486
TOB1,14.042784663302385,-1.189167159697501,0.5492804990061724,-2.1649542662612133,0.030391187789367904,0.22626090898685486
CCR7,121.97186378549857,-0.8053295703393839,0.3722131750570068,-2.1636245686790714,0.030493174385175178,0.22626090898685486
EBNA1BP2,11.16384196390656,1.1220930623236154,0.5168429669592643,2.1710522035836366,0.029927226455689626,0.22626090898685486
CLK1,65.99623974742809,-0.93952807865172,0.43382183271893593,-2.1657003124147063,0.03033409515778996,0.22626090898685486
IMPDH2,29.051674865029305,0.8668261565659638,0.40049191232886644,2.164403649315555,0.03043338400616723,0.22626090898685486
COA3,14.20777216143054,1.2655109284824897,0.5845071156168593,2.165090714331054,0.030380738943176763,0.22626090898685486
RGS16,24.197502243308367,-1.207076163801037,0.5581250283581908,-2.1627343381317874,0.030561618431267933,0.22626090898685486
GYPC,55.95864021914615,0.9056127342993905,0.4191695243729917,2.160492787861993,0.030734541327488426,0.22697787948500386
SEC62,63.14650727041576,0.9977195396252964,0.4623181760394779,2.158079849190485,0.030921624161725166,0.22697787948500386
RNF19A,32.77298804712824,-0.7024831323249758,0.3253694347158808,-2.15903234100154,0.030847657972421304,0.22697787948500386
ARPC2,225.03193584075865,0.7084823991173776,0.32818086531873614,2.158816902470181,0.030864374644087398,0.22697787948500386
GNG5,67.33596099164102,0.963508988189436,0.4467203997967612,2.156850210171265,0.031017337448389116,0.2271970577429776
IL27RA,22.66192317622178,-0.7855489881001477,0.36454952416585523,-2.154848480182777,0.031173693085345282,0.22785856174669752
SNHG8,106.60599670477355,-0.8149450448098895,0.378777209372185,-2.1515155205896446,0.03143553211438516,0.22928665072860216
PPP1CA,60.65992031251343,0.8269651767483723,0.3849524397567766,2.14822687517157,0.03169573670998772,0.23069681782585996
STOML2,19.44870870584828,1.0223693639892983,0.4763765801064831,2.1461369149607883,0.03186205686341973,0.23093297516554218
PRCP,19.857952567573644,-0.7464106433074411,0.3476778804296056,-2.1468453569296506,0.031805595036888894,0.23093297516554218
AKAP11,13.02725185729364,-1.077400050325248,0.5027599071019467,-2.142971297245425,0.032115403201904244,0.23228121812698038
PRR13,83.3922384440397,0.6886972359169277,0.3216626947233596,2.1410541141838957,0.03226967442054731,0.2329087379725695
ANXA5,24.12692860646768,0.7150713052501041,0.3342994486669896,2.1390143121726117,0.03243450927325824,0.23360972232304997
PPA1,33.0735913562727,0.7849916216380737,0.36728616531746866,2.137275225053892,0.03257561270526618,0.23381987110414235
SAP18,89.43850681854109,-0.9019654132998925,0.4222258380189559,-2.1362155796334727,0.032661846140229135,0.23381987110414235
EIF3G,71.19419407142591,0.7016916102989544,0.32848389829671043,2.1361522252306435,0.032667008078897566,0.23381987110414235
RSRP1,142.37595152379498,-0.8234704288051512,0.38618785381271464,-2.132305355218398,0.032981752103327336,0.23558394359519527
ZHX2,7.766799918346375,-0.9139331252523146,0.4292665238127206,-2.129057530819811,0.03324950087793365,0.2370057397290725
RAC2,196.4870713689789,0.7823474870638654,0.36795106548214995,2.1262269917297427,0.03348436367290161,0.23778404560389374
FDFT1,24.673879684941266,0.7319582535978285,0.34431531027686557,2.125837079417867,0.03351682743432209,0.23778404560389374
DNASE2,9.134079036930261,0.9994102360796892,0.4702545794392132,2.1252535961935837,0.0335654580316221,0.23778404560389374
RASGRP3,19.834057766021452,-0.8238951298111468,0.38887947244240356,-2.1186387767823684,0.03412100602404093,0.24122432537487953
CD27,32.3763489038191,0.8023241504361046,0.3791997123069939,2.1158353353036197,0.034358814696486134,0.2419141034752595
CTNNB1,16.271660920227095,-0.9418402803434635,0.4450336454801795,-2.116335000530674,0.03431632596952044,0.2419141034752595
MON2,11.518508123700958,-1.1308954978374175,0.5362935043873901,-2.108724958601248,0.03496832919335983,0.2452047473924622
PVT1,16.572999904879236,-1.2723597833518365,0.6033325643660186,-2.1088863066571437,0.03495439644700369,0.2452047473924622
TP53BP1,10.72053018240313,-0.9098253540042099,0.4323502507534716,-2.1043710566112224,0.03534609212713244,0.24697087970111503
SPAG7,14.662035237749555,0.8147345470702002,0.3871994276252849,2.1041729117912475,0.035363366542710384,0.24697087970111503
SETDB2,10.159557573224237,-0.864295109018396,0.4120998312844899,-2.097295469217838,0.03596742770030266,0.24917193888763892
BTBD1,7.742388824373293,-1.055735272627983,0.5032113362770302,-2.097995805179506,0.03590551593244805,0.24917193888763892
GPBP1,103.46532014868392,-1.0205577453684487,0.48639839840769866,-2.098193062948818,0.035888094174656666,0.24917193888763892
MED21,15.51038969220331,-0.9487725716720277,0.451851749160744,-2.099743053853946,0.03575145005553061,0.24917193888763892
FBRS,10.513600405231053,-1.1662802497432478,0.5570965627291435,-2.0934974791978482,0.0363047688584044,0.2501111306062406
ANXA6,51.19022641467388,0.8866320946241965,0.42327909539510516,2.0946748948151566,0.03619990242009813,0.2501111306062406
GPI,14.675665110960788,1.177453792580791,0.5624811700902292,2.093321261566698,0.03632048592281928,0.2501111306062406
TUFM,42.75697676087646,0.7166679108971914,0.34304751293901387,2.089121430315103,0.036696793710531105,0.25101609355287974
C19orf70,24.76615208562384,0.7374060226503724,0.3531338567951214,2.0881770707083325,0.03678186486004413,0.25101609355287974
TMEM261,14.345266958024641,0.902715345817431,0.4321337287785363,2.0889721993444823,0.036710225786792054,0.25101609355287974
BUD31,40.09146542055469,-0.6374857851633436,0.30516002534273073,-2.0890212748126884,0.03670580810867726,0.25101609355287974
FBXO9,11.099715957808773,0.9162717217663029,0.4388690573362173,2.087802059520336,0.036815693721089025,0.25101609355287974
ANKLE2,13.777305527467277,-0.8704822296980952,0.41747342457628767,-2.085120102151619,0.03705839997969553,0.2521725442405317
PDCD5,23.486548299011893,1.0308945006894132,0.4952085633957227,2.081738033002515,0.037366404628127875,0.2534865340909662
MORF4L2,21.92897038801019,-0.8596412677287637,0.4130135548963334,-2.0813875417346392,0.037398448073130953,0.2534865340909662
ABI1,25.93299135729843,-0.7045551246639398,0.33896323319981886,-2.0785591346085743,0.03765789033793425,0.2546710402066275
SRSF7,208.8787814818232,-0.872376688106897,0.42080950499314074,-2.073091690552752,0.038163747184587364,0.2546710402066275
FRYL,15.386602830383751,-0.7811459999243313,0.37641339363338444,-2.0752343384601892,0.03796482159030805,0.2546710402066275
MYNN,10.606177920958757,-0.9860277531404613,0.47496452832155384,-2.076002931471368,0.03789367986951594,0.2546710402066275
ZMYM2,22.716661803991144,-0.8160598745723069,0.3933935893539977,-2.0744107089095705,0.03804118360195055,0.2546710402066275
CANX,19.506833066011158,0.8456761883180013,0.40787737391527124,2.0733589122638474,0.038138889777639844,0.2546710402066275
ISOC2,10.637275006738566,1.339707394710646,0.6454019153203004,2.0757722636223894,0.03791501879278132,0.2546710402066275
LSM5,34.494471951415434,0.6477544475497511,0.3121160589472273,2.0753640480231543,0.03795280758475116,0.2546710402066275
SCIMP,29.891394840342127,0.9276703892094789,0.44769186456173327,2.0721180406474873,0.03825443428386593,0.2547833943616553
RNASEK,11.301615587731053,-0.9321785311984581,0.4506706355781122,-2.068425270270108,0.038600050993659596,0.2561002863927317
SGPP1,7.61593964351659,-1.3617560188557094,0.658355922180103,-2.0684191832684404,0.038600622876585645,0.2561002863927317
LSM7,76.66828251608909,0.5655315150316855,0.2743374312249707,2.06144496034127,0.03926060927334301,0.2599790825202176
KATNBL1,20.629308669095433,-0.6493813186767177,0.31572194415354055,-2.056814012145172,0.03970411971359265,0.26010011030090735
PRELID3B,17.65433170639258,-0.861524341511471,0.4184013899897795,-2.059085753832022,0.03948602431794509,0.26010011030090735
ICAM1,11.137109671021818,-0.9985018287891917,0.4849559028241256,-2.0589538615252385,0.039498658589641106,0.26010011030090735
MARCKS,35.514402516498905,-1.1787480798995502,0.573356896271665,-2.055871460803084,0.039794907651480964,0.26010011030090735
IRF2,22.523011063560364,0.7150773851246033,0.3479269081673652,2.0552517449458825,0.03985469553510919,0.26010011030090735
GOLPH3,16.15257743822739,-0.8689536799227194,0.42301545984467,-2.0541889420348767,0.0399574082491249,0.26010011030090735
ZBTB20,27.10161961977588,-0.7210807208792239,0.35082468141277406,-2.0553876596578826,0.039841576467929594,0.26010011030090735
ORAI2,48.29478564745864,0.7681467088877703,0.37311554525139384,2.0587368140081552,0.039519457547730466,0.26010011030090735
ANKRD10,21.656161502410022,-0.9630710620470571,0.4687417590992379,-2.054587719894536,0.03991884277279603,0.26010011030090735
UBAP1,9.696006697679227,-0.9145136807060574,0.44614413316327045,-2.0498166684876766,0.04038232440267944,0.26152587173595243
C1GALT1,24.916332200416164,-0.6984478354740223,0.34129321598538065,-2.0464744177743643,0.040709716909176394,0.26152587173595243
TIMM9,14.408632013871587,1.019365305797898,0.49875009917949836,2.0438398056960225,0.040969375327943224,0.26152587173595243
ELOVL5,42.345205501906364,-0.7130726296727846,0.34855686973899225,-2.045785613712765,0.04077746806633293,0.26152587173595243
ZCCHC6,16.26137950909519,-0.8825042772037202,0.43218336788382855,-2.0419672360944223,0.04115478143607509,0.26152587173595243
IPO7,10.085365998135506,-0.9368692694782006,0.45882331815626415,-2.0418955018304574,0.04116189807322382,0.26152587173595243
EIF2AK2,35.18163534036312,0.8936349830857607,0.4373383990962335,2.043349006015642,0.04101790161697714,0.26152587173595243
TBPL1,19.492419584225594,-0.7106334442749498,0.3469626928033409,-2.048155202316631,0.040544794352516,0.26152587173595243
GGCX,7.373471112332385,-0.9548289244235943,0.46722583153620006,-2.0436133021245753,0.04099176411494712,0.26152587173595243
CCNT2,15.907139629086586,-0.9325213981019278,0.4563307315809478,-2.043520923675747,0.04100089825538267,0.26152587173595243
GLUD1,24.98032666463536,-1.0613283129504043,0.5184977639217204,-2.0469293925646266,0.040665017676207144,0.26152587173595243
AKR1A1,26.9506329233843,0.8441004236262126,0.4129090097377626,2.0442770773209777,0.040926182442799906,0.26152587173595243
NDUFB9,51.16282991411978,0.6302372762740303,0.30851757940486974,2.0427921076321085,0.0410730221791799,0.26152587173595243
CGGBP1,20.677746166142853,-0.7013882787412321,0.3439387215383435,-2.0392826826945067,0.041421822954666475,0.2626935463117635
TSPYL2,28.866799319446176,-0.9793869223777765,0.48211489712504063,-2.0314388296608974,0.042210498844919876,0.2664774158068504
SET,65.80448169575172,0.686927557016509,0.3382134557439832,2.0310473913743134,0.042250187375752805,0.2664774158068504
UQCRC1,18.372251976622643,1.1140384643225492,0.5484426080051801,2.0312762868198364,0.04222697548278138,0.2664774158068504
PSMB1,58.32844059403677,0.6063468328824563,0.29887672425554074,2.0287522703307848,0.042483528989674925,0.2665501020455994
PTBP1,28.114652863914824,-0.8883849169620199,0.4379182961831064,-2.028654488075009,0.04249349452900861,0.2665501020455994
NFE2L2,35.768622303145335,-0.7265543269483676,0.3579781488494779,-2.029605240664754,0.04239668178561653,0.2665501020455994
DNAJB9,28.261933421150996,-0.9748501155618111,0.4815116743767285,-2.0245617446838913,0.04291238579053704,0.268689166928045
ZCCHC8,8.623150752979138,-1.0507561740984408,0.5193590283354679,-2.0231787968837027,0.04305471689211396,0.26909198057571226
MRPL17,8.743002339453685,0.9820617779820794,0.4862685511065424,2.019587274865546,0.04342621618814266,0.27092304855170374
SNN,11.909288123910073,-0.8511326042401237,0.4218153959452274,-2.017784586389642,0.04361370085171381,0.27140122235373776
NRAS,8.574891276779784,-0.8606885115405561,0.42664555100027185,-2.0173385366908647,0.043660196639514336,0.27140122235373776
CDS2,13.697230103032203,-0.7453710379222168,0.36964731824473024,-2.016438375534848,0.04375415606433771,0.2714961122697214
PDLIM5,8.141116630369737,-0.9525778153277317,0.4732219396678546,-2.0129620701785886,0.0441186197881038,0.2732661369281115
PSMC3,14.738584936727358,0.8549119069957146,0.42545729953211736,2.0093953210718816,0.04449522604641456,0.2751048922224556
PPP1R18,35.34130061355738,0.7757542268809285,0.3862774443277458,2.0082824878139207,0.04461328173601273,0.2753413631292378
GPATCH4,12.286305072919728,0.9456282428198709,0.4710597765767485,2.0074485019541934,0.04470192883076655,0.27539581154668674
CLNS1A,31.803618277172482,0.6421622180568143,0.3200780074852336,2.0062678567081487,0.04482767751353321,0.2756782306981989
FYTTD1,19.215457804297966,-0.730352836296489,0.3642816533779965,-2.004912488795144,0.044972403343849526,0.2760761415236314
ARL4A,66.95065234636735,-1.0616692406102504,0.5304020644400911,-2.001631048949595,0.045324427110280376,0.2767597761601191
SURF1,10.904170939688747,0.8836047661406927,0.4413040371837878,2.002258514967317,0.04525693526660039,0.2767597761601191
GRPEL1,20.355629881103717,-0.782479382758648,0.39080285535642356,-2.0022355825548,0.04525940044290689,0.2767597761601191
GTF2A2,30.42874520373467,0.6615818857819673,0.33089917266222507,1.9993458444131447,0.04557094710382039,0.27777344082717376
GSDMD,17.286701232848607,0.7299294461489663,0.36530390549415404,1.9981430123545376,0.0457011577230015,0.27807582741508846
TMEM14A,12.619136083932169,0.8732993702833662,0.437864517328402,1.9944511046744273,0.04610277836229822,0.2793209080720881
PYURF,24.72385149254125,0.7097160699197974,0.3563796684837896,1.9914606041901066,0.04643027221166514,0.2793209080720881
CCDC107,33.97392302489184,-0.8301741803392971,0.41670199089820154,-1.9922491336071038,0.046343729719856175,0.2793209080720881
MEPCE,11.904848256893857,-1.2135258927497472,0.6093760953922701,-1.991423526334047,0.04643434491837456,0.2793209080720881
MCM3,8.076982540513205,1.0322769905558278,0.517448865501403,1.9949352668027618,0.04604994049853911,0.2793209080720881
IER2,238.6818095038474,-0.7979120750983157,0.400602220396197,-1.9917814591970509,0.04639504140735119,0.2793209080720881
HELZ2,7.746373905964366,1.0370428762342596,0.5211893022080593,1.9897623988841409,0.04661711530626675,0.2793209080720881
CCNH,32.033524108720655,-0.8544772658094226,0.42950100308073946,-1.9894651227363822,0.0466498877717837,0.2793209080720881
PRKAR1A,28.37624407833561,-0.6277547058071934,0.3157499842841723,-1.9881385179807942,0.04679637242483099,0.2793209080720881
PSME1,134.33892019012262,0.5157008205187397,0.2590883900660727,1.9904435717371423,0.04654209417269617,0.2793209080720881
CCDC115,17.507377234859522,0.834570203103445,0.41962560912795843,1.9888447819898318,0.04671833813792745,0.2793209080720881
CD59,12.822873641294791,0.9655148364057758,0.48590178121360417,1.9870576189168816,0.046916012060740024,0.27955136720130064
BMP2K,10.784036239540693,-0.96401238604572,0.485955021850889,-1.9837481715365803,0.047283920522317904,0.28125780310689097
PAPOLA,63.73842535243667,-0.649270207844741,0.32753326908205116,-1.982303079209003,0.04744532961330836,0.28144581337145297
DDX3X,106.41543229754049,-1.360385578189713,0.6863684010389618,-1.9820049642881077,0.04747868503831467,0.28144581337145297
ARPP19,24.575042081135248,-0.7886867777709191,0.39844882609160176,-1.9793929009834836,0.04777178715625091,0.2826975397754128
CREBRF,28.35171981907954,-1.2202897304641898,0.6173067009932073,-1.9767965073128497,0.04806463666283413,0.2828037867123883
HELQ,10.498798828241563,-0.8309795733224604,0.4201785516489349,-1.9776820355570066,0.04796458811693717,0.2828037867123883
KDM6B,56.13434474292704,-1.0512999941543648,0.5317406880016272,-1.9770914994399444,0.04803128847177361,0.2828037867123883
EGR3,26.11235544540575,-1.4118166258733433,0.7143634858985815,-1.9763280931099827,0.048117629797151285,0.2828037867123883
SKIL,48.33639694480204,-0.865091290485598,0.43831737619171146,-1.9736641472028338,0.04841994445671988,0.2840966128838156
CD79A,402.43314265697165,0.6959825850099229,0.3528469107526262,1.9724774790443387,0.04855512474992074,0.28440607875590246
PSME2,93.44934722680613,0.8682198303925297,0.4408000438643787,1.96964551723061,0.048879011159823994,0.2858179466125302
APIP,8.817437822465806,0.8908118246614799,0.45274037118060895,1.9675997135809076,0.049114112727084096,0.28670674942206453
STRAP,41.56201499786992,-0.59534300026987,0.30359501089887103,-1.960977548699513,0.049881641965128655,0.2906953796954288
ACTB,1977.191551184289,0.9891921165214148,0.5048575203716132,1.959349076930249,0.05007191996197407,0.29131218190355906
RAB29,22.62253842160826,0.7187266510432379,0.36724997889765326,1.9570502174039215,0.05034156455324605,0.29238787493046947
SMARCE1,18.59972291099764,0.7100826857666606,0.36297660914997776,1.9562767072774725,0.05043256655714056,0.29242412541535284
MCM5,19.18521872871336,1.015541106549904,0.5197612447375349,1.9538607713291978,0.05071768494592485,0.2935839145359744
NME6,7.199087055496126,1.0297934385948644,0.5293134480803935,1.945526686180958,0.051711621092096795,0.2951566062275097
ZNF766,7.761506408832193,1.0087740691563827,0.5180629414746782,1.9472036858781747,0.05151031998413321,0.2951566062275097
FKBP3,13.3055903323497,0.8031560663569262,0.41270418010259524,1.9460817337911804,0.051644922385220456,0.2951566062275097
PIN4,10.135826545744312,0.9315237921483684,0.4786394744639546,1.9461909053606896,0.05163181198220356,0.2951566062275097
POLD2,10.757003935121093,0.8962350591758003,0.4599852265126661,1.9483996605076221,0.05136716041785394,0.2951566062275097
DRAP1,51.787296152965894,0.6977574447764611,0.3590731276379692,1.9432182223337133,0.05198979729197711,0.2951566062275097
SMG1,25.808668428914444,-0.7102517564596839,0.364475746506224,-1.9486941539128042,0.05133196035943492,0.2951566062275097
ZCCHC17,9.101987833361566,0.8872555219934306,0.45655618612372817,1.943365458535221,0.05197201763083507,0.2951566062275097
RBBP7,20.32135032623831,0.7519623070724984,0.38684321849294073,1.943842546864294,0.05191444127099338,0.2951566062275097
MAN2A1,12.09210921716036,-0.9039673379588615,0.4651639800293214,-1.9433304743455853,0.051976241722397565,0.2951566062275097
CCNL1,102.4348215890418,-0.7626921933869225,0.39278973614637736,-1.941731474120538,0.052169616373273546,0.2951566062275097
CALM1,220.40394526320506,-0.5458684008345781,0.2806126098127214,-1.9452739532941383,0.051742015255614254,0.2951566062275097
ZNRD1,33.24660077714791,-0.5969243389183211,0.3074414481882295,-1.9415870645810163,0.05218711008660317,0.2951566062275097
TCEB1,44.36957460875639,-0.5997618372237602,0.3087374272962632,-1.9426275669785615,0.05206117364985093,0.2951566062275097
MRPL11,20.946468657896634,0.7627542938602137,0.3930832556027003,1.940439545537777,0.05232629453372401,0.2954594372198819
ATP5A1,50.313893741221044,0.5934745862912837,0.3060715368125994,1.9390061306310056,0.052500591659564305,0.29595921768872036
ATP5I,32.952223195237394,0.8851896725209532,0.4567488841745785,1.9380226272925412,0.052620462015562204,0.29615105049541535
NFKBIA,225.58455806182346,-0.836736199785254,0.4319847754377173,-1.9369576136969509,0.052750524845104334,0.296399528852785
PSMD4,27.716354925626263,0.8122377477584091,0.4195771805267068,1.935848243078388,0.052886290294631905,0.2966791894576912
AP1B1,10.267936584629647,0.7987014421472574,0.41331363144599254,1.9324343098798165,0.05330592268876703,0.2985223347792721
ANP32B,81.53470844695019,0.7171896986385757,0.3715295835172316,1.9303703674119732,0.05356096383430998,0.2985223347792721
SHKBP1,23.95970629489879,0.7664482025110811,0.39676322951163634,1.9317521017622492,0.053390110604419276,0.2985223347792721
RSRC2,78.17370055198441,-0.8176779348614831,0.42347547565727395,-1.9308743525049938,0.05349859261012519,0.2985223347792721
SNHG15,33.0334951641286,-0.804315214650428,0.41769492796481905,-1.92560445626999,0.05415378187237825,0.3013395926769435
CDK4,14.383884529649823,0.8400606923245508,0.43655448030113764,1.9242974937402368,0.05431730456216125,0.30176280312311804
DYM,11.82784802876188,-0.9045126453011867,0.4702479100811837,-1.9234804151389666,0.054419743784038,0.3018458457474777
WSB1,115.75867263076402,-0.6771407992207549,0.3526887237593579,-1.9199388968351963,0.05486561799198834,0.3038304688159868
ABRACL,30.319062052110127,0.7714461999781694,0.4021411218282633,1.9183469635508203,0.05506703120745666,0.3044571436950729
UBE2D3,114.24355435137309,-0.48161574745596913,0.2513546199884867,-1.916080744718476,0.05535481881886649,0.305558599880143
MRPS36,26.655238559341125,-0.677025662931699,0.3536578189624468,-1.914352310710792,0.055575154649461764,0.30628479798824776
ADAR,36.092066355903896,0.7300295364904186,0.38181527205743954,1.9119966903277623,0.05587661856676689,0.3069655000881302
ERLEC1,15.346001709771613,0.8094835713474801,0.42332531956019415,1.912202114885256,0.05585027496471795,0.3069655000881302
COPZ1,20.2009077573691,0.7658468355908848,0.4010616895774526,1.9095487190455906,0.05619134319400082,0.30820371068251645
FOSB,202.75269617747705,-1.1740478139354438,0.6153674442645133,-1.9078809333806483,0.056406607130362545,0.3087303788554848
CD63,26.12535643387376,0.6758973518739663,0.35435178052321764,1.9074190931846622,0.0564663388573365,0.3087303788554848
RAB4A,18.453033667002124,-0.7156606261632033,0.37659580498439416,-1.9003414713896234,0.05738832231969139,0.31032870219895814
LEMD3,10.095659867503255,-0.8255145182366466,0.4342157518579268,-1.9011620713998203,0.05728078737465285,0.31032870219895814
PDHB,9.70613602398378,0.8526939377977579,0.4481468218401685,1.9027111121673226,0.05707825116814739,0.31032870219895814
KDM2A,16.58195294897817,-0.7015206817875047,0.36894236380643197,-1.9014370552348987,0.057244789821964556,0.31032870219895814
HMG20B,9.244106632245678,0.9852618312386314,0.5176661671105006,1.9032764623930276,0.057004480484460975,0.31032870219895814
CDK11B,11.832178236226914,1.1018000156222654,0.5797098566177058,1.900605972185248,0.05735364268109742,0.31032870219895814
PTGES3,110.27019609905922,-0.5810925797053026,0.3051737594562966,-1.9041367801104139,0.056892372669905336,0.31032870219895814
TAOK3,32.66919172133595,0.7230984406403085,0.3812946347697609,1.8964296234510112,0.05790325780633831,0.311162366716304
EPC1,73.80698442190183,-0.5780194046917663,0.3045796634169638,-1.8977609936500213,0.05772757371438025,0.311162366716304
RTCB,17.476847484651117,0.7026576655617515,0.37048841514973774,1.8965712201223976,0.057884551992080126,0.311162366716304
SYK,30.166009995675513,0.806143591477954,0.4249444004188652,1.8970566283102988,0.05782046462245266,0.311162366716304
MRPL13,15.717108140810314,1.1039375211900877,0.5839567874585613,1.8904438562903514,0.0586986226665355,0.3149459536540396
SKIV2L2,14.485804587988673,-0.8034665600446506,0.42522074425974615,-1.889528135423828,0.05882109642523228,0.31511301656374435
SFPQ,84.58686988797123,-1.1240963137667475,0.595416307389403,-1.8879165716762727,0.05903715144991484,0.31554687744960813
RBMX,61.88106962792945,-0.5793100781192881,0.30690944854135266,-1.8875602588078435,0.05908500951665126,0.31554687744960813
CREM,137.61683806860418,-1.0832057697990392,0.5751268172192097,-1.8834207297730219,0.05964337323233331,0.31803653423732603
RNH1,28.18588714163339,0.7245875073685889,0.3857288429789496,1.8784893081177543,0.06031425835631448,0.32012952512197684
P4HTM,9.864702025528425,-1.052486766919484,0.5602064196931409,-1.8787481362601928,0.06027889172343945,0.32012952512197684
GNA13,13.2014631847,-0.9702199588909746,0.5162959730859932,-1.8791933492949726,0.060218097423134005,0.32012952512197684
CBWD2,10.716062468069666,-1.0471870034386055,0.5587085487609345,-1.874299231255697,0.06088919343092098,0.32268466564773796
NDUFS2,12.4887471827335,0.9414652478578541,0.5028898292465483,1.8721103373046912,0.061191340147630995,0.32300170403197764
ATP5F1,45.703991359313214,0.7207436342350094,0.3849886007926209,1.8721168178775438,0.06119044376424083,0.32300170403197764
GMPR2,9.647110053774858,0.9255869583107629,0.49448192802562996,1.8718317209416557,0.061229888242583595,0.32300170403197764
EGR1,60.12254073499007,-1.085860655339961,0.5805232993267034,-1.8704859160680591,0.06141637098599276,0.32349080901019084
MAPK1IP1L,43.70000152159954,-0.6017994826204636,0.3221293276521444,-1.868192154395593,0.061735291972362306,0.32418075693249615
CALM3,31.409661226907996,0.8632949130205183,0.4619712545363608,1.868719978880353,0.06166178292786663,0.32418075693249615
VMP1,21.159684832185967,-0.6637727089732529,0.35565238734334226,-1.866352462671522,0.06199206931959691,0.3245411823256591
MTO1,7.820947252361539,-0.8442284255746716,0.4523076820116693,-1.8664914595743942,0.061972637831806794,0.3245411823256591
HSD17B10,16.07304824788097,0.6911452291712197,0.3708037984331204,1.8639108663172914,0.06233422250523306,0.32583798127735464
KDM6A,12.953281293625304,-1.0267215338424533,0.5510480211230709,-1.8632160800612796,0.06243187141970551,0.3258546995430923
SAR1B,10.18535511026595,-0.7594991546984066,0.4078170881727179,-1.862352453403681,0.06255342640060038,0.3259959532961802
LIMD2,191.95899162342047,0.615834042519599,0.3308281051456406,1.86149251814168,0.06267465623012214,0.3261350889802736
WDR1,36.227309239345956,0.8701186669362154,0.46845814513780476,1.8574096233939013,0.06325289837971614,0.3266803883383543
PMPCA,7.371091966055225,0.9783951609812406,0.5262903666218989,1.8590406038804541,0.06302138323965659,0.3266803883383543
SERBP1,87.25954645751321,0.5605689954283068,0.30169292393779373,1.8580780354791846,0.06315793346519503,0.3266803883383543
PLAA,7.441305247182962,-1.0274411234566116,0.553086416105521,-1.857650257786462,0.06321869656681486,0.3266803883383543
OXA1L,31.58002712049241,0.7015234144245999,0.3771990408268864,1.8598229011578014,0.06291058617216853,0.3266803883383543
G3BP1,31.049380581335676,-0.6184949150366925,0.33396223111143497,-1.8519906067770762,0.0640271717604199,0.33018496647750173
MYO5A,7.491440673011435,-0.990410651908302,0.5350153625340873,-1.8511817066658534,0.06414341658261313,0.33029072717912733
GABPB1-AS1,36.05614556938309,1.0186398643700443,0.5509451111102179,1.8488953687552787,0.06447292257179174,0.3305449367740394
AGL,9.29145838767167,-0.7812950637626677,0.4225855146694434,-1.8488448766962955,0.06448021520258797,0.3305449367740394
ACP1,31.791067064331486,0.5766591761267923,0.3117886450065912,1.8495194913676274,0.06438283596816753,0.3305449367740394
SNRNP25,20.134312979644868,0.950145601749546,0.5144619414735936,1.8468724800672456,0.06476562408761756,0.33151543486985247
SQLE,15.26024000531965,-0.7205437673898696,0.3906225293673172,-1.844603711303899,0.06509520674283785,0.332216661631347
ASXL1,8.32957824271363,-1.0067721509954466,0.5457657409839849,-1.8446964977689755,0.06508170062949947,0.332216661631347
MIS12,8.291100466452486,-0.8495144751677756,0.46104856353412416,-1.8425704846706445,0.06539174660485698,0.3329161958042702
GPS1,9.700533228898598,1.2686431289343167,0.6886038209757205,1.8423411115214359,0.06542526978414354,0.3329161958042702
CD84,8.786004962674912,1.1098533456875312,0.6036620563809603,1.838534216215708,0.06598372473099094,0.33477036812046873
RIC1,16.572954460686233,-1.049825415292393,0.5708371525906727,-1.8390979117737736,0.06590078611768999,0.33477036812046873
FNTA,14.024901883323253,0.7891873037979857,0.4294992411157912,1.8374591343811575,0.06614214397081035,0.3350813461076295
MGST3,24.97618698377851,0.6864226420384774,0.37376922201286,1.8364878690168345,0.06628553460856287,0.33531538768261276
GSTO1,22.04588732015255,0.6364305305818851,0.3469320529463744,1.8344529575082495,0.06658678471837,0.3363461307150461
SPTBN1,9.606499450114672,0.7690951166086808,0.41989203972550887,1.8316496714523391,0.06700363138939762,0.3376529555163272
CYTH2,8.971443362640494,-0.8942553856283556,0.4884661759887049,-1.830741675855636,0.06713910941571027,0.3376529555163272
STK17B,88.10474215970822,-0.6109008382242155,0.33365209771737553,-1.830951588206969,0.0671077692969715,0.3376529555163272
BAG2,7.820463040454371,-0.8653721374912345,0.4730252729639521,-1.8294416534424411,0.06733347247436985,0.33813752552631154
CCDC90B,15.349614686927463,0.6667147445010059,0.36482580418135996,1.8274879048017467,0.0676264431385629,0.3387125030190388
SERPINB1,35.918565772927685,0.7240255610291794,0.3962120421079317,1.8273688936288017,0.0676443230667008,0.3387125030190388
ZNF207,45.3954944962528,-0.639812830662699,0.3506217777256566,-1.8247948966915553,0.06803198627630634,0.3399700906967158
CAMLG,27.1136227980625,-0.5504628305133633,0.3017236923284403,-1.824393789779554,0.06809256019461757,0.3399700906967158
APOBEC3G,23.135794796420708,0.7496756675738384,0.41128524966853247,1.8227633210236092,0.06833924523033216,0.34070866480440165
FAM162A,20.319549230525325,0.6491334172634532,0.3564499489840683,1.821106775617652,0.06859062752947853,0.34117172597276485
NDUFV1,22.112032859883808,0.8966075216341926,0.4924119590890804,1.8208483873804344,0.06862990661597067,0.34117172597276485
MEA1,18.956159171848903,0.7665872918448499,0.42142692921736613,1.819027780850366,0.06890719183125289,0.34132780763960135
NDUFS6,28.739756206040123,0.6324141725318485,0.34772981820527704,1.818694110835535,0.06895811070284119,0.34132780763960135
ISG15,80.78499149968745,0.9525368359040561,0.5234757024301977,1.8196390615304083,0.06881398902172207,0.34132780763960135
FEZ2,9.318737788991275,0.7889531730259136,0.4340719967293361,1.817562936495676,0.06913096079799712,0.3416931443454012
CDC27,11.489444508058842,-0.8952727895509092,0.493256922439003,-1.8150232643954838,0.06952033436492275,0.3426359336556907
XBP1,26.5736829133695,-0.7629971314909145,0.42036141668944665,-1.8150979162167,0.06950886337657992,0.3426359336556907
PWWP2A,9.14015351608138,-0.7206455137492257,0.39742299591903396,-1.8132959621089493,0.06978618575785187,0.3434555504487717
TMEM50B,14.350287086846077,-0.6903504232037225,0.3816580945904183,-1.8088190267380069,0.07047912335633774,0.3463717600845658
CNOT6L,19.680652940176984,-0.7769549982118908,0.4305943896607996,-1.8043778945283901,0.07117208602868891,0.34833320816671065
BCL10,14.94282182244434,-0.7234284810855628,0.4009424180892447,-1.8043201428603566,0.07118113384276262,0.34833320816671065
DENND3,16.90611699415556,-0.70215997319987,0.38904011843036707,-1.8048523531013347,0.07109778943513723,0.34833320816671065
MRPL57,27.563780247330037,0.7026116635648326,0.3895722303163563,1.803546579781288,0.07130241702185579,0.34843249111246805
COX20,19.702826258929015,0.6618652704038163,0.3677355489102222,1.7998403264662397,0.07188585435081755,0.35018707657905035
MOB1A,63.24863703144132,-0.5210503684697431,0.2896830013116022,-1.7986915563238963,0.07206748532496399,0.35018707657905035
WDR46,10.778821774583268,0.818312772197981,0.45491493058316235,1.7988259280674157,0.07204622054232665,0.35018707657905035
MARCH5,10.334245108239656,-0.7454152254498418,0.4140991538483129,-1.8000887432938153,0.07184662675079205,0.35018707657905035
RSRC1,15.110974097791637,0.6418578719589093,0.3580033009841453,1.7928825521844418,0.0729917057828866,0.35248201402771523
LINC01481,7.212909348249172,-0.9150921102786214,0.5108710417781648,-1.7912389535595978,0.07325495769793386,0.35248201402771523
NDUFA8,10.244714297142808,0.7841585123851965,0.4375249712436576,1.792260016968263,0.07309132478960248,0.35248201402771523
SCNM1,15.429695521951421,0.6890981392677348,0.38454744251238915,1.7919717129454937,0.07313749729853654,0.35248201402771523
ATF7IP,41.24832783005492,-0.824120793804751,0.4600116015419223,-1.7915217595433761,0.0732096059845748,0.35248201402771523
TRPM7,12.765774754198613,-0.7113804224229205,0.39676362171469703,-1.7929577801224346,0.07297967522426523,0.35248201402771523
CCDC69,17.449326134491592,0.6890512733355721,0.3840981958760846,1.7939456126939726,0.07282185012311085,0.35248201402771523
GCHFR,9.53555342698617,0.8310596133187435,0.46427518169673804,1.790015159288844,0.07345147441993569,0.3529353575888275
TMSB4X,3062.1074310567033,0.559619566515297,0.3128089010090167,1.7890142023137825,0.07361252832762817,0.3532172777890364
HLA-E,475.494317755448,0.3359256536550029,0.18787570095067166,1.7880207602962075,0.07377265849744376,0.3534939886335847
MEF2A,23.22934078266244,-0.6196852152534323,0.34694209351969757,-1.78613442078123,0.07407749612946361,0.35446236012017956
AATF,12.666561395721612,0.8066071751762282,0.4518033327495208,1.785305943334885,0.07421170536479882,0.3546127195409362
DCK,30.857739213773176,-0.7748365569852442,0.4344084187140414,-1.783659164062603,0.074479065509242,0.3553980304382917
C19orf53,67.03940790347832,0.5713166205462262,0.3205896798763282,1.7820805110339772,0.07473610344749433,0.35613198466002133
RPA3,27.29209533811501,0.562811423305039,0.3160173455437185,1.7809510498124805,0.07492044780704935,0.3565179930128555
TAF12,12.529092886141681,0.7721825219922254,0.433911444409685,1.779585516677813,0.07514381822086637,0.35708839237188567
CUTC,9.064395498109679,0.8475151699603221,0.4769036653533973,1.777120268791167,0.07554845399258363,0.35851742266081643
CSK,44.91798737322485,0.713948336521424,0.4037422475397167,1.7683270474467545,0.07700624471931834,0.36195033280878514
AP1S1,7.533085810547907,1.1262845645851818,0.6357494860035635,1.7715854898526313,0.07646339009079782,0.36195033280878514
PTPN6,65.93197206028279,0.8110451297139579,0.4579187441542766,1.7711551231908302,0.07653490956861655,0.36195033280878514
FOXN2,14.90964369227915,-0.7578178324696903,0.4283259278659327,-1.7692551003050403,0.0768513126927047,0.36195033280878514
DEK,57.69305271612573,0.6696016623441137,0.3784285543478721,1.7694268961759674,0.07682266044651787,0.36195033280878514
MRPL37,10.699546255222554,0.9778168708367284,0.5525914684174726,1.7695113419630393,0.07680857970629953,0.36195033280878514
LRRFIP2,10.639644120210514,-0.8246366086714881,0.4661833973613785,-1.7689102901110871,0.07690884668651668,0.36195033280878514
UBE2G1,16.293179503684502,-0.7725594625558494,0.43726962857412605,-1.7667805218374202,0.07726499199604057,0.3621796499814402
SMARCA5,30.84056274896243,-0.7318912174136019,0.4142456045399692,-1.7668050291719728,0.07726088618731307,0.3621796499814402
XIAP,11.357333166084572,0.8294164894326826,0.4701832999365251,1.7640279642953167,0.07772727118728753,0.3638522192620651
TNKS,8.661720439243666,-0.764055051901419,0.43376838590509675,-1.7614355419359329,0.07816471383759978,0.36441657126989085
IFIT2,15.914261932471835,1.228736925786186,0.6972379817564701,1.7622920121057843,0.07801997279734428,0.36441657126989085
ANAPC15,9.17769230470823,0.8831145869944195,0.5011999813928786,1.7620004385079322,0.0780692233923471,0.36441657126989085
SNX6,25.626098280963454,0.5897043162363338,0.3350333233360522,1.7601363063364182,0.07838469823653357,0.36484796909333134
TOPORS,17.647749906135815,-0.8852572002737655,0.5030996579939073,-1.7596060466502765,0.0784746255983383,0.36484796909333134
RLF,18.2181463742621,-0.6812511779858494,0.3872906926820842,-1.7590176858318383,0.07857450464821598,0.36484796909333134
ATP2B1,82.44234164316059,-0.635961428755288,0.36189222107434044,-1.757322737878491,0.07886281426590672,0.36569450163626094
ZNF644,28.8001072647063,-0.6172033259963396,0.3516047343910634,-1.7553896908278575,0.07919267423084925,0.3662395792177344
MIDN,31.96122637273829,-1.0498757920164068,0.5979234072744652,-1.7558700315849676,0.07911060309961876,0.3662395792177344
KIAA0922,23.99045571460615,-0.6156024849276813,0.35137637302403896,-1.7519746123782935,0.07977817345343671,0.36830688731006117
CYTH1,20.989244056886474,-0.6813820505655135,0.38901917841141037,-1.7515384546026478,0.07985320339360166,0.36830688731006117
HERPUD2,27.44752548748778,-0.8902077404204903,0.509105505605228,-1.7485722126736882,0.08036499302014517,0.3701725312676914
SAMD9L,29.32593786181902,0.9507753658779317,0.5443357022490012,1.7466709641672715,0.0806944297795593,0.37093685036962715
MNDA,16.04737663553554,0.8847067614068417,0.5074480175330665,1.7434431327721014,0.08125623953552445,0.37093685036962715
PHTF2,22.050638403626348,-0.7168231780364127,0.4110361441600554,-1.7439419579541535,0.08116921130803495,0.37093685036962715
PARP15,41.323849171089805,-0.7629867023711878,0.43764145529521264,-1.7434059162802853,0.08126273559723471,0.37093685036962715
EAPP,20.034385513323848,0.7930084303593802,0.4541010541762044,1.7463258961113752,0.08075433849146242,0.37093685036962715
PLEK,26.102990213218487,0.8974610731702217,0.5146150143638852,1.7439465389084534,0.08116841243622532,0.37093685036962715
NFKB1,14.093200703396201,-0.9997863779551487,0.5735065823439331,-1.7432866661599618,0.08128355329838786,0.37093685036962715
WDR83OS,48.51194031409959,0.5036409911076433,0.28917439928855454,1.7416513783610625,0.08156946522631929,0.37125943935461947
BCAS2,60.34900438231405,-0.7507665381623432,0.43092598169729507,-1.7422169236704805,0.081470493739539,0.37125943935461947
ELP5,14.841055999182831,-0.7192972903894076,0.4131906062197411,-1.7408365039327016,0.08171224130191478,0.3714192786450672
TOR3A,30.51882626178022,-0.7387958468653371,0.4248946384532371,-1.7387742277822298,0.08207448356760536,0.3725749583003138
CCT7,32.406934267708074,0.6400698822146058,0.36843238628370206,1.7372790939223677,0.08233791984806246,0.372994015127526
ATP2A3,17.39491314532855,-0.6762686642156021,0.38932614947747474,-1.737023483070019,0.08238302594990575,0.372994015127526
COL4A3BP,12.132887337394582,-0.688024413663761,0.39654800518243594,-1.7350343581913328,0.08273471972303376,0.3740953906218433
RABGGTB,20.07742935261674,-0.7440548198273058,0.42919802101349636,-1.7335933145039097,0.08299026752719699,0.37426983394618246
PBDC1,12.528229616471563,0.717437050458999,0.41381943579,1.7336958789511159,0.08297205812238403,0.37426983394618246
SMC3,23.06475017281827,0.7046811458203572,0.40693326748157355,1.7316872375205008,0.08332926418923277,0.37530804367213194
DKC1,12.670745250984476,0.7456337866210501,0.4307356014547586,1.731070717402416,0.08343915234161821,0.3753130059694691
TMEM14B,30.302415733785732,0.6399015928353664,0.37010366772371406,1.7289793337391595,0.0838127938790585,0.37650278500358314
RGS2,138.7811386537872,-1.0384067270356756,0.6033882797137379,-1.7209593920656214,0.08525819292445751,0.3795654126913673
RGS10,30.070699708440554,0.9349716951068009,0.5433150803338386,1.7208646123577316,0.08527539439579376,0.3795654126913673
CUEDC2,11.707380032967276,0.9186668754883311,0.5331897682004247,1.7229641870078167,0.08489500157261701,0.3795654126913673
MAP3K2,21.277548273506007,-0.8552025957025897,0.4964274751352159,-1.7227140690987164,0.08494024483516027,0.3795654126913673
SLC30A7,7.214449682195086,-0.7750243978609015,0.4502317755813425,-1.7213898260738805,0.08518010919806737,0.3795654126913673
MDH1,28.849850054231382,0.7149839527648403,0.41488165501977786,1.7233443419684493,0.08482627352966196,0.3795654126913673
MTCH2,15.285040998382016,0.7826240260242551,0.4544840827787017,1.7220053587780584,0.08506854775957433,0.3795654126913673
MGAT4A,8.055608659505541,-0.9870466817402646,0.5737583811487745,-1.7203176705915955,0.08537471311550754,0.3795654126913673
MRPS34,22.04538286069736,0.951053178022376,0.554196607521445,1.7160934677601296,0.08614493663124272,0.38102568125357356
SEC13,14.053810735326119,0.9068744054371896,0.5279986359595008,1.7175695989993993,0.08587514943562131,0.38102568125357356
PUM3,14.828038882522685,0.7690312538326813,0.4480604801415093,1.7163559115720293,0.08609692073780245,0.38102568125357356
IDH2,29.094572420052515,1.0291388330091356,0.5995775462300272,1.7164399158708783,0.08608155614454642,0.38102568125357356
AKIRIN2,31.191445483680162,-0.7977506327697819,0.46595253316574475,-1.7120856224340186,0.08688089055333813,0.3818332132598937
TALDO1,31.42741410684757,0.7619364728222597,0.444994209988599,1.7122390712494462,0.08685261985822654,0.3818332132598937
CNOT2,24.314158775372427,-0.5976415391103632,0.34885693547796554,-1.7131422033835741,0.08668638144634581,0.3818332132598937
BCL2L11,13.043337901189398,-0.9564976447458153,0.558147152111897,-1.713701559036276,0.08658355044241899,0.3818332132598937
SIPA1L1,17.191091676964643,-0.846881858877523,0.49410610783655184,-1.713967598145271,0.08653467683642908,0.3818332132598937
TAGLN2,206.79338421945877,-0.6971571426286443,0.4074998801924608,-1.7108155769257631,0.08711516311044976,0.3818898509924417
PSMB2,29.16337723303659,0.598878854197539,0.3500066424223402,1.7110499676600246,0.08707188907969625,0.3818898509924417
SRP9,43.67927898633778,0.5874355181417824,0.34374774387048695,1.7089145415980072,0.0874667804928777,0.38245930633767816
KRT10,54.69965079836707,-0.7295444336801401,0.42685854725853195,-1.7091011492345327,0.08743221475507823,0.38245930633767816
FBXO11,9.836964057890928,-0.827782812794318,0.48473869969274697,-1.707688726563426,0.08769411505333134,0.38248381407584464
CLDND1,12.103648970214639,-0.8068509821117926,0.47233899840740956,-1.7082031863391776,0.08759864750856056,0.38248381407584464
SMC5,21.148977952522483,-0.7817272568841808,0.4581390025256589,-1.7063102084184563,0.08795033842281846,0.3825673968993446
TCEB2,57.71354867465071,0.5398777322037533,0.31649594932824143,1.7057966566385345,0.08804594583712452,0.3825673968993446
PIGB,12.90522018990308,-0.7846213423685373,0.4599689182024606,-1.7058138307144857,0.08804274720288872,0.3825673968993446
TNFSF10,12.704039370117602,0.8658833024211833,0.5082100717014751,1.703790126634497,0.08842030319969119,0.3832427533473969
CD81,25.81305766059497,-1.0301795034894972,0.6046460634075895,-1.703772778547071,0.08842354541000809,0.3832427533473969
ZNF428,13.046603374823187,0.8341582777659449,0.48978388627161235,1.7031149883590857,0.08854655153697086,0.3832943573432239
ATG4B,7.45218183630797,0.854763345441379,0.502058005777565,1.702519102583694,0.08865810062294255,0.3832962996856539
ARL14EP,18.964191970935953,-0.6994143160298146,0.41166397452888814,-1.6989932549483606,0.08932045451161294,0.38567655577605087
PDLIM1,53.72805825846875,0.556878851238961,0.32815865410609846,1.6969805436211778,0.08970033899720427,0.3863497747070596
EBP,8.833282635759764,-0.6711596294523918,0.3953901581548015,-1.697461647969554,0.08960941598501396,0.3863497747070596
CEBPB,10.559504884313716,-1.2418330871786307,0.7329040094503463,-1.6944007280161617,0.09018916128591326,0.3879708309680807
POLR2E,31.01135803762361,0.7522788898169052,0.4445577115026376,1.692196244384441,0.09060856237850812,0.38928958929745083
RNF213,46.29410211157122,0.6886232775413115,0.4076041435842627,1.6894413081425275,0.09113489045967405,0.3910638956291983
PPP3CC,33.93668802248313,-0.7384265016938539,0.43751777564356836,-1.6877634299718745,0.0914566502146861,0.39195707234865473
C19orf25,22.726153869174883,0.7446282499396739,0.4420037198649162,1.684665120391396,0.0920531996053318,0.39269594322080353
ZMAT2,20.21292598373369,0.6119297061704246,0.3635842857459579,1.6830477283003082,0.09236585228639403,0.39269594322080353
KCTD5,8.548569429337208,-0.8462071614708871,0.502939774629881,-1.6825218528274488,0.09246769104697135,0.39269594322080353
MARCH7,14.229347180536873,-0.6255132559588763,0.3716888072598399,-1.6828950555984676,0.09239540893525935,0.39269594322080353
VPS25,7.909179438687602,0.8862546110186363,0.5270647033331965,1.681491106146733,0.09266756253119636,0.39269594322080353
ITFG2,13.916331048261588,0.707217559774516,0.41984302114813027,1.684480922990008,0.09208876323700292,0.39269594322080353
SNRPD3,44.22726801978435,0.6040228993740313,0.3593283858968052,1.6809774097488066,0.09276730252897242,0.39269594322080353
DSE,7.280814611744161,-0.932440762673368,0.5539141241846731,-1.6833670093642445,0.09230406566090976,0.39269594322080353
PHC3,10.61500135630698,-0.6443505902933033,0.38326443821279826,-1.6812167424089146,0.09272082265367683,0.39269594322080353
CAPZB,62.29749011345733,0.6013576563348965,0.35740240191912714,1.6825786651287569,0.09245668468094335,0.39269594322080353
ATP1B3,40.41284110863916,-0.9910903629967611,0.589899435303619,-1.6801005454203404,0.09293775480627565,0.39293536039418014
LSM3,33.12988267901091,0.6956452890598142,0.4150229310579034,1.676161091356079,0.09370664312538769,0.3942535594909604
UPF3A,17.42196324844894,0.6881802203267139,0.41034696986939984,1.6770690923969522,0.09352897183651077,0.3942535594909604
PUM1,16.19391890765764,-0.7222814744571311,0.4305006832151066,-1.6777707971632452,0.09339185236457626,0.3942535594909604
MGMT,21.860761800520265,0.775208665172068,0.4624592995539645,1.676274357375332,0.09368446525586552,0.3942535594909604
CMC2,22.1872963683037,-0.6494489391519304,0.38798968647970233,-1.6738819658957773,0.09415379913826319,0.39528943682525824
HLA-DOA,21.71426975839256,0.5628659204943882,0.33633202935173195,1.6735424264507082,0.09422056170359386,0.39528943682525824
LARP7,20.567836142678683,0.6378460218597163,0.3813558997269132,1.6725741553139055,0.09441115824464139,0.39528943682525824
PAG1,12.94955541716054,-0.6791262327945957,0.4059455444865,-1.6729490987606603,0.09433731694924066,0.39528943682525824
SUSD3,10.102971628682075,0.7301377889543036,0.43687633140874854,1.6712688155934337,0.09466859308891412,0.39588684382636813
ERVK3-1,8.463694563730204,-0.7264886557521752,0.43524216756233286,-1.6691596308809662,0.09508574813378387,0.39714991653941206
TINF2,24.52829986881967,0.6053685022799754,0.3631071890428996,1.6671895257035343,0.09547672482060493,0.3973878497174294
FAM49B,50.84323831354167,0.4275286734637369,0.25639497045361526,1.6674612325949727,0.09542272689813154,0.3973878497174294
PFDN2,34.28232957508654,0.5467163999833863,0.32793838691445815,1.6671314545619078,0.09548826881615913,0.3973878497174294
AP1G1,9.004412933350642,-0.6796347235211555,0.4078816222021141,-1.6662548311244625,0.095662669112813,0.39763398607133116
SCAMP2,27.883887443664953,0.749951804084072,0.4506256231263205,1.6642458075976823,0.0960633173017532,0.39881882634301874
KLHL28,8.31941942177763,-0.7299199501490679,0.4387596457355327,-1.6635986404935592,0.09619266377341931,0.3988758293489142
AP2S1,28.692154240428444,0.8508009758936995,0.5131291245537271,1.6580640918280534,0.09730453067857626,0.3991855643547619
UBE2J1,52.90502975726639,-0.774514663659864,0.4664433697759166,-1.660468802529978,0.09682017893608864,0.3991855643547619
CALM2,209.9402037570895,-0.45508249788084076,0.2742111678799952,-1.6596059941657861,0.0969937416900977,0.3991855643547619
BRK1,78.2631297751742,0.6306409488044288,0.380286160921869,1.658332628449227,0.09725034671183044,0.3991855643547619
OGFR,16.354974578564917,0.7048169139345717,0.4246911174394242,1.659598906104042,0.09699516855609007,0.3991855643547619
PPIL4,19.833497216258863,-0.7719800836954124,0.46463053898486534,-1.6614923448253118,0.09661460511019192,0.3991855643547619
U2SURP,30.980791074758308,0.513910623224848,0.30967723494958455,1.659504042357239,0.09701426676809019,0.3991855643547619
PYM1,7.304030506169442,0.859589161910234,0.5184358731122699,1.658043369472015,0.09730871293401587,0.3991855643547619
VPS37B,62.04489960350687,-0.8269181298624502,0.4983676311966813,-1.659253286327711,0.09706476409228516,0.3991855643547619
PEA15,22.182542213522225,-0.764697581032335,0.461469590867916,-1.6570920298217662,0.09750087027547742,0.39949881526175424
MRPS6,38.58772528646532,-0.6507119289596434,0.39283383594979826,-1.6564559093702922,0.09762952684701008,0.3995514443916783
COPS3,18.66676161135776,-0.5364115136502196,0.3241185474576015,-1.654985553458302,0.09792742837874256,0.40029576766192165
JAZF1,13.928762806647896,-0.6930601466309633,0.41947796410787286,-1.6521967920411096,0.09849444020767971,0.4016617242511761
SDHA,13.454293313414803,0.6498274776413777,0.39318559524486213,1.6527245288238195,0.0983869399556411,0.4016617242511761
OCIAD2,28.356100739686724,0.5931052041657052,0.359273577173839,1.6508456002561074,0.09877010619274673,0.4023103498996178
ZFAND3,14.789074001789595,-0.8547141939298871,0.5180119517582144,-1.6499893313828997,0.09894511813714771,0.40254794525136744
GPR108,9.489735208235716,0.7710813177131808,0.4681017249383709,1.647251605011068,0.09950634068390708,0.4034040838536774
NSMCE1,11.54691355552478,0.7999364146905208,0.4855907117720957,1.6473470255871745,0.09948673723787842,0.4034040838536774
ID3,102.4069853190728,-0.7089480198295023,0.43029510882532557,-1.6475855878652188,0.09943773987706853,0.4034040838536774
CTSH,82.55249236808928,0.75090587405307,0.4561115456117142,1.6463206890454665,0.09969775215558392,0.40370568654549827
ARID5A,24.80763620246313,-0.6600315899096938,0.4010699071228138,-1.6456771704579218,0.09983024164937905,0.4037682692735729
FAM53C,30.174041927056983,-0.8704715575645589,0.529661620590409,-1.6434484276853063,0.10029018738959988,0.40467970350189425
RBCK1,30.4875693187833,0.6664470581005615,0.40543008184795576,1.6438026874150207,0.100216966078532,0.40467970350189425
HLA-A,732.9473845589348,0.3777779983239839,0.23005713227526645,1.6421051353103344,0.10056821762657428,0.40532751263046873
ZC3H8,11.819577336987848,0.8394303417435484,0.5114173389915478,1.6413802930475565,0.10071849807089032,0.40545953132388757
ARID5B,81.44766775319002,-0.551480128428438,0.33650695163921945,-1.6388372535605107,0.10124715833444493,0.4071126995965443
IKZF1,20.68267963054688,0.5872001118652345,0.35862155673700596,1.637380968416954,0.1015508922730677,0.40785864766249535
AC079767.4,39.28792433715911,-0.922639594085524,0.563963730878645,-1.6359910107128142,0.10184146876858241,0.4080755717208006
DCAF8,10.180168854013026,-0.8329008143256519,0.5090032374386009,-1.6363369681437863,0.10176908311743459,0.4080755717208006
EIF2S2,33.33905943918596,0.565830951106456,0.3459996167390626,1.6353513811351426,0.10197540821015443,0.40813823471581523
WDR61,8.47612494106734,0.7737087163592211,0.4738215447180569,1.6329116414906995,0.10248758137118441,0.40923860616965996
OSTM1,9.101316566412624,-0.7402019882505038,0.4532646176861542,-1.6330460383806715,0.10245931434450062,0.40923860616965996
NECAP1,11.309805680139501,-0.6527320431230232,0.4007131514557589,-1.6289259305608008,0.10332869997700823,0.409293068053985
USMG5,49.03601723247394,0.5188981216295756,0.31893085522430664,1.6269925381306565,0.10373868258724896,0.409293068053985
TMCO1,23.288363889433246,0.5681939760201402,0.34877863626047034,1.6290962718135322,0.10329264035052772,0.409293068053985
RPS19BP1,28.191525897620984,0.5347021559467511,0.329877064565425,1.6209134049715144,0.10503621154612525,0.409293068053985
ALOX5AP,34.39860275206409,0.7183828374941743,0.44329189929540475,1.6205638736823658,0.10511120530313935,0.409293068053985
TMEM167B,10.50900736719966,-0.7497596907049506,0.4606184970451599,-1.6277238007475041,0.10358346405173635,0.409293068053985
MARCKSL1,87.29955449471814,-0.7576166161855372,0.4661781005926174,-1.625165607784741,0.10412727644513095,0.409293068053985
JTB,53.51445557235961,0.4487347523382792,0.2768256879583717,1.6210011276329195,0.10501739686114009,0.409293068053985
CHFR,9.152545849316663,-0.8272509900739011,0.5104286843424019,-1.6206984745374753,0.10508232095916056,0.409293068053985
SDF2L1,14.02081851643327,0.9000487122470383,0.5549483305069526,1.621860383695239,0.10483324572346914,0.409293068053985
TMEM147,20.965936208663265,0.5560657835335121,0.3426725084914825,1.622732404129623,0.10464662118892813,0.409293068053985
PSMA4,30.082822221385186,0.7603647075938853,0.468806435459436,1.6219161045618298,0.10482131278385781,0.409293068053985
NDUFA4,98.14380432980606,0.36077653262859083,0.22132946100489453,1.6300429729985766,0.10309241496955311,0.409293068053985
EMD,37.40109353526253,-0.7805243189905237,0.4811863526439545,-1.6220832421821803,0.10478552578288847,0.409293068053985
BTG2,185.73801797652987,-0.7058222984482605,0.43290700958490236,-1.6304247397727423,0.1030117594429906,0.409293068053985
EIF4A2,161.0591356484189,-0.6222878104075884,0.38288270517843725,-1.625270094447279,0.10410502066962221,0.409293068053985
COMMD7,16.75114676488698,0.636058435814237,0.39224220965990003,1.621596095855522,0.10488985915263122,0.409293068053985
EIF3I,41.76137746864922,0.47030633972659963,0.288723680127819,1.6289150218589392,0.10333100958658337,0.409293068053985
APH1A,35.290262444957506,0.6461109526614669,0.3977047111714126,1.6245996954835922,0.10424788207612341,0.409293068053985
PRKRIP1,8.597169655616927,0.8880710920366738,0.5442163506880096,1.6318346387681222,0.10271432611281879,0.409293068053985
CTSD,18.675530833433843,0.7749477170844608,0.47813034016098566,1.6207875802726452,0.10506320299609638,0.409293068053985
MOB4,19.24974028059583,-0.8101881558739465,0.497856444241864,-1.6273529553437867,0.10366215698397278,0.409293068053985
PPP1CC,49.94490137130481,-0.5572044487756677,0.3440253624508683,-1.6196609598957818,0.10530512684530818,0.4095858935922359
EPSTI1,40.853230529087924,0.753977414234168,0.46661737493725813,1.615836560598603,0.10612965459238387,0.4100193822438123
SERP1,163.90006696719888,-0.4876998024785936,0.3014524059785071,-1.6178335047469004,0.10569848369751038,0.4100193822438123
IRF7,49.94903591001942,0.6628824829788588,0.40999080947542366,1.616822786410763,0.10591653930965175,0.4100193822438123
P2RY10,36.811275353455265,-0.5969247501593341,0.36891949709687943,-1.618035248493738,0.10565500152013478,0.4100193822438123
STX10,12.41302380273021,0.7047846798819984,0.43613075125946554,1.6159940060330753,0.106095609138932,0.4100193822438123
CDKN2D,16.189137576339196,-0.57402602708442,0.3550891262088106,-1.61656886881651,0.10597137634177968,0.4100193822438123
NKAP,14.149690161498409,0.7645690814361531,0.47375067121799735,1.6138638484046286,0.10655696168434252,0.41120975146642247
FKBP11,12.660982011393655,1.075715349951883,0.6673508746298938,1.6119186935185543,0.1069796337668175,0.41237959384974343
PRDX3,20.59876342028607,0.61121282965964,0.3793526976280211,1.6111993758878504,0.10713627380900542,0.4125224828583356
MED8,9.594774599381596,0.8980428162041932,0.5581448680517725,1.6089780048302664,0.10762115120008735,0.4139275046157206
RRN3,7.301294571849174,-0.7542993088819565,0.46977933164618485,-1.6056460088160251,0.10835171038182088,0.4162732748522072
TMEM109,22.259674551474987,0.7314747837924751,0.4557720348815938,1.6049137020495496,0.10851279768624536,0.4164284227113977
STAT1,40.565825303330925,0.8240862277210032,0.514044945522885,1.6031404158302638,0.10890365680140823,0.4174640177387316
FAM204A,23.603847122474797,-0.4972791963009932,0.31134970150356384,-1.5971725487435584,0.11022725001636961,0.4206681554828265
PDCD2,20.21283700648401,0.6200344325315506,0.38818012636950383,1.5972853590689686,0.11020211287835507,0.4206681554828265
EXOSC1,13.780761565729057,0.622553682905831,0.3897756252133018,1.5972104016641453,0.11021881487494503,0.4206681554828265
FAAP20,25.941607951114815,0.755179890747774,0.4727900125591879,1.5972839330087036,0.11020243061420874,0.4206681554828265
LRMP,28.67496585281011,0.6702802833015058,0.41994445192198665,1.5961165345411543,0.11046277776535143,0.4211011970060358
AKNA,19.035892367721015,0.6228690859166032,0.39052628133479533,1.5949479348423725,0.1107238791168069,0.42163066551101963
PHF1,30.504013425522988,-0.5851467741457806,0.36715425277434405,-1.593735520490938,0.11099528487174996,0.4217331859113848
VDAC3,16.52054513470309,0.6838371648738555,0.4290656300401448,1.5937822025266237,0.11098482512330589,0.4217331859113848
COX7A2L,39.849566290221475,0.49600126176246007,0.31133760623515405,1.5931299394260428,0.11113104413219166,0.4217844909307604
NASP,53.57401515327738,-0.7250978075419502,0.4559268818861218,-1.590381783461191,0.11174877395148725,0.4236629342116824
GPSM3,112.2982118861728,0.4675187378629323,0.29448665881872205,1.5875718775794325,0.11238318160395004,0.42560041331902043
SLC25A32,10.435626823282416,-0.684213500959575,0.43138599741921735,-1.5860818502522278,0.1127207434627794,0.42641070717827734
TTC1,14.001820947165069,0.8239491509880172,0.520363959629592,1.5834093344483824,0.11332819679768896,0.42777054589937297
TNIP1,24.397349362406096,0.7170813943428189,0.4528375227886549,1.5835290987524682,0.11330091971338188,0.42777054589937297
ATP6V1E1,12.57548673279442,0.6572574104294449,0.41560575903929436,1.5814444245160304,0.11377645668156505,0.4289931973239338
HN1,64.04099001112908,-0.6168330233899968,0.3902504896351968,-1.5806079422644865,0.1139677087135627,0.4291396541855567
AKR1B1,15.067490479293184,0.657193181517765,0.41589586089075115,1.5801868768547291,0.11406407619946536,0.4291396541855567
MTDH,87.08367063161508,0.7046856480088802,0.44617429774935335,1.5793954326000874,0.11424538435256078,0.42935356864524477
CHCHD2,196.62161071218208,0.4368491910139117,0.2766922357451364,1.5788270669665525,0.11437572839441373,0.4293756941901277
COMMD4,9.656764598636048,0.7558224861741678,0.47961322146206853,1.5759000218344565,0.11504884596373804,0.4314331723640177
LINC00116,9.986006030053534,0.7317772222471496,0.4645170954789572,1.5753504647501169,0.1151755715315434,0.431439437333143
PPP4R2,19.692189210870914,-0.5857920041101782,0.3720221413654786,-1.5746159676412639,0.11534511488629888,0.4316059071125067
HNRNPA0,101.06293838719527,-0.42497179495811066,0.2700902789958701,-1.5734435039204382,0.11561616032723153,0.4316837155075203
MRPL27,15.681802465169152,0.701677692328557,0.44581448896284404,1.5739230323378695,0.11550524442189612,0.4316837155075203
PIAS1,34.966374028822344,-0.5382023900238257,0.3426581480779554,-1.5706685892126622,0.11625964892154472,0.4336170689506263
MTPN,51.84201913882953,0.5006534081708703,0.31891661362699214,1.5698567800435739,0.11644843443804935,0.43385215854348835
IP6K2,17.9051118555664,-0.5900344502317133,0.37667916388169936,-1.566411171118084,0.11725238936818438,0.43613213843634396
PITPNB,15.885782103968968,-0.5985360250112266,0.38217001375312876,-1.5661511983456253,0.11731322448374701,0.43613213843634396
EVL,66.44203365791766,0.539899931133091,0.3448691832755265,1.56552094914711,0.1174608092446373,0.4362107555371353
SRI,34.97892454108901,0.5684301482436593,0.36322275102602636,1.5649629508007585,0.11759159669432714,0.43622689096282646
PPM1K,54.546242318720786,0.5304755930935564,0.33944407586407555,1.5627775849179237,0.11810491820396392,0.43766054543896404
RELB,29.49840627849911,-0.8563131602849949,0.5488492409975576,-1.560197402712279,0.11871323923087132,0.43944278470655157
HNRNPR,40.385213439082136,0.48163333201785447,0.3090516522656381,1.5584234172088423,0.11913290908849737,0.44052361881598706
RCSD1,55.40939566125223,0.6133574644594509,0.393767482032126,1.55766408463716,0.11931289856207229,0.4407168094637574
NSRP1,14.193240042350979,0.8899515633645301,0.5719360296147753,1.5560333975881055,0.11970015089794754,0.440943410722476
GOLT1B,10.558507927490222,-0.7295244809650997,0.46890889261617447,-1.5557915246496554,0.11975767415853913,0.440943410722476
VPS26A,10.267292671744396,-0.6031010605030175,0.3874780829163925,-1.5564778682802318,0.11959450140128569,0.440943410722476
MRPL4,17.75301565176884,0.6717394295235991,0.432015151037156,1.5548978500196753,0.11997039951059783,0.44117762546720063
FCRL1,29.646019527790372,-0.5886236226479886,0.37866995102791995,-1.554450309696183,0.12007704067063808,0.44117762546720063
HNRNPH3,42.99932727948858,-0.47710702867851007,0.30707253468880097,-1.553727457787876,0.12024944059519223,0.44134103197171615
H2AFV,42.295634858467224,0.6781389663846225,0.436614811548483,1.5531744422035483,0.12038146541330133,0.4413560634175235
CTBS,15.889215810537033,-0.6753446144919919,0.4350491124035463,-1.5523410926202519,0.12058063040157227,0.44161695847709587
ARAP2,14.439090871841373,-0.6806668174232111,0.4393234171641427,-1.5493524606927478,0.1212970151066809,0.4422651177650691
IDH3B,15.271389279564517,0.6544660244045956,0.42214464914989724,1.5503359469853293,0.12106090367160226,0.4422651177650691
DYNLT3,10.377213927497952,-0.6356906036794926,0.4101600774168168,-1.549859771051011,0.1211751771341544,0.4422651177650691
MECP2,20.305559197484467,-0.8139659763043574,0.5255021361503901,-1.548929909718604,0.12139857000681752,0.4422651177650691
LRBA,12.615732968459008,-0.5795848771966549,0.3741577137866866,-1.5490389636256052,0.12137235388455248,0.4422651177650691
RSL24D1,83.51907844746287,-0.6448049781900239,0.4165086698984558,-1.548118982366505,0.12159365263002676,0.442508545963705
SSNA1,21.748642733847355,0.6335764658162951,0.4094599527486126,1.5473466002309597,0.12177969039808877,0.44271857942403187
MAD2L2,9.646476251852699,0.8052092145386895,0.5210051929934895,1.5454917251635751,0.12222736890535711,0.44294582218853157
PIK3CG,8.008686494670965,-0.8215118927475631,0.5313905700850072,-1.5459662609672293,0.1221127163071489,0.44294582218853157
FAM107B,33.84555194765175,-0.776655799025745,0.5023429177939341,-1.5460669823642992,0.12208839182810931,0.44294582218853157
OSTC,26.177608497002105,0.6566225714552693,0.4256465729737548,1.5426473820000808,0.12291635505363112,0.44497526226130885
USP6NL,11.868856574303164,-0.589945666875195,0.38294321906821666,-1.540556504200962,0.12342476081874815,0.4454136242935995
CCR6,24.11183444925314,0.5162850698599485,0.33502539359028133,1.541032649278336,0.12330884000838789,0.4454136242935995
MAPK1,8.553151441418459,-0.7768650423456348,0.5039443466674026,-1.5415691186597569,0.1231783346944382,0.4454136242935995
PRKACB,12.97934657018833,-0.665885592010433,0.43253032960662136,-1.5395119057108528,0.12367937360456101,0.44567983187247073
ARMCX6,12.696196029300928,0.6247297358874636,0.4058810348260736,1.5391942029397114,0.12375689244458753,0.44567983187247073
CDK5RAP2,8.383748819163054,0.93795167727969,0.6100197840342628,1.5375758325028492,0.12415236032998947,0.44617254493589964
DNAJC8,37.55466296150892,0.5303605758344997,0.344862731009202,1.5378889283932164,0.12407577483344934,0.44617254493589964
IFI35,20.595309286685097,0.7551391379134255,0.49176575817431134,1.5355667314391557,0.12464467884388711,0.4465463572288791
DNAJC9,17.053905226886993,0.6832533143623881,0.4449001048036683,1.5357454560814354,0.1246008218088474,0.4465463572288791
RABIF,10.79725834350282,-0.674386013375627,0.43904368213644257,-1.5360339775167215,0.1245300472623538,0.4465463572288791
UBXN7,7.298139508512963,-0.7565475106212138,0.49311856308738217,-1.5342101621251503,0.12497795842070576,0.4472758885388329
CYCS,113.46549220818937,-0.5431639874616522,0.3547020840412542,-1.531324488633336,0.12568921616694098,0.4493552287833641
PGLS,34.56724671400367,0.7053584412309221,0.4610547987536615,1.5298798388774397,0.12604647461356203,0.4501659807627216
ARL8B,10.202410389115688,-0.6485862272962426,0.42483089412664005,-1.5266927058814659,0.12683744204405029,0.4509426416345485
TMED3,15.484465469066,0.6240739323410177,0.4086695106222632,1.5270870865574668,0.12673935758799865,0.4509426416345485
PSMC5,24.005961755732095,0.5855342365403078,0.38361198684257997,1.5263710640527748,0.1269174797180135,0.4509426416345485
ISCA2,10.518027307323294,0.7091669265399005,0.46445398515512887,1.5268830695963065,0.12679009025733343,0.4509426416345485
ATP5C1,36.96580736032537,0.5157362623856152,0.3374197478273214,1.5284708903568662,0.12639566562572505,0.4509426416345485
NAA15,11.328869469370341,0.7410681610445881,0.4862778884437373,1.523960226561546,0.1275186470500947,0.45261248181360775
SMARCA4,8.290849015673034,0.7938232195873396,0.5210975916658539,1.5233676614194889,0.12766674791643393,0.4526724360860196
TSPO,38.000073075861735,0.7084640579289032,0.4652791056748953,1.5226646743598427,0.12784262019383544,0.4528306362101974
TTN,16.335227847420775,-0.8752587513257565,0.5750761811351018,-1.5219874862459888,0.1280122162422001,0.4529663036262465
SH3BGRL3,233.69924107780406,0.5921845484566828,0.3893459546003505,1.5209726503118257,0.12826670079601962,0.45340175998592996
SF3B4,16.007323719636027,0.6615720538411516,0.4352599974331026,1.519946831187564,0.1285243390568577,0.45384746135737875
SBDS,42.976643081177905,-0.6234724451288861,0.4105935596082346,-1.5184662071265038,0.12889691224012464,0.45469769655258696
SCOC,10.030778396533908,0.7391605396182882,0.48727548725700814,1.5169253511585452,0.12928553220095346,0.45560274371122517
MAP4K4,23.513611969706904,-0.7674183524173581,0.5062652732527672,-1.5158423715035318,0.12955921510848795,0.45610131849416674
ESD,21.53544727108266,0.5957139358449601,0.3931645831959811,1.515177005523954,0.12972758463016928,0.45622850863821
EDF1,121.46524683707442,0.41156864226022416,0.27204496443344617,1.5128699151529836,0.13031270515106366,0.4578195853066901
DTYMK,7.6775992110244315,0.806346121808541,0.5339200916808964,1.5102374575753243,0.13098284396370946,0.4582843756831112
GAPVD1,9.248715334815477,-0.6209694080661766,0.4112117961210337,-1.5100962908257722,0.1310188558286927,0.4582843756831112
RGCC,111.68012948720441,-1.4813580770160868,0.9810209022311536,-1.510016834143908,0.1310391287329273,0.4582843756831112
APBB1IP,40.12834055294467,0.46923036260334167,0.3108016177682985,1.5097423429537977,0.1311091822606466,0.4582843756831112
CTSC,20.05360562065946,0.6094774430537995,0.4034985930220759,1.5104822014099417,0.13092042760911832,0.4582843756831112
PPIA,387.0928251413008,0.49325929714656447,0.3273652971982299,1.5067549962324829,0.13187346896402358,0.4604777645814967
MLF2,28.661159745826346,0.6783769481865743,0.4503754569235666,1.506247593553265,0.13200362584669573,0.4604777645814967
ILK,18.831311351927123,0.7823739425678735,0.5196625957662532,1.5055421516614007,0.13218474830965143,0.4606438198669671
GLRX,22.17717031497383,0.8265435423517893,0.5494033385684838,1.5044385141623229,0.1324684937731815,0.46116680476031907
PRDX5,45.49468579815872,0.46568391842875595,0.30978494632339393,1.5032490247044294,0.13277483976253218,0.4617673358676775
SNX8,17.486584270270882,-0.5793515141431679,0.385893983104862,-1.5013230045251473,0.1332720377323376,0.46302973834497957
GHITM,37.39392943595014,0.4462441870142441,0.29790395250851526,1.4979465134873922,0.13414714750251583,0.46357062532328314
RPA2,25.504029588209097,0.5371611186614415,0.3591880965774149,1.4954869712550969,0.13478739766808212,0.46357062532328314
AAMP,11.859999920904578,0.6500015576744911,0.43412252681402813,1.497276730707279,0.13432126700098374,0.46357062532328314
PPP2R1A,26.881604861979184,0.6983811878646939,0.46723273934227594,1.494718004666809,0.13498805336193298,0.46357062532328314
DAPP1,30.28686306141413,-0.5696586281476109,0.3804630348830901,-1.4972772015096223,0.1343211445479151,0.46357062532328314
NUB1,18.832489311302176,0.6522039980236937,0.43548441920126746,1.497651739687764,0.13422375659889219,0.46357062532328314
VBP1,13.113758370887812,0.5603980771945166,0.3746373756337595,1.4958413485747732,0.13469500337306656,0.46357062532328314
HDAC2,14.048308741862963,0.6097961616702706,0.40756912816013113,1.4961784873722965,0.13460714900603166,0.46357062532328314
NELFCD,13.718883641314346,0.5926799725969608,0.3955514529689866,1.4983637859204884,0.13403875991725323,0.46357062532328314
PYCARD,33.41105656609862,0.7077012731072444,0.4723187826740343,1.4983551344297412,0.13404100647635653,0.46357062532328314
BLOC1S6,15.444982764778274,0.6350774272692897,0.42453691056314774,1.495929827224823,0.13467194259898913,0.46357062532328314
SUCLG2,11.280138745808538,0.610900419131285,0.4087606818449153,1.4945185441369382,0.1350401386811303,0.46357062532328314
COX5B,71.28210287052018,0.42762366654259454,0.286611730485401,1.4919963876509101,0.13570009233198943,0.4653730800649737
PBXIP1,15.211662735942237,-0.5635488570116701,0.3800577775443415,-1.4827978541918425,0.13812812636157923,0.47283312298499347
KCNQ1OT1,23.837084490250334,-1.614446820226606,1.0892218668263067,-1.4822019915287419,0.13828655683821983,0.47283312298499347
DYNLT1,21.94888752775595,0.6474884374023487,0.43671192919128143,1.4826442652972422,0.138168949837059,0.47283312298499347
METTL7A,9.90559063608957,0.6869024177769627,0.46380205535045255,1.4810249541864013,0.1385999239261846,0.4734353837082543
TIA1,13.164243526766366,-0.6019126826985639,0.4066012698874834,-1.4803512120489144,0.13877954285103625,0.473580042370005
TIMM13,19.601160848486693,0.5599296387647091,0.3791872638526615,1.476657293485146,0.1397675253894107,0.4738773739820448
ITGB2,28.867574746584324,0.6583919137944471,0.44608177456479003,1.4759444374000548,0.1399588087908535,0.4738773739820448
SF3B6,43.352022223837295,0.4585992544257358,0.3100791930239891,1.4789746127540278,0.1391471000800925,0.4738773739820448
PCMTD1,25.275881742654153,-0.4898342348444718,0.3324667649490031,-1.4733329357585776,0.14066128394272295,0.4738773739820448
GRHPR,12.929269203238539,0.6334103035682626,0.4300028693541144,1.4730373881450516,0.14074095459921235,0.4738773739820448
ATP11B,7.761775066899392,-0.6312514979472076,0.42895270865312624,-1.4716109380199085,0.14112597015291747,0.4738773739820448
MAP4K2,12.72790577898138,-0.6021965247036072,0.4073348018136325,-1.478382210462659,0.1393055042323137,0.4738773739820448
CD44,104.73109621844495,-0.5998901270603361,0.4077194562169523,-1.4713306365765568,0.1412017218705919,0.4738773739820448
NXF1,11.173667376351888,-0.7983497519072534,0.5411291131227155,-1.4753406027263707,0.14012099557881555,0.4738773739820448
LARS,17.01068227647852,0.6672892643648436,0.4531460648466526,1.4725699197910025,0.1408670406997262,0.4738773739820448
TEX9,11.891361300931939,-0.8504520855310738,0.5772175374314745,-1.4733649454163316,0.1406526571934284,0.4738773739820448
AC006129.2,15.304677503442779,0.7152994608109884,0.48407282583081196,1.477669108120918,0.13949636681268576,0.4738773739820448
MYL12A,209.30725190091408,0.46416440745171544,0.3154668640801116,1.4713570910377538,0.1411945711933313,0.4738773739820448
BIN2,17.08129758455182,0.623382783553583,0.4232442271611818,1.4728677759760287,0.14078669255366294,0.4738773739820448
SP3,11.072948440614336,-0.6716101965557704,0.4561928528988645,-1.472206748282097,0.140965055662627,0.4738773739820448
INSIG2,10.08483837659863,-0.6246516608197249,0.42264440242831164,-1.4779603307905573,0.13941839646150606,0.4738773739820448
ZC3H7A,10.184929079205608,-0.7437493504444189,0.5049636865424574,-1.4728769023708488,0.14078423122101913,0.4738773739820448
TGIF2,10.856320159670284,-0.6357196617827671,0.43357003432930713,-1.4662444621343973,0.14258169969140302,0.4775794795488742
SPCS3,19.893553292642927,-0.5115036068422832,0.3488441411792085,-1.4662812025829988,0.14257169430497768,0.4775794795488742
MDH2,35.40157566516554,0.5770979523408559,0.3938290265833821,1.4653514936352003,0.14282504419132933,0.4779305552474163
TBCA,60.47596446200039,0.48118708259351434,0.32869850316757654,1.4639162574713531,0.1432168307662133,0.4786197335833829
MED31,12.007674392569882,-0.6321023742093109,0.43188751564971695,-1.4635810281721098,0.14330845935989406,0.4786197335833829
THYN1,10.704915936784865,0.7259306489331626,0.4966351309137759,1.4616981436603127,0.14382394617759525,0.4798768030103517
FAM91A1,8.229910159646705,-0.6987601899584182,0.47855773626551834,-1.4601376950068254,0.14425223459291606,0.48084078197638686
YIPF4,25.490878868135212,-0.6301997404567803,0.4319102513958687,-1.4590988253232469,0.1445379095137372,0.4811156397126765
DDOST,23.407833735524957,0.6556108462173242,0.44941056537027374,1.4588238389036539,0.1446135995310277,0.4811156397126765
POLE3,17.488984598355025,-0.5516305164937263,0.37870601359583744,-1.456619374104889,0.14522147665990354,0.48267253803147125
TP53RK,7.23917025369313,-0.7092323349120083,0.4873698168674191,-1.4552241652357871,0.14560721298809814,0.4834888207978235
NAE1,7.5345556554305135,0.781876988348789,0.537561421707793,1.4544886533427632,0.14581087703279563,0.483699544003024
FIBP,24.63150578545811,0.6380373325397635,0.4398567611495713,1.4505570651505837,0.14690323813050676,0.48685511195989273
STAT2,10.071492191880255,0.7042845174654887,0.4859553032149047,1.449278385905446,0.1472598546400721,0.4872979609391436
DUSP2,187.78434591937048,-1.0721895778227502,0.7399380923235219,-1.4490260589989448,0.14733030533223576,0.4872979609391436
CWC15,20.486517092867793,0.505882558016914,0.3492314333835606,1.4485596359858695,0.14746060035375824,0.4872979609391436
PRKCB,37.37640081861928,0.6688368260507394,0.46218304024010815,1.4471254196243826,0.14786179978487296,0.48815618110795383
USPL1,7.212023647611505,-0.72860868239746,0.5039935349421439,-1.4456706919486595,0.14826958845441116,0.4890344934681821
RP5-887A10.1,45.31813667877573,0.7523634541374887,0.5208943397899449,1.4443686495823427,0.148635304485684,0.48930515312558187
MRPS21,49.47646445384397,0.5047806650807949,0.34936900257584835,1.444835292653665,0.14850415524797425,0.48930515312558187
CACUL1,16.636945895236835,-0.5046283720184433,0.35000028049339454,-1.441794193156274,0.14936044151727376,0.49028879470465697
CTCF,9.084972745989084,0.8026003749494304,0.5565814298917794,1.442017882460589,0.14929732893237413,0.49028879470465697
WDR34,7.86314945627862,0.75540085436026,0.5237094106749994,1.4424045834628745,0.14918827158960513,0.49028879470465697
TSC22D3,528.2086300937918,-0.6895899776445391,0.4787092113677933,-1.4405195497997754,0.14972046305411732,0.49100341971169653
RNF114,26.113173722754276,-0.5184355591268186,0.3607084231548078,-1.4372704540484709,0.15064116071633069,0.4930853932365663
ATP5H,32.62230822959124,0.47812568561941615,0.33263794573678884,1.437375656467496,0.15061128200713167,0.4930853932365663
LSM10,29.93768723066227,0.6027857593498721,0.4195965185104333,1.436584272647829,0.15083615506357786,0.4932556729567238
RER1,21.042088795866142,0.5024880837383671,0.3500319783053669,1.4355490780330873,0.15113069354701533,0.4932837206596054
VAPA,46.518872102139724,-0.4187417851584959,0.29162257977134154,-1.43590316458632,0.15102989788802879,0.4932837206596054
TM9SF2,15.262691535201402,-0.49896138962352293,0.348043560132096,-1.4336176466938444,0.15168140485704276,0.49461327670774813
RBM39,157.01645287423645,-0.47740266465390285,0.3332002963269693,-1.4327798321806648,0.15192076662863938,0.49492601026327276
UQCR11,51.94156781633295,0.5433222100666762,0.37942299092849263,1.4319696567071567,0.15215250541813807,0.4952133431062041
DCTN2,13.751212187727663,0.6052580434083137,0.4232219320389347,1.4301197494477493,0.15268265283475765,0.496470454552228
CUTA,58.022383582678934,0.39028840554296657,0.27303008240727455,1.4294703429813997,0.15286909303502277,0.49660863556575197
ENY2,50.85757283443827,-0.39139152355122003,0.27413836305987976,-1.4277152572977492,0.1533738328324886,0.49760797744391466
RBM33,18.077741989432095,-0.5154457059303117,0.36110858937979884,-1.4273980766161938,0.15346518492763048,0.49760797744391466
TSEN34,13.21316418493385,-0.5975406088014563,0.4191877220782043,-1.425472592181453,0.15402063725998752,0.49894009253235394
SDHAF3,8.316986496845358,-0.6810607963547559,0.47837712815482203,-1.4236901312186843,0.15453619175322977,0.49967184774943085
ZBTB1,19.03454587231761,-0.7455927717324142,0.5236139033682564,-1.4239361616187654,0.1544649526537383,0.49967184774943085
ANXA11,42.11091576930919,0.6477826532512289,0.4554144326432581,1.4224025564834468,0.15490942141576827,0.5004096478318357
ARPC3,238.94906051735674,0.34361163783706244,0.2420959335873028,1.4193201543930594,0.15580569887242876,0.5018951084125857
PPP4R3B,23.116509798326224,-0.5352419262215157,0.377054698493302,-1.4195338988224375,0.15574342118879822,0.5018951084125857
SRSF4,32.91261102787185,-0.4575157240313113,0.32214240477661016,-1.4202281886750545,0.15554125964350848,0.5018951084125857
C11orf58,70.82672972193045,0.44481185817547136,0.3138185896686625,1.4174171729122702,0.1563609947601244,0.5028619207365987
MRPS26,15.514702480142628,0.5807521387102211,0.4097615869569083,1.4172927799874386,0.1563973452030059,0.5028619207365987
RLIM,8.851587959648512,-0.6932145747957132,0.4898855837435025,-1.4150540407791854,0.15705265193958381,0.5032423591908077
GMFG,56.109748654855956,0.6290794293679467,0.44433710695267803,1.4157706379335628,0.15684266896427349,0.5032423591908077
LITAF,93.7390327792137,-0.564296897168019,0.3986966775746904,-1.4153538991112,0.15696475916074237,0.5032423591908077
DNAJB14,28.23539118783118,-0.6144229834168464,0.4343848726875687,-1.4144668059349528,0.15722488696125048,0.5032423591908077
HSPA14,8.354260284148433,-0.6108957556837333,0.43191212656715433,-1.4143982493363736,0.15724500382831616,0.5032423591908077
UBE2J2,9.514624167148686,0.6861046204381854,0.485585108543121,1.4129441129211602,0.15767215718824223,0.5037411294553529
MORC3,16.589193118080388,-0.5989068136193135,0.42404164946741435,-1.412377332206696,0.15783888722934392,0.5037411294553529
MARCH3,16.92339175644998,-0.6810496236287755,0.4821359868459118,-1.412567495913628,0.1577829318371562,0.5037411294553529
ACP5,44.08986712061747,0.6626533490835137,0.4693740770808186,1.4117808831811893,0.15801448899581838,0.5038354778517314
SKP1,115.95726849192206,-0.4257902219967548,0.30251738739948103,-1.4074900806758892,0.1592821165529673,0.5050370355448397
FUS,198.55737205158766,-0.6187255397564796,0.4396536429622751,-1.4073022017687908,0.15933779673825554,0.5050370355448397
CHST11,9.919274211785632,-0.6894254111549878,0.4891037311251957,-1.4095689059025311,0.15866701377280923,0.5050370355448397
KRR1,20.985067128678104,0.5827724752104838,0.41389570933481157,1.4080176770788004,0.15912583569345695,0.5050370355448397
HNRNPM,36.26798084324531,0.5125513737371591,0.3636742299955497,1.4093695166232458,0.1587259329137538,0.5050370355448397
URM1,15.54521002129107,0.598234801850154,0.4252201009515684,1.4068826956002523,0.1594621756075959,0.5050370355448397
LSP1,118.40596805035321,0.6000997859728295,0.4261470955143632,1.4081987001425034,0.1590722410696893,0.5050370355448397
SLC9A3R1,20.333917470128828,-0.7146025048101089,0.5080552923667033,-1.4065447512242906,0.1595624257228624,0.5050370355448397
FCMR,86.03489213502455,0.5216411851216277,0.37122955711908157,1.4051714771038495,0.15997029357987125,0.5058638981214993
PRDM2,57.579176407009435,-0.7011458962625055,0.4991939432498262,-1.4045560963699644,0.16015331966581425,0.505978894548589
SMIM19,15.105144607330583,0.5825107332698737,0.41564013034896474,1.4014785645957888,0.16107101311123395,0.507484013912107
RBBP4,22.539989642474175,0.47423971095799716,0.3381932477557552,1.402274333107015,0.16083334190968657,0.507484013912107
TMEM87B,10.244223632214162,-0.6850576833304519,0.4886693603998068,-1.4018838479457139,0.16094993450125805,0.507484013912107
MRPL34,18.277897294415943,0.6139207854093869,0.4387779561550527,1.399160502020396,0.1617648580357065,0.5080637862593299
PCGF5,18.2988558319664,-0.5448683874137451,0.3891103089035958,-1.4002928602663651,0.16142563799377618,0.5080637862593299
SPCS1,71.45073990494583,0.3736545673516516,0.26710669818339466,1.3988962833687586,0.1618440872750735,0.5080637862593299
CLK4,15.704951516289437,-0.5909780732426436,0.42217980507103464,-1.3998255391283045,0.1615655680162118,0.5080637862593299
HMGN3,45.29092531051034,0.4389906473220979,0.3147574624686668,1.3946949625246714,0.16310784461981898,0.5103372533339866
SESN3,26.01298737732971,-0.5636677414835075,0.4049118374058897,-1.3920752356727928,0.16389961643306006,0.5103372533339866
ARL6IP4,67.62468837841024,0.43681936321304343,0.3133580548883038,1.3939943665043084,0.16331930582938448,0.5103372533339866
USP15,48.01811211649364,-0.4355759575196283,0.3121184269779319,-1.3955470740291325,0.16285092976129567,0.5103372533339866
HM13,21.02335462581707,0.6498579961163766,0.4662319771127137,1.3938511900037918,0.16336254628072788,0.5103372533339866
RB1CC1,21.62577232731848,-0.6012772725119403,0.4316899436609915,-1.3928452152782291,0.16366660210189166,0.5103372533339866
IDI1,51.14224285409364,-0.5648097519990275,0.40544942088470554,-1.3930461431331973,0.16360583760234237,0.5103372533339866
CDKN1B,37.23498883229161,-0.4456824307875354,0.32006724423516875,-1.3924649860767107,0.16378163737121065,0.5103372533339866
AIG1,7.426712699251898,-0.8667924974698109,0.6218492166574185,-1.3938949736545756,0.16334932235107003,0.5103372533339866
BCL7B,24.72116824960378,-0.5893426363329897,0.4237741591116817,-1.3906997953069478,0.16431647972746988,0.511173899963725
RFWD2,10.807775184276343,-0.6825655945780618,0.49116388899683766,-1.3896901011435236,0.16462300200777968,0.5116660873214773
PARP12,9.77571946679733,-0.8152740517321774,0.5869692292294736,-1.3889553508663548,0.16484632754883477,0.5118990369428262
CD47,61.439200661815946,-0.5303588390333842,0.3819745685705574,-1.388466360517448,0.16499508133378438,0.5119002073755001
PRELID1,61.9677968932739,0.7457506993940034,0.5374312030909033,1.3876207691421745,0.16525255371089664,0.5119878457673638
ISG20,141.93590069703265,0.569988499331667,0.41083243119593726,1.3873989881286264,0.1653201333869111,0.5119878457673638
DARS,28.509462850028378,0.44926319046382795,0.32417890050460557,1.3858495718398716,0.16579284185116294,0.5125316347549392
PHF11,15.584273338675533,0.5899292138665682,0.42563632235977394,1.3859935886015005,0.1657488612335577,0.5125316347549392
COPS2,15.145063675973976,-0.5087364948030307,0.3672600651085568,-1.385221381618651,0.1659847846499154,0.5125646320708257
IL10RA,16.237388829456517,-0.5262023928846075,0.37997275555023147,-1.3848424267224728,0.16610065468266177,0.5125646320708257
DDX59,7.488726861622503,-0.6047213264957996,0.43704256899688043,-1.3836668768531697,0.16646048030100302,0.513215958032583
CRTC3,9.891900927068338,0.6685013131847963,0.48393689496811515,1.3813811679492665,0.1671617931009448,0.5149180233913032
CFL1,340.936452786394,0.36267024069200604,0.2626474404658855,1.3808253377558126,0.1673326708531857,0.5149845802350497
LMBRD1,30.14472675265377,-0.4970631869676801,0.3603058034604039,-1.3795592027490204,0.1677224060764395,0.5157239759034905
FAM136A,14.689944269176545,0.5792941369644965,0.4203758450186787,1.3780385905349928,0.16819137375040083,0.5162209186302298
CARD8-AS1,9.071459413773658,-0.695275882120391,0.5047080628610224,-1.3775802949909357,0.16833290824898794,0.5162209186302298
EIF6,21.993217348414838,0.518136034931205,0.37590864743517466,1.3783562534845846,0.16809332297136936,0.5162209186302298
RAB7A,41.0072564880313,-0.45208972170782297,0.3284974495744294,-1.3762351040883518,0.1687488571943968,0.5165781342685616
COMMD8,12.441050207442412,0.5783609191824258,0.42023295311589015,1.376286449918,0.16873296631211865,0.5165781342685616
UFD1L,12.180118880869413,0.5377487274267089,0.3913994038635714,1.3739129955705038,0.16946869464398184,0.5183218054270722
NR1H2,33.865559218311844,-0.4468422324659331,0.32552254353717863,-1.3726921263592862,0.16984807796408596,0.5190220274367552
CD19,56.07649194443991,0.663770670202016,0.48392745230679823,1.371632601204863,0.17017783958467259,0.5195695102363898
HMGB2,50.69311111899876,0.5167907211865292,0.3769534454480274,1.3709669653564207,0.17038525422076312,0.5197428179147946
MYL6,213.90114764143536,0.384044718405445,0.2802678299344527,1.3702775609147257,0.170600274870232,0.5199390002670498
CD86,23.428603742972374,-0.5459528019285804,0.39963314479359924,-1.3661349391090962,0.17189661365707287,0.519948280971804
DRG1,14.681333129918551,-0.5814099546454906,0.4247711664582671,-1.3687604069110302,0.17107418092267934,0.519948280971804
CCND3,31.73287337684792,0.5633713061671635,0.4123490097819576,1.3662487184462107,0.17186091084252364,0.519948280971804
IFITM2,123.97393103162862,0.6004750942770939,0.4401237998318862,1.3643322503951318,0.17246302011247538,0.519948280971804
STK16,8.160329206453364,0.6775202334257041,0.49639854670275263,1.3648715088430923,0.17229343847224365,0.519948280971804
RPS6KA5,15.34604158214373,-0.5428484444770343,0.3964029162093124,-1.3694360517529451,0.1708630113992644,0.519948280971804
GNPTAB,13.577090518227786,-0.5917261580866452,0.4326802648828725,-1.3675829616283213,0.17144265271989123,0.519948280971804
SAT2,22.562124543469487,-0.44970301134630414,0.32951658505327514,-1.3647355906944643,0.17233616915122296,0.519948280971804
IL7,8.416972864154772,-0.6649624091780205,0.4875033965927428,-1.364015951120697,0.17256254542397553,0.519948280971804
TYMP,59.09258007520663,0.6464951135572619,0.4728326001709664,1.3672811758823369,0.1715371896671659,0.519948280971804
ALDH9A1,15.048266958043735,0.5772415267447004,0.42264028274742693,1.3657986479477735,0.17200217089519154,0.519948280971804
ELF1,123.34179353065943,-0.6413496030315717,0.4695473308716781,-1.3658891465551641,0.17197375984006458,0.519948280971804
DESI2,10.757467340837334,-0.5747189737586795,0.4208641574772784,-1.3655688267768618,0.17207433654027138,0.519948280971804
SASH3,30.652718206418378,0.716421515262828,0.5266047723302775,1.3604538980772867,0.17368633236702902,0.5228777021520506
MOB2,12.236781284645925,-0.603438981795059,0.4441965338694039,-1.358495476176933,0.17430651707234057,0.524287257105122
NEIL1,10.994231705466744,-0.882532229548198,0.6501646911427341,-1.3573979663476543,0.17465479407290807,0.5248772121529032
PRKCSH,15.265061338094943,0.5240256044144926,0.3869032679422326,1.354409868910007,0.17560565080147927,0.5270036294736582
RABEP2,17.591499589622554,0.45674441223064666,0.3372762069476874,1.3542147439457215,0.1756678764912194,0.5270036294736582
ORMDL2,12.194136526332581,0.542263076274868,0.40063407712808924,1.353512113003552,0.1758920829574102,0.5272177986125676
HINT2,14.684682970034359,0.694092654084668,0.5134118208843409,1.35192184100691,0.17640031975324955,0.5282822075943671
USP36,21.643619982514554,-0.7319779780621626,0.5456921273188565,-1.341375367936097,0.17979861083855497,0.5285832588908537
MED30,27.761142443997766,-0.5762110291035053,0.42904983464085605,-1.342993243630622,0.17927416159740395,0.5285832588908537
CHD1,54.03996398507293,-0.5110902187714232,0.3796522224413979,-1.3462063134644595,0.17823598954233033,0.5285832588908537
RRP1B,9.507653022222023,0.7065115580993392,0.5269804472055746,1.3406788844743034,0.18002473310050815,0.5285832588908537
TAF15,21.62073232886945,0.460125752586006,0.34308216854367346,1.3411532127687167,0.17987071341590943,0.5285832588908537
TBC1D22A,17.350305187648807,0.48449932608171764,0.35935347617588725,1.3482527878611008,0.1775770914757897,0.5285832588908537
HNRNPAB,29.1005039511426,-0.7970886362043004,0.59331597050362,-1.3434471273842732,0.17912723552713783,0.5285832588908537
SVIP,17.044939038525428,0.797987412672694,0.5921286924815822,1.3476587485203055,0.17776816567503495,0.5285832588908537
FAM129C,34.59265511549342,0.5566095455888544,0.4144373129774812,1.3430488234516138,0.17925616511885145,0.5285832588908537
SPTAN1,16.628560944098695,-0.6347515606023914,0.47341012638924324,-1.3408068928388137,0.17998315770614226,0.5285832588908537
COPS6,20.96857622911455,0.43162501390206653,0.3211919719930396,1.3438225470698255,0.179005776628124,0.5285832588908537
MRPL47,14.1975374585539,-0.4775304064727382,0.35421353210304557,-1.3481427534333106,0.17761247277218561,0.5285832588908537
TMEM2,44.27130145678201,-0.7316974225486754,0.5457119605538735,-1.3408125081334756,0.17998133409735995,0.5285832588908537
ZC3H15,43.04165843754383,0.35327281863485227,0.26172177946817504,1.3498029065548582,0.17707921229099977,0.5285832588908537
TGFB1,39.324269166861754,-0.7893710851304138,0.586726160907882,-1.3453824590145516,0.17850175688677827,0.5285832588908537
RELT,11.468606538845034,-0.6042008313815387,0.44850112426073707,-1.3471556673964664,0.17793010261516895,0.5285832588908537
NDUFB10,38.52875352447219,0.5407288984748857,0.4021043478276729,1.344747703913468,0.17870672365938833,0.5285832588908537
GDI2,62.498574873345795,0.4237832167021183,0.31521338438892244,1.344432811835294,0.1788084694182046,0.5285832588908537
SSB,33.71641028721986,0.3987542291612542,0.2966177005367052,1.3443372679369483,0.17883934942330548,0.5285832588908537
UTP18,13.787068596349323,0.5731752966432025,0.4269381547451236,1.3425253523789191,0.17942571579323685,0.5285832588908537
MPG,32.79012274948042,0.6265486863047243,0.46416139642178256,1.34985091637259,0.17706380874368444,0.5285832588908537
SUB1,172.52157393964086,0.37824489217011886,0.28061587982845065,1.3479097918526632,0.17768739830941283,0.5285832588908537
SMNDC1,16.535129125635336,-0.5022710894650324,0.37357047287359896,-1.344514960193282,0.17878192205339716,0.5285832588908537
SNX9,30.383691519246305,-0.6329921678306225,0.47293485997480694,-1.3384341510886757,0.18075495248516127,0.5302760085661619
HSP90B1,83.0634974945017,0.7993875284745675,0.5986373389410873,1.335345252417067,0.1817633742840844,0.5327813434835099
C14orf166,54.12111328524609,0.33665818365140904,0.2525449228665573,1.333062568948561,0.1825112716586832,0.5334067894192548
KRAS,29.64082693631006,-0.491152623240243,0.3692806567347478,-1.3300253189081472,0.1835099293815733,0.5334067894192548
RNASEH1,13.891834901475352,0.6315955726742568,0.47454945192645226,1.3309373135092024,0.18320963823944358,0.5334067894192548
TCEAL4,8.752152643351234,0.595534497960429,0.4476923634297689,1.3302315308620458,0.18344199838880837,0.5334067894192548
NDUFS3,17.010634951560444,0.6182485817142365,0.4642085566046709,1.3318336616546882,0.1829148539379013,0.5334067894192548
C2orf49,7.49808008585453,-0.7719184924202372,0.579960450864965,-1.3309847098521668,0.1831940420734689,0.5334067894192548
IDH3A,10.985570040227632,-0.5604454389325668,0.4213919584239346,-1.329986080011379,0.18352285769294363,0.5334067894192548
PRMT1,30.331767463873167,0.4367107491746858,0.3280347947457231,1.3312939851798438,0.18309229657549075,0.5334067894192548
HOOK3,13.263327387228767,-0.5700620341700079,0.4276685020455363,-1.3329530499520166,0.18254721169013044,0.5334067894192548
LMNB1,8.250598729334929,0.7981671091621162,0.5985043255700587,1.3336029082193919,0.18233402934813447,0.5334067894192548
RAB9A,11.623028289179453,-0.5618164690632277,0.42297065279115115,-1.328263474914497,0.18409108152992393,0.5335911096977722
ATIC,13.14226804310631,0.6159891425131653,0.4634263634109331,1.3292060856860457,0.18377998785902916,0.5335911096977722
TXNIP,282.22239266779906,0.8727499397760674,0.6567783668432665,1.3288347848161393,0.1839024832858419,0.5335911096977722
RHOH,128.01767103589697,-0.42900590208119416,0.32306636501435637,-1.3279188072151369,0.184204930913057,0.5335911096977722
MALSU1,10.886971574198787,0.6994720645860071,0.5274251358878023,1.3262016104116885,0.18477292602719642,0.5338916204303414
CLINT1,16.478299042551665,-0.4961321237502615,0.37405931703352346,-1.3263461198743454,0.1847250769201476,0.5338916204303414
BECN1,17.805047709833993,0.5215139462116873,0.3931386925389762,1.3265393514020092,0.18466110958413928,0.5338916204303414
UBXN4,50.49478224450962,0.37600736692598397,0.2838032541005918,1.324887440482663,0.1852084871206735,0.534191228312676
PRPF31,12.175261710546,0.5072356323085875,0.3829028343312169,1.3247110933365949,0.18526699237529176,0.534191228312676
ZDHHC21,14.003883837678734,-0.49588875825018214,0.374400429720834,-1.32448768453587,0.18534113051891976,0.534191228312676
DSTN,14.941412503004539,0.5484062149171317,0.4144047119020091,1.3233590235981894,0.18571601178862307,0.5348249087401916
WAS,31.890216383963224,0.7484426402898362,0.5659544025074204,1.3224433575813084,0.18602055914027982,0.534943777685421
PSMB10,47.41992464919046,0.8811230445688061,0.6663550625554104,1.322302619251935,0.1860674009340595,0.534943777685421
ATP6V0E1,115.4400188216875,0.3091176970108071,0.23405045949510264,1.3207309982541402,0.18659107434823963,0.53511155985156
RPL22L1,133.27638494809023,-0.4111671847692458,0.311208762119977,-1.3211941140999521,0.18643664837462592,0.53511155985156
TRIM4,14.36377251889157,-0.7916106217720159,0.5993363797766106,-1.3208118987655502,0.18656409126336604,0.53511155985156
UMAD1,9.0433804712966,-0.7462609714222626,0.5676540382400711,-1.3146404696352312,0.1886307622722816,0.5355299618356433
TMEM106C,10.788639756349749,0.7875754951657059,0.5987733154497972,1.3153149528283188,0.1884040748150425,0.5355299618356433
SF3A3,13.847939861173028,0.5764723876168912,0.43807238914231367,1.3159295173693688,0.18819770048007434,0.5355299618356433
LTN1,11.013873267013503,-0.5304704133391533,0.4023056805520235,-1.318575498638917,0.1873110693417369,0.5355299618356433
IDH3G,13.77579467711826,0.54973365849932,0.4176489179498492,1.3162578301360075,0.1880875195225601,0.5355299618356433
MT-ND3,1297.3850483414692,-0.605597668797505,0.4603915448791674,-1.3153970257130763,0.18837650461035504,0.5355299618356433
ZMYM5,14.246896031559555,-0.6093030460653265,0.46302669802189234,-1.3159134206911716,0.1882031037100511,0.5355299618356433
EBF1,20.11926487807552,-0.5397268459305826,0.41026120081440237,-1.315568825078219,0.18831880281438862,0.5355299618356433
PPP1R10,30.211558418563424,-0.5486417606538969,0.4173339518835909,-1.3146348581936902,0.18863264906837007,0.5355299618356433
RAP1B,39.44690182000959,-0.521860255164249,0.3972735691386888,-1.3136042659361182,0.18897941239490523,0.5355299618356433
DAXX,16.381216188884217,0.5168457854713898,0.3921655553961903,1.3179275394271681,0.1875279056818756,0.5355299618356433
STK4,147.72721760352732,-0.41755902523540495,0.31713435060074247,-1.316662873146443,0.18795165367502586,0.5355299618356433
OXR1,15.55710840343356,-0.5403766508786095,0.4115937713048755,-1.3128883101545823,0.18922058651526064,0.5355299618356433
SIDT1,19.165091476070224,-0.5074917067486094,0.38644797090817606,-1.3132213000264261,0.18910838861656054,0.5355299618356433
ATP6V1F,46.876055218829606,0.4197240745414199,0.31967166267416136,1.3129849265658593,0.18918802744514884,0.5355299618356433
UBA6,13.860027246343654,-0.5461100548107725,0.41472300913912963,-1.3168067427567436,0.18790341212053008,0.5355299618356433
AKIRIN1,23.760801024615336,-0.5592279042733023,0.4266435929247835,-1.3107612854082944,0.18993842606999645,0.5371209589684326
TMEM258,43.65047407087071,0.43423062804361495,0.3316331276891148,1.3093704813792872,0.19040888548343982,0.5380103643880978
TMEM41A,7.75578089876235,-0.6071095718158491,0.46415420614688835,-1.3079911024736475,0.19087632716926084,0.538889794381301
VIM,258.8814224287987,0.6535229371726489,0.5002900411312109,1.3062881197774026,0.19145459565635237,0.5400804211074536
RPL36A,143.99466305724232,0.729887334199651,0.5589643520082308,1.3057851213182614,0.19162564121304815,0.5401212926348171
ZBTB25,7.824256779596804,-0.5843606148206575,0.44793234559605716,-1.304573381596404,0.19203815706903893,0.5408421566434157
ZC3H13,18.79419543482821,0.599652536297894,0.4600588168158846,1.3034258107434005,0.1924294294319996,0.5410607429017104
GLIPR2,9.307241355565697,0.5857167177800624,0.449329054916779,1.303536264505628,0.19239174397620817,0.5410607429017104
TMEM156,29.743280343689424,-0.4399330879280227,0.33790174414948115,-1.301955658842071,0.1929315439130227,0.5415897693245959
DNPEP,16.966675162390963,0.5872304496231325,0.4508916509333002,1.302375966393755,0.19278789424708165,0.5415897693245959
PLPP5,26.574048367609418,0.5501733650680102,0.4231845051032278,1.3000791816179702,0.19357383208319068,0.5429509924284617
ABHD17A,7.46786211802384,-0.7299182046505054,0.5625355610344265,-1.297550333188332,0.19444189852302585,0.5449427700279766
SLC16A3,11.799226098658895,-0.5828303553774377,0.44951615691380925,-1.2965726513122648,0.19477826751716143,0.5451668480498916
TPI1,102.81279243602083,0.50812583012412,0.3919515841355274,1.2963994806777521,0.19483789091174386,0.5451668480498916
RPL37A,693.7510180371133,0.7171900428350896,0.5538127824434826,1.295004495329213,0.19531867874269582,0.546068168894789
FAM133B,57.20564777059523,-0.7604279911416829,0.5874086018004475,-1.294546911316789,0.19547657640146798,0.546068168894789
NEAT1,146.42245554330353,-0.8025845277196249,0.6204756985426161,-1.2934987294502416,0.19583862321948542,0.5466369337437093
PNRC2,53.107200543478804,-0.4422171494761636,0.3421325802265526,-1.292531536117774,0.19617313196102282,0.5466546824712905
SLC25A13,8.348068202660949,-0.5889809850202734,0.4558301311184706,-1.292106301913589,0.19632033379186342,0.5466546824712905
CCDC50,58.66175786854211,-0.4590919614501729,0.3551336449725362,-1.2927301255437968,0.19610441466537754,0.5466546824712905
C7orf73,21.95668273030517,0.46521603598922795,0.3605298482502455,1.2903676027021187,0.19692305504972862,0.5474492666571827
CLIC1,178.91412768097774,0.4113458559888424,0.31868379959981435,1.2907648788717465,0.1967852197184552,0.5474492666571827
AP3B1,16.11826803292559,0.5530148375260847,0.4289738395212062,1.2891574883524954,0.1973433409160552,0.5481759469890423
RUVBL1,10.154928169527254,0.7195178879770185,0.5589563440773266,1.2872523867042462,0.19800633323932915,0.5491333196749885
SYNRG,22.927296613759395,0.47830973132616755,0.3714752192198718,1.2875952595994342,0.19788689034195917,0.5491333196749885
ASNA1,14.19685184456535,0.5633774208569502,0.438071097425838,1.2860410654056573,0.19842873031688835,0.5494214442963602
ANAPC13,13.26321060892624,0.6126554482718433,0.47622474693296035,1.2864838549813724,0.19827424983566055,0.5494214442963602
VOPP1,38.81943212437297,-0.5280852042257668,0.4113686964788794,-1.2837272469828773,0.19923740731838002,0.5512181678014524
FCRLA,50.07919995724304,0.5699906259703483,0.44432810640323,1.2828146987691995,0.19955700322176084,0.5512183035348878
IMPA1,9.086393266346642,-0.5931097987965078,0.4622047203449329,-1.283218826397713,0.19941542202439888,0.5512183035348878
ANAPC16,89.76112841014252,0.4959593311273612,0.3875243268116244,1.2798147027514148,0.20061031172743138,0.5527999803990721
HCLS1,67.54603234073736,0.44094044730661386,0.3443321929943917,1.2805670113854142,0.20034579327707558,0.5527999803990721
CHCHD1,14.64231254431852,0.5342018887980442,0.4173617915614093,1.2799491941979633,0.20056300462934917,0.5527999803990721
NEMF,29.06869453932246,0.4612805545393608,0.36065661941749005,1.2790020471117158,0.2008963350120826,0.5531463334331085
ST13,75.82757042337711,-0.3757126396776804,0.29398359040218186,-1.2780054803864727,0.2012474939142208,0.5532301625530373
EML4,57.18742586344722,-0.38776615602865283,0.303332777577453,-1.2783523070784546,0.20112523228910772,0.5532301625530373
ZNF148,17.26458599419583,0.5343554892266502,0.4184195013790049,1.2770807466323861,0.2015737414250942,0.5536858343284833
CENPC,24.558893281529716,-0.45421246656814784,0.35588840313553777,-1.2762777954165707,0.20185733656104976,0.5540237160983466
CYB561A3,35.29118608286262,0.5311666029305427,0.41677269926585775,1.2744755207483338,0.20249494271095403,0.5553319176095322
ZNF800,22.819150739502128,-0.5748281651687066,0.4524536385541302,-1.2704686539943382,0.20391774167472188,0.5587841350181724
FAM208A,11.801095903990891,-0.5537049874552611,0.4362775753321882,-1.2691575702318918,0.20438487064871802,0.5587841350181724
POLR1C,8.566761616208616,-0.5559115535858191,0.43803239020483314,-1.2691106092082898,0.20440161692548797,0.5587841350181724
GSK3B,10.706454481206615,-0.5192047923229482,0.40889111136588585,-1.26978742724087,0.20416036041992702,0.5587841350181724
HLA-DMA,162.18051361605075,0.3259855562895434,0.25716355248315886,1.2676195873864808,0.20493383357522943,0.5592594340238294
ERCC1,15.235460198431161,0.4617222105554325,0.36434642804751954,1.267261526426198,0.20506179247540413,0.5592594340238294
BORCS5,10.759634101163545,-0.6027609828060337,0.4754990858715683,-1.2676385732712823,0.20492705028205738,0.5592594340238294
RAP1GDS1,9.466867291124974,-0.5701902800219589,0.45081158692509155,-1.264808395700583,0.20594002102970377,0.5612109577823681
FBXW11,10.866437044220465,-0.5654182928447955,0.44767907939178986,-1.2629991412888097,0.20658948831970847,0.5625364914782907
POLR3GL,19.135077490692893,0.473499683200665,0.3753249210549087,1.2615727244272001,0.20710257597422954,0.5634759446351308
RPS27L,58.04683775508613,0.41829357254491023,0.3316809362123317,1.2611323922371342,0.20726115180926985,0.5634759446351308
FAM177A1,33.06384866801148,-0.4752006746043457,0.37726441048237463,-1.2595958203339366,0.207815204084693,0.564537365426922
SSSCA1,10.912366036325766,0.5192867367974463,0.41299606620442236,1.257364849912185,0.2086215512113102,0.5662819446727145
ALG13,55.948779683334394,-0.5970574199389954,0.4769316324689014,-1.2518721328007676,0.21061646062527506,0.5686904261692463
CD2AP,13.284353483850825,-0.5638107948062654,0.45041976812588413,-1.251745226796286,0.21066271438965123,0.5686904261692463
SRP14,177.0115711667385,0.28237574315969355,0.2252338400536965,1.253700345793395,0.20995094221055355,0.5686904261692463
C4orf3,74.29275327591893,0.3392479739575099,0.2709131793442559,1.2522387237810209,0.21048288951675842,0.5686904261692463
TUBGCP2,10.969180196966576,0.55210930441667,0.4408782306040221,1.2522943209517434,0.21046263748262417,0.5686904261692463
BNIP2,26.392285718702958,-0.39440179064890474,0.3148760628069892,-1.2525619989432561,0.21036515182800808,0.5686904261692463
ZEB2,26.520494077039565,-0.4059644640067092,0.3238684699136584,-1.2534856020869742,0.21002903566396625,0.5686904261692463
SF3B2,53.04331679077319,0.41558229785607315,0.3322610389612067,1.2507704759949139,0.2110182293796815,0.5692047625957006
NSMAF,8.809693254099397,-0.6253227973268038,0.500166179920684,-1.2502300683864052,0.2112155158574398,0.5692918200845057
OSGEP,20.024690465797665,0.4825742907190861,0.3865183533203487,1.2485158507314804,0.2118422073596954,0.5705352188844255
MRPL22,11.982273283797031,0.5462596266722651,0.4386281815286991,1.2453819651269347,0.21299137940994362,0.5718557238192449
NGLY1,28.419673379457464,-0.4117738041701584,0.3310029943515944,-1.244018365987253,0.21349280355918476,0.5718557238192449
RBM22,22.4354522999545,-0.5004390935202054,0.4015193762753396,-1.2463634959848917,0.21263097646682305,0.5718557238192449
ARL6IP5,76.53701035941737,0.359968062062404,0.2893283697540987,1.2441505904462196,0.21344414457416783,0.5718557238192449
ERICH1,22.51955330375345,0.4556874150408782,0.36581340170797777,1.245682670217329,0.21288091832454614,0.5718557238192449
TAP1,47.49900657171673,0.5376644651182957,0.4318681180365658,1.244973737729749,0.21314140397916925,0.5718557238192449
SCAND1,36.093507379378025,0.35361973753978815,0.28411938924919494,1.2446167031199546,0.21327267759339008,0.5718557238192449
NAP1L1,131.4772975349968,0.6948951868314506,0.5590657113561125,1.2429579792075958,0.213883318512885,0.57201352625539
UFC1,51.23294490909221,0.39118191362557025,0.31461217915392015,1.2433781638001664,0.2137285130353369,0.57201352625539
VPS13C,24.391228803642072,-0.4882118976318089,0.3929927781386486,-1.2422922882811014,0.2141287396187106,0.5721091196517921
POMP,58.97374304961401,0.40240833020141986,0.32401027595708476,1.2419616291883255,0.2142507195913378,0.5721091196517921
FAM60A,28.506065511859482,-0.3762216492372106,0.3031289261546259,-1.2411275097029182,0.21455864847652428,0.5724882731972225
EIF2D,7.314463281371514,0.5802804330048671,0.4685534492912976,1.238450882994374,0.21554892356515587,0.5733568128757037
GSTP1,58.83513050871225,0.4456182782917417,0.35956750990717257,1.2393174188813232,0.2152279703970783,0.5733568128757037
FLI1,22.514697492921307,-0.4998647537433565,0.40360010986866957,-1.2385149099835757,0.21552519704525408,0.5733568128757037
CPNE3,14.313405797355893,0.5493758040559031,0.44326063332835397,1.239396785432426,0.2151985913233515,0.5733568128757037
KPNA4,14.335142223700739,-0.7356755705035242,0.594764320561379,-1.236919473934051,0.21611697953019182,0.5744249455925745
TSTD1,46.68978610744189,0.4704669026085275,0.38186089879480073,1.2320373834906324,0.2179351198382019,0.5763738982917896
PLIN2,13.429924898620502,-0.6368820860369412,0.5166944541219469,-1.2326087128595897,0.21772178467214776,0.5763738982917896
GIGYF2,8.875321402201944,0.6623538304670198,0.5380498419430789,1.231026902777329,0.21831280253246133,0.5763738982917896
RNF168,14.023676818065885,-0.4726384280874404,0.3830778855137214,-1.2337919936401838,0.21728042359734878,0.5763738982917896
GPANK1,8.449923229654507,0.6685324598828196,0.5430465130061989,1.231077714102159,0.21829379979560593,0.5763738982917896
SLBP,48.91920368420437,-0.692528998825653,0.5612734722569933,-1.2338530735130862,0.21725765842078315,0.5763738982917896
CLTA,39.123897320819836,0.5053202094066808,0.410435109470648,1.2311817331085764,0.21825490182476182,0.5763738982917896
PHAX,14.277800141195971,0.5129234104233558,0.41670016218740924,1.2309172325031887,0.2183538217586577,0.5763738982917896
PCMT1,16.200948367091772,0.4580790156336653,0.3719143544065458,1.2316787728309393,0.2180691022819219,0.5763738982917896
NAGK,16.124395390497387,0.5044394740179048,0.41069625341299887,1.2282543846598892,0.21935148882032818,0.5783057918067527
PAX5,27.473585826462788,0.5188052795406194,0.4224560258091326,1.2280693086267347,0.2194209511521853,0.5783057918067527
MT-ND4,1449.4186978088364,-0.5934745082013242,0.4845189706373651,-1.2248736255272574,0.22062283908732216,0.5807438931683395
MPC2,22.5588753552924,0.3838507148452369,0.31342048056025823,1.2247148436473594,0.22068267940396902,0.5807438931683395
TRAF3,13.47171950441034,-0.5388520536943469,0.44015833710605023,-1.224223213030991,0.22086803462662774,0.580788658126422
ZNHIT1,25.24335494715855,0.4157158438139791,0.3397111286665975,1.2237333685408196,0.22105282742672083,0.5808318770922977
MTRNR2L12,307.7410646679532,-1.416062751715957,1.1593078415084441,-1.2214725899493906,0.22190713755241598,0.5822179034182414
NGDN,19.658951513547528,-0.4929612379985365,0.40358879521204855,-1.2214443112562898,0.22191783854927172,0.5822179034182414
POGZ,21.388981057862214,-0.4084125420358994,0.3345540879505492,-1.2207668557804836,0.2221743063352316,0.5824478395566481
PAPD4,13.274612118868887,-0.487782617222689,0.3998838378353884,-1.2198107827090625,0.2225366128608809,0.5829546806150638
DNAJA2,24.256065453236815,-0.39423736212627947,0.3236409002953056,-1.218132077146486,0.22317378592689563,0.5837231724915543
CCSER2,8.908093128823264,-0.5373980027858696,0.4410069202657046,-1.2185704534116828,0.22300726910395607,0.5837231724915543
CCDC124,12.734350338464663,0.6016196617634152,0.49437571396436664,1.2169280261343471,0.22363160128611848,0.5837231724915543
H2AFZ,154.65008841407888,-0.5063126825445091,0.41609788506249384,-1.2168114780695554,0.22367595189386513,0.5837231724915543
GNB2,34.97003850858288,0.567458455887387,0.46605000089664633,1.2175913631491002,0.22337929815824653,0.5837231724915543
FKBP5,7.356715900944851,0.9169233615065907,0.755292784582758,1.2139972474556624,0.22474877525649828,0.5838716969113806
INTS6,28.691213222831813,-0.9486299449638832,0.781054992853851,-1.2145494922165978,0.22453796254827663,0.5838716969113806
CCDC174,16.109861702536254,0.4736365418703619,0.3897941563469989,1.2150940032275026,0.22433024050033368,0.5838716969113806
FCGR2B,27.005494531454296,-0.4945643228793019,0.4075333576620328,-1.2135554392812278,0.2249175319406449,0.5838716969113806
HNRNPD,25.09131476984939,0.5859236668056149,0.4824795819103041,1.2144009586597215,0.22459464952608843,0.5838716969113806
CCNK,12.339625228562806,-0.5322868834829985,0.437901322841914,-1.2155407068161757,0.22415993297477854,0.5838716969113806
SUPT16H,15.868733372637047,0.4910820744750273,0.40423627520355726,1.214839203205447,0.22442742543783056,0.5838716969113806
POLK,14.092027611754725,-0.4910164139208258,0.40554101346504884,-1.2107688189794978,0.22598401863804607,0.5840606976440864
EMC10,23.801028083896057,0.4323979608228941,0.35718815706417345,1.2105607430461593,0.22606379738335058,0.5840606976440864
RTN4,36.22724113194817,-0.4613126385620123,0.3811519334131617,-1.2103116844535533,0.22615931578489312,0.5840606976440864
CASP8AP2,10.262339322847179,0.568365191019293,0.4695889815690331,1.210346096963817,0.22614611626041914,0.5840606976440864
PSMD6,15.763671372869982,0.43901529102637754,0.36257770856435634,1.2108171039104403,0.22596550850391683,0.5840606976440864
APRT,78.23530562430996,0.3635889680210771,0.30037567304506924,1.2104474518032062,0.22610724302054686,0.5840606976440864
RPL12,1495.8049912624006,0.33526251964246173,0.27706005798382666,1.2100716432465075,0.2262514031107985,0.5840606976440864
PRDX6,41.61299528157686,0.39452396777025567,0.3261339366537068,1.2096992168869758,0.22639433048075552,0.5840606976440864
NFKBID,105.23712438987687,-0.6125578426683085,0.5065025048899778,-1.2093875879278582,0.22651397491240222,0.5840606976440864
PDS5B,7.989372671580665,-0.5584998648618962,0.4625220292293784,-1.2075097607619454,0.22723588835083086,0.5848193362547583
CXCR5,29.003886601482456,-0.40971200505739996,0.339197032616604,-1.2078879402241096,0.227090368975151,0.5848193362547583
TOMM20,83.06651341927157,-0.3239703314978339,0.2683429164507987,-1.2072997334261089,0.22731673330945823,0.5848193362547583
SNRPF,33.51511706172785,0.41049847235163933,0.3401737755516636,1.2067316820231933,0.2275354937181876,0.5848513495336198
KYNU,21.353871673062486,-0.607104998295267,0.5032422324090313,-1.2063872210983613,0.22766822099236272,0.5848513495336198
HDAC9,11.932873988133345,-0.55862061605455,0.4635070796844586,-1.205204063840496,0.22812453395455146,0.5855875313565495
SLC30A9,8.97278982914381,-0.5143169093631068,0.42722162922759555,-1.2038643977201646,0.22864199436593913,0.5859227285303839
THAP6,10.30184497666551,-0.6571000529600907,0.5459694628811886,-1.2035472634173419,0.22876461313925422,0.5859227285303839
ZNF92,11.671637486922126,-0.612889078052444,0.5088769728780941,-1.204395385757152,0.2284367946464413,0.5859227285303839
EIF5A,69.96945409144772,0.48656168257680693,0.40468829494745845,1.2023122206684487,0.22924258389805952,0.5862764376933324
PSMD9,9.978403028498253,-0.5345852408920247,0.4445673295780578,-1.202484315254123,0.22917593942669723,0.5862764376933324
ANKRD44,52.23168272961293,-0.39173412164592897,0.3262453982811015,-1.2007345504637605,0.22985418724968731,0.5874051451936453
PPIB,85.33596529519019,0.5167236990547482,0.43055585917590833,1.2001316160085866,0.2300882284930007,0.5874556405977013
STX5,22.03942303697955,-0.4054113767383909,0.3378973007173304,-1.1998064970561566,0.23021450031538904,0.5874556405977013
DCAF11,10.24576005573225,0.47664804995430154,0.3975988168078244,1.1988165703840232,0.23059927789791657,0.5875683225611611
IFT20,7.290767046920527,0.5840043696684736,0.4870074868722516,1.1991691820164267,0.2304621678393085,0.5875683225611611
LINC00493,39.601995316094644,-0.36492419117024216,0.3048360364891909,-1.1971163100435531,0.23126122362121493,0.588820089662872
AP1S2,29.501564958583565,-0.4400472608365848,0.3678329082280952,-1.1963237953786046,0.2315702263866949,0.5891720361608387
NUTF2,20.734859322826527,0.512499302384273,0.42962198668151774,1.1929075286460906,0.23290559039656555,0.5921328569404208
DDRGK1,11.568894919868738,0.4692308708793223,0.3940806948814375,1.190697430688642,0.23377238693470204,0.5935449479941933
C9orf16,56.90535095216829,0.40851346691474383,0.3432378005726174,1.190176216702322,0.23397713891945016,0.5935449479941933
VPS13A,8.363048362969714,-0.5590660647961285,0.469701577710659,-1.1902580091832669,0.2339449994266608,0.5935449479941933
EIF1AX,57.87399405182022,0.38496972998311685,0.323615291215746,1.1895906665500162,0.2342073160597169,0.5936923147729781
SORL1,7.524937823651497,0.5514047014838214,0.46410371618677376,1.1881066284371535,0.2347914032311742,0.5947359332948245
TAF1D,94.41931762433629,-0.36790297290788365,0.3097798007302712,-1.1876273793210324,0.23498024607961798,0.5947775854546457
NAA50,18.035191107161836,-0.44863211416861,0.3784113448895044,-1.1855672939710884,0.23579322468436237,0.596397819033028
CBFA2T3,8.873482483587445,-0.556644673424833,0.47008871376933564,-1.184126861845845,0.23636284829914955,0.5974006055912571
UBE2L3,34.86687194495552,0.37993560128503817,0.32106825837902103,1.1833483733434784,0.23667110889203347,0.5977418196760728
GUCD1,11.888829078203887,-0.5432844420522247,0.45989023072184043,-1.181335035535522,0.23746965442271095,0.5993199032614139
RPN2,25.211452574269746,0.4306114009521688,0.36519171598757383,1.1791379215371387,0.23834326054493127,0.5996029902273804
SLC25A5,109.10313909618223,-0.36325028813672394,0.3082489530048254,-1.1784315391690479,0.2386246103136792,0.5996029902273804
KIF2A,18.662332181691415,-0.39208055326803626,0.33262462957038147,-1.1787478088271701,0.23849861218723756,0.5996029902273804
PIK3AP1,17.77592650616581,-0.42969466110456506,0.3640169971197237,-1.1804247178140426,0.23783133581861005,0.5996029902273804
DCUN1D5,11.338098629560104,0.6035848927193187,0.5121163152821258,1.1786089892230882,0.23855391050796015,0.5996029902273804
STAG1,10.832549603868829,-0.5269490441398684,0.44695750578727494,-1.178969001117222,0.23841051967897287,0.5996029902273804
TSSC4,13.52529044935947,-0.4490093746203311,0.3827444154645129,-1.1731310934358026,0.2407432392701383,0.6021616106185346
DOCK11,8.406911490992234,-0.5567817231114454,0.4744254854667459,-1.1735915126137804,0.24055868240871792,0.6021616106185346
RNF113A,15.433050474621377,-0.46878259647205145,0.39929807178770205,-1.1740166797531963,0.2403883447009324,0.6021616106185346
SART3,8.372732602299294,-0.5018050794057287,0.4270489425061572,-1.17505285567706,0.23997357023242438,0.6021616106185346
TSPAN3,30.64554259159044,0.6124565820759577,0.522015818741672,1.1732529170328492,0.24069439715384056,0.6021616106185346
HACD4,8.926167242583105,0.5147099161051687,0.438862100506708,1.1728283565860145,0.24086464424741383,0.6021616106185346
TRIM27,11.477343576742584,0.5251410230204401,0.4471978773799513,1.174292297846186,0.2402779672953621,0.6021616106185346
RHOG,45.70125733765315,0.5053442047164519,0.4314574729258297,1.1712491645806395,0.2414986384842568,0.6024369506657166
WNK1,18.808814209333647,-0.5610290393924408,0.47870428804144205,-1.1719741255876777,0.2412074445161817,0.6024369506657166
SNRPD2,123.53560289796772,0.36975043560369836,0.3155911973846052,1.1716120052394563,0.2413528659207016,0.6024369506657166
ANXA7,24.572698602099187,0.37661637380253854,0.3221869196860548,1.1689375042584624,0.24242881170106867,0.6043203759889356
EMC7,17.45560071899929,0.4580247605087345,0.39220816213276377,1.1678103740066774,0.24288326261931126,0.6045028308149784
MRRF,8.987059067967488,-0.5976937879612345,0.5120828547142465,-1.1671817997006768,0.2431369592905066,0.6045028308149784
TMA7,143.55140258457814,0.3585835828010737,0.3072646810306668,1.16701855090623,0.24320287802063478,0.6045028308149784
SPATS2,8.232854860183556,0.5504703970737509,0.4714052543896122,1.1677222346333715,0.24291882502023465,0.6045028308149784
RBM4,14.874235866648167,-0.5816989451700295,0.49883688471762383,-1.16611053230218,0.24356975886196963,0.6049788827025164
WDR45,9.005770377017127,0.5509717660882895,0.4731273240778498,1.1645316980205331,0.24420860528829536,0.6056935213836225
BUB3,29.324902286327887,0.38774959262122904,0.3328702357364345,1.164867119354726,0.24407278484435124,0.6056935213836225
AP2M1,27.945098225086344,0.5725266826644185,0.49212938883432344,1.163366170877393,0.2446809688058521,0.6059968333543612
METTL21A,23.670415332453054,-0.3656257220352377,0.3142834002253087,-1.1633631358612062,0.24468219967032612,0.6059968333543612
COMMD10,10.957700584498367,-0.47669906328166256,0.41005318427246074,-1.1625298414093495,0.24502031040295746,0.6063989030776208
MRPS15,18.98469013451031,0.4469064479327719,0.38479211448074285,1.1614230934431937,0.24546988205439513,0.6066411841602172
RNF111,7.832938875689507,-0.5491754083161103,0.47280539811791567,-1.1615252501392725,0.24542836080240993,0.6066411841602172
NDUFS8,26.553537940789152,0.49182719911943384,0.42440125706622295,1.1588730969349836,0.2465079164592625,0.6087704450855087
NUDC,42.252479330668436,-0.4007730917044525,0.34596531379230955,-1.1584198638625525,0.24669273681788817,0.6087910887136725
METAP2,23.474948082487877,0.4351086902219051,0.3766113999738024,1.1553253307047313,0.2479572266377954,0.6104972658051355
TMED9,26.235900780210194,0.4786380054908393,0.4145615800018566,1.1545643122276206,0.24826888809408842,0.6104972658051355
DDA1,10.287199863918298,-0.5239768307737575,0.4534063621240251,-1.155645078113016,0.24782636154651994,0.6104972658051355
DUT,39.95079291519707,0.5639995551278025,0.48821524025343316,1.1552272617197072,0.24799737365502805,0.6104972658051355
VDAC1,31.599504411659513,0.40619858075989074,0.35173297090554534,1.1548493157014035,0.24815213795308544,0.6104972658051355
LTA4H,22.940264866837587,0.42540870622540206,0.3689381952067826,1.153062252031045,0.24888483393718908,0.611159766067802
CASP3,9.765740537291965,-0.5719584807059035,0.4960424870639697,-1.1530433291939843,0.24889260038413386,0.611159766067802
CLASP2,10.149337917415071,-0.5419536733632282,0.4702715833195974,-1.1524270072574545,0.24914564831472874,0.6113460076001523
NOL7,35.99710751248798,0.36123905357625924,0.31438754671811386,1.1490246905363377,0.2505457997547239,0.6114917390556508
METTL8,20.769036124452445,-0.5395080966096347,0.46987797763125766,-1.1481876621019684,0.25089110148807237,0.6114917390556508
PLIN3,14.012752113535552,0.6186009249356591,0.5385989967510147,1.1485370909846457,0.25074691022515627,0.6114917390556508
AGO3,12.62154199922706,-0.5519572519822317,0.4800868600647045,-1.149702893155294,0.250266262330181,0.6114917390556508
DNAJC10,23.402970221713716,-0.4165433690201328,0.3618167174159181,-1.151255176916839,0.2496272714419262,0.6114917390556508
EIF3M,49.163108072376176,0.36336396131035004,0.3164633100606203,1.1482024922280742,0.2508849806848139,0.6114917390556508
SNX3,110.77699909105897,-0.3434086059994153,0.29893296524917606,-1.1487813186249516,0.2506461644358775,0.6114917390556508
SNX22,16.016944788351218,0.5105951786914765,0.4434531992219393,1.1514071374100832,0.24956477888220874,0.6114917390556508
DOK1,8.04674250155658,0.6801093015629289,0.5912352216398711,1.15031932582865,0.25001237388324227,0.6114917390556508
ZNF580,13.02472412981948,0.6525170771670168,0.5684053590125768,1.1479784045325634,0.2509774789863193,0.6114917390556508
NFKB2,33.345645995412795,-0.4966730406855227,0.43318536810774105,-1.146560057776446,0.25156349232147235,0.6116237128323323
MTSS1,39.04665732095975,-0.5503272320731276,0.4798217445184528,-1.146941001236686,0.2514060055874021,0.6116237128323323
TPR,42.47267763691097,0.42487726350193283,0.37032920080066467,1.1472961424141908,0.2512592477984499,0.6116237128323323
AFTPH,20.707631073009104,-0.3960230628344162,0.3458522307710993,-1.1450643587044613,0.25218249825075867,0.6122657417066273
UVRAG,56.41044489512349,-0.5268561159296499,0.46008966262349815,-1.1451161778455088,0.2521610347815072,0.6122657417066273
ITGA4,32.259913834413794,-0.4123238865543581,0.36047913197917286,-1.143821791543208,0.2526975505775979,0.6130847746080962
GADD45GIP1,37.783272235440485,0.42728807797845336,0.37417279492158967,1.1419538880906464,0.25347318733712243,0.6145344317027915
WHSC1L1,58.57821038305349,-0.3525392607958349,0.3091958911727682,-1.1401809366181,0.2542109278856992,0.6154580359337981
PAIP2,46.63139578387454,-0.32872382646426945,0.28827715689136973,-1.14030480253467,0.2541593377023451,0.6154580359337981
BASP1,47.224813737976966,-0.6114298529409973,0.536932104113276,-1.1387470562050888,0.25480866987034734,0.6162278814314159
FTL,910.6790299013961,-0.22595503218803437,0.19845660910201862,-1.1385613873503193,0.25488614110221175,0.6162278814314159
MED19,15.472730005082568,-0.4585086692086508,0.4030908625181605,-1.137482170506888,0.25533677388956655,0.6164533729314238
HNRNPH1,41.768574197961414,-0.5475075432083575,0.4812155543838178,-1.1377594473425214,0.25522094262578054,0.6164533729314238
PFN1,418.7556289953151,0.5268743569539748,0.4647692413651626,1.1336257008023838,0.25695158765905557,0.6199181660305886
LYRM1,13.87962766268972,0.4406931518930954,0.38977344864954333,1.1306392300962897,0.25820696866481474,0.6213332126220232
METTL5,18.31287572978066,0.4918171193779042,0.43503740563134274,1.1305168544395867,0.2582585005507192,0.6213332126220232
BNIP3L,19.85633025245378,-0.403098018227614,0.35643672498930107,-1.1309104532921335,0.2580927831030656,0.6213332126220232
ERGIC1,13.149461464566418,0.4402141334100541,0.3889813338706994,1.131710174957611,0.2577563023700724,0.6213332126220232
KPNA2,19.415902137874927,-0.4693137990815716,0.4158642988490981,-1.1285263014411062,0.2590977155776456,0.622803817094819
MYH9,34.57788573289325,0.40763226380553047,0.3614454675244018,1.127783581289508,0.25941132903340725,0.622803817094819
IST1,17.155216571395183,-0.408933413255134,0.36253430127034436,-1.1279854397837779,0.2593260683146259,0.622803817094819
NRBF2,25.16104589145243,-0.3982705469635455,0.3538464017019199,-1.1255464095380248,0.26035756259621534,0.6242068040006552
PCNXL4,20.982384847010962,-0.6813477490561812,0.6052683819050639,-1.125695260855457,0.26029453041219286,0.6242068040006552
KIAA0226L,27.355111036078437,-0.38101218900760525,0.33875980657079974,-1.1247266695081635,0.26070487677745957,0.6246054339459969
TOMM22,40.32935447004651,0.42367521532927593,0.3773288009826051,1.1228276617792752,0.26151069477590316,0.6261012470346051
CCNT1,14.747285484950101,-0.5093694116591316,0.45496951448828465,-1.1195682247678327,0.26289780253669137,0.6289857272895875
C14orf2,52.6191582563078,0.5579886202564659,0.49926290143209623,1.1176248398507471,0.26372725526524465,0.6300391481399551
SEPT1,32.946449444052334,0.47453722579376545,0.4247355111326292,1.1172534750587055,0.26388596204702464,0.6300391481399551
BOLA3,8.938536428277283,0.6726233259141235,0.6020224507311156,1.117272827777881,0.26387768982541226,0.6300391481399551
CD52,549.2403889126601,0.5454565019624742,0.4885846069925379,1.1164013236520258,0.2642503871870783,0.6304729154878423
NIP7,14.289557020461734,-0.4897468587512624,0.439481156901295,-1.1143751013226189,0.26511830035589334,0.6316699835827569
ZNF302,8.836429499071949,0.5433705408484047,0.4874881408693485,1.1146333526788978,0.26500757175483514,0.6316699835827569
LAMTOR5,52.127409160021145,0.46124881935455725,0.41420249574593526,1.1135829071331318,0.2654581626754886,0.632043244465449
C6orf89,10.025831151104658,0.47187260934552316,0.42483363937833457,1.1107232704924719,0.26668748252631136,0.6345322860108787
PARVG,17.34144880063265,0.4239987794267833,0.3822379045583702,1.1092536202464347,0.26732078694289074,0.6349292761342887
NDUFV2,46.620904532891885,0.3533894237606996,0.31850174192980646,1.1095368635019331,0.26719865086260786,0.6349292761342887
MYCBP2,58.02062070323474,0.43744355546679625,0.39518829982578985,1.1069243589945192,0.2683266332184907,0.6349292761342887
CCDC14,10.244453501566614,-0.5793761014594131,0.523215780654059,-1.1073368252294482,0.2681483285117011,0.6349292761342887
CTDSP1,8.255354569201966,0.59798399492534,0.5398286872744907,1.1077291908002633,0.26797878867047076,0.6349292761342887
SUMO3,31.892372891342944,0.3793590496251868,0.34261833699937144,1.1072351029065988,0.26819229441112546,0.6349292761342887
MANBA,14.520875448961093,-0.5272501056203699,0.4763084877423756,-1.1069508925181015,0.2683151606117873,0.6349292761342887
RPLP2,1604.0274721211415,0.5809434045688086,0.5244213824336249,1.1077797817337043,0.2679569338606659,0.6349292761342887
NCBP2,19.16151483406176,0.43132765931334244,0.38994983034969444,1.1061106474300597,0.2686786307352388,0.6349420336028125
UGCG,23.481786739150206,-0.4142227321073626,0.37450260239040684,-1.106061024578806,0.26870010697394386,0.6349420336028125
LYPLA1,27.068834246661105,-0.3838721174035551,0.3472627225571209,-1.1054227605452593,0.2689764459062902,0.6351599851996587
PIGC,8.755371817317904,0.49154463233708334,0.44562101445033453,1.1030553236888856,0.2700031406361465,0.63540984665396
SEC11A,43.92115359502677,0.36095482718305955,0.3271759456983311,1.1032437803843742,0.26992131362252714,0.63540984665396
ARHGAP27,7.300528995465155,-0.5601700805118585,0.5075445055608367,-1.1036866213197805,0.269729101115449,0.63540984665396
ACADM,18.08831793173268,0.4076080592770136,0.3691891357653648,1.1040629850388275,0.2695658164858552,0.63540984665396
PDIA4,13.023535883803268,0.5999980288263025,0.5438060734026466,1.1033308713748955,0.26988350486993495,0.63540984665396
N4BP2L1,19.341068448243806,-0.42829123979231704,0.38842808730137096,-1.1026268537064297,0.2701892436016501,0.6354143765682978
LYRM2,14.32179891265081,0.3965480813390606,0.3600541795413184,1.1013566953846574,0.27074144485027685,0.6362792811535798
NDUFB4,39.00066743765219,0.3058649606673326,0.2778723956365482,1.1007389199875692,0.2710103020733886,0.6364775644337581
UBE2H,11.498732528166991,-0.596529895564015,0.5438742784785798,-1.0968157884442205,0.2727219269527926,0.6400616652973705
COPS8,11.518229475704256,0.4812043018355205,0.4390151850282324,1.0960994476867012,0.27303525633283887,0.6403614101619947
NDUFA1,45.3004053066189,0.4002474000644379,0.36530007633523537,1.0956674416271717,0.27322433591604856,0.6403695373032388
CLCN3,8.178580489971583,-0.47434935197921957,0.4336056813739551,-1.0939647987917527,0.2739704171110551,0.6412469057212619
NFU1,10.676202039883723,0.4577563626157602,0.4183966434257966,1.0940727412813105,0.2739230764913718,0.6412469057212619
ASAH1,27.348954141214698,-0.4204623922317516,0.3851973457275071,-1.0915505958060039,0.27503068140189024,0.6432921022620484
WDR74,29.791489928052744,-0.46971861322418107,0.4305733173417495,-1.0909143560592764,0.27531056951992794,0.6435104775364169
CHCHD3,17.19036801645184,-0.44386927030153706,0.40761267246538874,-1.0889486522017466,0.27617652975809304,0.6450975136529593
HECTD1,20.40163324412368,-0.35480871386372587,0.3263604253839316,-1.0871683153566416,0.2769624308158446,0.6464955252467279
PRRC2C,97.77611421572306,0.4114613965918264,0.37863094515218304,1.0867083154718054,0.2771657378738702,0.646532654269677
UBE2N,68.02058906823075,-0.32628862894724164,0.3005518204657853,-1.0856318502465572,0.27764190264127075,0.6469122672586347
CNIH1,23.720590073118803,-0.3689194319865108,0.33986357910418086,-1.0854926937417535,0.27770349791595306,0.6469122672586347
UBE3A,25.583971299756755,-0.364310826801674,0.33642351130817116,-1.0828934796651517,0.278855706367266,0.6486497411288219
PMEPA1,7.639372102864461,-0.6555022573994809,0.6055233730668916,-1.082538323961721,0.27901339589425267,0.6486497411288219
SERF2,310.5738071571178,0.31678536663810614,0.29249625105136934,1.0830407757344933,0.2787903245375958,0.6486497411288219
PIN1,16.77131157904101,0.4031268761309344,0.3727161987847103,1.0815920462952295,0.27943384025915796,0.6491897298950134
PPP6C,19.18150663170704,-0.4630823996107864,0.42972761406070703,-1.0776184365600656,0.28120407109246115,0.6496298392599769
MPHOSPH8,52.14186414941671,0.4149860955791377,0.38451534207571053,1.07924457146219,0.280478715024004,0.6496298392599769
NOSIP,21.329676153511492,0.43187275158603794,0.4000116238031148,1.0796505048528418,0.28029784218482723,0.6496298392599769
UBA7,9.404593783469577,-0.5042975204473364,0.469160404469272,-1.07489360918642,0.28242236355798056,0.6496298392599769
LAMTOR2,23.12311555867837,0.4076044558511895,0.37811716718101074,1.0779845276267572,0.281040661032107,0.6496298392599769
CD79B,125.98088519787056,0.6079888660502734,0.5686758584015539,1.0691307834997978,0.2850107422816288,0.6496298392599769
ZFAND6,39.60007665932097,-0.34597663295186304,0.3234100357758606,-1.0697770467198557,0.2847196763840292,0.6496298392599769
THAP7,11.438497330541121,0.4172519542185865,0.3880830263766537,1.0751615655914386,0.28230239966682846,0.6496298392599769
RSU1,9.994977886770602,0.45648031783842014,0.425159121620823,1.0736693501910348,0.2829709030879827,0.6496298392599769
CD22,41.9703740631196,0.4718283708496317,0.4398625939761064,1.0726721874314726,0.2834182233957001,0.6496298392599769
ECI2,9.533292251857999,0.5105246989623923,0.4775245185341911,1.0691067770289544,0.2850215582606175,0.6496298392599769
SLU7,17.538008225393497,0.4135830161104586,0.38582785478270576,1.071936644759317,0.28374848953976695,0.6496298392599769
BAZ2A,17.160758971867274,0.4790486513994828,0.4474165524783868,1.0706994382435686,0.28430459546609244,0.6496298392599769
GPR183,126.89663451312492,-0.5547608480602242,0.51449172849628,-1.0782697122879699,0.2809134093964746,0.6496298392599769
MRPL41,26.332803704567176,0.4864050923594049,0.4529640677215941,1.0738271024587422,0.2829001803666913,0.6496298392599769
CIITA,18.713794231108086,0.41213948105361226,0.38311857204780475,1.0757491573710145,0.28203945621770554,0.6496298392599769
IGFBP4,9.630445472775811,-0.6880185045254896,0.6402346082070606,-1.0746349786560978,0.2825381850360431,0.6496298392599769
BARD1,8.539997498895826,0.56056756855037,0.5242743888799949,1.0692255437995133,0.28496805127771907,0.6496298392599769
GINM1,16.69649185277089,-0.4439372064624043,0.41477356100593726,-1.0703122093552382,0.2844788005502572,0.6496298392599769
RAB2A,30.906563552557195,0.3554013112926881,0.3315384045803301,1.071976297112741,0.28373067858666545,0.6496298392599769
TBCB,30.51265425387798,0.37337589812266453,0.34814162785503144,1.0724827720922268,0.28350324790746584,0.6496298392599769
CAPN2,14.972972674379102,-0.44168242671577773,0.4129373694056448,-1.069611179418096,0.2847943609891467,0.6496298392599769
GTF2F2,13.597862654404555,0.4610324073897394,0.4298318252138284,1.0725878828548576,0.283456063791517,0.6496298392599769
NCK1,14.58939394986478,-0.4943504305393178,0.46208614242488955,-1.0698231025607368,0.2846989413001294,0.6496298392599769
SLC3A2,22.855651687783013,-0.4165579178619772,0.3885969647819121,-1.0719536064718296,0.2837408706240132,0.6496298392599769
PCSK7,30.107709386083094,0.6812868495703912,0.6375046161729049,1.068677515874821,0.2852150062954729,0.6496298392599769
PSMD2,15.420418281817096,0.388534590411632,0.36299281408323425,1.070364413116291,0.2844553111059873,0.6496298392599769
LSM6,28.17332282725904,0.42276043685527603,0.3925336210873158,1.077004399481074,0.2814783002284751,0.6496298392599769
NR3C1,36.73732286807476,-0.3843890166743897,0.3572703033954159,-1.0759053104085161,0.2819696067081051,0.6496298392599769
CD164,49.86473976263849,-0.3481790462110103,0.3258423675306123,-1.068550565875383,0.28527223376198985,0.6496298392599769
DUSP22,15.968234052821643,0.40871821403307906,0.38312457050644566,1.066802407093864,0.2860610713966846,0.6500837621023512
SELL,94.21280968938316,0.3871208495555624,0.3630033093588298,1.066438898971283,0.2862252854010062,0.6500837621023512
ABHD14B,32.37127659741401,0.41347846448885134,0.3876756652513929,1.0665576964206054,0.2861716119076141,0.6500837621023512
TIMM50,7.739850901466264,0.6278502705483792,0.5886174958660514,1.0666524100249573,0.286128824530799,0.6500837621023512
KPNB1,35.40993127858859,0.327441111126436,0.30724174472279714,1.0657442120108493,0.2865392858372475,0.6503687737753316
FOXP1,53.187136452321624,0.4394273010507584,0.4126168962795212,1.0649765072952195,0.2868865610121992,0.6507288859251067
RCAN3,9.180210427101745,0.46671980233295063,0.43865574232915583,1.0639774139391895,0.287338931395703,0.6513267498785646
NEDD8,39.27636130089074,0.46556362014582936,0.43776222943405174,1.0635079704060348,0.28755165260082827,0.651380959601351
ARPC4,21.738170173810897,0.6183633588862478,0.5830889984453238,1.0604956713897453,0.28891915818925085,0.6531920679901149
TMSB10,1094.7629765764052,0.33459040534412016,0.3154182078157148,1.0607834204029427,0.28878833860652486,0.6531920679901149
CD40,59.11936114704471,0.32343530753938277,0.30479235459714565,1.0611660780234404,0.28861443249111174,0.6531920679901149
GGNBP2,33.505868203932515,0.39617747579699797,0.3740813860344265,1.0590676002268073,0.28956899422324145,0.6542325016831585
BZW2,13.48863275340969,0.5191732494131421,0.49192014289135183,1.0554014852118174,0.2912417439184799,0.654259866105808
CERS2,7.181484477864652,-0.512962226236694,0.4854625462489998,-1.0566463472829668,0.29067301982717053,0.654259866105808
LAPTM4A,37.48104947053207,0.43210307946450105,0.4089955253082431,1.0564983055470907,0.2907406145787149,0.654259866105808
KDM4B,24.77453264253445,-0.5133952332250239,0.4857166015485998,-1.0569851464581959,0.29051836643786233,0.654259866105808
RRP7A,19.52622101688197,0.3691876326927904,0.348933367829366,1.0580462252418608,0.2900343686529804,0.654259866105808
MSI2,8.465109227161228,0.6370147130836945,0.6030199159803769,1.056374252661373,0.29079726434228415,0.654259866105808
IRF1,114.85013935099,-0.30804668311819594,0.2911425968359537,-1.058061192233464,0.2900275455316611,0.654259866105808
DYNC1LI2,8.16304364102131,0.537183052949717,0.5088111666482819,1.055761131361033,0.2910773602186928,0.654259866105808
EIF4B,76.19766237360354,-0.2831406958711067,0.2683033613683397,-1.0553005911931068,0.29128787082275975,0.654259866105808
RPL31,617.5248180241904,0.7533267190042663,0.7145014126215126,1.0543390197652698,0.291727730205376,0.6548215154252096
IMP3,24.37432536104088,0.5288003334916354,0.5022208926071291,1.0529238055918524,0.292375914614329,0.6549979905321006
COX7A2,78.61304882004875,0.4075652179787678,0.386986031398527,1.0531781121552883,0.29225936804048924,0.6549979905321006
CSNK1G3,16.39235840608324,-0.5221340376574669,0.49581580476949805,-1.0530806655108627,0.29230402333525796,0.6549979905321006
ZNF394,19.185960261064107,-0.38243168135585337,0.3636536116969687,-1.0516372422956501,0.2929660142136399,0.6554687088437469
TIMM10,15.7850919386983,0.4483970833058787,0.4263585413788024,1.0516901616555066,0.2929417262812123,0.6554687088437469
KIAA1468,7.4028646688212305,-0.5675913146059053,0.5402368738054157,-1.0506341609150178,0.2934266452843052,0.6560738342390492
IDS,80.90903694138882,-0.37704976336205975,0.3591644553595182,-1.0497969878022553,0.2938114604571319,0.6565087685084877
DYNC1H1,15.961866876978732,0.3789689769718956,0.36148762203023427,1.0483594841878132,0.2944730129736526,0.6575610969314571
PDCD6,39.84946415815627,0.3476595570901603,0.33232648301540263,1.0461385861747496,0.29549705239252766,0.6594209772019537
IL16,37.04599713937406,0.47596299796784924,0.4554766228379519,1.0449778849290932,0.2960331907536543,0.6601903736910842
NDUFB1,28.08036381965738,0.6314271053739899,0.6058189566346885,1.0422702994992994,0.29728637825176674,0.6608492300055382
RPL37,1065.1789824305122,0.4241738284304455,0.40674379738674665,1.0428526044052386,0.2970165634883992,0.6608492300055382
MPHOSPH10,11.702002483274438,0.4849430583056512,0.46494716302587713,1.0430068121066505,0.29694513778019327,0.6608492300055382
GON4L,17.750300730442486,0.4247863861615412,0.40748362659780923,1.0424624658129147,0.29719731863262444,0.6608492300055382
PDCL3,13.355420013013307,-0.45403172815705123,0.43497680784984893,-1.0438067500687989,0.296574807975866,0.6608492300055382
WDR77,11.842277589643155,0.4750598092027817,0.4560847966419725,1.0416041330483212,0.2975952516978235,0.6611098637202132
RANBP1,38.61088605276033,0.4725756949084465,0.454060229752138,1.040777553159447,0.29797880018100387,0.6615359463477885
RAB8A,28.327110764098865,0.31998521443182154,0.30800371044605407,1.0389005183360154,0.29885100531205455,0.6630456387952336
C1QBP,47.612435912897915,0.5818738027155498,0.5609982264865322,1.0372114834653916,0.2996373074267251,0.6637748990139526
TMEM230,37.14824123399684,0.348394607833544,0.33581349416729955,1.0374645863991891,0.29951939174503006,0.6637748990139526
MRPS18A,10.70138043764034,0.4213010731044952,0.4062868025569412,1.0369548566506779,0.29975689642427195,0.6637748990139526
TCERG1,15.642829567127738,0.40687430721471246,0.39312071996125125,1.0349856584888653,0.30067560888104683,0.6651974014838599
ARFIP2,7.76011770329757,0.5429217998056383,0.5246880293748734,1.0347516417565104,0.30078491197531054,0.6651974014838599
NUTM2A-AS1,12.330609103272623,-0.6180994947562144,0.5978990597992543,-1.033785694467796,0.30123636082527405,0.665342794396412
PRKRA,12.014411534110662,-0.39453435582749646,0.3816398737142354,-1.033787041138464,0.3012357311261187,0.665342794396412
SNX2,85.4608381444302,-0.36960282755191814,0.3577285892707495,-1.033193428306569,0.30151338767782754,0.6655285908435733
CYC1,24.231720060005852,0.5658844029320195,0.547926587754498,1.032774126276872,0.30170961472654567,0.6655359148379685
RASGRP1,7.1545064986582485,-0.7370481261962247,0.7147456793009538,-1.031203332235717,0.30244547835531954,0.6663251621256312
STAMBP,7.4472275725970745,0.4722029963410171,0.45792230717160565,1.0311858342468994,0.30245368228659086,0.6663251621256312
SIVA1,36.25901185271045,0.30069463515850264,0.2922548387088549,1.028878209465868,0.30353690916859166,0.6672428074268123
PAFAH1B3,11.374394868127975,0.4700359576708675,0.4566663129161662,1.029276617032086,0.303349707963111,0.6672428074268123
XRN1,17.232352071564,-0.4293118523700768,0.4171373418558099,-1.029185856294005,0.3033923472889932,0.6672428074268123
XRN2,26.994411128626904,0.33907826733151597,0.3296340109635677,1.0286507340075175,0.303643828307274,0.6672428074268123
DAD1,47.27291224563298,0.38133282454707035,0.3715313008855807,1.0263814209950193,0.30471183196202933,0.6687540987287708
SF3B5,42.167953386563774,0.30006661064207835,0.29235838916074147,1.0263656586132672,0.3047192588990225,0.6687540987287708
SYNE2,14.133275676054069,-0.6490645002270701,0.6329592804829157,-1.0254443219978808,0.3051535841080908,0.668938796675998
HLA-DOB,29.486652069870892,0.3961450875415639,0.3863456043008495,1.0253645521823602,0.3051912075269626,0.668938796675998
RAP1A,32.71976856949545,0.35235493215022506,0.34395070426254476,1.024434396509522,0.3056301424421921,0.6694755501114685
IFITM1,131.1523366665218,1.250224301955862,1.2217559206871311,1.0233012018085577,0.3061654557013298,0.6699851299900514
ARPC1A,19.31445131125185,0.35481464086829384,0.34679674569400465,1.0231198685507958,0.30625117391139456,0.6699851299900514
NOC3L,16.23198724014204,-0.4431987270376976,0.43408934718620806,-1.0209850343265436,0.30726152920619343,0.6713440631800933
STAT6,15.787525527835859,0.38239313112126244,0.37440642267271357,1.021331654493359,0.3070973339960582,0.6713440631800933
RAB28,7.950733922755998,-0.43423868117326964,0.42595579875150785,-1.0194454035983058,0.30799156019574603,0.6724420030925561
TMEM101,7.596603068004201,0.5090050967337668,0.49946361909012477,1.0191034487377155,0.3081538570693714,0.6724420030925561
B4GALT1,26.644377777174306,-0.4995369863358171,0.49041389693171933,-1.0186028362189092,0.30839155725874845,0.6725353176628838
POLM,11.349414144919724,0.44694564216409993,0.4395515625330749,1.0168218708822554,0.30923817582230906,0.6734963750781491
BCL2L13,7.976624839394252,-0.46489734927165816,0.4573959137800057,-1.0164003115586653,0.3094387973334398,0.6734963750781491
LLPH,9.936223665675103,0.6170958702780536,0.6073573998616598,1.016034167721694,0.30961311619534626,0.6734963750781491
FAM32A,18.872303392842312,0.35951401816603384,0.3537814537389409,1.0162036883689303,0.3095324003793277,0.6734963750781491
JAK3,10.275718232823026,0.5536746277629405,0.5452341598701623,1.0154804458597901,0.3098768630346307,0.6736453544231101
DDX5,317.0455233880416,-0.5545906862766878,0.5470977665109211,-1.0136957601080192,0.3107279478347176,0.6750701637467101
POLR2I,17.081531973747868,0.49198948749004023,0.48554276339810054,1.0132773559363173,0.3109277003205356,0.6750790220930446
MRPL43,23.21633880763069,0.38462097443445564,0.37982399550167667,1.0126294783625849,0.311237174011711,0.6753259436103164
UBL7,16.56738401500752,0.48572665864627895,0.47992869691722667,1.0120808815273912,0.311499382764294,0.6754700631909581
HLA-DMB,84.58321928536225,0.4646779960651928,0.460544429975449,1.008975390474192,0.3129864367190125,0.6757035969182656
DOCK8,44.767860740289265,0.32340443026075216,0.3204932661610592,1.009083386164594,0.3129346450235705,0.6757035969182656
FNBP1,59.64891971283324,-0.3610524467497881,0.3571227315000693,-1.0110038227844313,0.3120146001409392,0.6757035969182656
STRBP,19.218921455493046,0.46135584494231135,0.45742903016365216,1.008584533380521,0.3131739279629875,0.6757035969182656
SND1,17.61581962421061,0.41263308737569865,0.408658820845589,1.009725145591832,0.3126269916707698,0.6757035969182656
PMPCB,18.168342959666095,0.36251312990877593,0.35925838361297696,1.009059625173021,0.3129460396425211,0.6757035969182656
DNAJC15,39.22708587626125,0.29781527021227266,0.29507299555071875,1.0092935466915087,0.31283387412396324,0.6757035969182656
ZPR1,18.991567800794584,-0.36087265845165295,0.3575576734551419,-1.0092711896362838,0.3128445932019075,0.6757035969182656
SH3YL1,11.552954564599279,0.45607449568170316,0.45288502165361333,1.007042569030974,0.3139143179124586,0.6764549636464599
DICER1,9.695686555376549,0.47224361527667863,0.46875438785520684,1.007443615487925,0.31372164064549346,0.6764549636464599
EXOC7,12.494763733575235,0.48756740520601555,0.48511202852923574,1.0050614631927888,0.3148672549098456,0.6780849122590308
SPINT2,31.030644762177353,0.3209806203852159,0.3203184675445969,1.0020671703560982,0.3163111524323131,0.679935676596784
MIOS,8.116016175283182,-0.4494317452304862,0.4491318881400998,-1.0006676370534013,0.31698751847569706,0.679935676596784
RPL38,453.8298917216427,0.6005220090483943,0.6002685781678304,1.0004221958133097,0.3171062329403552,0.679935676596784
FABP5,40.819261381230675,0.5185319685801985,0.5175591720938041,1.001879585057799,0.3164017535898008,0.679935676596784
DNAJB12,9.008921400931374,-0.4058456667134081,0.405521063067628,-1.0008004606303915,0.31692328682517734,0.679935676596784
YWHAG,10.129452692297694,-0.4918179987199818,0.4909584660788462,-1.001750723738406,0.3164640017281084,0.679935676596784
ATF5,10.791037083810735,-0.5387440808670863,0.5382392369006851,-1.000937954596748,0.31685680563208085,0.679935676596784
OSBPL10,11.058212864734333,-0.5097257165177536,0.5099014133576064,-0.9996554297845618,0.31747728840112166,0.6803084751452607
UNC50,9.281158709764187,0.427315975451343,0.4276976557001665,0.9991075933109834,0.317742573152095,0.6803289628689578
UBE2G2,12.254833746314576,0.422751054106322,0.4232499187929833,0.9988213472359689,0.3178812429405101,0.6803289628689578
NSFL1C,12.48328442790768,0.40335065480089655,0.4043469094106989,0.9975361389276987,0.31850434126922045,0.6803429871878506
HLA-DQA1,438.2032031229834,-0.3758413371589933,0.3769037803977169,-0.9971811287283922,0.31867659921610625,0.6803429871878506
OGT,12.1819724179189,-0.43755501714883643,0.43871845585363173,-0.9973480971924659,0.31859557522883997,0.6803429871878506
AIMP1,19.3156504676213,0.4048691903276809,0.4056856539299598,0.9979874476842607,0.31828544541639125,0.6803429871878506
LYST,20.485679049301623,-0.47669681155664534,0.4784840259278556,-0.996264840048224,0.31912148240968374,0.6808714374232585
NPEPPS,15.74586181704694,-0.35759998871523296,0.35932565672214517,-0.9951974817978372,0.319640226315835,0.6815567248390796
MPV17,9.659640602172884,0.49390969930103706,0.49673940043182074,0.9943034493975638,0.3200751568901329,0.6820625640957125
SLC25A39,22.20015316639343,0.5635290666462583,0.5674853640330549,0.9930283710602162,0.32069612862953345,0.6825426550104197
REL,213.59713559019139,-0.43424534552748745,0.43718692060220127,-0.9932715849077507,0.3205776211241329,0.6825426550104197
CNOT7,27.89660725282085,0.3360622639673813,0.3385964011585099,0.9925157586363647,0.3209459960630767,0.682653320849331
LSM2,38.123787164465924,0.3981524153399504,0.40215548646804894,0.9900459616670763,0.32215165435687776,0.6841158760426933
IL2RG,69.92431566830996,0.32751827944379874,0.33091449986149,0.9897368642984433,0.3223027514269794,0.6841158760426933
COA1,16.782870025852226,0.3422937952963675,0.3459318927370431,0.9894831973661328,0.32242678679577375,0.6841158760426933
EIF2A,28.282485517479483,-0.32878285113496897,0.3319042392557729,-0.9905955159602571,0.32188312811671205,0.6841158760426933
PLEKHF2,24.173268875456362,-0.35081600889123477,0.3547202608252972,-0.9889934340796358,0.3226663541510246,0.6842033938666473
ATP5G2,205.21609371136924,0.32225506203775695,0.325981200825631,0.988569467262417,0.3228738309371848,0.6842227989762208
ZNF141,9.785476502558968,-0.46280105294358637,0.4690865127665132,-0.9866006383644302,0.3238384571692632,0.6858457196034119
BTK,30.770616244910922,0.3532110753326678,0.3587337737821328,0.9846050222948369,0.3248181217627131,0.6874984785775216
ANAPC5,22.113960167748175,0.35951362998549813,0.3653045817693416,0.984147607030289,0.32504294217954643,0.6875525141136941
SSR3,30.63602854973565,0.38558392206072495,0.3927395211282584,0.9817802928338435,0.32620809894212943,0.6891720400185832
ENSA,43.56390594653943,0.2894382060501396,0.2948087732194273,0.9817828787432646,0.32620682471686346,0.6891720400185832
LCMT1,8.074445867301167,0.46403450218771913,0.47286565070404585,0.9813241911245233,0.32643289690962063,0.6892249047357351
GTF2F1,15.660330776508673,0.3868065888536635,0.3948873516504835,0.9795365367792982,0.3273149448517936,0.6895349334181764
PSMD11,16.501001106254655,0.40088407367356266,0.41015978266543873,0.9773851328582303,0.32837852046552574,0.6895349334181764
NONO,25.316591464463528,0.3303504392674711,0.3376385767810721,0.9784143814871998,0.3278694181513758,0.6895349334181764
EIF2AK4,7.468369925942092,0.5039334730366846,0.5145139602020695,0.9794359570705727,0.3273646179015781,0.6895349334181764
SEP15,54.74201954822596,0.3377679372785835,0.34529285053950437,0.9782071558992215,0.32797187796546856,0.6895349334181764
SRP54,18.350026979805683,-0.35668919600280363,0.3644401811235161,-0.9787318042241738,0.3277125131651695,0.6895349334181764
REST,15.66076833478887,0.40095305947916043,0.4096282787253588,0.9788217276571016,0.327668072042299,0.6895349334181764
PHF20L1,13.319728226912584,-0.4299114193791304,0.43959157547834027,-0.9779792047000072,0.32808460926198857,0.6895349334181764
USO1,11.262063427493187,0.39922587432403495,0.40842813741448847,0.9774690765707096,0.3283369797825575,0.6895349334181764
KLHL36,8.56559350269965,-0.3945257367078488,0.4043484579483599,-0.9757072865064182,0.3292095403381412,0.6903626151122806
PCED1B,11.33360771141383,0.5332936636395689,0.5464443695984409,0.9759340443592898,0.3290971499541192,0.6903626151122806
CMC1,7.756304894409745,0.5440132985067545,0.5577463678559944,0.975377572780921,0.32937300419559823,0.6903626151122806
KIAA0430,13.096850690268663,-0.4319490040863196,0.4432185000279501,-0.974573498306321,0.3297718647601582,0.6907789516833914
TSR2,16.98724543321053,0.4062213237976792,0.417118168782362,0.9738758802655553,0.3301181710129235,0.6910847633462295
ANKRD17,11.182109627625094,-0.4961382941408634,0.5099692838712551,-0.9728787788444856,0.33061355313243423,0.6917020972146138
MTMR14,18.740284169881985,0.41090647606305636,0.4225984257572014,0.9723331915560365,0.3308848165185636,0.6918500709024511
ARID1A,15.88475972423404,0.394676346363755,0.4067511757588847,0.9703139656016939,0.33189001813791175,0.6921357953912418
AK6,11.568163419092434,0.4160681166489005,0.4282466853062973,0.971561791193582,0.33126859871643466,0.6921357953912418
IQCB1,12.694803540369891,-0.39644008957666543,0.40868258691731424,-0.9700439956764643,0.33202456271666814,0.6921357953912418
CDC26,19.885563938822884,0.3484481183093777,0.3591449876723111,0.9702157353433722,0.3319389689522393,0.6921357953912418
PDE4B,81.20146725221436,-0.2660585939439938,0.2741084175861925,-0.9706327017860827,0.3317312153422083,0.6921357953912418
PSMB5,14.201288601736639,0.4035148604161587,0.41627085727024904,0.9693564979836939,0.3323673492272975,0.6924319775568698
RNF13,15.576713604524608,0.39861300826596396,0.41145573701172106,0.9687870952072999,0.3326514265953796,0.6926055653313576
CNOT1,14.562316095754714,-0.38367283913583367,0.3962450906225016,-0.9682715274354141,0.3329087806796076,0.6927233373610653
CYTH4,10.3940029275741,0.4926903120602865,0.5090766593709571,0.967811631099099,0.3331384538971752,0.6927834032219738
FUOM,11.779934543920701,0.4333245177826204,0.44843533306136285,0.9663032456082699,0.3338924624740418,0.6937768428699481
RBM3,115.1935038829718,0.27561600850096435,0.28530153730555197,0.96605160667531,0.33401835826289383,0.6937768428699481
CISD1,9.995342517849,0.4409422868617082,0.45827777259460684,0.9621725364624357,0.335962942217203,0.6969766389954001
TP53TG1,9.246322613184141,0.4514580374046985,0.4691288762852263,0.9623326557502632,0.3358825302746564,0.6969766389954001
MDM2,10.89715200592607,-0.46201151731405654,0.48053355843577955,-0.9614552598948229,0.33632331072962474,0.6973049411161089
NARFL,8.361473660502796,0.5187143784231872,0.5404171928677968,0.9598406291823532,0.33713543059831086,0.6985478777860817
PGK1,63.35583951904137,0.30123599611187396,0.3140133247659261,0.9593095972485348,0.3374028019723354,0.6985478777860817
TMEM30A,8.1543430164302,-0.4197850121994395,0.4377061945818707,-0.9590565941166292,0.3375302354404053,0.6985478777860817
MYL12B,111.47919999515064,0.2537243095244438,0.26469297782309575,0.9585607884694898,0.33778005417737667,0.6986457955107611
PQLC3,11.186342787923,-0.4148510747476474,0.43326324002416755,-0.9575035138557031,0.33831317367608027,0.6990389385974789
SNX5,28.36581759097921,0.32446646811113466,0.3389107648591503,0.9573802361986978,0.3383753702776202,0.6990389385974789
GPX1,108.26888598943329,0.4285794274196713,0.44794624974518127,0.9567652986568657,0.33868573099007815,0.6992613835522259
FTH1,1250.7762193127985,-0.2794242452135312,0.2938645919629638,-0.9508605420851366,0.34167517433388095,0.699287767540682
CCDC59,30.581000293113174,-0.350104677833484,0.36621296826033245,-0.9560138721919933,0.3390652260119166,0.699287767540682
SELT,56.36256125647733,-0.2768831760950458,0.2919821015415047,-0.948288181478437,0.34298276582331,0.699287767540682
COX6B1,90.56901033390375,0.3343455095745286,0.3514861849356078,0.9512337153045733,0.34148574689679845,0.699287767540682
OCIAD1,33.53233402594829,0.29314323387829355,0.30789099262781505,0.9521007138804191,0.34104590702414317,0.699287767540682
AGPAT5,12.708359662472791,-0.38465706063761446,0.4049981562870686,-0.9497748438266074,0.34222667078243063,0.699287767540682
FAM63B,9.034112457624598,0.4454163004056934,0.46742766197925867,0.9529095871640092,0.34063588212587204,0.699287767540682
ARF6,43.778115272450194,-0.4961765658170712,0.5233772603103288,-0.9480285129752688,0.34311493891325684,0.699287767540682
COX6C,87.96118279397423,0.32722658154904066,0.34419113014155817,0.9507118368054971,0.3417506777435483,0.699287767540682
NDUFA3,30.31161902818131,0.4729034620107031,0.4952854685490754,0.9548098865005271,0.33967384683653346,0.699287767540682
HDAC1,24.847304944050133,0.3628517842604125,0.3801745730632874,0.9544346465275277,0.3398636756264606,0.699287767540682
CD53,128.95547319727763,0.2941644322871003,0.31021770003605487,0.9482516060589427,0.34300138099941957,0.699287767540682
HERPUD1,268.3511569362091,-0.3425901813565126,0.3614032263772764,-0.9479444464031308,0.343157736361268,0.699287767540682
MITD1,16.28292491942191,0.37283365887821207,0.3914824948188823,0.9523635508931299,0.34091263801019667,0.699287767540682
ATP6V0D1,34.205142846080236,-0.3926225634482798,0.4136430515942231,-0.9491820591088665,0.34252802466834686,0.699287767540682
C5orf56,20.503268441234074,-0.39604653472446655,0.4145433139406682,-0.9553803460478703,0.33938538939318397,0.699287767540682
SRSF1,23.585928592630275,-0.32886461514194776,0.3455650361849927,-0.9516721331896997,0.34126328633306857,0.699287767540682
LINC00909,7.597643822849371,0.4738342399613393,0.4966559634942227,0.9540492308351214,0.3400587229629589,0.699287767540682
S100A6,90.892169827382,0.35284214801129754,0.36932020621665057,0.9553827331188949,0.33938418268178683,0.699287767540682
OXSR1,10.227329872800542,-0.5021357371947983,0.5297040915196463,-0.947955179568732,0.3431522720244695,0.699287767540682
NDUFB11,66.12000432141087,0.3027174616517166,0.3173585063109114,0.953865913885884,0.3401515193531346,0.699287767540682
PCBD1,10.904209203627591,-0.4690753840763386,0.4948199062901339,-0.9479719350686344,0.34314374178230267,0.699287767540682
CNBP,105.5183057830636,0.2797360803818114,0.29600858373261113,0.9450269206872092,0.34464513235430005,0.701904195172571
PARP9,14.679462364353947,0.4021438236817297,0.426759085949969,0.9423204728882443,0.34602858956396654,0.7038907040068895
CRELD2,11.101254737943801,-0.4260787817288463,0.4519893097347917,-0.9426744671878443,0.34584743715481925,0.7038907040068895
LAMTOR4,52.37223099822148,0.2876894673739906,0.30608413296585163,0.9399032370164929,0.34726719678978357,0.7051629363889073
EEA1,13.231158714538108,-0.3544662316753664,0.37691433130727314,-0.9404424354095299,0.34699066390552724,0.7051629363889073
C22orf39,11.392133184178448,0.3841523215782039,0.4086525692972293,0.9400462653124655,0.34719382974413326,0.7051629363889073
LAMP1,17.81866391746723,-0.4730701281452043,0.5036847031754287,-0.9392187715107925,0.34761843317352015,0.7054609379109673
MARK3,10.243902440000102,0.4902356063879474,0.5227598356994754,0.9377836109616011,0.3483556251906147,0.7059789620206705
ATXN2,9.671155567252624,-0.5033410185452937,0.5364292515111553,-0.9383176199421454,0.3480812073738425,0.7059789620206705
PDE4D,15.7178505065325,-0.6497168237365417,0.69301138352357,-0.9375269139636639,0.3484875861800585,0.7059789620206705
MRPS7,25.6159000968617,0.3116311444998523,0.332862691714262,0.9362152991521336,0.3491623476435962,0.706102051213603
PHF3,30.809167685007417,-0.3660957585937983,0.3909372434955513,-0.9364565916523231,0.34903815225536416,0.706102051213603
GLIPR1,44.36763987085637,-0.29414688204297873,0.3140637207301959,-0.9365834466938409,0.3489728700950404,0.706102051213603
C19orf24,18.474090551013038,0.43933852802375617,0.46963758870945577,0.9354841660588538,0.3495388396429311,0.7064493244101419
TERF1,16.749368214808175,0.4424813730331004,0.47368477782356594,0.9341262243345977,0.3502387859692798,0.7074495384039903
MCMBP,7.383422074791165,-0.4869012456692769,0.5243017811999962,-0.9286660147422755,0.35306219856289767,0.7079450104780545
RNASEH2C,27.809455019401497,0.35804242951916204,0.3853229549879008,0.9292008817133789,0.35278499058867563,0.7079450104780545
STMN1,47.49513662006316,0.5098730267615479,0.5485329982976573,0.9295211561454122,0.35261906641093876,0.7079450104780545
NPAT,13.248069628561797,-0.430701808386338,0.4624438629992211,-0.931360199253122,0.35166727170525536,0.7079450104780545
NSL1,17.242863873430046,0.369445899249791,0.39732484890824765,0.9298333599444856,0.35245737091343166,0.7079450104780545
VPS28,38.90214450567503,0.31351403697077596,0.33692082706917503,0.9305273280313026,0.3520981215031196,0.7079450104780545
SPTLC2,10.953889176414279,0.43162246091368867,0.4631927329096839,0.9318420394947108,0.351418165101247,0.7079450104780545
ARF5,29.21631221191175,0.6386443342062323,0.6878286339812906,0.9284933814250076,0.3531516994297773,0.7079450104780545
U2AF1L4,9.515882400197999,0.42576152522161115,0.45705360013198537,0.931535218404717,0.35157677561613176,0.7079450104780545
FAM126A,9.283434204931034,-0.528813495791936,0.5677820428849463,-0.9313670666740218,0.35166372053158623,0.7079450104780545
SARAF,219.90927631072654,-0.328874980332852,0.35301058577321265,-0.93162923036006,0.351528171516321,0.7079450104780545
PHB2,52.98077383006584,0.48664350477302865,0.5232187441321511,0.930095701330829,0.3523215362698796,0.7079450104780545
CERS4,15.13050236020787,-0.47355874054224817,0.5090195364555093,-0.9303350984125527,0.3521976106054989,0.7079450104780545
BLOC1S2,29.56352361457592,-0.3852498916989163,0.4153635013913177,-0.9275005878187861,0.353666686726418,0.7085656615598968
SDCCAG8,15.652176521359348,0.3586779582177885,0.3873644297852189,0.9259444869955248,0.35447483035552607,0.7090219686557007
WIPI2,17.615701901741662,0.40366211667308927,0.4359791006366959,0.9258749240126155,0.35451098432785033,0.7090219686557007
C1D,18.44672222941595,0.32751039730419673,0.3534718371730731,0.9265530174157419,0.3541586581014201,0.7090219686557007
TRIM69,12.540266795133373,0.402633296347941,0.43548190557403044,0.9245695198683628,0.3551898739249655,0.7099681720979901
FAM195B,12.34475055094456,0.4045251954482462,0.4381030095211285,0.9233563492074963,0.3558215315270251,0.7100102451668298
PSMC6,25.117564900677007,-0.4083355802710147,0.44245050296079697,-0.9228955047819101,0.35606166344292633,0.7100102451668298
WBSCR22,21.34355384799929,0.33344947380242934,0.3612870766726818,0.9229487998114234,0.35603388781147893,0.7100102451668298
TRBC2,46.1801434225283,0.35133121677463325,0.38180389491853367,0.9201876184358926,0.35747472343616904,0.7100102451668298
EPRS,15.96648289789573,0.36609091662402155,0.3976242447484305,0.920695660435999,0.35720934248071,0.7100102451668298
TPM4,45.06274586422306,0.34584055427030735,0.37428831248218325,0.9239950667355394,0.355488884302836,0.7100102451668298
TMEM55B,14.694106961291592,-0.3306654594022671,0.3590750099028055,-0.9208812929971699,0.35711240636311814,0.7100102451668298
RP11-452F19.3,7.464781978841882,0.480146666094132,0.521688259043553,0.920370849392735,0.35737899655688177,0.7100102451668298
CRIP2,8.606564916568107,0.6767402433752783,0.7351538115954149,0.920542385418136,0.3572893941878159,0.7100102451668298
PPP1CB,25.789794954307673,-0.515711914685762,0.5598011445436343,-0.9212412652464027,0.35692447841219543,0.7100102451668298
HIST1H2AC,14.114705288886295,-0.5178521866539392,0.5622163058478812,-0.9210906572212695,0.3570030976075107,0.7100102451668298
RBM48,8.951959047885884,-0.42351534452026995,0.46053935371128274,-0.9196072846052077,0.3577780186070513,0.7102037768667013
ZNF83,10.221375653019571,0.5082323987628511,0.5529114063328662,0.9191931888937788,0.3579945330773713,0.7102249218613749
SRSF3,115.61236466343966,-0.3220856108316594,0.35080426347529564,-0.9181348243629351,0.35854828509322534,0.7107915826492366
MIS18BP1,38.231486555920995,-0.33534056564626097,0.3653504903185311,-0.9178599031135664,0.3586922160557452,0.7107915826492366
ELOVL1,14.232812426520946,0.4304431458323153,0.4707578118712553,0.9143621942699373,0.3605265601516492,0.711557286206499
PRPSAP2,9.878900441009739,0.386088107331781,0.4231082346156823,0.9125043564384242,0.3615032772842637,0.711557286206499
GLTP,8.978186110165293,0.3996974787739077,0.43806845543629486,0.9124087201755453,0.3615536007884037,0.711557286206499
ATG5,18.939473685774363,-0.31921631863688626,0.34878245244167977,-0.9152304435105224,0.3600706657047248,0.711557286206499
PSMA5,26.7388729852049,0.35773716366767466,0.3917487425663422,0.913180119798578,0.3611478178534191,0.711557286206499
NKTR,39.34496793868051,-0.4336401288571963,0.474216399932237,-0.9144351163712625,0.36048825677853635,0.711557286206499
IMP4,23.459645449514387,0.4544620152345276,0.4974062939177441,0.9136635800384179,0.36089364667132895,0.711557286206499
NIT2,10.095423837408227,0.39104158598686567,0.42805266004239456,0.9135361662000574,0.3609606214855624,0.711557286206499
BIN1,31.07309860362185,0.35776685534368147,0.3913005542852528,0.9143019385627404,0.36055821224783624,0.711557286206499
MYDGF,23.75435505710892,0.4076097875084837,0.4449720343274004,0.9160346180510157,0.35964873819850396,0.711557286206499
IFT57,50.38564363217263,-0.3860091733800001,0.4228685170887064,-0.9128349777314491,0.3613293392211876,0.711557286206499
HMBOX1,10.552207604446043,0.5387493954327004,0.5892499887579893,0.9142968276813495,0.3605608970548221,0.711557286206499
LENG1,15.59653836341543,-0.39293246290932854,0.4309785274342553,-0.911721670331405,0.3619152533682364,0.7118629555988686
C1orf52,15.957573889618237,-0.3740445209649368,0.4108693246803702,-0.9103734411322122,0.36262559932625227,0.7128537422652822
SVBP,11.96092881210387,0.37896995585879284,0.4166879420369362,0.909481455129796,0.3630960424661376,0.7129660480979936
DGUOK,31.93420030620905,0.40149225074855055,0.4412673930318118,0.9098615875286443,0.3628955098077885,0.7129660480979936
SP110,31.264510393105006,0.2784431938935337,0.3064949647435373,0.9084755898894582,0.3636270047810013,0.7136024837852415
PAWR,9.67711804565413,-0.6091405864366461,0.6710900792985854,-0.9076882600817344,0.36404294830097494,0.7139310945938259
TPST2,8.578728769525268,-0.42698883367931434,0.4708524812484228,-0.9068420592096956,0.3644903247356457,0.7139310945938259
SEMA4D,9.400523918635416,-0.3825135591505236,0.42210645300004707,-0.9062016380746516,0.36482913616490287,0.7139310945938259
DIMT1,10.590650937934257,-0.3453587640429329,0.380986522811782,-0.9064855142226378,0.3646789287128731,0.7139310945938259
COX7C,221.27340501106133,0.30232339207585196,0.33352801314793645,0.9064407790591081,0.364702596875069,0.7139310945938259
CCDC47,13.205354363535005,-0.39061940193806355,0.43181295332211367,-0.9046032522481522,0.36567561176344654,0.7139676630355917
RAB10,20.171024779563204,-0.33018292738235455,0.3647961652750245,-0.9051162232843797,0.3654038182987671,0.7139676630355917
PDCD10,21.256877205627127,0.30411031151532714,0.3359711585894453,0.905167910222163,0.36537643939825826,0.7139676630355917
CAPG,53.94888527133819,0.3902980961478404,0.4313405065737723,0.9048491625515526,0.3655453024783667,0.7139676630355917
WBP2,26.31560671638324,0.3149804310971705,0.3488764230551178,0.9028424114730383,0.36660953834845056,0.7148585180789544
TNFAIP8,67.42998090932028,0.26214806773528687,0.29034584752835885,0.9028820972191869,0.36658847318601995,0.7148585180789544
RALY,47.193854790574484,0.43191562897132874,0.4785391045309267,0.9025712316545182,0.3667535005796375,0.7148585180789544
HLA-DPA1,801.8507285743356,0.2548189277379902,0.28340720959685567,0.8991264834104536,0.36858529317052213,0.7148591171261386
TRIAP1,9.454543656137547,0.41123975365534593,0.4575885874941213,0.8987106866178763,0.36880678329334415,0.7148591171261386
CYB5R3,22.1675214000212,0.5311341344975505,0.5912750573864708,0.8982860478594301,0.3690330688700443,0.7148591171261386
CYLD,24.16210955900428,-0.40512181201506026,0.4492157220273873,-0.901842460425642,0.36714056065500567,0.7148591171261386
KDELR2,23.496128991351583,0.4504925302782246,0.5012566509118187,0.8987262901325083,0.36879846998727106,0.7148591171261386
CYSLTR1,24.19601034079629,-0.3669258517365181,0.4084198774093058,-0.8984035107791689,0.3689704654642012,0.7148591171261386
ANXA2R,7.951209556119797,0.46730762691898836,0.5191686294411874,0.9001075959115248,0.368062994095921,0.7148591171261386
ABCB7,7.551084749935055,-0.5339417609984463,0.5930110664366234,-0.9003908884987225,0.36791226795735743,0.7148591171261386
PDXDC1,10.893788514982017,-0.4218716628095593,0.4690125882104262,-0.8994889975539062,0.3683922536514034,0.7148591171261386
NECAP2,16.971695406799903,-0.33615100435037076,0.37397267035940096,-0.8988651604603026,0.3687244872065295,0.7148591171261386
TMEM60,10.633255471858266,0.3957115494516511,0.44031419660512566,0.8987026820907292,0.36881104802418496,0.7148591171261386
QRICH1,9.50434327546412,-0.363994493698372,0.40564981127372474,-0.897312123862312,0.3695523888938308,0.7149661185763166
FAM26F,20.87255509151904,0.3651743688683887,0.4067505930537954,0.8977844780181845,0.3693004614300961,0.7149661185763166
PRKD2,13.803674894573481,0.3699146973758589,0.412383298205458,0.8970166808054376,0.3697100160985939,0.7149661185763166
CHD6,14.280499197247337,0.43464924197797006,0.48536236234959523,0.8955149300697163,0.3705118883402627,0.7153802333581118
DDAH2,26.629106990834128,-0.36865461534666094,0.4116972918378038,-0.8954506688664342,0.370546225220564,0.7153802333581118
CCDC91,17.53627648811499,0.36710616435513166,0.40976253869312257,0.8958997704523279,0.37030629678169624,0.7153802333581118
GRINA,32.492885515512825,0.5937158511929819,0.6645260454658798,0.8934425599176403,0.37162021953095303,0.715755278822605
CHCHD5,11.130683286172971,0.424379602437703,0.4751378467687647,0.8931715402672097,0.3717653163493859,0.715755278822605
HOPX,21.18404501973982,0.4494757069647562,0.5031678672759623,0.893291754495605,0.37170095246675583,0.715755278822605
MTCH1,26.86170552694632,-0.3920132159448567,0.43891172423863567,-0.8931481988203162,0.3717778143913357,0.715755278822605
UBAC2,23.755636724945578,-0.334693670296183,0.37423490091060335,-0.8943411463810377,0.371139391226756,0.715755278822605
GPAT4,7.439457763796026,-0.46484394281157554,0.5213730586560233,-0.8915764539307679,0.3726199954637024,0.7169765668431529
WAPL,21.35733222054458,-0.3420042711493103,0.38410360262668675,-0.8903958953014739,0.37325334564222246,0.7177948954658124
EBLN3,31.490774498827,0.32110956888205583,0.3610076625334672,0.8894813108081532,0.373744463010249,0.7179389740453002
NSA2,63.56421015052604,0.2761694669539469,0.3104043859841408,0.8897086491814487,0.3736223485783453,0.7179389740453002
SYVN1,14.209881644553054,0.39055876838087766,0.44009052491467,0.8874509817192813,0.37483614591764136,0.7196353385731011
METTL4,8.946409543947674,-0.44208090309398973,0.4994902185416963,-0.8850641848096288,0.37612201472734064,0.7205002503105638
ELOF1,17.475072779980668,0.3536570850035668,0.3993687942109353,0.8855401076148557,0.3758653978129234,0.7205002503105638
TRABD,34.968465839248694,-0.3575593769941509,0.40352032897534557,-0.8861000334285444,0.37556362503437657,0.7205002503105638
RPS29,1000.6970102675493,0.6618452899290967,0.7476733427208462,0.8852064827142105,0.37604527656428655,0.7205002503105638
KRIT1,11.725635327626417,0.3419195583047597,0.3867733173150137,0.8840308857869786,0.37667954029521555,0.7211678213199187
MRPL55,16.603780078445617,0.41451372393171865,0.4704711286865441,0.8810609167218257,0.37828484962871833,0.7222372613276582
CIRBP,183.46890779691918,-0.24103410082007984,0.2735526692755907,-0.8811250186604831,0.3782501572216619,0.7222372613276582
DNTTIP2,32.822147238764735,-0.3641836722431865,0.412912694769642,-0.8819871049165957,0.3777837806384895,0.7222372613276582
HLA-DQB1,424.4875020710001,0.346921860790499,0.3934595985457158,0.8817216864775262,0.37792733053061733,0.7222372613276582
ACAP1,72.45931644735128,0.3352955832181601,0.38051089791536163,0.8811720900901532,0.37822468309011503,0.7222372613276582
RBBP6,25.09041772214005,0.3507146251597005,0.39857955915608206,0.8799112174800768,0.37890740740419115,0.7228149990432247
SNRPN,19.83788424744037,0.48821716965437906,0.5549812966854417,0.879700221557369,0.37902172933288825,0.7228149990432247
TIMM17B,20.346977679038638,0.3900190121932958,0.4435351734757232,0.8793417873422466,0.37921598500528597,0.7228149990432247
MRPL54,38.98314878270908,-0.30627945421282454,0.34882473654168017,-0.8780324963457058,0.37992608381582216,0.7229702091365617
ZFX,14.727562363566772,-0.43290518594820265,0.4929657625654277,-0.8781648114776457,0.37985428510902364,0.7229702091365617
BSG,35.42415269844123,0.3207027917053917,0.3651506390840671,0.8782753126485905,0.3797943297945354,0.7229702091365617
RPL22,608.6187724606759,0.2766810703740837,0.31530163160236835,0.8775123330887495,0.3802084230078452,0.7231086325121643
DNAJB2,8.31426426715092,-0.3874606130000347,0.441906863118087,-0.8767924767362051,0.3805993661580054,0.7234533406309194
PSMA3,27.26035020527423,0.31813299182397015,0.36305629146672475,0.8762635417740118,0.3808867800900555,0.7236009864045658
SNRPB2,37.550074473311625,0.3446214192042433,0.3938727810255931,0.8749561680979687,0.381597755538438,0.7239034256226672
TERF2IP,56.19743845838919,-0.3160145690809733,0.3610609450871164,-0.8752388575416975,0.38144395451041413,0.7239034256226672
FGD2,26.994103061796626,0.40359382784383074,0.461348487809526,0.8748133753728916,0.38167545832105265,0.7239034256226672
ITPA,15.274126145719611,0.3273780263099716,0.37472090155605525,0.8736583012864,0.3823043658598728,0.7246978363827259
HTATIP2,10.923938335360535,0.40858619881048674,0.46849262915513346,0.8721294069179268,0.38313778518088526,0.724810162912869
IFNGR2,35.76430033144495,-0.32897651793278704,0.37805489259087494,-0.870181881996698,0.38420101558629594,0.724810162912869
CHMP5,25.923966538142462,0.3438679099089345,0.3950542051173673,0.8704322228560363,0.384064243643101,0.724810162912869
CARHSP1,17.932170010483418,0.3521115253805387,0.4036771288111398,0.8722602799359336,0.38306640114554713,0.724810162912869
TIPRL,13.8467298549046,0.38641682732833893,0.4440320821616866,0.8702452882394024,0.3841663712198661,0.724810162912869
RBM17,37.27914624774944,0.41208726986472793,0.4732278326381879,0.8708009999483574,0.38386281919179155,0.724810162912869
LUC7L,12.411755076765422,-0.4095321156227375,0.4697128899996213,-0.871877532726572,0.38327519163381296,0.724810162912869
FAM120A,12.379238017796595,-0.44968872078133637,0.5168336103455596,-0.8700841272313355,0.3842544312949674,0.724810162912869
COX8A,65.22047210644753,0.25770032449757574,0.2951418079527146,0.8731406989919319,0.38258639276576756,0.724810162912869
TOMM40,12.550903157324063,0.4428453155069961,0.5094035803470315,0.8693407989109684,0.3846607535552937,0.7251801091616193
LDHA,62.37256795521341,0.34940897068119775,0.40215116706227333,0.8688498238949325,0.38492927708859404,0.7252900087141723
NCF1,92.39838428237547,0.41353805691252177,0.4770495490031533,0.8668660473040052,0.38601540859412964,0.7269394976254079
STX7,46.54370873300211,0.2376469681525675,0.2742806168432855,0.8664373402964557,0.3862503743504596,0.7269851563061024
COPE,43.271160404200195,0.2928764137628365,0.3385891032712027,0.8649906654800074,0.38704391219341094,0.7280815142133412
SLTM,41.044848466691256,0.29883713324445516,0.346180018673861,0.8632420045190188,0.3880044234520229,0.729490605400261
SPCS2,54.271003371009,0.3169879986323519,0.36773715343602287,0.8619961177991224,0.3886896541648971,0.7301934076975729
MT-ATP6,2179.5280668520127,-0.4038373304408547,0.46901726021089807,-0.8610287183445346,0.38922222627723924,0.7301934076975729
MRPL14,21.531808180071057,0.30594159455012254,0.355273629419497,0.8611435502545433,0.3891589858739857,0.7301934076975729
ELP2,15.038134041476786,-0.34528627682623775,0.4010181868726719,-0.861023983772263,0.38922483384227147,0.7301934076975729
ACTR2,50.56294345819215,-0.27022832912780753,0.31412698539380346,-0.8602518780391866,0.38965021317457893,0.7303346815783265
GNB2L1,846.4864321058533,0.1920659362725302,0.2233016195590144,0.8601188681561299,0.38972352138715916,0.7303346815783265
PSIP1,35.98454516787895,0.40098112754041176,0.4671281069139283,0.8583964903963601,0.39067356488327376,0.7309612517264348
NAA38,25.63914233431504,0.32730047144673197,0.381136499148592,0.8587486954880403,0.3904791783045676,0.7309612517264348
DNAJC4,23.975750487318177,0.3643575573429227,0.42524095079731045,0.8568261280099349,0.3915409835334642,0.7309612517264348
SERINC1,20.073335213346624,-0.38452071813267424,0.44874389607961995,-0.8568823364328265,0.3915099156164681,0.7309612517264348
ELMSAN1,18.503123013475445,-0.44570472040287595,0.5196436449979395,-0.8577122508726981,0.3910513736002691,0.7309612517264348
INO80D,9.266105510419006,-0.3986194139225037,0.4649156059064439,-0.8574016635671268,0.3912229402326356,0.7309612517264348
APEX1,34.34996881816106,0.29361296645524987,0.3422108920287606,0.8579883729433532,0.39089888373743553,0.7309612517264348
SMC4,18.36986949869849,0.493872926416156,0.5778120254201541,0.8547294010660959,0.3927009699995351,0.7319385988646115
RAB18,12.347384831993464,-0.3365053811769551,0.39347744861027273,-0.8552088114972335,0.39243555898068605,0.7319385988646115
TNFRSF14,35.97997208580943,0.308421730518073,0.3607213822612237,0.8550137188560759,0.392543552966387,0.7319385988646115
LAT2,51.04083111389488,0.32146785082013807,0.37628005563793715,0.854331357730689,0.3929214172508496,0.7319540440148116
CDK2AP2,37.29909641327953,-0.3420500379582535,0.4007896482250962,-0.853440300848657,0.3934151806235311,0.7324783449277832
SCP2,28.642855807385114,0.28713908958604045,0.33663193813448755,0.8529763728815467,0.3936724067863152,0.7325619220133697
CHMP1B,62.21138145282513,-0.4874244957401797,0.5722982439056576,-0.8516966475621944,0.39438248179109536,0.7331136569439958
SEC61B,79.59451229731164,0.302492983109195,0.3551737433585907,0.8516760846361097,0.39439389776465394,0.7331136569439958
FBXO21,10.767771604936602,-0.34177617627681456,0.4025000789788864,-0.8491331905918528,0.3958071835942275,0.7333699158969307
CBX3,31.975504942668284,-0.3430039504190953,0.4030917072870296,-0.8509327882919021,0.39480668976403654,0.7333699158969307
NUDCD2,15.01787967330836,0.3498811227442018,0.4117275871937177,0.8497879025521378,0.39544301664437964,0.7333699158969307
HSPB11,19.504319353728295,0.28409725529189755,0.33450469277904255,0.8493072337240971,0.3957103567456086,0.7333699158969307
NDUFB2,58.85113352788744,0.2556565717437924,0.3005477724646873,0.8506353903316007,0.394971923828072,0.7333699158969307
SARS,15.876320976065438,0.37658807516035164,0.44293965205990826,0.8502017676877967,0.395212919129459,0.7333699158969307
PRKAR2A,14.657702052003975,-0.33793542916096714,0.3985320083882078,-0.8479505335786884,0.39646551988266543,0.7338741941703238
NDUFAF4,12.272931054043687,-0.3198382817279521,0.3772211479360066,-0.8478800392766177,0.3965047820097054,0.7338741941703238
RGS19,52.1598751378782,0.29519664129218065,0.3490222294381249,0.8457817766146425,0.3976744933499613,0.7350299885875063
POLR2F,21.403198843162905,0.3436142729494511,0.40618138330979353,0.8459626341057029,0.3975735894950385,0.7350299885875063
TNFRSF13C,50.11843246840923,0.44939688363920605,0.5314447956418132,0.8456134810699955,0.3977684025196737,0.7350299885875063
ARPC1B,87.15225796779491,0.37853754987922583,0.44868401194882146,0.8436617748759973,0.39885843359125017,0.7357229468668497
CDV3,16.407405657103116,-0.5499231333764416,0.6520702732402281,-0.8433494915261155,0.39903301108231315,0.7357229468668497
DDX6,38.896101110991395,-0.30022636226899396,0.3560331822930539,-0.8432538796956153,0.39908647068844594,0.7357229468668497
ZFAND2B,11.910805505504447,-0.3718870532016012,0.4411275765715101,-0.843037418091035,0.3992075171606705,0.7357229468668497
SLC44A2,19.32351334453979,-0.4153417775914075,0.49267525253937694,-0.8430335712025873,0.399209668560795,0.7357229468668497
NAPA,26.184207347200395,0.49951517581211513,0.593006410014534,0.8423436363864473,0.3995956324152955,0.7360410741232084
RIC3,31.88064595764584,-0.3400663268809469,0.4042809073496528,-0.8411634601058016,0.40025636765142725,0.736416979110699
SDF2,19.83199368315839,-0.31321402237724544,0.3726065430832209,-0.840602582513667,0.40057061147778195,0.736416979110699
RABGAP1L,26.76528857864269,-0.2925422158581267,0.3480761530521001,-0.8404546341166294,0.400653527475589,0.736416979110699
MFF,25.105495443579137,0.27230098702975947,0.3238246644887924,0.8408902004411212,0.4004094487868364,0.736416979110699
HNRNPA2B1,274.54640045976356,-0.21466876766827617,0.25589728833338177,-0.8388864495844393,0.4015330324217884,0.7376405547684611
TMEM9B,19.729120677562225,0.27888357492552446,0.33281499480860255,0.837953755917478,0.4020566760310582,0.7376887909617771
CCT5,26.857042675109604,0.3437550586712588,0.41024818868057344,0.8379197474992695,0.40207577716564535,0.7376887909617771
LINC00926,76.62584030151497,-0.26081909307525286,0.31135245222501834,-0.8376972502106892,0.40220075820263845,0.7376887909617771
C10orf54,12.71677201933654,-0.4280496868979713,0.5117499758648635,-0.8364430035869805,0.4029057285916604,0.7379302402774659
NBN,16.756997578501018,0.3051819775116469,0.36480734904693235,0.8365565504887494,0.40284187717997044,0.7379302402774659
HNRNPDL,132.85143227836477,-0.2083225329957066,0.2490938484368189,-0.8363214680050451,0.40297407903847704,0.7379302402774659
TMEM18,11.657476159692187,0.364059409398063,0.4358073004003558,0.8353678542411259,0.4035106233846897,0.7381291891183348
SLC35C2,10.68721572067061,0.3598625038181681,0.43060808858706906,0.8357077197480554,0.40331935130399554,0.7381291891183348
PRPF8,19.789137354046627,0.3071553409876865,0.3681459241663874,0.8343304130914794,0.40409481826308014,0.7383556619005461
R3HDM2,10.055554475098528,-0.554396515553497,0.6643515549739816,-0.8344926890029017,0.4040034054758984,0.7383556619005461
EIF4G1,11.542133079915372,0.39812570630495975,0.47736437451605734,0.83400799799644,0.4042764769072845,0.7383556619005461
RPS20,599.2015315566472,0.9630630112591576,1.1562006853624287,0.8329548870292105,0.404870172586963,0.739048727738107
DUSP12,8.225771786530952,-0.3475325761581364,0.4182367355110633,-0.8309470370494114,0.40600354982517906,0.739423189791917
UPF3B,16.837586423862767,0.32171553183915713,0.38680145527013077,0.8317329923551617,0.40555967373057367,0.739423189791917
GOLGA8B,8.447472945081484,-0.43580392271897517,0.5245672096075048,-0.8307875801940715,0.4060936400612415,0.739423189791917
PDIA3,47.50364229506172,0.3001074466348211,0.3612734864544498,0.8306932500917401,0.40614694047990807,0.739423189791917
PKIG,48.9974298150552,0.3130316030509951,0.37651864170431987,0.8313840760554396,0.40575669189160146,0.739423189791917
KANSL1,9.393495689232104,-0.4135853236723816,0.4983522724421219,-0.8299055638808489,0.4065921788882235,0.7398433634833181
TAF11,9.968408505096146,0.3945596209647567,0.47585689751473736,0.8291560404512938,0.4070161161774326,0.7402243546716618
USP8,33.24619102457121,0.39939559622731746,0.4830827397087619,0.8267643684974187,0.40837062948331704,0.742264299605603
SNRPA,23.02440242307508,0.43550150569707546,0.5272180669380232,0.8260367635471616,0.4087832374639553,0.742264299605603
ISG20L2,21.159003417970048,-0.31486123860386406,0.381016963355054,-0.826370657703389,0.40859386298868927,0.742264299605603
CYB5R4,15.531610999026435,-0.31411928810870415,0.38121279394658353,-0.8239998580759053,0.4099396386026699,0.7423887849678888
CWC25,23.068274420759643,-0.3373437663671997,0.40957563526108426,-0.823642173324494,0.4101429055503757,0.7423887849678888
NOA1,10.296615332254722,-0.48655690464143775,0.5901309271879632,-0.824489756806906,0.4096613336147551,0.7423887849678888
UBE2E2,17.247756989515032,-0.30059601865468977,0.36456597090015774,-0.8245312032620092,0.409637793588029,0.7423887849678888
ZCCHC7,29.31380426765176,0.2991266375001574,0.3627834136245251,0.824532286389886,0.4096371784229428,0.7423887849678888
GTF2E2,18.951059363397913,-0.3448907187765471,0.41863348711404313,-0.8238488544099503,0.41002544444434896,0.7423887849678888
GLTSCR2,196.34753379435807,-0.3358073755751083,0.4083461426934814,-0.8223596122644823,0.41087225835837426,0.7433189781522765
PPM1G,30.877851632188822,0.41743544000333793,0.5091526640176641,0.8198630185088372,0.4122942009680787,0.7440467593746511
AFF3,29.724881883186118,-0.31499128907527507,0.38434558970349947,-0.8195522402592749,0.4124714096409853,0.7440467593746511
TMEM70,17.135310734658113,-0.3419159722155929,0.4163259651077825,-0.8212698723392723,0.4114925645676146,0.7440467593746511
ANP32E,21.702307802381245,0.2786897981207079,0.34012196878590534,0.8193819385308015,0.4125685364300602,0.7440467593746511
TMEM170A,16.1324241030703,-0.3926937921127344,0.4791518972709715,-0.8195601318691157,0.4124669092124337,0.7440467593746511
SAP30BP,17.680827198326295,-0.3051440280616719,0.37188778337610495,-0.8205271635746839,0.41191565055872137,0.7440467593746511
LAP3,20.038116884917475,0.4738637296819992,0.5793072025655649,0.8179834940484244,0.41336661235693617,0.745096558323631
TXNL1,27.196003293788003,0.2671460495786949,0.3267595006784176,0.8175616899402977,0.4136075103663108,0.7451414677617609
RAB1B,17.54905988395327,0.5901561371483725,0.7237898374499107,0.8153694713753338,0.4148608536813224,0.7467265020254543
HVCN1,70.55960594892561,0.34377202203096274,0.42166866240623796,0.8152657588288381,0.4149202041689264,0.7467265020254543
SFSWAP,13.690419026721978,0.3247449664482817,0.3997781544901505,0.8123129360643506,0.41661208961530394,0.7474319860492972
PRPF18,9.527394341622259,-0.372205700689426,0.458080230194377,-0.8125338666798348,0.41648536181897244,0.7474319860492972
FAM96B,43.55008849319072,0.2562576282523514,0.3154091452792541,0.8124609957820605,0.41652715871007495,0.7474319860492972
NDUFA2,34.09102591879779,0.25897559922502017,0.3187323908264814,0.812517355244284,0.41649483214105687,0.7474319860492972
SMAGP,10.378138869721232,-0.42158893047433726,0.5188575299455663,-0.8125331254584787,0.4164857869522073,0.7474319860492972
TMEM165,29.399443801616354,-0.31928463208800933,0.39227699602718685,-0.8139264736948308,0.41568707353927203,0.7474319860492972
PCIF1,13.72417763851898,-0.42488203726270635,0.5247623470070701,-0.8096656318540741,0.4181323757765718,0.7482140541645087
FAM50A,9.706085579444771,0.42795193544618665,0.5281993463824659,0.8102091348221951,0.4178199882378463,0.7482140541645087
MLX,10.470578238973284,0.3812026908558702,0.47020039003597175,0.8107238933313242,0.41752424887523076,0.7482140541645087
RNF149,15.974701361466055,-0.4242984913530074,0.5237885193488109,-0.8100568753979328,0.4179074880554322,0.7482140541645087
SIT1,23.597651207153465,0.37942713153892654,0.4684405021228181,0.8099793459777448,0.4179520464896873,0.7482140541645087
CASP1,13.298727175175676,0.3411217998750103,0.4217868300656484,0.8087540329837158,0.41865664137185965,0.7487638220492047
PMVK,14.363666892286314,0.3099957690777714,0.383541900738993,0.8082448579424674,0.4189496390887557,0.7488996139151333
PHPT1,26.808284924779493,0.33048734727585527,0.40912369674085486,0.8077932173290636,0.4192096303506354,0.7489762945156355
KIAA1033,22.05384226785715,-0.2908122692224071,0.36031796297312235,-0.8070990045092479,0.41960944561432045,0.7493025814541437
ERP44,20.936696961070467,-0.308639760245365,0.3831612735848564,-0.8055087544670988,0.42052615653644976,0.7502518071160416
CPNE5,22.926900935841985,0.364602538877791,0.4527833586001869,0.8052472158097563,0.420677034888819,0.7502518071160416
NEK8,9.075326928496546,0.4209660357025191,0.5229095975910873,0.8050455329980621,0.42079340486073635,0.7502518071160416
ATP5E,273.4257733492753,0.2291547564854719,0.28547402016755025,0.8027166757625668,0.4221385122360495,0.7522612950487452
TMEM14C,20.91619637736947,0.2838236350907101,0.3539254305659009,0.8019306062209118,0.4225931005885376,0.7526826004287325
USP11,11.325166132078198,0.34122717929578555,0.42657398759309617,0.7999249584371705,0.4237542762855515,0.7533060499156232
SYNE1,8.364770102761039,0.375455136323632,0.46952784788980645,0.79964402113961,0.4239170746708486,0.7533060499156232
IFNAR2,9.884300498445647,-0.395231545770248,0.49370393837497306,-0.8005436356678721,0.42339589234314257,0.7533060499156232
NT5C3A,38.85175640803266,0.26033404335649707,0.32591948228992285,0.7987679703200927,0.4244249660613011,0.7533060499156232
AHCY,10.833324274337519,0.4581006092257653,0.5735648229280095,0.7986902106150666,0.4244700645138354,0.7533060499156232
RPL4,524.1238976051912,0.265053133126345,0.33139858157860613,0.7998016523298719,0.4238257255732034,0.7533060499156232
G2E3,8.787290149997684,-0.3621318758327719,0.45340866587296064,-0.7986875926501076,0.42447158290897724,0.7533060499156232
GLMN,7.8419290769928125,-0.37777388998146566,0.4738556114046069,-0.7972341803902353,0.42531503843968255,0.7544148496745011
RPL23,379.254421102915,0.5401856694170971,0.6796812246487023,0.7947632652296607,0.4267512232540587,0.7552144805389951
HIF1A,29.918887809727018,-0.3299293457147173,0.4147281922532097,-0.7955315116684448,0.42630438820035366,0.7552144805389951
SHARPIN,11.886037320067857,0.4810142350466608,0.6049309978365313,0.7951555413211671,0.4265230296691077,0.7552144805389951
PPP3CA,23.73441585239152,-0.2854199729024303,0.35921054860178975,-0.7945756994426088,0.42686035856551896,0.7552144805389951
PTK2B,17.30563968409562,0.38558771795204394,0.48521473069977406,0.794674385495163,0.42680293597476193,0.7552144805389951
TUBA4A,50.633470507641896,-0.2415887784027949,0.3047627798805378,-0.7927109028782777,0.42794627656891804,0.7567476443684097
BIRC3,166.29344718721057,-0.43703163670612094,0.5517687827273746,-0.7920557494135282,0.428328170337969,0.757034932205939
KIAA1551,59.91205834574212,-0.35366990461916825,0.4472640634087973,-0.7907407134919211,0.42909531262946576,0.7580024723869211
BLVRB,7.471275180855896,-0.411892650821733,0.5215396693375337,-0.789762840753656,0.42966628409400265,0.7586226612713967
FIS1,29.892051017440348,0.29420511184684217,0.3731047409926732,0.7885322257339517,0.43038545645222637,0.7594343005725948
ARF1,77.25708454999258,-0.20049996953759264,0.25436957366882096,-0.7882230828386558,0.4305662295420276,0.7594343005725948
UTP11L,7.559324038057103,-0.3429863080786272,0.43809900742313307,-0.7828967933436966,0.4336877207145061,0.7596049679945721
ARHGAP15,45.240631851223114,-0.2458106767597679,0.31400051142335683,-0.7828352751577186,0.4337238499314475,0.7596049679945721
PPDPF,158.8009488496334,0.3684425583106035,0.47066696667632874,0.782809469108072,0.4337390061689119,0.7596049679945721
UQCRC2,26.41088896017296,0.2509996891369749,0.31915633177736313,0.7864474683587575,0.4316053833421182,0.7596049679945721
SDAD1,11.117046548917777,0.34135454196280346,0.4340529389048488,0.7864352740568212,0.4316125249105489,0.7596049679945721
PDCD4,38.175712424168395,-0.2980759037898565,0.3794672872682232,-0.785511462491796,0.43215375239692067,0.7596049679945721
ZDHHC6,13.614425871228523,-0.33196083078877076,0.42290756529780343,-0.7849489061634788,0.4324835261060752,0.7596049679945721
LMO4,19.623652440986643,-0.32299511098991585,0.4113886319568475,-0.7851337783777077,0.4323751368961315,0.7596049679945721
SETX,23.72913244378896,-0.29501734912074,0.3768752075394199,-0.7827985052316878,0.4337454454925528,0.7596049679945721
HSD17B12,11.823764218605298,0.3240564651846358,0.41371802809443103,0.7832785694092839,0.43346354510681584,0.7596049679945721
ARHGAP25,28.54453011317552,-0.2622462388198517,0.3335375745064965,-0.7862569583288247,0.4317169629813127,0.7596049679945721
ROMO1,24.031404490986983,0.3545236652161305,0.4502351085286387,0.7874189695572793,0.4310366457298894,0.7596049679945721
ARID4A,23.878191623693645,-0.36228090127917545,0.4622523940092388,-0.7837296376921191,0.43319876808751845,0.7596049679945721
SYNCRIP,22.52211586651041,0.37874763426927777,0.4831679798160758,0.7838839701535126,0.4331081964411825,0.7596049679945721
VPS29,34.834039907899026,-0.22855296785414142,0.29241709852445735,-0.7815991917279268,0.4344501620647222,0.7600674742004522
C12orf65,12.198647277945478,0.2922820640201226,0.37392465138688546,0.781660323640202,0.4344142249666685,0.7600674742004522
DYNLRB1,33.439934435397404,0.2758392692201235,0.3530870519671666,0.7812217063280293,0.4346721092373217,0.760070337997344
RPLP0,1063.1124590087013,0.30161484224911217,0.38802463426452666,0.7773084892427045,0.4369767876976539,0.7622038076648142
ZNF821,9.580833571060474,-0.38284597071729565,0.4917371050107927,-0.7785582312501981,0.43623999182724627,0.7622038076648142
ARHGAP24,73.94821071425301,-0.2558142965864379,0.32864647958734683,-0.7783874542263222,0.4363406325943431,0.7622038076648142
YIPF6,9.660459436141808,-0.34174664281134587,0.43967305345351965,-0.7772744773122056,0.4369968497278268,0.7622038076648142
CIB1,76.17275651583171,0.20970486937455804,0.2695775180493258,0.7779019218367736,0.4366268352267957,0.7622038076648142
DAP,14.409152009637191,-0.31579766439441476,0.40664870448106255,-0.7765859350207799,0.43740310231767543,0.7623834311984495
TTC37,11.204474378942516,0.3855434860186418,0.4966097924412086,0.7763509537808491,0.4375417952965015,0.7623834311984495
DCLRE1C,11.011103366087335,0.383515085053155,0.49436603580029254,0.775771507911766,0.4378839097613154,0.7625943910532752
PJA2,22.83802614237326,-0.33222671084953137,0.4290226203311913,-0.7743804058468137,0.438705867359627,0.7632552911703041
CTBP1,7.405471588441695,0.3868635708863601,0.4995229447730051,0.7744660679444063,0.43865522676947577,0.7632552911703041
IMMT,11.967181284688534,0.3169983488917591,0.40985900529223257,0.7734326800157456,0.43926635557463845,0.7638452251675921
NPC2,49.43206449957701,0.24668814277798493,0.31911345645150996,0.7730421196307959,0.43949745388335215,0.7638620735000328
MRPL42,19.403841858165368,-0.3111360801366217,0.4028569643842569,-0.7723239453292681,0.4399225866038632,0.7642159737076174
RPL21,1728.2568166102405,0.4623353337746513,0.5998195955129517,0.7707906464430742,0.4408310322930751,0.7654086871721737
HHEX,24.629732578834957,-0.37631922033920473,0.4900995266087959,-0.7678424481311279,0.4425807925222237,0.7670036402742574
WIPF2,12.518262525199834,-0.3926592213298586,0.513193961282512,-0.7651282964214394,0.4441951516718743,0.7670036402742574
TPT1,1748.9648824407443,-0.21899497727076384,0.2861316160699401,-0.7653644860316107,0.44405453429787844,0.7670036402742574
BCCIP,13.976073083520665,0.3032000309725629,0.39553137216004547,0.7665637982563815,0.443340906443218,0.7670036402742574
TRAPPC2P1,13.260461317010126,-0.3206934525081826,0.41774816944358706,-0.7676717122072014,0.4426822460904678,0.7670036402742574
SOX4,9.086290538630118,-0.4996986666909323,0.6505488169362673,-0.7681186310417756,0.44241670910216213,0.7670036402742574
NIN,24.375007386155467,-0.24787228774774228,0.3236654649886194,-0.765828655078965,0.4437782616034356,0.7670036402742574
ARHGAP30,26.060957092982683,0.3397869420460476,0.44250061534451035,0.7678790271997821,0.4425590584805251,0.7670036402742574
NME3,15.8573662720738,-0.31428835194827404,0.4100778665227915,-0.7664114003841423,0.4434315515275168,0.7670036402742574
TRAF3IP3,50.19362451128518,0.2646370086567475,0.34541603060673315,0.7661399159497753,0.4435930546149458,0.7670036402742574
RQCD1,7.534197458783292,-0.33853546183505756,0.4422201589044237,-0.7655360232192054,0.44395242419398007,0.7670036402742574
KPNA3,7.203663901442383,0.34631335481980263,0.45326568777878884,0.7640405266873342,0.4448430920799309,0.7677382029393505
ZNF593,21.460628260462766,0.30698624055831497,0.4020165428510172,0.7636159407302815,0.4450961469478061,0.7677908534849656
AIDA,16.815062606348295,0.3717195641694627,0.4873143283455466,0.7627921908872798,0.44558733905473313,0.7682540328529881
PSAP,44.5050256409334,0.2920575603039937,0.38314268892762576,0.7622683891513908,0.4458998363040868,0.7684088088157339
LINC01588,8.196133031179652,0.48000627576838467,0.6300172112285034,0.7618939089495594,0.4461233256496352,0.7684101215632758
SMS,18.17619203028108,0.31946952667347245,0.4203134769978324,0.7600744305306204,0.4472100956700673,0.7698976197912836
ADSS,16.70457942979852,-0.2750238073739252,0.3620813256364704,-0.7595636336408276,0.44751546385040764,0.7700390774483323
SSBP1,47.57078408500159,0.27688341581930637,0.3654026715592039,0.7577487450702579,0.4486014115422784,0.7707544172414644
MAP4,14.256735574355165,0.34376236193220705,0.45364991543407907,0.7577701444147188,0.4485885984273753,0.7707544172414644
NCOA4,10.270558173484677,-0.3000905327589405,0.395794315856368,-0.7581981871307167,0.4483323463491259,0.7707544172414644
MTERF4,18.87988951612399,0.2981366670984389,0.3940608398875097,0.756575221185506,0.44930439113112997,0.7713317451769921
C12orf57,64.72626621014946,0.2891267825410089,0.3829746556673629,0.7549501729747184,0.45027887964824986,0.7713317451769921
DBI,108.10128252279279,-0.27845058263510686,0.3683138404189436,-0.7560144422440911,0.449640536761422,0.7713317451769921
SHFM1,42.30186343841389,0.21015950965099928,0.2778407939755216,0.7564026385179233,0.4494078265297976,0.7713317451769921
FAM96A,44.10014271699868,0.3000286679486009,0.3971744292836169,0.7554078153766401,0.45000432534036916,0.7713317451769921
DCP2,18.448486117806162,-0.2545084769702365,0.3369818910478931,-0.7552586169506207,0.4500938238212273,0.7713317451769921
GABARAPL2,50.815306039957576,-0.30278624196982346,0.401305799859236,-0.7545025316754213,0.45054752576188895,0.771408915076187
DSCR3,8.226706532998827,-0.32944647114999676,0.43769897050051554,-0.7526781951834833,0.4516433159372657,0.7717530658660557
MTG1,12.357542639235657,0.5468705641879273,0.7261289805023627,0.7531314392789862,0.45137093362634817,0.7717530658660557
WDFY2,12.918323339972364,0.3627050734108015,0.4817867771199413,0.7528331839636722,0.4515501631693467,0.7717530658660557
PHF20,42.235297223620286,-0.2837345768848176,0.37668656094466385,-0.7532378542341968,0.45130699579573264,0.7717530658660557
UBXN1,95.56605038382212,-0.19009799499403554,0.25282121820736886,-0.7519068072764109,0.45210710414628485,0.7721631234181597
CHMP1A,9.658552749514637,0.38173884527595686,0.5081035000137937,0.7513013495588864,0.452471317205983,0.7724027928553396
MAX,22.665993187987446,0.2889007882392987,0.38545133626662015,0.749513002179511,0.45354806485978394,0.7729412647091186
TRADD,14.201980304409267,0.42854989874372307,0.5725894718654595,0.7484418065661166,0.45419371369004236,0.7729412647091186
ABCG1,11.026075446804821,-0.386026016450413,0.5161197385174299,-0.7479388747256303,0.45449702779079626,0.7729412647091186
SMIM20,11.806037039081716,0.31217227962673555,0.4183036063132829,0.7462815880983305,0.45549733128784087,0.7729412647091186
SF3A2,24.266282316511727,0.5355204059229176,0.7180903051918688,0.7457563513266346,0.4558146115989442,0.7729412647091186
VRK2,14.295710937436624,-0.3438601456999467,0.46067337072666437,-0.7464293956421729,0.45540806745174545,0.7729412647091186
EIF1B,69.95506212009056,-0.2762008009926059,0.368775138559136,-0.748968062412686,0.45387645528565146,0.7729412647091186
PSMG2,30.44299217710094,0.25722158837785813,0.3431823399619102,0.749518720591529,0.45354461955358816,0.7729412647091186
MCTS1,20.337416488761004,0.29158709971289026,0.39128403424885533,0.7452057180729278,0.4561473666515262,0.7729412647091186
PSENEN,8.926923761193876,0.4386918190846606,0.5859919616668334,0.7486311208720633,0.45407956934224425,0.7729412647091186
SLC25A6,292.3981615711168,0.20961509655931929,0.28062354125275135,0.7469619106920314,0.4550865529649345,0.7729412647091186
ZNF106,13.836839602034654,0.2906201992098167,0.3898457586103296,0.7454748263666662,0.45598472383888067,0.7729412647091186
SEC11C,31.095448812672192,0.3288347995516492,0.4406717423871965,0.7462125839299183,0.45553900761214683,0.7729412647091186
ATP6V1C1,7.764049946071674,-0.36416207461562194,0.4873670528215229,-0.7472028987338637,0.4549410945991468,0.7729412647091186
RASSF1,21.10935293288673,-0.2573195069663378,0.34309220926257145,-0.7500010201904904,0.4532540903188823,0.7729412647091186
GNL2,12.074699315166296,-0.33452978190786353,0.4494897146219842,-0.7442434632552143,0.45672919796775946,0.7735472425079873
ZNF326,11.737741362240019,0.31391185518410053,0.42224075509003084,0.7434428140816671,0.45721363148058924,0.7739877471089465
RPS9,1145.7063711991298,0.19825837362248952,0.26684351368728915,0.7429761768720607,0.4574961038021135,0.7740861001065676
NSUN6,8.18116109919914,0.3898581422431212,0.5256277077814039,0.7417001358026849,0.4582690375190852,0.774254740176711
POLR2K,33.00417641745146,0.25558184591482236,0.34430265353208267,0.7423173864415392,0.4578950601434407,0.774254740176711
COX6A1,78.38623518322053,0.21202468431288118,0.28578001217164506,0.7419157228726515,0.4581383990135043,0.774254740176711
CYB5B,24.15949432170554,-0.2694939299176306,0.36380543520111663,-0.7407638914703149,0.45883661238510065,0.774723809319702
EEF1G,10.476923799232843,-0.4601002193585054,0.6213360218795345,-0.7405014406966256,0.4589957873186872,0.774723809319702
GPR137,8.965313118971922,-0.34847411825761826,0.471081603335119,-0.7397319610668813,0.45946265073832826,0.7747537365822251
CLNK,7.999224408856018,-0.423665016402976,0.5726331546473383,-0.7398541508898383,0.4593884972193034,0.7747537365822251
MKKS,8.294181175537133,0.3207221910825939,0.4339243387677832,0.739120077922686,0.45983408598424,0.7750012685127641
MZT2A,26.226596061199906,-0.35220466543364826,0.4768805966353542,-0.7385594379780581,0.4601745622560972,0.7751964061443044
RARRES3,23.35713118675377,0.30761337344145223,0.41726639562013584,0.7372109919953684,0.46099404996685134,0.7761978879383294
CCNG1,17.702041364746957,-0.3316387199560526,0.45079106400333885,-0.7356816637199274,0.46192445116424663,0.7770060246302539
NEK6,15.047001901449814,-0.3211106075158207,0.43626319242247164,-0.7360479020308028,0.46170154644781414,0.7770060246302539
RHBDF2,18.319036660841782,-0.235981111429512,0.3210806359268741,-0.7349590259415599,0.46236444852610115,0.777367128369907
EPB41L4A-AS1,29.251722312353543,-0.24283135654641835,0.33168630669785054,-0.7321114910167981,0.464100520690801,0.7799058920522471
TIAL1,24.875394477665843,-0.2663451007656905,0.3643019236375685,-0.7311108821667055,0.46471142791653164,0.7800001119895753
PNO1,9.525911945941068,-0.35298740808901696,0.4831786687404116,-0.7305525490378384,0.4650525044643242,0.7800001119895753
LRCH3,9.020266421888113,0.2982194020011912,0.40763894413652807,0.7315773095058119,0.4644266018216876,0.7800001119895753
CYBB,32.33569189687445,-0.27527717762362935,0.3768139307255327,-0.7305387491741603,0.4650609363369729,0.7800001119895753
RPS6,1861.7967323767382,0.25694196603857705,0.35233746120406323,0.7292496380047536,0.4658489725874908,0.7805628729610701
CFLAR,31.184572736323496,0.24503503901212703,0.335850123709316,0.7295963934919049,0.465636927366042,0.7805628729610701
KMT2C,17.30853049229513,-0.254137737800134,0.3488078504532505,-0.7285895012681062,0.4662528024915097,0.7808602760173341
RBM4B,10.13294176227299,-0.35079888361391215,0.48282435092857257,-0.7265559057641817,0.4674980483129457,0.7814412612410219
RPSA,926.5387193325445,0.16384360423320335,0.22579402927117942,0.7256330238760503,0.468063770603907,0.7814412612410219
CNDP2,21.287063208364966,0.26525760753601363,0.3648797358470899,0.7269727021704903,0.4672426783482926,0.7814412612410219
TAPBPL,8.869152912308966,0.3692397317399664,0.5079709212990092,0.7268914740153386,0.4672924405374739,0.7814412612410219
RAB11A,29.185077577967085,-0.24467782862248513,0.3371945594432929,-0.7256280440184072,0.46806682426160195,0.7814412612410219
RNF146,10.032970881827843,-0.3185674910366621,0.4391399863874381,-0.7254349430971676,0.46818524260440353,0.7814412612410219
ADD1,17.969555558601417,0.337780013519674,0.46534571842782513,0.7258689618137392,0.4679191056813943,0.7814412612410219
RALB,9.259376814255242,0.34112985455592876,0.47245794730625873,0.7220322073126227,0.47027467620397034,0.7826092691551454
S1PR4,17.191519145627133,-0.3814565700142389,0.5292486497292093,-0.7207511444940136,0.47106263908144985,0.7826092691551454
SLC4A7,14.580219071312266,-0.3442561691272877,0.4777065304586131,-0.7206436319737791,0.47112880156526105,0.7826092691551454
CD82,72.93574893253307,0.3189094580600273,0.44182397246891547,0.7218020703538538,0.4704161763958662,0.7826092691551454
C1orf35,9.738937785767144,0.3328963607479329,0.45992743196823493,0.723801925280518,0.46918734719726574,0.7826092691551454
ITGB7,15.199143400386621,0.3681809140741311,0.5108913959194016,0.7206637594895325,0.4711164148370405,0.7826092691551454
DEF6,21.893574230634265,-0.3251595468541564,0.45146311892580343,-0.7202350163792567,0.4713803076244615,0.7826092691551454
PSMC2,9.682246616914277,0.3783765718702737,0.5243389715636999,0.7216258801856122,0.47052452317800464,0.7826092691551454
CAPZA1,44.18834781114663,-0.2456870988621318,0.3409811227170778,-0.7205299135166074,0.4711987887197814,0.7826092691551454
PLEKHB2,14.698372425029664,0.2820453748197195,0.39154042048859067,0.7203480408683327,0.47131073276992164,0.7826092691551454
HADH,7.159043674234899,0.3657652722824377,0.506179539871886,0.7225998750858498,0.46992574501009243,0.7826092691551454
KAT5,11.167686602448615,-0.29819682721138646,0.4146784668775825,-0.7191037177713338,0.47207701680917313,0.7833889889329713
ST6GALNAC4,9.256291507573454,0.40473952055759255,0.5646939035474732,0.71674143817557,0.47353365213380183,0.7842972154880539
SF3A1,19.135832562717866,-0.28183670769649255,0.3929080796295973,-0.7173095243095687,0.47318313172865434,0.7842972154880539
EIF3H,119.05860171807785,0.18924218535588652,0.2639761254367518,0.7168912909937705,0.4734411761110866,0.7842972154880539
RPS11,684.1879962802495,0.3944672515730569,0.5499136375565129,0.7173258210613457,0.47317307841661815,0.7842972154880539
CCNB1IP1,17.84301673562206,-0.23888195035567908,0.3343080895160281,-0.714556296563162,0.4748832579168263,0.7843814994802204
ERP29,116.45958169790194,0.20724697398088016,0.2898068188834525,0.7151211099150353,0.47453421084795555,0.7843814994802204
NOP10,48.96034659382678,0.22464320809934263,0.31458990121258656,0.7140827065123689,0.4751760388155538,0.7843814994802204
TFAM,17.281666163256343,0.2860734093305048,0.39961909091406494,0.7158652222449069,0.47407457460283187,0.7843814994802204
SUMF2,17.71534128709986,0.26863810416616524,0.3755536050262405,0.7153122765188077,0.47441610437788495,0.7843814994802204
NUBP1,10.242420368162993,0.30466235812570197,0.42657646496132073,0.7142033917725088,0.4751014198652418,0.7843814994802204
TM2D3,21.405695103805257,0.28586269598194675,0.3992436312308252,0.7160106602093133,0.473984766543998,0.7843814994802204
PKN2,15.991328523371967,-0.2875035986571622,0.40283058941057687,-0.7137084576368405,0.4754074754716099,0.7843882306920392
C1orf50,7.871550518555081,0.339005192147715,0.4756373572814834,0.712738785038474,0.476007411570776,0.7850026624852663
CKAP2,12.004446008751396,0.3071685613115754,0.43158283371158546,0.7117256232597226,0.4766346974999549,0.7852863927291521
METTL9,22.69066010399255,-0.36623139989407416,0.5143586967049821,-0.712015568590904,0.4764551353899178,0.7852863927291521
BTF3L4,24.677340060724852,-0.2564896567204613,0.3605814036181913,-0.7113224757204907,0.47688442691821653,0.7853228032782086
KMT5B,9.624942946257658,-0.33843599912099126,0.47648056101843506,-0.7102829093334139,0.4775287159038546,0.7860086211203714
GOLGA4,35.670134916278066,0.30731299341191576,0.4345108222530683,0.7072620005605527,0.4794036752290717,0.7874099978666427
RPL35,779.8619822669131,0.2973644892911354,0.4218057964807791,0.7049796180425077,0.4808229203159483,0.7874099978666427
SETD2,19.568792595494564,-0.29406416774699823,0.41638998571763947,-0.7062229588451431,0.48004949488757265,0.7874099978666427
SMIM15,11.35693635073046,0.2917916973002215,0.41395733120951406,0.7048835116596557,0.48088273194598263,0.7874099978666427
NOP2,10.39170839709713,-0.31710702502185895,0.4500119455016975,-0.7046635721376929,0.48101962614835714,0.7874099978666427
LSM14A,32.118978155063836,-0.22655080917273376,0.3217422911536465,-0.7041374895429756,0.4813471552176085,0.7874099978666427
UQCRQ,40.428288624863136,0.2761406951282317,0.3898403216669398,0.7083430824894316,0.4787322289517162,0.7874099978666427
CHMP4B,11.578195241938745,0.3332857786172674,0.47315869123284243,0.7043847757480094,0.4811931843881685,0.7874099978666427
CREBZF,14.10138233530505,-0.311147256610558,0.4412811273849702,-0.7050998497361877,0.480748100049077,0.7874099978666427
DHRSX,7.272640911454647,-0.3171848669911258,0.4486430549961286,-0.7069871325520972,0.4795744741703377,0.7874099978666427
VPREB3,103.55826545337678,0.3290363708415516,0.46690700045076633,0.7047150086074737,0.4809876092896397,0.7874099978666427
ARID4B,66.44426944920664,-0.23401980130147687,0.3321648410103918,-0.7045291144891387,0.4811033253896029,0.7874099978666427
SLC25A36,16.29008414229185,-0.2936432804881283,0.41577813475145514,-0.706249934628388,0.4800327220086069,0.7874099978666427
ZNHIT3,15.897722868779951,0.24229900322232054,0.3443593052285754,0.7036226393286794,0.481667808711419,0.7875611090305192
MANF,15.825247873086733,0.3555117803856857,0.5058230276899652,0.7028382673862567,0.48215654615658954,0.7879867760493766
LAGE3,16.17331563465277,0.3171796361567466,0.45215544144313213,0.701483620642523,0.4830012529748676,0.7886201243555576
N4BP2L2,114.36552528320313,-0.25793489690190535,0.367535405616676,-0.7017960527343605,0.48280636078084516,0.7886201243555576
LRRK2,8.56205319119925,-0.30989287494676915,0.4453070100675998,-0.6959083686998906,0.48648621603964415,0.7889829013035459
CCNDBP1,30.510279418457817,-0.32249043219818807,0.46383096189804424,-0.6952757764995331,0.48688249184789834,0.7889829013035459
PPIE,10.128787565283377,0.30547336375402134,0.43704617957728203,0.698949854794475,0.4845833693753062,0.7889829013035459
A1BG,12.039755951527143,-0.30700926021153047,0.4387675068636144,-0.6997082860717866,0.4841095006881475,0.7889829013035459
PPIG,64.68915924375531,0.2587366881586874,0.3695079659326736,0.7002195135512469,0.48379022703953034,0.7889829013035459
CD320,7.344147941033154,-0.3522055028070683,0.505005087482659,-0.697429613160407,0.48553397446339863,0.7889829013035459
CNN2,81.11539057409945,0.31879084690094356,0.45844086697043235,0.695380516592349,0.48681686728853435,0.7889829013035459
DECR1,19.400409496652095,0.2832523793275864,0.4052171068795104,0.699013873103364,0.48454336095486306,0.7889829013035459
CXCR4,703.2878088965351,-0.37276919922054247,0.5350826104200118,-0.6966572861112758,0.4860172959076404,0.7889829013035459
TKT,31.73827445073377,0.32362539079784897,0.4637272991288203,0.6978786700843936,0.4852530747674846,0.7889829013035459
JAK1,75.6369108737726,0.2787762735539289,0.4001493435602049,0.696680571992455,0.48600271982415744,0.7889829013035459
SLC25A19,9.853228767646709,-0.339740784985918,0.48802125687038767,-0.6961598090309187,0.4863287542806759,0.7889829013035459
CEP164,7.748290188256997,0.4233614494442971,0.6082669595160414,0.6960125695157573,0.4864209580739115,0.7889829013035459
METTL23,17.41456362546142,0.23911625101320635,0.3419002261341788,0.6993743575921625,0.4843181085961411,0.7889829013035459
NUTM2B-AS1,20.957675568715167,-0.29213612791507904,0.41941780059515216,-0.6965277284381804,0.48609839844281455,0.7889829013035459
FAM3C,24.47288910776962,0.2803983034919517,0.40307751994528124,0.6956436159724722,0.4866520443231731,0.7889829013035459
TPD52L2,8.796236588508812,-0.33649329224876745,0.48434049901779597,-0.6947453143628276,0.48721492453501036,0.7891509341060027
OSTF1,36.439026451151115,-0.20517652173655826,0.2957286136835082,-0.6938000323368786,0.48780762234790576,0.789740167574038
CDC73,14.786374344312216,-0.2510853029363843,0.3620953111981448,-0.6934232373944939,0.48804398356465806,0.7897522248114777
SNX10,24.866531374697377,-0.24012173042864768,0.3468066895085809,-0.6923791774861553,0.488699238734709,0.7900747716357823
CHRAC1,15.36558805956418,-0.2607154407680997,0.3765518938559326,-0.6923758584729056,0.4887013225132636,0.7900747716357823
POLD4,67.8587088748715,0.5350754310736751,0.7788161207464102,0.6870369228629521,0.4920594612769402,0.7933787028585952
PAK1,7.613936319096166,-0.35725465994006417,0.518946562630185,-0.6884228274475599,0.49118655276791234,0.7933787028585952
MT-ND5,359.0083854110222,-0.2896125547234323,0.421114214798622,-0.68772923009005,0.49162330931604237,0.7933787028585952
BAG5,10.201829677318532,-0.3078039945312204,0.44841911361742265,-0.6864203268414408,0.49244809005891743,0.7933787028585952
DRAM2,50.14926980656443,-0.21291477889030405,0.31034991600755396,-0.6860474835286299,0.4926831659532174,0.7933787028585952
ZBTB8OS,17.54922513209949,0.264571170588542,0.38576280998304874,0.6858389760282175,0.4928146551379622,0.7933787028585952
XRCC5,43.624990357447274,0.2472741717289266,0.35980920203848094,0.687236930928968,0.4919334353362649,0.7933787028585952
DBF4,14.699671703730067,-0.26577411555860975,0.38616764633631423,-0.6882350659877563,0.4913047651202824,0.7933787028585952
POLR2A,24.351256292173957,-0.3505057437406672,0.5109880637821119,-0.6859372431253595,0.4927526835110386,0.7933787028585952
PLGRKT,9.492510279572901,0.3063455991161433,0.44842694301644204,0.6831560946258993,0.4945082127583076,0.7947628309308415
LINC00657,12.087139663368806,-0.2708988249791185,0.39629035775504534,-0.6835867178644963,0.49423617416178234,0.7947628309308415
SERTAD2,11.978164404724762,-0.2864012475834589,0.419317679675732,-0.6830173433300967,0.49459588348072947,0.7947628309308415
RRP8,8.103296363862864,-0.2947086908554367,0.43083810023339375,-0.6840358146036459,0.4939525505529375,0.7947628309308415
PAFAH1B1,28.060444792313113,-0.21130822484986175,0.30984151602549626,-0.6819880936564796,0.4952464795595126,0.7950676381946573
ASH1L,39.25034225984514,-0.3210352566426598,0.47070438861096203,-0.6820315773771041,0.49521898394364483,0.7950676381946573
GPR132,8.99628563884325,-0.31156662085786374,0.4572145250061566,-0.6814451506186694,0.4955898618156537,0.7951720685520189
HERC4,9.538770244679288,-0.3240596396477261,0.4757492020475229,-0.681156454394548,0.4957724983928674,0.7951720685520189
VPS51,20.857638845734648,0.30463146610405734,0.448249442956136,0.6796025536474954,0.4967561523032815,0.796379519259443
AP1M1,12.092726461701895,0.3298759568945393,0.4859307531123378,0.6788538382922193,0.49723047697182354,0.7967696913854116
SREK1IP1,10.653688244367878,0.325933331358258,0.480406027581107,0.6784538757753839,0.497483959259561,0.7968057843293804
C9orf78,25.448405345909503,0.22616317131573577,0.3336727564426969,0.6777993316771601,0.4978989348716354,0.7971003829731518
ANKRD36C,8.309937651308339,0.5139453577242005,0.7590970322785602,0.6770483032735685,0.4983753076008942,0.7974929551127481
THEMIS2,16.9978085011314,-0.38464486485793525,0.5687774679891215,-0.6762660029726986,0.4988717735331749,0.7979173012004883
RPS13,1481.1969982320957,-0.17953185256304605,0.26562303044543734,-0.6758896329959777,0.49911072027185954,0.7979295574318421
TMEM50A,31.61522346486735,0.22691811841283555,0.3359358271677642,0.675480553312684,0.4993705024316216,0.7979750965211184
RP5-1171I10.5,45.90498432194648,0.34991193882864974,0.5198918450804438,0.6730475619876423,0.5009170328797792,0.7989080307547194
SEPT7,89.30901143617712,0.19152531215684632,0.2845303533620909,0.6731278750886476,0.5008659413938642,0.7989080307547194
NUDT16L1,9.595695037216922,-0.289764085024748,0.4299379448770839,-0.6739672282417162,0.5003321489836501,0.7989080307547194
LINC01215,10.54441347335726,-0.33642433367182534,0.4996725729680526,-0.6732895737572036,0.5007630845469271,0.7989080307547194
AQR,8.707273704018586,0.3246101949292349,0.4825189222960724,0.6727408603678653,0.5011121676965834,0.7989080307547194
RPL30,2096.2180811565354,-0.16684549390531547,0.24881742031770826,-0.6705539093375172,0.5025047527677895,0.7990618826449649
ATG16L2,11.817421478286985,-0.3694632471260238,0.5508751423064996,-0.6706841873080187,0.5024217383670784,0.7990618826449649
DDB1,9.536877588301298,0.2983260522823441,0.4453447567108117,0.6698766467706829,0.5029364279506188,0.7990618826449649
SRPK2,20.82324357816835,-0.25371425946157633,0.3779146557526009,-0.6713533217078211,0.5019954736780081,0.7990618826449649
PLEKHJ1,27.950848844167304,0.24873072895097337,0.3712588598771651,0.6699657727583082,0.5028796094269466,0.7990618826449649
CAT,17.90829574140248,0.29030222476151446,0.4332598308911892,0.6700418641727768,0.5028311032316299,0.7990618826449649
CLEC2D,41.97108468680369,0.33328322575770497,0.4971059163302313,0.6704471115896,0.50257281074985,0.7990618826449649
PPCS,26.686539931995572,0.2396514758118251,0.35785949016576707,0.6696803700827221,0.5030615678564823,0.7990618826449649
MED10,35.95927489462582,-0.2156844042649353,0.32267927849765676,-0.6684172757207325,0.5038672709296539,0.7991620874054518
GIT2,16.531435329584305,0.2305691536732725,0.34528426455497435,0.6677661780227534,0.5042828592120778,0.7991620874054518
LRRC58,8.883995895084174,0.29071372797488687,0.43525298813145297,0.6679189710400952,0.5041853169274673,0.7991620874054518
RP11-796E2.4,29.971097807500474,-0.32196722653779913,0.48162643762651447,-0.6684999023817587,0.5038145441960612,0.7991620874054518
LRRC59,14.847848996776767,0.2754876391892784,0.4118115768363047,0.6689652615054696,0.5035176379480062,0.7991620874054518
TBRG1,36.83807393124353,-0.31455880560942745,0.47359396467137344,-0.6641951314301474,0.5065654290986787,0.800065427971049
SMU1,13.528266731011204,-0.24713813085370406,0.37136386448071246,-0.6654878260686015,0.5057385275031172,0.800065427971049
SLC35B3,7.344975654605969,0.3281850613237299,0.49509292285096795,0.6628756869193212,0.5074101743371928,0.800065427971049
PPP2R5C,29.243798820026505,-0.3770639213132103,0.5696592509508681,-0.6619113455698646,0.5080280401912768,0.800065427971049
RNF181,28.150496793760805,0.23860845196238034,0.35966734115796556,0.6634142849728014,0.5070652594886582,0.800065427971049
MMADHC,29.17097426666288,0.20611854519057518,0.3110828473281461,0.6625840896111858,0.507596962837374,0.800065427971049
CLASRP,12.855782110331,-0.28500415691682157,0.4295337594077914,-0.6635198064751969,0.5069976986075957,0.800065427971049
DLD,9.265112456273314,0.2671896682895651,0.40329672353814194,0.6625138581476612,0.5076419564026114,0.800065427971049
DDX18,40.346448990146925,0.33178085553205106,0.5013311371409831,0.6617998184276922,0.5080995225172662,0.800065427971049
COX4I1,273.5384340481643,0.18612566329865646,0.2806943472553079,0.6630901730606078,0.5072728039834496,0.800065427971049
CFAP20,8.531909865416397,-0.3255278467137507,0.49089444861665577,-0.6631320595111446,0.5072459795580095,0.800065427971049
SUMO2,176.57961291310266,0.17582506178058402,0.2638810228765216,0.6663043058721893,0.5052166139206681,0.800065427971049
FBXO7,21.378822905522018,0.27799657633803426,0.4173815596079014,0.6660490142381738,0.5053797719977857,0.800065427971049
PIP5K1A,7.461784938401253,-0.30810477166295874,0.4648809474932054,-0.6627605913392739,0.5074838968057835,0.800065427971049
CLK3,9.504798281432844,-0.29152357452029853,0.4429695865483734,-0.6581119412550538,0.5104662032679566,0.8007401617487938
LTB,341.53427341038457,-0.321284365256444,0.4886333315734097,-0.657516269350479,0.5108490133359697,0.8007401617487938
TOMM7,223.75190697069903,-0.21319824588182076,0.3231599461452809,-0.6597297976586946,0.509427241104708,0.8007401617487938
SRSF8,19.799066002577796,-0.26897166056099514,0.4084033817273469,-0.6585931277634782,0.5101570770832166,0.8007401617487938
COTL1,152.50355328913457,0.3507757425470707,0.5321000762864775,0.6592288897891766,0.5097487979465496,0.8007401617487938
MZT1,17.582970199214365,-0.2457058961788636,0.373616499373452,-0.6576419847381147,0.510768209534163,0.8007401617487938
NSMCE3,12.607466311472058,-0.4434647508640037,0.6716547632590858,-0.6602569878491884,0.509088927131951,0.8007401617487938
TTC5,7.3847909795504805,0.36791550344521456,0.5586848108858151,0.6585385825361372,0.5101921133728672,0.8007401617487938
TNRC6A,9.19149075299975,-0.37461464141407974,0.5684544027214358,-0.6590056117441229,0.5098921650796657,0.8007401617487938
PRDX1,153.8854175528316,-0.2389818511550044,0.36177666154009736,-0.6605784080643824,0.5088827197799468,0.8007401617487938
PIH1D1,17.5087559598187,0.24066901533479962,0.36693354861449967,0.6558926438957111,0.5118932015940649,0.8020125093095022
ABTB1,8.46649782406787,0.3389502037471098,0.5176761774606454,0.6547533352022509,0.5126265797381517,0.8022175763950475
CNTRL,28.81913868874139,0.26142072342982636,0.39924916052333703,0.6547808969395333,0.5126088316617249,0.8022175763950475
PTP4A2,22.20882249758028,-0.2980915247780337,0.4553757101186291,-0.6546056764871767,0.5127216683916174,0.8022175763950475
GBP2,11.353508133088985,0.3716396419323385,0.5680682966554494,0.6542164808710478,0.5129723450262332,0.8022459611697663
PTPN1,49.245953183636416,-0.26131756914745063,0.3997740911276157,-0.6536630935996125,0.513328885613916,0.8024398075976484
HPS1,23.56250546874033,-0.28096611742618666,0.4310003690481658,-0.651892985722218,0.5144702101712275,0.803495801308617
STARD3NL,11.337193832488657,-0.2858057034561746,0.4381878894883178,-0.6522446427944792,0.5142433648798542,0.803495801308617
SSU72,32.16931414571461,0.257857611580398,0.39649776212882687,0.6503381259857325,0.5154738349205359,0.8036081023388381
NT5DC1,13.832342418861623,0.2567506748672165,0.39472239619007404,0.6504588473960854,0.5153958757645376,0.8036081023388381
CD9,8.479666211526558,0.5182559432809427,0.7964335258854,0.6507209031724204,0.5152266671396014,0.8036081023388381
KIF5B,35.920594283640845,-0.19733945373599124,0.30340540015638967,-0.6504151001738039,0.5154241260239123,0.8036081023388381
FOXN3,15.934614400583389,-0.23825885863737628,0.36835468342289107,-0.6468191375317529,0.5177490049888818,0.8043348967669401
ARID1B,12.601530190666264,-0.360613002403808,0.5564589852778639,-0.6480495633002286,0.5169528940605244,0.8043348967669401
SRFBP1,12.384231437315899,-0.2891145417396688,0.4458479461506208,-0.6484599609257754,0.5166874993920323,0.8043348967669401
MDM4,31.20624489192536,0.3747551792643618,0.5786016238257543,0.6476911986289537,0.5171846979549986,0.8043348967669401
NUDT21,18.110539082560386,0.2624990637980894,0.4058851401489692,0.6467323827173033,0.5178051610780794,0.8043348967669401
PARVB,14.823885067794302,0.35444267200250484,0.5466323936508898,0.6484113933227161,0.5167189032559021,0.8043348967669401
FNIP1,25.083987646385772,-0.35030525438568927,0.5397387661316615,-0.6490274117168701,0.5163206584006488,0.8043348967669401
NT5C,38.88210533795781,-0.2771058094396673,0.4280911643589938,-0.6473056033627654,0.5174341757318002,0.8043348967669401
RNPS1,53.92474345188759,0.16612003553606444,0.25720182297524785,0.6458742539785622,0.518360794505281,0.8048356170311519
LUC7L2,19.96574909637433,-0.23958203866448097,0.3713634058810586,-0.6451417529847165,0.5188353283965439,0.8051162067422541
JADE2,7.714402599206108,-0.3193911190835096,0.495882397960636,-0.6440864212906855,0.5195193950489997,0.8051162067422541
SYS1,14.161231668537582,-0.361723121818299,0.561860677834385,-0.6437950475774729,0.5197083456275362,0.8051162067422541
TMUB2,12.903953211661957,0.24114647704493133,0.37403691479442297,0.644713041699292,0.5191131631894663,0.8051162067422541
ALDOA,119.55841371565059,0.20967748145289244,0.3254534853763536,0.6442625163790209,0.5194052177611206,0.8051162067422541
SF3B1,46.79587826344773,-0.2198967384724381,0.34211763947975576,-0.6427518288937865,0.5203851446497634,0.8058028496596426
MIER1,23.91580049285733,-0.2597123333468204,0.404296884778673,-0.6423802485863738,0.520626320924941,0.8058146286186839
MRFAP1,31.172397636537756,-0.24974920306219608,0.3891009558673717,-0.6418622192933527,0.5209626468120896,0.8059736015702732
SRP72,20.783529372693845,0.2267542306332073,0.35375691119473235,0.6409888357160209,0.5215299365147672,0.8064895925486091
BTG1,1141.121745661129,-0.3099045606607199,0.4839927336481671,-0.6403082920786193,0.5219721909183874,0.8065763273749315
FNBP4,39.952731548314276,0.23274909090965434,0.36356647274614384,0.64018304314922,0.5220536055154267,0.8065763273749315
EXOSC3,11.219888328810141,0.2574192055291225,0.4041189173740653,0.6369887537109458,0.5241321691311637,0.807257135492194
TGFBR2,23.354973213365078,0.30591621842790684,0.47975478698163015,0.6376512058432475,0.5237007549696434,0.807257135492194
LMAN1,20.502509218713335,-0.23068034039447835,0.3619919190046461,-0.6372527348919014,0.5239602326624619,0.807257135492194
RP1-313I6.12,28.149244574346397,-0.40249516180665085,0.6301184531298284,-0.63876110881603,0.5229783521206499,0.807257135492194
RPS17,531.9298515785845,0.770684342496548,1.2063021899608493,0.6388816574407121,0.5228999214182377,0.807257135492194
MTIF3,16.617699576153203,0.27275821805389955,0.42782140834542454,0.6375515874924931,0.523765618612793,0.807257135492194
AK2,19.45754252111557,0.2215173375231801,0.3470004422944018,0.6383776806118321,0.5232278562833137,0.807257135492194
EEF2,351.3347392464354,-0.20441459367642337,0.321557755985449,-0.6357010206454901,0.524971311043169,0.8080158925791393
BET1,9.048325568925303,0.30853545915862995,0.48548961926574075,0.635514019074727,0.5250932264238929,0.8080158925791393
RPL27A,957.2057922891338,0.45230011039483514,0.7121628179842149,0.6351077295429097,0.5253581561821696,0.8080631470479203
GPR18,34.17470419104604,-0.3468314306408093,0.546878234065532,-0.6342022941056541,0.5259488106024152,0.8086111392951569
BIRC6,16.5498768398566,-0.2704431228248079,0.42901226622127625,-0.6303855253530644,0.5284423787538721,0.8118343565536327
ATF1,9.877186247594166,0.2778485236560529,0.44184658100862884,0.6288348390561084,0.5294571890567169,0.8118343565536327
HMGA1,55.78028536069703,0.32953745411784247,0.5232895750494002,0.6297420583751034,0.5288633603657429,0.8118343565536327
FAM103A1,17.466849047823978,-0.24495933065506034,0.3891757830583937,-0.6294310728432595,0.5290668805962637,0.8118343565536327
RBFA,9.724504788452913,0.32944219676865977,0.5237466898039025,0.6290105564046755,0.529342145190989,0.8118343565536327
MRPS25,21.429590195670382,-0.2177183141901899,0.34614232109056836,-0.6289849605914666,0.529358902228984,0.8118343565536327
EIF4A1,36.8501349307857,-0.44893106935697996,0.7164242500576905,-0.6266274059271856,0.5309034993725189,0.8126073969987534
MBNL1,56.46210065439865,-0.18820108590682616,0.30031137022271337,-0.6266865146239875,0.5308647452459616,0.8126073969987534
SDHB,20.113860937568248,0.2682605750173615,0.42808525132838315,0.6266522244924982,0.530887227111295,0.8126073969987534
NARF,17.73151432562411,-0.22178228464098265,0.35370867406935363,-0.627019637628385,0.5306463627575535,0.8126073969987534
RPL19,2277.379034404252,0.13649497204291158,0.21852995872386985,0.6246053073912119,0.5322301354618956,0.8137163797891216
BANK1,141.02881353169795,-0.24171848207471172,0.3873023987656288,-0.6241078879064331,0.5325567340195922,0.8137163797891216
NDUFA5,31.355978852136047,-0.20851141278512889,0.3344022480448827,-0.6235347220427268,0.5329331923138978,0.8137163797891216
ASF1A,9.029117347538875,-0.29533085284641253,0.4731316998109031,-0.6242043240062918,0.532493407522552,0.8137163797891216
SEL1L3,26.248573169839396,0.2296368736423402,0.3684801704832633,0.6232000852072188,0.533153045734704,0.8137163797891216
BLOC1S1,26.721418586166685,0.3891233444674154,0.6243973898278168,0.6231982240904622,0.5331542686000736,0.8137163797891216
MAZ,7.906097881711942,-0.3448546051897833,0.5535312986384118,-0.6230083213687538,0.5332790535371605,0.8137163797891216
TMX2,9.688804074135119,0.2882289323569882,0.4634263666645009,0.621951949845902,0.5339734638971236,0.8140558773508955
PHYKPL,23.366819527470494,-0.2318788645842666,0.37272727468811834,-0.6221140236605774,0.5338668943276923,0.8140558773508955
ACAA1,12.552860842504977,0.3027711984131802,0.4876528093793113,0.6208745086459154,0.5346821946276011,0.814416587843366
MSN,39.71142945734036,0.17345167302323014,0.2793170832092299,0.6209848356940688,0.5346096007245811,0.814416587843366
UTP6,11.27175743591709,0.2670157871756528,0.4304174169299218,0.620364735888759,0.5350176836833442,0.8145679650077394
PDCD6IP,26.139905670585513,-0.20307361621928421,0.3283257958737007,-0.6185125225353963,0.5362375457384501,0.8157504561791316
JMJD1C,54.53381185941521,-0.21914655213190176,0.35433806056542905,-0.6184674369504712,0.5362672564099334,0.8157504561791316
ZC3H11A,15.361099371482926,-0.26683291784213875,0.4320065792359291,-0.6176593845262133,0.5367998903404246,0.8158412430283987
DDX50,12.601695316044822,0.27264308452509406,0.4412664352367729,0.6178649966404093,0.5366643343135619,0.8158412430283987
C15orf57,23.56228043020979,-0.1901481743139657,0.30814127651319095,-0.6170811533774697,0.5371811990522481,0.816061266724023
PSMB4,17.862333186267925,0.21951627208259789,0.3563629777923403,0.6159906773775875,0.5379006727189419,0.8167060519015011
MCOLN2,10.996295191296738,-0.3358411839683239,0.5456790937885017,-0.6154554715238765,0.5382539674475884,0.8167060519015011
IFI27L2,18.839487491388116,0.227648244104779,0.3701577606419733,0.6150032994309326,0.5385525414712797,0.8167060519015011
APPBP2,7.435758319318223,0.2853506225589028,0.4638949380066539,0.6151190693846499,0.5384760894339528,0.8167060519015011
COX14,30.25035259518114,0.1955228449276897,0.31829313371257645,0.6142854627340149,0.5390267071899111,0.8168149942215509
JCHAIN,70.78651863642537,-0.374961679125294,0.610510066490122,-0.6141777174633383,0.5390978961862236,0.8168149942215509
LPIN1,22.667781581177245,0.23647159707095322,0.3855710803573825,0.61330221356791,0.5396765300141134,0.8169741239792414
EIF4E,24.748057715750885,-0.23036180694734285,0.3755856931283881,-0.613340207473231,0.5396514128120078,0.8169741239792414
BAZ1A,50.13725038821741,0.18455957799151357,0.30147113455457136,0.6121965151463121,0.5404077469589006,0.8170055771289251
ENDOD1,7.68596115051858,0.3366348034741812,0.5497552373451965,0.6123357825562743,0.5403156198146224,0.8170055771289251
RERE,12.07600869031989,-0.28234400666789905,0.46098020514035315,-0.6124861838306803,0.5402161363022613,0.8170055771289251
RNF145,15.047934363382558,-0.2725728630055009,0.4470269335615585,-0.6097459516227691,0.5420301097087498,0.8187407524059487
C12orf10,12.44736965465713,0.2920575588440725,0.47893996981630205,0.6097999274441251,0.5419943495881774,0.8187407524059487
FBXO22,8.314992061358128,0.3095187116402869,0.5079874533325672,0.6093038511280955,0.5423230549083047,0.8188247437346395
SRSF10,57.952910055761095,-0.20336213589805396,0.33473178550579114,-0.6075375709861759,0.5434942168927043,0.8197627378457595
AKAP9,42.313986333340324,0.2617440302987512,0.43052583239132325,0.6079635891879327,0.5432116231491099,0.8197627378457595
SP100,88.4516683717584,0.2100620068367925,0.34597259042396866,0.6071637252516857,0.5437422629581032,0.8197627378457595
ATXN2L,11.241892751768317,-0.238844319430541,0.3935260581331571,-0.6069339361250721,0.5438947556315779,0.8197627378457595
RAB11B,25.889288880614043,0.2411022105518741,0.39823905404753984,0.6054208096905848,0.5448994275913466,0.8209183516114174
ITPR2,14.867349105872671,-0.3190907407820002,0.5277998002013563,-0.6045677559185637,0.5454662364694421,0.8214135817632368
BFAR,20.1075723774885,0.21975703260424037,0.36541475505353005,0.6013906925352478,0.547579796434551,0.8216729047628691
RPS8,2317.9620293944067,0.17653636986175938,0.2925309887456826,0.6034792095658441,0.5461899422258275,0.8216729047628691
TUSC2,13.522208581144133,0.2907648266574148,0.48422317870612075,0.6004768863695443,0.5481884604349081,0.8216729047628691
HPS3,7.743155061535319,-0.27867205313035004,0.4641600701651247,-0.600379203302026,0.5482535445142047,0.8216729047628691
UBA52,632.675711453096,0.1948711800346793,0.32458399672984184,0.6003721132218195,0.5482582686272826,0.8216729047628691
CMTM7,20.25389299727868,-0.25773541668031036,0.42749040202781213,-0.6029033996032087,0.5465729542731674,0.8216729047628691
ATP6V0B,51.521271740898555,-0.16900393781928308,0.28146581693763223,-0.60044214128045,0.5482116098861187,0.8216729047628691
RPL13A,1651.517154091529,0.6776546183345341,1.1251575957861177,0.6022752909214241,0.5469909055608276,0.8216729047628691
YWHAE,41.8005157993266,-0.22878044378607607,0.37885201330241963,-0.6038781258988625,0.5459246727021977,0.8216729047628691
TMPO,22.186856188930186,0.23756800823605873,0.39486568540511036,0.601642576240392,0.5474120816193481,0.8216729047628691
ATP5B,67.38845733072984,0.19637910756739735,0.32668328803102814,0.6011299468393541,0.5477534387016453,0.8216729047628691
GUSB,8.821646427318477,0.26523650833390966,0.4432432294551551,0.5983994581483953,0.5495734272339325,0.822336517021703
DPM3,11.133862383928115,-0.24279656507763955,0.406553839825728,-0.5972064245702756,0.5503695703777136,0.822336517021703
GLRX3,17.181679808302754,0.23302407948943507,0.3897135698926723,0.5979367861211767,0.5498821132184956,0.822336517021703
PDHA1,7.837564214266908,0.2618106451082393,0.4371679998737777,0.5988787953002763,0.5492537127195181,0.822336517021703
RHOF,22.40331578145148,0.2701323893821741,0.45221099469245196,0.5973591808971623,0.5502676003126357,0.822336517021703
C19orf48,14.900716320002754,0.23154863220683072,0.38692136930843385,0.5984384698645373,0.5495474032639951,0.822336517021703
MED17,13.443072195073867,-0.2821288238171233,0.47230797928110896,-0.597340794975656,0.5502798730506333,0.822336517021703
RAB1A,16.953258323466905,-0.28120790341662094,0.4718780982427166,-0.5959333659770284,0.551219742145717,0.8232502642436033
TMEM131,13.780301125329256,-0.23307171884746633,0.39147300776244937,-0.595371109184869,0.551595432964959,0.8234548869446597
SEPW1,42.84418497271999,-0.2303032087411902,0.3872827728710879,-0.5946642217877572,0.552067942065624,0.8238038062830462
RPL24,747.0239852545025,-0.12543897070292848,0.21144021955700704,-0.593259744838226,0.5530073345845534,0.8244923527729946
DMTF1,9.24174883895649,0.2659335782032581,0.4481082185624541,0.5934583816748146,0.552874427619438,0.8244923527729946
TMEM183A,15.342842066093272,0.2293991961214118,0.388132950467085,0.5910325208033725,0.554498631231602,0.8263586512954761
RALBP1,8.636633555142144,0.3192758225132675,0.5407312433668591,0.5904519600630047,0.5548876839553769,0.8265813944931133
ITFG1,10.387656247420853,-0.22852282807614602,0.3880759967089519,-0.5888610221042166,0.5559545068171332,0.8276345131335227
SPSB3,20.484952887105443,-0.21262420554313474,0.36118669979661844,-0.5886822678212179,0.5560744352010161,0.8276345131335227
YEATS4,9.79048108878246,0.3125080786966919,0.5325542760376978,0.5868098196897596,0.5573314410486195,0.829147680732099
PNKP,21.602792844921368,0.2000822046167801,0.3423126610919969,0.5845013268819987,0.5588830728056005,0.8298429312419948
WBP11,21.1313221228345,-0.2043918459054735,0.3495718059114008,-0.5846920216365411,0.5587548196592784,0.8298429312419948
C17orf62,32.13921813384623,0.20394457447886102,0.3484368605218444,0.5853128574669706,0.558337371071611,0.8298429312419948
CEP57,19.94317819559666,0.2268101106037861,0.38770420415590906,0.5850081277751067,0.5585422516717717,0.8298429312419948
NDUFS5,64.46159507249538,0.19493836925404442,0.3336127208022753,0.5843253482218982,0.5590014412192452,0.8298429312419948
SLC50A1,16.49676726790649,-0.23453884457883495,0.40164443968971125,-0.5839464496509076,0.5592563408380089,0.82986424769511
RASGRP2,34.43994192466869,0.20896551319583742,0.3591101101613028,0.581898162382495,0.5606352783580755,0.8311954062463947
TCF12,10.200469359230016,-0.22413204660704422,0.384982906719005,-0.5821870080341928,0.5604407234692839,0.8311954062463947
LEPROT,9.132994906753375,0.26761261204314046,0.46103858935556413,0.580455992669089,0.5616071553026696,0.8314430410564593
EEF1D,444.5855477170182,0.14842583742326318,0.2554353133266375,0.5810701562374184,0.5611931714154884,0.8314430410564593
ACO2,13.944514054624102,0.23135904705704444,0.4002220065921563,0.5780767755052746,0.563212286072158,0.8314430410564593
SS18L2,33.24279618808562,-0.1892959257895613,0.3272969396565937,-0.5783614291907963,0.563020128969047,0.8314430410564593
ATP6V0E2,8.92631314692449,0.33464810749451585,0.578546453544647,0.578429105293428,0.5629744484817436,0.8314430410564593
TCIRG1,22.05206120257893,-0.29339090959928216,0.5064672516403997,-0.5792890036799352,0.5623941840296964,0.8314430410564593
GABPB1,22.360097092314323,0.2921231544823654,0.5052348637160738,0.5781927880704002,0.5631339673063859,0.8314430410564593
MAGOH,31.81854712937611,0.180854175405787,0.312732541047316,0.5783030278848532,0.5630595505267149,0.8314430410564593
HMGN1,123.48856659129615,0.16372158679291937,0.2829082542511127,0.5787091197685528,0.5627854613673542,0.8314430410564593
SAR1A,16.47917859350659,-0.30957083238665023,0.5353010972283734,-0.578311596948921,0.5630537662259097,0.8314430410564593
FMNL3,7.4925595485533565,0.26419650684205054,0.45762170582749706,0.5773251213342595,0.5637198465022866,0.8318363859849823
SUMO1,44.3575436771122,0.17188929418840176,0.29938130424780857,0.5741483911972101,0.5658673894400417,0.8346483512476032
RAD21,31.94361775880795,0.23958066151052315,0.41785434916981906,0.5733592625911758,0.5664014670734732,0.834722367109561
XIST,70.97835008156264,-0.35063580008755685,0.6112337966318343,-0.5736525074688499,0.566202972420061,0.834722367109561
ISCU,59.06670578665468,0.13887872564604786,0.24251278319852362,0.5726655882397762,0.5668711414459795,0.8350578300549228
RAP2B,7.762722307212438,-0.2501059601045224,0.43853759710487145,-0.5703181705643183,0.5684619189152241,0.8365103024455776
NDUFA13,23.84466720728966,-0.38105044037634545,0.6683484866804739,-0.570137357935725,0.5685845389086607,0.8365103024455776
MT-CO1,3708.7944094874365,-0.18982665640694674,0.33288346005349745,-0.5702495893801388,0.5685084264812391,0.8365103024455776
MIA3,15.134883381111067,0.22555922019444122,0.3969708721948173,0.568200933603375,0.569898537605424,0.8380860847138588
DHRS7,23.664654541437784,-0.21794867971339923,0.38388318460965054,-0.5677473993423784,0.5702065013702284,0.8381816914048947
TPP1,18.02945163911445,0.1996744924422518,0.35249130306133253,0.5664664367832898,0.5710767426848435,0.8383892605373235
MYO1G,15.412534062684177,0.231121456395715,0.4079558691168155,0.5665354365315796,0.5710298505552802,0.8383892605373235
CHMP7,11.91484626469969,0.23744795216266815,0.4191086828015269,0.5665546000513523,0.5710168273800759,0.8383892605373235
CCDC12,34.532650135441074,0.22700812605690965,0.40110458266010873,0.5659574481832177,0.5714227072225755,0.8385403402458041
CCL5,20.879183076998068,0.32938291185325536,0.5840576319658257,0.5639561814210282,0.5727839536810618,0.8385499686054148
MALAT1,17712.474942363002,0.3418567344087047,0.6061576777929241,0.56397328109979,0.5727723160929288,0.8385499686054148
TOR1AIP1,11.590859860434009,-0.24223842373594484,0.4294249758996729,-0.564099522223736,0.572686403202923,0.8385499686054148
TXN,42.702643816169385,0.2291131022930955,0.40637021769287457,0.5638038722273049,0.5728876162327428,0.8385499686054148
YAF2,10.437910177352773,0.27226819998352053,0.48287766978617613,0.56384508338123,0.5728595667954062,0.8385499686054148
STX12,15.85207683911259,-0.22283934180466308,0.3942501766854601,-0.5652231881748739,0.5719219665369007,0.8385499686054148
MFSD1,10.562160240757711,-0.24890321464079823,0.4420731019771316,-0.5630363248241101,0.5734101490382688,0.8389588694580269
TRPT1,10.833458518001972,-0.2685918445729432,0.47913550196002,-0.560575961234772,0.5750866427618152,0.8392761918478269
SP140,54.83384048944747,0.15826564867023019,0.2816328807839153,0.5619572836442367,0.5741451232526953,0.8392761918478269
AREG,87.33235905375264,-0.33310550767450264,0.5926690144920265,-0.5620430620284842,0.5740866801549406,0.8392761918478269
EPN1,18.64227820673704,0.2982229280429226,0.5318303237681511,0.5607482588242402,0.5749691636202992,0.8392761918478269
MEF2C,129.88840650583586,-0.1982648644265468,0.353389332412365,-0.5610380570152422,0.5747715936374149,0.8392761918478269
HNRNPU,65.54247428890467,-0.2596829507000705,0.46237880843934015,-0.5616238157120009,0.5743723505983156,0.8392761918478269
SCAMP3,14.936714468835783,0.31591882416787537,0.5659600496212476,0.5581998665441049,0.5767079119958765,0.8409308099686279
HIBCH,11.823100000366164,-0.2815647287384328,0.5041607168317275,-0.5584820858472597,0.5765152339265338,0.8409308099686279
CNPY3,64.7321153702764,0.21463628543695024,0.3862376771094779,0.5557103777219338,0.578408861049782,0.8416818818598758
SSPN,19.12305151083904,-0.31648825231729144,0.5691213622744874,-0.5560997588501151,0.5781426599470513,0.8416818818598758
SAFB2,26.017620163773152,-0.2298457760429604,0.4145007027017188,-0.5545123917639314,0.5792282274333918,0.8416818818598758
B2M,4137.802293980412,-0.1253163759725651,0.22616588592593945,-0.5540905316445528,0.5795168896995191,0.8416818818598758
FAU,1275.593226640245,-0.12277992672378917,0.22089537603628137,-0.5558284149126913,0.5783281586278213,0.8416818818598758
TAF7,68.4957636822035,-0.227977131159618,0.41132837323779814,-0.5542460622521154,0.579410458374523,0.8416818818598758
EP300,11.924937660243534,-0.2606673030774116,0.4698011191175386,-0.5548460667080611,0.578999954630325,0.8416818818598758
ADPGK,18.787535721443998,-0.20576528463430196,0.37072182923753,-0.5550395698508043,0.5788675951397318,0.8416818818598758
SYTL1,28.871096344386082,0.23723390153326568,0.4269919319270646,0.5555934053896553,0.57848884064683,0.8416818818598758
MARCH1,64.61701850771593,-0.21297072279056195,0.3845086771641011,-0.5538775466949217,0.5796626525504536,0.8416818818598758
SYNGR2,159.74340875166354,0.3069408511661733,0.5558831251241978,0.5521679599422905,0.5808332838272929,0.8427694048025443
HCST,26.321829377728058,0.26018743003552,0.47129401504665835,0.5520703037354745,0.5809001868465073,0.8427694048025443
C9orf142,31.620015380704366,-0.2731667486018316,0.496055936009561,-0.5506773103035029,0.5818549013172827,0.8437996677362863
AGGF1,9.875129833419273,0.30933810082234,0.5624799185123639,0.5499540350533251,0.5823509007672119,0.844164120860034
ARHGAP17,16.97579445035521,-0.26108708541053505,0.47537849864333315,-0.5492193823566752,0.5828549045242284,0.8445398658582898
POP5,13.4986495151116,0.2055180882073025,0.3748791207247406,0.5482249526460199,0.5835374505949886,0.8451738894008022
CALCOCO2,17.968489795915794,0.19720923266857765,0.3603157502825387,0.5473233754392852,0.5841565872636509,0.8457155795466201
LSM1,19.0334267690813,-0.19064995525792103,0.34893681607914506,-0.5463738604603942,0.5848089744444329,0.8459500888189909
HADHA,34.730642230371714,0.16215279547557154,0.29663313431816424,0.5466442440703502,0.5846231663666024,0.8459500888189909
ZNF581,25.777637439084135,-0.20659036574432213,0.378591426978993,-0.5456815739142061,0.5852848400405999,0.8461601645462024
BACH2,25.967663811323717,-0.3270657754580729,0.5996266537268568,-0.5454490280331311,0.5854447283396478,0.8461601645462024
TRAPPC6A,15.910192480492237,0.2914892135916239,0.5352608215423906,0.5445741624647173,0.586046428978466,0.8466751172427588
CBWD5,8.007713018961903,-0.3074158778268473,0.5722266723923223,-0.5372274531378031,0.591110510165042,0.8469394824998333
BRD4,26.75046130648592,-0.24779016540780055,0.46167211079038395,-0.5367232709456569,0.5914587791286554,0.8469394824998333
COA6,13.107011680516234,0.2310440419584342,0.43063728983603344,0.5365165707001476,0.5916015866659687,0.8469394824998333
CAPZA2,23.66490094369653,0.19102303679801277,0.3537532938315367,0.5399894223712336,0.5892043271658518,0.8469394824998333
PTPN11,9.182399205211185,-0.25786408089993934,0.48092865480465746,-0.5361794900839877,0.5918345069247424,0.8469394824998333
YWHAH,25.788130112210133,-0.2526388581954869,0.470342482011227,-0.5371380809897934,0.5911722380068891,0.8469394824998333
TMEM154,30.80934750638566,0.17961085419207984,0.33309924793663087,0.5392112269981744,0.5897411144993725,0.8469394824998333
SMARCA2,16.785899301858304,0.1944292247892414,0.35977165233452213,0.5404239703923578,0.588904680660801,0.8469394824998333
DEGS1,18.798245269821855,-0.1836618837787141,0.34022519597070083,-0.5398244631903468,0.5893180946721885,0.8469394824998333
ZRANB2,33.25646092891084,-0.1941480722089045,0.35841375497611755,-0.541687001442903,0.588034145815278,0.8469394824998333
MEAF6,35.01847694166168,0.21387704300547558,0.39606974469178396,0.5399984368205447,0.5891981104566824,0.8469394824998333
PSMD12,13.105497562277145,0.22500878006626668,0.41619699300681146,0.5406304799097484,0.5887623048230408,0.8469394824998333
MPC1,8.921596984766088,0.24270834408859096,0.4481929821316936,0.5415264267062428,0.5881447877543757,0.8469394824998333
ARL6IP6,15.419141651304859,-0.19407632643074219,0.35847782463387995,-0.5413900472894131,0.5882387657782735,0.8469394824998333
BST2,68.22359447448125,0.17153199174736267,0.3199507940741476,0.5361199125750901,0.5918756789295936,0.8469394824998333
GNAI2,30.724717238333067,0.22207461459442826,0.41160246783672677,0.5395366450585037,0.5895166186501617,0.8469394824998333
DOK3,15.803790009577842,0.26324069634414476,0.4897035720490786,0.5375511051362364,0.5908869939671466,0.8469394824998333
RBM23,23.157271497516593,-0.34060263322115164,0.6342629849737679,-0.5370053767763832,0.5912639000453386,0.8469394824998333
YIPF5,10.209030761218296,0.21852585209097578,0.4056124114923107,0.5387553385927847,0.5900556840524618,0.8469394824998333
DOCK10,17.302959049392012,-0.25106661726208385,0.46822298602102086,-0.5362116443612878,0.5918122867357876,0.8469394824998333
RPS16,1013.7563566868669,0.2072294029366769,0.3811629056796185,0.543676732045014,0.5866639468211517,0.8469394824998333
ARL1,10.243832354073827,-0.22033985844129886,0.40984329483143156,-0.5376197713126539,0.5908395776536509,0.8469394824998333
TRIP11,11.893105979980742,0.37785977323996456,0.7040055241393907,0.5367284208485127,0.5914552213044417,0.8469394824998333
OAZ1,408.80171794534385,-0.09324404342637316,0.17487194109442772,-0.5332132922114877,0.5938859412621873,0.8491116856007236
EDEM1,9.992495942436245,-0.26665063330406746,0.499974086623327,-0.5333289073138666,0.5938059204938535,0.8491116856007236
EDEM2,8.183602482706357,0.22634523159637945,0.4264789808086699,0.5307300987429533,0.5956058254252214,0.8501470204727639
UQCRH,131.53539680575128,0.1316137017162987,0.2476970178186251,0.5313495611508418,0.5951765670532813,0.8501470204727639
SLC25A37,11.525924361389002,-0.22865375771781202,0.4313947852188781,-0.5300336618621834,0.5960885920358306,0.8501470204727639
GDI1,13.630109957794676,-0.2555170214260804,0.48207084617934687,-0.5300403943760152,0.596083924236982,0.8501470204727639
TOP1,32.57888594827169,0.20686633749639924,0.38990468306841747,0.5305561755976651,0.5957263713844776,0.8501470204727639
KHDRBS1,34.78965951077535,0.2462280740899592,0.4644197030789208,0.5301843837752005,0.595984097230344,0.8501470204727639
TRIM33,10.220569283020467,0.2942303204211014,0.555981760637809,0.5292085842592523,0.5966607624111742,0.8503527885803295
SCAF11,59.972481424856916,0.19621124952302393,0.3710784479656993,0.5287594862991363,0.5969723054903067,0.8503527885803295
LCP1,54.89299385650313,0.22286596095653752,0.42122062398509774,0.5290955576867058,0.5967391629371501,0.8503527885803295
PSMA3-AS1,17.135335234077893,0.3178542109865607,0.6022341858348909,0.5277917103724562,0.5976439113466158,0.8506070520403566
SEC22B,12.583951792285237,0.2135302201960851,0.404480514828157,0.5279122537875605,0.5975602393152106,0.8506070520403566
RPL7,688.5973510633988,0.37680568316029156,0.7146854597182668,0.5272328939066853,0.598031868582503,0.8508082254060353
IFNGR1,18.2241769396908,0.2567402323819186,0.48749034605782093,0.5266570598948165,0.5984317598097966,0.8510262041812854
SYPL1,74.5581071844506,0.16963450543745445,0.32236241200379545,0.5262229686861171,0.5987332971231836,0.8511041924495193
SNU13,95.53988003342133,-0.14890795812101393,0.2847704706209119,-0.5229051937735534,0.6010402301040543,0.8517399834262689
CD74,5189.249073155174,0.22281250704924746,0.42596266371926345,0.5230798988431885,0.6009186531680537,0.8517399834262689
NSUN5,12.593010042766846,0.21886312647293915,0.4186849580995838,0.5227394064175641,0.6011556114907144,0.8517399834262689
ELF2,13.67546074753846,-0.206683192847111,0.3947473401553901,-0.5235834971446579,0.6005682622163354,0.8517399834262689
TCEA1,68.48160035458528,0.13286565081105775,0.253796747643806,0.5235120309639649,0.6006179809529879,0.8517399834262689
RPL6,948.4151850093838,0.15737488964550778,0.2997323091182857,0.5250514704552645,0.599547410883123,0.8517399834262689
RCN2,27.345638470802317,-0.24777131969921595,0.47281740637716946,-0.5240317220926659,0.6002564763401825,0.8517399834262689
VCP,48.29322565653892,-0.2312475426625045,0.4423252356890379,-0.5227997952734386,0.6011135820979185,0.8517399834262689
ANKRD13A,14.7231869850257,-0.27492747125154476,0.527511315056998,-0.5211783395050752,0.6022425418581674,0.852236559451296
DAZAP2,126.95121783449876,-0.18762154304601258,0.3599994859417972,-0.5211716971072182,0.6022471686789158,0.852236559451296
UQCC2,9.88343993529956,0.2476953973527488,0.474834605650972,0.5216456307205581,0.6019170862529981,0.852236559451296
ITGAE,15.277740564567353,0.2116660004943192,0.40750907576371165,0.5194141997884011,0.6034719312387811,0.8525601662209578
PTRHD1,25.347228713107,0.21679081217625906,0.4176518063714876,0.5190706920669481,0.6037114452399419,0.8525601662209578
SRSF11,70.72875081205665,0.15251201316562205,0.2931932512040528,0.520175728940905,0.6029411002501044,0.8525601662209578
C8orf59,42.212894705785764,0.1861616968509472,0.35853858286405527,0.5192236086946684,0.6036048174020832,0.8525601662209578
RNASEH2B,31.273461930523503,0.1832525573868952,0.3527079242705524,0.5195589460199574,0.603371018357912,0.8525601662209578
TMEM219,30.48456325871017,0.1825695414492516,0.3524718875340533,0.5179690860639575,0.6044798384308345,0.8532960076049014
UCP2,107.81627125742258,0.22471467462483544,0.43779275857385963,0.5132900675581276,0.6077484307683085,0.8537182761199774
ARL6IP1,32.970978957620034,-0.31791928503144523,0.6180341709232304,-0.5144040572328415,0.6069695232196451,0.8537182761199774
SWAP70,61.50771495764955,0.13198512234966203,0.25614796639204684,0.5152690618970303,0.6063650150516474,0.8537182761199774
TRAC,25.128789726136144,-0.28052733950593306,0.54364640300428,-0.5160106605243638,0.6058469636021946,0.8537182761199774
PABPN1,20.716610191667336,0.2370419121682936,0.45858048276980934,0.5169036212282064,0.6052234396319343,0.8537182761199774
SMDT1,77.31641512302338,0.2177844223276861,0.42159126542210296,0.5165771689070393,0.6054513567929578,0.8537182761199774
ARL5A,33.58109121082312,-0.1739361893537233,0.3384897206278546,-0.5138595908646625,0.6073501613162595,0.8537182761199774
HSBP1,32.68930801866078,-0.16865802037032737,0.3285229775160646,-0.5133827217978386,0.6076836294315436,0.8537182761199774
RGS1,81.71039731022024,0.2857218205976386,0.5561154615208712,0.5137814723155568,0.6074047829709963,0.8537182761199774
UQCRB,157.29252789499475,0.18765733075057592,0.3644308988074358,0.5149325465120165,0.6066001567004402,0.8537182761199774
TAPBP,65.92622610153475,-0.1318347455008209,0.2560463891643428,-0.51488617328715,0.6066325633963463,0.8537182761199774
VPS4B,17.70607975164653,0.1922235320955909,0.3740085108569424,0.5139549676427445,0.6072834754230974,0.8537182761199774
RELA,10.288494240132152,0.2255317528340006,0.44049209435019115,0.5119995471580538,0.6086513264962897,0.8538272825446971
IRAK4,15.603507998413448,0.23041397132535252,0.4495576717048909,0.512534844420598,0.6082767402692872,0.8538272825446971
TARS,10.414483493948882,-0.2418838648497807,0.47207993465068054,-0.5123790423940908,0.6083857556225187,0.8538272825446971
MYEOV2,29.320559269975178,0.20067987053802724,0.39213338801789244,0.5117643043669378,0.6088159753796971,0.8538272825446971
SP140L,23.68466471643854,0.2095642243342466,0.4106060913363285,0.5103777775244741,0.609786822498247,0.8548413399508136
MRPS30,14.056079284594015,-0.18650206320923154,0.3668627452350746,-0.5083701346936349,0.6111937931544338,0.8558057752022878
DUSP4,43.25545023558249,-0.38999052943804235,0.7687978269722505,-0.5072731942725938,0.6119631441808824,0.8558057752022878
MFAP1,12.278186022149985,-0.24615443509025522,0.484456574498778,-0.5081042306938001,0.6113802484426734,0.8558057752022878
NIFK,18.72672634256157,0.17344020196108306,0.34075155755988135,0.5089931303706626,0.6107570393265134,0.8558057752022878
EIF3L,102.30506021167294,0.1736862376986218,0.3422482244635906,0.507486161457352,0.6118137438228941,0.8558057752022878
NRROS,12.6004375905193,-0.25749423909510466,0.5074778195813141,-0.5073999870724317,0.6118741947784992,0.8558057752022878
ARL4C,14.601411803863083,-0.2613597596357841,0.5183358058645077,-0.5042286422792549,0.6141007151559088,0.8559909078777351
TWISTNB,19.953981214353668,-0.28310464628681015,0.5631344928826887,-0.5027300757898807,0.6151540612172687,0.8559909078777351
PRMT2,27.29927315065409,0.15822942524215688,0.3147905816618234,0.5026498073952583,0.6152105044843195,0.8559909078777351
STIM2,12.260793971044317,-0.23743088226450706,0.47086540960945333,-0.5042436276247978,0.6140901859346677,0.8559909078777351
BRIX1,15.637876938699538,-0.24177860571185786,0.4811584636192173,-0.5024926796324596,0.6153210004454444,0.8559909078777351
MRPS10,15.655262900543107,0.23924891860137998,0.4752290715312184,0.5034391474210631,0.6146555539731113,0.8559909078777351
PFDN4,16.714850107799734,0.21906029259491652,0.4352579165458099,0.5032884739544098,0.6147614688905886,0.8559909078777351
SRSF9,30.686452776105078,-0.2530516759697375,0.5033742822311904,-0.5027107758626325,0.6151676323651576,0.8559909078777351
PPIP5K2,9.228232924161503,-0.20651682587280876,0.4082246093020385,-0.505890191740034,0.6129337381711071,0.8559909078777351
OST4,114.90714081883644,0.1678906037367059,0.3323443397840276,0.5051706427309964,0.6134389878745531,0.8559909078777351
UTP23,9.669543650726633,-0.21005641936287014,0.4152322572802655,-0.5058769295495515,0.6129430488939027,0.8559909078777351
VHL,14.523043961530139,-0.19896050789852204,0.39269172806461267,-0.5066582606134894,0.6123946219123192,0.8559909078777351
RSL1D1,68.26602644961692,0.1366767154363306,0.27160136830178333,0.5032254303095615,0.6148057873875794,0.8559909078777351
RP11-35G9.3,12.065747094087593,0.21437653451426564,0.427984806156663,0.500897535217158,0.6164432372631021,0.8562276950551975
EIF3F,137.51698274986398,0.14721506908086407,0.29362047503447064,0.5013787579479301,0.616104586581008,0.8562276950551975
ZNF277,9.812680181556336,0.22243156601068415,0.44411727808934753,0.5008397037998944,0.6164839404397422,0.8562276950551975
RAN,151.62439077655546,-0.1739549074338907,0.34695490224492614,-0.5013761336367877,0.616106433164952,0.8562276950551975
XRCC6,42.25158495635334,0.18689832449124438,0.3744985960129215,0.4990628175406985,0.6177351308884544,0.8576202018370896
CCT3,53.74099663120454,-0.17189598592147062,0.3452461879830355,-0.49789394323426145,0.6185587965443111,0.8580731194523012
UBR5,11.565069452440401,-0.20073658474035516,0.40313348692655354,-0.49794073489342044,0.6185258148472543,0.8580731194523012
COL19A1,12.02151940340662,0.22885648504588468,0.4605428468103259,0.4969276727039015,0.6192400563293765,0.8583279205851141
DALRD3,11.03379580732057,-0.2213901598618536,0.4454183070266471,-0.4970387529415331,0.619161723617514,0.8583279205851141
IGBP1,31.953671418994038,0.15236729343735525,0.3076618434508888,0.49524273705288785,0.6204287865152349,0.8592851519380009
WIPF1,42.016460729651286,-0.1503127677150473,0.303380154081973,-0.49546012055367655,0.6202753656028741,0.8592851519380009
TOMM5,26.137675514845995,-0.283277568060454,0.5726940574390256,-0.4946403134113442,0.6208540402443827,0.8595290685566294
TGS1,15.63301042588887,0.18350240541380752,0.3715915785636345,0.49382821355404594,0.6214275059764804,0.8596330776338643
UPF2,34.50650738471215,0.22081373957907335,0.44707085562357535,0.49391217701069307,0.6213682043682127,0.8596330776338643
ELMO1,21.810352954538374,-0.16845153865829554,0.3420228056489868,-0.49251551614711625,0.6223549558398136,0.8598816970954573
TRAPPC4,15.357591825032713,0.18588579353930793,0.3771680241458936,0.4928461100599684,0.6221213273449622,0.8598816970954573
MIF,111.37024712026812,0.2985057674237578,0.6054794067763282,0.49300729980735686,0.6220074294368185,0.8598816970954573
TATDN1,11.009178003277905,0.20147596677215257,0.40962098039952005,0.49185949063362144,0.622818677288212,0.8599505363382531
ZBTB38,17.159786903904806,-0.2368532469986944,0.48166377631950735,-0.4917397957731825,0.6229033015389259,0.8599505363382531
RBM42,15.553303543657966,0.21582567897611032,0.44020016975509757,0.49028985857998086,0.6239288023004161,0.8602602696264862
MBD4,40.860629770457685,0.15972404498164056,0.32617981371177396,0.48968096205603745,0.6243596756206391,0.8602602696264862
ZNF791,21.63461453021491,0.2415178878049787,0.49222815480393695,0.4906624813064167,0.6236651867859948,0.8602602696264862
TXNDC15,9.853990854999822,-0.20971355782870085,0.42828390444467024,-0.48966014284525516,0.6243744101868757,0.8602602696264862
TMBIM1,17.620611307091753,-0.2312087099344766,0.47197686284195584,-0.4898729750061883,0.6242237876602975,0.8602602696264862
C12orf75,18.680335234124406,0.316882928037917,0.647617461210838,0.4893057198387564,0.6246252721917875,0.8602623509228211
NBEAL1,73.29065186837657,-0.29884601618964207,0.6138713151786783,-0.486821926355457,0.6263845305373539,0.8610282090230503
NAA20,15.066878501202066,0.20830086409915263,0.4277772098230426,0.4869377314077107,0.6263024590342507,0.8610282090230503
TMBIM6,90.03123986715265,-0.13446847119234687,0.2754896791774117,-0.48810711019686137,0.6254739750663945,0.8610282090230503
CFAP97,18.03842538248002,-0.18962450354383917,0.3894211795378677,-0.48693936926817794,0.6263012983091829,0.8610282090230503
RUNX3,18.297379501722233,0.22560046246470233,0.4634747819461385,0.4867588728720086,0.6264292187385091,0.8610282090230503
SON,90.4372999714451,0.2028173733642969,0.4175570037367202,0.48572379710861735,0.6271630089700713,0.8613504701221122
FLNA,21.235831735721142,-0.21863922021185683,0.4498949594259519,-0.4859783725757492,0.6269825000256772,0.8613504701221122
FDX1,11.487168087138397,0.2632405627334349,0.5426130460178091,0.4851349680317031,0.6275806088475286,0.861581018911251
RPL7A,1277.1548013764912,0.10305531859695487,0.2130331656548523,0.4837524630503821,0.6285615554890478,0.8623942322136803
ATP5L,172.00709109857175,0.14483989981826792,0.29950623889458583,0.48359560172382837,0.6286728968166394,0.8623942322136803
IRF9,19.53889156147356,0.3373070188317964,0.6983104580403942,0.48303303344239007,0.6290722813870817,0.8625991139846709
ATP5D,83.92273444600545,0.2619598579526369,0.5427890812594615,0.4826181421055817,0.6293668950894381,0.8626602256887411
TTC14,28.344420469348528,-0.19924952546830554,0.4132130220955772,-0.48219565893114236,0.629666960370645,0.8627287582520752
DIAPH1,14.195320439258506,0.22736486594001373,0.4720878194199769,0.4816156159660334,0.6300790308056388,0.8629506376655235
RPAP2,8.579724706295528,-0.212118372321734,0.4410497232543831,-0.480939815031674,0.6305592742110082,0.8631703646536926
CRIPT,11.327389724349349,-0.19604684600499045,0.40784824833800404,-0.4806857619320133,0.6307398519686838,0.8631703646536926
ZFAND1,14.761776315002697,-0.19808116195274578,0.4132197401562325,-0.47936035649665265,0.6316822909754327,0.8641173290504531
RIOK3,16.46502225561614,-0.16820418458275377,0.3511549960230068,-0.4790026811172962,0.6319367212918658,0.8641227461184847
RHBDD2,11.781369920832027,-0.2204368712602482,0.46256833316967033,-0.4765498531854575,0.6336826995238498,0.8654811216774672
RNMTL1,7.294864437753247,-0.21192775892280538,0.4441971529027391,-0.4771029204890218,0.6332888351440655,0.8654811216774672
TRAPPC2,8.107609550116603,-0.21423955292791955,0.44936369552463706,-0.47676204166380753,0.6335315781781009,0.8654811216774672
ATF4,51.63902960422043,-0.21954870360263704,0.4619172471057553,-0.47529877911740254,0.6345740291727374,0.8656496188946637
APOA1BP,19.221203892761583,0.22210684766391414,0.4673284922200523,0.4752692193210639,0.6345950955107915,0.8656496188946637
COX7B,59.50014908873402,-0.1531713609804876,0.32219994593019785,-0.4753922615917229,0.6345074090987393,0.8656496188946637
TCF7,10.099742215975944,-0.34754708425963615,0.731727234722672,-0.47496808614942165,0.6348097205227534,0.8656496188946637
MAF1,32.624467070013125,-0.1941143178377364,0.4104125066004244,-0.4729736904112553,0.6362319496287185,0.8666232742621547
AKR7A2,11.489045104109971,0.2552374775207929,0.5396837867012809,0.4729389390792813,0.6362567431581957,0.8666232742621547
EMC4,26.70920029212592,0.14396546099906143,0.30442458608053174,0.4729100985325054,0.6362773199147935,0.8666232742621547
DGKD,13.827426295261228,-0.1944342681233294,0.412090306350737,-0.4718244159760533,0.6370521217877019,0.8673361563407939
COMMD6,172.56215384237004,-0.15334529657732118,0.3255298038323721,-0.47106376980549713,0.6375951966393134,0.86773310785232
CLTB,15.790456494818528,0.24625406560987992,0.5239982337779622,0.4699520909343886,0.6383892466135579,0.8681851285335968
GUK1,68.60215976138511,0.1594647125903904,0.3393630365186536,0.46989417063877903,0.6384306293013724,0.8681851285335968
GNL1,17.50985378673381,-0.18848918253799596,0.4030596456425459,-0.46764587965017435,0.6400378496281587,0.8691603450769723
SREK1,24.070788572063233,-0.17233525131164845,0.3692024425173784,-0.4667771159274945,0.6406593500089103,0.8691603450769723
C1orf174,7.3478701056896245,-0.23038636836401644,0.4931942788624175,-0.4671310642439255,0.6404061103051588,0.8691603450769723
RAD9A,7.471661303178502,0.25192974998870027,0.5395726987372199,0.4669060361621333,0.6405671064927217,0.8691603450769723
DDT,32.000613602247604,0.18328382576259902,0.3915343635971329,0.46811683163316903,0.6397010432227759,0.8691603450769723
LY96,11.262228592025629,0.195092559019976,0.41689666208412174,0.46796383076007947,0.6398104553130888,0.8691603450769723
MAT2B,23.512028554100322,0.21364648066626193,0.4596596570842669,0.46479275997696545,0.6420798730150562,0.8705362674950251
LSM8,44.182612295545404,0.1412313015965533,0.30440862264396673,0.46395302593558935,0.6426814008178303,0.8705362674950251
ARFGAP3,10.402893426733657,-0.2545216230016581,0.5485959298833482,-0.46395098675956065,0.6426828618289359,0.8705362674950251
LY86,48.32314256958581,0.16157569858663123,0.348050728505261,0.4642303128642609,0.6424827455659657,0.8705362674950251
RHOT2,10.949619496418105,-0.2186727386998133,0.47295175892500085,-0.46235738544845906,0.64382505368224,0.8717411441144929
TES,19.22094241476473,-0.15870028953741722,0.3442998443623586,-0.46093628021043476,0.6448443215445452,0.8726571823570224
SRRM2,48.31630856513358,-0.2569764115213792,0.5582118838128225,-0.46035639686873375,0.6452604267225404,0.8726571823570224
ZNF397,9.9074568716396,0.24202349335758191,0.5253452770365484,0.4606941452349713,0.6450180561077812,0.8726571823570224
IGSF8,8.414741094749731,0.21431396471638545,0.46865575317896496,0.4572950684220997,0.6474589738975974,0.8752874059352317
CXorf38,11.670203571281698,0.20881366404711876,0.4578655777753839,0.45605888318068094,0.6483476360794089,0.8758024058237904
MORF4L1,87.96824447130042,-0.13158677114469305,0.2884690401073342,-0.45615561065316385,0.6482780830691797,0.8758024058237904
RBMX2,11.948286326487713,0.19924340897780685,0.43795022075965045,0.4549453329015508,0.6491485681686531,0.8765411194449523
DDX21,70.55509454590108,-0.25044493233637694,0.5510038181016992,-0.45452485828356304,0.6494511043124677,0.87660653751096
ASCC2,13.156369078021461,0.1983954122168699,0.4372153148276299,0.4537705004571635,0.6499940180244171,0.8769962308112003
UBA2,16.13467614844042,0.16646259259159746,0.3674035332683923,0.4530783662061157,0.6504923127469725,0.877325441351468
ESCO1,13.970981703359097,-0.2134296051921216,0.4718533838928703,-0.45232187047444955,0.651037122589412,0.877717105483967
DLST,7.941957044279205,-0.20811921313284357,0.4777889966650136,-0.4355881248532805,0.6631355882061772,0.8778188780176077
MRPL52,28.688210123107687,-0.13647664550160565,0.30446160567715463,-0.4482556846472226,0.6539686791268103,0.8778188780176077
CCT8,43.24392634831766,0.1359756208397582,0.3052194621769295,0.4455011481572427,0.6559576302381867,0.8778188780176077
CDK11A,11.713823799452253,0.24940151516669845,0.5787863644301973,0.430904268818131,0.6665379794148955,0.8778188780176077
JADE1,9.641695097932033,-0.2190069620415812,0.4869421383534366,-0.4497597245991878,0.6528837014616463,0.8778188780176077
RPL34,1880.556769711271,0.1883992705120204,0.4314814229683815,0.4366335616859827,0.6623771188666634,0.8778188780176077
PRPF40A,45.558047345545596,0.18099505566048862,0.4098093831258523,0.44165668994676266,0.6587376546516006,0.8778188780176077
DDX56,8.794315855325273,-0.1991566081580237,0.45078677657594557,-0.44179780443153954,0.6586355274944169,0.8778188780176077
STAT3,56.45583459891539,0.14781426919985566,0.34245245153444775,0.43163443140072494,0.6660071295567023,0.8778188780176077
ARL16,15.264906554966888,-0.19682081056463488,0.45634172962375646,-0.4313013642800303,0.666249258498953,0.8778188780176077
CEP95,8.179627980795145,-0.1968471492340694,0.4391090499392927,-0.44828761616569673,0.6539456369001827,0.8778188780176077
RPL28,2375.7436098777625,0.11091352242967004,0.24767419391839468,0.4478202620746776,0.6542829189991601,0.8778188780176077
ADD3,30.32870428482799,-0.20578957679166224,0.4759639546376775,-0.43236378466583114,0.6654770350962613,0.8778188780176077
KDM5A,26.324620418348548,0.17626433739530178,0.40744124993121683,0.4326128918587852,0.6652960220945205,0.8778188780176077
CLECL1,29.24491928177701,0.1914903612025791,0.42561783616506105,0.4499115049499858,0.6527742515494623,0.8778188780176077
ZFR,19.726384680923694,0.1646678366387476,0.3715709638132464,0.44316658909201134,0.6576452434125843,0.8778188780176077
YWHAQ,57.51157609260298,-0.16541323357637522,0.38501980086051696,-0.4296226666957845,0.667470145962689,0.8778188780176077
U2AF2,14.646493584954436,-0.18473909913131445,0.41856455931557407,-0.44136345282886597,0.6589498961204977,0.8778188780176077
TSPAN13,30.913524708074952,0.16582600905238484,0.38553881494998404,0.43011495243065845,0.6671120237328501,0.8778188780176077
ARRB2,12.384580396731984,-0.22578100051437408,0.5123168137721866,-0.44070581805025977,0.6594259840616704,0.8778188780176077
CYP20A1,18.983500344364142,-0.2050427089741752,0.47096285225639484,-0.43536917612888243,0.6632944803109362,0.8778188780176077
PTDSS1,18.98388782537601,0.21401105893905983,0.47745655567896594,0.44823148073592983,0.6539861452246623,0.8778188780176077
PIK3R1,15.012918086981557,-0.18136775854358198,0.4192192357718623,-0.43263224362701164,0.6652819610060319,0.8778188780176077
SAFB,18.794208285968196,-0.15645950137785564,0.3484077737051709,-0.44907006440750247,0.6533811145070958,0.8778188780176077
QTRT1,8.561127044832073,0.19895137897253554,0.44372460509110695,0.4483667948314162,0.653888501899768,0.8778188780176077
TMEM167A,21.248471016360543,-0.1709245168094009,0.3978349440702757,-0.4296367610664383,0.6674598917022165,0.8778188780176077
TXNDC17,19.76150913994548,0.18667042495100528,0.4337665113862078,0.43034771023344776,0.6669427262220363,0.8778188780176077
NOP58,34.91071907866768,-0.13496482600377274,0.3116624395402462,-0.4330480958914017,0.6649798291901038,0.8778188780176077
SLC10A3,7.267090819392239,0.2372180089744266,0.5511014818590044,0.430443424275018,0.6668731130719541,0.8778188780176077
BAG6,11.451723312255757,-0.1745011385554041,0.4050071702931586,-0.43085938066008556,0.6665706198902377,0.8778188780176077
HNRNPA1,339.0191125210582,0.11873856483657086,0.2698329908477304,0.4400446530408741,0.6599047667914892,0.8778188780176077
UBL5,78.55324353240758,0.13994647878939503,0.3236280342824442,0.43243002448687023,0.6654289002237803,0.8778188780176077
COMT,12.33222388782698,-0.20076448227098992,0.4586860651462666,-0.4376947492550702,0.6616075763006797,0.8778188780176077
FXYD5,161.24229898850552,0.1705583181953883,0.3940779772662678,0.4328034755419653,0.6651575481973337,0.8778188780176077
B3GAT3,11.900288248515736,-0.18294399456896498,0.42389162374609113,-0.43158199955030835,0.6660452434954063,0.8778188780176077
CPSF6,17.837431668765323,0.1703065675692195,0.38127717759471086,0.4466739096307821,0.6551105223695175,0.8778188780176077
SSR1,19.23949934637833,0.15423969557368836,0.3522590609857893,0.43785870302967356,0.6614887136130518,0.8778188780176077
TDP2,9.220962001187091,0.1956484584074413,0.45565999815845964,0.4293737857133618,0.6676512278023776,0.8778188780176077
RARS,10.099763244323913,-0.18581714507432767,0.42047656445860077,-0.4419203370194556,0.658546853563351,0.8778188780176077
EHD1,13.11760407701424,-0.16988839288781435,0.38439865953206775,-0.44195885879160224,0.6585189772614137,0.8778188780176077
GPR65,27.315923091035387,-0.20420112687636988,0.4527977602098416,-0.45097645090323824,0.6520065215947857,0.8778188780176077
SMAP2,52.21782924623251,-0.27604151597441645,0.6186327624395618,-0.44621224858162073,0.6554439360126862,0.8778188780176077
NFYC,16.697647710508072,-0.16255266796975795,0.36893479185661504,-0.44059999641598824,0.6595026054405837,0.8778188780176077
EMP3,95.63656812857971,-0.14076625574140328,0.31733891931410974,-0.44358333369777897,0.6573438575011585,0.8778188780176077
TPP2,7.449607184038558,-0.20673363368699268,0.477015482386711,-0.4333897773141797,0.664731625904483,0.8778188780176077
ATOX1,19.047384690169515,-0.16732960487243198,0.3752959185887926,-0.44586044394416424,0.655698056991058,0.8778188780176077
INO80E,11.636299999808143,0.23562083227074448,0.5443407601949072,0.4328553904109217,0.6651198299787306,0.8778188780176077
FCHSD2,28.07875426673027,-0.14531112374427754,0.32813136476295834,-0.4428443585368626,0.6578783157853523,0.8778188780176077
PRCC,13.150129928627246,-0.17349433264272074,0.3857122303848504,-0.44980251849834796,0.6528528417140447,0.8778188780176077
AGPAT2,9.8781944610523,-0.212269965904364,0.48556322432515975,-0.43716236170764117,0.6619936037441362,0.8778188780176077
RPL10A,902.7135040768887,0.15845883788491325,0.36669506787064154,0.4321269953399333,0.6656491154313797,0.8778188780176077
SLC25A3,129.38951267658538,-0.1354056854048359,0.3013236891527321,-0.4493695327624996,0.6531651059154171,0.8778188780176077
HMOX2,10.230630028653913,-0.19812590685472628,0.4550836999445693,-0.43536146620689486,0.6633000757131937,0.8778188780176077
SOCS1,52.834848709535706,-0.2944717700995224,0.6835081315464733,-0.43082409192889115,0.6665962805746147,0.8778188780176077
NDE1,18.094740069609212,0.1735058916907907,0.3975622189667485,0.43642449763392244,0.6625287681522538,0.8778188780176077
CDC42SE1,29.24731437059065,0.1597912284073725,0.36357535853928136,0.4394996103403646,0.6602995643070437,0.8778188780176077
AASDHPPT,13.69706102437585,-0.17002000696572103,0.3912792823982302,-0.4345234072288057,0.663908400932775,0.8778188780176077
PSMB7,28.59918083497974,0.20672270693155637,0.47828833943989124,0.4322135621655401,0.665586203254364,0.8778188780176077
TCF25,47.800078971115035,0.15769786207711378,0.3548776881451461,0.44437243406695903,0.6567733399295391,0.8778188780176077
HLA-F,48.62625420989993,-0.1257205148248631,0.28779402511626445,-0.4368419906357469,0.662225944046287,0.8778188780176077
EFR3A,15.267266191002856,-0.1651001038839748,0.3784562110878881,-0.436246252662594,0.6626580730564707,0.8778188780176077
RAD50,16.7555083179764,0.22910616020098334,0.5096383053610909,0.44954658586476576,0.6530374099621512,0.8778188780176077
NUMB,14.766256780779049,-0.18092457789250896,0.4138952297916212,-0.4371265114207691,0.6620196015615045,0.8778188780176077
KIAA0125,32.78325923713551,0.17955391140128288,0.4058161293718049,0.4424513921593719,0.6581625970527318,0.8778188780176077
PIGP,15.160290749552612,0.18700704826308145,0.4260137437753267,0.43896951916580934,0.6606836225270454,0.8778188780176077
ORMDL1,28.110355102476245,0.18653623843927392,0.4348313991561383,0.4289852085228392,0.6679339890689252,0.8778560999191588
PAIP1,9.880056196949823,0.21347702739201982,0.4988352681145322,0.42795095102017855,0.66868683095176,0.8778579407268511
BTF3,317.0980025573854,0.08980119020937619,0.20984793644022093,0.427934587934143,0.6686987444145405,0.8778579407268511
ATP6V1G1,116.53481511979119,0.1461539257561637,0.3410789075391613,0.42850473167820524,0.6682836893863981,0.8778579407268511
REEP5,43.4209849169135,0.1255659935555674,0.2937589275887555,0.4274457106248431,0.6690547195072445,0.8779911686192444
RPS18,2744.1875279894493,-0.12235171352406099,0.28648745378227986,-0.4270752939046465,0.6693244872878132,0.8780112095600592
RPL10,3678.5454278905427,-0.11266655336808368,0.2640363405987212,-0.4267085095657826,0.6695916517248,0.8780278215319497
MCPH1,8.700844100900266,0.19606354288920166,0.4607077502984375,0.42557031602397727,0.6704209740368064,0.8787812919555403
ETFB,14.838320136068736,0.22944649297651756,0.5403374605800834,0.42463554670111814,0.6711023758401362,0.879082015911351
SPG21,19.46782409310298,0.20163760482391058,0.47532826661364214,0.4242070564421247,0.6714148150511333,0.879082015911351
TNRC6B,51.21138160088083,0.22446071353266606,0.5290026776095307,0.4243092200345076,0.6713403159888538,0.879082015911351
DHPS,21.05138036738466,0.1627329156633472,0.3851010711459922,0.4225719631967863,0.6726075859071594,0.8799757949866136
ZFC3H1,15.287097265078984,0.19499379808553363,0.46133280146118566,0.42267490511822947,0.6725324672977488,0.8799757949866136
SECISBP2,27.99451927311627,0.1397187014844675,0.3309242930181954,0.42220744874957017,0.6728736050568008,0.8799901203358464
RWDD4,9.195355349738234,0.2077231610206639,0.49311867156310435,0.42124375530582925,0.6735770964297647,0.8802427964707152
PRPF4,9.495608259072203,0.17842881178085682,0.42350986342416486,0.4213096959259059,0.6735289509984802,0.8802427964707152
C5orf15,9.268103660021682,-0.18413068738573007,0.43848236921487826,-0.4199272315450769,0.6745386137094617,0.8808832158297075
CYFIP2,17.27126418328492,-0.16305666531218513,0.3886705517275946,-0.4195241048940228,0.6748331418660629,0.8808832158297075
RPS21,774.4749214441234,0.13500192999102723,0.32160078236015327,0.41978109941238173,0.6746453734738252,0.8808832158297075
CCPG1,13.277247790804642,-0.17334265644543573,0.41545784762636506,-0.4172328370634811,0.6765081089212955,0.8817563546260818
RPS10,247.97292264282478,0.4582849088775542,1.0984498056860867,0.4172106058057988,0.6765243683174604,0.8817563546260818
RPP38,9.473637013865844,-0.20248584635463904,0.4849606355236409,-0.41753047881093075,0.6762904355823822,0.8817563546260818
SSR2,94.19097061010268,0.11835360479262375,0.28306667954977316,0.41811210341276844,0.6758651561054174,0.8817563546260818
ERBB2IP,11.623108759885522,-0.1837650553700551,0.44180709311698985,-0.41593957687183264,0.6774542182627863,0.8826348387487207
BDP1,33.03600751319996,0.18904033443791649,0.45502809052694376,0.4154476138363215,0.6778142570035883,0.882770549891423
LINS1,8.474319140749575,-0.2046958394436486,0.49363723403619975,-0.41466855684682347,0.6783845534002174,0.8831798902757547
DUSP11,12.983606961735925,0.18015547858947176,0.43506060241034467,0.4140928357827974,0.6788061193521259,0.8833953646793037
CCS,14.783131460794834,0.20091450478254483,0.48842829798080334,0.41134902628111314,0.6808166252633249,0.8847436889453388
CD180,13.549990662086774,0.21045050053733497,0.5104181636780796,0.4123099754539025,0.6801122379511841,0.8847436889453388
RAB24,16.443368221986784,0.43256653997229005,1.0517593758867902,0.4112789958326465,0.6808679693188042,0.8847436889453388
BAD,11.926850584836,-0.17612860607137892,0.42753837031322034,-0.41195976385077376,0.6803689149857786,0.8847436889453388
EPS15,15.908361948814871,-0.15044237503215868,0.36649769680187866,-0.41048654969715903,0.6814490681424562,0.8851653934832356
LINC00969,17.756937870356772,0.18133109291921662,0.4426055695258133,0.40969003872564497,0.6820333382125681,0.885590898318916
DNAJB11,15.555561508275975,-0.15298133792453947,0.37405484323230026,-0.40898103765370325,0.6825535769813611,0.8856035320547334
ANKRD12,93.71646822917776,0.1482932359793388,0.3625954444469993,0.4089771072703448,0.6825564613720395,0.8856035320547334
CEBPZOS,12.915755137200401,0.15884096497130848,0.3906356442137887,0.40662179021322825,0.6842857906095272,0.8870968193142085
USP4,11.637773696158035,0.18238806123997592,0.44883468595278075,0.4063591049181165,0.6844787631925864,0.8870968193142085
COMMD9,9.19758889960899,0.18034814187359302,0.44376955773606713,0.40640043628421996,0.6844483991812395,0.8870968193142085
PFDN1,16.280050196141357,0.17677368504510219,0.4353980964779783,0.40600472642177277,0.6847391276241159,0.8871010102527975
MT-CO3,2410.586844343451,-0.17686205455905268,0.43714555683603273,-0.4045839007015029,0.6857833944451548,0.8881203869503693
RABAC1,42.767917416828865,0.14070854450896697,0.3486213352557061,0.4036142664813109,0.6864963930671257,0.8887101523758288
ATG12,32.19840365003229,-0.15428988681274758,0.38268680282786127,-0.4031753529848002,0.6868192299862476,0.8887945774390675
HMGN4,16.84903029530022,-0.32396408575114893,0.8063792455632258,-0.4017515177053846,0.6878669059046433,0.8888819745715206
TMEM248,19.02406217285614,-0.16605575307375128,0.41376081713188234,-0.4013327173530368,0.6881751786492245,0.8888819745715206
C14orf119,15.783133194686334,0.15824701153072168,0.3941234256291763,0.4015163810121083,0.688039980164364,0.8888819745715206
GMIP,7.471983270856057,0.19881622565575421,0.4958614568707566,0.40095115863698694,0.6884560834886719,0.8888819745715206
ICE2,8.8463782904075,-0.18330288149807272,0.45753307881185223,-0.40063306892276296,0.6886902950810652,0.8888819745715206
NCOR1,52.53078777604183,0.13641543487853505,0.3402185258286121,0.4009641583928779,0.6884465123162788,0.8888819745715206
RPN1,21.730741053235402,-0.19417940411587908,0.4829170681950441,-0.40209679239884,0.6876127933129665,0.8888819745715206
MRFAP1L1,12.223943418896077,0.1772866378476043,0.4431403771342321,0.4000687975988751,0.6891058452738299,0.8890857016434978
ERGIC3,33.46250008437595,-0.1604655647215222,0.4026347013132986,-0.39853883482502056,0.6902330379687462,0.8902070956980092
ADRM1,31.533483940066656,0.11251749267268878,0.2832726933515562,0.3972055736874316,0.6912158723693795,0.891141539489671
PTS,7.8204690405002335,0.1911757056039028,0.48257514143474534,0.39615738397862316,0.6919889275099942,0.8914719193089918
SH3KBP1,24.736143608929037,-0.13163344364470506,0.3322444322276633,-0.39619458108633127,0.6919614886035015,0.8914719193089918
BTLA,17.92989987846885,-0.19963167918915783,0.5044318122982105,-0.39575552992906676,0.69228538589239,0.8915209336800095
CDC37,54.1646079369998,-0.13353438656839467,0.33781264854565735,-0.39529125727909714,0.6926279508337985,0.8916292650658972
RB1,21.17517485859022,-0.13334142528898948,0.33785345428899505,-0.3946723752450703,0.6930846925212455,0.8918844420732178
NDUFA6,32.37055270750651,0.1759340162908485,0.4464097265162072,0.39410883285147486,0.6935006900106655,0.8920870173515273
ESF1,19.12360518502043,0.1854672496546561,0.47156163588576455,0.39330436477573294,0.6940946948492706,0.8922212248347827
PTPRC,134.86899233804985,-0.10313616487194398,0.26234843086710724,-0.39312666948706726,0.6942259272295199,0.8922212248347827
POLR2B,19.31929152024776,-0.15317610387947958,0.3898435209178177,-0.39291689013800585,0.6943808662844613,0.8922212248347827
SLC39A1,10.592467080179917,0.15636242198452888,0.39930305679541156,0.39158834204628523,0.6953624030703529,0.8924954008063891
NPIPB5,8.188006845692641,-0.21364172897182834,0.5452664868050856,-0.39181158963873397,0.6951974310889881,0.8924954008063891
TNFRSF13B,49.15305150844394,-0.13561879996859832,0.34633951089590803,-0.391577615900019,0.6953703296717606,0.8924954008063891
NRDC,21.386888350858044,0.13190319917839688,0.33758979947718454,0.39072033391610617,0.6960039670053204,0.8929764545066401
EIF3D,59.52732260782322,0.11614210118719312,0.29852411770649623,0.389054331956462,0.6972359551017746,0.8935601950598524
CCDC57,9.098374660805934,0.19628964728517456,0.5041978650169646,0.38931074664223353,0.6970462874914511,0.8935601950598524
YPEL3,12.863369726756,-0.2145031039278022,0.5511092456892998,-0.38922065925334365,0.6971129221566232,0.8935601950598524
REXO4,7.371969363082691,0.2648582098088157,0.6822920439020947,0.3881889173059468,0.6978762340859386,0.8940486474550643
C4orf48,15.695773444985605,-0.2017875124423844,0.5222239395797065,-0.38640034887099584,0.6992001917887851,0.894416263133596
ITM2C,25.027895496196606,0.1706161835681731,0.44081418913222387,0.38704784867302927,0.6987207850608158,0.894416263133596
TMC8,18.150946385767416,0.19510754532039953,0.5045672423872284,0.3866829412018486,0.6989909465919494,0.894416263133596
DAZAP1,11.666584174294371,0.18411467606846024,0.47593354473244504,0.3868495467617517,0.6988675943911686,0.894416263133596
S100A10,93.7364817834994,-0.16202285543310174,0.4217036310103911,-0.38421024510720747,0.7008226255030003,0.8953737872201917
TMX4,22.21219317380574,-0.14526357484777225,0.3777506903323541,-0.38454880047993,0.7005717335209457,0.8953737872201917
GMDS,10.071674854399749,0.24680053860896828,0.6427286893019325,0.38398867627492755,0.7009868403715183,0.8953737872201917
RASSF7,7.501350435897779,0.17491551811168926,0.45479735636173513,0.38460100012667087,0.7005330530267224,0.8953737872201917
CHMP2B,25.881875776200282,-0.14560030880217684,0.38088437675895886,-0.3822690498390261,0.7022618092358519,0.8954182831575402
RPL8,1557.0116752587915,-0.09103852143886386,0.2390816330833597,-0.38078425458605514,0.7033633436851362,0.8954182831575402
AKAP13,47.047889047685416,-0.13211124804470673,0.3456854884108718,-0.3821718078245827,0.7023339316797523,0.8954182831575402
ALKBH7,30.769980231413076,-0.14683930084496158,0.3847100630250658,-0.38168822434830424,0.7026926356024807,0.8954182831575402
PKN1,8.453317277034104,-0.21675552921551977,0.5663756217219821,-0.38270631874392186,0.7019375288353731,0.8954182831575402
RPAP3,9.405688578825592,-0.16138263954800947,0.4209628178127653,-0.3833655437468798,0.7014487474735214,0.8954182831575402
RIF1,12.494907717814622,0.17780388241423312,0.46810403112666227,0.379838391876873,0.7040653817984248,0.8954182831575402
CD37,579.1059174036006,-0.09499706791283745,0.24946604467428532,-0.38080159581184736,0.7033504750407874,0.8954182831575402
AKAP10,7.515515237632412,0.18015711185624614,0.47441848079827337,0.3797430309905031,0.7041361745525816,0.8954182831575402
MIR155HG,24.06857221316819,-0.2236105906833341,0.5874871050740091,-0.38062212557867897,0.7034836611207709,0.8954182831575402
SH3BGRL,78.40714813142785,0.1048536788612685,0.2761033798340286,0.3797623880022701,0.7041218043426902,0.8954182831575402
ANKRD39,7.93937302325079,0.21013567642753306,0.5512060853447908,0.3812288761218753,0.7030334240556154,0.8954182831575402
TOX4,20.24410181142219,0.13214992131997141,0.3485469596619047,0.37914524185825244,0.7045800117303276,0.8956525572843147
C11orf73,17.452180903551575,0.1332316549793998,0.3520346837342723,0.37846172873115974,0.7050876192003668,0.8959676929065434
YIPF3,14.446111461016338,0.15240520132627222,0.403569735937043,0.37764279071225376,0.70569597217863,0.8962017982654729
DCTN3,19.43431326427882,0.14554046877144167,0.38588033227424745,0.37716477518736347,0.7060511558508855,0.8962017982654729
UBE2V2,18.14219282142203,0.16351836755708482,0.43320151388542055,0.37746490332057,0.7058281417740402,0.8962017982654729
STX8,13.375742223317662,-0.15245851963335866,0.407207575986356,-0.37440000781927246,0.7081067371280407,0.8971605740329565
NUP50,10.746002612194749,0.16749509964942128,0.44670942769429417,0.37495313343609715,0.7076953221018693,0.8971605740329565
CEP63,8.939660266282644,0.15220789860137704,0.40632711239062874,0.3745944928603476,0.7079620693683014,0.8971605740329565
GNG7,38.35461871550694,-0.18867675454987373,0.5029173687811948,-0.37516452256784494,0.7075381133196772,0.8971605740329565
TGOLN2,34.58282385859012,0.1488310407392819,0.3960571416190022,0.37578173727884423,0.7070791659440959,0.8971605740329565
AMN1,8.849019889115436,-0.1688945441608536,0.45304194388847047,-0.3728011201594878,0.7092964690901608,0.8980260061196595
HCG18,23.21661963899154,-0.2164700280156797,0.5806873465349651,-0.37278240916972577,0.709310396137992,0.8980260061196595
ODF3B,9.643141805635196,-0.19522067264397486,0.5243281699144504,-0.3723253562283848,0.7096506219913541,0.8981271628283829
USP48,17.036664992898785,0.15238557803236785,0.4110557514683731,0.3707175425426264,0.7108479228726534,0.8986540497211516
TXNDC12,17.507905251515204,0.14489300886886597,0.3907546415237779,0.3708030397382984,0.7107842371357784,0.8986540497211516
MOB3A,20.0341622569498,-0.17120254979136973,0.46181475618639806,-0.3707169324885513,0.710848377301166,0.8986540497211516
POLR1D,38.713453694436254,-0.11464064830561015,0.3099785794918319,-0.36983409787072397,0.7115061073112139,0.8989407782182465
ECH1,18.73204964081361,0.2606554165587053,0.7050208750663707,0.3697130479067973,0.7115963087866757,0.8989407782182465
RPS4X,2037.4165515194607,0.0911644122870226,0.2478314374060637,0.3678484587798791,0.7129862335543716,0.9003669494006523
RPP30,9.313600376421752,-0.15181891437419268,0.4132681773550214,-0.36736173432432323,0.7133492107638872,0.900495710624007
SLC38A1,37.28722589064049,0.11931847620599323,0.32697145333917094,0.36492016348051926,0.7151710024424958,0.9010396630726
ACTR1A,7.773945921480997,-0.17457280665788605,0.48053923426156614,-0.36328523086392345,0.7163918248719252,0.9010396630726
TPD52,34.3728331235485,-0.1636718438557647,0.4499207835530907,-0.363779247011494,0.7160228609014812,0.9010396630726
HAUS4,7.1896994410988855,0.270089332674202,0.740530834245995,0.36472395231078486,0.7153174771187027,0.9010396630726
ZNF622,13.999289491936622,-0.16323942188983154,0.4477332558513587,-0.3645907909597512,0.7154168901004256,0.9010396630726
TBP,7.768864750430526,0.20659165320262382,0.5685267980924549,0.36338067773724797,0.7163205336630872,0.9010396630726
SCO2,9.327890794825853,-0.18869884370841228,0.5190321904681521,-0.36355903771249976,0.7161873196017043,0.9010396630726
CEBPZ,22.61815194631771,0.17030450940410294,0.46699121112926817,0.36468461364032145,0.7153468453069651,0.9010396630726
EMC3,16.257521641484804,0.13249466492877202,0.3630296435710798,0.3649692725515129,0.715134343401352,0.9010396630726
BAK1,7.578339010893688,0.19068025944242814,0.523947896511679,0.36392981193727886,0.7159104222245645,0.9010396630726
C7orf50,32.84871899223813,-0.10725087836124803,0.2967659357419773,-0.36139888526322356,0.7178012812009686,0.9024337537467688
PREB,10.933167361062287,0.18698223410691703,0.5183125991375187,0.36075185981984376,0.7182849529822108,0.9024337537467688
ALOX5,18.895420523989916,-0.1556948335969983,0.4313654575928334,-0.3609348659158493,0.7181481387353246,0.9024337537467688
TAOK1,8.813475114366058,-0.17488150809813208,0.48563139779972575,-0.36011161735109465,0.718763665418535,0.9027064600269187
CCDC28A,9.867283376861286,0.16787786174671934,0.4672155862509674,0.3593156279177357,0.7193589845340077,0.9031253626791582
PCNP,33.669700946381056,0.13855444718379822,0.3870115037873331,0.3580111852694057,0.7203349429755193,0.9040216636106008
HLA-B,1193.215645520559,0.14043708439437558,0.3942157515179082,0.35624422376231685,0.7216576757020501,0.9046523175589565
RFTN1,18.627151908314467,-0.19033373132446646,0.535459956804038,-0.3554583847137664,0.7222462160871544,0.9046523175589565
ATXN3,10.512254085348598,0.1611630275565432,0.4563724982236312,0.3531392189140421,0.7239840721102258,0.9046523175589565
LYPLA2,13.79654670936699,0.19072392417200817,0.5393534145806642,0.35361586487830426,0.7236267831747392,0.9046523175589565
SLC16A1-AS1,8.485279579472325,-0.2096978908688352,0.5898947130585139,-0.35548359093029275,0.7222273357789044,0.9046523175589565
C16orf91,10.423193449344101,-0.17662660223192078,0.49492723378862347,-0.3568738799840535,0.721186224573891,0.9046523175589565
SBNO1,18.86890248950727,0.16825104700498678,0.4756001940672071,0.35376572403418993,0.7235144627243967,0.9046523175589565
CRTAP,18.524908351995936,-0.19508910950510405,0.550843311104574,-0.35416443400919806,0.7232156559049184,0.9046523175589565
PPP6R1,11.488760778926636,-0.17019814616145834,0.4791778184865365,-0.3551878647033834,0.722448855367502,0.9046523175589565
M6PR,25.38539121360474,0.12042029021673242,0.34091464418750106,0.3532270973684016,0.723918194796135,0.9046523175589565
PLEKHA3,7.5803706331612775,0.20694050941446054,0.5852458285445626,0.3535958725739185,0.7236417679920757,0.9046523175589565
EVI2A,16.095049389671466,0.1746792776751631,0.4900524245759729,0.35645018556189706,0.7215034514549372,0.9046523175589565
CAMTA1,20.33508472791314,0.13452695881391388,0.38265221849596787,0.3515645599617278,0.7251648475092516,0.9051406728120165
GGA2,26.381270608612915,-0.1687323694841287,0.4831986535393623,-0.3491987575879771,0.7269400988687089,0.9051406728120165
CIAO1,13.169933474863432,0.14141240592360063,0.4030881237724619,0.35082255612032404,0.7257214740824128,0.9051406728120165
TNFRSF1B,15.93139938241256,0.1802910466244828,0.5156705493348005,0.3496244779870653,0.7266205381840813,0.9051406728120165
NFATC2,14.443556735075376,-0.16800097372794012,0.48121135111324637,-0.3491209701086279,0.7269984940179994,0.9051406728120165
ORAI1,10.985112527479249,-0.14671706741598003,0.4188329101738744,-0.3502997588109107,0.7261137462523957,0.9051406728120165
ATP10D,8.749533909907319,-0.1590251751397111,0.4529530255818348,-0.35108535799145485,0.725524312282418,0.9051406728120165
ZCCHC10,17.182895439721953,-0.16205867553893658,0.46377909982878723,-0.3494307432110752,0.7267659564176878,0.9051406728120165
PARN,8.21599770236691,0.15288999706232653,0.4366574037888225,0.3501371916191478,0.7262357404594295,0.9051406728120165
HSH2D,31.408339947115792,0.11204660395410977,0.32030608363557367,0.3498110391234096,0.7264805138272364,0.9051406728120165
CCDC53,16.043898039178547,-0.12758319007890348,0.36589357967835096,-0.3486893380065839,0.727322549534082,0.9052174588357083
SNRPG,71.81847987803627,0.11372782371140691,0.32686078629249576,0.34793963816031465,0.7278855159964877,0.9054760865777536
CSNK1A1,36.2388871236945,0.10593892771722034,0.3047843417493818,0.34758651677825314,0.7281507336757889,0.9054760865777536
RICTOR,17.620273251419807,-0.14619072821913187,0.42085720516088515,-0.3473642043582125,0.728317721812541,0.9054760865777536
NCR3,22.46602746906705,-0.1767894921775739,0.5095222754041832,-0.3469710760679384,0.7286130484393751,0.9055169370013848
SFT2D1,28.445334044234507,0.11546434127114509,0.3342519641569953,0.34544102549211186,0.7297628392679758,0.9056409336239268
EIF3K,138.77145106324815,0.0942395132293583,0.2727431296851098,0.3455247922767502,0.7296998750881091,0.9056409336239268
RP11-693J15.5,31.05542419734898,0.16425260355039803,0.4751223430236257,0.34570591335510076,0.7295637397656809,0.9056409336239268
GPAA1,11.60953961608929,0.1654841714261904,0.47778758804535876,0.3463551075137602,0.7290758585758891,0.9056409336239268
SNHG7,43.63286708615042,-0.1734954824591122,0.5034835224380824,-0.34459018960337157,0.7304024821353273,0.9061087966080112
LTBP3,8.70824837430781,-0.16140062624399923,0.47055461091574863,-0.34300083879721566,0.731597829125515,0.9072322375694303
GTF3A,50.53946309747692,0.15460470081636102,0.4520764150908462,0.34198798180014034,0.7323599367045981,0.9072322375694303
C6orf62,22.284230434114903,-0.16413427929672464,0.47921489910887294,-0.34250662824119527,0.7319696566974803,0.9072322375694303
RPL27,642.0479050675688,0.158166468200999,0.46219065252711067,0.3422104435392523,0.7321925263791154,0.9072322375694303
SEC22C,9.695888880517906,-0.15543227352758565,0.45667229830967165,-0.34035844543867266,0.7335866083255049,0.9080996766139189
RPS6KB2,12.816404809865883,-0.13952343775009413,0.4095206504482345,-0.34069939476160954,0.7333298943514971,0.9080996766139189
GSTK1,57.844610438570314,0.09845216363912022,0.2920734671548929,0.3370801346597803,0.7360564922502394,0.9082242125405314
FUBP1,15.134724018802657,-0.1371357776620007,0.40446681919837857,-0.3390532205677415,0.7345696378726972,0.9082242125405314
CSNK1D,27.914206255274678,-0.13999684664405965,0.413511151317944,-0.33855639974366175,0.7349439326773797,0.9082242125405314
NDUFS7,31.76209499411572,0.11290189406534154,0.3327733007126856,0.3392756985718044,0.7344020478562079,0.9082242125405314
SMIM14,125.4271066791244,-0.1223412499611149,0.3625679759106741,-0.337429828582699,0.7357929018332878,0.9082242125405314
EMB,35.196600052424294,0.10158355408707354,0.30124230292704846,0.33721543455227776,0.7359545029331915,0.9082242125405314
PPP1R11,25.43753678274828,-0.11474074174017124,0.33947239760196674,-0.33799726443357375,0.7353652492603002,0.9082242125405314
RAB6A,17.150043113246323,-0.1416823192474064,0.4194069804950611,-0.3378158348250831,0.7355019762244015,0.9082242125405314
PATL2,9.85735267292662,-0.15561480271639636,0.4605150579411772,-0.33791468928747487,0.7354274775843406,0.9082242125405314
DERL3,10.884557582976448,-0.19744282190975704,0.5893209726506303,-0.3350344397581925,0.7375991068663953,0.9091441863049072
SZRD1,20.64457701642617,-0.12518144812378307,0.3736680812738027,-0.33500706749436604,0.7376197548862965,0.9091441863049072
POLR2J,16.574684788282504,-0.17855787889982894,0.5340537054806878,-0.33434442466626774,0.7381196712579841,0.9091441863049072
EI24,8.417919905325054,0.18511607209407127,0.5524428548502057,0.33508637222625554,0.7375599325987794,0.9091441863049072
LMAN2,28.61445235956615,0.10327261367106887,0.3087142658747998,0.33452491538875456,0.7379834929998071,0.9091441863049072
MACF1,20.297674530672356,0.15083030167343903,0.45341236872098234,0.33265590459940875,0.7393940385413135,0.9092026809316179
CYBA,266.4808346765641,0.13745583990582416,0.41300015389817574,0.3328227328934933,0.7392680972289505,0.9092026809316179
PPP2R2A,22.397093295328062,-0.13184539427651046,0.39766805391896565,-0.331546356256661,0.7402318317768293,0.9092026809316179
ZBTB44,10.50724859598149,-0.22301851333722308,0.67143491927042,-0.33215209238678656,0.7397744167460856,0.9092026809316179
AUP1,39.69324251683412,0.12920552934679982,0.3875674557221914,0.3333755903370133,0.7388507864192783,0.9092026809316179
HNRNPA3,72.34858650625236,0.0787631499885355,0.23785477664585708,0.33113966050724414,0.7405389951935787,0.9092026809316179
RPL26,928.3108626471555,0.21993112390040057,0.6640681328580594,0.33118758907139056,0.7405027942338798,0.9092026809316179
LMF2,9.101203563438713,0.16240904881921925,0.49024116229582865,0.331283991043608,0.74042998252833,0.9092026809316179
LGALS1,98.73585042161127,-0.19116691895782714,0.5727818068395079,-0.3337517300220251,0.7385669106070867,0.9092026809316179
VMA21,12.166699411848699,0.13103627156918532,0.39642546130915385,0.3305445395370208,0.7409885442946548,0.9094309775227886
UXT,85.95542490613825,0.10612191176569041,0.32223465860703837,0.32933115334159296,0.7419053992989361,0.9099088615646389
TROVE2,17.70795217855654,0.11855624737394353,0.3599528288715542,0.3293660665082569,0.7418790131972499,0.9099088615646389
RNF167,19.10301605276657,0.16897081881861004,0.5149397093532131,0.328137092070147,0.7428080098179104,0.9103686088354497
GORASP2,12.264542884844282,0.13976377593123943,0.4258840719786808,0.3281732873499806,0.7427806440071436,0.9103686088354497
CNPPD1,31.334652402315065,-0.13944049150034363,0.42881495956717613,-0.32517636894265006,0.7450475925083957,0.9127891314467206
NDUFA10,19.642314296239938,-0.10634252640353048,0.3274067758573762,-0.3248024605631713,0.7453305821726883,0.9128116821071264
CDC42,84.627841087742,-0.1110201190322648,0.34257790618899975,-0.32407261830544076,0.7458830566262866,0.9131641395886049
NOL11,9.641092538065198,-0.14110363454908084,0.43830705367876827,-0.3219287332128918,0.7475066850370209,0.9148272661857829
RPS3A,1964.3315862003897,0.0814891990662446,0.25399968736092676,0.32082401326128657,0.7483437606123255,0.9148780914643952
PHF5A,21.68817954613902,0.12147626482330233,0.3786260999469613,0.32083436625293127,0.7483359144974528,0.9148780914643952
ARHGDIA,54.97943356414727,-0.11811042066820299,0.36809928806648573,-0.3208656590687836,0.7483121990926724,0.9148780914643952
RNASET2,104.11647736732235,-0.08491675799836369,0.2659590932573325,-0.3192850334927307,0.7495103807753218,0.9156553872786333
CASP8,13.123267379162566,-0.1268613368870827,0.39704823522301713,-0.3195111465885908,0.7493389402571303,0.9156553872786333
ITSN2,56.53324499331217,-0.1155165400668326,0.3631532667960957,-0.31809307702494977,0.7504143348564039,0.9159318267767067
VPS35,22.88845627188211,0.12647280082727444,0.39849652622810044,0.31737491421664504,0.7509591396087534,0.9159318267767067
HIST1H1C,11.387739298036408,-0.12214272214928398,0.38363711785210763,-0.3183808773070026,0.7501960418924568,0.9159318267767067
S100A4,75.64425229099037,0.13288006301513447,0.41834518941141713,0.31763258280102985,0.7507636556092246,0.9159318267767067
TRNT1,13.784304447383985,-0.14292004913465894,0.4505156707256511,-0.31723657670876554,0.7510640979568995,0.9159318267767067
RAB30-AS1,8.150873031741346,0.19948900324909616,0.633906114145985,0.3146980267225423,0.7529909426369368,0.9170673351712715
MT-CO2,3744.2439498682056,-0.13010969515544624,0.41304958643842365,-0.3149977615940372,0.7527633534099621,0.9170673351712715
RPL9,1299.8144692239362,0.10181804056492376,0.3236335052583453,0.314609083764816,0.7530584813160035,0.9170673351712715
SEC31A,16.177187149796872,-0.12426765006456,0.39416511095930584,-0.31526800979955216,0.7525581718812555,0.9170673351712715
GPATCH2L,10.48277992151618,-0.14894352426747617,0.4743257531579393,-0.314011042571162,0.7535126519000738,0.9172966298712966
FGD3,8.522262757792427,0.15796348246407388,0.503640178590999,0.3136435280163666,0.7537917959014231,0.9173127674990863
DRG2,9.275059361765493,-0.13692914841378276,0.43896950597306134,-0.3119331674537452,0.7550913152519988,0.9182812787992106
GRSF1,16.218891402105832,-0.17236726167089206,0.5526443982894852,-0.311895428967332,0.7551199965082204,0.9182812787992106
POLR2L,56.038452968222074,-0.11432154439521786,0.3671793018324311,-0.3113507319848616,0.755534003891893,0.9183938407425996
NFYB,7.943953317523986,-0.14600014908021566,0.4736930437212034,-0.30821678936485597,0.7579173778734789,0.9183938407425996
OTUB1,31.00159131322772,-0.12697415272523538,0.410571407074729,-0.30926204440272803,0.7571222008329075,0.9183938407425996
SLC25A38,11.728505871258156,0.1293418932504471,0.42004594817843727,0.30792320176244653,0.7581407705608474,0.9183938407425996
GRWD1,10.80391962160256,-0.1233543289302302,0.3993286934131258,-0.30890424596314664,0.7573943668554619,0.9183938407425996
ZCCHC11,35.179231072430966,-0.14157287453941722,0.4570811762664022,-0.3097324543002047,0.7567644206433219,0.9183938407425996
TTF1,14.023030923518158,0.14101494453851388,0.4566552605182086,0.3087995622310171,0.7574740021686415,0.9183938407425996
HAX1,35.69394614464132,0.09426083503778745,0.30576186590767834,0.3082818544358587,0.7578678721798158,0.9183938407425996
C19orf43,120.04809568955599,-0.08556811886365386,0.27638199477268477,-0.3096009164201556,0.756864459311201,0.9183938407425996
BCAS4,46.05653269524765,-0.10965922055830787,0.3546496922969317,-0.30920433018871846,0.7571661001845787,0.9183938407425996
HLA-C,688.1345734503573,-0.09399582280689753,0.3024112351180961,-0.31082119938497244,0.7559365526099693,0.9183938407425996
UBE2D2,85.28202055327255,0.09985435684030415,0.3253268128682059,0.3069355272624161,0.758892446570981,0.9189817271568567
PABPC1,350.9713400561674,-0.09834925729589722,0.3221459886872762,-0.3052940615422964,0.7601421983894895,0.92003228859658
STUB1,16.71584142099046,0.12981362434785843,0.43259358764741673,0.3000821742500316,0.7641144758793543,0.92003228859658
VIMP,17.430226980593797,0.12224946437716949,0.4086583010577399,0.2991483693363094,0.7648268416507221,0.92003228859658
ATG4C,8.196662131433857,-0.14225982923040312,0.471781892626004,-0.30153728121816,0.7630048257836861,0.92003228859658
PHKB,15.153187103404372,-0.16351070971827442,0.5412110173287868,-0.3021200686661952,0.7625605342756059,0.92003228859658
FOPNL,7.905259688709253,0.13335852520939076,0.4453635852383031,0.2994374251276828,0.7646063102163505,0.92003228859658
PSMD8,42.472582833346905,0.09905638309485626,0.32525977394629324,0.3045454465304167,0.7607123745955613,0.92003228859658
SPG7,14.8642062503949,0.1182998030673939,0.3900760538156825,0.3032736870417904,0.7616812971820068,0.92003228859658
MED4,20.014559771947184,-0.15176921315964986,0.5051785283650525,-0.3004268879970652,0.7638515567202747,0.92003228859658
CLEC2B,36.440969156458344,-0.1373516754673868,0.4537006761344638,-0.30273632527424255,0.7620908124429344,0.92003228859658
WDR33,21.984814694344795,-0.11475003086870382,0.38317756958425536,-0.29946959315287347,0.7645817692112045,0.92003228859658
RAB5C,16.827239383196694,0.19439551967577304,0.6445368691595527,0.3016049647078469,0.7629532228589602,0.92003228859658
ARHGAP4,20.381412441461265,-0.13209573788047826,0.43649702564749837,-0.3026268911787608,0.7621742186781408,0.92003228859658
RPL29,1249.517863343834,0.07268472857733022,0.24242219447952765,0.29982703825193024,0.7643090900508578,0.92003228859658
STAP1,25.636110509152267,0.10305680137679887,0.340346262918962,0.3027998618023233,0.7620423887424236,0.92003228859658
CHTF8,12.145110525296667,0.14157073934978714,0.47172875291904015,0.30011047338910896,0.7640928906095525,0.92003228859658
ETS1,11.748383484842824,-0.1678273301139946,0.5501903349512502,-0.30503503869958926,0.7603394661896118,0.92003228859658
ZNF131,18.047479990909668,-0.15558713916544115,0.5141170453385178,-0.3026298010854621,0.7621720008293595,0.92003228859658
PDE7A,27.16549145155762,-0.12913108567298107,0.42507232792674715,-0.30378614929559533,0.7612908196274122,0.92003228859658
DPM1,12.180903979200624,0.16253000388767863,0.5476063901892082,0.29680078026759604,0.7666186097330292,0.9218662264130187
LPXN,30.78548354083123,0.10980676905346198,0.3721940342354564,0.2950256021137521,0.7679743220419468,0.9227317708959977
SUZ12,13.591830924978401,-0.14940030978692162,0.5062745155555859,-0.29509743270993927,0.7679194508478207,0.9227317708959977
SEPT2,26.75334066784219,-0.11637315982911123,0.3949087979855228,-0.2946836343549313,0.7682355662100877,0.9227317708959977
AFF4,29.280938537834516,-0.08879630137792524,0.30155882694654246,-0.2944576428985321,0.768408225444696,0.9227317708959977
MNAT1,11.548949207406704,0.11656598665841394,0.3971642686337662,0.29349565372382974,0.769143321130088,0.9232931307929031
KLHDC2,7.726971700907393,0.14740258438352302,0.5054435904471788,0.29163013869285037,0.7705694292815193,0.9245230885707777
RNF44,8.888429582414252,-0.13454788600648793,0.4616431546123771,-0.2914543076447485,0.7707038848491469,0.9245230885707777
LPIN2,9.564952623063459,0.12319758431620415,0.4251819217402896,0.2897526400274749,0.7720054819752786,0.9256703358565594
KMT2E,123.04977493572524,-0.08941472035424755,0.3088564847790564,-0.2895024866264707,0.7721968772739647,0.9256703358565594
RPL41,1850.349645443151,0.13026645144488302,0.45055196115871987,0.2891263664902635,0.7724846772832721,0.9256936910827679
CCNI,231.19375787385562,-0.07199663555959894,0.25000631837004067,-0.28797926400017976,0.7733626115304834,0.9261270467966882
YDJC,16.401993715886555,-0.13977896420310704,0.48542389814463927,-0.2879523746922279,0.7733831947307996,0.9261270467966882
IFIH1,9.96923083522795,-0.17293742107244592,0.6018219141622921,-0.2873564704156157,0.7738393878125706,0.9263518001226123
EBPL,8.810297120337953,0.15618312882806232,0.548093890793051,0.2849568868612583,0.7756771723823102,0.9265292519762756
AC090498.1,182.271320350482,-0.20364205405024183,0.7111476827107304,-0.2863569115123957,0.7746047730714715,0.9265292519762756
ELK3,9.948685216348172,-0.12548801956584563,0.44058806041697596,-0.2848193830924124,0.7757825214560956,0.9265292519762756
ATXN7,7.615795327321448,0.1523488885503728,0.5342714403283665,0.285152596696425,0.775527235612224,0.9265292519762756
VDAC2,44.82996706784461,0.07439438491868285,0.2617101787894437,0.2842624817376175,0.7762092358777375,0.9265292519762756
SFI1,7.177486751979049,-0.14237025237822223,0.5017865303747479,-0.28372673190708453,0.7766198071291313,0.9265292519762756
APPL1,26.23708780780881,0.10085236230066964,0.35454448286268897,0.284456160441026,0.776060825812679,0.9265292519762756
EIF4E2,14.836244151798098,0.13414124867464017,0.47083232584237455,0.28490237673177105,0.7757189350467951,0.9265292519762756
C1orf43,42.1006318939486,-0.08535303017405368,0.29776057592801525,-0.28664986930535796,0.7743804258169131,0.9265292519762756
ACBD6,12.802172662101238,0.11866591352020492,0.41834291001654544,0.28365704468497316,0.7766732164392431,0.9265292519762756
RSF1,38.765259918899545,0.08803775395630545,0.31136577579263613,0.28274704800869627,0.7773707480712065,0.9269118699027785
RPS23,2451.250833732776,-0.06557755447854184,0.23210201240448486,-0.2825376385115509,0.7775312902894611,0.9269118699027785
C19orf66,32.10595761095133,-0.09377768712757188,0.3363110757674106,-0.27884210150850813,0.7803660030068107,0.9271651838291748
GPATCH11,10.228144596936161,0.1247548797186465,0.4480145917845135,0.2784616438980881,0.7806580048092151,0.9271651838291748
AIM1,12.406430960828825,-0.11113062152689698,0.39866773400656264,-0.27875499331247017,0.7804328559487501,0.9271651838291748
ASCC1,7.481940984915018,-0.138764557734234,0.4959214016103833,-0.27981159369938474,0.7796220563851294,0.9271651838291748
RSBN1,16.33482067818762,0.11101282067921646,0.39625251586080434,0.2801567592272728,0.7793572398764186,0.9271651838291748
DPP7,34.23484381267061,-0.11915661993878666,0.42712888507567537,-0.27897111177033934,0.7802669944628168,0.9271651838291748
LEPROTL1,17.24971978409932,-0.1009132077168262,0.3636520458149696,-0.27749935378659196,0.7813967019465766,0.9271651838291748
HNRNPUL1,26.913377595116952,0.10639897266071803,0.3826729276375868,0.27804154664811814,0.7809804660345401,0.9271651838291748
NAP1L4,19.253902846535386,0.11909682571981324,0.42668169701704595,0.2791233524953739,0.7801501623521147,0.9271651838291748
DDX17,85.41854450364403,0.09327972998605848,0.3353915326331902,0.2781218990643879,0.7809187856423097,0.9271651838291748
GID8,13.480598197002195,-0.11713547950097766,0.4173644266929187,-0.28065515891981285,0.7789749048573759,0.9271651838291748
TMED2,29.998817847811814,0.10695578433597684,0.385625319360174,0.27735674751190326,0.7815061897319536,0.9271651838291748
UBIAD1,7.72708090755674,-0.1505383104880955,0.542043497141961,-0.2777236721441002,0.7812244874365504,0.9271651838291748
SNRNP40,16.802498949559208,0.10822375144750639,0.38996556046436553,0.277521305518967,0.7813798486089503,0.9271651838291748
NPM1,353.43643825443144,-0.06629058325333444,0.2395484088772478,-0.2767314697018248,0.7819863058370938,0.927415866324501
PLP2,62.32475012312476,-0.0975268824110644,0.35481259712692514,-0.27486871436015176,0.783417103974287,0.9284975270409993
ADRBK1,11.585522035113483,-0.13712081699475348,0.5027487979988717,-0.2727422075210237,0.7850513873561145,0.9284975270409993
OMA1,7.435126110221175,-0.12862531395606133,0.47095304051257036,-0.2731170687762619,0.7847632263653334,0.9284975270409993
RAC1,34.60535205179876,0.14209616300958008,0.5199946658263503,0.2732646550975052,0.7846497828266789,0.9284975270409993
HSD17B11,25.107888854470836,0.10230202128043539,0.37469427126026406,0.27302798341791573,0.7848317048317827,0.9284975270409993
TRAFD1,7.769478964757721,0.17576424845957808,0.643279097729757,0.27323171090103887,0.7846751052797789,0.9284975270409993
CCDC43,7.197217596374955,0.14550291920634664,0.5302390372854687,0.27441004711995803,0.78376952276853,0.9284975270409993
OARD1,16.391027097161334,0.13567343002153243,0.49624406704784313,0.27340060875418404,0.7845452848874664,0.9284975270409993
TFG,12.70071299718557,-0.12494714465006655,0.46058918390622405,-0.2712767668367692,0.7861781740965942,0.9288857740925336
RPL36AL,249.04378836210034,0.07839595464940394,0.28900157921405684,0.2712647967620199,0.7861873798116517,0.9288857740925336
UHMK1,19.275653119234427,0.09464018074458137,0.3482195440468388,0.2717830815718126,0.7857888146790749,0.9288857740925336
MRPL50,15.631036655269622,-0.1248129803754806,0.4615093252733601,-0.2704451969666088,0.7868177728993263,0.9289453453505421
ROCK1,43.13583831448325,0.09728312766982043,0.3607901093464493,0.26963912022434117,0.7874379010741457,0.9289453453505421
FBXW7,9.066703575812888,-0.15061765413834444,0.5588288488820473,-0.2695237628473534,0.7875266584475651,0.9289453453505421
IGHA2,9.018246442509087,-0.18974341188196267,0.7012277436589267,-0.27058742840364974,0.7867083659206917,0.9289453453505421
COX19,15.0362616821639,0.11249169719264024,0.41748772646754306,0.2694491120600302,0.7875840971450248,0.9289453453505421
MAP3K13,12.6316870650059,0.1254456195712327,0.4668969011706581,0.2686794863206436,0.7881763390471361,0.9290362670441438
RPL5,945.8110407067309,0.06578350831924556,0.24486781435353727,0.2686490606898141,0.7881997546777417,0.9290362670441438
STX4,9.780312064549905,-0.12299111272371505,0.4590688281485895,-0.267914319557994,0.7887652710966317,0.9293392155917581
RPS25,1391.9719210054343,-0.08433137569115207,0.3154178742507149,-0.2673639719736363,0.789188936215698,0.9293392155917581
BET1L,9.778517036370642,0.15148190726812677,0.56752771760984,0.2669154343793064,0.7895342727244763,0.9293392155917581
ATP6AP2,22.810663539469168,0.10239013499037586,0.383496324618413,0.26699117675314415,0.7894759545154755,0.9293392155917581
ZNF721,13.03189898881595,-0.11474902792726997,0.4305934071388345,-0.26649044324608506,0.7898615185725142,0.9294073120993089
CIR1,25.98416698383233,0.11184712085480687,0.42068617285772275,0.2658683077103033,0.7903406336791129,0.9296540014295737
PTBP3,19.779761295146432,-0.09181591535403558,0.34730468206255866,-0.2643670531844346,0.7914970964106424,0.9304263983897144
LYRM4,17.344227015564453,-0.1266501396086137,0.479162372302522,-0.26431570367268403,0.7915366606590759,0.9304263983897144
SMARCB1,46.940616514875515,0.08812193316718417,0.33625473826804647,0.2620689707484137,0.7932682686922754,0.9308760295878743
FADS3,13.502163155898803,-0.10595577223617474,0.4040858342102398,-0.26221105336013223,0.793158732105997,0.9308760295878743
UTRN,31.84278081858783,-0.12991664519127763,0.4938859534591758,-0.2630498889092549,0.7925121268997847,0.9308760295878743
PFDN5,403.81472918081016,-0.06064457258906552,0.23063924367002042,-0.2629412567612768,0.7925958565113292,0.9308760295878743
HELZ,11.655746760496303,0.10805618716780717,0.41213713653469086,0.26218502917829567,0.7931787947768585,0.9308760295878743
RPS19,2187.914576488235,0.06923462541912145,0.2652299136273776,0.26103626273614605,0.7940645428051762,0.9310340702305853
ENOPH1,7.327927598347868,0.13956568989283305,0.5350535286252791,0.26084435000629047,0.7942125416488732,0.9310340702305853
COPS5,16.857979183738845,0.09673922005138945,0.3705459287926232,0.2610721439218126,0.7940368728525764,0.9310340702305853
CSNK1E,9.872067151883863,-0.1241332112833847,0.4776909673410361,-0.2598609137919134,0.7949710620107113,0.9312903782468435
USP34,19.08606982678438,-0.13627606471111298,0.5240099418184333,-0.26006389160901056,0.794814490143805,0.9312903782468435
HPRT1,14.484228353544626,0.10124091310883143,0.3908727139010405,0.2590124854160661,0.7956256071740255,0.9317407823321073
SUPT20H,10.331667322727942,0.10836493607696457,0.41957430756980363,0.2582735265765436,0.7961958160516719,0.9317759719736324
HUWE1,11.050272111019844,-0.10527103559612885,0.4071920362723011,-0.258529210344701,0.7959985083571317,0.9317759719736324
SAMD9,26.403076848711475,0.13534404116779325,0.5247539942513687,0.25791902996542126,0.7964693978301408,0.9317800686720874
CISD2,14.751995239217857,-0.09988783464576938,0.389561834162538,-0.2564107309446872,0.7976337026764841,0.9328258556724984
PPHLN1,24.600028285462578,-0.09432117279216477,0.36843939471774206,-0.2560018666419299,0.7979493959630073,0.9328788261851492
SSBP4,11.766270408006227,-0.11429207810066319,0.447550233048948,-0.2553726255979029,0.7984353116130052,0.9329304345329393
UQCRFS1,31.98286805514197,0.11392220835372693,0.44632605069969794,0.25524436266969625,0.798534369036455,0.9329304345329393
OTUD6B-AS1,28.291537272655688,-0.10848189321641004,0.42608600614189795,-0.2546009295134717,0.799031341192161,0.9331950328750694
MTHFD2,19.533162769454997,-0.14335736329500062,0.5709273321541818,-0.25109563900907483,0.8017401674898763,0.9332463316970951
SIGLEC10,9.786482940793992,0.11544074968874024,0.45655418153527094,0.2528522448322421,0.8003823935758462,0.9332463316970951
RPAIN,25.23432998064815,0.09519134944781452,0.37559636596971474,0.2534405496763779,0.7999277961083338,0.9332463316970951
CHCHD10,77.07404135586606,0.11862973434317821,0.47136602277913225,0.2516722220319314,0.801294429623647,0.9332463316970951
RPS5,1145.6283668210494,0.06115103550686332,0.2435186033326146,0.2511144309715796,0.8017256390074188,0.9332463316970951
ATF7IP2,15.131081953547062,0.12095911185961214,0.47961491569352926,0.25220047980514476,0.8008861072289625,0.9332463316970951
DR1,15.417202783021802,-0.09357410652791628,0.3727659143924021,-0.25102645632296994,0.8017936547476384,0.9332463316970951
SSBP2,10.71403733971043,-0.10757142934140448,0.4240588577547811,-0.25367098782218905,0.7997497494111018,0.9332463316970951
MAPKAP1,10.069851319111375,0.11007698745640805,0.43595560231955627,0.2524958662550262,0.800657808875265,0.9332463316970951
EAF2,32.20354877109781,-0.13919174948558619,0.5536579688101715,-0.25140385820638267,0.8015018850636448,0.9332463316970951
NTMT1,17.932571342958916,0.10350277762318054,0.4128652805590315,0.2506938279795162,0.8020508328933006,0.9332463316970951
SRPRA,20.25898813225774,-0.08114989351720885,0.3252713923467253,-0.2494836478908866,0.802986688186107,0.9340202542960447
BCLAF1,57.56324163050637,-0.10122587028917053,0.406908950197621,-0.24876786376905388,0.8035403507561851,0.9343492450653316
EVI2B,55.99461227901571,-0.2661019416074505,1.0725064899465486,-0.2481121970839658,0.8040475987197326,0.9346240618541366
REXO2,13.30439340986479,0.1058762553780573,0.4276111291299046,0.24759939151605426,0.804444381569489,0.9347703322380388
CEP350,19.846649802041032,0.10230789918664926,0.41417486547068266,0.24701619464615027,0.8048956908521632,0.9348113794898207
LRP10,24.158446090420636,0.09745045080329325,0.39533108778584836,0.24650338365517652,0.8052925854619557,0.9348113794898207
TRIM38,44.79325501088804,0.104517162118226,0.42339808946789576,0.24685317368715012,0.8050218569218544,0.9348113794898207
HNRNPC,105.41841072787354,0.06422047275661615,0.26103959993737835,0.24601812434596973,0.8056682024084866,0.9349328282237734
ABLIM1,12.179233846954517,-0.10008882687513421,0.40787563875671357,-0.24539054889432704,0.806154046234622,0.9351820643945682
TMX1,14.177381766963924,-0.08578855814971742,0.3536846670516084,-0.24255662215970325,0.8083488882432144,0.935273064620048
LRRFIP1,90.65407483969393,-0.08377836283837263,0.34461949289117616,-0.24310395832666418,0.807924864886985,0.935273064620048
EEF1B2,656.6657132152843,-0.05709151011482257,0.23479296366635516,-0.2431568187705599,0.8078839166907624,0.935273064620048
WDR26,7.897169989064532,0.1415879766192899,0.5869526632800248,0.24122554590358977,0.8093803126434032,0.935273064620048
SETD5,17.32189053649176,-0.08674329507830365,0.3579215266380327,-0.2423528305019425,0.8085067807847939,0.935273064620048
MAP2K3,11.544416948652113,0.11126819686775997,0.4599444584943149,0.24191659408618635,0.8088447917596032,0.935273064620048
KRTCAP2,32.872214179696684,-0.12158590361841198,0.4997033486020196,-0.24331616739924442,0.8077604809027517,0.935273064620048
FAM65A,9.134514200338673,-0.12357997247032049,0.5116959492010896,-0.24151055458474077,0.8091594371827298,0.935273064620048
WAC,25.380035485933934,-0.13362909675410137,0.5542713375155546,-0.2410896752357347,0.8094856147696995,0.935273064620048
CD99,81.06521103453069,0.13470899780229273,0.5510468111281414,0.24446017122666425,0.8068744450691053,0.935273064620048
MT-CYB,1764.4547805736208,-0.10954864209034741,0.454020433678522,-0.24128570866904078,0.8093336865580886,0.935273064620048
ARFRP1,11.180223399908988,0.11838029265903845,0.4889270138238162,0.24212262630613518,0.808685146462065,0.935273064620048
ERGIC2,21.41734105523282,0.08986047856609967,0.37508907670051483,0.23957103564988017,0.8106628211317203,0.9356931190714067
YTHDC2,12.16185588668836,-0.11042616149586797,0.46081705280533264,-0.23963123939017147,0.8106161447274022,0.9356931190714067
MT-ND2,879.0046659754966,0.11038029483628946,0.4602767781804238,0.23981286927541132,0.8104753298173578,0.9356931190714067
RPL18A,2099.4776067524735,0.0665148921867283,0.2787213745565514,0.2386429540703658,0.8113824547175515,0.9362105246740978
ZSWIM7,11.02821315598936,-0.11379093588864056,0.48274279156422084,-0.23571752468830512,0.8136518702985589,0.9385151964326407
ABCE1,17.092029347284132,-0.11274102766796697,0.48338459354152735,-0.23323256300323406,0.815580821376148,0.9399344983832049
ZNF451,9.110024771257887,0.12191661047944521,0.5236187250477415,0.23283470328210534,0.8158897640653046,0.9399344983832049
METTL17,10.506872053472959,0.09600046460492305,0.4110519835808487,0.2335482334098528,0.8153357200363922,0.9399344983832049
HIST1H1D,8.994521490601244,-0.12733243888666865,0.5471283415287308,-0.2327286474155025,0.8159721225094778,0.9399344983832049
RBM25,73.18710703109127,-0.07961705032049726,0.34289048573787817,-0.23219381590354282,0.8163874807135778,0.940099068244941
DLGAP4,9.065625935129427,0.09669282954532903,0.4189211444216501,0.23081391529859452,0.8174593702613546,0.9410192950956535
ZRSR2,15.432502511569766,0.08820111496641095,0.3860654048408015,0.22846158671684583,0.8192874158357552,0.9424946931088213
RPS15A,1729.835787431664,0.07715258139570509,0.3372471002607314,0.22877166723170378,0.8190463891030085,0.9424946931088213
RALGPS2,74.83178125076924,0.06746901730295995,0.2969083532225737,0.22723852855828083,0.8202382697637791,0.9426455798417848
SMIM10L1,12.233856551095899,0.09383866084650887,0.411860817148397,0.22784070962666494,0.8197700772001529,0.9426455798417848
RPL11,2228.451667686276,-0.05488695486869551,0.24139783546652788,-0.2273713629727476,0.8201349862026764,0.9426455798417848
TNFRSF10A,8.848381431066802,0.09969382738103569,0.44061665281768153,0.2262597810216833,0.8209993773710392,0.9432060778987963
OXCT1,8.017598582811619,-0.10535079661840614,0.46705221785461454,-0.22556534920727014,0.8215394936040612,0.9435124011098573
CCNC,14.356541282410598,-0.09591902937057958,0.4307268115107098,-0.22269110444775414,0.8237759251523358,0.9454235945541538
GLG1,14.09943669739402,0.08285078207358462,0.373171224461859,0.2220181424574247,0.8242997601214188,0.9454235945541538
PXK,22.066809240175026,0.08691031066932907,0.3905300708500182,0.22254447776623762,0.8238900529760721,0.9454235945541538
PSMC4,18.21053480558902,0.08825434370323598,0.39716562291393526,0.22221042963318222,0.8241500753993093,0.9454235945541538
IGKC,654.7549062156176,-0.3004136455255821,1.3575425890342478,-0.2212922437588463,0.8248648888738603,0.9454431450547569
CEPT1,13.859617669356814,0.08983078911366067,0.4054056247743668,0.2215824932465035,0.8246389120950579,0.9454431450547569
YBEY,8.870861308892456,0.10207389011010363,0.46410973172944453,0.2199348195732474,0.8259219180738593,0.9463402913831997
ITGB1,35.890197836196194,-0.1034138292548126,0.4718848301031078,-0.21915056949852887,0.8265327593009532,0.9467257701156336
CCDC130,9.792772575548181,-0.09130057111537462,0.41923170857858827,-0.21778069083784396,0.8275999899599255,0.947146558105365
RPL39,1977.3427897139052,-0.08434491207980793,0.38702626690565717,-0.2179307176077745,0.8274830931198733,0.947146558105365
EED,10.943146456987778,-0.08359099810509617,0.38433859057882036,-0.21749311714758263,0.8278240703506043,0.947146558105365
DNAJC7,26.73636725661563,0.0991436481933254,0.45631629845338306,0.21726957491844626,0.8279982664480523,0.947146558105365
TRAM1,25.288211007274448,-0.07696542892289054,0.35507923944664266,-0.21675564317089863,0.8283987817089484,0.9472906187921353
ZNF292,27.416304266605692,0.0863604969701281,0.3990785090903584,0.21639976847406375,0.8286761467245863,0.947293805897887
NARS,10.374922660583902,0.09999739266847826,0.4653480066359117,0.21488733430143653,0.8298551599908158,0.9480852799600388
BRMS1,11.839350581594047,0.08423410819686022,0.39330741964660093,0.2141686222765571,0.8304155641609869,0.9480852799600388
PRKAA1,8.67459404089026,-0.1042821694158137,0.48706836728129416,-0.21410170813985163,0.8304677437794891,0.9480852799600388
BANF1,44.69456206090253,-0.0786095710543348,0.3664685317255007,-0.21450565123342283,0.8301527604806543,0.9480852799600388
HDDC3,8.658582019135856,0.1235686959508137,0.5797660560718773,0.21313544429978512,0.8312213191840412,0.9484401531074763
RPS26,656.1051663598498,-0.15060334235421735,0.7070641154366483,-0.21299814128059955,0.831328412462901,0.9484401531074763
SYF2,51.53531572138396,0.07738114431037647,0.36583884568982583,0.21151702511106105,0.8324838486125041,0.9485037244759376
RNF141,12.821116038922543,-0.08635895262229712,0.40787476443409776,-0.21172908979087018,0.8323183921972951,0.9485037244759376
PRPF38B,55.77106877791933,-0.08807253952418069,0.41621409282891275,-0.2116039342290686,0.832416039764984,0.9485037244759376
TMEM159,9.78639379377457,0.09147093104854524,0.43092070772374647,0.21226859004228962,0.831897498571081,0.9485037244759376
HNRNPF,74.55645344583743,-0.05764375017830031,0.27516949654053885,-0.20948452100615755,0.834070017774742,0.9496836836049042
SRRM1,77.66748117872109,0.06661851567452079,0.31786905023115736,0.2095784903439803,0.8339966690251903,0.9496836836049042
RBM5,23.098629177653756,-0.10857063940695419,0.5226867681285696,-0.20771644898469702,0.8354503733664201,0.9509415335249586
SMIM12,12.885570048232125,0.07696118809601463,0.372890992121754,0.2063905798799392,0.8364858286016935,0.9518061044445392
QRSL1,24.58553937351872,0.08031844335895585,0.39179294153541877,0.20500227248656272,0.8375703495455661,0.9527259168915935
TMC6,30.17686648421897,-0.06824816271481246,0.34022355916412567,-0.2005979917513272,0.8410129285046364,0.952871790916583
LYRM7,8.846720151332352,0.0964935365753229,0.48042365482976834,0.20085092731229917,0.8408151400107526,0.952871790916583
THOC6,8.783337656191014,0.09741756239283864,0.482557733197701,0.20187752820226226,0.840012470271166,0.952871790916583
ACTN4,11.689973759290904,-0.08772674302983251,0.4360057102829789,-0.2012054910310592,0.840537898073592,0.952871790916583
RPS27,3114.1007503236715,0.095904539874672,0.4768724123022978,0.2011115287874452,0.8406113674970176,0.952871790916583
ZNF24,27.22577595026658,-0.06179999032296099,0.3049190471251357,-0.20267671339533902,0.8393877254345166,0.952871790916583
TMEM243,83.2239455867902,-0.060738129283951156,0.2976537210872355,-0.20405634124812505,0.838309471085417,0.952871790916583
LYRM5,11.679485373663315,0.09262374641360753,0.45315186353890546,0.20439890876815361,0.8380417828618759,0.952871790916583
TRAPPC2L,13.946868397642254,0.08366551972387669,0.4110297693111192,0.2035509979340403,0.838704389302243,0.952871790916583
CAMK1D,22.543732497831098,0.07588847564463468,0.3740106639733766,0.20290457720755437,0.8392096166062869,0.952871790916583
C17orf89,20.456052536150594,0.1094713609667097,0.5442574730576163,0.20113892116483778,0.840589949153114,0.952871790916583
UBE2I,65.29351763580812,0.05230737555720753,0.2584380894699528,0.20239808947855975,0.8396055218709513,0.952871790916583
ZNF706,62.835110204027785,-0.06343292988848212,0.3171958561855942,-0.19998032336011015,0.8414959699646148,0.9531060723499414
GATAD2B,7.501363624468761,-0.08636040218255203,0.4351641464573575,-0.19845477364255842,0.8426892663556697,0.9539241914261122
TBCC,15.89008779262856,-0.08125186909743906,0.4096390014760885,-0.19834993446585167,0.8427712856425478,0.9539241914261122
NFKBIE,10.115876151646352,0.08463569388426839,0.4297622899856069,0.19693606409046016,0.8438775712238626,0.9548631094530423
UNC119,15.24668992903519,-0.08874243781364996,0.4767732592032104,-0.18613132364419405,0.8523417783956823,0.9560848384748593
AHCYL1,8.90473290925711,0.09464524694330775,0.5117441997781994,0.18494639897106596,0.8532710775837946,0.9560848384748593
RTCA,9.232394383432197,-0.07546482437901042,0.39607672745092404,-0.19053082180487593,0.8488931932196437,0.9560848384748593
EIF3A,45.935422773748606,-0.07833500658604321,0.4110149183656517,-0.1905892051255277,0.8488474482271695,0.9560848384748593
LETMD1,12.845450270478285,0.07600220417125667,0.4054098473251552,0.18747004956270782,0.8512921043517667,0.9560848384748593
RNF115,14.49138070418951,0.07247299123081893,0.384802127456021,0.18833833302832212,0.8506114375836284,0.9560848384748593
THUMPD1,16.66938477466515,0.085170260336475,0.44541538670911457,0.19121535285465285,0.8483568757039222,0.9560848384748593
CHTOP,13.522061165488074,-0.07483588724011281,0.3981927897116266,-0.18793883057076288,0.8509246026733638,0.9560848384748593
EIF3E,175.63495092627994,0.06596776939441415,0.35057128877791705,0.1881721963723161,0.8507416672169748,0.9560848384748593
SNAP47,7.474557147879365,-0.11681827971915179,0.6151584522362599,-0.18989949547874563,0.8493878878253598,0.9560848384748593
CELF2,41.69343887988461,-0.05664811076207286,0.3043348173782004,-0.1861374628446656,0.8523369641462185,0.9560848384748593
TMEM256,27.892743239745453,-0.07026619967799894,0.3788260957509764,-0.18548405314767133,0.8528493869901062,0.9560848384748593
PTPN2,30.45731881275018,-0.06826001540434089,0.36640618265962,-0.18629602510761215,0.8522126244070864,0.9560848384748593
CYB5A,13.306793270148967,-0.07708607436819503,0.4119382908979926,-0.1871301504896608,0.8515585890191126,0.9560848384748593
UROD,7.848593306931311,0.1169516801109399,0.6089879959445093,0.19204266896846436,0.847708782418763,0.9560848384748593
TMED10,28.69537300485,-0.05848180906467601,0.31250178463782047,-0.18714072027606035,0.8515503019330816,0.9560848384748593
SYAP1,26.489039918322426,-0.07708328558682372,0.4028893581306621,-0.19132618926565104,0.8482700440065262,0.9560848384748593
ICAM3,52.80826484287479,0.06908996166646175,0.3677263491466962,0.18788417481310227,0.8509674484828397,0.9560848384748593
ECHDC1,22.022534911223573,-0.06178175567235123,0.3309461373720574,-0.1866822080563966,0.8519098067708181,0.9560848384748593
PAK2,39.619598462040116,-0.056587120209839914,0.29602914501126393,-0.19115388185067647,0.8484050342423277,0.9560848384748593
TMEM69,8.221562581793753,0.0899172062526571,0.46188631466026836,0.1946738913855761,0.8456482524976113,0.9560848384748593
NAAA,15.350844220206733,0.08313614519756557,0.43325976328206445,0.19188522046863044,0.8478321146755203,0.9560848384748593
CCT2,37.4188810053761,-0.06279741851795563,0.3333521513639748,-0.1883816206405384,0.8505775063678906,0.9560848384748593
TLE3,13.183065163061173,-0.0819837489292062,0.44314342344832286,-0.1850049997160044,0.8532251140632008,0.9560848384748593
USE1,13.53083183002821,0.09770457527446198,0.5069661355000846,0.19272406662445737,0.8471750743435448,0.9560848384748593
IGHA1,68.08939833385648,-0.06567991056027932,0.3435453092832964,-0.19118267310154993,0.8483824780971096,0.9560848384748593
BAX,37.81752950229478,0.08796036790404094,0.45211434211743606,0.19455336783187774,0.8457426124372233,0.9560848384748593
ZFP36L1,204.87751006308608,-0.08099649293548024,0.4171367422094804,-0.1941725212371844,0.8460407982484747,0.9560848384748593
PCID2,9.810236534513226,-0.09882317434665544,0.512270409081833,-0.19291212725673731,0.8470277872558603,0.9560848384748593
VTI1B,17.943463585402316,0.07248080380912442,0.39045198173369844,0.18563307961018058,0.8527325106391421,0.9560848384748593
MS4A7,8.658868712668788,0.089228912522715,0.4910230192748325,0.1817204265789672,0.8558021347808817,0.9563760040444396
RPF1,12.92264090203118,-0.08322060373287893,0.4537630943255931,-0.1834009966292341,0.85448339393279,0.9563760040444396
LINC01420,29.94049412956748,0.05655669481446819,0.30798404841683913,0.18363514313547133,0.8542996916867842,0.9563760040444396
BMS1,9.359361163093812,-0.08472231735321639,0.46066565327309006,-0.18391281562072878,0.8540818508880232,0.9563760040444396
DDIT4,84.7048425433635,0.08648618397426748,0.47258937547948826,0.18300492660572146,0.8547941530288085,0.9563760040444396
RPL15,1308.6827666797094,0.06353195750158525,0.34901120440666555,0.18203414875918492,0.8555559267611208,0.9563760040444396
ZDHHC24,12.533503212799534,0.08963710768815834,0.4911136979373163,0.18251803617906673,0.8551762012596683,0.9563760040444396
TAX1BP1,40.6773197115678,-0.06306054597868294,0.34756471006903594,-0.1814354108797679,0.8560258262287621,0.9563760040444396
AMZ2,16.306602294726254,0.06975520301745668,0.3824699834248316,0.18238085612061095,0.8552838484479712,0.9563760040444396
TP53INP1,11.131979909924649,-0.11098912420069448,0.6154949299068512,-0.1803250015682364,0.8568974289704288,0.9570398607795335
CCM2,13.274009087035344,-0.08647823752703955,0.48456090290536147,-0.17846722054653558,0.8583560621258447,0.9577388144677116
NRBP1,15.488439406037438,0.06603853102553653,0.3690133069561051,0.17895975505672468,0.8579693022936208,0.9577388144677116
USP14,9.675104753606968,-0.07666269951771544,0.42918593024877194,-0.178623515158754,0.8582333290124358,0.9577388144677116
DENR,15.835879062938588,0.07164962232517927,0.4051605985245866,0.1768425226591507,0.859632087151332,0.9579830147991957
NACA,656.453585522195,-0.03709257396172397,0.20941052931348889,-0.17712850487186416,0.8594074522724475,0.9579830147991957
PRKAG2,9.541980830668924,-0.0983866508724499,0.5535687794342619,-0.17773157469790735,0.8589337869929052,0.9579830147991957
MGAT1,12.089370318359338,-0.08937952750253556,0.5056136305528103,-0.1767743630740589,0.859685627193713,0.9579830147991957
GNAI3,19.134149862154096,-0.07530530367781614,0.4270237871824961,-0.17634920100044238,0.8600196108486735,0.9580457402092101
USP16,37.073763043521126,0.07471230740274602,0.42538102028527486,0.1756362034033428,0.8605797582476187,0.9583602859762054
ORMDL3,8.78969321889326,0.08616711143517516,0.4922737389944218,0.175039017135447,0.8610489755842409,0.9585460275335327
KMT2A,18.352694111521124,0.07631443779711054,0.4367895467065147,0.17471672198324686,0.8613022276388266,0.9585460275335327
API5,11.105812737974038,-0.07077447655681655,0.40742251619171965,-0.17371272755949604,0.8620912344612,0.9589879727604955
TSC22D4,22.40534877294818,0.07755894587834294,0.4470152823759271,0.17350401414938224,0.8622552728994368,0.9589879727604955
TCF4,74.4326385336669,-0.07031927114862083,0.4062551247348418,-0.17309140701798514,0.8625795792114944,0.9590394934836145
RPL17,111.86077812064009,0.08117584822107503,0.4739277299924079,0.17128317902473322,0.8640011062026122,0.9603105078605064
TM2D1,13.456077291939073,-0.06645126353950757,0.3982945427839432,-0.1668395029342754,0.8674963354335605,0.9606914593378625
BLOC1S4,9.779078625213987,0.08163307417601894,0.48999666274568626,0.16659924522463004,0.867685387622255,0.9606914593378625
ZNF770,12.703355015346471,0.07102483740203928,0.42508477808790673,0.1670839349306257,0.8673040063899835,0.9606914593378625
TMF1,22.278329084986037,0.0706858143630306,0.42167533648938615,0.1676308957301557,0.8668736638404456,0.9606914593378625
ARRDC1,11.182889105430151,-0.08244083090237947,0.4907545335859549,-0.16798791505802785,0.8665927863593447,0.9606914593378625
MFSD10,19.663303004950475,0.0655446977084511,0.38726131963069516,0.16925185755953276,0.865598541678645,0.9606914593378625
BLNK,44.227581000000704,0.05490269721471976,0.32323187311445706,0.1698554560406195,0.8651238129127319,0.9606914593378625
SNRPB,68.25404407007869,0.044771339392364905,0.26848210016480367,0.16675726003663816,0.8675610492569332,0.9606914593378625
SLAMF1,14.447300087070778,0.07821342149578982,0.46401578143786637,0.16855767545971476,0.8661445741992568,0.9606914593378625
FASTK,11.440962288950725,-0.06967232203794672,0.4130968924064189,-0.1686585479548965,0.8660652255364777,0.9606914593378625
FAM65B,64.49125824791484,-0.06824437620911177,0.4056634289042381,-0.1682290572592426,0.8664030823106261,0.9606914593378625
USP22,11.371990581763185,0.08485725008382261,0.5039164802860295,0.16839546512877798,0.8662721754663625,0.9606914593378625
HIP1R,11.788072729396427,0.07975747351067056,0.4808348212573626,0.165872915156411,0.8682569627660119,0.9610158875658457
PET100,23.957599788376534,-0.06899039428991777,0.41750610721841946,-0.16524403618801498,0.8687519057865882,0.9612553158960004
TRMT112,84.5990524501052,0.04297288343813678,0.26246185742594286,0.16373001341828175,0.8699436890881445,0.9622653822873032
TXNDC9,9.081390128647486,0.07341497358233275,0.4517997357635404,0.16249450314144526,0.8709164566099911,0.963032620289894
CCDC94,7.295170853128399,-0.07386121324318769,0.4573345433408662,-0.16150368328538117,0.8716967105979544,0.9631994463052042
CTSZ,26.440425355978768,0.09725846700154579,0.6024776332767038,0.16143083432423005,0.8717540828677357,0.9631994463052042
HNRNPK,104.01995152409188,0.04798165307664962,0.29758029417448567,0.16123934956699676,0.8719048900901891,0.9631994463052042
SKAP2,29.361095488382354,0.06576998430614973,0.4107840130954368,0.16010843219175985,0.8727956589388256,0.9638748474196377
SRSF5,148.0674465412124,-0.06170636770350728,0.39799299594773735,-0.15504385336371668,0.8767867453031553,0.964285888151075
CALR,120.20553097962538,-0.05667772644273664,0.36344187287010066,-0.155947155992656,0.8760746748748242,0.964285888151075
CRIP1,43.2752988773042,-0.10641305084145324,0.6707601767615924,-0.15864545112861628,0.8739482174157241,0.964285888151075
CCT6A,34.677209241730196,-0.047265215177891486,0.305042919493048,-0.15494611465311742,0.8768637983900152,0.964285888151075
ELAVL1,16.50038644655976,0.06823373638836737,0.44124665155420895,0.15463853640141353,0.8771062877525174,0.964285888151075
ST6GAL1,24.22238042037868,0.07932847521010353,0.5081213382082177,0.15612112549698973,0.8759375468001188,0.964285888151075
PCBP2,186.71323066218753,0.07172347187499416,0.46178647209478696,0.15531739496316838,0.8765711028251487,0.964285888151075
SNX1,12.94462222200535,0.0752305691916342,0.47820900266035005,0.15731734194278027,0.8749947535393192,0.964285888151075
SSR4,95.95527345745897,-0.03995373921618101,0.251807735264501,-0.15866764050839527,0.8739307342845412,0.964285888151075
SNRPA1,20.3380896390311,0.05210138413103215,0.33253006233284893,0.15668172605363062,0.875495689683938,0.964285888151075
BTN3A2,20.15201997118135,0.0656598840375137,0.41596678596212483,0.157848862585611,0.8745758944945492,0.964285888151075
SMCHD1,96.00792736455085,-0.0851103350676036,0.5454767835282891,-0.15602925300887655,0.8760099630363478,0.964285888151075
AP3S1,26.98580082522968,0.05410334526180824,0.3492815069079051,0.1548989688597331,0.8769009665669962,0.964285888151075
ATM,38.88557030267948,0.06630125263515828,0.4290798411715807,0.1545196168016798,0.8772000449967424,0.964285888151075
BPTF,35.81831804748515,-0.08289141175444371,0.5371529336811384,-0.15431622273080473,0.8773604066394853,0.964285888151075
EMC6,21.031381283264245,-0.06120675354544064,0.39815755594987906,-0.15372495794892183,0.8778266050898264,0.9644910151464653
MRPL33,25.43111904524131,-0.05581804617356641,0.36733421543629313,-0.15195438874995554,0.879222910301066,0.9655754324897515
NDUFS4,17.654810220323615,-0.0572133403149944,0.377873171361799,-0.15140884468935964,0.8796532128450113,0.9655754324897515
PNOC,20.595099811818038,0.06107041703765988,0.4027507958983085,0.1516332622048491,0.879476197299608,0.9655754324897515
SRPRB,11.50825056500109,0.0784910745942588,0.521064281028098,0.1506360682397768,0.8802628076852452,0.9659372412576641
PUF60,25.219506000291847,-0.056717318799890594,0.37777313238668575,-0.15013592534112555,0.8806573768778386,0.966038536372445
FAM179B,10.425133240247723,-0.06005677111154311,0.4008883701361877,-0.14980921270213185,0.8809151407036847,0.966038536372445
C20orf24,24.349103839658966,0.06590233240182145,0.44206444502995634,0.14907856341478806,0.8814916407737915,0.966363571868313
VASP,42.28653652375475,-0.053211385097638404,0.3585150019122986,-0.14842164153190773,0.8820100217488248,0.9666247061732672
H3F3A,485.03663591520217,0.030889716178476415,0.20882853976842872,0.1479190354571756,0.8824066653407413,0.9667523008655311
GPX4,90.24258290711279,-0.04307806659917017,0.2970604368959288,-0.1450144861069534,0.8846994344306567,0.9681511836081351
ARMCX3,19.55007986224562,0.05981552024099134,0.4105508281390201,0.14569577295003458,0.8841615584589698,0.9681511836081351
CCND2,15.645583421912056,0.06849887008612786,0.4764196963136149,0.1437784176769988,0.8856754459782447,0.9681511836081351
ITGB2-AS1,9.212821049774126,-0.07367596639206282,0.5124574228195153,-0.1437699272394208,0.8856821507111474,0.9681511836081351
CCDC85B,47.80070469651547,0.06903158896277935,0.47610846059855727,0.1449913090727137,0.8847177336355804,0.9681511836081351
C10orf128,8.393166650554408,-0.06968014703702352,0.4821780634033412,-0.14451123418017503,0.8850967859735626,0.9681511836081351
KIAA0141,8.777473506231358,-0.07862518084943167,0.5480711256638269,-0.1434579877825171,0.8859284888843139,0.9681511836081351
MED28,32.77722823987348,-0.05253861726902091,0.36525710292333574,-0.14384009742323425,0.8856267389317766,0.9681511836081351
DHX29,13.73889052313948,0.062491882720085705,0.44125853262796805,0.1416219247884178,0.8873786480100494,0.9691219802578888
LBH,66.25406441854956,0.04470961883804983,0.3154849909244939,0.14171710263310225,0.8873034653430592,0.9691219802578888
SENP6,23.549388172851838,-0.05611834397449041,0.39801691605172196,-0.14099487160288907,0.8878739937394673,0.9693561007598614
RAB14,17.895798834883255,-0.053979570822623224,0.3864425736474825,-0.1396832919135458,0.8889102280934045,0.9700251566119562
RABEP1,17.888849631341756,0.05132817975431348,0.367924206034673,0.13950748255328527,0.8890491435382625,0.9700251566119562
TACC1,20.782751379387285,-0.0638620868376704,0.4700642929793668,-0.13585819597761617,0.8919333837601428,0.9702291454815132
CD48,123.9829002840211,-0.050598319804399466,0.3683427511058448,-0.13736749169758963,0.8907403252922201,0.9702291454815132
GTF3C6,30.74013491519269,-0.04442465609834694,0.3309321534160214,-0.1342409785201495,0.893212022974265,0.9702291454815132
SNW1,24.27099565153411,0.04554014791925243,0.3427485829217934,0.1328675016860494,0.894298168878612,0.9702291454815132
DNAJC2,20.991693672267562,-0.04992792781150721,0.36416141816662784,-0.1371038372567571,0.8909487194217441,0.9702291454815132
CDK12,18.27805410116314,0.054960836058518,0.39930057851862555,0.1376427659143858,0.8905227548725206,0.9702291454815132
IGHM,108.5387182001527,0.07441593147261698,0.5542996575728097,0.13425216930220113,0.8932031741200415,0.9702291454815132
IFI30,14.25448921250676,0.09852971750219322,0.7329450221775538,0.13442988835569808,0.8930626486375615,0.9702291454815132
TBC1D10C,44.51137783102324,0.050710457830260826,0.37428843059711997,0.13548497277717092,0.8922284446925509,0.9702291454815132
TBC1D5,15.186632135018689,-0.049628016920385834,0.3574604360345053,-0.1388349924006563,0.8895805418097903,0.9702291454815132
SERINC3,18.908488458004484,-0.052158137008228675,0.3803173984157201,-0.13714370477265225,0.8909172074024692,0.9702291454815132
MAP3K1,17.94416887218727,-0.06539999145957821,0.4797570782342712,-0.13631897146839508,0.891569126816801,0.9702291454815132
ME2,9.187775277773797,-0.056984525994042586,0.4284541227233306,-0.133000297982521,0.8941931448377638,0.9702291454815132
TMED8,11.676691192131154,0.06352819793743573,0.4718404253854189,0.13463915874851812,0.892897179278195,0.9702291454815132
MARCH6,16.73350373745921,0.07434635803448252,0.5595130186926419,0.13287690464861784,0.8942907323367103,0.9702291454815132
TIMMDC1,10.2550798053162,0.0583504661626617,0.4269958373223779,0.13665347776823325,0.8913047038121978,0.9702291454815132
FIP1L1,14.626863595359215,-0.04892260010963266,0.36235877124959726,-0.13501149686793193,0.8926027843757081,0.9702291454815132
RPL3,1659.83105109949,0.038287231039611236,0.28674164247202866,0.13352518563238025,0.8937780473527368,0.9702291454815132
THEM4,7.919223751922987,-0.06380523410727772,0.49086994785611554,-0.12998398941705103,0.8965790938104471,0.9702628210934888
CHD7,21.286593490223336,-0.054232299302648515,0.4163213921713155,-0.13026546394793959,0.8963564029822315,0.9702628210934888
PIGT,16.229788441651134,-0.05570608985051902,0.42604595904064724,-0.13075136301246865,0.8959719992713039,0.9702628210934888
GPCPD1,15.02277889715701,0.06309565903354111,0.4844463786958711,0.13024281284420894,0.8963743232823954,0.9702628210934888
KANSL2,7.323376542948,-0.06190348140192035,0.47503154035243755,-0.1303144657636683,0.8963176356374507,0.9702628210934888
OSBPL8,30.661504399440247,-0.048124285887655674,0.3658248905676486,-0.1315500588628113,0.895340189359061,0.9702628210934888
U2AF1,10.89710894807614,-0.07491235375804896,0.5729997077566734,-0.13073715875237546,0.8959832361773374,0.9702628210934888
EIF4H,31.17361951449262,-0.039728700392173515,0.30358512894360096,-0.1308651070308328,0.8958820178048991,0.9702628210934888
PRIM1,7.190406991946615,0.07679411090043363,0.5925518588329699,0.12959897054694847,0.8968837177630079,0.9702881236382493
PRPF4B,29.086676355751287,-0.053984083416313944,0.42525850173907226,-0.12694416030614056,0.8989845944781789,0.9704025225678716
NEK1,12.501865675611123,0.05165630540562603,0.4089840903595732,0.12630394830324698,0.8994913309966176,0.9704025225678716
RNGTT,16.531441651879444,0.06575289261322796,0.5168481729691399,0.12721897077723432,0.8987670908686017,0.9704025225678716
OLA1,22.025576900784678,0.0462651597853914,0.36615128636338845,0.12635531133837213,0.8994506749402791,0.9704025225678716
CDK5RAP3,17.71889122060329,-0.04256996973890187,0.3334748681945192,-0.12765570601881274,0.8984214446857607,0.9704025225678716
COPB1,12.73250703648725,0.06698774989455904,0.528321205641885,0.12679360430587322,0.8991037579066653,0.9704025225678716
PPP2R5E,15.552469540172037,-0.04922552140350362,0.389854066972471,-0.1262665329767603,0.8995209470063923,0.9704025225678716
ADAM28,78.64400497304828,-0.0433827691948567,0.33904084788844807,-0.12795735223364765,0.8981827235091611,0.9704025225678716
EIF2B5,9.460032636505002,-0.05313294015287868,0.4165264195183959,-0.12756199286065228,0.898495610642865,0.9704025225678716
SEPT9,49.67560347638947,0.04415360592744216,0.35461968965056084,0.12450974160783554,0.9009116877129992,0.971568371951148
HIPK2,9.936994256415492,0.08239741021355744,0.6634788050350214,0.12418996596162275,0.9011648667372967,0.971568371951148
RPL14,1106.2527028845614,-0.02683048001701865,0.21719167357178323,-0.12353364922228938,0.9016845301209119,0.9718249387432509
WDR48,7.685196940414173,0.056024935764526086,0.4585635075275522,0.12217486748258069,0.9027605301683873,0.972405338999384
TTC3,40.18279597265561,0.04968943459627639,0.41018490511602373,0.12113911062188253,0.903580851471564,0.972405338999384
HNRNPL,14.821766976138019,-0.042984664987024954,0.35281600499663207,-0.12183309254191933,0.9030312051061302,0.972405338999384
ATP6V1D,11.771917114443786,0.05094785060584334,0.4207988341597049,0.12107412490241644,0.9036323237194275,0.972405338999384
TAF10,12.467776142213076,-0.09102921177624836,0.7507310294384965,-0.12125409528407659,0.9034897783164628,0.972405338999384
PNISR,126.9398716775037,0.04361338639665096,0.3635603360141238,0.11996189373902613,0.9045133342996766,0.9730498919033005
RIOK1,7.918863375995544,-0.05048365779201472,0.422489740667953,-0.1194908489664162,0.9048864895614217,0.9731478768662422
KTN1,39.55340670359991,0.04606947437222052,0.3884476060439372,0.1185989401283879,0.9055931050814482,0.9736043043100644
CHD9,34.671286506878815,0.04670918175872126,0.39750905896783706,0.11750469757847848,0.9064601217046517,0.9742328410844387
RPS12,3083.8267557812865,0.028106790909883973,0.24099746629337676,0.11662691455713624,0.9071557085346461,0.9742431356752428
RPS15,1562.4986795149184,-0.03329410788729398,0.28597398413748487,-0.1164235550576779,0.907316868094074,0.9742431356752428
VPS36,17.26760446911958,-0.046743676027363915,0.3994941182041115,-0.11700716956108326,0.9068543720223174,0.9742431356752428
BBIP1,8.137641873323872,0.04885091570376964,0.43805553897926774,0.11151763043014884,0.9112058857375707,0.9747322526399831
HLA-DPB1,791.3912023447376,0.03036092643080491,0.27231849022344123,0.1114905065972323,0.9112273933051469,0.9747322526399831
RPS24,1133.4921938470081,0.0222559265875605,0.20011494139144848,0.11121571649177998,0.9114452889903146,0.9747322526399831
TMED4,21.574261769177838,-0.04027469080617635,0.3515941024890596,-0.11454882354697506,0.9088027454766241,0.9747322526399831
RPLP1,3705.619465210403,-0.025855757016232234,0.2286904676237142,-0.11306005573776311,0.9099829427851348,0.9747322526399831
POLR1E,8.358328270063733,0.05092139743977001,0.45249616891905403,0.1125344277751868,0.9103996736869572,0.9747322526399831
FCRL3,10.927579681934668,0.05168149044770941,0.46070217384242634,0.11217982762413878,0.9106808234240761,0.9747322526399831
VPS4A,10.624185628511091,0.04552490013295051,0.40541733362302024,0.11229144971705161,0.910592321063656,0.9747322526399831
RPS2,1278.7336513480786,0.06790696988461735,0.6069067011275345,0.11189029509553476,0.9109103916735104,0.9747322526399831
INTS10,11.642978898781244,-0.04638190222783269,0.4072479287267611,-0.11389106968043579,0.9093241448656991,0.9747322526399831
TRA2B,66.5409523815005,-0.04958379591122332,0.4416511846196875,-0.1122691337371158,0.9106100147562645,0.9747322526399831
CELF1,19.173653447295013,0.05323076552854231,0.47808294539829244,0.11134211341547771,0.9113450613209572,0.9747322526399831
COX17,38.49866158575831,-0.037649359137909955,0.3312304259874469,-0.11366515930917773,0.9095032323183528,0.9747322526399831
RALA,13.724979878170938,-0.04388135945057077,0.39667029527020803,-0.11062426396380198,0.9119143057177715,0.9749316252638089
PCNA,17.11018647826761,0.05932098374796497,0.5412799882940007,0.10959389785484602,0.912731450313097,0.9752008372809491
SIGIRR,16.091589230717606,0.049329312790670425,0.4491361123838836,0.10983154422574663,0.9125429736988916,0.9752008372809491
SC5D,24.378855165368677,-0.07144241853973572,0.6548157896427095,-0.10910307856002864,0.9131207331305304,0.9753147149536624
ACD,10.302390834399798,-0.04442723636177686,0.40964160284575135,-0.10845391691943392,0.9136356337941697,0.9755626544691691
HCFC1R1,12.851761355568058,-0.05545683001892279,0.5209433123662712,-0.10645463470300111,0.9152216470740931,0.9765632445636467
NUP160,10.266558373680532,-0.04405018361982825,0.4147764072407081,-0.10620224017289516,0.9154218935996619,0.9765632445636467
PRPS1,14.1883226635259,-0.042153127266660685,0.3953807465323398,-0.10661401101687892,0.9150952027576353,0.9765632445636467
YBX1,231.38591008285908,0.048474070101405996,0.4601784482710966,0.10533754956044648,0.9161079684621078,0.9769930421002387
TMEM59,52.609447637302296,0.03328755682621237,0.32260929411100353,0.10318226236457645,0.9178183173473002,0.9785145843164975
PLCG2,24.82706463565999,0.03827225171123572,0.38377571919691433,0.09972556833799673,0.9205622011274739,0.9786879813168521
PSMD5-AS1,21.1430927835522,-0.04457866017612217,0.45007845817985176,-0.09904642038723946,0.9211014131408171,0.9786879813168521
FRG1,18.973447425261774,-0.04571961024528675,0.4590677209693602,-0.09959230012675675,0.9206680070417574,0.9786879813168521
CUL5,14.648735447087029,0.042160795635578945,0.4111444518094818,0.10254497038699095,0.918324119749199,0.9786879813168521
DCAF13,14.605208718142588,0.044045674758437084,0.4360434731207096,0.10101211799641811,0.9195408406108329,0.9786879813168521
C14orf142,7.660581147914792,0.05302024977896037,0.5271035634484847,0.10058791754714097,0.9198775884570197,0.9786879813168521
FUNDC2,22.18121846703771,-0.03662601610989642,0.36797041598312846,-0.09953521946062026,0.9207133256460451,0.9786879813168521
SNAPIN,14.148868678151942,-0.04286224431627367,0.4317471273345215,-0.09927626984084974,0.920918919248796,0.9786879813168521
TMEM134,27.911486372684994,0.031714701027605235,0.3176538463756857,0.09984044389658232,0.920470998859412,0.9786879813168521
PLAC8,66.17399097340953,-0.07069045359403955,0.697283982740662,-0.10137971808299973,0.9192490361390238,0.9786879813168521
NCBP2-AS2,12.244028390142141,0.05087358800451467,0.49935625499199354,0.10187834335895193,0.9188532400029457,0.9786879813168521
DHRS1,8.580363553269368,-0.05650753488405643,0.575621238474716,-0.09816791165279164,0.9217989621525535,0.9787867034563881
ARMC8,11.348394216492014,0.03925103673986595,0.39950151960274066,0.09825003113604346,0.9217337555033371,0.9787867034563881
ETFA,21.876544478509675,0.035643636090702306,0.3642401944508903,0.0978575034653625,0.9220454452850032,0.9787867034563881
ZFP36L2,331.1063505482173,-0.053136697772724326,0.5452167340572107,-0.09745977049770556,0.9223612805867489,0.9788207991461962
MAP4K1,15.660458205640955,0.04601249366514385,0.4764544953439722,0.09657269291147212,0.9230657430081726,0.9792671627854229
R3HDM4,21.991574881058764,-0.0444172241767294,0.46339079598116584,-0.09585262495920334,0.923637621060712,0.9795726383828639
MT-ND4L,1211.716665438418,0.11009592244616609,1.1731708300435033,0.09384474931249658,0.9252324837034771,0.9796300206106575
SHPRH,10.783883943224502,0.052759748000567465,0.5634339902249835,0.09363962578739718,0.9253954310638066,0.9796300206106575
MAPKAPK5-AS1,9.090529019208166,0.04348505416535223,0.4589944712367213,0.09473982126230295,0.9245214874199896,0.9796300206106575
TMEM19,11.530858162687714,-0.044211241944163364,0.4712672484856191,-0.09381352531123853,0.9252572874265046,0.9796300206106575
CEP85L,9.047636934276863,0.04534668252496116,0.4781851440450346,0.09483080578657728,0.9244492176481439,0.9796300206106575
VAMP2,44.74882350735003,-0.060423286912245674,0.6408528696081331,-0.09428573979733153,0.9248821774425513,0.9796300206106575
HK1,7.872481405542385,0.04551609519436604,0.49000578843050513,0.0928888928846222,0.9259918297894374,0.9796569853221646
TEX264,19.816314516606457,-0.033732415926188634,0.3673736711375646,-0.09182045033803578,0.9268406956787089,0.9796569853221646
RPL18,1397.3816251498142,-0.018239243619124247,0.1979224454768983,-0.09215348757022684,0.9265760922701163,0.9796569853221646
PTMA,1489.2869070443746,0.02560805194939661,0.27524662909916586,0.0930367504706862,0.9258743651722966,0.9796569853221646
TMEM123,43.83395649492287,-0.04859365189829627,0.527664047038682,-0.09209202743868956,0.926624922717636,0.9796569853221646
CXorf21,15.470947088447398,-0.03789354689830456,0.41656295077549843,-0.09096715593107757,0.9275186885913569,0.9800733462910203
YTHDC1,25.439582110946183,-0.039993071897290774,0.44434056817776973,-0.09000544798621792,0.9282828855358244,0.9805805128899553
DAP3,21.253673342639534,0.031229654180357773,0.3519916413986447,0.08872271527888052,0.9293022795424803,0.981356860857532
GCA,17.424783264781812,0.03695524210960307,0.4232288632264966,0.08731739567068698,0.9304192270855853,0.9820226598357253
TGIF1,43.68927301703216,-0.04305947370762862,0.49372659028661847,-0.08721319563248904,0.9305020507255032,0.9820226598357253
BBX,43.65736862094507,0.036405690884402354,0.4211387845729675,0.08644582787908629,0.9311120178718648,0.9823658904152701
LRCH1,8.951998538323956,-0.04391039365854277,0.5238328711095176,-0.08382519708153716,0.9331954141471277,0.9830184152273678
NFATC3,13.595507749360067,0.0374912627886317,0.4434611381330184,0.08454238616369132,0.9326252041611555,0.9830184152273678
BLK,40.55607543320498,0.030188022998318596,0.36145762994431635,0.08351745957878702,0.9334400951550309,0.9830184152273678
MS4A1,454.3651632284489,-0.02110779203140857,0.25065394265227886,-0.08421089175002716,0.9328887585858543,0.9830184152273678
CREB1,18.685898114206445,-0.03146737870590039,0.37066046734669017,-0.08489542715778206,0.9323445272637746,0.9830184152273678
ITM2B,76.05583011511827,-0.029293371442373328,0.34919375162907185,-0.08388858994673527,0.9331450114858558,0.9830184152273678
C3orf17,10.541408238637175,-0.036075374151417185,0.4339719270445141,-0.08312835900953751,0.9337494766510895,0.9830441545457
SDHD,12.334571826290302,-0.04901997332125314,0.6097116383535086,-0.08039861835937522,0.9359202257387158,0.9836307377465626
PPP4C,34.737008408415505,0.024580497360060686,0.30787261005699923,0.07983983166125065,0.9363646443391542,0.9836307377465626
LYSMD2,27.58703755979717,-0.03531279299525833,0.4438533299322789,-0.07955959911497384,0.9365875285499878,0.9836307377465626
RPS27A,2207.409861917814,-0.021748452442532366,0.27228340117743605,-0.07987432340159356,0.9363372115232939,0.9836307377465626
SH3GLB1,21.289509410380074,0.028034799351352745,0.34948781958799285,0.08021681380599371,0.9360648177713543,0.9836307377465626
RPL35A,1184.008886218392,0.0266002861769927,0.33254531166642437,0.07998995999581375,0.9362452411460881,0.9836307377465626
RPL32,2480.1435831650824,-0.022293802522937205,0.274743670738607,-0.08114400765995326,0.9353274280026856,0.9836307377465626
PSMA6,19.89143431639246,0.04170125197655022,0.5220797064565663,0.07987525939206276,0.9363364670894784,0.9836307377465626
DESI1,11.834531023033616,-0.035506668585087456,0.46261424524547007,-0.07675221623633117,0.9388206644647896,0.984034426991882
OFD1,47.434682551474054,-0.03441634404616919,0.4429193823144074,-0.07770340477387071,0.938063985679635,0.984034426991882
ARGLU1,80.04229117848621,0.02898014367465295,0.37844567975253623,0.07657675916290793,0.9389602481536254,0.984034426991882
GAPT,34.59989917563815,0.0345759630950226,0.4442306089743822,0.0778333649156907,0.9379606055795521,0.984034426991882
RBM26,16.679226995092396,-0.047998237793771596,0.6256944913076168,-0.07671193923005742,0.9388527063988273,0.984034426991882
RBM28,7.6089001964547665,-0.04674273791442273,0.6104864273877405,-0.07656638348936601,0.9389685025093554,0.984034426991882
GABARAP,80.00329762468598,0.08577277754293544,1.1186490618876712,0.07667532246279064,0.9388818365554704,0.984034426991882
EWSR1,46.53105118777382,-0.025408003990706578,0.33678360129870527,-0.07544311508258777,0.9398621560565998,0.9840741846419634
TRIM22,51.040800105856945,-0.03039729756959007,0.39913086312159773,-0.07615872481484685,0.9392928201029561,0.9840741846419634
STAU1,20.66852164709316,0.030128460871066114,0.39785054899399247,0.07572808670805944,0.9396354301862713,0.9840741846419634
RNF5,13.936579269505259,0.029282313892112742,0.3985851617921153,0.07346563971537184,0.9414355856986478,0.9854225639139367
NOP56,27.680875492443175,0.036363152235565334,0.5008054990898233,0.07260933097111084,0.942117001281262,0.9858367165363523
TIMM23,7.3794672262333405,0.03492877404637825,0.48595380112698533,0.07187673800549398,0.9427000025400183,0.9861476679087517
ADK,29.802537967486018,0.027051491903606503,0.3864409559876267,0.07000161728321741,0.9441923723913443,0.9865123212447421
MIEN1,24.537282291679272,0.026664126900005893,0.3806868557449424,0.07004215275000374,0.9441601089601042,0.9865123212447421
TMEM160,27.75725030437254,-0.03605745179364068,0.5076744392257405,-0.07102475328210786,0.9433780549657973,0.9865123212447421
NDUFB5,30.487522897493847,-0.022572553365650325,0.3207589611612353,-0.07037232345413358,0.9438973193052747,0.9865123212447421
TBL1XR1,12.831583180253986,-0.032230418435434234,0.4657968056825336,-0.06919415943225908,0.9448350720646539,0.9868849526560872
RPS7,1315.14222949236,-0.014933596665829567,0.21717859514512808,-0.06876182551899415,0.9451792049560348,0.9869455983953754
ZNF331,135.68437595643772,-0.03770833165177418,0.5541136005914292,-0.06805162625773209,0.9457445376895532,0.9872371119603506
SNRNP70,31.28261378920086,-0.02509220749924607,0.3763451179741606,-0.06667339710507118,0.946841713207916,0.9874860672815327
UBE2E1,19.098927524101285,-0.021876178313897262,0.32652010111187146,-0.06699795277351732,0.9465833329902013,0.9874860672815327
ARIH2,16.158281804894177,0.02592826045509448,0.38508009176919056,0.06733212391212208,0.9463173037244591,0.9874860672815327
CLIC4,8.414835426836083,0.032654569226439195,0.4943284735146392,0.06605844286951063,0.9473312963337103,0.9876980877459354
LYPLAL1,16.663198243348113,-0.027937078255797873,0.42815610769324625,-0.06524974828997063,0.9479751520818783,0.988070777849692
SDR39U1,14.465706784532852,-0.03207716265803911,0.4944125237999239,-0.06487934895237386,0.9482700630943939,0.9880796489506672
PRKD3,16.33685235230298,0.024364074772087237,0.37828139504535674,0.06440727746910718,0.9486459354781424,0.9881728494563984
CHPT1,16.903065845257267,0.034094274620626384,0.5354084505877591,0.06367899980509921,0.9492258265307862,0.988258334578264
PAFAH1B2,9.081847184911048,0.038991195203663474,0.620234490212082,0.06286524825527018,0.9498738079598618,0.988258334578264
ADPRHL2,8.791521836418767,0.02623289528926014,0.41720006802877446,0.0628784540069894,0.9498632920989177,0.988258334578264
C6orf48,67.9221539234272,-0.03914075946756854,0.6224791428225716,-0.06287882882322537,0.9498629936294464,0.988258334578264
RPL23A,1324.7192574801497,0.031098988805144064,0.4978473365264467,0.06246691811615632,0.9501910059896508,0.9882903137365979
RNF7,29.556980818749384,0.021687715781654144,0.3499337233100745,0.06197663825168622,0.9505814362031101,0.9883984191985322
RPS28,1458.4823780414717,0.020332122880452577,0.33490745872796046,0.06070967471933197,0.9515904265835327,0.9891494340805025
SDF4,18.26819441497753,-0.028681940775619794,0.48009286537010043,-0.05974248493259544,0.9523607340619807,0.9896519676246487
STK38,8.821587859495443,-0.02690507546708034,0.4707217197982852,-0.05715707250264502,0.9544200734049749,0.9897114644521355
SSH2,29.767080824121507,-0.03164820355160851,0.5431649409373487,-0.058266285554057815,0.9535365221024079,0.9897114644521355
THUMPD3-AS1,40.09709234112582,-0.028813659081574565,0.5172168556218802,-0.05570904886100476,0.955573590750743,0.9897114644521355
RNMT,40.32558862656903,0.027579061506327204,0.47990337491741625,0.057467946565437515,0.9541724388306597,0.9897114644521355
COCH,9.158138777504746,-0.030928734135709304,0.5360842823590074,-0.05769379023688072,0.9539925401319214,0.9897114644521355
TRMT1,13.25471658907703,-0.02312430714661007,0.3943156191640818,-0.058644157174478115,0.9532355388436707,0.9897114644521355
SELM,23.592205771783398,0.023111370793102954,0.41296355288071274,0.055964674441327335,0.955369948747923,0.9897114644521355
HSF1,18.934724629857506,-0.03144277340938627,0.5519270313215515,-0.056969076752951736,0.9545698282968196,0.9897114644521355
HP1BP3,37.37138675568882,0.02033618417610646,0.35809905494401095,0.05678927072087927,0.9547130608701534,0.9897114644521355
DUS3L,7.888096768918508,-0.029011190968996157,0.5149619473758846,-0.05633657227845634,0.9550736846199893,0.9897114644521355
ZNF655,13.83619368078414,-0.02501892884972273,0.42671858925080336,-0.05863097947911963,0.9532460350629106,0.9897114644521355
PARP14,67.62333297307171,0.031028899446045196,0.5622656663829297,0.055185477793184404,0.9559906983468313,0.9898463113134958
USF2,13.154388467695728,0.022951864996703163,0.4219155105368933,0.054399197051316274,0.9566171185695306,0.9900755690133155
ADIPOR1,20.530368118404233,-0.022992803196463508,0.4243221909013695,-0.054187133478974726,0.956786071620404,0.9900755690133155
RHOA,172.45999966454303,-0.018782385342701505,0.35216527040786155,-0.05333400798139071,0.9574657843002602,0.9904818458278555
STK17A,108.85730132611079,0.025653895476106327,0.49127662651913445,0.05221883983749255,0.9583543213931152,0.9905536490379758
DDX39A,31.085683058394647,-0.01681670493670011,0.3246122603610802,-0.051805513808979874,0.9586836620689279,0.9905536490379758
SCFD1,15.041798861519599,-0.0242365691014645,0.4665604371956723,-0.05194733022615856,0.9585706610936632,0.9905536490379758
IARS,11.057537313460717,-0.023066411689918586,0.43678682759548637,-0.052809311619810735,0.9578838422554786,0.9905536490379758
PIGH,10.245983485206692,-0.024615213176210304,0.47914699448359643,-0.05137298878967089,0.9590283081666975,0.9906130728069181
AIP,29.676421754210292,0.016191032926357277,0.3585091101524595,0.045162124107451226,0.9639780840123985,0.9914641083194285
RANGRF,15.415395057319529,-0.014433586272880052,0.35696496015898344,-0.040434182297477285,0.9677469789903667,0.9914641083194285
PCM1,33.96439529057687,0.019103157385484477,0.46021462759068227,0.041509235561445354,0.9668899302878772,0.9914641083194285
ILF3,38.851806376422864,-0.016103802184791346,0.3227009358385022,-0.049903177822981586,0.9601995449242609,0.9914641083194285
DNAJC19,24.857181680942077,-0.014530029386341497,0.30143838534692075,-0.048202319587198936,0.9615550015751447,0.9914641083194285
MT-ND1,1050.5285764209582,-0.018072751513836815,0.45398321654988005,-0.03980929438577852,0.9682451662583857,0.9914641083194285
KIAA2026,10.94384423761765,0.02292369567940164,0.5652309245478686,0.040556336682637154,0.9676495937745724,0.9914641083194285
ARL2BP,16.18780946714806,-0.01755484448098068,0.40049799584622603,-0.043832540145147154,0.9650378887173741,0.9914641083194285
RPS3,1911.5334495948075,-0.007838146596802278,0.2046492142135246,-0.0383003991826922,0.969448172519495,0.9914641083194285
HIGD2A,98.28098249174288,-0.01546584215701058,0.3134205351022247,-0.04934533773278853,0.9606440892167065,0.9914641083194285
RPS14,1953.4065773066861,0.01019781724611924,0.2312683886903407,0.04409516278410931,0.9648285485752492,0.9914641083194285
HINT1,236.1180596922649,-0.00998337334960321,0.26685375246806403,-0.03741140327714889,0.9701569805363293,0.9914641083194285
SLC25A26,11.505031040451541,0.020832609932168848,0.46651307701517986,0.044656004212055504,0.9643815022415704,0.9914641083194285
MRPL1,12.70978976531052,-0.028732193078506732,0.5881349776476369,-0.04885305953648066,0.9610363972254967,0.9914641083194285
LRPAP1,19.208446859235284,-0.01562744580473398,0.39684933950179024,-0.039378787487344385,0.9685883919224578,0.9914641083194285
NIPA2,19.4588376793146,0.01610162005630253,0.39131587132381956,0.041147372841870256,0.9671784084936229,0.9914641083194285
MARS,8.134412382395878,-0.019993618002901937,0.4330570402022255,-0.04616855551768764,0.9631759048001624,0.9914641083194285
TLR10,19.8809790855388,-0.024052237495820118,0.5188848725328609,-0.046353707284647994,0.9630283330571986,0.9914641083194285
CTSS,80.69024147441196,-0.018052524173574468,0.3902692107343988,-0.04625659333874605,0.963105735748598,0.9914641083194285
YTHDF2,22.607125121166987,0.01599054468724196,0.36972798973669074,0.04324948375866796,0.9655026596298432,0.9914641083194285
HSCB,8.205906395225854,-0.018814718633214274,0.44821867514946445,-0.04197665040828622,0.9665173119816644,0.9914641083194285
KLF9,7.380923637657917,-0.021637999374415667,0.5590008054017296,-0.03870835098147199,0.9691229152804007,0.9914641083194285
NME2,28.27806619786706,-0.042720385094779094,1.1131124226333036,-0.03837921868998188,0.9693853298560343,0.9914641083194285
COMMD1,19.035630867210354,-0.01712093356488762,0.43167383953617045,-0.03966173531220679,0.9683628084549317,0.9914641083194285
ACTR3,88.38091254883959,0.011818823702287751,0.2721495328701864,0.04342768322121374,0.9653606104934562,0.9914641083194285
HDAC7,8.890951974320979,-0.024665804623616946,0.5184427589013861,-0.047576717390913875,0.9620535878423522,0.9914641083194285
H2AFJ,9.850659113319878,0.019492551446171364,0.48207548448705456,0.04043464576281478,0.9677466095006999,0.9914641083194285
SMAP1,15.52106212261225,-0.01764352961843528,0.36918119368407587,-0.047790976139303575,0.9618828283378621,0.9914641083194285
CAST,45.56678879037165,0.0150448903630525,0.3494520279616825,0.04305280599116219,0.965659439751805,0.9914641083194285
CTSA,23.836458388916608,0.01744262143839691,0.4611215940997571,0.0378265118389217,0.9698260061042713,0.9914641083194285
RAD1,8.95407401662189,-0.016650567954799265,0.4500198776662863,-0.03699962775232463,0.9704853025491914,0.9914641083194285
QARS,13.207897317858983,-0.023769305278250063,0.5863960576983915,-0.040534558454476566,0.9676669560095379,0.9914641083194285
CCDC109B,31.46235380698787,-0.01809353793441926,0.4267443652831544,-0.0423990084143555,0.9661806188107823,0.9914641083194285
GRB2,73.82938247887998,0.013742186232962422,0.3687486079228416,0.037267086404399095,0.9702720484979132,0.9914641083194285
MRPL32,14.739346264793545,0.01710056219509417,0.45647377646227505,0.03746231016297479,0.9701163911714306,0.9914641083194285
SUPT4H1,28.062135110496484,-0.013625740721822405,0.3127849760953634,-0.04356264451035565,0.9652530287758918,0.9914641083194285
NEDD9,11.56855977275038,-0.019347417255907558,0.4443619117222371,-0.04353977410197409,0.9652712594243308,0.9914641083194285
YME1L1,33.33950572221172,-0.01491609336347231,0.41652440454291806,-0.035810850938832274,0.9714331808197908,0.9921386837857544
RBPJ,15.374743071379063,-0.014845155978562875,0.42022050298462355,-0.03532706251390614,0.9718189440294828,0.9922389336791108
RPL36,902.1035444437796,0.012974526849231493,0.39079143627799356,0.03320064270805036,0.9735145855994566,0.9925624140121246
EIF2AK1,14.54957610492115,0.012910737033297754,0.3940401028436667,0.03276503315303422,0.9738619627336353,0.9925624140121246
RPRD1A,8.137871637479122,-0.014660926783452207,0.44270590275623495,-0.03311662819983876,0.9735815826368391,0.9925624140121246
FAM172A,12.13400449296135,0.01564269245184827,0.4620315380296738,0.03385633049760258,0.9729917164215928,0.9925624140121246
SPRTN,8.437545836316067,0.017009255350258767,0.51667737326045,0.032920457195412416,0.9737380191536157,0.9925624140121246
TMEM208,19.257098558936583,-0.013091368626663626,0.38537780607606004,-0.03397021940614777,0.9729008984602188,0.9925624140121246
GNPAT,11.62607826205863,-0.014401125048564932,0.45043559405204164,-0.03197155206811005,0.9744947374561025,0.9926208574619291
BTN2A2,17.214127926874603,0.012542676868450708,0.3906860620325726,0.032104234287746336,0.9743889266790743,0.9926208574619291
NCF4,31.124579450522095,-0.013818173707489896,0.45116491865436265,-0.030627766335875058,0.9755663981994753,0.9933548980771754
PNN,51.61717838638525,-0.015473654691890567,0.5099101055104889,-0.030345848267508545,0.975791231763347,0.9933548980771754
SRSF6,16.87961541752346,-0.016059060950868325,0.5668170198303637,-0.028332002020113052,0.977397356917705,0.9935325476858088
LSM4,29.577421077169383,-0.008997126256879243,0.34398957278542963,-0.026155229601948955,0.9791335252555797,0.9935325476858088
PPP1R12A,30.54993126272945,-0.008456800071640264,0.317787447663519,-0.02661149813756812,0.9787696023207106,0.9935325476858088
CARD8,14.659320183599258,0.013199979566570458,0.4538669190872922,0.029083370061680363,0.9767980989564345,0.9935325476858088
SCAPER,10.613266218470562,0.013845665239496175,0.5222822782677655,0.026509927324008743,0.9788506155233514,0.9935325476858088
TUBA1B,186.69106303562555,0.010516193351411967,0.3838740600354614,0.027394904856140857,0.9781447620609272,0.9935325476858088
TSN,10.49270625308389,0.011888225506482393,0.420852780599117,0.02824794335339443,0.9774643991969693,0.9935325476858088
NUPL2,10.241824548376641,0.010936024899942314,0.39643879350349387,0.027585657809358493,0.9779926207235088,0.9935325476858088
LONP2,14.19602894807717,-0.011452153271934131,0.4313874896790081,-0.02654725402550636,0.9788208436026005,0.9935325476858088
CHCHD7,24.8604982089329,0.009717437113829335,0.33945189518032454,0.028626845959034083,0.9771622008760826,0.9935325476858088
EIF2S3,62.71136928708133,-0.008039039477995185,0.29021927597602176,-0.027699881239657487,0.9779015184253581,0.9935325476858088
NCL,131.31382727987327,0.009085935590202624,0.36479678102190405,0.024906841460470737,0.9801292702319213,0.9936661717014778
UBE2K,14.720499580595648,0.009417500844297964,0.3706045282208957,0.02541118666171489,0.9797269883243392,0.9936661717014778
ACADVL,14.993389836023692,-0.01319558162169649,0.5296511517237397,-0.024913722133430124,0.9801237819522628,0.9936661717014778
KIAA0907,12.859922832288078,-0.011168419018082248,0.46812306561846523,-0.023857869518407484,0.9809659799622334,0.9940173510156376
PRPS2,7.482727398973667,-0.010808184042017421,0.4550786540720209,-0.02375014504702942,0.9810519073067379,0.9940173510156376
SRPK1,14.902294677084985,0.009587730962381068,0.4217006415731455,0.02273586999207361,0.9818609631082046,0.9940393977950756
ING4,8.967389315136609,0.010906511048972426,0.4895635845300633,0.02227802760175001,0.9822261759662065,0.9940393977950756
NCKAP1L,19.944953681655655,-0.008121062757710452,0.35962112392662704,-0.022582274002812416,0.9819834835194349,0.9940393977950756
CDK5RAP1,7.88696541269924,0.010847595930719711,0.48206855785727953,0.022502185122663058,0.9820473689665562,0.9940393977950756
EXOSC9,8.733923720326626,-0.010520780284788478,0.48142101092601525,-0.021853596012670312,0.982564740942024,0.9940904270527808
GNB5,27.18941462798359,-0.007143087861260015,0.35724268877449383,-0.01999505682191588,0.9840473158631273,0.9952985164842537
POLE4,27.05389974869116,-0.005136455922177121,0.3391712635401973,-0.015144136530211582,0.9879171891327359,0.9954852049883508
HTRA2,10.238284803556095,0.006690036888788639,0.44402299049363836,0.015066870481978994,0.9879788314866182,0.9954852049883508
TMUB1,20.47729577058319,-0.00802378355375554,0.5113572767696997,-0.01569114964872049,0.9874807876865669,0.9954852049883508
PHIP,31.233953628718677,0.006633638873623732,0.36858572637284903,0.01799754683639964,0.9856408104359929,0.9954852049883508
SFT2D2,11.338137834667839,-0.0067139380142370005,0.4314780916746059,-0.015560321934723486,0.9875851603568335,0.9954852049883508
YY1,24.140106221387047,-0.005998023271614191,0.417490823090811,-0.014366838598293033,0.988537315624135,0.9954852049883508
ACAP2,33.841088405214784,-0.0059541955980085765,0.42529275879909273,-0.014000228018980508,0.9888297991222427,0.9954852049883508
ATXN10,19.065832613964684,0.007049435362817451,0.4349893413214605,0.01620599562601205,0.9870700522746594,0.9954852049883508
SH3BP5,42.799458832709576,0.006258852126900971,0.44780883533272403,0.013976615986709183,0.9888486369550951,0.9954852049883508
C19orf60,34.68473071393753,0.006659868098283236,0.44441161827844117,0.014985810056186625,0.988043501047521,0.9954852049883508
RASSF2,16.630570119580366,-0.007523403709082575,0.42256442068125494,-0.017804157995491916,0.9857950876858232,0.9954852049883508
NIPBL,28.778919899470857,0.005431032185369142,0.3398097964866769,0.015982565074700777,0.9872483009745852,0.9954852049883508
HLA-DRA,1997.6275978584024,-0.005215683637656005,0.2742895509434651,-0.01901524728053177,0.9848289420381093,0.9954852049883508
DERL2,14.453117375829475,-0.006381797358239035,0.36091897427517544,-0.017682077732420243,0.9858924783114675,0.9954852049883508
ZNF830,18.20482147625902,0.007274025934348126,0.4409607987928914,0.016495856217288284,0.9868388078988837,0.9954852049883508
EEF1A1,4802.61093127797,0.003530422532039598,0.24579158355784095,0.014363480152316935,0.9885399949998583,0.9954852049883508
HPCAL1,17.919212944506732,-0.006046665233033559,0.45492477027331685,-0.013291571767790855,0.989395172350464,0.9957448496525966
ALG5,8.72991750730822,0.005484487577463185,0.43179063683476393,0.012701728823179574,0.9898657591766711,0.9958290999313882
SRA1,14.925428848815443,-0.005422823929534965,0.4351119028301543,-0.012463055812223463,0.9900561776129454,0.9958290999313882
CDC40,28.900845455736526,-0.0040429496125260036,0.37693750333390896,-0.010725782329344312,0.9914422279616469,0.9962982158394726
BCAP31,35.86127289497344,-0.004397877236355126,0.4216305252922352,-0.010430642404998844,0.9916777023747098,0.9962982158394726
DDX24,65.77675625365795,-0.004189810336989658,0.38994735151605875,-0.010744553901187642,0.9914272512773015,0.9962982158394726
GCC2,50.170719370705626,-0.005153620550491074,0.44950676921526833,-0.011465056598564838,0.9908524087564146,0.9962982158394726
MBP,28.69041083568099,-0.004385155554587078,0.437540735100679,-0.010022279533762828,0.9920035117655097,0.9963354048299878
ATRX,60.78072399512405,0.002380777749167825,0.36849277083265,0.006460853339912737,0.9948450207342254,0.9975375511084876
IGLC2,283.67342259006466,-0.008960042713741727,1.3685437109809406,-0.006547136669328139,0.9947761780539568,0.9975375511084876
POU2AF1,37.93054058099958,-0.0023521874797618526,0.3518548111774121,-0.006685108189627208,0.9946660951175278,0.9975375511084876
C18orf8,7.295416424745706,-0.004640331468122996,0.5835997189431545,-0.007951222931577503,0.9936559088310947,0.9975375511084876
TCEB3,9.203131352457124,0.003227956606140287,0.5733024315076621,0.005630460344728445,0.9955075663573255,0.9975375511084876
EPS15L1,7.51665134744804,-0.002660110377569867,0.4438501321347298,-0.0059932625563855774,0.995218096964458,0.9975375511084876
PQBP1,16.65006069195082,0.0019946251551177267,0.3547295615991314,0.005622945959524482,0.9955135618743545,0.9975375511084876
RNPC3,9.388037930256228,-0.0030716717769679997,0.4226825015280665,-0.007267089992756745,0.9942017521276812,0.9975375511084876
BCL2L12,8.935653090435187,0.0024170542982805566,0.48729661774409083,0.004960129437118111,0.996042405530586,0.997552320039832
RNF41,13.078753599355938,-0.002001300032659944,0.41012914056841815,-0.004879682604084761,0.9961065920397743,0.997552320039832
C20orf27,10.80639383350804,-0.0015050516890541272,0.5533821554318386,-0.002719732962620816,0.9978299697348851,0.9989224640836303
COASY,9.229016753056019,-0.0011829437943708368,0.48498049656103087,-0.0024391574563493255,0.9980538358539923,0.9989224640836303
TIMM17A,21.37319373360483,-0.00018704950614171597,0.3822568128683484,-0.000489329424211301,0.9996095716228561,0.9996095716228561
LAPTM5,406.30242589341617,0.00024838789310037483,0.327946143095108,0.0007574045261094581,0.9993956786801144,0.9996095716228561
RPL13,3223.872205626983,-0.00018499855269917006,0.23598928989287282,-0.0007839277485141382,0.99937451621674,0.9996095716228561
NOL9,6.309995248104018,-0.3542676293850557,0.5262995617276925,-0.6731292502355413,0.5008650666129664,
ZBTB48,4.259139248541222,-0.3056357962888619,0.5507541812091652,-0.5549404919956253,0.5789353643276984,
AGTRAP,6.103347252618392,0.6296622169026822,0.5560518918957038,1.1323803157220176,0.25747457686226727,
CASP9,4.940099688513875,-0.6510765707469562,0.5062765772888967,-1.2860096634007072,0.19843968919343324,
PLEKHM2,4.782707162851201,-0.4319492780617437,0.566092238553241,-0.7630369198589866,0.4454413778745504,
LUZP1,5.589270403587284,0.022644170183765477,0.5661041383582285,0.040000008213040714,0.9680931197465205,
UBXN11,5.4851891851416665,-0.1647761854811842,0.48517854862270954,-0.33961968423570904,0.7341429524760145,
SESN2,7.004107791029954,-1.1154299288784557,0.4982692540925564,-2.2386087837385573,0.025181382218692146,
GMEB1,6.928534995588502,0.3663465674769497,0.4798022432489058,0.7635365874829831,0.44514345089118534,
CCDC28B,4.531960130024841,0.3076071368567902,0.6606245622378545,0.46563079007352715,0.6414797998189994,
C1orf109,5.815039376930119,0.025647760174602928,0.592953613082104,0.04325424385440346,0.9654988651737978,
SCMH1,4.900842184350407,-0.38322199133265916,0.6350130781146159,-0.603486769863801,0.5461849142203024,
LRRC41,6.338962899724467,-0.17353850538446944,0.48789525096185343,-0.35568803968136536,0.7220742030050736,
NSUN4,6.953910660264863,-0.48482884536474513,0.44888773585615,-1.0800670337763756,0.2801123306483848,
MKNK1,5.192926288940989,0.34531719864371874,0.5345285218756693,0.6460220259753306,0.5182650910244078,
RNF11,6.802943562186587,-1.0858192118720447,0.4938449915616014,-2.1987045134112724,0.027898939824590088,
GPX7,5.885162958045102,0.8843561950104233,0.5246709754780706,1.6855443436805593,0.09188359690933821,
YIPF1,4.040470160328157,-0.03289219349523843,0.6034194934870569,-0.05450966342694719,0.9565291097363863,
FGGY,3.1646215774516886,0.584564209063611,0.6638354732999168,0.8805859773623584,0.3785419510916609,
ITGB3BP,7.063187488576472,-0.20488323859930366,0.4509335804380164,-0.4543534735210658,0.6495744341374644,
ANKRD13C,6.889878563812526,-1.2686661127723025,0.44131574044431426,-2.874735697156454,0.004043658347933839,
CRYZ,5.842144960207779,-0.41726656828700237,0.49405590783045344,-0.8445735830168372,0.3983489636239448,
ZNHIT6,6.5321858930907215,0.6127027770266781,0.6216737291105106,0.9855696780099296,0.32434432362165244,
RBMXL1,6.119644302171155,-0.604696823397115,0.6195814029484839,-0.9759763939322005,0.3290761625450713,
EVI5,6.9688457503081365,0.05935556232503325,0.5303755446070616,0.11191232878018142,0.9108929210625025,
CNN3,4.042075471819606,0.28757692053363626,0.7358465565975688,0.390810988996597,0.6959369516533697,
SLC25A24,5.945180541663275,-0.09675581420533495,0.5277075638566759,-0.18335119833835392,0.8545224647534793,
TAF13,4.969929413143328,-1.084308672319,0.7180596207600376,-1.5100538186109147,0.1310296920614726,
RBM15,5.709873144035574,-0.9155491091445406,0.5108494083001766,-1.7922093953108023,0.07309943023027712,
ST7L,3.9321475455053774,-0.46591366626103514,0.6172930109346287,-0.7547690610583883,0.45038756068114494,
WARS2,4.245760852633689,-0.9600396508717708,0.572279362890934,-1.6775716776191647,0.09343074572793608,
NBPF15,5.968563186440986,-0.6452987677713637,0.627993097913919,-1.0275571020046737,0.30415821194596226,
LINC00869,5.650428551261574,-0.752071806059159,0.593573051809325,-1.2670248485282465,0.20514640504703074,
GOLPH3L,4.584371647333397,-0.12545303501666713,0.552927328082414,-0.22688883085548686,0.8205101872770237,
UBAP2L,6.979002260026087,-0.19986471386846374,0.4369514778716299,-0.45740711266613715,0.647378452942182,
EFNA4,4.855977582829359,-0.6598998268380433,0.5607876070100548,-1.176737535903163,0.23930028101233813,
ETV3,5.438679999575405,-1.1908599980522576,0.6382027628092447,-1.8659587006648533,0.06204714383086415,
PIGM,3.1784394963998537,0.34110491570617535,0.6835665177999819,0.4990076412812044,0.6177740009118327,
VAMP4,6.029069025183853,-1.1654688436957803,0.46946722488835035,-2.482535056569614,0.013045123113027893,
STX6,4.506773173223155,-0.19696236304257422,0.5811751943610454,-0.3389035956001499,0.7346823556798239,
FAM129A,5.474123707990184,0.6805650934280757,0.6693191256212976,1.0168021013837594,0.3092475822721731,
TRMT1L,7.107425815627273,-0.7368228219961253,0.4413366201180142,-1.669525682684336,0.09501324490708217,
GLRX2,6.423757108206162,-0.3750424120832641,0.4894408621262463,-0.7662670633056495,0.44351741187628535,
CYB5R1,6.379357243063586,0.2731483009346194,0.5218222669237129,0.5234508342177586,0.6006605567635003,
LAX1,6.272598499396103,-0.7491185429059128,0.5373397998455884,-1.3941244313582983,0.16328003268065006,
SMYD2,6.588056316398408,-0.12114507018177538,0.48969870161647167,-0.24738695402271108,0.8046087696548343,
MARC2,5.111439659329042,-0.8104507801748609,0.7206917026713583,-1.1245457345641643,0.26078157993657636,
BROX,5.929918075288519,-0.14961154003337385,0.49301663277355684,-0.3034614454926323,0.7615382250379888,
TRIM11,6.563799450099974,0.2001951813938024,0.5020549309381844,0.3987515489982339,0.6900762806285228,
NTPCR,6.175398943007274,0.15545974566898738,0.587031850936622,0.26482335740547636,0.7911455425021634,
AHCTF1,6.765336276174243,-0.2112201392568037,0.46351308242504535,-0.45569401871404586,0.6486100237146156,
TSSC1,5.99715585323644,0.9862194769372444,0.5194961998552368,1.8984151899707162,0.0576414101860781,
RNASEH1-AS1,5.5284865951161875,0.2366674452044567,0.545608457465906,0.43376791903788553,0.6644569800709672,
EIF2B4,4.546916329336832,0.2902701499858053,0.5559562451194741,0.5221097029379115,0.6015939510980026,
GPN1,6.6964641349994,0.45625830865338807,0.5952760797468969,0.7664650473564851,0.443399641512663,
FOSL2,3.37589932050043,-0.34698999795437424,0.6753484857890092,-0.5137939971080057,0.6073960253017212,
TRMT61B,5.285802575983508,-0.2182202281116037,0.5679144699081867,-0.38424840301548013,0.7007943463301793,
FAM98A,5.8529437967195435,0.17250740863618955,0.6103474321303625,0.2826380509770772,0.7774543086411251,
NDUFAF7,6.901755402483784,-0.5162335852256078,0.47670344749921534,-1.0829239602393634,0.27884217578374626,
THUMPD2,5.962592856289745,0.0442111656775052,0.4940365672548362,0.08948966252269337,0.9286927687334148,
PIGF,6.9249421348325795,-0.05491205975090672,0.47904615090529035,-0.11462791141758508,0.9087400554154782,
MSH2,4.44620403170992,0.6709542194744094,0.5900118580783432,1.1371876857860006,0.2554598336874925,
PPP1R21,6.006365822935662,-0.19203155488802873,0.5134162396511299,-0.3740270370460342,0.7083842010247654,
PCGF1,3.5683426497212785,-0.9778662151144587,0.5622242902458836,-1.7392813367896254,0.08198528849123063,
C2orf68,4.517832728732543,0.6264732518977497,0.597349408464487,1.0487551222460012,0.2942908371585605,
RMND5A,6.676763403723362,-0.7243356717123237,0.5356300816532853,-1.3523058105261312,0.17627750637834572,
ANKRD36,6.717867113294919,-0.03063197668697846,0.6032811006682907,-0.050775627900568374,0.9595043119370705,
CLASP1,5.900956175510931,-0.5575234812646296,0.492388060847786,-1.132284727425548,0.2575147488756413,
POLR2D,6.715839729584684,-0.0657050038059388,0.4621524840705059,-0.14217169888870457,0.8869443857013225,
FAM168B,4.946342730039786,-0.49166749199442134,0.5909280192746329,-0.8320260267874007,0.405394253844539,
R3HDM1,6.642672768397178,-0.17145323916951088,0.46733908917902844,-0.3668711715741597,0.7137151160780675,
MCM6,4.242766190660459,0.042979816382375316,0.586761262826959,0.07324923969128896,0.941607783986076,
FASTKD1,7.060506723080332,-1.9217342178674288,0.5306105674918018,-3.6217413214204797,0.0002926266542759175,
PDK1,4.781575069356249,0.2141336536616259,0.5323028550690343,0.40227786047447545,0.6874795463337859,
STRADB,5.131355898288586,0.22483619697867935,0.5315483090870854,0.42298356167255474,0.6723072545394473,
NDUFS1,5.380876084547177,0.0910992087695815,0.49377523064599044,0.1844952989043199,0.8536249147891656,
FASTKD2,4.848170667117683,0.19834847286610946,0.5741157713368933,0.3454851491089205,0.7297296730627507,
IDH1,6.0299172827668155,-0.4254250486676201,0.5585325363845586,-0.7616835563805151,0.446248891789814,
LANCL1,4.495802576048499,-0.14380714898738212,0.5837339768921491,-0.24635733858259198,0.8054056275234965,
PDE6D,6.756741612210024,0.17402035213355294,0.47688950150131787,0.3649070729921951,0.7151807743682672,
ING5,5.753878293193942,-0.4331105528925341,0.5135687425875519,-0.8433351116938324,0.3990410510271134,
CRELD1,5.553724902233808,-0.4835957693400064,0.5524198343253975,-0.875413479551404,0.38134896804712715,
METTL6,5.165581026409631,0.06195375747534458,0.5128361659542806,0.12080613963732768,0.9038445869980767,
EAF1,5.151516727057787,-1.0080793681385496,0.5866923401178551,-1.7182419118273236,0.08575249973352495,
NR1D2,6.25000218410902,-1.2634657134017293,0.5629744316648917,-2.244268375857258,0.024815138991008526,
TCAIM,3.731692967249651,0.30218989728043216,0.6668513596313603,0.4531593029179466,0.6504340351456963,
EXOSC7,6.878660102393312,0.33328576622981965,0.4958960551417699,0.6720879562845843,0.5015277033011851,
LZTFL1,4.451966709644964,-0.8886210438120606,0.5986363480215832,-1.4844087679420737,0.1377005100913116,
SLC25A20,3.5114041768826025,-0.0630256233678424,0.6068513918911607,-0.1038567665988745,0.9172830167586971,
TCTA,6.398889177199708,0.20294011105295176,0.5274678680335009,0.3847440258485328,0.7004270734224842,
TMEM115,5.703868129110622,-0.2428207362532581,0.515172202395807,-0.4713389719476728,0.6373986894202167,
RRP9,3.818606147532816,0.03746616477733996,0.6163115063677789,0.060790954558265754,0.9515256942159012,
PPM1M,6.349189263896802,0.4139264243621194,0.5626711973893254,0.7356453045449101,0.4619465838353236,
GLT8D1,4.818927159456283,-0.05646347844066029,0.5567415991436963,-0.10141774663058174,0.9192188493335016,
RFT1,4.817504133347013,0.19331609355586962,0.6158153116777276,0.31391894597293973,0.7535826004272216,
ARL13B,6.376607690651353,-1.2643268588135472,0.47593050134396325,-2.656536732239811,0.007894784973057694,
TBC1D23,6.362018512757247,-0.4213703164135839,0.4704187393387478,-0.8957345470673433,0.37039455465103654,
DZIP3,5.393941953976605,0.15330645770232243,0.6288221533352979,0.24379939047818025,0.807386192417678,
GRAMD1C,7.040563434417303,-0.3411999757168336,0.5587329527037709,-0.6106673573944923,0.5414198204367769,
B4GALT4,5.732503303251301,-0.8183299971613746,0.5309328159701245,-1.541306117358965,0.12324230075662337,
RABL3,4.053398433075824,-0.4768190147215918,0.6279872451917536,-0.7592813681685476,0.4476842606120983,
GOLGB1,46.2464732840199,-1.2256051747681458,0.6978391297038472,-1.7562861160970935,,
CCDC58,5.654127334686985,0.05232832617951436,0.5515379721542911,0.09487710515220096,0.9244124419124927,
HSPBAP1,6.1080000730796895,-0.7598401227790338,0.6121541815048612,-1.241256117717134,0.21451114992495401,
ASTE1,6.763342911283509,-0.46153915216843344,0.4732350050615201,-0.9752853175103431,0.3294187514761433,
DNAJC13,4.304055661984504,-0.5811201377745173,0.5590797150055223,-1.0394226837022287,0.29860819887684975,
PIK3CB,3.9838685403946292,-0.33626067908004625,0.6391842651197932,-0.5260778423840357,0.5988341230904481,
GNB4,6.170595964553817,0.22120315522059752,0.5168566733590685,0.427977748227552,0.6686673209043501,
MAGEF1,5.618363175276442,1.3928051213292127,0.5961838266327786,2.336200780882833,0.019480779632817365,
PCGF3,4.921513053985722,-0.6650190689177582,0.5292633002982798,-1.256499493811435,0.20893492933442814,
SH3BP2,5.9236374450617,0.158209273204924,0.5241498244987379,0.30183979047636783,0.762774196280594,
ZNF518B,5.063528651018592,-0.47086434091421653,0.5452992252646564,-0.8634971756757706,0.38786417161464315,
QDPR,5.760727322072226,0.5879539593545526,0.6569606911620183,0.894960638078044,0.3708081298131334,
TLR1,4.582594344782049,-1.0443088595001602,0.5873154609062947,-1.7781055140088982,0.07538652701125548,
TLR6,4.700688853964701,-0.5231785759580418,0.5911200634020994,-0.8850631341236652,0.3761225813753608,
SLAIN2,6.428726473395149,-0.366560311767132,0.4781294401164094,-0.7666549704153046,0.44328668300531304,
MTHFD2L,5.647215501476592,-0.4051609381799379,0.48144918400262643,-0.8415445526598455,0.40004293685679826,
SEPT11,4.835374393852551,0.6054806841856314,0.5990026426050813,1.0108147128573206,0.3121051199167798,
SMARCAD1,6.117732606873133,-0.41074770787106585,0.5387937931584099,-0.7623467699270666,0.44585306682128223,
METTL14,7.122898580478614,1.0317489416958914,0.5742410555150812,1.796717479161144,0.07238048262109575,
ABHD18,6.0388582936033135,-0.3096609342843107,0.46363194390477425,-0.6679024997205806,0.5041958316553448,
RAB33B,5.607032779599488,-1.1041764345277276,0.5237737159699442,-2.1081173049758166,0.03502084393327561,
CEP44,4.031518549798445,-0.468729474838238,0.5367401264895502,-0.8732894220223048,0.382505344723298,
AGA,6.5359971349712875,0.6710297421308192,0.5796073564127762,1.1577315827802144,0.24697359118487183,
UFSP2,5.309873398931718,0.5056585097050759,0.5133422911660299,0.9850318557555413,0.324608423661396,
EXOC3,4.321830210559595,0.208737771730428,0.6429094031987926,0.32467680623716844,0.7454256903949004,
BRD9,6.392837266389236,0.09965376199518984,0.52649697475884,0.1892769888010009,0.8498757296076145,
NSUN2,6.206153338485795,-0.08189866642971698,0.48797339454718985,-0.16783428634611122,0.8667136484691415,
WDR70,6.43431859013216,0.0061658843694611335,0.46117935263508686,0.01336981877924608,0.989332745815187,
NNT-AS1,4.413049901828204,0.4960707206631623,0.5874731772387847,0.8444142471231996,0.39843796378446306,
CENPK,4.724739870173194,0.3549548142780938,0.6588503559941049,0.5387487629759583,0.5900602218880188,
TRAPPC13,4.083679917736887,-0.7462709069500896,0.5801625806418561,-1.2863134091213908,0.19833370459269917,
CENPH,6.213586655386281,0.5465097942618187,0.5913327637269666,0.9242000913620205,0.3553821480803522,
RAD17,6.611284373531992,0.2730651033283454,0.5226836349316164,0.5224290279608065,0.6013716493989841,
POC5,5.251998184285059,-0.6202503226422561,0.6640270819985475,-0.9340738344217304,0.3502658079675538,
WDR41,7.059920942159946,-0.7192818468094178,0.4624627666448515,-1.5553292041817295,0.11986768544233165,
RIOK2,6.524609661446756,-0.4549763228030233,0.5175498847145418,-0.8790965590765586,0.3793489232829762,
APC,6.588988517838918,0.07538153919356468,0.5247662753882935,0.14364783471991824,0.8857785656965159,
FEM1C,5.362014761385501,-1.5947373964167144,0.695704543741635,-2.2922624420992066,0.021890503690831224,
PRRC1,5.963696840429444,1.052656689761328,0.7251753935824431,1.4515890901387216,0.14661589406933936,
KDM3B,6.531042510677341,-0.8818543707256163,0.4839702921908862,-1.8221250042715385,0.06843602054621178,
SIL1,4.59726587961964,-0.21953498190436094,0.5557624886986042,-0.39501583206601953,0.6928312038555763,
UBLCP1,6.927936848556795,0.03918957244345735,0.48349612360676353,0.08105457423549266,0.9353985512739982,
BNIP1,5.214518014027108,-0.38636311759703723,0.5339149034858902,-0.7236417546588446,0.46928570005768866,
GMDS-AS1,5.2542971075513885,-0.10504614391382336,0.5088844235344111,-0.20642436485722002,0.8364594402452377,
SNRNP48,6.628239189112999,0.07625443405361952,0.5294938699243361,0.14401381844990233,0.8854895578416039,
GCNT2,5.002816319587404,-0.02882988881361014,0.588578424770178,-0.04898223856042181,0.9609334505229565,
C6orf136,5.084801057361977,-0.5054830969110796,0.6142118190812642,-0.8229784598856781,0.4105202427404183,
NRM,5.790075420536516,0.8222329151432172,0.5969222528843104,1.3774539501085985,0.16837194280344792,
NFKBIL1,6.525532866492182,-0.3832609883642956,0.46642999942309726,-0.8216902618577943,0.4112532029144952,
DXO,6.416511438016078,-0.6768966884093313,0.4547466015225903,-1.4885140122937353,0.13661538960179165,
STK19,4.091219268579247,-0.3519209396122087,0.5469015370220636,-0.6434813504610999,0.5199118121539898,
RXRB,6.635514314081827,-0.279818737021994,0.46284138342345077,-0.6045672384614527,0.5454665803809442,
SLC39A7,5.961332538838742,0.8532542872836426,0.5346153198716589,1.5960154069069272,0.11048535357087604,
ZNF318,6.855022936869355,0.07858027524969148,0.5823611997272786,0.13493391264131407,0.8926641263272224,
MAD2L1BP,6.384358302582415,-0.7777857677144847,0.5544659284632717,-1.4027656665399701,0.16068672832223974,
SLC35B2,6.338167820241441,0.6373146939663556,0.5960068718950704,1.069307627175409,0.28493107492317826,
MDN1,6.827363900631587,0.2872829223380575,0.4739737084517287,0.6061157343019914,0.5444379034321674,
USP45,4.719424836193896,-0.7859364638160052,0.526499686462419,-1.4927577053212635,0.13550062215001776,
C6orf203,6.214248800992357,0.9741127109386469,0.7330621278132544,1.3288269492852585,0.18390506894777414,
PDSS2,4.9519662618127835,-0.21941194026719685,0.5011791704839851,-0.4377914190953155,0.6615374918742564,
SMPD2,6.5082723825410325,-0.3168612520881407,0.4786479605209222,-0.6619922745378342,0.5079761727955672,
RPF2,5.647840867373332,1.0304703303348477,0.548088121849041,1.8801179760262499,0.060092001091096386,
TUBE1,4.782554749829668,-0.9687424003919884,0.5569266251701634,-1.739443504063033,0.08195678159049058,
HSF2,3.6979893746397146,-0.5340575577502427,0.5685307449421112,-0.9393644275203118,0.3475436702538789,
PTPRK,5.607387097461339,-0.12817869498301585,0.5434902278057423,-0.23584360569005533,0.8135540299571631,
ARHGAP18,5.416707516529768,0.23794989019490104,0.5872972476590879,0.4051609149256993,0.6853592327577995,
LATS1,5.558228786837072,-0.8489900863755031,0.4954964416277471,-1.7134130844340676,0.08663657082172037,
MTRF1L,6.537886155301583,0.1319377021096203,0.5129737669276245,0.2572016555541239,0.7970231060439086,
TIAM2,5.903888610160101,-2.2337866336487804,0.6247908801951045,-3.57525486439756,0.00034988688076486506,
TMEM242,6.542893637395245,0.16924724115792597,0.5077805112146255,0.33330787105846527,0.7389018985160296,
BRAT1,5.509894565940276,0.45784889340386853,0.5608850155017784,0.816297245870026,0.41433014921660194,
SP4,5.175170114880073,-0.062273354203007204,0.48990776033761996,-0.1271124061396609,0.8988514324347281,
CCDC126,4.514125251211587,-0.6929570976668974,0.5359299785632933,-1.2929993196584342,0.19601129440417175,
ASL,6.114590403876518,-0.5313106017209407,0.5051802025974627,-1.0517249072491843,0.29292578013725756,
CRCP,7.129695871954276,0.06884577260165654,0.5378064469546333,0.12801217425246675,0.8981393386499583,
POM121C,5.305755727969551,-0.14751516171340082,0.5164456562898848,-0.28563540019513584,0.7751573870956409,
TMEM120A,6.804147297037405,-0.3940663029036516,0.5235341239663502,-0.7527041406931859,0.45162772117339933,
ANKIB1,5.569828240001628,-0.011527114911958462,0.6157465928747617,-0.01872055005313361,0.9850640345552008,
TAF6,5.911035053029531,0.7774110579410406,0.5706165983932094,1.3624052649890321,0.17307002308644703,
GCC1,5.813598060674058,-0.9468324578679208,0.5108876793163857,-1.8533084593757847,0.0638381593741228,
IMPDH1,5.940356169517167,0.5640178180487656,0.5488832100238257,1.0275734577931122,0.30415051483304467,
METTL2B,5.763753979705314,-0.42753019270061476,0.6169576990576957,-0.6929651633387489,0.4883314138680639,
SMKR1,3.1186485765585634,-1.3954974709656698,0.8090077773528996,-1.7249493886595058,0.0845365938444853,
C7orf55,5.088616885036774,0.6698727555563662,0.6037325843187261,1.1095520979909923,0.2671920827531026,
ABCB8,5.612298393382755,0.011437275270002156,0.49697843033724753,0.023013625082764392,0.9816394045836537,
HCCS,7.04205209665228,0.04653783952756536,0.45266688847090836,0.10280813709341194,0.9181152470225133,
ELK1,5.078541944430124,0.03821652514680347,0.540774813039404,0.07066994287697861,0.9436604431165144,
KDM5C,6.537630835088568,0.320367673533328,0.4691579749809635,0.6828567148332653,0.49469738780279526,
NHSL2,4.179678210595805,-1.002708753046347,0.6878971294822065,-1.457643461604652,0.14493884345452307,
TCEAL3,5.509624022365572,0.7996508064489877,0.5339468054996259,1.4976226062458349,0.13423132995882933,
PSMD10,5.782839707814595,0.23215686101177313,0.5074147696977128,0.45752878094202537,0.6472910203189102,
FMR1,5.255703385159984,-0.4765668338871673,0.6535496197099755,-0.7291976301641067,0.4658807806432014,
MTM1,4.492779746391927,-0.894463107098522,0.5036285931025746,-1.7760371816624512,0.0757267889320088,
FAM3A,7.120011686145203,-0.17895989773542306,0.510899514256258,-0.35028394574996596,0.7261256124366671,
MTMR9,6.027641886244326,0.10628210527363958,0.5123017395323411,0.20745997343413294,0.8356506491936666,
POLR3D,5.41177430898413,0.8308804620411184,0.5641871256447774,1.4727036904494275,0.14083095105777196,
ENTPD4,6.6860431589768705,0.06794448462447444,0.46287198034672533,0.14678893410998656,0.8832986193680353,
KIF13B,4.237297284108222,0.07012840656891219,0.5444121102916902,0.12881492759471888,0.8975040934300816,
DCTN6,6.547239847830457,0.282756651585026,0.6605004289581844,0.4280945767605656,0.6685822650203954,
WRN,4.46689146993023,-0.1363252911087384,0.6021947156917058,-0.22638074954236276,0.8209052989625336,
TTI2,6.113130386567464,-0.4489284318669881,0.6648890608781095,-0.6751929882469336,0.4995531608639523,
ASH2L,4.882295520644833,0.6856347071479686,0.6017821607038115,1.139340365866093,0.25456121831657097,
TM2D2,5.886458503629209,0.3628127876460398,0.5349453475896548,0.6782240265866294,0.4976296607835051,
AP3M2,5.828501937773867,-0.17663156924447998,0.5393929388929158,-0.32746362903268583,0.7433172476725758,
THAP1,5.9048313823404985,-0.13862323809457522,0.46313681296907094,-0.299313797160479,0.764700628264284,
HGSNAT,5.651626436511322,0.2254509262771717,0.5967642744888959,0.3777889124985928,0.705587410938239,
GGH,4.689194995718132,-0.2981791346773535,0.5494524784560169,-0.5426841198628289,0.5873473098004951,
E2F5,5.4980859291281154,0.19234464653512526,0.593969634107648,0.32382909073137184,0.746067430707478,
MTERF3,4.9465966504932375,-0.4904620472706678,0.5743124774194044,-0.8539985923246745,0.3931057693477351,
HRSP12,3.942439412623572,-0.10458340310618923,0.5805846728568693,-0.18013462634410954,0.8570468793220478,
TRAPPC9,3.379130887813691,0.6368470105554034,0.6667663529055055,0.9551276962016374,0.3395131244241527,
SLC39A4,6.654084138445694,1.2026902568504048,0.6268118878085088,1.9187419387582307,0.05501700108585185,
CYHR1,5.465074318056384,-0.33499100564414747,0.4910188801762326,-0.6822365069219236,0.4950894139201528,
LRRC14,3.1997581540463846,0.4709095392681179,0.6860048001442789,0.6864522510178899,0.492427964816615,
RFX3,3.9612911626727962,-0.7614506505866465,0.5532839678924073,-1.3762384142218986,0.16874783271623361,
HAUS6,4.520570974601493,0.2804685978593871,0.6407971677981822,0.4376870122929759,0.6616131856297107,
APTX,6.117935856478828,0.36058588732731245,0.5196223012602897,0.6939384365389033,0.48772081773243625,
NUDT2,5.523676395172353,0.9096901627427231,0.7136635889555145,1.2746764397411727,0.20242378928391158,
RNF38,4.614969538033291,-0.7685523135657131,0.5131111414175613,-1.4978281536480573,0.13417790411115185,
TRMT10B,6.64366145235295,-0.22997559824682337,0.4877663093215614,-0.4714872549658022,0.6372928189659433,
SLC25A51,3.678233065837346,0.1323574572547259,0.5974768550105163,0.2215273380797257,0.8246818526099836,
FXN,6.832817427891818,0.39749646825007834,0.4945540742495798,0.8037472319952607,0.42154297029696575,
ABHD17B,6.933661871070197,-1.0867771445947514,0.6635061875484616,-1.637930685484941,0.10143615394945164,
C9orf85,5.7970560709453895,-0.001129117977667825,0.5814118771604303,-0.00194202771223448,0.9984504870457476,
NMRK1,5.101240744061288,-0.587825504604049,0.5221081550569925,-1.125869226348098,0.2602208768300518,
BICD2,6.76832661277251,-0.8333283784183267,0.43528892785076184,-1.914425856253417,0.055565764410810556,
TSTD2,4.0374245938375415,-0.0004257476857017443,0.597635652698535,-0.0007123866920913165,0.9994315977051358,
ALG2,5.944264126081396,-0.2470030692586398,0.5070653105944328,-0.4871227908867953,0.626171316249363,
RBM18,6.898903535587641,-0.6139282396646719,0.4473604466205369,-1.3723346449209495,0.16995928521605408,
GOLGA1,3.821923104898636,-0.3683827382674157,0.6318317207350725,-0.5830393223037924,0.5598668293620691,
PTRH1,3.3062765119531354,0.4646329176612407,0.6436924195740519,0.7218244359141288,0.47040242385291187,
SWI5,5.408785762349565,0.11740346935460455,0.5383920847154229,0.2180631415052477,0.8273799151419833,
ODF2,6.291002835381379,-0.5777906724894553,0.49895105486217023,-1.158010724416774,0.24685965993955217,
PPP2R4,6.0096102436355645,0.265026207113012,0.47423255832844424,0.5588528296057227,0.5762621641808854,
SURF6,4.664967370232636,0.7991386642153802,0.5722634675024606,1.396452350353719,0.1625783200046571,
MED22,3.1784279700983187,-0.38868919789470674,0.6090301909908312,-0.6382100651896226,0.5233369460743772,
MAN1B1,4.97868640385099,0.5269482286580133,0.5405616310079583,0.9748161882585694,0.32965144563820614,
CRACR2B,5.8390082443668305,-1.2723289904693134,0.4903625671320098,-2.5946698947898925,0.009468180636052577,
PPFIBP2,6.473627542498899,-1.186344702796294,0.47588647525880434,-2.4929153579141254,0.01266990451774792,
WEE1,6.187282637496877,-0.8476247821079276,0.6064165141798091,-1.397760058124996,0.162185132372746,
FAR1,5.945966073745765,-1.0973296426264947,0.4643849184787653,-2.3629743322008245,0.018128925174087797,
DNAJC24,6.253181197738366,-0.10134133247726645,0.5439899729423822,-0.18629264787569944,0.8522152726921128,
ATG13,6.596477423707969,-0.6496692782380399,0.5156411596344608,-1.259925174899909,0.2076963560957248,
PTPMT1,6.0989498983243475,0.07649236283353315,0.5028480237183175,0.15211825288266861,0.8790936680252229,
GANAB,6.148079212412548,0.9155390464350862,0.5927488260985113,1.5445649255202896,0.12245153557623979,
TM7SF2,5.244535638486191,-0.01596368347606213,0.5870255183057933,-0.027194189993877453,0.978304849707241,
RCE1,5.8213310528572535,-0.3829542037867455,0.611071135514385,-0.6266933283706551,0.5308602779617779,
CLCF1,5.0271684181952025,-0.5420317736384597,0.5542469002526341,-0.9779608571403708,0.3280936839820503,
PPFIA1,4.891187504888398,0.45757753484497854,0.5600630511976685,0.8170107523902361,0.41392228335964965,
INTS4,7.0709324583037985,-0.1529777125698866,0.49817873902497023,-0.3070739487383441,0.7587870862718997,
SLC36A4,6.5746986657008595,-0.2612310236977934,0.5311298348154153,-0.4918402367447115,0.6228322894489452,
C11orf54,5.568874013484608,0.5045176537912941,0.5763910603863345,0.8753044390611016,0.3814082794321201,
ACAT1,6.573510124591455,1.3767648633032294,0.5713633787435367,2.409613416825594,0.015969431643859954,
SIK2,4.690900322359236,-1.2934719087568938,0.513507024759083,-2.5188981774178045,0.011772269456603335,
PPP2R1B,4.75988139680279,-0.4955324090134692,0.6480459852378602,-0.7646562440034065,0.4444762680064088,
C11orf1,6.265562575113238,0.4047874102493808,0.4789909050269997,0.845083708273258,0.3980641037980278,
C11orf57,6.923164164665012,0.03186371301550132,0.45754852167222376,0.06964007423529099,0.9444801397244854,
STT3A,3.807040832585281,0.3715727945520148,0.6762352449865459,0.5494726832219571,0.5826811061103505,
LARP4B,6.789463401193752,-1.0741164716378964,0.4491645683134152,-2.3913650973653966,0.016785851422068558,
MLLT10,6.971134033941658,-0.020503246329803892,0.44730029689312567,-0.04583776597560089,0.9634395575368829,
ACBD5,4.963970517885644,-0.5449608277006736,0.594881971561721,-0.9160822713621808,0.35962374561234434,
ZNF33B,5.972459138843218,-0.21499819957383884,0.5353854870211543,-0.40157644311591845,0.6879957694141455,
EIF4EBP2,7.0120196067100355,-0.06531514357090941,0.4923796309038661,-0.13265200156840315,0.8944686044807139,
MICU1,7.090157996759629,-0.13881683531030187,0.43860521670888797,-0.31649608810384416,0.7516259939323671,
AP3M1,6.4614486151691946,-0.11017858842068701,0.4584746580127864,-0.2403155474246828,0.810085643021713,
RP11-182L21.6,5.093406949134701,-1.0797389882173734,0.48939549553973954,-2.206270793372468,0.02736504508183737,
FAS,6.795616039374333,-0.3604317820851965,0.5369965935032459,-0.6711993827257264,0.5020935218569798,
CWF19L1,4.662189833207483,0.05982905528629616,0.5509303838457491,0.1085963980941869,0.9135226177632044,
ARL3,3.656929989232725,-0.0030924219643770653,0.6156349911211194,-0.005023141973696984,0.9959921294268753,
NT5C2,4.230283072394779,-0.5919562285269572,0.5374428464053774,-1.1014310311992914,0.2707091060651007,
OBFC1,5.3549407903567445,0.7018917245018423,0.5395311304440867,1.3009290565386227,0.19328273920864314,
XPNPEP1,5.304536728498794,0.1654520299862652,0.5744474246602914,0.28801944770508436,0.7733318520456787,
NHLRC2,4.611627801010453,-0.6582078995537888,0.533242727826408,-1.2343495095315429,0.21707269459606449,
METTL10,6.459634486456463,-0.3499912544867489,0.5370761573097437,-0.651660383212471,0.5146202848836405,
FAM175B,5.177965263943733,0.37225570712279793,0.5223591102003076,0.7126432751982636,0.4760665259191359,
PARP11,6.733544188041281,0.1690582264950495,0.49906460030627037,0.3387501866317514,0.734797930043805,
COPS7A,6.711109677976135,0.16178943720970557,0.6006989355392411,0.2693353153097714,0.7876716582182093,
EMG1,5.849002488580512,0.4116210148929288,1.1109466820601699,0.37051374430463896,0.7109997376402152,
LPCAT3,5.952136826126536,0.7485759006976163,0.5232630040156067,1.430592063556799,0.15254716336857244,
PYROXD1,6.369111265433577,-0.15399902182747743,0.4923231937287965,-0.3128006638507266,0.7544321109975458,
CMAS,7.045940033522927,0.9757322065288846,0.5443183496163366,1.7925763612720946,0.07304068901351503,
GXYLT1,6.416303540217908,-0.49264918646388894,0.543775125744982,-0.9059796285991392,0.3649466350203342,
SENP1,5.356343001802653,-0.07207174607592884,0.613240823744533,-0.11752600819340243,0.9064432352969541,
CERS5,6.566842860618638,0.08952197023208126,0.503405170829262,0.17783283807874134,0.8588542573161815,
CALCOCO1,4.818674483400633,0.4259574018816448,0.5555862496211726,0.7666809647864478,0.4432712238905582,
CDK2,3.888886213010023,-0.21000026922357942,0.6392067867543966,-0.32853260255552974,0.7425089977139243,
RAB5B,6.3621650943763735,0.0038808096450219957,0.47253346094052145,0.008212772143792119,0.993447229568812,
ESYT1,6.87694275455822,0.5773121012850656,0.5940973657663002,0.9717466101544078,0.331176622552092,
RAB3IP,7.019983141145834,-0.4414811598385799,0.5186124460052999,-0.851273746396106,0.39461730516398086,
HCFC2,2.6817184850793376,-0.012584353482263147,0.6983568160444303,-0.01801994795947193,0.985622939823838,
TXNRD1,6.169383855385073,0.2289509479783787,0.524063997110847,0.4368759335512077,0.6622013263405984,
USP30-AS1,6.482948556280919,0.5424201150316263,0.6579452963428604,0.8244152181748663,0.40970367077685765,
UBE3B,4.383914699181442,-0.1675055062339901,0.5964916938039416,-0.2808178353092823,0.7788501232531966,
MMAB,5.3483833687979,0.4283194904409665,0.5272107639854404,0.8124255415483039,0.4165474952505174,
MVK,3.5883813076956854,0.5516795360270351,0.7089352742309188,0.7781804010606173,0.43646266923221555,
ANAPC7,4.499588915701976,0.6262155830267017,0.5736450638115335,1.0916429383456525,0.2749900751591682,
TCTN1,6.803548923070134,0.7376184676404484,0.5455210182719817,1.3521357435080388,0.17633189476861377,
RAB35,4.6689050274934125,0.8102512533941871,0.5611109271062424,1.4440126082962053,0.14873542875054566,
VPS33A,5.102016551593047,-0.3917009214798608,0.6852252545572126,-0.5716381859465687,0.567567119812245,
KNTC1,3.21753489996634,-0.6512223726897953,0.5989192650207904,-1.0873291455521794,0.27689137235936956,
GTF2H3,5.4690863922441535,0.03533639527537512,0.5099201261133602,0.0692979026827419,0.9447524951430591,
ATP6V0A2,6.370572556512622,0.2452623768564814,0.5101553635421773,0.4807601652044657,0.630686964771584,
NCOR2,5.87809521478765,-0.4822361369139602,0.6185861363684869,-0.7795779901324784,0.4356393153043465,
ZNF84,6.463104380115716,-0.34900660959897767,0.4503655378404107,-0.7749407542871318,0.43837466884421283,
BRCA2,5.727840642049233,0.8647894947921592,0.575544332826084,1.5025593085867086,0.13295272316522094,
COG3,6.540156070651461,-0.8604435420294965,0.5241913641374008,-1.641468366128896,0.10070022846730432,
CDADC1,4.259976185721603,-0.5291275849415408,0.5650450547497196,-0.936434325889131,0.3490496114658349,
SPRYD7,5.334074409050521,0.2833651864558202,0.5815301765165117,0.487275119845435,0.6260633768859605,
HNRNPA1L2,6.097883414129958,-0.8201164103607139,0.7588042110221969,-1.0808010794456748,0.27978560820214915,
TDRD3,5.791300077861644,0.35419499722935444,0.5768460656011596,0.614019958444599,0.5392021385518085,
UCHL3,5.3804685497252525,1.2737146696987436,0.6083802378922264,2.09361611434259,0.03629419091109601,
CARS2,5.702105760721041,-0.6816618763222471,0.4836986810933393,-1.4092696609828192,0.1587554462826417,
RASA3,6.176066986172065,-0.6619290767758239,0.5263762037423185,-1.2575208986838313,0.20856507633037757,
STRN3,4.2659403282555335,-0.47762784672280156,0.5623499502160703,-0.8493427385194643,0.39569060582803983,
STYX,6.483729253537409,0.03356523713400831,0.5738426135171893,0.05849206096473152,0.9533566861017021,
SOCS4,5.837276172467213,-0.7780231826023963,0.5804930617798219,-1.3402798996717322,0.18015436377991523,
TMEM260,5.175383031819367,-1.0533949322693874,0.5537437022841133,-1.9023149661554335,0.0571299902583501,
PPM1A,6.054428117778946,-0.4503322572069475,0.48037254995504514,-0.9374645933642358,0.3485196283076214,
MTHFD1,6.21662711584677,-0.33109269429372146,0.551509677562935,-0.6003388657779974,0.5482804216328109,
DCAF4,4.6285233565371815,-0.3721131908795095,0.5813426909343399,-0.6400926625248275,0.5221123589918433,
LIN52,5.530878825234487,-0.7212512835385526,0.5310928648575776,-1.358051164426714,0.174447449692389,
GTF2A1,5.912646782985325,-0.5708891547229311,0.4941320921435404,-1.1553371331265274,0.24795239532482616,
ITPK1,3.388890488579377,0.40287304213912517,0.6283387124664385,0.6411717663514865,0.5214110910884602,
TMEM251,4.183247133045465,-0.6903957897927061,0.737182322097919,-0.9365332958988153,0.3489986777776497,
UBR7,5.663855619646541,-0.45167300575697306,0.499052249975366,-0.905061555737437,0.3654327774407672,
GLRX5,4.338793769304743,-0.1063323021781693,0.6498626145547135,-0.16362274086351053,0.870028141356672,
ATG2B,3.6256826717203574,-0.42136219912061224,0.6444560840329269,-0.6538260861528057,0.5132238581196371,
LPCAT4,5.481838464737793,-0.26172023152118223,0.5215187173241101,-0.5018424513391531,0.6157783491016896,
CHP1,4.813976894217281,1.0855413291182925,0.6584767554791991,1.6485643875588316,0.09923690960136941,
EHD4,6.134576031155457,0.47275207990604556,0.5352515466986802,0.8832334681177132,0.3771101423353359,
EIF3J-AS1,5.9195996449220605,0.21724882151496905,0.47949736467853926,0.453076153318622,0.6504939061426205,
SQRDL,6.043696710183107,0.21095239554980838,0.5696858071019996,0.3702960349722006,0.7111619278190595,
GALK2,5.401513604701369,-0.7927579096841251,0.5150485704594576,-1.5391905834762967,0.12375777580483756,
RP11-430B1.2,4.125969800973523,0.5565851097152105,0.5906632457468294,0.9423053046266137,0.34603635309337455,
POLR2M,5.241166946895846,-0.04921612216567454,0.5517200215703834,-0.08920488697435462,0.9289190816201888,
AAGAB,5.455189691792156,-0.2888738379283366,0.5210523078371394,-0.5544046798822111,0.5793019240148456,
C15orf61,6.071437783123667,-0.010969198249824508,0.5465180860412034,-0.02007106174524206,0.9839866848758146,
PEAK1,6.491869555958189,-0.17016140918489317,0.5781234624492282,-0.2943340311150874,0.7685026706726543,
MRPL46,6.6847401272888405,0.5892588718895714,0.4629590836067767,1.2728098286760692,0.20308553260801065,
NPRL3,3.983652880366197,1.3656675052815654,0.6850211907477388,1.9936135169641442,0.04619430703563285,
NTHL1,4.957403487696586,0.17073905199779021,0.6385744644036219,0.26737532036650885,0.7891801994372746,
MLST8,6.960944626884109,0.7488352485805555,0.526361935997203,1.4226622355620615,0.15483409310802787,
FLYWCH1,3.1731012586989706,-1.0004329055442538,0.6261312082846348,-1.597800736182861,0.11008733076523332,
NAA60,5.731233262556212,-0.3688338671224882,0.47914733249079294,-0.7697713043817803,0.4414355644710781,
UBALD1,5.597710125594917,-0.160632489935728,0.5217704086715477,-0.30786048282175676,0.7581884964232797,
MGRN1,6.803462913660573,0.06985127830340238,0.4614047181440837,0.15138830522662708,0.879669414217013,
CLEC16A,6.213375273228017,-0.19233598318057463,0.47734955866046813,-0.40292481618775405,0.6870035345752419,
NTAN1,6.408208343878064,0.4058253915148806,0.5139024445209338,0.7896934444302869,0.42970682077494116,
DCTN5,6.553715429118289,-0.2663668318138987,0.4471087016464982,-0.5957540768788232,0.5513395265328904,
KIF22,6.81910042480351,0.64564974794592,0.5218113715327097,1.2373240277410233,0.21596681098673143,
KCTD13,4.698375389058668,-0.5916272474897527,0.7069441847213287,-0.8368797145180098,0.4026601838884165,
HIRIP3,5.966703552202486,0.30003028390531067,0.6199304991990635,0.48397406530722903,0.6284042749701289,
BOLA2B,3.3329976561885446,-0.6773400580289619,0.679626385196971,-0.996635905818538,0.31894127088468727,
ZNF689,6.021826566171979,-0.8715932364238806,0.49725260061833554,-1.7528178542255002,0.07963327745468862,
RNF40,5.264190706867973,0.38821449589647017,0.5852731380599457,0.6633048241088213,0.5071353475714467,
ITGAX,5.084411310458459,0.5301088228293762,0.7212624798580961,0.7349735188411184,0.4623556218387973,
N4BP1,5.301668292189964,-0.7695690356905074,0.5855577547104782,-1.3142495842634878,0.18876222720407265,
MT1X,27.999177333036663,1.3163693333184834,1.1450662838560137,1.1496009898096085,,
NUP93,5.654399473782524,0.4502885931163586,0.5131253929896022,0.8775410440961806,0.3801928356111096,
CIAPIN1,6.2338426312409245,0.8911981305372246,0.5284398410661075,1.686470362906903,0.09170523881189903,
COQ9,5.648643721995914,0.3539809607083168,0.6431987621993951,0.5503445925453768,0.5820830441855027,
CES2,4.072426105497938,0.5112424315247279,0.607485987623753,0.8415707389803472,0.40002827372697314,
PARD6A,6.603624940093907,-0.5170943224330993,0.5090173491227601,-1.015867776067474,0.3096923556889344,
ZFP90,5.579312965977769,0.6047880868799845,0.600002202773071,1.0079764442276948,0.3134657707859194,
COG8,4.270590401485616,0.20883298475681963,0.6274683565220036,0.3328183526486668,0.7392714038555313,
WWP2,5.831076072988313,-0.49431577757880346,0.4984143196055521,-0.9917768373308531,0.32130639909421066,
RFWD3,3.721373772322358,-0.25243593434558753,0.6229831387989251,-0.4052050828089332,0.685326769143008,
WDR59,4.575728474414648,0.021262733154580847,0.624277882909216,0.03405972522283466,0.9728295244534693,
MPHOSPH6,5.652748129844456,0.3807036329845485,0.5177065711360103,0.7353656573243132,0.4621168313542786,
ZDHHC7,4.076034113783745,0.11557581977196707,0.5661405688704905,0.2041468605624799,0.838238735897149,
MYO1C,5.572523675189583,-0.5854612494248971,0.5817315504892064,-1.0064113746840002,0.31421772422209915,
SLC43A2,4.37710070037812,-0.8641197243382024,0.5993879247533442,-1.4416702249946036,0.1493954271519221,
SMG6,6.8879820024433345,0.07648503284325259,0.5610795717432694,0.13631762176907325,0.8915701937615096,
PIGL,4.212119415779555,0.03252097641280905,0.5449156146679714,0.05968075705194238,0.9524098980601761,
PIGS,5.843017405689176,0.8731598486966239,0.548311796221993,1.5924513291760567,0.11128333078694519,
FAM222B,3.953105289108838,0.08951578670755023,0.6314379385648622,0.14176497996145515,0.8872656465758592,
PHF12,5.868242556771147,0.16106072146548225,0.6584013626358038,0.2446239187912698,0.8067476421272883,
NF1,6.44075285084858,-0.5370975833649434,0.48030431069035645,-1.118244353445332,0.2634626459607521,
SLFN11,4.624325618891634,-0.9805920271007476,0.5697210173054319,-1.7211793093724757,0.0852182911660187,
MRPL45,6.0733404660621835,0.5111070430184448,0.5288696401615635,0.966414035152987,0.33383704380382484,
FBXL20,5.9672046209605,-0.9110061075628658,0.5011923894064467,-1.8176774564389422,0.06911344530078323,
STAT5A,5.518511001084852,0.30870705253259917,0.5370616206133388,0.574807509387931,0.5654214875079886,
FAM134C,6.595532422417293,-0.6432984252159524,0.4531072345127297,-1.4197487398490862,0.15568084303381863,
PLEKHM1,6.293265782925271,-0.16879338610714537,0.5282678666209505,-0.3195223423049128,0.7493304519090733,
MRPL10,6.874220660795778,1.0034159617170126,0.5213420825819279,1.924678623194259,0.05426957644837241,
SP2,6.228948199530504,-0.03140565410246639,0.5192332549871314,-0.060484673893325146,0.9517696219618961,
PDK2,4.0049398340063345,0.31529068790938714,0.6714402234625061,0.4695737265835598,0.6386595993857713,
PPP1R9B,6.195216316177287,0.27822072975137224,0.5373513464519353,0.5177631573614347,0.6046235266763094,
ACSF2,3.0585838377517094,0.05946940738932957,0.717590461785643,0.08287374283285016,0.9339519323879416,
C17orf67,4.156142830744434,-1.7038381052784382,0.6350123371471239,-2.683157484676839,0.007293063813360116,
SKA2,6.016712789817692,0.9413031314187119,0.547032287240891,1.720745106594046,0.08529708737280679,
ICT1,6.043187363425154,0.9384873667321195,0.5446066688382172,1.7232388445300326,0.08484534185049247,
GGA3,5.136118776400371,-0.3829518424621064,0.50153593096447,-0.7635581397442003,0.4451306029047809,
GALK1,4.990560173240547,0.6042742339242554,0.6046124186478633,0.9994406586547391,0.31758127202766673,
UNK,5.720506360994844,-0.2018066516443903,0.5021764138633422,-0.40186405827356947,0.6877840752961895,
SRP68,6.376161881265965,0.5666002390769669,0.4857263013978088,1.1665010468785022,0.24341192557216929,
HGS,6.710620938493858,0.6427047364429491,0.5494024000343521,1.1698251343692039,0.24207134670698427,
LINC00667,7.039716406799767,0.3175703390853646,0.44966506290185765,0.7062375205135214,0.4800404407604061,
SEH1L,6.129992962583303,0.2741627671773753,0.4799377534608136,0.5712465110327279,0.5678325541934939,
TRAPPC8,7.004092534533714,-1.0190534352139997,0.5719546854893323,-1.7817030982833109,0.07479766138942111,
C18orf21,6.320964195833188,-0.33376528718755305,0.44851204297405856,-0.7441612603629858,0.4567789216118534,
HDHD2,5.941205879855825,0.45315153450032186,0.5395421803747186,0.8398815717903697,0.400974791054838,
TIMM21,5.527670085473745,-0.4444299480627294,0.4781505485205766,-0.9294770223265861,0.3526419278298092,
ATP9B,4.481761108370106,-0.05422149616744012,0.5478031374234118,-0.09897989343849059,0.9211542344110265,
ADNP2,3.8788586543686527,-0.6286215814806565,0.6775830758924476,-0.9277409720611693,0.35354194977337294,
VPS16,4.088292362257212,0.0452663064829693,0.5862699985533769,0.07721068209982442,0.9384559439296234,
C20orf196,6.488669837741604,0.33245130450039023,0.48873743261502106,0.6802247634718466,0.49636215474139556,
TRMT6,5.939615201994523,0.7574351455968407,0.5053588835659213,1.498806432870468,0.13392385528585252,
CRNKL1,6.983907481815784,-0.9447769410572997,0.42943018586695514,-2.200071099217063,0.02780185098994755,
ZNF217,6.156528142583385,0.43447746448540175,0.5099827753828516,0.851945370427919,0.39424441350099737,
VAPB,6.080846871050549,-0.43758419957089756,0.47813885461658234,-0.9151822642018804,0.36009595388136106,
GNAS,64.22820002442394,-0.6157333152954708,0.5536052374696981,-1.1122245123794974,,
COL9A3,6.8245022430411755,-0.6373898087302825,0.46638611717736034,-1.3666569077738904,0.171732870791532,
SLC17A9,3.299818807179622,0.7487494680425446,0.6983911731033533,1.072106144634418,0.2836723592735533,
SIRT6,6.971198212413327,-0.20403415360327748,0.48287679312327836,-0.4225387438554903,0.6726318273676191,
TNFAIP8L1,5.699454591048598,0.5426881462096647,0.6160863887710223,0.8808637166814001,0.37839158792319005,
TICAM1,6.926063100287131,-0.5593397373105388,0.5271871230573603,-1.0609889977333156,0.28869490125823316,
TIMM44,5.95194395286147,-0.44493452600827965,0.5786445627411991,-0.768925441726268,0.44193757303358105,
ZNF266,5.662505096138789,-0.717788633784029,0.5099136127063875,-1.4076671339961613,0.1592296581352436,
C19orf38,3.8033333946934365,-0.257404036644587,0.649037497629689,-0.3965934750836999,0.6916672649395476,
ZNF44,5.498866539389764,-0.3325192697016775,0.5780331037727324,-0.5752599073156465,0.565115532235674,
RNASEH2A,6.222221429476173,1.1795143620217337,0.6264342209498974,1.8829021828232337,0.059713625368334584,
MRI1,4.932360092302048,0.4844503885807373,0.5994561608131769,0.8081498202029795,0.4190043405951507,
ILVBL,4.225925636610258,0.3733546483176081,0.5516238890976143,0.6768282804582091,0.4985149126234564,
HAUS8,4.211427826401276,0.31669585784458154,0.6455172037960064,0.49060792800289554,0.6237037780320722,
IL12RB1,6.16779400888088,-0.24749335138682482,0.5177813080214425,-0.47798819222067307,0.6326586092089608,
JUND,239.31490769736,-3.0859917101236163,1.1495785574639776,-2.6844548291953645,,
ZNF101,5.35185172472167,0.7658824944848348,0.569539114935556,1.3447408165662076,0.17870894859078568,
ZNF253,4.907017749064614,-0.6835386994857371,0.5125327853012124,-1.3336487325079616,0.18231900391959577,
LINC00662,6.435673667598246,0.6782619567414767,0.5153663562297205,1.3160772885980683,0.18814810292718953,
C19orf12,4.835955229138653,0.3006146045662751,0.6113107458211426,0.49175416369047265,0.6228931431601885,
HAUS5,3.4330428336707586,1.0347822950615246,0.7500565370044392,1.3796057283817798,0.16770807273832444,
ZNF420,5.264935687330209,-0.1858634386723737,0.59924879740035,-0.3101607203530204,0.7564387391732186,
B9D2,5.858126195172201,-0.6702033998118186,0.5461690534575309,-1.227098817791097,0.21978545215795708,
ATP5SL,5.8058144235035885,0.6347594462985388,0.5141942164399975,1.2344741072610066,0.21702628933791834,
ARHGAP35,2.8250039952521586,-0.8841327459160799,0.6808188439874264,-1.2986314255608478,0.19407044788616146,
BCAT2,4.778303660123401,0.02386019453303329,0.5948363032485231,0.04011220297538646,0.9680036730649048,
ALDH16A1,6.080964259999642,0.16973188712895207,0.48377127415086774,0.3508515205390635,0.7256997432202366,
JOSD2,5.254594437105309,0.7988611857504861,0.5991441830170725,1.3333371305179187,0.18242119390183398,
ZNF880,5.769346200181859,-0.0947963862258436,0.5943217854703979,-0.1595034685642787,0.8732722257844898,
HSPBP1,6.764933891123855,0.4953598695968618,0.6081713377056164,0.8145070950986502,0.4153545092899291,
UBE2S,46.268690268735625,-2.9642748539884316,1.0549936048434676,-2.809756230160513,,
ZNF524,6.576758422248813,1.1783939776476415,0.5826595744464451,2.0224399105895974,0.04313092546195502,
ZNF134,5.7434766696667765,-0.7257893348394463,0.5302269910425527,-1.3688275910141268,0.17105317410996257,
PEX26,4.383434638278041,0.34629979460003046,0.5907326560519363,0.5862208412760989,0.5577271179827057,
DGCR2,4.068543072923464,-0.33062009787793223,0.5451274163729317,-0.6065005867394293,0.5441823928485026,
MED15,7.105312622287336,0.023642409673286496,0.5319532004141563,0.044444529433941775,0.9645500673408944,
CRKL,4.307409335503136,-0.2864304998607557,0.5571974795530452,-0.5140556272625557,0.6072130993982847,
TBC1D10A,7.049698688867418,0.017243350723171156,0.47912236457123836,0.03598945070869746,0.971290770621232,
PICK1,3.7412406182172036,0.11091666084923858,0.6141791661997121,0.1805933300140173,0.8566867916775336,
MAFF,6.123519069486177,-1.4419620623741347,0.4926441298002334,-2.9269851707333823,0.003422651998792179,
L3MBTL2,4.1368246495078616,0.046108685080302705,0.591788511540034,0.07791412672123746,0.937896362074044,
MEI1,6.162897068442254,-0.16534355805489237,0.4709016707001356,-0.35112119651021817,0.7254974265662053,
FAM118A,4.4621071090937665,-0.5807092635310909,0.5378443841326325,-1.079697549445618,0.2802768855230733,
CH507-42P11.8,4.615526693983908,-2.288440031800708,0.7768081432789886,-2.945952680337467,0.0032196165051371003,
MRPL39,6.997351674034974,0.08689663695499208,0.45898627665108865,0.18932295228741447,0.8498397072887248,
PAXBP1,5.153262260188725,-0.20422503284707041,0.6381496586646689,-0.32002686215395343,0.7489479674881887,
SLC37A1,6.179663021974775,-0.16990790420109678,0.5098449315919383,-0.3332540811390962,0.7389424980513009,
MCM3AP,6.128243049157609,-0.17296644511025303,0.5283452924852317,-0.32737387381016136,0.7433851244078069,
