,baseMean,log2FoldChange,lfcSE,stat,pvalue,padj
MIEN1,570.9336486125637,4.056222440444839,0.6745421802215239,6.01329695811276,1.8178758346463884e-09,4.020232408320488e-06
ANXA6,26.934068701970023,-3.5589162126643212,0.5873383448497305,-6.0593970134452295,1.3663277462741482e-09,4.020232408320488e-06
STARD3,112.93868570257578,4.208563223683955,0.7276951991693774,5.7834148534823235,7.319924604586295e-09,1.0792008842028393e-05
IL6ST,62.36588172508571,-3.9415119740235918,0.7219917095804914,-5.459220544670495,4.782294144301331e-08,5.2880217500611965e-05
CASC3,60.38731900563463,3.799320256938846,0.7737942420916336,4.909987759367336,9.108207821829166e-07,0.000805712063919008
PABPC1,497.12158942797726,1.8703038148516022,0.40592445158073437,4.607517008567338,4.075058800209431e-06,0.003003997512221052
SQLE,140.20837099535368,3.0921230288541897,0.6847703581607348,4.515562030400243,6.314905790150792e-06,0.003453970681083666
TOP2A,164.7042271578772,-1.8500059262850879,0.4117682706187448,-4.4928326398368945,7.028201702408545e-06,0.003453970681083666
HMGA1,101.98507351896464,2.202755325405243,0.4902665570033436,4.492974880581586,7.023507196588523e-06,0.003453970681083666
EFCAB2,11.932887040962111,-2.602145855765978,0.6031523542133114,-4.314243055819526,1.6015067548496563e-05,0.006584693141490136
C20orf96,8.499039293553833,-2.5893817933395735,0.6017909601492285,-4.302792771592106,1.6865858455582416e-05,0.006584693141490136
HIRIP3,38.533150078261585,-2.1151327636898127,0.4930344511385161,-4.290030359553057,1.7864869477251106e-05,0.006584693141490136
PSMD3,181.39638042156983,3.804786615581116,0.9176641554915154,4.146164577544399,3.380908564167452e-05,0.011502891214855877
DTL,19.790464611245206,-2.0961096803857693,0.5112485355442906,-4.099981779222483,4.131826678019052e-05,0.013053620997770191
MSL1,38.93398159644026,2.9042320717158434,0.7192266420339272,4.037992896791003,5.39104851443769e-05,0.01589640505290527
GSDMD,36.96958929359344,-2.234278315994568,0.5623186799654549,-3.9733311298351794,7.08744116063086e-05,0.016498816975510682
VPS37A,27.086435686916595,-2.765027154354484,0.6947442219028245,-3.97992105178132,6.893815852951408e-05,0.016498816975510682
YBX1,223.34379546285322,1.7872024951292194,0.44880202500515226,3.9821622799244327,6.829112382366385e-05,0.016498816975510682
MSI2,32.19383822344521,-1.9458752530629666,0.4886785649548429,-3.98191243203552,6.836296842711101e-05,0.016498816975510682
TIMP1,95.3234166508402,-3.082029183639497,0.7807700154856891,-3.947422573243001,7.899705361073261e-05,0.017470198406013517
DCUN1D5,28.020424752982443,1.7752210735483964,0.45315776659144175,3.917445985536647,8.949208961711623e-05,0.01884873868459548
MARCH3,9.48558530611254,-2.875728347356145,0.7375385457231943,-3.8990888869900973,9.655532706247682e-05,0.01941200961806068
ACSL1,16.154690280658144,3.009778654677491,0.7916289211685276,3.8020069431454595,0.0001435287039891468,0.02658481262545452
NQO1,159.5870181682851,2.6142560058183273,0.6878248667233732,3.800758205023895,0.00014425401379401052,0.02658481262545452
UCHL3,36.579576903103295,2.0344143535679677,0.5457299754644911,3.727877237889309,0.00019309939265406547,0.03416314454835726
CCDC74A,30.767144528550425,-2.7031888218780122,0.739723334519989,-3.6543241178570205,0.0002578603565037802,0.04386601372370077
ZNF331,51.75232878565738,-3.4712155850286295,0.9631173013153597,-3.6041462242323767,0.00031318071128134825,0.04947136735705012
IDH2,136.2344880131219,1.7984513748377884,0.49804228311473175,3.611041543682522,0.0003049698013191845,0.04947136735705012
SSU72,70.78171429319784,1.6727288909071867,0.47637428286703737,3.5113753010341835,0.0004457945538258573,0.06799135557144023
HIP1,10.027989070237822,-2.0169361327338744,0.5762404517545643,-3.5001640835741594,0.00046497185449978094,0.06855235041508437
ID3,78.65135855802284,2.896251482854142,0.8398122359613587,3.4486893127232356,0.0005633144399470391,0.0803722505769598
CDC123,60.31418156190621,1.8709468045661903,0.5531234117529517,3.382512410090923,0.0007182603256230588,0.09927704438221216
IRF1,37.66926706954778,-1.6572024242423984,0.502679595027536,-3.29673700829575,0.0009781504620804612,0.10300855937575905
MTHFD2,123.16755148455334,1.4147273169203691,0.42607160764022456,3.320398007170116,0.000898891972560369,0.10300855937575905
TNFSF10,96.979963572206,2.126777687381566,0.6379070159759485,3.3339932531197523,0.0008560873428936016,0.10300855937575905
MED13L,12.15939837326432,-2.0307828275421334,0.6124871499527217,-3.315633360959313,0.0009143570225902683,0.10300855937575905
APOLD1,5.559609977555458,-2.394671478657404,0.725290269256866,-3.3016732474723396,0.0009610996051035882,0.10300855937575905
PDK2,14.960687694066575,-1.9683049203325818,0.5899841264783678,-3.3361997924951816,0.0008493210255870008,0.10300855937575905
PPA1,134.68466197432718,1.439966377681059,0.4353391409682953,3.307688746934722,0.000940692971592547,0.10300855937575905
NUTF2,65.07688946508698,1.6044398345272775,0.48193914252391573,3.3291336871390533,0.0008711657754540467,0.10300855937575905
RARRES1,8.726802335936672,2.316215084837008,0.6901240557555878,3.3562300364984115,0.0007901281856008795,0.10300855937575905
BTG2,236.9035527343301,-2.9681783523739695,0.894128219744014,-3.319633903539863,0.0009013556603796647,0.10300855937575905
SNX24,9.848603718908482,-2.0202026262614567,0.618261305191642,-3.2675546881188953,0.0010848090555696341,0.10310469367250302
MDM4,24.94865138181228,-1.5730743649797265,0.48133498647249545,-3.2681488135905856,0.0010825343018628566,0.10310469367250302
TKT,93.36024594316451,1.8726822305657598,0.5720567909074235,3.2735949652747287,0.001061887019622799,0.10310469367250302
CLU,147.89349175807965,-2.9193389132030227,0.8941625735346949,-3.2648860504892827,0.0010950812136461812,0.10310469367250302
NAE1,28.891179791844348,1.3583781969806945,0.416074554227562,3.2647471064470865,0.0010956184948242465,0.10310469367250302
TATDN1,55.07816406222239,1.9439775129377408,0.5970596711502293,3.25591830577451,0.0011302626734239385,0.10414899592820999
CCDC34,40.980968067152546,-1.674063257858157,0.5172944490472818,-3.236190260578543,0.0012113661319674565,0.10934433472840938
C1orf27,20.9443072329545,-1.33732285410765,0.41418017534363394,-3.2288432274628067,0.001242920104783238,0.10994871246912523
SEPT9,32.49490526777226,-1.9493984994990483,0.6068543046776883,-3.2123006864628083,0.001316764803828854,0.1141970730850004
ARL6IP1,342.82581433496694,-1.7235312590094052,0.5387725543755838,-3.1989960234832493,0.0013790707102808084,0.11730057214561568
KLHL35,17.991544910612323,-2.8298299502457276,0.896769590274178,-3.155581969924444,0.0016017825057430652,0.13119785227595512
NDUFB9,381.851453489364,1.77611507499205,0.5620755637868529,3.159922240749784,0.0015781125030562048,0.13119785227595512
ANKRA2,13.13358032764658,-1.569517269928813,0.4986894223639867,-3.1472840600642287,0.0016479477942849792,0.13252496534768116
PDE4DIP,17.611555657701654,-2.564860835221495,0.8205965383169322,-3.1256052340680114,0.0017743957088285202,0.13768688105523763
ZBTB38,21.16533694739713,-1.6852332735160627,0.5386090129160618,-3.128862000270118,0.0017548470340335584,0.13768688105523763
PDK4,28.7230721329315,-2.6153301615001205,0.8392811514202051,-3.1161550060722103,0.0018322593341267251,0.1397255695662501
CCP110,17.828601215558677,-1.6105526787550863,0.5182803008719095,-3.107493524345095,0.001886811190853545,0.14117932443364434
SIRT3,8.836281757822507,-1.8725342141189445,0.6034432309673381,-3.1030826397989655,0.0019151615342569883,0.14117932443364434
FOXP1,45.123388610275,-1.5710918081541068,0.509554960204447,-3.0832627112956428,0.002047443199424201,0.14335718712057596
IFI35,22.852930355881494,-2.531500699017727,0.8203415019785572,-3.0859107980177476,0.0020292969104015314,0.14335718712057596
LYPLA2,26.515487884131897,1.61508125982966,0.5242563445792644,3.0807090396317927,0.002065083391850201,0.14335718712057596
CERS2,41.761033266166336,-1.6389774413515712,0.5322434937924755,-3.0793752492362394,0.0020743522441141445,0.14335718712057596
RPL18A,1521.772939806228,1.9103113483805385,0.6220156378416748,3.071162897140507,0.002132267864469048,0.14509262714687077
TTC17,18.286539928443695,-1.4251037046546418,0.4679015080256783,-3.0457343697563646,0.002321127984048948,0.15322909064848503
PCED1A,10.40035665939713,-1.8943009382429152,0.6213313465550654,-3.0487773532524214,0.002297747037801084,0.15322909064848503
ASH1L,46.92958678780599,-1.4459931157575043,0.4757729818318756,-3.0392501696712078,0.0023716782014957757,0.1542637159590561
ACADM,58.84993612536537,1.944659877573961,0.6469096015366682,3.006076695962803,0.002646422384119477,0.16111613163612665
IRF7,27.90509435176031,-2.5372201166513273,0.8412592231372369,-3.015978959718845,0.002561510336666632,0.16111613163612665
ATP5H,173.62415148592885,-1.5126503823424193,0.5018407595399649,-3.0142039154592766,0.0025765456575342076,0.16111613163612665
ACAT1,20.185456025043944,1.561624163084183,0.5189727885593061,3.0090675224404895,0.0026205086865628943,0.16111613163612665
SPSB1,9.179770643712223,2.353360062862011,0.7832481829657538,3.0046160515190214,0.002659162923227955,0.16111613163612665
KIAA0196,24.449967619205005,2.3514835111587273,0.7868125630762057,2.988619680861625,0.0028024072207218967,0.16750063698990472
KIAA0040,19.490603498433952,-2.0688410877251076,0.6945665363429389,-2.9786074903896997,0.00289561445266573,0.16867382598670205
CDK5RAP3,40.476654351313606,-1.3850233382243067,0.4681123774661461,-2.9587411162279547,0.0030889848304143947,0.16867382598670205
DDB2,16.42732655537326,-1.625393931656924,0.5489951979099928,-2.9606705811721974,0.0030697007769669347,0.16867382598670205
H3F3B,1501.4933991121807,-1.97985724127353,0.6678998809502337,-2.9643024317608053,0.003033699753342036,0.16867382598670205
UTP23,33.31346198840581,2.108130431647935,0.7083320559735081,2.976189505853424,0.0029185445259053634,0.16867382598670205
CDK12,47.26522686486634,2.2719144917453984,0.7651689939885423,2.96916695474388,0.0029860830834151928,0.16867382598670205
MPST,29.220222792531615,1.5222702137644528,0.5140995707862858,2.9610415963511265,0.0030660052717385146,0.16867382598670205
PRKAR1A,46.31341770121351,-1.4547521349858792,0.4945577410894481,-2.9415213111036222,0.003266043685287188,0.17017121572286462
CD58,8.050142304043579,1.6390100301849504,0.5572580818256916,2.9412045937767615,0.003269385153626841,0.17017121572286462
SERBP1,118.33629369744929,1.2052780821391889,0.4087811241910049,2.9484680451537115,0.0031935315337217863,0.17017121572286462
UBE2E1,18.75350736436482,1.5782078212731085,0.5366014033975427,2.9411175805365697,0.003270303716130113,0.17017121572286462
TOR1AIP1,17.520318303417273,-1.4470357216547114,0.4933835907042733,-2.9328817352623364,0.003358317900367464,0.17271907062006156
CEP290,9.703053194239413,-1.7667068190126292,0.6059357516212742,-2.915666907399891,0.0035492920566173145,0.17491954581161728
MUM1,12.737094152354068,-1.656708258348315,0.5683802261215404,-2.914788696385877,0.0035592943981563544,0.17491954581161728
E2F4,8.067240939628364,1.821241595571803,0.6244420607023233,2.9165902013765916,0.003538803826092101,0.17491954581161728
NUDT5,73.84041714871243,1.9228334291785572,0.657619832125618,2.9239285910271318,0.003456440293613157,0.17491954581161728
ZNF714,16.51263628296221,-1.7956767330175787,0.6202488651916472,-2.895090718888688,0.003790489695314483,0.1794029745120632
RAD21,311.8676252814205,1.730305913744858,0.5972532215342167,2.8971060370341237,0.0037662243469219763,0.1794029745120632
SLC9A3R1,227.7953265294318,-1.8524366841361364,0.6399546836393747,-2.894637279004611,0.0037959688598112004,0.1794029745120632
C8orf76,17.880348484209765,1.7367817681566975,0.6002873606853026,2.8932506028012073,0.0038127695238828713,0.1794029745120632
CYB5R3,43.60549086668236,1.348151996956925,0.4684708140953989,2.8777715844692695,0.004004950090099821,0.18496906552870532
CDKN1B,51.103997248822004,-1.5669431974660866,0.5457985728712352,-2.8709184584763645,0.004092810858407348,0.18496906552870532
KIF22,117.51800216551639,-1.4933206323209178,0.5202316892783734,-2.870491481194352,0.004098342396973349,0.18496906552870532
ITGB5,6.8237361817943905,-1.9578697508431917,0.6813190949909552,-2.873645792753223,0.004057637513613644,0.18496906552870532
FNIP1,24.813984481288188,-1.4948235945218604,0.5214195913770677,-2.8668343484640375,0.004145999606907435,0.18522986122577356
MT1X,146.5410792554216,2.7310154691314645,0.9538301296415403,2.863209479614373,0.0041937320204871965,0.18548876726614869
SLC16A6,7.401469797861776,-2.5243097868441766,0.8834333970557359,-2.8573855089213,0.00427146701038084,0.1870564216526184
CHMP4A,40.065761407670365,-2.686425460302043,0.9418889876820042,-2.852167819599798,0.004342216956882929,0.18829044706169798
RMND1,21.199981796651777,-1.9296571556786306,0.6776343964254341,-2.8476375547901625,0.0044045055148062935,0.1891371639998858
TCTN1,18.32541246627047,-1.6606402576408226,0.5843467925192961,-2.841874515099671,0.004484914051786146,0.19073821972163582
MRPL13,172.00214732840445,1.8757761773481412,0.6612438143879297,2.8367390915927513,0.004557683954019824,0.19198701074885413
PDLIM2,8.060758183248245,-1.8701787257899785,0.6611497510504493,-2.8286764425436104,0.004674092793605619,0.19503313609544956
POLR3H,13.447104744471128,1.8244575272896228,0.6473329460011967,2.8184221714033537,0.0048260309306554,0.19621413035093205
EIF3H,291.25927217266116,1.8012538065810384,0.6392425519738331,2.8177939672807817,0.004835482751130814,0.19621413035093205
TMEM175,12.079694336275994,-1.7074889468541652,0.6056611123911867,-2.81921508896765,0.004814124735613994,0.19621413035093205
REEP3,50.08757933509638,1.5159439075670962,0.5395258302559272,2.8097707701001076,0.004957679673824014,0.19934379270294197
MPHOSPH9,14.43885173132947,-1.629822485017197,0.5807417409413979,-2.806449700645267,0.005009073209508098,0.19959577302391274
CDKN1A,52.006733608891395,-2.0899843526816406,0.7455307711379363,-2.803350892534732,0.005057461187498923,0.19972456100274766
CDC25C,17.669253230390915,-1.9981875989257718,0.7144595487835905,-2.7967819904259152,0.0051614347747647935,0.20047736621205764
TSPO,158.21845149952233,1.5774338108483066,0.5640898916485286,2.796422758504542,0.0051671760678667356,0.20047736621205764
GNPDA1,14.545060731480755,-1.403367979529083,0.5028030849902468,-2.7910886417021588,0.005253108375111825,0.20203911602712699
MRPS2,21.966024085735157,1.289352593035483,0.4626929312478786,2.7866269526921688,0.005325975169341927,0.20284903517155917
GDI2,126.76325136983296,1.7930826206908876,0.6440193380867991,2.7842061793014374,0.00536589127629944,0.20284903517155917
SMAGP,14.93167611588071,1.4759347144252988,0.5325895719016414,2.771242232842431,0.005584286686134834,0.2075571429644905
PRPSAP1,37.85397404417026,-1.7300402151777603,0.6238706400304647,-2.7730752245261607,0.005552928282629877,0.2075571429644905
WIPI1,13.977910140815808,-1.9878862562475752,0.7193251923229941,-2.7635432172587766,0.005717751996721059,0.21074680901247705
NOC2L,27.29116162305103,1.2627070533186797,0.4586415304685635,2.7531459090254127,0.005902558301823283,0.21576045759474696
XPOT,12.720753876165936,1.574991271458597,0.5746731438248495,2.7406731781059657,0.006131346132047415,0.22228642575447308
ST3GAL1,15.396902588229642,-1.6197065317783101,0.5920247703818475,-2.7358762889830146,0.006221441027313821,0.22290129174557036
HELZ,8.767626657772636,-1.6635140475846495,0.6083616613202657,-2.7344163075209136,0.0062490979372486375,0.22290129174557036
BCAS3,4.755767371381334,-2.3908855645005405,0.8759919752862096,-2.7293464232013944,0.006346000014117491,0.22454686449953332
NEK6,11.664718002040173,1.9182835017313364,0.709001834124697,2.705611479975318,0.006817876004027079,0.2393290917921569
MAST4,22.672911954383967,-2.023092309280796,0.7509948662639006,-2.693883007943065,0.007062494973043532,0.24596389973048455
SPOP,21.28145373307334,-1.3518992373410839,0.5032156323280604,-2.6865207487428426,0.007220046377373797,0.24948644630565864
NOL4L,6.6044963475311205,-1.772952529235463,0.6626535650151478,-2.675534582229154,0.007461017539005859,0.2519090120230757
WDR54,15.325139522242804,-1.729240729820652,0.6451437486162198,-2.680396010237611,0.0073535108398547835,0.2519090120230757
STAT3,51.205969683869114,-1.2909617727862033,0.482096769768571,-2.6778063113883244,0.00741060579332529,0.2519090120230757
BBIP1,13.182862508441858,-1.4944100190638223,0.5612932477118544,-2.662440756513417,0.007757622418171423,0.2585702473251401
THEM4,11.023799444281881,-1.5897734402918458,0.601741418162531,-2.6419544879366206,0.00824291315235016,0.2585702473251401
SF3B3,22.629216171280213,1.8824915233354735,0.707788624713711,2.659680387060347,0.007821483409092927,0.2585702473251401
IFITM3,162.0611542664458,-2.301852912416668,0.8681565574702438,-2.6514260505318643,0.008015266289736941,0.2585702473251401
ZG16B,96.43902190731997,-2.1350471876902843,0.8061982698587908,-2.6482904609361753,0.00808999835326583,0.2585702473251401
SAP30BP,30.24617018560487,-1.515557404220838,0.5718654740197131,-2.6501991693392464,0.008044433230182023,0.2585702473251401
PLGRKT,52.970247481469166,-1.325024589719851,0.5014388239911783,-2.6424451524781847,0.008230979534555897,0.2585702473251401
MIR22HG,5.11930798763792,-2.0729530503654714,0.7834180239431532,-2.6460369649548556,0.008144091641489808,0.2585702473251401
RANGRF,17.823752684505404,-1.6001963395968082,0.6027064030460298,-2.6550179847261353,0.007930418031332521,0.2585702473251401
MGP,2087.068458323451,-3.402599615156238,1.283267812858166,-2.6515116962045338,0.008013233754790615,0.2585702473251401
DGKE,5.378424912594959,-1.9326743338319454,0.7329999432661327,-2.6366636881583534,0.008372579432601846,0.2589644673454403
CFAP36,25.595353466124646,-1.1974352570428624,0.45391627647228866,-2.6380090759225396,0.00833943499023512,0.2589644673454403
AMZ2,41.80161765481058,-1.401078897685371,0.5395757286229153,-2.5966306921572464,0.00941430836827469,0.2597516988867015
ZFP36L2,128.6259746375729,-1.9344812354650784,0.744568875638443,-2.5981226166703855,0.009373501572815324,0.2597516988867015
ECE2,14.03508425539658,1.4366590251119888,0.5508136089675022,2.6082489643002833,0.009100673676300026,0.2597516988867015
CAP1,68.21335480913118,1.1969122975165816,0.45911577301788453,2.606994505218091,0.00913408260599186,0.2597516988867015
KIF5B,107.24391768864818,1.1586503393426497,0.44408703445816666,2.6090613988681883,0.009079095050942686,0.2597516988867015
HNRNPH1,86.66560025861125,-1.5109313554634283,0.5747274140474795,-2.628952993250827,0.00856481990628636,0.2597516988867015
ATP5C1,187.7625317782387,1.447417138560694,0.5546740761312035,2.609491232502309,0.00906769696453083,0.2597516988867015
ARMT1,69.24660237545525,-2.17513234627947,0.8312472651801233,-2.616709175949156,0.008878194825784658,0.2597516988867015
TXNDC15,14.420848339696231,-1.399069007447287,0.5383186087965735,-2.5989608841034597,0.009350642767784242,0.2597516988867015
AP1G2,14.578573296408157,-1.483078816795781,0.5656798471270169,-2.6217635723246344,0.008747609218447196,0.2597516988867015
GPBP1,80.67398653949716,-1.3646443941751485,0.5254289890439935,-2.597200425994936,0.009398706466508611,0.2597516988867015
TIPARP,24.16789717767169,-1.5222444985637638,0.5822328863181995,-2.614494190099446,0.008935968028851434,0.2597516988867015
KIAA1109,8.687576133365878,-1.5372472841841065,0.5896147455761633,-2.6072063083868935,0.009128434163810845,0.2597516988867015
ELP2,32.50660066054038,-2.1044260438432376,0.810909123212308,-2.5951441210907036,0.009455126276454656,0.2597516988867015
COMT,80.30473357445905,1.4089400710459001,0.5424125951083915,2.5975430580927945,0.009389334752892354,0.2597516988867015
CYB5R1,25.828945056816696,-1.1695782064361566,0.4454870026487979,-2.625392434531249,0.00865491505194721,0.2597516988867015
SLF1,16.753962196309185,-1.3890703043242867,0.5318086309955854,-2.6119739759090477,0.0090021106393965,0.2597516988867015
PRR11,13.298147008399065,-1.5129043572591923,0.5759341278227867,-2.6268704773208174,0.008617412835958108,0.2597516988867015
TMEM14A,99.21786332549999,-1.2111885831939493,0.4676880202243641,-2.589736172016776,0.009604951263917066,0.2622388854339826
ERLIN2,14.731820221182247,-1.4225200360450834,0.5516699659370489,-2.5785707467848766,0.00992099823306992,0.26839440125975234
C5orf15,28.2460536253128,-1.4842001777870437,0.5758292255246207,-2.5775006060778414,0.009951770700112906,0.26839440125975234
C1orf132,4.7939900764951195,-1.8074044148591188,0.7020193534997134,-2.574579184817099,0.01003621105198424,0.2690312817147048
RBPJ,45.82423787015294,-1.937349271755117,0.7532006621469371,-2.572155561086286,0.010106746776618498,0.269290005981829
TROVE2,32.54642551473908,-1.05529472033639,0.41152562313653956,-2.5643475424281297,0.010336998086311814,0.27377570380692906
DERL1,40.96607567299445,1.5611037423782346,0.6107461733512773,2.5560598010989892,0.01058649233849676,0.2770654178294152
VIM,77.62429708643606,-3.5403086559728756,1.3844358154888154,-2.557221227856538,0.010551209097563328,0.2770654178294152
POGZ,26.94733365992866,-1.4518029696524994,0.5704241628062358,-2.545128808201721,0.01092374346048934,0.27807068253463946
AP2B1,23.157045045725102,-1.2659304466726442,0.4973917461023349,-2.545137623598981,0.01092346767805757,0.27807068253463946
SLC39A6,330.32250757856133,-3.265130886239325,1.283143879856673,-2.544633487714597,0.01093924909812961,0.27807068253463946
GLRX3,30.4203814719829,1.2090563948645003,0.47402146868709866,2.5506363629757827,0.010752645069452402,0.27807068253463946
ANP32E,91.1624422597791,-1.6956632850933955,0.6645405281757659,-2.551632614113349,0.010721951147352821,0.27807068253463946
PGD,42.18435084900716,1.5388006030402643,0.6057923318278265,2.5401453966862193,0.011080639366080086,0.2800552452352698
NDUFAF4,18.455627267210573,1.3216957303095604,0.5217468857226504,2.5332124953250723,0.011302241407136749,0.28403303263503316
FAM104A,27.98124171786294,-1.325512522732911,0.5258998634957321,-2.5204656147313638,0.011719968845971604,0.2912246786109052
VASP,28.869948718580428,1.0073255993501709,0.3996591509470794,2.5204617408686714,0.011720097850495392,0.2912246786109052
AKR1A1,92.7073521152028,1.0210421041877982,0.40570070369494693,2.516737326035147,0.01184470985642543,0.2925085821794111
VPS28,91.94197184981581,-1.3796270009847715,0.5489910931202125,-2.513022557695075,0.011970168070195209,0.2925085821794111
PNKD,87.95132455317045,-1.0089914621408131,0.4013553872436467,-2.5139601814496015,0.011938391216178774,0.2925085821794111
PSME2,219.46064766328436,-1.5749355495020145,0.6273049422921811,-2.510637878520736,0.012051324965420942,0.2928736830882243
SRM,18.421043839207794,1.5980220435134915,0.6374715507649121,2.506813114398595,0.012182510437948855,0.2931975945029695
GLUL,229.03046272582452,-1.8700832597374302,0.7461273423559889,-2.5063861804506615,0.012197232057098436,0.2931975945029695
LSM10,21.95123029180051,1.1165444285935715,0.4463638045096447,2.501422421157462,0.012369553974102977,0.2941426732659004
GATA3,157.0511881082908,-1.885545990316764,0.7536977810913928,-2.5017268693379955,0.012358923001240934,0.2941426732659004
SEC61B,194.2383517425663,0.8193137937301486,0.32892158926488524,2.4909091420884004,0.012741669865879457,0.2946097847249055
TSPYL2,13.883642098329332,-1.514745568245391,0.6096349882430886,-2.4846762365308903,0.012966930633697143,0.2946097847249055
NSUN2,11.783639845149462,1.2269290526184895,0.4936297904636131,2.4855247319376077,0.012936059817885646,0.2946097847249055
GGA1,12.233342962096971,1.4054923452551742,0.5655363869236263,2.4852376924864092,0.012946495891770491,0.2946097847249055
BIRC5,111.11386189682182,-1.303509556922237,0.5247454720120646,-2.4840796661362474,0.01298867466003992,0.2946097847249055
IDS,28.262198993582082,-1.5789730232418855,0.6351270656526293,-2.4860742182659155,0.012916102555816338,0.2946097847249055
FUS,178.00719571477674,-1.049235817968031,0.4213780929560921,-2.490010362445117,0.012773937084933535,0.2946097847249055
PMAIP1,28.20536968170372,-2.1505103958380962,0.8632122583553122,-2.4912880638830215,0.012728087770750109,0.2946097847249055
STX8,19.831664342089525,-1.396757741296873,0.5607460660179876,-2.4908917350337108,0.012742294113423555,0.2946097847249055
NAA38,101.68331947548401,-1.2058262056865567,0.48657639533135216,-2.4781847563020496,0.01320527461044205,0.2979945387856387
HIST1H2BJ,17.861539860581825,1.9653097625787155,0.7942673665691828,2.4743680091853952,0.013347213015907612,0.299668645529743
NTMT1,25.10544514947175,1.145376237368923,0.4640833928565106,2.4680396993284788,0.013585525172937846,0.30221849314895277
PROSC,20.869131350782354,-1.0939825028277468,0.4436002408976234,-2.4661449701065927,0.01365760457592961,0.30221849314895277
HSPA14,25.36585300090154,1.322041207169785,0.5361225687070589,2.465930897776022,0.013665769529683599,0.30221849314895277
DYNC1LI2,23.728270713769906,1.1512792163054009,0.46740204653256595,2.463145433029648,0.013772403924907703,0.30306140577048146
COIL,29.482429876584877,-1.5135044048470792,0.6149221940087826,-2.461294159803025,0.01384368102644734,0.30312178801968603
NIPSNAP1,17.853302781968488,1.2774888114619278,0.5209157120514029,2.452390630397933,0.014191051217349222,0.30834384194848363
ZNF552,22.461740716286553,-1.846048964417297,0.7540730058474815,-2.4481037646249844,0.014361029039427452,0.30834384194848363
FAM133B,58.365373392797835,-1.4278285483347437,0.5829847831786609,-2.4491694972717197,0.01431860496554311,0.30834384194848363
ATP1A1,53.351488348824844,1.0471601521678264,0.42725181998265604,2.4509202844597247,0.014249150588599269,0.30834384194848363
APRT,112.32134592385516,1.1819639683483307,0.4873066840491662,2.425503296049758,0.015287176930423042,0.31135626856334825
MIS12,11.480811027487128,-1.8648960701737505,0.7663309616218311,-2.433538723565288,0.014952035993120798,0.31135626856334825
SP100,25.04914570748598,-1.6455749587247646,0.6750431016863209,-2.4377331678732284,0.014779679118835695,0.31135626856334825
SUSD3,27.74814425078743,-3.189949721592767,1.3118632350922006,-2.4316175926437715,0.015031568073667966,0.31135626856334825
ABHD2,11.188968990803694,-1.3796174565299912,0.5651900949365596,-2.440979537486141,0.014647484698232755,0.31135626856334825
DESI1,17.45894130975778,1.275782062328353,0.5271997539787208,2.4199215813364114,0.015523854439396257,0.31135626856334825
DHRSX,12.253593122542933,-1.150287321606914,0.47459814144525286,-2.423708019808175,0.015362951836876476,0.31135626856334825
C1orf56,12.047324306605708,-1.6823165940021907,0.6927356407765616,-2.428511678879842,0.015160936815555665,0.31135626856334825
POLM,5.248581955663529,-1.4838569197319968,0.6131809185318923,-2.41993329356158,0.015523354457091363,0.31135626856334825
SYTL2,15.177809766131608,-1.9014735126355844,0.7838426244689868,-2.4258358161164497,0.015273178118247256,0.31135626856334825
VAMP5,15.373207841664154,1.7530097871082422,0.7200052830976902,2.4347179503548086,0.014903401510810502,0.31135626856334825
TMEM165,84.65891443981018,1.2678804242587096,0.5229648195119949,2.424408635062361,0.015333341064012112,0.31135626856334825
DYNC1H1,24.741741205752167,1.223742910397375,0.5034037067442655,2.430937424580883,0.015059815249979439,0.31135626856334825
MAGED2,111.26213947354927,-1.7609940343190846,0.7279421955496602,-2.4191399332049706,0.015557254205855745,0.31135626856334825
WWP1,25.615651742606765,-1.3686391577558499,0.5615300207076714,-2.4373392468509776,0.014795791173621323,0.31135626856334825
FAM96B,66.89373317374148,0.955491971045518,0.3954957756148818,2.4159347076716653,0.01569487542318503,0.3126956486339972
ZNF706,182.62146085169297,1.3650138578783355,0.5657306420179263,2.4128335226980373,0.015829047726783698,0.3130999990489597
DUSP5,12.224986225411593,-1.7982347019464895,0.7454761552803141,-2.4121961369378973,0.015856748764858007,0.3130999990489597
YWHAZ,283.70519272287925,1.0516381830106967,0.4362846172999702,2.410440664901179,0.01593326279440332,0.3132125392873151
CMPK1,45.45844562795151,1.0878783752494923,0.45223904478736754,2.4055383713296754,0.016148655983187214,0.31364995085213276
ETFA,74.39741610531668,1.3693516194652353,0.5698714508969833,2.4029131785946856,0.016265048567744182,0.31364995085213276
CTSB,64.94304535648055,-1.3114080320263382,0.5469943717834606,-2.3974799370430944,0.016508285002024215,0.31364995085213276
DNAJC3,50.56055683820343,1.3016486307394126,0.543352480216543,2.3955879068052925,0.016593734682206436,0.31364995085213276
SNX27,11.94263418922371,-1.277058340310135,0.5327893077034864,-2.3969293712269035,0.016533110223628054,0.31364995085213276
MKS1,8.245233058979192,-1.5792058334221677,0.6578740043650597,-2.400468513642399,0.016374099357331223,0.31364995085213276
TMEM123,73.36382678608618,1.3306054458123175,0.5551210445815647,2.3969645157576256,0.01653152456425264,0.31364995085213276
MX1,13.579268940826537,-1.8792396465516812,0.7806463471913867,-2.4072867993462324,0.01607154306025589,0.31364995085213276
RANGAP1,18.122773270582776,1.3613563346233926,0.5669791782045869,2.4010693636657066,0.01634723747336749,0.31364995085213276
TNFAIP8,14.602029586310925,-1.751327489852747,0.7346003335705922,-2.3840548524396383,0.017123049899499285,0.32227765832121424
RPS19,1992.3233378877892,1.1015909700301563,0.4628177125974504,2.380183255838996,0.01730403020790705,0.32430392207446135
CBR1,23.71244367990848,1.6378224685594474,0.6890215338392842,2.377026534182998,0.017452832611494724,0.32451775516624415
CCDC6,25.054220398902608,1.294159095148891,0.5444897762742879,2.3768290086257853,0.017462180811568192,0.32451775516624415
ARPC5L,77.93047320341171,1.1015530027486153,0.46388827410220546,2.374608422427848,0.01756757593702448,0.32511041158769577
NSMCE2,40.5263105149521,1.6008814643768077,0.6746220421307108,2.3730049781958216,0.017644026114840335,0.3251646979414117
PRPF18,13.853625387547726,1.5425890202550987,0.6520971689311319,2.3655815325553298,0.018001779033262746,0.3253032304787237
SKA2,74.68894245874353,-1.1788732884787958,0.49908575200146654,-2.3620656044601565,0.018173425834897203,0.3253032304787237
TUBA4A,19.208936631880594,1.5879256107165578,0.6708761421317742,2.3669430331368915,0.01793569328292779,0.3253032304787237
ALG8,58.29793384895238,-2.131357021645437,0.9026110187543718,-2.3613239561231687,0.018209815427857955,0.3253032304787237
USP3,14.146986818257583,1.1463854726240819,0.4844889715151634,2.3661745468404387,0.017972968595216948,0.3253032304787237
MRPS36,60.72580258722214,-0.9674130583407237,0.40979728898827056,-2.3607112207333647,0.01823992791289249,0.3253032304787237
SUPT4H1,68.45703657099114,-1.3501890803398022,0.5703165781498051,-2.3674378968958325,0.0179117258526791,0.3253032304787237
SMAD7,5.942343360965822,-1.7906786075297925,0.7574565787474795,-2.364067667734612,0.018075510711596986,0.3253032304787237
SOAT1,5.811366432487472,-1.6417427805563893,0.6962585240207703,-2.35794999115503,0.018376168317050377,0.3264168372141117
STK4,42.64547380171325,-1.783844254700123,0.7573285060728279,-2.355443166863418,0.01850062683430167,0.3273130899524651
SMIM12,19.15193872399506,1.151223350705714,0.489344493407741,2.352582620657937,0.018643547502752645,0.3285275322895416
ABI2,14.7842808813815,-1.2570355236391553,0.5359064630942022,-2.345624862184564,0.018995215032046608,0.3294738670068319
MAPKAP1,11.657471930399087,1.3369875027608096,0.569578087010066,2.347329599316523,0.018908519903149207,0.3294738670068319
DHTKD1,36.63880760453476,1.2263307193393067,0.5227502718661023,2.3459207681740244,0.018980141725301297,0.3294738670068319
EIF3I,55.602244587513454,1.0444465776084337,0.4446918099986119,2.348697579142944,0.01883920115241481,0.3294738670068319
HMGB2,498.4113993544212,-1.6457000297070534,0.7034541323315627,-2.339456055581712,0.019311843335244005,0.33365735574915717
EIF4A3,54.52800448938102,-1.431024341199265,0.6134440007980222,-2.3327709445974887,0.019660170405790767,0.33835382764518507
RPL13,1270.5790545147627,1.492775355692287,0.642091486289276,2.3248639603044974,0.020079235616714545,0.3442265857857691
ZNFX1,10.32720465733325,-1.4268255564955918,0.6143668422563514,-2.3224325571597713,0.020209655994853554,0.3451247431090242
NACA2,16.147146621009757,-2.0808742001867864,0.8972688276660873,-2.3191201299162594,0.020388523572072565,0.3457527092105907
F11R,20.335771489603502,-1.382195869177779,0.5960676523530094,-2.318857370839511,0.02040277121952615,0.3457527092105907
GYG1,18.361512002374347,1.120180114030148,0.4843468982247273,2.3127640914723204,0.020735613060563512,0.34798566834840433
RBM17,85.21711377250696,1.210102061407902,0.5230055214727755,2.313746244973234,0.020681645577683476,0.34798566834840433
SIAH2,14.545860170265048,-1.2757781016190937,0.5517763125243889,-2.3121291593370157,0.020770566684146223,0.34798566834840433
COG2,11.797744224855025,-1.202818151829,0.5209003584932576,-2.3091136955794,0.02093727297304486,0.3481411968412685
POLR3GL,16.65880575830032,-1.2927435928135311,0.5596959127697199,-2.30972491190125,0.02090338870298527,0.3481411968412685
TBCK,5.003571990036501,-1.5781734114533017,0.6853087365535588,-2.302864865534897,0.021286447517069873,0.3499998415167288
TOM1L1,27.620832444069197,-1.2766320269094666,0.5540935132421356,-2.304001033037876,0.021222585597795753,0.3499998415167288
PITHD1,30.65953882607123,1.1097228281295128,0.4815497993991922,2.3044819653420348,0.02119560357650742,0.3499998415167288
ANKRD46,11.356944129740826,1.381738388093999,0.6027929775811793,2.2922270820713364,0.02189254297255337,0.3565411584750422
ERP44,21.684029709690265,1.216848338146891,0.5309932891275047,2.291645418243121,0.021926112390958957,0.3565411584750422
PDE6D,13.139274214141391,-1.5562280550817533,0.6788735749269227,-2.292367993921804,0.021884417294557274,0.3565411584750422
NFKBIA,193.98960866669103,-1.5396716032737296,0.6730315447883056,-2.2876663288613255,0.022156959981166197,0.3579650417153031
CLK1,39.78543477052621,-1.4767302928045885,0.645608165741465,-2.287347606746269,0.022175541810986445,0.3579650417153031
CCNH,26.69254438126427,-1.4453720908547674,0.6333326702196418,-2.28216884872449,0.02247937347948887,0.36024010470934514
PFKL,33.17142216527851,1.097211520665633,0.4805176815710211,2.2833946860776733,0.022407130001323553,0.36024010470934514
BPTF,32.41071214966125,-1.2717560111077022,0.5593363491292586,-2.2736874030938563,0.022984788097886323,0.3605025452374156
KIF3B,12.334419828431646,-1.2350338839699517,0.5431420244690209,-2.2738691324379263,0.022973856108389035,0.3605025452374156
GNB5,5.448448033345828,-1.4782895567568062,0.6496772437030557,-2.275421482105166,0.02288065790860008,0.3605025452374156
HLA-DRB1,92.62289975186187,-3.4590945203349888,1.518255725134591,-2.2783345803147528,0.022706650859065116,0.3605025452374156
TPP1,11.915007505267189,-1.3294058863832046,0.5832288180976526,-2.2793899154698765,0.02264389725902331,0.3605025452374156
ATP5G1,229.23872737541865,1.3702446221604379,0.6016476531137814,2.277486856416445,0.022757168628456118,0.3605025452374156
SAT1,394.31061728563134,1.5973364058710855,0.7037927447888617,2.2696119243887454,0.02323113948549389,0.3630789043969592
CCNY,5.684093216327922,1.2983723810470071,0.5734200169625588,2.264260651249263,0.02355808819304172,0.3656049967642931
RCC1,19.79588642288086,1.1267151658974301,0.49756790124564254,2.264445039715667,0.02354675646580691,0.3656049967642931
PSME1,185.60378372554433,-1.1601349649914952,0.5132418813654476,-2.2604058770594277,0.023796072088767724,0.3680070868832855
SLC5A6,12.16125741939179,1.2139781566383023,0.5385282615826519,2.25425152817534,0.024180348810073523,0.37264697835176025
XAB2,16.535352734847486,-1.2352906146303841,0.5486066899822445,-2.2516871142609727,0.02434205153546822,0.3736945264234665
ZPR1,12.890639257777996,1.2637923151921777,0.5628861398803515,2.245200628782248,0.02475525576352604,0.3736945264234665
MRPL19,26.16057491157568,1.0593913811986317,0.4716833030615397,2.2459802463273006,0.024705273209968126,0.3736945264234665
SLC38A6,7.530183716706875,-1.4489278754114283,0.6447570241197825,-2.2472463598042904,0.02462428687114929,0.3736945264234665
NDUFA2,159.0837741483224,-0.8214322689544755,0.36569969674173286,-2.246193464947261,0.02469161864906921,0.3736945264234665
BARD1,32.408381376589716,-1.0351692321140809,0.4608301905646307,-2.246313833834852,0.0246839130901044,0.3736945264234665
HES1,114.07719452268077,-1.7076527497267753,0.7618727469799028,-2.2413884162361577,0.025000926200851106,0.37611937614409674
C5orf63,8.779530588491149,-1.225170241609108,0.5500679528474951,-2.2273070722750923,0.02592675819503295,0.3773150579296835
PSMC5,97.20846510651388,-1.3396546464001318,0.6014954940911317,-2.227206453847787,0.0259334789985584,0.3773150579296835
YPEL3,27.460709307126898,-1.0946947644978333,0.49100092449358634,-2.2295167073807267,0.025779544925415007,0.3773150579296835
AK2,66.94496194178323,1.0004894499996522,0.4483489692260886,2.231497156615824,0.025648215653648925,0.3773150579296835
REXO2,58.16669892381592,1.5424238641044485,0.691989721122522,2.2289693286229477,0.0258159456059486,0.3773150579296835
NIF3L1,15.085987706563554,-1.1970908951142343,0.5369941238227829,-2.2292439377033,0.02579767855341494,0.3773150579296835
LUC7L3,63.49358483649337,-0.9567899155271071,0.4279432312762284,-2.235787005378569,0.025365726546513572,0.3773150579296835
POLDIP3,12.601139790109565,1.1596006647829982,0.5185756394461698,2.236126374970935,0.025343494222582003,0.3773150579296835
UBE2D1,18.366089498947385,0.9847515541749455,0.44139472260446655,2.2309998369812423,0.02568113981278157,0.3773150579296835
HCFC1R1,71.06399981638789,-1.4365437848330256,0.6449836628503712,-2.2272560803858488,0.025930164007847922,0.3773150579296835
PPIB,202.09368445119532,1.1488526389137212,0.5161426131579077,2.225843419292031,0.026024671355783537,0.3774003980545265
APPBP2,12.532648889524797,-1.3094336150265522,0.5898447658563984,-2.219963100164802,0.026421272534244967,0.37819187190603715
TTC31,6.767272848850382,-1.4699219552407234,0.6615196240132925,-2.2220383218913957,0.02628071589174256,0.37819187190603715
EDEM3,18.355230096887194,-1.3832243996113662,0.6229503590996834,-2.2204408094578607,0.026388859433060782,0.37819187190603715
GADD45GIP1,95.0735405191326,1.1441663118051382,0.5146206488786698,2.223319865415844,0.026194238911927403,0.37819187190603715
CSRNP1,20.48255236099366,-1.323238775896826,0.5965519448573872,-2.2181451042174745,0.02654494030218621,0.37873635792441807
TRIAP1,25.082927870561363,0.911768307427242,0.41210317081329784,2.212475836154913,0.026933804018902233,0.3830489233942269
UBAC2,26.482786122422276,1.1365966990522403,0.5146354296635905,2.2085473201781243,0.027206142973576874,0.3835380314552877
DDX52,27.61418131764976,1.7202926419365028,0.7788524597161898,2.2087529165194772,0.02719183158363024,0.3835380314552877
SPC25,52.588586366975065,-1.3280718626751444,0.601419543553255,-2.208228643234214,0.02722833865633288,0.3835380314552877
C17orf75,13.540622106144365,-1.2843451254788272,0.5829959126345275,-2.2030087992811818,0.027594128455618077,0.3845086263889146
CCT4,81.65278996058893,0.7714006686549607,0.3506525627857899,2.199900273155002,0.027813971341669755,0.3845086263889146
MRPL20,99.1063807440422,0.8119890847437122,0.36891578300504124,2.201014763124451,0.0277349787276746,0.3845086263889146
AARSD1,6.36769929908628,-1.5098326344758277,0.6845399945935378,-2.2056163940754514,0.02741087022225988,0.3845086263889146
PDCD2,29.538592714917723,1.0626882037735481,0.4824921189186899,2.202498573769727,0.027630109764096855,0.3845086263889146
ANXA2,273.3020529514376,1.0611967934161908,0.48239911032034466,2.1998315724742663,0.02781884703695516,0.3845086263889146
ATP6AP1,82.50785810061811,-1.5076781940726187,0.6871520690389945,-2.1940968557093306,0.028228447274308555,0.3877466530877849
TLDC1,6.636723186746987,1.5498532274590964,0.7062164490180296,2.194586701590023,0.028193258343159288,0.3877466530877849
UBB,587.4579667505277,-1.223852518911274,0.5584656079720404,-2.191455483454849,0.028418847811538805,0.3891534485152821
ABCE1,22.240540437928402,0.9532217860718695,0.4363443124136367,2.1845633343978457,0.028920878766791246,0.38935826890474545
HK1,17.565815471977277,1.0110001321218112,0.4622485932553073,2.187135119226679,0.028732661552677424,0.38935826890474545
ITPA,25.362160811276826,1.0870416318902405,0.49772887664962,2.1840035466848584,0.028961987445096374,0.38935826890474545
HINT1,905.6874679444754,-0.9261379166072914,0.423709590719514,-2.1857846432850123,0.02883136480398019,0.38935826890474545
DLAT,10.32711967371972,1.2511516191484282,0.5716172200076102,2.188792736390571,0.02861190791558585,0.38935826890474545
CAPZB,87.43313462878434,0.9453489224923446,0.43182072268491367,2.189216202072212,0.02858112958566826,0.38935826890474545
AKAP9,68.17506968051597,-0.9464610959174039,0.43449250248885396,-2.178313988149159,0.02938266846293301,0.3926270169533314
NSL1,24.84723602268692,-1.1542723809064108,0.529695954262398,-2.1791225166402035,0.02932256796926985,0.3926270169533314
TRADD,12.992490479710085,1.271068297190521,0.584048159783807,2.1763073402388997,0.029532287051551302,0.3934376675572633
C1orf52,28.36847306604613,0.9784606176668922,0.45046301685164974,2.1721219746417653,0.029846463893256174,0.39642915855817434
USP36,16.39691952928599,-1.6950681342658849,0.7809816568186017,-2.170432710508075,0.029974081038507284,0.3969322168662207
EIF3E,219.75918051025505,1.573830952056912,0.7255775339795468,2.1690734323387644,0.030077109349791176,0.3971076258332131
FYTTD1,23.804274987299042,1.1486838345790036,0.5304598989662201,2.1654489563067845,0.03035332037087125,0.3971974437880578
PARP9,16.8977808803703,-1.282351143860154,0.5917662970511874,-2.166989147996766,0.03023568159792489,0.3971974437880578
RNASEH1,13.99654697726559,1.0907021070503427,0.5036541275671925,2.1655776203379413,0.030343478071631964,0.3971974437880578
TMCO1,115.90202884301884,-0.8390169975212304,0.388002135022246,-2.1624030431511043,0.030587123218066073,0.39907624186875
LAP3,45.67848672773549,-1.664395963616587,0.7708243460043503,-2.159241560342716,0.030831431311114942,0.4010806490854747
KLF2,16.807353961581363,-1.275174078094194,0.59131041562218,-2.156522267162247,0.031042906961251532,0.4026474413185206
MAP7D1,12.911700426076408,1.1228224545234096,0.5214987468533632,2.1530683655489757,0.0313133060039791,0.40390827999446827
CISD2,63.127026057181624,-1.0290790355345307,0.47810418335089233,-2.152415877899283,0.03136461425623079,0.40390827999446827
CEP350,26.323365165676318,-1.2601013363325508,0.5856067014385963,-2.1517877668356546,0.03141407377754851,0.40390827999446827
NNMT,10.340805209831137,-2.1694774634497174,1.0101406175208396,-2.147698474668018,0.03173771662914282,0.40688672652376434
CD74,198.5456611800213,-1.8130905417873904,0.8458389280783721,-2.143541141936419,0.032069671171508454,0.40909622012153857
CTPS1,8.78042643291678,1.236825241992942,0.5770860807547736,2.1432248727525924,0.0320950459828564,0.40909622012153857
NAA50,35.82599451199729,1.1477159314843288,0.5360220359174174,2.1411730387538626,0.03226008640055118,0.41001828203918933
BRD8,20.886936935271144,-1.2628038430160893,0.5905000750782793,-2.1385329084821647,0.03247351617488046,0.4115483153051469
MRPS15,59.73725356603059,1.0078953923920075,0.47167681778592035,2.1368347020384206,0.032611438544885143,0.4121154076686485
TOMM40,48.24547304243143,1.384028644739921,0.6483389494411557,2.1347300604612798,0.032783066069515795,0.4131039920953515
MTMR4,9.718058287880277,-1.6562376392911995,0.777962138165354,-2.128943759650126,0.03325891372930946,0.41321397591217907
EI24,60.28828928353681,1.2043987159919205,0.5647450803795044,2.1326413595007745,0.03295415774732429,0.41321397591217907
ADI1,43.17526710429276,1.1862740697843286,0.556920562841945,2.13005974089162,0.033166681529096444,0.41321397591217907
LMCD1,14.80074661556896,-1.639256152598217,0.7699103190669472,-2.129152073951715,0.03324168059158365,0.41321397591217907
CYTH1,6.786518719087674,-1.3726857407176787,0.6444118148660517,-2.1301374510071747,0.03316026720217324,0.41321397591217907
GRINA,73.27912953682099,-1.3661643588864423,0.6435638716881427,-2.122810833527424,0.03376970665902815,0.4177349496016163
CNOT7,54.66609250097848,-1.3506204360860508,0.6363916035375073,-2.122310270246123,0.03381169160239173,0.4177349496016163
SDHB,43.08772437256922,0.9420613705649846,0.4442293580950761,2.1206643671744003,0.03395005718243019,0.4182760526960688
PHOSPHO2,7.913694792908537,-1.2224719651506484,0.577551121046575,-2.1166472033426555,0.034289800791809606,0.4212883025060386
RNF213,32.29878461067616,-1.1305875379373456,0.5349777132540268,-2.113335770681912,0.03457203914610501,0.4235793051058794
AAK1,10.076960730494465,-1.2869650498048169,0.6108073293047539,-2.1069901883294255,0.03511843007007944,0.42378532724825546
FBXO21,16.593028951989986,-1.0132299981018917,0.48186812317269134,-2.1027122346890987,0.03549093192024003,0.42378532724825546
TXN2,52.43373812086762,0.8579955538744926,0.4086773526351167,2.0994448269330572,0.03577770661858577,0.42378532724825546
PEX11B,20.837531188288377,-1.0348522602655492,0.4928314134827436,-2.099809857801981,0.03574557074059907,0.42378532724825546
RALGAPA1,19.233689566373872,-1.277437617977654,0.607725819063007,-2.1019966206918936,0.035553571826929684,0.42378532724825546
EXOC6,13.317940002823352,-1.08765647496063,0.5170290544261308,-2.103666062186503,0.03540758686227789,0.42378532724825546
LRRC23,8.99364120579609,-1.0912449426659645,0.5202062626428637,-2.0977158889283403,0.03593025044496853,0.42378532724825546
SEPT8,13.852360097948559,-1.3173890606183152,0.6247065149777434,-2.1088127449179077,0.03496074807101588,0.42378532724825546
MTERF2,9.652007086666876,1.3994282338767903,0.665904794756884,2.1015440118398745,0.03559323875270276,0.42378532724825546
PCIF1,14.968644269121437,-1.1413680188732067,0.5429339769181774,-2.102222493703348,0.03553379028445827,0.42378532724825546
KIF13B,9.786646370602469,-1.3041522118484574,0.6188306824293845,-2.1074459442260696,0.035078942654054104,0.42378532724825546
TMEM106C,165.60505022695497,-0.9092574477069448,0.43056224807899923,-2.111790923992284,0.03470438611124469,0.42378532724825546
MAP1LC3B,46.146976351044934,1.1616518380883147,0.5536405501593148,2.0982058444852703,0.035886965561212764,0.42378532724825546
BHLHE40,84.58268428107118,-1.4198464600009082,0.6767801183743155,-2.097943514374362,0.03591013545264772,0.42378532724825546
SLC25A6,209.3257414049637,1.0864743833750699,0.5190994703169984,2.0929984434613136,0.036349293504385476,0.42532519886216125
TCP1,80.26263254755034,0.8648760377379175,0.4131178670444812,2.093533363554074,0.036301568999621246,0.42532519886216125
HEXB,41.90618978170164,-1.2477089678506303,0.5960992867510956,-2.093122732373974,0.03633819992914591,0.42532519886216125
AFF4,39.97324834069973,-1.1559603919070152,0.553230728973256,-2.0894724955939608,0.036665211312193934,0.42564364733289706
FAM102A,15.872267695845261,-1.3510644132973284,0.6464333995831513,-2.090028785902081,0.03661521395662498,0.42564364733289706
CCDC167,61.339698825059315,-1.5521842788623677,0.7427839934188349,-2.089684609004673,0.03664614047197482,0.42564364733289706
CD2BP2,25.898527698450312,-0.8948518252719342,0.4301825572881351,-2.0801676174716794,0.037510161314400006,0.43343487809602443
KIF2A,30.681255647279052,-1.1208334570699752,0.5391580765174686,-2.0788586981941655,0.03763033985730802,0.43343487809602443
CCDC57,23.955606665590743,-1.1581121022585956,0.5569897108290243,-2.0792342834032964,0.0375958219970514,0.43343487809602443
DERL2,35.41291108729514,-1.1037145549873266,0.5313098884910358,-2.077346156914127,0.03776962184911628,0.43384345266890767
COMMD10,27.970848111798052,-1.3105489399152437,0.6311805060475204,-2.0763457162547017,0.037861987956183216,0.43384345266890767
KIF3A,11.742772811383835,-1.2763290194983121,0.6151250110109339,-2.074909972203399,0.037994879316419525,0.43424121761375595
AIDA,17.24152009153625,-1.1546377191748092,0.5573967491612347,-2.0714826932742194,0.038313710148359235,0.43675654635616723
TTI1,7.680362116140681,-1.1251517276062184,0.5437742965018466,-2.069152100134982,0.03853181597970973,0.4381136814351057
ITGAV,15.196711036171072,-1.322426886141725,0.6399592946097513,-2.0664234386159572,0.038788514677733414,0.43877647166141914
EXPH5,6.978454885075225,1.425456069176422,0.6896574249188931,2.066904549521905,0.03874314897088156,0.43877647166141914
CHMP1A,18.586365079415792,1.040276470819721,0.5037963308304858,2.064875044057728,0.038934824944815385,0.4393079865584654
ACTR1B,15.10167710495438,0.9241841589365066,0.44815075928381454,2.0622170994721434,0.03918707144940141,0.44102905094326317
TRIB1,62.64360187867315,1.5276064233320303,0.7447441873051249,2.0511827408277084,0.04024915402102607,0.4518325082106556
SNHG10,8.43101698129834,1.2410868279958949,0.6072772823487023,2.043690525019929,0.040984129839302094,0.45660656493509616
DDT,99.38697699620934,1.313241602610206,0.6422812755813766,2.0446518566518903,0.04088919314620979,0.45660656493509616
ANKRD12,36.19917089509701,-0.9662021304427019,0.4725382350635863,-2.0447067744955847,0.0408837753441269,0.45660656493509616
BNIP3,61.19877200302718,1.3616780638724668,0.668051554700904,2.0382829053995826,0.04152164845721941,0.4606846763653513
SH3GLB1,31.178774036588106,0.9576275551096513,0.46990566378428955,2.037914477126308,0.04155848651814949,0.4606846763653513
ASAH1,85.5295850972989,-1.2396470345093502,0.6088145296665092,-2.0361653247474116,0.041733756907675786,0.46147101700662496
RFX5,9.308059551246599,-1.0449912621487811,0.5135136951313606,-2.034982264458331,0.04185265756351835,0.4616316818040939
PSMG4,22.082848008147543,0.9137099136990342,0.4506570498668601,2.0275060913148395,0.042610682134314154,0.4665025917823552
KXD1,33.56742719365987,0.9306483193469006,0.45885802373178364,2.0281836019301966,0.042541512872746066,0.4665025917823552
CDC42SE2,22.17165538262755,-1.582734091543628,0.7802840789647364,-2.028407517482049,0.04251867349374755,0.4665025917823552
ARID4B,55.10725506376615,-0.9703764723911765,0.4799998247259608,-2.0216183890174944,0.043215790821003276,0.466922023615168
LINC00342,6.310629367833753,-1.5654618855111713,0.7736771783274154,-2.0234045017270463,0.043031460448283085,0.466922023615168
RPS16,751.2877000061579,1.2023368239055148,0.5942319048444591,2.0233461281757124,0.04303747419347399,0.466922023615168
THUMPD1,22.11241104158941,-1.0100759356506688,0.4997086222797831,-2.0213298122463352,0.043245635036739755,0.466922023615168
MB,22.54684627466576,1.034672748968073,0.5119672199616813,2.020974602720686,0.04328239423066219,0.466922023615168
SRSF1,53.61833858879055,-0.8273793111916184,0.40878279622423547,-2.024007171617282,0.04296941385306111,0.466922023615168
AP2S1,188.3356764215037,1.2105640229755263,0.5997484195142676,2.0184530439545876,0.0435440997883806,0.46746493534953254
VEZF1,20.550487298939494,-1.1593292572595628,0.5741500957630923,-2.0192093771554975,0.043465462105277845,0.46746493534953254
GGNBP2,41.95253579993425,-0.961810030372081,0.477736570624305,-2.0132644003267113,0.044086821392494646,0.46874041110337455
KCTD9,9.443382993231111,-1.2544895070452142,0.6225144352043906,-2.015197457442616,0.04388396383764722,0.46874041110337455
IMMP1L,33.02626995632999,-1.0355194543483401,0.5142939931174285,-2.0134776377057557,0.044064405207915804,0.46874041110337455
AIM1,19.079691473435076,-1.4271439400615975,0.7084115767056203,-2.014568913029841,0.043949837471152886,0.46874041110337455
MBTPS1,14.38041348361271,1.242444605247353,0.6186567579779467,2.0082939194073144,0.04461206766551007,0.4693375393987731
HGSNAT,9.602407213170494,-1.1081664080900906,0.5509059258498333,-2.0115347395848415,0.044269004738975715,0.4693375393987731
GMPR2,21.792216638270933,-0.9007468488744537,0.44857199728367303,-2.0080318306290286,0.044639909309484256,0.4693375393987731
POC5,9.646289414567965,-1.0660772813475334,0.5309902522653612,-2.0077153522109548,0.044673548290048264,0.4693375393987731
IER5L,9.92217342469246,1.1556685578060166,0.5751720111965074,2.009257292269708,0.044509854593818086,0.4693375393987731
TAPBPL,9.61336905521187,-1.1741064889076813,0.585946996651985,-2.003775931298143,0.04509406820037013,0.4695167572588276
PARP14,11.17971833309824,-1.6371821975206138,0.8169177604284358,-2.0040967118428017,0.04505970158885152,0.4695167572588276
ARV1,26.803180314817446,-1.0032004518821849,0.5007043173828213,-2.0035785933021475,0.045115220853493496,0.4695167572588276
CD99,91.85770892697779,1.1293806902601153,0.563676065135905,2.003598804550653,0.04511305402599339,0.4695167572588276
MRPL53,12.911556574281368,-1.8000931020422173,0.8991407754707346,-2.002014758033635,0.04528314431354894,0.4701580922507675
CORO1C,6.394675353081094,1.1816124728396982,0.5926891789823172,1.993646104470133,0.04619074312761912,0.4740177653212515
COPG2,10.01270181947198,-1.1491006214370065,0.5760557693257169,-1.9947732192354368,0.046067619487016674,0.4740177653212515
DECR1,52.27219356010446,-1.144986277208443,0.574220992695021,-1.9939819194603454,0.04615403045904952,0.4740177653212515
PBK,58.747302202157734,-1.0342418063020549,0.518414929597815,-1.995007757790496,0.0460420337611697,0.4740177653212515
RNF115,32.203816327869006,-1.1446445712675366,0.5738988331776907,-1.994505834642691,0.04609680298112749,0.4740177653212515
MT1F,18.055190345981277,-1.3742055519550596,0.6903945867342011,-1.9904639728644378,0.046539848857980605,0.4748038566083028
GEMIN7,19.488920513149708,1.0007993327748899,0.5029106928428557,1.9900140263822332,0.04658939040651219,0.4748038566083028
SUN2,11.165011092969031,1.0666446437923178,0.5358192977093277,1.9906797839352053,0.046516102627432304,0.4748038566083028
UQCRH,319.2967808776856,1.0146617697739089,0.5105841985459736,1.9872565047320936,0.046893979025582094,0.47484854346814936
EBNA1BP2,42.72399927440861,0.805111501276823,0.40512596244440124,1.987311542363358,0.0468878833663981,0.47484854346814936
KMT2E,39.732609985568885,-0.791399472507858,0.39831752458276504,-1.9868557712514499,0.046938382121232185,0.47484854346814936
ADAR,33.49851524729584,-0.9134034244012248,0.45990006758109725,-1.9860910854077192,0.047023210951627724,0.47484854346814936
GUSB,37.28354422693539,-1.0069311945133876,0.5073979975032314,-1.984499740771986,0.04720015695843981,0.47554964516441744
NUP85,18.104558449738878,-1.3113046555705328,0.6618841101275028,-1.981169566554375,0.0475722609153688,0.4782093409742641
AP3S1,83.98894697013634,-1.244008489801572,0.6294538192742426,-1.9763300367863494,0.04811740980170353,0.48259252506334405
TRAF7,27.549908035056603,0.942956883992434,0.4796362516326113,1.9659833483869233,0.0493005341259315,0.4856877066343921
IFT74,9.065332416696275,-1.1382902160047488,0.5787132779347137,-1.9669329517840484,0.04919094103344469,0.4856877066343921
LRPAP1,43.4557063397976,-1.2847662078958828,0.6529187155848406,-1.9677276469936626,0.04909938298993584,0.4856877066343921
RRM1,60.78030216284576,-0.8908210802599679,0.4535481795774148,-1.9641156560036777,0.04951668101496308,0.4856877066343921
OAZ2,21.987385224753616,1.1057310037354793,0.5634272541934245,1.9625089051085942,0.04970326486577598,0.4856877066343921
AP3B1,18.08504989220386,-0.9562364291923939,0.48489018475293516,-1.972068025422339,0.04860184148272366,0.4856877066343921
RABGGTB,34.40015622117369,1.1746163482592176,0.5968882240521075,1.9679000203506698,0.04907954247981065,0.4856877066343921
IDH1,26.638771883878302,1.3661581071942057,0.6956514597195709,1.9638542952888038,0.04954699143853713,0.4856877066343921
HLA-DMA,26.101340088352323,-1.7958249538121354,0.9152280960276994,-1.962161084877561,0.049743733010486006,0.4856877066343921
RBL1,8.518519746596196,-1.1144023354332167,0.5663057455725138,-1.9678457161097627,0.0490857922779171,0.4856877066343921
EIF5A,124.49608133063528,1.2039990838870127,0.6118513551402991,1.9677967103806326,0.049091432851143854,0.4856877066343921
TM9SF4,10.804910585639076,-1.0664730363453283,0.5430173911359424,-1.9639758389954418,0.04953289388355043,0.4856877066343921
RMND5A,8.539407407742244,1.0854907660426991,0.5542868720744071,1.9583555388571128,0.050188308023457646,0.48894908895980876
SFXN4,12.709554394115596,0.9432296371288252,0.483650581349749,1.9502295117613733,0.05114876979210756,0.48947895061774055
MLLT6,12.828283401682597,-1.101690604390952,0.5647858082005316,-1.9506343615485968,0.05110055661347456,0.48947895061774055
AEBP2,6.987290263535295,-1.3188358990917,0.6755950869083184,-1.9521099614963195,0.05092515080832759,0.48947895061774055
HDAC2,53.00979307636645,0.9174694507784462,0.4708476250921892,1.9485485364799515,0.05134936312155361,0.48947895061774055
PRRG4,33.41863959861872,-1.138728836816587,0.5842100395431828,-1.9491771105251883,0.05127427747810315,0.48947895061774055
PIGF,19.7983453362005,-0.8623745880114028,0.44155153321077034,-1.9530553585457864,0.050813035909546916,0.48947895061774055
TXNRD1,22.80807692517699,1.158461126517184,0.5926294337738932,1.9547816232144377,0.050608851109814126,0.48947895061774055
CYHR1,26.266227663605427,-1.0728141895676102,0.5485519174197864,-1.955720425905695,0.050498097190496125,0.48947895061774055
TMEM67,8.110991542479889,-1.0886020313110887,0.5584777724469978,-1.9492307214686908,0.051267877696203015,0.48947895061774055
GPI,43.59609656007838,1.0175495197328428,0.5204628056304655,1.955085951819801,0.05057292610170228,0.48947895061774055
POLD3,33.21761200935567,-1.5354368412005082,0.7892219584808353,-1.945506995466844,0.051713988600080474,0.49171444651417007
BTD,9.064928414483076,-1.2285595260752808,0.6319573769688707,-1.9440544107071922,0.05188889006220256,0.49171444651417007
VKORC1,76.14218930170333,-1.4469803186218984,0.7444011142091964,-1.943818045139651,0.051917396907555376,0.49171444651417007
SCCPDH,107.0711864909933,-1.604079782984707,0.8276218708788895,-1.9381795472384766,0.052601321132637845,0.4952995312623124
CERS5,9.40008776222931,-1.0741810563358942,0.5545556597034924,-1.9370121601684365,0.052743856935236075,0.4952995312623124
DEPDC1,31.33004725129151,1.238037059934217,0.6391115809863025,1.9371219310775574,0.05273044037437765,0.4952995312623124
ACADVL,49.956856786150105,-1.0049486526594327,0.5185227711038304,-1.9380993635440535,0.052611101104007386,0.4952995312623124
EZR,140.47082931549292,-0.8327176741290914,0.4308064882077331,-1.9329274208320615,0.05324513938054875,0.4968423027007745
SEPP1,124.42555269631211,1.490749228749855,0.7711514560630985,1.933147136050893,0.05321807484171488,0.4968423027007745
RBBP5,12.20147031209011,-1.1151020936481293,0.5764916560089871,-1.9342900838633224,0.05307747174986351,0.4968423027007745
DUSP4,145.4158341723028,-1.4378629364137934,0.7444431604721167,-1.9314610070457476,0.05342606694414219,0.49748104019777034
IPO9,20.14241002610531,-0.8342127881553502,0.43229585933042003,-1.9297265290661272,0.05364073107216619,0.49843057464746016
CYB5B,34.887751676184976,1.153989379611804,0.5985213392355618,1.9280672282891234,0.053846764607644024,0.49843186680883433
DDA1,24.481501215928304,1.025096902329373,0.5317139307458556,1.9279105606494642,0.053866251940905,0.49843186680883433
PRDX1,532.052917191094,1.0394433891294208,0.5395034306015571,1.9266668758165646,0.0540211584568486,0.4988216781934058
ZBTB21,5.891802261541305,-1.5579306711796852,0.8091992666577782,-1.9252744476825583,0.05419503260176259,0.4993846441616582
NR3C1,17.99091677920514,-1.8638693429540243,0.9686842999836809,-1.9241246533937055,0.054338960568367324,0.499669901442596
ASCC2,17.21377239475634,0.9939608545386497,0.5168691950566917,1.9230413885076458,0.054474852202829716,0.4998802308985805
LYST,18.709110850824356,-1.530395639587833,0.7965610378040192,-1.921253446950994,0.0546997630136572,0.5009048691706124
EMP3,10.657721507107006,-1.3134371707888517,0.6847742638331099,-1.9180586072798973,0.055103580230666936,0.5025219285778141
NDUFS4,51.383346572245294,-1.020687458255271,0.5320657271415715,-1.9183484411573224,0.05506684397357804,0.5025219285778141
CMTR2,9.81158850959647,1.1416260156176967,0.59547936564521,1.9171546177435206,0.05521829157961482,0.5025319005280583
TP53BP2,8.622450103598947,-1.3453064557095962,0.7023341232860012,-1.9154792727645482,0.055431410010170226,0.502847231801851
DNAJC7,44.42388262484292,-1.1502682458985938,0.6006322989206038,-1.915095555077109,0.055480318589035335,0.502847231801851
PCNA,148.085643094604,-1.0393765199577178,0.5434255479789548,-1.912638306798873,0.055794372109709535,0.5046595252377204
ZNF431,10.69928602130105,-1.332684498204638,0.6988692463161594,-1.906915356813038,0.05653154921539428,0.5102837595503855
SMS,110.36936847353677,0.8941337134450229,0.4691890940940881,1.9057001211237004,0.056689123584491415,0.5106639381144715
ZNF281,23.631241486804267,-1.4859324670806766,0.7806154625281527,-1.9035396279087757,0.05697016794966276,0.5121525464255252
CDS2,16.791415379077954,-0.9363916589120396,0.49217869473702935,-1.9025440737786359,0.05710006264800156,0.5122790610387645
MRPS30,51.721458498530524,-1.6193801561955723,0.8525464722424141,-1.899462620420199,0.05750367684062581,0.5141445594293584
PTPN18,18.54060235417528,-1.2485539107667565,0.6574164948660646,-1.899182512938201,0.057540483137583635,0.5141445594293584
HIST1H4C,590.6285724327048,-1.5424831633401823,0.8130709362519456,-1.8971077363195952,0.057813720378002934,0.5155445266772318
SEPHS1,16.42732624580464,0.9528938931181151,0.5030620804155309,1.8941874774799596,0.05820012968140149,0.5156168161566339
CENPK,53.5149050240305,-1.0797339415548097,0.5713966656429321,-1.8896399060010256,0.05880613622861142,0.5156168161566339
PTGES2,21.736518461740133,1.06586755255976,0.5642032261231923,1.8891553667348768,0.058871013375333514,0.5156168161566339
INTS12,15.107008858006306,-1.0520016471286657,0.5564865554941524,-1.8904349741109248,0.0586998096023185,0.5156168161566339
ARHGAP12,8.556542155358173,1.1640248180088748,0.6161335897904534,1.8892409654288755,0.05885954786051511,0.5156168161566339
RBM8A,161.37487729710801,-0.9016309902781332,0.47586616366781376,-1.8947154874989842,0.05813010479305756,0.5156168161566339
MIF4GD,19.45455130461892,-1.170997417218891,0.6176678899260482,-1.895836640235729,0.057981649216131415,0.5156168161566339
NEMP1,8.171102901019001,-1.0340403264715852,0.5461412761986956,-1.8933568502069849,0.058310429621519715,0.5156168161566339
GDI1,33.47636845435724,-1.1754594591355636,0.6217271368371962,-1.8906356011984184,0.05867300443408326,0.5156168161566339
MORC4,9.06589718413473,1.214578752649548,0.6448619191994265,1.8834710447120295,0.059636560273743144,0.5172117551375017
AGGF1,29.94949215735723,-0.9056327808762429,0.48167068284846676,-1.880190788280038,0.06008208059767763,0.5172117551375017
MAP2K1,10.832826207047026,1.0526628680326093,0.5597484397132101,1.8805999147973445,0.060026363349143436,0.5172117551375017
PEX19,12.04384402327133,-0.8962270664727376,0.4767118189736391,-1.880018557967191,0.06010554875439202,0.5172117551375017
KIN,19.32666774659925,1.036648091938728,0.5513393648007959,1.8802359456290203,0.060075928700430534,0.5172117551375017
APLP2,108.35774740479692,-0.9383885627534932,0.49884425459213616,-1.8811253294291947,0.0599548721537512,0.5172117551375017
MCM6,21.02665191236867,-1.3164084392338242,0.6986710318956312,-1.8841606122729186,0.05954325353444734,0.5172117551375017
MED17,6.346901277259194,1.006334156225381,0.5338033816430074,1.8852150264165777,0.05940081290819796,0.5172117551375017
TPR,79.24575047297063,-0.9221540914535036,0.48883404676950304,-1.8864358928098994,0.05923623961568042,0.5172117551375017
ISG15,111.68810795815804,-2.6384509684941904,1.4055307032773081,-1.8771919833142412,0.06049178587981936,0.519524599896002
LIG1,27.082949323121916,-0.916493969311195,0.48864892986353353,-1.8755673312681704,0.06071471582206829,0.5198147682166057
NADSYN1,17.29325917386881,-1.2119380207698938,0.646286499169515,-1.8752333869379092,0.060760622918377825,0.5198147682166057
C19orf48,47.38271220487752,0.9311127036521449,0.49713257903043806,1.8729665745666921,0.06107300082628971,0.5200785828254106
FANCI,28.70201092590953,-0.8717015696478799,0.4662254029231053,-1.8696998580140642,0.06152550926121835,0.5200785828254106
CEP152,10.59620279807126,-1.269853487954309,0.6794077863600777,-1.8690593682441288,0.06161455514368419,0.5200785828254106
SNX2,24.514923573427044,-0.9939499187061077,0.5308670144150341,-1.8723143305510284,0.061163129315363496,0.5200785828254106
NEK7,14.212813510286432,-1.236908977064967,0.6614819463720861,-1.8699058739982617,0.06149688996933281,0.5200785828254106
COPS8,49.91354411036313,-1.0025065331888803,0.5360531621739085,-1.8701625210516772,0.061461252538540415,0.5200785828254106
LDLRAD4,19.186104283821216,-1.2031001070489193,0.6433937042874376,-1.8699283176563875,0.061493772811111604,0.5200785828254106
PPP1R15B,13.687756992689799,-1.085077446965188,0.5810487328939,-1.8674465419810564,0.06183925549148131,0.5209810038834701
PLEKHB2,21.541251626459626,-0.8357028118969324,0.4477991295659643,-1.8662448332736807,0.06200711915645877,0.5214020684962303
SRSF5,90.58592875795084,-0.853379982452393,0.45788681789268865,-1.8637356418773185,0.06235883754812204,0.5214884133094609
GLG1,9.910908950828865,1.0400094108764473,0.5589795635251676,1.8605499713043117,0.0628077553768731,0.5214884133094609
NUP107,30.30818088915642,-0.9242508637999228,0.49680985369809605,-1.8603714417499784,0.06283299224101543,0.5214884133094609
NMT1,11.743532449456733,-1.1211384280887198,0.6026645221797156,-1.8603026838775725,0.06284271406148376,0.5214884133094609
MED13,12.340672528166987,-1.0245947900942123,0.5505178388345902,-1.8611473013539612,0.06272337797057137,0.5214884133094609
PHB,137.66452474199835,1.286572492891667,0.6914263112873226,1.860751423382023,0.06277928825883551,0.5214884133094609
MFSD11,14.519952075837253,-0.9473585209315877,0.5080246581300688,-1.8647884620770454,0.06221106119408154,0.5214884133094609
MCEE,16.049985012441002,1.059178010211426,0.5702367865998876,1.8574354287574382,0.06324922988365089,0.5221494952219317
COTL1,42.420142365396245,1.6635539561326103,0.8952012908148632,1.858301561002385,0.0631262022915117,0.5221494952219317
ITGAE,57.64973490734542,-1.0422707383202823,0.5611923347910223,-1.857243361508857,0.06327653842164942,0.5221494952219317
CCT6A,112.61397592172231,0.696595042865282,0.37543743903671495,1.855422423114175,0.06353592780165075,0.5233136101800768
GARS,24.72254702381054,0.997521547983169,0.5384717762633828,1.852504795897141,0.06395336952390468,0.5257727758442945
CIAPIN1,12.004849731228504,1.1241710505974227,0.6073197165723117,1.8510366449852798,0.06416428141528197,0.5265280458252174
PPFIA1,20.55279380414699,-1.3989007658234296,0.756754314066469,-1.8485534073883827,0.06452232578644353,0.5284856425063699
UPF2,22.259134622349798,0.959472814738324,0.519966672088507,1.845258294891265,0.06499997409941119,0.5314138363062767
NOL11,18.14266526310015,-1.078981432569335,0.5858206203936407,-1.8418290428976642,0.06550016040081016,0.5345151465918512
STX16,15.522434568768745,-1.0413068895224549,0.5666543285499148,-1.8376404044899648,0.06611541087594923,0.5385422878532661
RELB,17.220208270394213,-1.3321744247785998,0.7254080835170458,-1.836448276561418,0.06629138518233207,0.5389830820982625
ATP5B,136.6355448956742,0.7808723229267072,0.4255874259412486,1.8348106060692329,0.0665337565843328,0.5399611107752367
TDG,20.308691354901455,0.8769493121255464,0.4785535657798443,1.8324997969589505,0.06687699197443409,0.5407622221259999
C2orf76,18.170119913099825,1.0295780657250881,0.5617995002483671,1.8326432566599293,0.06685564086686109,0.5407622221259999
SSNA1,81.02881892517529,0.8494372617647831,0.46375670604499236,1.831644158871469,0.06700445321780772,0.5408041908437291
RAD23B,47.25954598184317,0.9540083683027926,0.5216513020001368,1.8288238994993298,0.06742599346602124,0.5422275801822035
SULT1A1,27.738415102717415,-1.0146076709648006,0.5545954507047837,-1.8294554520334243,0.06733140705326994,0.5422275801822035
SMAP1,22.317270090146145,0.867918782100241,0.47511471300480257,1.8267562724193471,0.06773642322468393,0.5437353900594863
LASP1,17.185009874330188,-0.9137928676692065,0.500881249165376,-1.824370285755096,0.06809611107439553,0.5456324262356004
EXOSC9,18.200659031580557,-1.3115739903174766,0.720334666602743,-1.8207842147916444,0.06863966472661569,0.5489931954535645
SGCB,14.147871482477436,-1.7128771092942496,0.9411835844516429,-1.819918172810265,0.06877146699991339,0.5490545100011136
CHD1,20.630556647675366,-0.8651410829439597,0.4758877663667306,-1.8179519291892476,0.0690714803186569,0.5504561395485035
LIMK2,7.957528273721929,1.0039229325806769,0.5528607949971008,1.8158692778820416,0.06939042702387312,0.5512523972849773
TOX4,34.076526151266464,-0.807587263162131,0.44478691439002077,-1.815672262457751,0.06942066138090264,0.5512523972849773
TXNDC12,40.050292314402846,0.9324007887128167,0.5146293635080076,1.8117908825820597,0.07001851442820775,0.5540105354489497
RANBP1,196.7666020348519,0.9444523270460715,0.5210998774519848,1.8124209348582994,0.06992118050567306,0.5540105354489497
MSH3,10.884389959695849,-0.9834342446897648,0.543455645716913,-1.8095943108520718,0.07035872283293712,0.5552576514151195
SPCS2,192.60626544998954,-1.1504282502353103,0.6358932232595621,-1.8091531850870546,0.07042720833006604,0.5552576514151195
SNW1,39.06229718390002,-1.0496987884081606,0.580748391939654,-1.8074932328305706,0.07068540888140587,0.555313611869375
DCAF7,26.50421255103658,-0.7901612154871727,0.43700541538578924,-1.8081268278783613,0.0705867636239514,0.555313611869375
YTHDC2,12.157030493243527,-0.91358501317511,0.505981943322428,-1.805568410556786,0.07098578070195849,0.5566845887318482
PDCD4,50.74683746314966,0.9294428359308549,0.5156014947061721,1.8026379781162585,0.07144508849939778,0.5592949140404183
BAG4,11.883733049345674,-1.072488421252176,0.596023904352574,-1.7994050463750402,0.07195463190676236,0.56228858113712
CLK3,8.636528206529878,0.9500282767434891,0.5282819248664555,1.7983357598003127,0.07212381615423771,0.5626166470021048
ATP5L2,9.565153775716857,-2.514683923185321,1.4048377067903397,-1.790017388507224,0.073451116060742,0.5635945291361086
EXOC7,19.379276054956097,-1.4497312645197182,0.8114833672045624,-1.786519999188429,0.07401510202609567,0.5635945291361086
NPRL2,14.312421554900615,-0.8503820508882226,0.4758741750056454,-1.7869892832031373,0.07393922068993417,0.5635945291361086
SMYD3,14.498539203507324,-1.286240895255094,0.7195558760593909,-1.787548317024556,0.07384891018668088,0.5635945291361086
SKP1,421.95304900086455,-0.9879634830154077,0.5517115048809564,-1.7907248159136757,0.07333746539932422,0.5635945291361086
RAP1B,34.21780455715358,0.9428041866682516,0.5258768434206313,1.7928231647084218,0.07300120425850379,0.5635945291361086
SLC25A39,100.03212000627033,1.1131386904807339,0.6203354512797193,1.7944141160792721,0.0727470954817413,0.5635945291361086
MCM3,54.53691769122897,-1.0499430322459409,0.5863557761077413,-1.7906245235879057,0.0733535689524892,0.5635945291361086
SNF8,35.76381458391977,1.3115130604921625,0.7340191023575658,1.7867560343862545,0.07397692813173998,0.5635945291361086
ARNTL,5.265769294909716,-1.3034813869017712,0.729665821365283,-1.7864087212730038,0.07403310455077529,0.5635945291361086
TMEM69,18.22563708615789,1.0117419706534234,0.5640194098481246,1.7938070090989573,0.0728439778307862,0.5635945291361086
FBXW2,14.494599396316005,0.833230082849688,0.46620179676555357,1.787273426723209,0.07389330674520476,0.5635945291361086
INTS4,17.343327336854735,-2.3154253992176383,1.2887432046061782,-1.796653818186533,0.07239059480191629,0.5635945291361086
ASH2L,12.206764483490067,-1.2611526378684323,0.7040592991312207,-1.7912591161350204,0.07325172359923715,0.5635945291361086
XPR1,6.327474825375819,-1.5030985035471367,0.8428271355830824,-1.7834006999635423,0.07452109938869515,0.5663347467288636
CALR,202.07228061212018,0.9497882165567799,0.532944917750406,1.7821508094418008,0.07472464199228529,0.5669075326447305
PRPF6,52.53862644475178,-1.225945872326082,0.6888230091662192,-1.779769049541506,0.07511376479140788,0.5669422895433397
SLC25A44,7.996909621413431,-1.1608445095550328,0.652196793067588,-1.779899137643771,0.0750924688634411,0.5669422895433397
SPICE1,11.857989609025598,-0.9801005900938566,0.5506719814507899,-1.7798265085354485,0.07510435792280307,0.5669422895433397
CENPF,196.00489572332174,-1.027077007093608,0.5776065970353448,-1.778160104758567,0.0753775632049099,0.567380239840528
LMNB1,44.85361740304798,-0.7919486732232957,0.4454528087273576,-1.7778508917383733,0.07542834750762614,0.567380239840528
NSMCE1,42.13131785281291,-0.991639660221625,0.5584650043220801,-1.7756522835757182,0.07579024672406882,0.569134569202982
MTRNR2L8,27.64387464125907,-1.176192102099224,0.6646422861575302,-1.7696618566042441,0.07678348766675049,0.5720470418503592
CD63,273.86194634645284,-1.2291904727599103,0.695504556081789,-1.7673363344802613,0.0771719182455819,0.5720470418503592
ATG12,42.00624061779966,-0.9075924706711571,0.5126774991494937,-1.7702990128819924,0.07667734243436389,0.5720470418503592
DNAJC15,82.99021969476185,1.338438738389515,0.7577553381054153,1.7663204349519448,0.07734210513825791,0.5720470418503592
GALK2,9.088281715581465,0.9510076441456687,0.5382530471983881,1.7668411708873217,0.07725483155008692,0.5720470418503592
ATAD2,98.45935048452083,1.1664301341180654,0.6592274531211074,1.7693895006884357,0.07682889655286035,0.5720470418503592
H2AFZ,1248.813766039803,-0.8358635976551262,0.4728914896681296,-1.767558976884373,0.07713466124138378,0.5720470418503592
KIAA1524,14.689376085548352,-0.920408609672714,0.5198113625629044,-1.7706588888990127,0.07661744280149306,0.5720470418503592
AIP,26.570560944482043,-0.9009916676639208,0.5088588672368285,-1.7706121002792499,0.07662522838399485,0.5720470418503592
TLE3,13.728018104919906,-0.9188646041136411,0.5211915183316976,-1.7630075927844544,0.07789920908083432,0.5729077497843
DNAJA2,27.83813616060784,1.0248182061066682,0.5810299083605804,1.7637959618950938,0.07776633762245526,0.5729077497843
SNX9,24.316946315055965,-0.8176671739135186,0.46349478136581723,-1.7641345853000399,0.07770932284406558,0.5729077497843
CENPA,27.99399747716605,0.7777603891904589,0.44127023218154343,1.7625489608609712,0.07797659176354253,0.5729077497843
TYK2,5.654686805245634,-1.1798434857202305,0.6700010287395173,-1.760957722617064,0.07824555890263332,0.5729803096462701
GGCT,218.71983121943754,0.9931595338459528,0.5638302668000883,1.761451259937572,0.07816205557200855,0.5729803096462701
RP11-1094M14.11,10.22259305714031,1.0706975598304398,0.6086557191899117,1.7591185395505382,0.0785573765639168,0.574312853788767
NFE2L1,8.592890400554266,-1.0359000387279327,0.5897740558382527,-1.756435415348334,0.07901409014840424,0.5748015143526184
PAICS,46.85059407760177,0.8931323405207114,0.5082970997059075,1.75710689877527,0.07889959006259663,0.5748015143526184
KIAA1551,11.99853532853071,-1.3606103410411665,0.7740678579342368,-1.7577403932934794,0.07879169154936892,0.5748015143526184
GIGYF2,12.86945989886937,-0.9149866050636949,0.5217869229134342,-1.7535636959906975,0.07950529627554512,0.5764785662733378
RAB2A,162.6147145353084,0.8939240778390414,0.5095606356891416,1.754303639703404,0.07937849245671412,0.5764785662733378
MRRF,13.193093916145012,0.7798048453439749,0.4499675067834399,1.7330247930975133,0.08309126217294169,0.5766546791938163
CUL3,13.712401162972611,-1.0034102489465502,0.5779412576724171,-1.7361803394823443,0.08253195244769831,0.5766546791938163
TUBG1,54.717004859745565,-1.026748971074827,0.5862943477723149,-1.751251696312721,0.07990256416289364,0.5766546791938163
BTF3L4,72.55340099493421,0.8097353876267399,0.4649260804953593,1.7416432882491788,0.08157088171845935,0.5766546791938163
MOB2,19.06959351166042,1.1227835152472918,0.6475183011494913,1.7339795852165065,0.08292170546280385,0.5766546791938163
SAMHD1,10.879448191592465,-1.5242645309826572,0.8783171810132906,-1.7354374523610647,0.08266335119103187,0.5766546791938163
OAS1,12.903871841485117,-1.3173440092068187,0.7552832975623515,-1.7441720390990998,0.08112909538672658,0.5766546791938163
ELF1,40.72449450148409,-1.412461955490851,0.8090603137535616,-1.7458055122465004,0.08084475281397639,0.5766546791938163
H2AFY,175.2381708571229,-0.8548704273195671,0.48956320017241606,-1.7461901282990548,0.08077791960907661,0.5766546791938163
MAPRE1,58.04092103134066,-0.9235780284163215,0.532226395570602,-1.7353104545409663,0.08268583099245021,0.5766546791938163
SREK1IP1,22.931368204560357,-0.8824172123966659,0.5061004500851634,-1.7435614061362295,0.08123559796235663,0.5766546791938163
CENPE,34.23171824966259,-0.8673639830383836,0.49853833167228256,-1.7398140281990413,0.08189167842819478,0.5766546791938163
MRPS23,50.21479632928901,-1.0632741156186127,0.6135830660194858,-1.7328935143474868,0.08311459725415844,0.5766546791938163
SNAP23,16.17107467472163,0.8700726005472682,0.4986859311006621,1.7447305935158615,0.08103177528881773,0.5766546791938163
AMFR,22.774133717504334,-1.4624390376263396,0.8359925393750486,-1.749344603864043,0.08023147024193969,0.5766546791938163
SKIL,33.95544138477329,-1.4598421309154666,0.833456961187689,-1.7515507085514879,0.07985109462816305,0.5766546791938163
CHURC1,39.3341135026241,-0.953673422297271,0.5481677868095096,-1.7397472913319443,0.08190340137054014,0.5766546791938163
CDV3,32.55108050450477,-1.1170583427340302,0.6446951598102751,-1.732692305403324,0.08315037288317292,0.5766546791938163
CIB1,94.71321108525277,0.8877534618832882,0.5123169481870159,1.732820795846916,0.08312752540950837,0.5766546791938163
MSMO1,43.01242336029419,1.1151642375088582,0.6385242403381423,1.746471264612135,0.08072909605533515,0.5766546791938163
ZCCHC2,5.4193898941926815,-1.1768667720286143,0.6764083748041329,-1.739876110152242,0.08188077438611685,0.5766546791938163
IKBKB,13.604517980800946,-0.8351837438949992,0.479642127870974,-1.741264362248988,0.08163724997530628,0.5766546791938163
STX10,26.78371846857084,0.9256831039560813,0.5342971006311744,1.7325250368429022,0.08318012329316184,0.5766546791938163
PREP,6.6236041808955095,1.0664973690788964,0.6110906060516622,1.7452360722245066,0.08094378458492585,0.5766546791938163
SRSF8,15.187869952484927,1.3029682784107917,0.7478117671962071,1.7423746664164559,0.08144290585123605,0.5766546791938163
B2M,2724.6632355329866,-1.6181764773262568,0.9270347961801987,-1.7455401717323593,0.080890886148388,0.5766546791938163
TTI2,7.749191313962749,-1.0985482969804017,0.6287698551888801,-1.7471389379034434,0.08061324056707582,0.5766546791938163
ANXA4,24.553524785982372,0.82832376519289,0.4762862505916591,1.7391301221984004,0.08201187729792951,0.5766546791938163
CMTM7,5.367440110163365,-1.4378679813581465,0.8322159382244837,-1.7277582840167778,0.0840315692712328,0.5771298616252526
DYNC1I2,34.83865259457335,-0.8046729585283806,0.46556079612292806,-1.7283950135610482,0.08391742887723394,0.5771298616252526
MRPS12,62.53073564656395,0.8995498748463768,0.5203185991966531,1.7288443585050361,0.08383695468844747,0.5771298616252526
ZNF827,7.251981785812791,-1.115191780524267,0.6450509326745754,-1.7288429859334458,0.0838372004101877,0.5771298616252526
RNF126,20.02318759211611,0.9232730622676663,0.5342537421597859,1.7281546003500552,0.08396051068883079,0.5771298616252526
TBCE,9.295271823370834,-0.9987957189620523,0.5773971052710325,-1.72982460397548,0.08366161715594907,0.5771298616252526
CNTRL,14.788675664113612,-1.3659204344135694,0.7915602319990058,-1.725605177213204,0.0844184673258891,0.578888187569624
DCAF5,8.300435823938274,-0.8960860632158113,0.5197571395716498,-1.7240476272328022,0.08469924555244328,0.5799144939294993
ODF2L,22.946882828363478,0.9999492403169709,0.5807441484523851,1.7218412669016434,0.08509827682481534,0.5817460253418211
ZNF322,10.864339920656214,-0.9133995082511015,0.531571833724778,-1.7182992971068802,0.08574203752549318,0.5828115735845817
CAPN1,20.501388158699818,0.9574994613314631,0.5579324249580644,1.716156685827018,0.08613336847540394,0.5828115735845817
SLC1A4,15.858972774955125,-1.1731186184559277,0.6836615427864734,-1.7159347791811148,0.08617398028710141,0.5828115735845817
IFT43,23.310329179871538,-0.7631538576969596,0.44405313256456674,-1.7186093323775722,0.08568553122717026,0.5828115735845817
EFHD1,91.43531374350313,-1.0160390613945542,0.5923449135434949,-1.7152828329637508,0.08629338443786311,0.5828115735845817
CYB561A3,17.95590602178465,0.9835728628420433,0.5730088703235129,1.7165054744907033,0.08606956685045387,0.5828115735845817
YWHAH,103.22664515745305,0.9422983582999253,0.5487349650396485,1.7172194562667247,0.08593908191741655,0.5828115735845817
HELLS,33.92049970522813,-0.9336769997521436,0.5443541235659188,-1.7152014825126598,0.0863082931715806,0.5828115735845817
RBM26,10.484525423404722,0.988875956633548,0.577223396181603,1.7131598670030916,0.08668313268908295,0.5844504510423992
DDAH2,57.083285474872085,-1.0590836009157032,0.6185113602196437,-1.712310668860803,0.08683943158892855,0.584613098809484
CSDE1,73.28013133728884,0.7588943417653506,0.4449498984821163,1.7055725697527102,0.08808769012027093,0.5882443553077874
SMARCE1,45.10874490098412,-0.7693767953911643,0.45141108811320596,-1.7043816947584995,0.08830980147510081,0.5882443553077874
SLC25A45,5.495267112086069,-1.0948399687783918,0.641223049129176,-1.7074245385677544,0.08774317263678966,0.5882443553077874
WBP11,49.438893356239404,-0.9593236229287999,0.5620111264987415,-1.706947741240045,0.0878317660860221,0.5882443553077874
LSM12,29.738736358590774,0.7886499770046186,0.462646759597768,1.7046482238204428,0.08826005168135029,0.5882443553077874
SF3B1,51.49663994453832,-0.9205314214091856,0.5391675016750354,-1.7073199303544153,0.08776260365652785,0.5882443553077874
SFXN1,22.880420200969546,-0.9488025580884335,0.5564642587842793,-1.7050557032383447,0.08818403605150821,0.5882443553077874
ARL5B,10.976228825706345,1.0641532206110689,0.6253749977000903,1.7016241847286044,0.08882584088144246,0.5884379879927204
CDC42EP4,21.73021024006332,-0.8962704554928879,0.5265591510899387,-1.7021268240000655,0.0887315964907074,0.5884379879927204
RPS19BP1,77.67074137986143,0.9047265298507055,0.5317593759891748,1.7013833149020456,0.08887103232628019,0.5884379879927204
NUCB2,133.06383013360693,-1.0141939605328234,0.5953823717826653,-1.7034329677853455,0.08848707248299426,0.5884379879927204
PPP6R1,7.534241835887589,1.0293344078521782,0.6054603768503835,1.7000855005686675,0.08911484418665566,0.589170337574855
RFC1,39.58100963267126,-0.997398836442639,0.587012111427946,-1.6991111716867309,0.08929823883474161,0.5895016572627794
ADIRF,266.0715190648135,-2.4918275998720385,1.4714162907780286,-1.6934892018590166,0.09036238852104353,0.5913839330132673
PPP2R5A,15.28997751772691,-0.968238100514561,0.5719524902391265,-1.6928645596240908,0.09048125059335581,0.5913839330132673
PSMB8,70.73493879967354,-1.2871823572888612,0.7606369370729941,-1.6922427699107878,0.09059969475945809,0.5913839330132673
DZIP3,7.254176810825562,-1.303413384897938,0.7688376263844863,-1.6953038459204086,0.090017795616999,0.5913839330132673
NUSAP1,175.39168459586583,-0.8957292586271415,0.5296217414531512,-1.6912622509972528,0.0907867263205988,0.5913839330132673
RAB5C,64.525210941761,-1.2315891640915935,0.7266996071177251,-1.6947706480486324,0.09011893763339059,0.5913839330132673
DPYSL2,8.08941306138279,-1.321760026037753,0.7813224909212151,-1.6916958636111157,0.09070397752147927,0.5913839330132673
RRAGC,8.07248180144511,0.9235946810542552,0.5459873183706797,1.6916046398484508,0.09072138123805278,0.5913839330132673
TSPAN13,358.96004560639034,-1.2865956660618452,0.7597708251885826,-1.6933996718582862,0.09037941731018116,0.5913839330132673
PDCD5,113.53676169135463,0.8388658898569445,0.49646630407969794,1.6896733634560646,0.09109046190350299,0.592277583861177
SH2B1,9.115799028036319,-0.8747191271547478,0.5182297803229485,-1.6878982265543356,0.09143076714585564,0.592277583861177
CDC23,13.74175400350762,-0.9651296775829358,0.5718445460565316,-1.6877483299237845,0.09145955002875512,0.592277583861177
FBXW11,11.509133022896782,-0.8789850743892363,0.52042415518021,-1.6889782413824848,0.09122359978935313,0.592277583861177
BBX,28.060757920855583,-0.8841301838533281,0.5249749784202062,-1.684137759315536,0.09215504847358572,0.5950390940126563
C9orf85,6.122458878569026,1.081184546008453,0.6419040290573933,1.6843398655654538,0.09211600514531973,0.5950390940126563
MRPL15,26.18674872013102,0.7959472697079996,0.4731151370805403,1.682354267123147,0.09250016390570523,0.5957351082893976
PHPT1,186.6838167093129,-1.1446390366709496,0.6804462087731113,-1.682188866530402,0.09253222233660777,0.5957351082893976
ILK,38.85275983119111,-0.898036463556298,0.5351799126395349,-1.6780085394594424,0.0933454319616853,0.5966283895470145
HNRNPA0,144.09704445466105,-0.9102869362215429,0.5423899856308151,-1.678288612137359,0.0932907700876329,0.5966283895470145
AGA,14.873517280006933,-0.9490653097277097,0.56532595361835,-1.6787930991903852,0.0931923739903959,0.5966283895470145
PCK2,20.664083826027596,-0.9687691896321271,0.5770689576089233,-1.6787754337821392,0.09319581807699667,0.5966283895470145
COPS4,23.317036690674833,-0.8042313257307507,0.47871180721525297,-1.6799905780663724,0.09295914891611819,0.5966283895470145
BLOC1S1,68.3616019401932,-1.1290284166174493,0.6732927389819802,-1.6768759727374194,0.09356673749586611,0.5971799133394168
SPAG9,17.675527008791082,-0.8380264774261313,0.5000870906025785,-1.6757610687697495,0.09378500260090508,0.5977104704665752
METTL12,11.545139129046103,1.080466065750885,0.6451235880364984,1.6748202759713027,0.09396949941912613,0.5980245984615754
ORC6,21.150593381082693,0.8189093004386161,0.489794919602408,1.671943231063661,0.09453551691793456,0.5999004179742102
CXorf40B,18.214971083300334,-0.9300943370512178,0.5561592753435489,-1.6723524685921722,0.09445483897744786,0.5999004179742102
PABPC4,22.770168515624864,0.8981849444970222,0.5377865135437754,1.6701514855372266,0.09488939584064462,0.601283377941506
U2AF1,11.667368563128894,-0.9626827006760376,0.5767665475863597,-1.6691028713517653,0.09509699436015352,0.6015602381796925
GON4L,23.497726104412983,-0.8066159410717736,0.4834211154964558,-1.6685575272056716,0.09520510213108405,0.6015602381796925
NSRP1,33.379592575523034,-1.0380957416982197,0.6225168252859498,-1.6675786091747418,0.0953994075198293,0.6019280734097076
CGRRF1,7.049393278527828,-1.1004388302542045,0.6610223122643327,-1.66475292866386,0.09596205852791093,0.6046156479614673
MEA1,99.6718171109782,-0.6582981447999152,0.39565071440536365,-1.663836613537506,0.09614508494473123,0.6049071276110188
XRCC4,8.9532459585461,-0.9128433773987786,0.5493270161521873,-1.6617485587963174,0.0965632003741635,0.605814234404149
TGOLN2,33.587117771153096,-0.7043812785374836,0.4237989884143486,-1.6620645584194018,0.09649983085530507,0.605814234404149
LSM4,205.42391530401747,1.066032087874772,0.642354227042851,1.6595704410358894,0.09700089890063947,0.607698266058822
CD9,380.1077056968746,1.2517051784434832,0.7566575236833585,1.6542559074153727,0.09807552773120455,0.6083983999370516
RAD51C,43.12241301608678,-0.8394811700871622,0.5074517414329313,-1.6543073982102285,0.09806507056185686,0.6083983999370516
RNF167,41.59766937344996,-0.6708916430491867,0.40493930444931553,-1.6567708683194997,0.09756580885289494,0.6083983999370516
SYNCRIP,53.81436131702727,0.6552358740267772,0.39528476881510094,1.6576299562234622,0.09739217941734174,0.6083983999370516
MRPL34,61.11427081743526,0.9487888557016355,0.5728011060239082,1.6564019268182664,0.09764045116323526,0.6083983999370516
RPS6KB2,27.494355113072555,0.96703063829785,0.5840953630486408,1.6556040322773797,0.09780203307277079,0.6083983999370516
TMEM18,33.44218782610012,-0.8165264046715631,0.4935860583587966,-1.6542736384949013,0.09807192665882904,0.6083983999370516
MYEOV2,142.08410390092274,-1.164342810433747,0.7044826122326316,-1.652763020997404,0.09837910274808523,0.6094268507770042
PEBP1,239.01616893094905,0.8788902541363275,0.5322098831038139,1.6513978451709614,0.09865736455245391,0.6102958369447603
OGG1,13.089212098679422,-0.9925074227002826,0.6017325624117207,-1.6494161770510665,0.09906240281256327,0.6113905637393209
COX5A,224.57965550359032,0.8247457148151003,0.5000944613410473,1.6491798621473872,0.09911079226793874,0.6113905637393209
TMEM80,13.759384134638927,-0.904800453533646,0.5499136562989936,-1.6453500348092773,0.09989764711178836,0.6134910626391141
SKP2,7.866539581996195,0.8693719127473454,0.5285243272295522,1.6449042512469894,0.09998955809648347,0.6134910626391141
ARL6IP5,84.55867728888595,-0.8758750593898367,0.5327214835295165,-1.6441519376819107,0.10014482189134985,0.6134910626391141
SCYL1,16.406329039679918,0.8595960976817293,0.5224428918937003,1.6453398276047908,0.09989975086389775,0.6134910626391141
SCGB1D2,200.05933436550472,-2.574262473029759,1.565673703063463,-1.6441883567392417,0.10013730123735448,0.6134910626391141
PTPN6,8.30241529295837,-1.0171055817305619,0.6192242472726524,-1.6425480530039986,0.10047647617607798,0.6145891227230467
PCNXL4,8.309381701639337,-0.9464058204755779,0.5764552604802906,-1.64176803536679,0.10063808580036751,0.6145891227230467
PPIG,96.50394153142649,-0.8289699446841635,0.5052837339601556,-1.6406028711574008,0.10087987861110827,0.6145891227230467
ECE1,14.807674629841955,1.0418815737491776,0.6348646178872791,1.6411082684311205,0.100774942681937,0.6145891227230467
AKIRIN1,23.701647616056228,0.8678076569014547,0.5322547094589809,1.6304367842673522,0.10300921563011094,0.6154524531162417
HAT1,39.402974573215594,-0.8234453353447503,0.504594516389763,-1.631895132821257,0.10270157954289565,0.6154524531162417
TSNAX,20.220218212271586,-1.0247544915859508,0.627579322335836,-1.632868475927215,0.10249666148485544,0.6154524531162417
ZNF770,12.051878586351208,0.7862893954167715,0.48211894771999203,1.6309033261091357,0.10291071982523085,0.6154524531162417
FAM120AOS,28.689828393028705,0.708847315881361,0.43504753488252246,1.6293560106547293,0.10323767536192684,0.6154524531162417
AP1G1,11.957776205867571,0.925827690868998,0.5649770652011354,1.6386996002030587,0.10127583736728554,0.6154524531162417
DNAJA4,19.13039795485327,1.0345240890411056,0.6343161081443618,1.6309282954637845,0.10290545043465633,0.6154524531162417
RPL26L1,65.70243852820741,-0.8277405656491429,0.5077129750181587,-1.6303317157091333,0.10303140792872285,0.6154524531162417
DDX41,17.748514404508704,-0.8064035766668877,0.49270781841375305,-1.6366770457653008,0.10169796764319264,0.6154524531162417
RPF2,19.647525468481717,0.7984239982236307,0.490090517837307,1.6291357803594146,0.10328427819581876,0.6154524531162417
SUMO2,503.97132692661626,-0.7753552392850895,0.4758729854557673,-1.6293323281263656,0.10324268600874748,0.6154524531162417
TMED7,14.008820485078422,-0.947381886916462,0.5794234381436777,-1.6350423965444472,0.10204016027753535,0.6154524531162417
GTF2I,49.265521345530445,-0.6833783689291971,0.41760102408829947,-1.6364384412637372,0.10174785938047205,0.6154524531162417
CTSL,16.673499710301243,-1.2111232078070724,0.7411034901759513,-1.6342160357651667,0.10221349660814316,0.6154524531162417
GPAT4,13.640596781177408,-0.8529031066838629,0.5236871281620062,-1.6286501248890948,0.10338710663924204,0.6154524531162417
TTLL12,10.014772143306438,0.808581422323251,0.49533935004886664,1.6323787364025937,0.10259972571748817,0.6154524531162417
PER2,7.830984163046833,-1.01732750516205,0.622853081265505,-1.6333346269959155,0.10239863790239173,0.6154524531162417
NFKB2,8.864903227734164,-1.1463023852591665,0.7058137109368041,-1.624086309881563,0.10435738933014749,0.6195607154459628
CISD1,39.27901656635389,0.9233495117692395,0.5685312447168042,1.6240963365684093,0.10435524972231312,0.6195607154459628
PAPSS1,22.043808395780758,-0.8163339645004688,0.5030579919800106,-1.6227432572682527,0.10464430012904725,0.6204312861538552
GLOD4,32.70565869162334,-0.7220067634459801,0.44547915079633255,-1.6207419856918794,0.10507298513608862,0.622138973570174
SRA1,42.28076564225181,-0.8737713876816191,0.5395411885844438,-1.619471147279917,0.10534592957168125,0.6229211851544735
MTAP,7.738481925120037,1.2235137882016724,0.7568260441371866,1.6166380605949278,0.10595643118459536,0.6256946530433448
NTPCR,27.862769118311,-0.871961612588526,0.5397847767709781,-1.6153875583610338,0.10622679285668005,0.6264548064067944
RBM23,18.5387777447574,-0.862017517206199,0.5342121478560659,-1.613623951955609,0.10660901827097226,0.6278717547436888
POLDIP2,35.26236734528887,0.869398752641898,0.5396075412555349,1.6111686479010647,0.10714296924131012,0.6295721699758257
PYCR2,18.327334722637225,-1.2064948186659041,0.7489162556013417,-1.6109876233052922,0.10718242007501622,0.6295721699758257
C5orf24,22.66475859105038,-0.7018054223116483,0.4363973823674287,-1.6081797248746028,0.10779582235036334,0.6297545641220231
HARS,14.185830885052246,-0.8984863126472752,0.5588955997095012,-1.6076102819816154,0.10792055891118044,0.6297545641220231
KAT7,10.470668438470891,-1.0101232549526737,0.6279942410110347,-1.6084912710766792,0.10772762642857409,0.6297545641220231
SMAP2,4.898550625456921,0.9331411831412871,0.580489199193865,1.607508261027347,0.10794291868356222,0.6297545641220231
SHMT1,13.657167045809322,-1.130044934805284,0.7032282962420991,-1.6069389426506315,0.10806776264268948,0.6297545641220231
ZNF655,10.967054079561528,-1.0412580940943383,0.6473259592010779,-1.6085529697888938,0.1077141249392371,0.6297545641220231
PYURF,63.59245938512593,0.8442993271683589,0.5270107481293297,1.60205333603778,0.10914381566638887,0.6326858801507178
HYOU1,13.322275380134931,0.9079418746830332,0.5663760191940569,1.6030725947313562,0.10891862767800903,0.6326858801507178
TIMM13,108.85327392717525,0.8405964043516947,0.5254146208412203,1.5998725026072733,0.10962687051860982,0.6326858801507178
HCCS,13.446342400522827,0.7740646022815809,0.4832902935891528,1.6016555940592023,0.10923178984038583,0.6326858801507178
YY1AP1,20.41851613313271,-0.8232172965828137,0.5146370958627596,-1.5996073800368722,0.10968571022824256,0.6326858801507178
JMJD6,18.995177091372447,-1.132206964960681,0.7062708497370251,-1.603077580480987,0.10891752706473251,0.6326858801507178
RPL11,1594.0868793802595,1.051646647639922,0.656825817790653,1.6011043097808135,0.1093538178249138,0.6326858801507178
CWC27,15.609565067845391,-0.8126640396549568,0.5080817993716588,-1.5994748102765595,0.10971514132389792,0.6326858801507178
UBE2J2,22.688844646640685,0.7681321854931782,0.48088488511022,1.5973306903108846,0.11019201314880345,0.6346084298921323
CTD-3252C9.4,35.141578735023096,-1.0853790098971656,0.6805310667829746,-1.5949000168765246,0.11073459586647547,0.6350307760789258
COG4,11.507912783083672,0.9641984012038687,0.6054136521184333,1.5926274503886617,0.11124379167881655,0.6350307760789258
ERI3,29.357078310604265,0.7910816353865778,0.49645043093576335,1.5934755739771678,0.11105354367589744,0.6350307760789258
SH3BGRL,162.25363886701908,-1.1793357919686809,0.7393098972871393,-1.5951846394809466,0.11067095264986983,0.6350307760789258
GBP3,10.17951734664159,-0.9801145074641406,0.6149677577183783,-1.5937656814733037,0.1109885268022471,0.6350307760789258
HIST1H1C,56.24321369914109,0.9492875747847831,0.5960955602565141,1.592509050690265,0.11127037111941385,0.6350307760789258
NBEAL1,138.69536954386905,-1.0484352340500145,0.6575075295141863,-1.5945600422624413,0.1108106539778563,0.6350307760789258
CFDP1,28.663569141812104,0.7374425606631386,0.46418222855638186,1.5886919302287876,0.11212996171783139,0.6353116761020315
VAPA,126.0899456377817,0.7223128257520007,0.4545804000234692,1.5889660568619082,0.11206805615578182,0.6353116761020315
ATP6V0A2,8.734040664092323,-0.8964409934286448,0.5638198770561488,-1.5899421604452793,0.11184784316069418,0.6353116761020315
MRPL24,59.176675868582,-0.5834553099978355,0.3670353621578949,-1.5896433154766132,0.11191522753243036,0.6353116761020315
GORAB,6.252147606898191,-1.0107132158118233,0.6359763128417132,-1.5892309122264079,0.11200826991557106,0.6353116761020315
ELF2,25.17350800526991,-0.7234318556489334,0.4554285042974036,-1.5884641580899346,0.11218141963275755,0.6353116761020315
EIF3B,14.686628402158508,0.8067511538621851,0.5107322099976019,1.5795971706307168,0.11419914762994633,0.6357921249774017
BRCA1,33.62585597214823,-0.8562903994117751,0.5412976632888881,-1.5819214777485133,0.11366749718023005,0.6357921249774017
MPLKIP,37.0012885115737,0.7434711061690902,0.4689836937825134,1.5852813563148478,0.11290242304043965,0.6357921249774017
RABEP1,24.84702351734476,-0.8550930270177822,0.5418405699663893,-1.5781266195530987,0.11453652389878065,0.6357921249774017
PQLC3,37.44879061003719,-1.0858594463692424,0.6873259707064628,-1.5798318303804961,0.11414538404969601,0.6357921249774017
ESCO2,25.052074777577833,-0.9353068185556677,0.5895109342393688,-1.5865809508053836,0.11260758461188042,0.6357921249774017
TMEM241,12.37950216491026,0.9207485751787027,0.5831450914099405,1.578935652107604,0.11435081738004606,0.6357921249774017
ACTG1,1563.909671695234,-0.7459240927103271,0.47254033123812694,-1.5785405888125856,0.11444147115895881,0.6357921249774017
PCBP1,138.18572014548616,0.7574455522090466,0.4782162815858976,1.583897456810018,0.11321705623407333,0.6357921249774017
HEBP2,59.29725540181713,0.9037756675968566,0.5708862013921244,1.583110023316329,0.11339638943866076,0.6357921249774017
PCMTD2,9.49450327631628,-1.0269582672789141,0.6482846120016993,-1.5841163715239044,0.11316723945193635,0.6357921249774017
PJA2,14.612550184036948,-0.7767033751341659,0.4924034212678548,-1.5773720116206489,0.11470995155594993,0.6357921249774017
VPS41,9.273854538143619,-0.9601749239060089,0.6081479378170708,-1.578850908140096,0.11437025851571812,0.6357921249774017
MGEA5,27.89352528038638,-0.690420712269148,0.43707877286217345,-1.579625356198349,0.11419268889909079,0.6357921249774017
NDUFA3,130.6283682384322,-1.1010108252570179,0.695774039000786,-1.5824258502633985,0.11355238731482582,0.6357921249774017
PSMC3IP,13.405395884010687,-1.023195714623966,0.6486082984480877,-1.5775248591054822,0.11467480672822558,0.6357921249774017
CWC22,12.86937320881546,-0.9380797911508507,0.5938234786396271,-1.5797283618692046,0.11416908756588763,0.6357921249774017
NCOA3,11.43564326984796,0.8537598701073398,0.5416247541041387,1.576294036854871,0.11495805527209109,0.6363698103485093
B4GALT1,39.21832637203313,-1.1436332462389687,0.7264301179208196,-1.5743197012704584,0.11541355732786397,0.6365014514478083
PARP1,91.60030211079166,-0.8221658130361115,0.5219766406121067,-1.5751007785941948,0.11523318437528803,0.6365014514478083
FBXW5,26.42171871202285,0.8229145572199403,0.5225307594716411,1.5748633784775339,0.11528798334267998,0.6365014514478083
SZRD1,24.525801570535425,0.7723000104586728,0.49086033680146535,1.5733599815603747,0.11563548777997087,0.6369312110221809
C1orf109,7.649211773767472,0.8014208397831467,0.5096949526234786,1.5723538866887143,0.11586850232903334,0.6374208778623315
FAM53C,22.666451582722896,-0.9659400612018686,0.6148821029707613,-1.5709353980787448,0.11619765528491516,0.6376454458128781
TIMM8A,10.826377055761574,0.9287140316487081,0.5911342832398836,1.5710711727944797,0.1161661177002886,0.6376454458128781
KIF15,20.02084239240503,-0.9553045109388335,0.6086488139075468,-1.5695496140142704,0.11651992840037904,0.6386216150122386
PET100,79.00342030938413,-1.0195294475539707,0.6502029269750788,-1.5680173146822016,0.11687709156780289,0.6397863564410794
TIMM8B,79.26002159176112,0.8486236069773324,0.5434629903136833,1.5615113119064692,0.11840315695181945,0.6411494445248354
RPS6KB1,10.784003612119283,-0.9097004143230143,0.5831569866250167,-1.5599580133436222,0.11876980357402606,0.6411494445248354
NUPR1,148.4496757962566,1.4880648024013718,0.9560356028758025,1.5564951743692381,0.11959038926814135,0.6411494445248354
UBE2T,121.29001856759464,-0.6311878117470728,0.40530817157625026,-1.557303444666247,0.11939845797021208,0.6411494445248354
CYSTM1,49.60607662282409,-0.8145965920321114,0.5221936633293921,-1.5599511239535586,0.1187714317528031,0.6411494445248354
AARS,16.155572906678476,1.0648986245818375,0.6806354223826319,1.5645653892858737,0.11768484956842903,0.6411494445248354
HMG20A,5.1388432166286915,-1.1610030298462393,0.7436024552628474,-1.5613222113902914,0.11844774546184261,0.6411494445248354
POLR2E,69.73490936163087,0.7137725104864492,0.4572983529255557,1.5608464494133993,0.11855998487397812,0.6411494445248354
CKAP2L,35.74883405432039,-0.8522654558088807,0.545527025218121,-1.5622790740167543,0.11822225949772619,0.6411494445248354
TM2D1,45.546285605956385,0.7685732726009775,0.49214696302337,1.5616743175238919,0.1183647319916675,0.6411494445248354
PERP,181.639359844352,1.0500739807512356,0.6721212735023019,1.5623281424786495,0.11821070553039545,0.6411494445248354
COPB1,30.331024996754383,-0.6597434111954211,0.4233751235694035,-1.5582951724542455,0.11916329282208414,0.6411494445248354
ACER3,26.554260277709005,-2.0783255211258727,1.3342489162151483,-1.5576745057597197,0.1193104269351853,0.6411494445248354
RNF5,47.04157342947532,-0.7686817581508562,0.4927225188662362,-1.5600702803671473,0.11874327382385447,0.6411494445248354
GSTK1,92.8416780781292,-0.7861922930284743,0.5044227400549623,-1.558598038111466,0.1190915476851992,0.6411494445248354
LAMTOR2,133.44887930485223,-0.614185791862517,0.39450481494726175,-1.5568524605830796,0.11950551854895379,0.6411494445248354
DDX24,50.10756358588001,-0.9724382606653589,0.6241241724331644,-1.558084598573202,0.11921319513539946,0.6411494445248354
AHSA1,34.14448004083694,0.7220663451165212,0.4645516521853159,1.5543295169004787,0.12010583623305283,0.6415798474140009
C6orf89,17.12579138933401,-0.6891908834209372,0.44307606230062174,-1.5554685573451934,0.1198345173856504,0.6415798474140009
COPA,34.98857747050523,-0.7337722394238486,0.47190094722776527,-1.5549285156863437,0.1199630951258113,0.6415798474140009
MPG,58.85292747260637,-0.972629248934377,0.6268430753255215,-1.5516311613226128,0.120750502604905,0.6442454439342519
CCDC14,22.678421247472482,-0.8391897119835026,0.5415539113065572,-1.5495958841085036,0.12123854147430294,0.6460699625793276
ITGB1BP1,32.51393783102115,0.768816916446901,0.49634744466709,1.5489490773193395,0.12139396187162295,0.6461197272661713
RPF1,14.814142826715734,1.157281905303059,0.7476121390116236,1.547970993131595,0.12162928044102195,0.646594119459904
MZT2B,133.95252145852078,-0.973347878894651,0.6293692493929361,-1.5465450208021803,0.12197299594498905,0.6476429304498038
MYL6B,35.859032702870294,-0.7052971919193967,0.456808938354342,-1.5439653927531183,0.12259671666594309,0.6491076825770806
SHOC2,20.900704077463352,-0.6808985879858456,0.4411153287047038,-1.5435840554107336,0.12268913014570187,0.6491076825770806
GRWD1,8.445026803927297,0.8660591786228814,0.5607517706242133,1.544460889813702,0.12247671891863263,0.6491076825770806
PLPP1,8.607507863494401,-1.100161288166408,0.7133998244806945,-1.5421384340362698,0.12303995702568343,0.6494101789076346
HERPUD2,10.509638195706689,-0.7691097369623744,0.49867687343479383,-1.5423007922242096,0.12300051653730572,0.6494101789076346
CCNDBP1,19.159875531591478,-0.9618949539121869,0.625307343259963,-1.5382754804980634,0.1239812722763859,0.6502407855766016
FAM134C,7.827229586970555,-0.8694576535286954,0.5653633611219288,-1.53787407058588,0.12407940832617041,0.6502407855766016
OSTF1,34.78288826703068,0.7311136434395683,0.4750294235148214,1.539091279925225,0.12378201358490319,0.6502407855766016
RAB18,51.460896017404636,0.6404457335752344,0.4161157898457141,1.5391046175217156,0.12377875795996472,0.6502407855766016
SNHG15,27.91100965732312,0.9022952289151727,0.5866649197997351,1.5380078106991324,0.12404670502770375,0.6502407855766016
GADD45G,37.324926099908296,-1.2301400516857655,0.7993305438367234,-1.5389628998551594,0.12381335378489408,0.6502407855766016
SREK1,37.03505744119076,-0.6452124627448049,0.41981505457107127,-1.5368969162004542,0.12431855481386511,0.6507230389842904
LRRCC1,33.312188942971304,-0.8381814639941918,0.5486344275671625,-1.5277595095717604,0.12657225877454337,0.6509640704183782
DDX5,197.55139402849144,-0.9200608437351088,0.6017041800976253,-1.5290916602670614,0.12624172252270371,0.6509640704183782
OTUB1,37.84756942798401,0.7520152296251879,0.4915656890762336,1.5298366959630554,0.1260571559043163,0.6509640704183782
KMT2A,16.192665581127084,-0.889012568509786,0.5805202639318116,-1.5314066084249736,0.12566893186099418,0.6509640704183782
TSTD1,315.72341175864983,-1.0677888670293862,0.6988188027529126,-1.5279910369082235,0.12651476336125783,0.6509640704183782
VPS36,28.777078814415404,0.8248529839611042,0.5383415941581575,1.5322111330650283,0.1254703421248614,0.6509640704183782
TUFT1,10.318435472366922,-0.9784781957644071,0.6373308908053528,-1.5352750194298115,0.12471628757905115,0.6509640704183782
DNAJC21,15.201547267527152,0.8236212819652965,0.537261856092777,1.5329978717548665,0.1252763792911741,0.6509640704183782
TRAPPC13,8.546743738480297,-0.848512518137939,0.5552346225663515,-1.5282053453655808,0.1264615620536164,0.6509640704183782
GLYR1,18.895020058128406,-0.690195698119751,0.4512107520814766,-1.5296525956791032,0.12610274323942758,0.6509640704183782
ERCC3,9.348618955630425,-0.8421564938745933,0.5507419900734487,-1.529130716476295,0.12623204196024201,0.6509640704183782
PRRC2C,109.46496800146892,-1.0063653064925706,0.6570523011650011,-1.531636529859514,0.12561215282610322,0.6509640704183782
DHX29,34.02829750917407,-0.6969026342037661,0.4551022764952786,-1.53130992789265,0.12569281306334618,0.6509640704183782
FEN1,58.49120896417446,-1.1223626402204399,0.7323517162496602,-1.532545927478682,0.12538777320585615,0.6509640704183782
MOCS2,50.74793105482776,-1.0289892036496309,0.6717189062091116,-1.5318747085098394,0.125553355755394,0.6509640704183782
EPS15L1,9.235245581746273,-0.8243221621861431,0.5401052356420267,-1.5262250905719617,0.12695381687059926,0.6521680975826487
HLA-F,6.413936321770175,-0.8888404642974841,0.5827550460027834,-1.5252385550227199,0.12719960730106886,0.6526726950030483
ARL4A,31.596902488253352,0.9048807890908219,0.5937538493637474,1.5239998697447954,0.1275087437299995,0.653237557398466
DNAJB14,19.453693228701564,-0.7468772387827496,0.4903599802977704,-1.5231202969076096,0.12772861173818856,0.653237557398466
MYH9,46.9720795521937,0.9827325510805941,0.6452509745659575,1.5230237377659928,0.12775276670804275,0.653237557398466
METTL23,25.60534143368086,-0.9753921449551448,0.6414492134481217,-1.5206069701323772,0.1283584966337509,0.655576940659446
TAF2,15.921489572877315,0.8486472229880586,0.558663988887882,1.519065556162728,0.1287459955608096,0.6567976221054912
MLEC,46.17866623765882,0.7557929106698983,0.4977673256221281,1.5183658544185885,0.12892219457906137,0.6569387864322448
MMP24-AS1,28.719317660194093,-1.0780527532235344,0.7105660841916212,-1.5171745136836727,0.12922262920475494,0.6574002961516444
HAX1,87.21135821331586,-0.7301908457037476,0.4813931969565496,-1.5168283438987908,0.12931002886093843,0.6574002961516444
BET1,17.900763949776177,0.7832668077646491,0.5169134193121373,1.5152765985587129,0.12970237200804466,0.658637877602275
USP18,13.79300256651884,-1.2602786039599754,0.8389008069786976,-1.502297522515052,0.1330202882078788,0.6590292267707633
NUDT1,63.362604110615166,-0.863069854381177,0.572008951260861,-1.508839769865034,0.13133973476381292,0.6590292267707633
SMARCC2,22.554960100267945,-0.7299943184486318,0.48330829887655113,-1.5104113050520789,0.13093850574078514,0.6590292267707633
ARHGDIB,56.941896129668486,-1.062106250407718,0.7031613039085725,-1.510473122602061,0.1309227425407561,0.6590292267707633
ARF6,59.63095717031935,-0.8801765560563116,0.5855227155365591,-1.503232125246821,0.13277919606683733,0.6590292267707633
ICA1,36.54210970406871,-0.8797572653831346,0.5849204261751568,-1.5040631614387967,0.13256510447724723,0.6590292267707633
DSN1,24.181065017582164,-0.788308526825749,0.5236530625522325,-1.50540230392927,0.13222067712168178,0.6590292267707633
PTS,50.851535064690154,0.7796710685978516,0.5185925299495535,1.5034367515353426,0.1327264554031286,0.6590292267707633
COQ7,18.204677336711814,-0.8341607833695522,0.5553099187202828,-1.5021535817186265,0.13305744958315432,0.6590292267707633
TBPL1,13.807865356219612,0.7778599102981064,0.5175890526270964,1.5028523233827462,0.1328771297353211,0.6590292267707633
NHLRC2,8.09088150159954,-0.8515891563501906,0.5655906283191967,-1.5056634847025572,0.13215358230532048,0.6590292267707633
SVIP,34.94387438269274,-0.7291210654385527,0.48264889552950396,-1.510665562880133,0.13087368054874715,0.6590292267707633
CCNC,41.25446354656078,0.6954253893804866,0.45923252573177875,1.5143208514517539,0.12994448256132482,0.6590292267707633
WDR43,15.00747883031706,0.7556283910550599,0.5025402145952326,1.5036177585582386,0.1326798159238732,0.6590292267707633
RPL5,736.2274415545422,0.9259382297982596,0.6134630229012001,1.5093627410814365,0.1312061091731995,0.6590292267707633
OCIAD1,77.8378194921295,-0.6894291851690253,0.4564085628659012,-1.5105526961193072,0.13090245381475019,0.6590292267707633
SPIDR,19.216023390065295,-0.660402540144565,0.4392068232938946,-1.5036254108981764,0.13267784445046216,0.6590292267707633
GSTO1,42.31665732202639,-0.9474183940238042,0.6283810318163382,-1.5077132282069163,0.1316279384446556,0.6590292267707633
NIFK,28.919786284963415,0.6612356401018149,0.438525403332215,1.507861654256049,0.1315899385262263,0.6590292267707633
C1orf35,53.39534490017089,-0.8177900426540463,0.5439519056448829,-1.50342343535779,0.13272988703968597,0.6590292267707633
TP53I13,30.586714658438076,-0.9125352783146382,0.6068975237539244,-1.5036068571679313,0.13268262448976265,0.6590292267707633
POLR2F,52.52995142714279,0.8617541705060457,0.5719023210452308,1.5068205509833752,0.13185666038125224,0.6590292267707633
LRR1,28.933370981835065,-0.7611034501722271,0.507457659211656,-1.4998363634014593,0.13365679537769104,0.6612572773551761
TMEM209,11.015544157248025,-0.7803574696989546,0.5206521261711131,-1.4988078036629184,0.13392349956669325,0.6618364676910439
CTSZ,23.751104971460784,-1.2795580867598302,0.8551085927607462,-1.4963691133411896,0.13455749375050008,0.6629805528859909
NCLN,11.142094412535714,0.8421201355673331,0.5628438227730196,1.4961879325926943,0.13460468833181546,0.6629805528859909
HPCAL1,18.523436047391623,0.8116078720086588,0.5420449765891032,1.497307247667563,0.13431332988803305,0.6629805528859909
TRIM56,11.805049729921,-0.9270623359736593,0.6204160431553457,-1.4942591285337419,0.1351079033583962,0.6633253851345845
CTA-29F11.1,9.159582909376578,0.849735561579621,0.5688990334877849,1.4936491566352188,0.13526734405811405,0.6633253851345845
ATP6V0E1,177.68224656253386,-0.7393446772310334,0.49485386182050134,-1.4940667018563478,0.13515818612595779,0.6633253851345845
KLHL7,9.135601876397454,0.7764442501625863,0.5198400466753168,1.4936214613098866,0.13527458679434665,0.6633253851345845
RPL18,1186.570496582641,0.9726907246219805,0.6522087060715593,1.4913795470176663,0.1358618748364968,0.6654674112977026
C12orf29,11.770239289323076,0.7961738095601822,0.5351889367114624,1.4876499773189915,0.13684322602320204,0.6659725962924966
HENMT1,12.323574325675215,1.223771240376832,0.8233042836607923,1.4864142755766772,0.13716957612988118,0.6659725962924966
SLC25A3,228.0616108453607,0.7544868753832826,0.5063318870847964,1.490103417596781,0.13619704573031255,0.6659725962924966
C12orf75,54.26889874409255,-0.9708616608579772,0.652812261435875,-1.4871988750985552,0.1369622930889966,0.6659725962924966
TOPORS,17.04398360663791,-0.7472790708390584,0.502658906575047,-1.4866524019852212,0.1371066400486596,0.6659725962924966
LMNA,330.335826286656,-1.224463701347073,0.8235238815814282,-1.4868587647946683,0.1370521170068555,0.6659725962924966
PVT1,13.87153057686493,0.8537064960245501,0.5732966473714524,1.4891182426040135,0.13645623479298252,0.6659725962924966
COQ10B,21.12506905906582,-0.7663906393714811,0.5147760839035038,-1.4887844702496769,0.13654413303185053,0.6659725962924966
PRDX3,184.57434107335516,-0.6525950833870248,0.43969369579921624,-1.4842038665139943,0.1377548443559535,0.6669322846630569
IFT88,9.7066693552304,-0.9068219675009485,0.6113166288532517,-1.4833916250602006,0.13797039124275312,0.6669322846630569
STRAP,67.13556468513947,0.5933490320372667,0.3996698121181381,1.484598070824221,0.13765032681994457,0.6669322846630569
HSPA13,7.817563093194018,-1.0482174825109725,0.7065273390163697,-1.4836191391692006,0.13790998896625406,0.6669322846630569
ZCCHC10,21.66395701611828,-0.7918599982401179,0.5345197572454999,-1.4814419626334296,0.13848883968366205,0.6687075741493856
SMDT1,81.0061119719852,0.7547179745160255,0.5099384742397606,1.480017713198035,0.1388685195966978,0.6690800241570745
MRTO4,19.064888886083622,0.7478840153112862,0.5052233086702023,1.4803038626222353,0.13879217289667628,0.6690800241570745
TIMM23,25.26829390263334,0.7305660748796559,0.49420866752178594,1.4782542737323616,0.1393397318236445,0.6693253981125903
SRPK2,33.593836508903856,-0.7936214461879157,0.537274987595785,-1.4771233809696558,0.13964256716515927,0.6693253981125903
BUB3,132.76820320889513,-0.8197600120864288,0.5546484243396042,-1.4779813231462462,0.13941277738054017,0.6693253981125903
SERINC1,32.72838615395962,-0.6924295400022631,0.46815930650521564,-1.4790468338036744,0.13912779817428408,0.6693253981125903
MRPL22,59.21496266507849,-0.7292079810978255,0.49370942005504836,-1.4769983141430019,0.1396760891833418,0.6693253981125903
NIPA2,20.706476007151462,0.7027239027370095,0.4764424281164653,1.474939806505289,0.1402287271266883,0.6706677996794048
AHNAK,70.32714399293664,-0.7482238054787395,0.5073304272583464,-1.4748254101812892,0.1402594878370901,0.6706677996794048
FANCD2,19.784928239016228,-0.9935543324406696,0.6743542229881695,-1.4733419004007628,0.1406588678896008,0.6712540494513648
SF3B4,49.56493461759684,-0.8089867362296369,0.5491198223145305,-1.473242639137979,0.14068562148799799,0.6712540494513648
STARD10,128.8711060904823,-1.1296007798924803,0.7674495136093255,-1.471889368435394,0.1410507550108567,0.6717629594548646
SURF4,32.89101749029997,0.6459645865611433,0.43891761578913546,1.4717217157022862,0.1410960409978678,0.6717629594548646
RNF6,9.460369278464647,0.9494590459491813,0.6456449452647365,1.4705590943020095,0.14141039326586,0.6725356660375256
UQCC2,126.32636934637496,-0.7427503641797903,0.5053690634923083,-1.4697187023025897,0.1416379553140128,0.6728943892093219
C5orf42,5.4876013601909275,-0.8493344409138658,0.5784438542731182,-1.4683092138322622,0.1420202492846381,0.6730161861577784
FAM136A,33.27181298336563,0.6651369116233299,0.45302889363840565,1.4681997571532879,0.14204997022547436,0.6730161861577784
FAM3C,19.542662328041214,0.6911169374679489,0.470957588130351,1.467471710587796,0.14224777940214164,0.6730161861577784
NRBP1,23.130315497242826,0.5976046667176559,0.4072591729832994,1.4673817224054573,0.14227224373898323,0.6730161861577784
ATP2B1,24.918845637353208,-0.7737884401435493,0.5275794708397271,-1.4666765537937654,0.14246406391788385,0.6732035840905986
KIF20B,62.26526589101654,-0.6513896816027424,0.4443347659246242,-1.4659885553795322,0.14265140475622745,0.6733694378194174
COPS5,50.39142851638266,0.6633615680087768,0.4527301170874764,1.4652472697781715,0.142853467188192,0.6736043554087134
NDUFA5,108.54849774902979,-0.7829859077269082,0.5346206300523352,-1.4645635871744416,0.14304002263424612,0.6737657296179665
GRSF1,50.51982863182589,0.8420250228885797,0.5751754449851,1.4639446628504673,0.14320906875883152,0.6738443735322466
CIRBP,154.64976655657514,-0.7706696347669958,0.5278494097905634,-1.4600179908750432,0.1442851295091507,0.6750688922085369
ZNF207,65.60033620718625,-0.6521031066292463,0.44677481849020234,-1.4595789190467696,0.14440583648356836,0.6750688922085369
CHAF1B,9.077988435987006,-0.8031060215582124,0.5508026316640182,-1.4580649680847853,0.14482263630722433,0.6750688922085369
PRIM1,16.73094791082469,-0.9436730155643359,0.6472676918229345,-1.4579331356808791,0.14485897414200827,0.6750688922085369
CIR1,29.203732331432683,-0.9280291460536874,0.6367538769191013,-1.4574377631494062,0.14499557938008367,0.6750688922085369
RAB30-AS1,13.312807015458526,0.9069070689209225,0.6214048316322323,1.4594464393506035,0.14444227219638575,0.6750688922085369
LINC00493,93.33570549511967,0.6455899943062117,0.4420184085533029,1.4605500174058026,0.14413897164011671,0.6750688922085369
DHRS4-AS1,14.202962769729245,-0.7896023773749368,0.5404487383913792,-1.4610125277101247,0.14401200345671794,0.6750688922085369
GPKOW,10.379115513020393,-1.0568947327693576,0.7234907029269851,-1.4608269719203562,0.14406293186979874,0.6750688922085369
SNU13,135.41109846187982,0.9219228364208376,0.6319571607096679,1.4588375506111007,0.1446098246639328,0.6750688922085369
CHCHD4,11.031590405655809,0.7717825767713296,0.5298602145781912,1.4565777077369866,0.14523298489956366,0.6754455723766554
MRPL37,56.818617697236206,0.6876317176238934,0.4723311278628092,1.4558255364944301,0.145440854529873,0.6754455723766554
HNRNPU-AS1,15.147687923199225,-0.9719205009955935,0.667763316595687,-1.45548651272209,0.14553462140514414,0.6754455723766554
CDK4,59.27426209083956,0.6838233778848793,0.4703686067255298,1.4538031835188037,0.1460008806235488,0.6761904659664464
FOSL2,18.678769161201643,-0.9961884155555863,0.6850677850424288,-1.4541457609101975,0.14590589881708732,0.6761904659664464
HMGCS1,31.135929130203294,0.8585105031764594,0.5911956852425473,1.4521596226201177,0.14645722682732942,0.6775944709804165
DDX27,30.2824303262275,-0.8205359619317066,0.565646373206273,-1.4506164996349826,0.14688667826140833,0.6781626074636837
CLIC1,286.87182088982155,-0.8042836692731109,0.5543805491645231,-1.4507790190063548,0.14684140376606503,0.6781626074636837
NDUFA4,379.64240924111573,-0.5386870802833867,0.3715695914292829,-1.449760940369927,0.14712519521343007,0.6785555145245059
ISG20,48.43523289024451,-1.3702231456283502,0.9457789133778978,-1.4487774322801596,0.14739974811655004,0.6791136311661468
XRCC5,110.41359057857012,-0.8571791030814208,0.5921060462893271,-1.4476783482507596,0.1477070280301531,0.6798212122553248
CHD6,18.252126716168352,-0.702215981857443,0.4852569110381119,-1.4471014546813765,0.14786851067803874,0.6798569882837477
ABCB8,15.533041630058316,-0.8023002685725312,0.5668570972335625,-1.4153483699648537,0.15696637949533437,0.6802154830285481
OSER1,49.361452383568796,-0.799391948947978,0.562469646651272,-1.4212179336382866,0.15525341267553303,0.6802154830285481
PPIP5K2,12.941250952927556,-0.7001306046555332,0.49592347588184993,-1.4117714500418894,0.15801726741359867,0.6802154830285481
NCAPG2,20.95349287127619,-0.6653143419132123,0.46565768737904417,-1.4287627155001696,0.15307244523293212,0.6802154830285481
ITGB3BP,41.87774050718286,-0.6690337940316903,0.4718794311556142,-1.4178066469082002,0.15624722303945268,0.6802154830285481
NDC80,31.630947524514188,-1.0092894480357926,0.7114279213197566,-1.4186812434399239,0.155991967946667,0.6802154830285481
ARL14EP,11.96953033294991,-0.7881319150270053,0.5589251293910066,-1.4100849533921256,0.15851459962567938,0.6802154830285481
MRPL3,56.290330610296394,0.597359353318827,0.41696015680873605,1.4326533208611631,0.15195693561568255,0.6802154830285481
ETHE1,33.757206262017206,0.6990716143565375,0.48950979962230623,1.4281054534473552,0.15326150808320954,0.6802154830285481
CD82,32.46508892037305,1.0760934078956244,0.7462686643728237,1.4419651517861742,0.14931220473968823,0.6802154830285481
NUCKS1,238.70742966720732,-0.7405411245198542,0.5248437184502946,-1.4109745405860035,0.1582521211386665,0.6802154830285481
MYL9,30.769140794946672,1.3594696383223523,0.9642053503966178,1.4099378703542205,0.1585580291662747,0.6802154830285481
FOXO3,15.240540883738575,-0.7322252308065529,0.5141064145617337,-1.4242678365154449,0.1543689543365058,0.6802154830285481
DNAJB4,19.098452401762568,0.8144449148608541,0.5763023671187898,1.4132250036255314,0.15758957695809006,0.6802154830285481
NPEPPS,36.50103531904575,1.0194682701847835,0.7061850357984757,1.4436276875112226,0.1488437322974422,0.6802154830285481
GPR89A,11.499341901243245,-0.8140744211922074,0.5707108611942143,-1.4264218127700496,0.15374662107092188,0.6802154830285481
TMEM261,28.643377725375775,0.7863037146809234,0.5535245552119056,1.4205398970600374,0.15545056200467466,0.6802154830285481
TMEM258,280.97839244591324,-0.7604901672436059,0.5361139215240833,-1.4185234456916505,0.15603799855074046,0.6802154830285481
PLA2G16,60.00018494525657,0.9886022282306599,0.6985195096520922,1.4152821998100635,0.15698577186159718,0.6802154830285481
TAPBP,30.87786581365406,-0.7402428331241173,0.5244297985066546,-1.4115193973187703,0.15809152021700157,0.6802154830285481
SFI1,8.51017025080575,-0.8164770535660059,0.5645654878194594,-1.4462043309085595,0.14811989934758868,0.6802154830285481
MDH2,107.86316023872564,0.7037620187630487,0.48987921740772244,1.4366031334971154,0.15083079274623992,0.6802154830285481
MDP1,6.945376375971283,-1.0944670040440725,0.7722460300049214,-1.417251706735349,0.15640934914926233,0.6802154830285481
TM9SF1,15.811323151572324,-1.02886594777447,0.7158731916787767,-1.4372181550222625,0.1506560159286793,0.6802154830285481
RTN3,91.05172030502062,0.7624014845294648,0.5292195754731257,1.4406146708535355,0.14969357338463796,0.6802154830285481
FKBP1A,108.71187041361209,0.533281322615655,0.3757133327503556,1.419383546258115,0.1557872267194847,0.6802154830285481
ECI2,22.705479121069,-0.7270976211269116,0.5135692264876597,-1.415773343935713,0.15684187643369837,0.6802154830285481
TRMT1L,6.629225400407705,-0.8781135212408572,0.614852001316901,-1.4281705505716789,0.15324277483458926,0.6802154830285481
DCTN1,16.04425197517504,-0.7319702802760074,0.5152395015899809,-1.420640843757545,0.15542119820013908,0.6802154830285481
TUSC2,34.096310271256755,0.8256282577506968,0.581377232730991,1.4201248539994398,0.1555713357475404,0.6802154830285481
RSPRY1,10.94343071514862,0.7860678707668174,0.5524124115610837,1.4229728628751075,0.1547440221659138,0.6802154830285481
TNRC18,8.579121466264981,-1.0180705803347754,0.7096096204362704,-1.4346910625434617,0.15137515216042688,0.6802154830285481
GOLPH3,44.19273889341624,0.7024141443413323,0.49472894291026737,1.419795939589357,0.1556670974129794,0.6802154830285481
ATP5I,226.97330404026116,-1.2213845908663241,0.8487031437980801,-1.4391187304908943,0.15011688601408393,0.6802154830285481
YLPM1,12.019009933184188,-0.7763356496771717,0.5463993550721356,-1.4208209480310974,0.1553688191612481,0.6802154830285481
CLDND1,19.240992644037135,-0.9938716229779028,0.702554770089726,-1.4146535833084894,0.1571700899436849,0.6802154830285481
NDUFA13,80.79939428954853,-0.9988524683394607,0.7016162509622895,-1.4236450010522164,0.15454926208459557,0.6802154830285481
SNHG7,38.96667327816989,0.954243589338349,0.670376701046265,1.4234438456006144,0.1546075297483382,0.6802154830285481
VAMP8,152.6131037665742,0.5665768068736424,0.39672923064044907,1.4281196421020064,0.15325742481132368,0.6802154830285481
BORCS7,17.985860053829786,-0.8268289629702268,0.5724966712739029,-1.4442511274875907,0.14866834780731655,0.6802154830285481
SDCBP,47.316377527203045,-0.9499625265095216,0.6580360836047261,-1.4436328799867943,0.14884227091184973,0.6802154830285481
ADAM15,74.29848179644212,1.0154128872621537,0.7126058071342919,1.4249292906348674,0.15417764173348347,0.6802154830285481
SDHA,37.971775692126535,0.7330868056318882,0.5086794475062267,1.4411567230125109,0.14954041155142597,0.6802154830285481
WDHD1,10.798817116000887,-0.8597369816874748,0.6064801592450108,-1.4175846787102415,0.15631205587992716,0.6802154830285481
GPATCH1,8.89632732537197,-1.0161579199090622,0.7180677812213517,-1.4151281348129743,0.15703093044579303,0.6802154830285481
C19orf43,150.55631540254893,0.7749260374138707,0.546231214496501,1.4186776896816,0.15599300448709785,0.6802154830285481
LAMTOR4,121.47027691157037,-0.5880800110874963,0.41132512604230836,-1.42972061236786,0.15279722188600825,0.6802154830285481
TRMT10B,7.626231292942991,-0.8186084750163269,0.5796021829709164,-1.4123626498787765,0.15784320810785135,0.6802154830285481
IRF2,14.675144026832703,-0.7649511130985233,0.5378071562441474,-1.4223520535514402,0.15492407465534713,0.6802154830285481
NEDD8,155.80106628109888,-0.7547687464014643,0.5318177144617765,-1.419224531031886,0.15583356630763717,0.6802154830285481
ADH5,36.57851188737443,-0.7789757714317869,0.5467251637666286,-1.4248032156871697,0.15421409252894036,0.6802154830285481
UBE2F,11.902410663483865,-0.9657563548123583,0.6848880003417718,-1.4100938464835535,0.1585119740312474,0.6802154830285481
PPP1R7,41.82276826580088,-0.7870625158194497,0.5483278034867317,-1.4353868449030687,0.15117689258103775,0.6802154830285481
CKLF,62.28545998356365,-1.1963748676642407,0.8446363494868201,-1.4164378177556864,0.15664735805763064,0.6802154830285481
KLHL20,7.576031916683145,-0.9344296326399325,0.6587066648009354,-1.4185823259011991,0.1560208216150463,0.6802154830285481
PPIL3,13.431252261147112,-0.7445938054667565,0.5274312189001168,-1.4117363151530953,0.158027616298288,0.6802154830285481
USP37,9.206546714239726,-0.7973345369473352,0.5600348667533032,-1.4237230291923293,0.1545266645662515,0.6802154830285481
EIF1,655.2048575612133,0.7040151042406277,0.4959227914871399,1.4196062700193202,0.15572233902379776,0.6802154830285481
RPL27,657.2985006856968,0.9381662403999682,0.6495523898041856,1.444327286183626,0.14864693386414188,0.6802154830285481
WASF2,51.540497311768966,0.7736325041196292,0.5466976383961538,1.415101236561464,0.15703881570541117,0.6802154830285481
PSMG1,22.848992037348477,0.7213896298423895,0.5043494240142197,1.430336975703675,0.15262032728007305,0.6802154830285481
S100A6,571.2335076248603,1.2726970362847614,0.8983939217236674,1.4166358492752849,0.15658942161711026,0.6802154830285481
WDR41,9.063233744795955,-0.8062939165793795,0.5714790249115247,-1.4108897814827208,0.15827711566914304,0.6802154830285481
PSIP1,54.15125154384791,-0.8578071857354564,0.5954759370259733,-1.4405404692247719,0.14971454904805667,0.6802154830285481
BRD2,89.67419200303871,-0.6490462686104556,0.4583326474007782,-1.4161030690072407,0.1567453296843467,0.6802154830285481
THOC5,6.466341350640356,0.9272576556346558,0.6484098849246932,1.430048611523478,0.1527030676087481,0.6802154830285481
HSPA1B,269.8643924648321,1.0580433175539408,0.7396070993872079,1.4305478117105273,0.15255985370215538,0.6802154830285481
GRAMD3,7.226229081211059,0.8392144623679878,0.5882960573333954,1.426517230409371,0.15371909690279642,0.6802154830285481
ABCF2,10.75948174858227,0.7435363311522032,0.5192997428805822,1.4318056986274807,0.15219943594100763,0.6802154830285481
UBE2L6,53.04283912490462,-1.110663343920787,0.7888983211459764,-1.4078662790249135,0.15917066987495276,0.682182047341973
SLC35B1,29.314815484240604,-0.7074521959616229,0.5036248631274857,-1.4047205524532278,0.16010439176508806,0.6848566003645885
HSBP1,195.01444575614659,0.7397592385396964,0.5265133555347485,1.4050151449403723,0.16001677478493337,0.6848566003645885
ASRGL1,20.971857559312205,-0.9756982525139587,0.6949130704596926,-1.4040579951511398,0.16030158045690412,0.6850375752279101
CREB1,14.177967100506814,-0.6837933198377614,0.4877300546273794,-1.4019913543367186,0.16091782845317848,0.6868390744582471
SERPINB1,32.0229488573597,-0.8441224053978381,0.6022548265923167,-1.4016033880111158,0.16103371472150174,0.6868390744582471
RPL17,91.7432859212593,0.6340195477163127,0.4526645670058667,1.4006387818468142,0.16132211761419968,0.6874062872905637
GOLGA7,37.24903802612138,0.5945568479823133,0.4248778179678895,1.3993595872478508,0.16170517920730343,0.687713468878753
EEF2,247.9147936131573,0.9719038134562415,0.6943340326790883,1.399764043980604,0.16158398833230114,0.687713468878753
MORF4L2,95.39393002677222,0.6059089229524195,0.43335000807885804,1.3981975577629628,0.16205374997214017,0.687873067300169
UBE2A,51.780915666452486,0.659590250623285,0.4716325029339608,1.3985258575693258,0.1619552133622043,0.687873067300169
TMEM167B,11.960747236630798,0.6595688944249923,0.471924171421693,1.3976162577941516,0.16222833357395983,0.687953901627636
KIAA0101,149.69111242824223,-1.1953394777617998,0.8558688275760898,-1.3966386428012882,0.1625222636944781,0.6885402033722956
TMEM128,17.330083235493166,-0.731242777059637,0.5240929564102549,-1.3952539680522387,0.16293926786880986,0.6889869806727973
CHTF8,17.168854000155218,0.583992906741574,0.4185483562831192,1.3952818066893635,0.16293087613384227,0.6889869806727973
PSME3,25.632253187478124,0.7233397006650779,0.5200596594298824,1.3908783108807978,0.16426233084154462,0.6939181368788462
PTGES3,236.06473499477974,0.5708199350984219,0.41093509538371936,1.389075650901529,0.16480974704075435,0.6955663274439471
SYNRG,6.719579870990292,-0.8189069899655204,0.5903336077212682,-1.3871935787741487,0.1653827429479776,0.6966551162465762
SEPT2,68.964929070417,-0.5302472146996349,0.3821037372923012,-1.3877048637553817,0.16522693438167657,0.6966551162465762
VMP1,134.64893108747054,-0.8870021700813729,0.6401160117261167,-1.3856897091036837,0.16584167187900767,0.6977281757644958
YPEL5,42.98984514654346,-0.6824129946831295,0.4926012196697037,-1.3853254263980452,0.1659529823432624,0.6977281757644958
UQCRQ,458.6505098160913,-0.7961308205940381,0.5754917450943161,-1.3833922508542011,0.16654462532543057,0.6988869808485573
KLHL24,9.34579476114212,0.7945690489310996,0.5742949109751212,1.383555789449649,0.16649451347646538,0.6988869808485573
GTF2H2,7.496042393976329,-0.9381493478227695,0.6786944072940218,-1.3822853669344406,0.16688409722558328,0.6996477365201468
HDHD2,10.940886111504646,-0.7480280575687054,0.5418231445736729,-1.3805760515403647,0.16740935102367582,0.6998596971434009
EIF2AK2,31.02753400602942,-0.7721391726038593,0.559124355282372,-1.3809793211635528,0.1672853189088822,0.6998596971434009
RGS10,49.36091928189818,0.7704170274790082,0.5577709915359842,1.3812425514590523,0.1672043954109762,0.6998596971434009
ANKRD36,13.598457815498639,-0.7332372913526883,0.5316216404932655,-1.3792465082353562,0.1678187630000686,0.7009087712458011
COX6C,1996.1013611455735,-1.2511727579103586,0.9100885629489288,-1.3747813222223413,0.1691992503710309,0.7018438556503404
CUEDC2,34.38707673258972,-0.5768750063983158,0.41950666922296315,-1.3751271403309042,0.1690920315264942,0.7018438556503404
TPX2,80.60903510093007,-0.7377199601855933,0.5360815078586443,-1.3761339448778704,0.1687801679711074,0.7018438556503404
LY6E,254.26762214012555,-0.8973197457481148,0.6511727843573815,-1.3780056035874513,0.16820155805888204,0.7018438556503404
DLGAP1-AS1,7.213553927259797,-0.994563282705845,0.7237517430314574,-1.3741773920157825,0.16938661761238172,0.7018438556503404
MRPL14,86.29116649973273,0.671660393106274,0.4883181040128399,1.3754566697134236,0.16898991033474486,0.7018438556503404
ACYP1,34.43996381375295,-0.7606882785665138,0.5529132242436074,-1.3757823926297754,0.16888901424486868,0.7018438556503404
PGM3,11.79511553506209,0.7184360313454607,0.5221807723783725,1.3758377737142755,0.1688718638695914,0.7018438556503404
ERI1,8.66666873053594,-0.8070976804984658,0.5874473996146612,-1.373906295317479,0.16947077500216223,0.7018438556503404
TMSB4X,817.9859359968923,1.0097499565271604,0.7356711674110799,1.3725561110143798,0.16989038391975075,0.7029234500253111
SLU7,26.418978287504423,-0.7977935762353445,0.5821156310888391,-1.3705070498503584,0.17052867624081625,0.7044807747201814
ZNF587,7.506870636675127,-0.9734127533437555,0.7103515053655791,-1.370325459988704,0.1705853289001389,0.7044807747201814
REXO4,8.397322686182463,0.8892501752827477,0.6493271112810143,1.3694949122460098,0.1708446240863004,0.7048934443411443
ZFYVE16,11.233440337252024,-0.6786631380967549,0.4959842833817741,-1.368315813294365,0.17121324308152208,0.7057559870918659
PPP1R14B,25.581670284706593,0.9511443920570581,0.6963590966631058,1.365882052255599,0.17197598689152482,0.7075812000197342
CNIH4,109.17539326151851,-0.7261401236888161,0.5315700318677375,-1.366029083952367,0.17192983492697078,0.7075812000197342
PTPRA,15.18622012823354,-0.6728784750048172,0.4937536313957585,-1.3627818252246628,0.1729512807280299,0.7082995506111818
IFITM2,85.59071297565251,-1.2259555666270896,0.8987505285078232,-1.3640665877131868,0.17254660945360167,0.7082995506111818
SPATA13,10.81621792145491,-0.914015239788714,0.67039774585776,-1.363392471762044,0.17275885241842803,0.7082995506111818
ZBTB10,7.665740062952634,-0.9880156779290116,0.7248638911516033,-1.36303613683851,0.17287112201793087,0.7082995506111818
FAF2,16.940838872358125,-0.7309769123660284,0.536234441930249,-1.3631666584764253,0.17282999254536324,0.7082995506111818
MBNL1,23.53814482978036,-0.9009268388477502,0.6617400531649725,-1.3614512746187786,0.17337112173618574,0.7093621382415815
PCBD2,11.810422018216535,-0.8558945856012958,0.6297702732735464,-1.359058408953403,0.1741280808057848,0.7103737558469858
OAS3,12.276561547239364,-0.7548248255506167,0.5554473745012339,-1.358949308615266,0.17416265234909023,0.7103737558469858
ZMYND8,19.466030946677165,-0.6665702423295721,0.4901002747498835,-1.3600691055922134,0.17380805648610975,0.7103737558469858
UBE2J1,21.81915851747926,0.6881935539414785,0.5065313303047654,1.3586396591251566,0.1742608015134478,0.7103737558469858
PEX3,8.45209063187677,0.6782867815423886,0.4994934174968936,1.3579493898868187,0.1744797438470923,0.7106113324453861
FAM177A1,59.90693007788474,-0.5553742295798267,0.4093110628333235,-1.3568512557061814,0.1748284775809278,0.7113765927694974
TOB1,104.23787859488088,-0.8328144824880372,0.615134261280766,-1.3538743245320806,0.17577647620565062,0.7132654626216447
INTS7,9.97315634628572,-0.7392190191253301,0.5458267451147121,-1.3543107327398811,0.17563726344324104,0.7132654626216447
ACBD6,30.052134089741976,-0.7222798081779821,0.533095397257377,-1.3548790927363181,0.1754560818176788,0.7132654626216447
MAPK1IP1L,29.015084423610972,-0.6915278328413753,0.5110343920308674,-1.353192355788856,0.17599418671417855,0.713494305991578
PSMB9,50.44747796874574,-1.2709150932986217,0.9427267211987369,-1.3481267314482954,0.17761762503937106,0.7144764113093465
TUBA1B,1238.178688632965,-0.8719801304918716,0.6469670934129822,-1.3477967262474904,0.17772377116136262,0.7144764113093465
C9orf142,92.45616250687941,0.8156257679595442,0.605333569268062,1.3473988712467353,0.1778518039456456,0.7144764113093465
PPIF,41.51865103892041,0.5852683949245576,0.43369915267428905,1.3494801438178001,0.17718279392341074,0.7144764113093465
STK19,12.796082516820274,0.6523950262973803,0.48276189978633777,1.3513805181935843,0.1765735712019858,0.7144764113093465
TIMMDC1,35.475937432718055,0.6192661505639194,0.45934004809936596,1.3481649447425443,0.17760533678939772,0.7144764113093465
IFT22,33.97152223916491,-0.6798086953637833,0.5036534572712986,-1.349754847404128,0.17709463266617365,0.7144764113093465
TMOD3,30.486209281598423,0.7031021223140264,0.5216136506831542,1.3479365837017068,0.1776787802676224,0.7144764113093465
PNKP,32.72313381910579,-0.7816710318164297,0.5792965851419615,-1.3493451400630556,0.17722613297010292,0.7144764113093465
MYL12B,326.3390767340603,0.5889499243531784,0.43695110389650926,1.347862310224692,0.17770267232566972,0.7144764113093465
SNRPN,11.729999402357032,-0.9647926813260551,0.7163604833161343,-1.3467977419132515,0.17804538219968435,0.7144945695782241
RPS7,1181.0655666277976,0.7915920270283935,0.5879402152142251,1.3463818370375715,0.17817940543630595,0.7144945695782241
ENOSF1,23.987071758182346,-0.7255261158454015,0.5394497664355725,-1.344937306469392,0.1786454813649132,0.7157146413741042
BORA,8.387449811199396,0.8969042255577816,0.6686835193206686,1.341298536068255,0.17982354492343477,0.7158951747941962
APPL2,7.448374599574438,-0.7719001201034926,0.5749748640347515,-1.3424936782224952,0.17943597877935114,0.7158951747941962
ITFG2,7.873201059709831,0.6757467548018307,0.5034941462380147,1.3421144214899923,0.17955889855858553,0.7158951747941962
RRBP1,34.836057074481396,0.7769224369734723,0.5792034605585865,1.3413635965230675,0.17980243082384162,0.7158951747941962
MTRR,10.441008295043847,0.8899794303494345,0.6629959374878932,1.3423603072465076,0.17947919811895297,0.7158951747941962
HAUS1,38.155688072447205,-0.8746291205625284,0.6516682913450439,-1.3421385268835058,0.1795510839683947,0.7158951747941962
CEP57,29.67983003243193,0.5706796391081306,0.42457177746693586,1.3441299431462401,0.1789063709094374,0.7158951747941962
HAGH,52.74817322513942,-0.7655212047086593,0.5711649409899809,-1.340280451005636,0.18015418460297783,0.7165665094415207
SCAMP3,44.060184870488946,-0.7419385956976392,0.5542190750579813,-1.3387099598115042,0.18066511263269203,0.7167652390127593
PHYKPL,8.659696723787068,-0.6532908698093577,0.4880285099139025,-1.3386325932569199,0.1806903100834788,0.7167652390127593
SPATA5,5.389180337063118,-0.8636914202901346,0.645017570799283,-1.3390199885870993,0.18056416579097723,0.7167652390127593
BAG1,50.26569506540447,0.6126976816279656,0.45810408182445483,1.3374639212727006,0.18107125144246317,0.7176327465322712
ATF6B,35.29349384190196,-0.7064973953393593,0.5304926927159251,-1.3317759227226216,0.18293383208802094,0.7198017261652228
FBXO5,17.283034019779002,-0.7312258891925458,0.5490248283978518,-1.3318630622341578,0.18290519085245327,0.7198017261652228
CCNG1,33.16036737622651,-0.7253514872215537,0.5452406556965061,-1.3303327249046915,0.1834086695428908,0.7198017261652228
KPNA2,145.79335115153933,-0.7599484540514347,0.5710546778266608,-1.3307805426683,0.18326123201476452,0.7198017261652228
ABRACL,130.39033701584225,0.8845460186629689,0.6641148835411301,1.3319171736469404,0.18288740704899353,0.7198017261652228
TMEM170A,9.85357043400019,0.6365565960334308,0.47761641108118613,1.3327778972092894,0.1826047011642261,0.7198017261652228
DLST,13.893838241835459,0.7596685012628009,0.5692670424352619,1.334467735938168,0.1820506138904624,0.7198017261652228
SUV39H2,7.898319755718033,0.8229109002092657,0.6178459922819508,1.3319029507174251,0.18289208131364887,0.7198017261652228
DDX49,20.61079529523713,0.6319997989771171,0.47473218168386794,1.3312765035970877,0.18309804655539108,0.7198017261652228
IDI1,51.54233726195421,0.8146286087162056,0.6111586276777892,1.3329249916859367,0.18255642020615026,0.7198017261652228
ATRX,55.70808508149621,-0.723400044510629,0.5431337709287466,-1.3319003222238068,0.18289294515908106,0.7198017261652228
S100A13,208.15844342839432,-1.7090003649792436,1.285468712921225,-1.3294764375054635,0.18369083443951195,0.7202700006435827
PEX2,28.738566204642446,-0.6574565417512661,0.4998304173366685,-1.315359207737904,0.18838920818441196,0.720629624330971
IMPA1,7.3887037581678765,-0.8397879536012639,0.6408728096712789,-1.310381624759543,0.1900667666749969,0.720629624330971
CYP20A1,17.273519986397176,-0.6744251658541696,0.5139540136969687,-1.3122286194496304,0.18944300816309378,0.720629624330971
BLVRA,48.04901124296413,-0.7219908087620526,0.5482635101754538,-1.3168682492311097,0.18788279090150217,0.720629624330971
FXYD5,65.95475669217019,-1.2109491241344805,0.9137770330415571,-1.3252129133775334,0.18510054352257355,0.720629624330971
ZW10,6.711750513117781,0.7483721408606706,0.5690674034909309,1.315085236423311,0.18848125776143143,0.720629624330971
PTP4A2,55.730103561987264,-0.8212800523170187,0.6219255118396515,-1.320544079125614,0.18665342929139084,0.720629624330971
ATAD5,17.36086210775335,-0.8270369452047932,0.6300849331651827,-1.3125801009877152,0.189324478501821,0.720629624330971
ECH1,61.39546226263964,1.0831645382276007,0.8231614951798655,1.3158590927420908,0.18822134101352195,0.720629624330971
ZNF146,20.096025793071643,0.6163507597138039,0.466636229807479,1.320837775429681,0.18655546112027177,0.720629624330971
PMS2,19.627433347669374,-0.7177079847392687,0.5448315638394653,-1.3173025066344017,0.18773724534216696,0.720629624330971
MRPL1,19.379677053304484,-0.958164436312169,0.7296608706959699,-1.3131640667509639,0.18912766935527847,0.720629624330971
ARRB2,11.951142236871657,-0.7228067692509443,0.5511390800203115,-1.3114779834235422,0.18969632727453112,0.720629624330971
PKP4,15.072339574372103,-0.6649160394981024,0.5009180322364797,-1.3273948963853641,0.18437808706428793,0.720629624330971
EEF1D,430.6604486088171,-0.7613948728338874,0.5811692986389543,-1.3101085597897293,0.19015911312823008,0.720629624330971
MDM2,12.87599653845434,-0.6448448227662334,0.4898388090818824,-1.316442900828709,0.18802543123401816,0.720629624330971
PLAA,10.403321666483814,0.6913836263164015,0.527375263424786,1.3109898667346318,0.18986118716182643,0.720629624330971
GRK6,8.40605012226241,0.6983192821626931,0.5306285686286017,1.316022776473352,0.1881663981129521,0.720629624330971
IFT172,5.435486314494659,0.9618144459915262,0.7320242747804995,1.3139105889349507,0.1888762948594972,0.720629624330971
SQRDL,13.101114730138582,0.8933642658549245,0.6792414328936286,1.3152381798164368,0.18842986736258316,0.720629624330971
POLE3,34.430081019324014,0.5429365548036307,0.4128846261623209,1.3149837034382128,0.1885153794954033,0.720629624330971
ASXL1,8.959298846731262,-0.663345117173009,0.501225179667014,-1.3234473128698334,0.18568666658021304,0.720629624330971
TSC22D1,142.0892022770501,0.9881513763229092,0.7437015570906599,1.3286934347542987,0.18394913180298367,0.720629624330971
JMY,10.194218994626135,-1.2220336790132071,0.9298592900391436,-1.3142135504843577,0.18877434970308782,0.720629624330971
UTP4,9.81687359140844,0.8934717480897819,0.6824059046450036,1.3092966253780842,0.1904338923072053,0.720629624330971
GNA12,5.428850969309172,-0.9626932310154344,0.7352028727908768,-1.309425284698616,0.19039033124958404,0.720629624330971
UNG,23.253496806299385,0.8069638738365913,0.6142671357368015,1.3137018519941714,0.1889465574881135,0.720629624330971
MRPL27,75.27380973131952,-0.6217885725345156,0.46952152182412693,-1.3243026009091545,0.18540256708278713,0.720629624330971
FAM32A,35.82277465931283,0.528644797303759,0.40112791327764663,1.317895812794882,0.18753852759897904,0.720629624330971
IPO5,19.9027984542843,0.7582071093202057,0.5726803880699399,1.3239620652551627,0.18551564366004492,0.720629624330971
CTNNBL1,16.084484699097523,-0.9216654751821622,0.6999671021805834,-1.3167268466059756,0.18793020132338423,0.720629624330971
CETN3,17.183028804360852,-0.7929957562024185,0.6051404952611004,-1.310432473801417,0.1900495739451672,0.720629624330971
TCEB2,339.5587734162294,-0.5985302055700283,0.452147134296653,-1.323750965492869,0.1855857660007505,0.720629624330971
FAS,7.1214382474891265,-1.2119977676352847,0.9201447779389266,-1.3171815965201614,0.1877777611716266,0.720629624330971
LYRM7,9.880373846179356,-0.801734891161044,0.6060358764065557,-1.322916550608969,0.18586313071356608,0.720629624330971
HMGB1,1184.8942570798285,-0.691852483998525,0.5254755308454573,-1.3166216948016163,0.187965463049933,0.720629624330971
RPL7A,1383.9196600485902,0.839277183863618,0.6331160175222692,1.325629364343317,0.18496249478679583,0.720629624330971
DDX11,10.024339535642849,-0.8089998648258374,0.6179289057919384,-1.3092118805949404,0.1904625889312469,0.720629624330971
NOL9,6.725950381418569,0.8003995197696873,0.6089614296923678,1.314368169711552,0.1887223366914339,0.720629624330971
SLC39A10,10.704681526332514,-0.7173947692357066,0.5453238569144954,-1.3155389410153593,0.18832883895823405,0.720629624330971
PGS1,6.8572577585246774,-0.8412119026295147,0.6385246400175355,-1.3174306047240603,0.1876943279299511,0.720629624330971
AKIP1,14.089769446365256,-0.6876549670271759,0.5258637364212294,-1.3076675940938962,0.19098607934380207,0.7207606048955943
CSTF1,14.72698957834351,-0.6637329515159215,0.5075554492313982,-1.3077053010090351,0.190973284653971,0.7207606048955943
TMPO,65.64105928072215,-0.4627464285413891,0.35367747400549665,-1.308385358277574,0.19074263627499322,0.7207606048955943
GNA13,8.99837552658045,-0.8175254842683165,0.6254212355583135,-1.3071597793421765,0.19115845223461025,0.7207961076160965
ARF4,130.53426830010525,0.7639051718922044,0.5855698906210492,1.3045499506165092,0.1920461401717828,0.7235264718737608
GOSR1,26.484304223811915,-0.7184884215064955,0.552636904238746,-1.3001093774151926,0.19356348412908286,0.723994562381945
SQSTM1,138.04427449575422,-0.797404385451069,0.6126811963138837,-1.3014996873554274,0.19308747146113447,0.723994562381945
PGAM1,117.40634306626241,0.596154106253392,0.4586239415579883,1.2998756764162833,0.19364358292964978,0.723994562381945
ASPM,56.11325944010493,-0.7640315765753136,0.5877429564922529,-1.2999416975325069,0.19362095235202892,0.723994562381945
GADD45A,12.074019652824402,0.8045313126253787,0.6181321960245068,1.3015521886737023,0.19306951298802566,0.723994562381945
RSU1,34.527586267141565,1.1032812030544947,0.8476281449672461,1.3016099212905765,0.19304976652626982,0.723994562381945
LCMT1,38.246512173767144,-0.7932893185712091,0.6085543078693323,-1.3035637219440122,0.19238237668028701,0.723994562381945
FAM114A2,9.566189200145924,-0.7906439473397493,0.6076708163326329,-1.3011056744692489,0.19322228571489697,0.723994562381945
MTHFD1,24.451576870543253,-0.9120162006838282,0.6999928880348151,-1.3028935240245867,0.19261111515278495,0.723994562381945
NDUFA8,43.01750600538956,0.7660114286976349,0.5897834469347272,1.2988011662226446,0.19401217433089335,0.7241483941481361
METTL18,7.313289006785614,-0.7518751239011321,0.5788399328196685,-1.2989344398520806,0.1939664292510329,0.7241483941481361
GALNT7,23.306288066736347,-0.9798766276063191,0.7557280563071249,-1.2965995101392678,0.19476902110654837,0.7245079592423637
EIF4H,55.98281536020435,0.602603428668087,0.465604308135164,1.2942393748065417,0.19558275001930414,0.7245079592423637
RAB11FIP1,53.971772355952154,-0.7866923516753829,0.6077702294784032,-1.2943910601717579,0.1955303770232133,0.7245079592423637
GABARAPL2,63.07797879463268,0.6512117055363672,0.5030811273012099,1.294446700932327,0.195511168298947,0.7245079592423637
ARMCX3,23.428205508854777,-0.6022853633836028,0.4650891712817573,-1.2949890054927344,0.19532402226184908,0.7245079592423637
RBM22,18.632299932408664,-0.7757901167123123,0.5984352278668017,-1.2963643859632306,0.19484997580431385,0.7245079592423637
AK6,48.987487609919555,-0.692912241012096,0.5346344844157228,-1.2960485363553524,0.19495876360815267,0.7245079592423637
ARRDC1,46.11595944159776,0.7127016566934525,0.5491377251298093,1.2978559368234603,0.1943368438522206,0.7245079592423637
LRRC41,13.466091474131499,0.7817441143284476,0.6039147900541338,1.294460952443926,0.19550624850686016,0.7245079592423637
ACTN4,53.704196483773444,0.5412790456801642,0.41881823602341384,1.2923960781161026,0.1962200142018351,0.725653112721335
AZI2,26.034163523296094,-0.7276392406098938,0.5628801892657749,-1.2927071417436662,0.19611236677726884,0.725653112721335
C20orf24,82.38213482931846,0.6620550488057948,0.512857341679318,1.29091463649119,0.19673327951492625,0.7267330668480378
STX5,16.376658882781506,0.6971401244599513,0.5401653351695134,1.2906050778715308,0.1968406543260116,0.7267330668480378
TMEM208,53.18695421644708,0.6092623806202266,0.47272482351158324,1.2888309441725305,0.19745686566424825,0.7284000974420101
ZDHHC4,16.09420214365543,-0.764528577860428,0.5936461094648746,-1.2878524185892342,0.1977973412635361,0.7284409995075938
C14orf142,22.674663593354335,0.6628762156569097,0.5146920589744491,1.2879083795808415,0.19777785819991656,0.7284409995075938
EIF3L,95.06358279752484,0.7959976648287708,0.6194205101782881,1.28506830456689,0.1987684162631368,0.7314082405423078
RECQL,20.594246060755996,-0.7033414253226165,0.5480271037840759,-1.283406277656907,0.1993497756773842,0.7329377039244143
DNAAF2,11.882680140607842,0.7203807920802104,0.5617579484966695,1.2823686678720514,0.1997133499511835,0.7336645737824623
DNAJC2,28.25826276678931,0.5658949241140235,0.441648385432038,1.2813245622090128,0.20007968900365325,0.7344003854466044
CENPU,76.80956501471432,-0.6134687257716555,0.4791847055481771,-1.2802343619666665,0.20046272437210422,0.7351962105288697
CHCHD1,57.94382890771358,0.47856509382328,0.3764220145768348,1.2713525651821194,0.2036032497592366,0.7352457923994843
NRBF2,20.237177869641947,0.6829632245369163,0.5339122593074515,1.2791675273064567,0.20083806828449757,0.7352457923994843
NR4A1,146.42392477853224,-0.9178864979637558,0.7187608636055866,-1.2770401734998158,0.20158806451661082,0.7352457923994843
PRPSAP2,9.957272812948087,-0.6663543546849198,0.5234796238099753,-1.2729327453761763,0.20304190828412316,0.7352457923994843
TPRKB,57.146504372162234,0.540381399938984,0.4232998714681857,1.2765924026026971,0.20174618549833756,0.7352457923994843
TMEM9,65.89723379176112,-0.8000809245985019,0.6293701433220157,-1.2712406730567491,0.2036430409814911,0.7352457923994843
NIPSNAP3A,11.936997752565972,0.6757412239428026,0.5297498079535499,1.2755855949306047,0.2021020489131643,0.7352457923994843
MPHOSPH8,33.540010655004465,-0.5734276868223949,0.45179554333370997,-1.2692194407036097,0.20436280919411598,0.7352457923994843
SLC31A1,13.262586791254543,0.602319068170478,0.47545069848437904,1.2668381182118869,0.2052131792200207,0.7352457923994843
ZMAT2,46.14390727631515,-0.8006074349014978,0.6293901990387052,-1.272036704931694,0.20336007818865642,0.7352457923994843
EIF2B1,15.196728866738445,0.6105179951742404,0.4792892427164278,1.2737986601035698,0.20273478016188262,0.7352457923994843
RAD51AP1,60.6397282462914,-0.6580120692068572,0.5166749316403506,-1.273551374203092,0.20282245454704806,0.7352457923994843
RORA,10.996941963173935,-0.9959527531048115,0.786095626696816,-1.2669613203292045,0.20516912075795235,0.7352457923994843
ZNF544,12.772010651008994,0.7620615642739423,0.5968055001699514,1.2769010407191812,0.20163718668441488,0.7352457923994843
NDUFA9,28.989213906961375,-1.1337485668618053,0.8946083732632016,-1.2673127155364174,0.2050434956578182,0.7352457923994843
UNC93B1,5.5356363464093015,0.7719514119654642,0.606535252866767,1.2727230747378058,0.203116326527241,0.7352457923994843
PXN-AS1,8.90683442547122,-0.7083641880221373,0.558304424101397,-1.2687776729734226,0.20452037043762028,0.7352457923994843
IK,47.4458114423378,-0.883691815251022,0.6981980254137312,-1.2656750421592395,0.20562944725258014,0.7352457923994843
PIGT,71.34555476206444,-0.876051300876104,0.69162027876087,-1.2666651452812618,0.20527504788996465,0.7352457923994843
PRRC2B,14.808109976139747,0.6431009934151017,0.5079507215644202,1.2660696522576773,0.2054881465253494,0.7352457923994843
ZFP62,6.902902719850273,-0.6928977181380338,0.5466219463568117,-1.2675995224050873,0.20494100258639203,0.7352457923994843
C1orf112,11.57830723503323,-0.7538087614743632,0.594702095185446,-1.2675401139108193,0.20496222969860922,0.7352457923994843
ATM,10.680627252561553,-0.911034458168294,0.7158866735304028,-1.2725959175570596,0.20316146800536083,0.7352457923994843
GPATCH2L,11.022518435449708,-0.6859015139321153,0.5402221403088011,-1.2696656851939485,0.20420374093247995,0.7352457923994843
TIMELESS,19.66023609073647,-0.5959016962838257,0.4706945747660615,-1.2660050237035194,0.2055112836789127,0.7352457923994843
CEBPG,30.858337214858512,0.7162636525337485,0.5643725639312873,1.2691326586544591,0.2043937539800723,0.7352457923994843
SNRPD3,157.39089412749763,0.6825174863339801,0.5362044474974158,1.2728680068198603,0.20306488377220955,0.7352457923994843
WDR1,46.14289772529235,0.6537585009961827,0.5135621249163163,1.2729881532885845,0.2030222457126878,0.7352457923994843
BTAF1,5.730679990457202,0.7331363734885012,0.5731126112525438,1.279218706924323,0.2008200500820102,0.7352457923994843
PITPNB,17.53606038182039,0.5560409531588171,0.4360474419575563,1.27518453189995,0.20224393488506043,0.7352457923994843
TOMM22,72.20026225765963,0.7455319566170568,0.5852229055570339,1.2739281896484138,0.20268886691696208,0.7352457923994843
ABI1,20.17776467023096,0.6286649026524196,0.49748617049495353,1.2636831733974738,0.2063437669923811,0.7354218222460126
TMEM230,96.67531367096754,-0.7658382194384604,0.6059526888859826,-1.2638581088672456,0.20628095991946516,0.7354218222460126
RTCA,22.059020124667455,0.6194301287578218,0.4899163612553584,1.2643589350039222,0.20610122510991602,0.7354218222460126
SDCCAG8,22.504517654744795,-0.7155462730937876,0.5661238607155504,-1.263939435778904,0.20625176585045157,0.7354218222460126
SYNE2,58.24325964753184,-0.5734270437908193,0.45421109410260424,-1.2624681590478386,0.20678037674467709,0.7357921209506892
THOC7,63.232048884574496,0.6588342030311249,0.5217384046292566,1.2627673124796854,0.20667281517035263,0.7357921209506892
PRDX4,102.35638517894236,0.83322902974551,0.6604431480798922,1.2616211284316576,0.20708514972245262,0.7362842582173696
KLHL28,8.51666215360679,-0.8018894607363279,0.6365302356998984,-1.259782200062513,0.2077479426799702,0.7380475104204886
MFSD3,9.553043113753336,-0.7867026281103722,0.6254053870345827,-1.2579083014308452,0.20842492111563116,0.7388563069528449
BRMS1,24.02656809925894,0.6055902075331577,0.48196929686809464,1.2564912567426376,0.20893791392592487,0.7388563069528449
SARNP,14.997753972684677,-0.9483058758636581,0.7553456418374603,-1.25545951858119,0.209311994712167,0.7388563069528449
ACTR3,72.94382755779935,0.6350568943899785,0.5056560667158634,1.255906803441612,0.20914976160809395,0.7388563069528449
TMEM222,17.96610856506722,0.631138242979605,0.5026557246881816,1.2556073908660375,0.2092583503981308,0.7388563069528449
CSNK1G3,9.009499697087318,-0.7667281629080184,0.6103573219844312,-1.2561955682208985,0.20904507315744025,0.7388563069528449
PDS5A,23.674867911770498,-0.6440955829205122,0.5121592321618046,-1.257608068884767,0.20853353379475337,0.7388563069528449
SERINC3,58.59140145336153,-0.8048616178232287,0.6399417208545757,-1.2577108064597189,0.20849636264418514,0.7388563069528449
U2SURP,64.89394380661523,-0.5008498802746648,0.39976424479936873,-1.2528631231790834,0.21025552444454865,0.7415950435552142
RYBP,15.556935215218877,-0.9065927835866823,0.7240340295400909,-1.252141124033291,0.2105184449775599,0.7419307427376474
CFAP20,16.014872044773778,0.5618225437433747,0.4493994479111215,1.250162959377928,0.21124002463387537,0.7421085218074907
C5orf45,6.314715551294029,-0.7098703530762049,0.5676238466613914,-1.250599947925847,0.21108046962425964,0.7421085218074907
ACAT2,37.76674709940166,-1.1164105536413589,0.8924227625351558,-1.2509884334078483,0.2109386974451225,0.7421085218074907
IRF3,17.64718773376169,0.6866217220907481,0.5491178947963119,1.250408570905236,0.21115033523911508,0.7421085218074907
PRCP,14.062790480212238,-0.7418016771874798,0.5942311018403889,-1.2483386932963474,0.21190704991610998,0.7431324896949872
TERF1,24.50923253369438,-0.6602217701913989,0.5295079721822323,-1.2468589801782644,0.2124492097086903,0.7431324896949872
ABCD3,19.795802739264428,0.6284555879344726,0.505967187620486,1.242087635939472,0.21420422985613907,0.7431324896949872
RPL35A,1002.5775632810864,0.7019132350298041,0.5627083210726658,1.247383784358792,0.21225680943009806,0.7431324896949872
HSD17B12,23.59759915112993,0.6388959943469836,0.513946799286327,1.2431169826024067,0.21382472856691026,0.7431324896949872
EXOSC3,21.621733280310867,0.6615728900174834,0.5318128581816608,1.243995664714632,0.21350115849855866,0.7431324896949872
TCTN3,15.24699456099369,-0.6053891000353704,0.4862532134275483,-1.2450079162830527,0.21312884035184954,0.7431324896949872
AHI1,19.998536944082126,-0.6506236137492607,0.5238749509469107,-1.2419444994902888,0.21425704009327073,0.7431324896949872
TXN,715.1040568576555,0.7418532098397682,0.5963815605734542,1.2439237878623124,0.21352761349435212,0.7431324896949872
TMEM219,109.01322909660026,-0.7228822870898463,0.5819012687937896,-1.2422765267178282,0.21413455291434447,0.7431324896949872
FAM13B,11.81576603182254,-0.6606479657779515,0.5320439031432872,-1.2417170122143646,0.21434099091252046,0.7431324896949872
FN3KRP,28.50783546000095,-0.7986645693644043,0.6415274623373053,-1.244942136155161,0.21315302081560972,0.7431324896949872
INTS3,10.741226175228105,-0.7238528925092693,0.5801172700132453,-1.2477699422614021,0.2121153191538233,0.7431324896949872
C16orf72,16.92198644021731,-0.7130695911611634,0.5727654203067708,-1.2449592204418458,0.21314674052229576,0.7431324896949872
GPATCH2,18.379281496728957,-0.5940963046785768,0.47840327244595837,-1.241831607131591,0.21429869838650206,0.7431324896949872
RIOK2,9.225022462171026,-0.7746704566995145,0.6224296732044549,-1.2445911402508791,0.21328207872492688,0.7431324896949872
NEU1,26.60949150763563,-0.5963340917889706,0.4802986032684431,-1.2415903101339527,0.21438775872729,0.7431324896949872
C1QBP,93.31457423411933,0.7482775730382762,0.6040004070702253,1.2388693190918267,0.21539389747717552,0.7434098114849149
ICAM3,16.468044648962497,-0.6172883912220017,0.49772817503835004,-1.240211871016624,0.2148970387435205,0.7434098114849149
MRPL36,65.7699736561107,0.6315863991308867,0.5095539292163982,1.2394888213346766,0.2151645260612317,0.7434098114849149
SPPL2A,37.17968980251062,0.49309765940513156,0.3975201476560402,1.2404343837983052,0.21481476989999748,0.7434098114849149
SAR1B,55.45736673453931,-0.6132439641382289,0.494769661471852,-1.2394534505489623,0.21517761739564412,0.7434098114849149
SRP9,332.6300332308058,-0.5741640211160626,0.46384313490493645,-1.237840937828553,0.21577504565386008,0.7434098114849149
C1orf122,25.16016201169591,0.7162466012909822,0.5786727876464607,1.2377402507625295,0.21581238931644375,0.7434098114849149
GCA,17.31220407208081,-0.5901930120302865,0.47649635863373735,-1.238609700444622,0.21549007394159192,0.7434098114849149
PHF12,9.503888442480408,-0.7300289045536831,0.5906467070572669,-1.2359823492301334,0.21646512471837998,0.7447417068344894
PTPN1,22.02321940450837,-0.7291410555153359,0.5902409698428166,-1.2353277606424184,0.2167085460647038,0.7447417068344894
GNG5,277.1034667929606,0.7058232427911817,0.57187966222123,1.2342163735106495,0.21712228774892184,0.7447417068344894
KATNA1,12.361880722374485,0.5651174693210048,0.4574477604167014,1.2353705017731953,0.21669264594534465,0.7447417068344894
CCDC53,30.592044951123746,-0.6254572085938035,0.5068332139646858,-1.2340493704056714,0.21718450790998423,0.7447417068344894
GINS4,10.513490635593522,-0.8091125164284623,0.6561012991015147,-1.233212794329909,0.21749638317008502,0.7447417068344894
POGK,11.800082895564714,-0.7456709392840064,0.6047224765654716,-1.2330795830825625,0.2175460739837577,0.7447417068344894
NUP54,14.28144989267922,0.6450415219425681,0.5228212098075748,1.23377076109819,0.21728833761369348,0.7447417068344894
MGMT,40.2939155874057,-0.806902129311183,0.6555162980872763,-1.230941368911244,0.21834479370697268,0.7458657533807203
RBMX,96.4537871504884,-0.5670073266393906,0.46041448079377556,-1.2315149724696843,0.21813032030227886,0.7458657533807203
FLAD1,28.821279212184027,0.5521528053017694,0.4485960285342463,1.230846396714405,0.2183803189301453,0.7458657533807203
STOML2,58.26197947964604,0.5495430002493508,0.4471730595823935,1.2289268963621345,0.2190992161094455,0.7477436981883313
ATG101,31.36451531037024,0.6328906272709203,0.5153582554743773,1.2280595499306723,0.2194246142028583,0.7482768455044274
SLC39A7,28.284457677595146,0.6195856280339335,0.5050197821286354,1.2268541747462014,0.21987740475327366,0.7492432675067253
ECD,10.8157447534662,-0.6618797501379566,0.5397893765206645,-1.2261815050978837,0.22013037958283033,0.7495278436450028
DNAJC8,76.34988840702621,-0.8376432172898274,0.6833961487793652,-1.2257066692371146,0.22030907957666968,0.7495592761289308
SLC30A5,20.403111709238225,-0.5878428325150064,0.48078036343183883,-1.2226847792179973,0.22144877803964913,0.7517021836295995
TMBIM4,51.95390210699052,-1.1459485643399097,0.9366859054491856,-1.2234075026359796,0.22117582102481848,0.7517021836295995
SIGIRR,53.21822497352796,-0.7986241655256293,0.6529825950531879,-1.223040509158714,0.22131439637753536,0.7517021836295995
CASP6,17.636757401064514,-0.7441813701153998,0.6092587713912052,-1.221453682835139,0.22191429219041248,0.7521997483935531
PPP2R5C,29.451185026584245,-0.8404253780492618,0.6881168087900588,-1.2213411550387976,0.22195687723347635,0.7521997483935531
TBC1D10B,8.759592778979048,-0.6867731843653131,0.5624915691343904,-1.2209484053639732,0.22210555537010634,0.7521997483935531
WBP2,30.25183866166779,-0.8059500408966203,0.6607914681833287,-1.2196737998333522,0.22258855752198548,0.7528741731728477
PSMA3-AS1,22.118059098834273,-0.8186608164851412,0.6712950224283182,-1.2195246339288313,0.22264513192631352,0.7528741731728477
NCK1,9.555547284643152,0.652256031069839,0.5351744029786344,1.2187728475793318,0.22293041987219298,0.7532629847935137
COX17,169.4914553219241,-0.7458585491333564,0.6123437587160679,-1.2180389503719866,0.22320917150077912,0.7536291340060658
OIP5,17.117170759487884,0.6589734378691257,0.5418275656500835,1.2162050800765198,0.22390680901198357,0.7548321770274415
GNB1,28.48643513062509,0.6464175134046867,0.5314045114479745,1.2164321142914725,0.22382035661692967,0.7548321770274415
CLN3,33.08747102186735,-0.7309090918095829,0.6017901238807923,-1.2145581371394647,0.22453466357807472,0.7554239166719244
LARP7,40.48111912234719,-0.7099907659731169,0.5846613420045706,-1.2143624265268533,0.22460935676349036,0.7554239166719244
CRIP1,64.91082240469274,-0.7490551868662138,0.616961863106592,-1.2141028994798666,0.22470843294785403,0.7554239166719244
PREB,20.944222753999586,0.5760729599782086,0.4745428899897074,1.2139534110198205,0.224765515338063,0.7554239166719244
MPC2,176.0440171075914,-0.7650045415337033,0.6326834111125962,-1.2091427214575072,0.22660801870799452,0.7588934629096011
NGDN,21.977058587399423,-0.5973060687208268,0.4942246281154691,-1.2085720434419025,0.22682730227594228,0.7588934629096011
ILF2,167.65533003977814,-0.5816985471855154,0.4809506189332773,-1.2094766578649834,0.22647977348127202,0.7588934629096011
HSD17B4,19.527178615261043,-0.6570665282610416,0.5432761431699359,-1.2094522031229933,0.22648916334411673,0.7588934629096011
CRBN,22.98624965399414,-0.6423646420976009,0.5313159175465562,-1.2090069596706827,0.22666017159007612,0.7588934629096011
ISCA1,27.821340786019352,0.526481918617496,0.4355015278511868,1.2089094640269498,0.22669762981709396,0.7588934629096011
DYNLL2,10.128736949111433,-0.7159583229984593,0.5927856995950849,-1.2077860911413858,0.2271295528636963,0.7592285794773165
RPS27L,168.2740605331329,-0.6445692266006701,0.5338404993243502,-1.2074191212852203,0.22727077531719808,0.7592285794773165
NF1,11.631680788406886,-0.7184973784491671,0.5956548490602818,-1.2062310574365076,0.22772841196289073,0.7601832197070685
CAMLG,43.98410002324589,-0.6525090260952858,0.5412761943787009,-1.2055010600350946,0.22800992905284678,0.7605489564108155
PUM3,15.903968482012061,0.6275535594788771,0.5211030902274708,1.2042790980282594,0.2284817226861815,0.7607481790357531
PRR34-AS1,12.293738576303028,0.967115518102011,0.8035422250319292,1.2035652738268758,0.2287576482291548,0.7607481790357531
ARHGAP11B,12.380725584136128,-0.7423443377968453,0.6163585917458889,-1.2044033258205924,0.22843372721358546,0.7607481790357531
NOP16,21.215422301815046,0.5451538422652206,0.45289706793420087,1.2037036246488204,0.22870415081328244,0.7607481790357531
TRAF3IP2,5.471238178401532,0.7517695337374922,0.6250056254822635,1.2028204276680163,0.22904581801440216,0.7611342247015032
SEP15,70.2536860676382,0.48340442311753945,0.40237917124098266,1.2013654226352368,0.22960948274464377,0.7615535274441413
METTL2A,10.521812279699445,-0.827449554502662,0.6888744896068398,-1.2011615569839302,0.22968853846043058,0.7615535274441413
BBS7,7.947919547410362,-0.821042874839356,0.6835182479434034,-1.2012011051785993,0.22967320081336384,0.7615535274441413
COX11,15.12133999135952,-0.9011073981246482,0.751027356934527,-1.1998329885115022,0.23020420954740584,0.762691549684027
HDAC6,8.33112120365096,-0.7088618162382151,0.5912891753127238,-1.1988411860631627,0.23058970441662108,0.7628259256804151
GIT1,6.0176427984547445,-0.7156190637842208,0.5968523563222375,-1.1989884201744891,0.2305324483153497,0.7628259256804151
SPTSSA,101.13872478624099,0.7256156291817532,0.6058779017896093,1.197626827184931,0.2310623273318172,0.7634343334552018
CCDC77,5.376387222244316,0.762390989280891,0.6367642331220521,1.1972892785495999,0.23119382187576187,0.7634343334552018
TACC3,26.72203947588911,-0.7116280351098886,0.594630815952694,-1.1967560644662292,0.23140164763139282,0.7634343334552018
NT5C2,8.083012998007556,0.6768324047993943,0.5656314853030263,1.1965960565946823,0.23146403824630923,0.7634343334552018
CETN2,32.17194408600056,-0.5912873681637751,0.49534130210043664,-1.1936968826473595,0.2325965603616975,0.7648881683864596
AASDHPPT,25.170554383189405,0.6319485813955115,0.5289576430917018,1.1947054544893965,0.23220213061549355,0.7648881683864596
SGOL2,26.800348242484024,-0.6698258182561705,0.5609226052976544,-1.1941501589167127,0.23241923543920928,0.7648881683864596
IFITM1,145.6684389506197,-1.5336070695268238,1.2844030242133095,-1.1940232470771008,0.23246887458686238,0.7648881683864596
LAMP1,79.40209240687071,0.715217895383802,0.5994311480332191,1.1931610456521795,0.2328063074172888,0.764917732524281
MRPS18C,50.448146693508576,-0.7704298698354056,0.6459054387631793,-1.1927904978020831,0.23295143244635008,0.764917732524281
EXOSC1,25.56603078349145,-0.7186256933867651,0.6028770694741896,-1.191993740968665,0.233263699481987,0.7653748833893387
IFRD1,26.513591321499746,0.7362514648090055,0.6184807292000253,1.1904194100943306,0.2338815878192706,0.7668334046883868
MXI1,5.328851850154306,0.6944493904321695,0.5848017854070707,1.1874953321983703,0.23503229668936065,0.7681906111975819
PNRC1,45.826090781555656,0.6452878493777804,0.5431801522749796,1.1879812741226778,0.2348407873393693,0.7681906111975819
ZNF791,14.114093488091399,-0.7711820291400031,0.6487418078981358,-1.1887349015451345,0.23454400194615033,0.7681906111975819
RAB10,58.462324693701554,0.5516983133130284,0.464720534963222,1.1871614697566353,0.23516393569105265,0.7681906111975819
MYD88,8.611997188902597,0.8469252163430627,0.7130274387072322,1.1877876928251125,0.23491706433864312,0.7681906111975819
ANKHD1,5.950789001887541,-0.8001901972100282,0.6747576819550684,-1.1858926820833324,0.2356646834801528,0.768447346267204
NECAP1,12.933657285827167,-0.6113115814427088,0.5155900168727003,-1.1856544181181115,0.23575880233048796,0.768447346267204
MED28,24.015921826300513,-0.5719999153325369,0.4824390172322495,-1.185641904782283,0.23576374607384032,0.768447346267204
MRPS7,74.56682146804135,-0.7029621582140673,0.5936170872459452,-1.1842013535618097,0.23633336646581282,0.7697367303963845
KMT5A,8.252192661788161,0.6082132016916157,0.513939157568514,1.1834342504064481,0.23663708993523414,0.7701588291269614
PPP2R4,21.42739657111669,0.5770774160627146,0.4879050556974001,1.1827658051992382,0.23690197612106556,0.7702605620479037
EDARADD,10.378521917551193,-0.9721167177151212,0.8221022890789512,-1.1824765976557978,0.23701664592973026,0.7702605620479037
ARMC10,23.970386901194683,0.5626621421557559,0.47614523854635404,1.1817027591697302,0.23732366314777387,0.7706920426597678
DAP,34.05487838886081,0.6127963290216586,0.5217784806947257,1.174437719634866,0.2402197442952233,0.7726832301632464
ABHD13,9.019974063318838,0.7039425335969444,0.6010318015449548,1.171223439071705,0.24150897615394673,0.7726832301632464
ARGLU1,49.40784579310498,0.6196500362268506,0.5276965721327168,1.1742544275444096,0.24029313118459217,0.7726832301632464
CENPT,11.933121777470518,0.6440211430608976,0.5488728172299802,1.1733522281374884,0.2406545860215853,0.7726832301632464
MRPS5,19.593727145901532,0.563965659424456,0.47912377980612164,1.1770771629257595,0.23916470923559052,0.7726832301632464
FAM46C,8.739538060191,-0.8332612931306567,0.7063548640649798,-1.179663842527178,0.23813394007553224,0.7726832301632464
HIPK2,10.563797537946872,0.6724006556880999,0.5734408068679266,1.1725720381859144,0.24096746798060165,0.7726832301632464
C5orf56,5.506398392362703,-0.839222172276891,0.7134339411897864,-1.1763137745834307,0.23946951337762457,0.7726832301632464
KCMF1,10.5781758632514,0.5968541977613795,0.5079232407656457,1.1750873948230425,0.23995975313050122,0.7726832301632464
C11orf58,137.11267268220567,-0.5290597052873849,0.4518080325765526,-1.1709833981265994,0.2416054504444426,0.7726832301632464
ZBTB7B,11.484058958499778,0.824638987432488,0.7041497926389184,1.1711130160842855,0.2415533526282262,0.7726832301632464
COPZ1,78.41590676172262,0.4853210433935752,0.4117601698058442,1.1786498038953521,0.23853765118197012,0.7726832301632464
SMC2,76.32841635166876,-0.6773972879737787,0.5780176352920903,-1.171931869572576,0.24122441063671995,0.7726832301632464
RAD50,26.803434806407825,-0.6343901045959127,0.5387229819686157,-1.1775812909961771,0.23896357210023367,0.7726832301632464
RERE,17.095461365857382,0.5325460025898007,0.4531436972853064,1.175225443452436,0.23990453350895402,0.7726832301632464
MAFF,37.85362749555736,-0.6192034462905491,0.5282062932911075,-1.1722757834490452,0.24108635093316355,0.7726832301632464
PUS7L,15.981580180768082,-0.5831298508307377,0.4962814654105946,-1.1749982448937313,0.23999541797246593,0.7726832301632464
STAT1,32.81408307541225,-0.8934316350969946,0.7580534937471758,-1.178586527819592,0.23856285878268235,0.7726832301632464
TRAPPC3,43.718557559300706,0.5887813814851024,0.5013102581886203,1.1744850057777407,0.2402008143288048,0.7726832301632464
MLH1,14.448362107400275,-0.6314350346496966,0.5388489450217224,-1.1718219743832696,0.241268538348692,0.7726832301632464
RPS18,2556.675193699557,0.7031596709236226,0.5985790712309792,1.1747147615394793,0.24010885163027562,0.7726832301632464
CAT,20.16804612649974,-0.6270532363066201,0.5359951501840748,-1.1698860261912323,0.2420468380478661,0.7731786836797588
PSMA1,69.31159747377424,-1.0297947665626548,0.880395315103724,-1.1696958728606242,0.242123379615806,0.7731786836797588
YKT6,12.853623656585105,0.6574663942032823,0.5622758959679942,1.169295000760101,0.24228479664936597,0.7731786836797588
RAD18,14.939250464244603,-0.6467049466885635,0.5539199244704369,-1.1675062010214412,0.24300600556308727,0.774921097768951
GNAS,142.42470008451795,-0.526282570673083,0.4511183114252871,-1.1666176196889857,0.24336482456572672,0.7755062096932344
DSTN,346.37416961714786,0.6533122118246338,0.5602353401605854,1.1661388794883398,0.24355829943159923,0.7755639729200601
SPRTN,8.666151172988698,-0.5894378905803441,0.5100394977337646,-1.155671067043566,0.2478157270133049,0.7759050046656343
UFD1L,51.10440318218088,0.5353759700863118,0.4612764631830654,1.160640121093364,0.24578828217793025,0.7759050046656343
RAB5A,26.29481522395066,0.5880633826686128,0.5077836140738816,1.1580983835824419,0.24682388957840573,0.7759050046656343
SLC26A6,4.89944615421234,0.731372341159201,0.6322983855947283,1.1566886106648613,0.2473996045751493,0.7759050046656343
CREB3,21.51594610996767,-0.5299118289384973,0.45858976484228786,-1.155524762138417,0.24787559837045925,0.7759050046656343
ATP6V1G1,271.38682141323704,0.43286786708998287,0.3737646642590457,1.1581294554639185,0.24681121120069915,0.7759050046656343
SLC25A5,478.4252906130878,0.4645925522233266,0.4019633080039544,1.1558083610426355,0.24775955233398717,0.7759050046656343
TMEM263,12.327981030206773,0.5969252835007033,0.514529467300911,1.1601381872879304,0.24599254865584708,0.7759050046656343
DR1,24.851074093210453,0.5234738663959865,0.45134766915317726,1.1598018604552298,0.24612948645807398,0.7759050046656343
AKAP13,17.65674183196851,-0.9731935610643301,0.835861768287705,-1.1642996461699098,0.24430259990957526,0.7759050046656343
TXNL1,61.14576664355593,0.5344893110999218,0.4617384261906046,1.1575586539537555,0.24704419030204805,0.7759050046656343
UBXN1,62.90253151215453,0.5210637801083949,0.44780256832223747,1.1636015891124567,0.24458550712353821,0.7759050046656343
ELOVL1,29.172916859626987,0.6479932570072532,0.5606785077078412,1.1557305088371783,0.24779140494577845,0.7759050046656343
TFAM,31.91941742191001,0.5415739035237679,0.4656037652015089,1.1631647851674478,0.24476265111024764,0.7759050046656343
HMMR,49.17257461061568,-0.5601106805068349,0.48368616485111715,-1.1580043449852278,0.24686226328392624,0.7759050046656343
BZW1,99.12625893433031,-0.6080371906537578,0.5259566179522305,-1.1560595872357333,0.24765678467800412,0.7759050046656343
NVL,15.578602924965612,-0.6826663087578458,0.5896016765124543,-1.1578432286622335,0.24692801866484992,0.7759050046656343
POC1B,6.8908090356198555,-0.6629005993822282,0.5700097594863186,-1.1629635955349622,0.24484427299332678,0.7759050046656343
E2F7,6.625337557247202,-0.7889607085134842,0.6820649794868677,-1.1567236733178068,0.2473852744977466,0.7759050046656343
RPP21,21.99226502423754,-0.7552826282762709,0.6493676617634315,-1.1631047752288977,0.2447869949195709,0.7759050046656343
UQCRHL,53.249164549305966,0.7571948072101681,0.6549387541725522,1.1561307105223997,0.24762769610392044,0.7759050046656343
MIIP,12.510032929106906,0.638305818356748,0.5500508310213436,1.160448784654195,0.24586613423134163,0.7759050046656343
CRELD2,29.149664143598066,0.6207793383459975,0.5342101053376493,1.1620509087031063,0.24521478650605633,0.7759050046656343
TANK,28.659374111247878,-0.9458054708464583,0.8157380998402015,-1.159447463630467,0.24627383939185288,0.7759050046656343
SLC35E3,12.258631091302188,-0.7239351696089288,0.6275783092759327,-1.1535375887101127,0.24868979842645889,0.7760582144252512
THAP9-AS1,15.990639496544352,-0.8497494047297844,0.7372927649267607,-1.1525264388213476,0.24910481178748933,0.7760582144252512
JADE1,9.08318542382413,-0.5539926206022896,0.48045390372221836,-1.1530609207467044,0.24888538032694574,0.7760582144252512
ERBB2IP,17.036003247691603,-0.5862439397526235,0.5086147598331754,-1.1526286416558384,0.24906284197680917,0.7760582144252512
RPL29,1204.5950358486837,0.8129627979966322,0.7046140181426785,1.1537704006223928,0.24859431231926132,0.7760582144252512
AGPAT5,7.0951184317064175,-0.7921279165063027,0.6863434754192429,-1.1541275540245253,0.24844787830457093,0.7760582144252512
WDR77,12.131712304800555,0.5841978415954606,0.5069358990988655,1.1524096885502424,0.2491527615835082,0.7760582144252512
ZNF672,13.89901345532753,-0.5968118638407268,0.5184344761203641,-1.151180894270168,0.2496578235757938,0.7770841334804616
COX6A1,450.60921960305166,-0.5722473750727052,0.4984591778732952,-1.1480325781425704,0.25095511517172087,0.7801082535285331
ATF2,10.654622081858408,-0.7785171239565216,0.678927699616154,-1.1466863473042457,0.2515112750467303,0.7801082535285331
FAM208A,13.545528307320348,-0.6702458447420827,0.5845052072383222,-1.1466892620321878,0.25151006997550684,0.7801082535285331
STOM,31.015433664329883,0.6488712529956542,0.5656309630457397,1.1471636020448606,0.25131401150749844,0.7801082535285331
RNF40,12.899321978000476,-0.5471631380213356,0.476744646912127,-1.1477069361246297,0.2510895668456209,0.7801082535285331
PCGF1,11.207797608308162,-0.6121989136228613,0.5348395431649235,-1.1446403345574676,0.25235817674828587,0.7807139085293991
CAST,56.21226558338547,0.628673385755788,0.5489263409240529,1.1452782256677467,0.25209392285148025,0.7807139085293991
WIPF2,19.36261266619293,-0.5558218502461684,0.4854839750976491,-1.144881970891772,0.2522580533463268,0.7807139085293991
PI4K2B,6.6249626830439725,-0.7912292247797528,0.6913263214199598,-1.1445090404696237,0.25241259082004086,0.7807139085293991
YDJC,21.522050286040475,0.6126175323024136,0.5356674285155087,1.143652758578501,0.2527676724613147,0.7812658387815479
SAP18,169.82871068527805,-0.5900915888603521,0.5169990162780985,-1.141378552532751,0.25371242589919696,0.7825453694226975
SNRNP25,76.62811689390509,-0.6541758494999469,0.5729259654832539,-1.1418156776123072,0.25353064428573036,0.7825453694226975
C8orf33,26.929068185434964,-0.8483022752396756,0.7430732806837936,-1.141613212709045,0.25361482949677594,0.7825453694226975
SMG1,34.25452017906834,-0.6721543252197674,0.5900775149881503,-1.1390949631986322,0.2546635480834102,0.784931618935835
PPP2R3C,14.812828565624045,-0.7823497666101165,0.6871615585496613,-1.1385237676294953,0.25490184010902284,0.7851189685252145
HSPE1,360.90160093940233,-0.5719684168456091,0.5026317974519598,-1.137947140919345,0.2551425551387144,0.7853135152251454
P4HB,211.71435449384927,0.7566501162235745,0.6652628270904107,1.1373702022896044,0.25538355851064687,0.7855086782285056
EXO1,8.192943369643789,-0.6156811154554852,0.5416176674992723,-1.1367448892466425,0.25564494787523573,0.7857662296401443
SCP2,96.58288003838989,0.458594829857979,0.40392883489022247,1.1353357082878555,0.25623468614357525,0.7859403722697874
SEPT7,122.32654822349586,-0.6210067795389103,0.5467793191599184,-1.1357539646763457,0.25605954849540513,0.7859403722697874
RDH11,24.873071890102096,-0.6270900532284291,0.5520049639116498,-1.1360224893354347,0.25594715226877196,0.7859403722697874
BOP1,12.840710238062144,0.7064937288602308,0.6226412398331601,1.1346722376589435,0.2565126736659673,0.7861349079727227
HSPA1A,551.7468424820254,0.8923322797235995,0.7899365324015664,1.1296252839588636,0.2586341524213679,0.7861349079727227
POLR3K,57.10221482861791,-0.5223104891871266,0.4622319322978269,-1.1299749166844444,0.2584867940141804,0.7861349079727227
ABT1,14.222573062457723,0.5700745639046974,0.50346752610326,1.1322965918317769,0.25750976249450686,0.7861349079727227
MKNK2,24.22781984036755,0.6675714837092477,0.5906371574080218,1.1302564956103471,0.258368160304272,0.7861349079727227
CD320,22.157682399715245,-0.5710499107467466,0.504929753332467,-1.1309492201200178,0.2580764650437316,0.7861349079727227
CXXC1,6.957331788458939,-0.712315663591642,0.6309788875132926,-1.1289057014235455,0.25893761539604965,0.7861349079727227
TRAPPC1,79.56436929990548,-0.5197663854118922,0.4587999435931162,-1.1328824091418017,0.2572636380828762,0.7861349079727227
PRR13,124.88948316739554,-0.5634876774701901,0.49866001116911146,-1.130003739720556,0.2584746486731879,0.7861349079727227
DUSP12,15.411043008811308,-0.6251277935877418,0.5527592200382448,-1.1309224178015338,0.2580877468247853,0.7861349079727227
AGTRAP,45.44622240706194,-0.6441915528685609,0.5706654512746094,-1.1288427421525644,0.25896417836677754,0.7861349079727227
TLK2,6.537087677041477,-0.6936967301351646,0.6127665614461651,-1.1320734089960778,0.2576035731583819,0.7861349079727227
YIPF4,27.30091112350347,0.5257869702636786,0.4637508277365424,1.1337704189767592,0.2568908623096823,0.7861349079727227
HJURP,11.697090249683267,-0.6841549109755798,0.6033067135611214,-1.1340084497605505,0.25679100362510554,0.7861349079727227
BCL2L12,38.479178074849656,0.6102024084525862,0.5387703774415092,1.132583441855676,0.25738922534901,0.7861349079727227
CFAP97,23.383402708798364,0.5174832073706815,0.45927013789884247,1.1267512617697364,0.259847662267526,0.7875505379489578
MTCH2,74.60356002434364,0.4678816674525702,0.4153503886612219,1.1264746108958024,0.2599646813035221,0.7875505379489578
CTR9,14.884652430111284,-0.5520439654395852,0.4899991795590742,-1.1266222240133994,0.2599022387019463,0.7875505379489578
PES1,13.40134377282681,0.5163974380782238,0.4587213260249808,1.1257323537866257,0.2602788247817296,0.787610930940007
CLTA,113.4440982722903,0.5549484341737793,0.4931583416992185,1.1252946310543135,0.26046420408561133,0.787610930940007
CLNS1A,62.13263498335768,0.5561943875351331,0.4943222098770787,1.1251656842880677,0.2605188315544269,0.787610930940007
USO1,26.00990721942884,0.6266226444567162,0.5572718329731479,1.124447006613575,0.2608234399357554,0.7878998445843137
FAM103A1,33.874121351669274,0.5368174638854172,0.4782024626108447,1.122573608162852,0.26161862939047986,0.7878998445843137
SRSF11,112.17539323845077,0.4354424163357884,0.3878972964858074,1.1225714133115146,0.26161956200664893,0.7878998445843137
RFC5,16.06146140810633,-0.6593240681876791,0.587412126063326,-1.1224216166702023,0.26168321765642255,0.7878998445843137
TMEM203,8.00929302919771,0.6552630928704056,0.583123284153343,1.123712790549609,0.2611348884977167,0.7878998445843137
ALPK1,4.969678705865077,-0.6846661634479999,0.6094218533833271,-1.1234683489719626,0.26123863569015526,0.7878998445843137
CLOCK,9.87682764838162,-0.6633433662453897,0.5915559068684724,-1.1213536346157704,0.26213736375702823,0.7881941263748035
UROD,20.684217866913563,-0.492363601061606,0.43894377544378427,-1.121700838709497,0.26198965983388256,0.7881941263748035
DEF8,9.757233407055718,0.6305210100017755,0.5625672925161523,1.1207921583597436,0.26237634281336675,0.7883767420268486
CTBS,14.8116643470551,0.5767371722563351,0.5154854673164005,1.1188233399843626,0.26321551240639685,0.7893554612715918
PDK3,8.763496049387411,0.6366653626500434,0.569256734028419,1.1184151624252179,0.26338972152492823,0.7893554612715918
ASF1A,15.188599510225803,0.6391254153201074,0.571441620507366,1.1184439361498502,0.2633774383682206,0.7893554612715918
CNOT2,25.063879905713556,-0.4959421909688967,0.44345734265205733,-1.1183537699544186,0.2634159305532149,0.7893554612715918
TYMP,34.42661680624117,0.6409207108753404,0.5747803134137369,1.115070742539497,0.2648201079038337,0.7899574282279568
CCND3,25.341179624496284,0.48093754495455626,0.43183302383977007,1.1137118247190985,0.26540283480595606,0.7899574282279568
TAOK3,18.544043673457697,-0.6495935070563971,0.5822983473425526,-1.115568179131816,0.26460701931359343,0.7899574282279568
DEPDC1B,15.17932933637124,-0.5826578658331681,0.522608991273301,-1.1149021076226842,0.26489237344498096,0.7899574282279568
GNPAT,21.61862551936891,-0.48938376315741366,0.43895201548036317,-1.114891254393401,0.2648970248717668,0.7899574282279568
CAMKK2,6.050995314021828,-0.6258303074786263,0.5605274382742454,-1.1165025380477993,0.2642070843918448,0.7899574282279568
ELOVL5,75.29380925905218,-0.6421887260553516,0.5747501263370308,-1.1173355109082221,0.2638508974672986,0.7899574282279568
PSMC3,80.38420650970644,-0.6638564577771849,0.5946597433611223,-1.1163635426621459,0.26426655237185437,0.7899574282279568
TPM3,213.1582301983247,-0.49018921726405557,0.44009174821842,-1.1138341476486215,0.2653503445250883,0.7899574282279568
ATP5G3,267.5149844388805,0.5393612780823128,0.4841578646020246,1.1140194500933391,0.2652708425776391,0.7899574282279568
PDHA1,25.702730116199298,0.5954638591485526,0.5351310950376817,1.1127438952255662,0.2658184375118222,0.7906623733118961
DDOST,64.95230285461302,0.719224611732471,0.6481923859543135,1.1095850974453811,0.26717785593988996,0.7908108816290639
THOC1,9.508531152437257,-0.5637090846869165,0.5082027306746107,-1.1092208889523756,0.2673349033342368,0.7908108816290639
SMCHD1,21.900242222145884,-0.560133800917847,0.5060353397362823,-1.1069064884080186,0.26833436032071833,0.7908108816290639
NAMPT,47.788462803722766,0.6542876896922636,0.5912329784490509,1.1066495164201102,0.26844548990619876,0.7908108816290639
PSMB6,125.341681077655,-0.6188544876478717,0.5579654807393415,-1.109126834921487,0.2673754699206601,0.7908108816290639
MAN1A2,19.596310373749024,0.548269422753772,0.4980648642310223,1.100799237465309,0.27098404371709917,0.7908108816290639
AKIRIN2,16.600255846620477,0.5839735049869562,0.529453397399465,1.102974327590076,0.27003831398937217,0.7908108816290639
NANS,71.25484365828797,0.5820568119002847,0.5275399997386225,1.1033415706651122,0.2698788602449055,0.7908108816290639
TAF5L,5.417783846233495,-0.6922259269099158,0.6245278365614949,-1.1083988357046672,0.26768960752249893,0.7908108816290639
RAB1A,52.42078546862615,0.5581813454713443,0.5054928918760182,1.104231838750067,0.2694925816930116,0.7908108816290639
CGGBP1,26.323311298360363,-0.5947236660731083,0.5375405750229295,-1.1063791157490568,0.2685624609608518,0.7908108816290639
TM9SF2,47.08879022324948,0.4800771476390058,0.43584492580151996,1.1014861461473773,0.27068513076577516,0.7908108816290639
ANXA7,58.55123744165529,-0.5332565044559338,0.484496807243434,-1.1006398731292373,0.2710534244968711,0.7908108816290639
RPS25,825.4948977053866,0.752957593023787,0.6824271941419473,1.1033522689120283,0.2698742161276,0.7908108816290639
KLHDC3,26.1983634505049,0.5526475352360765,0.5009909384651627,1.103108844501597,0.2699799004206137,0.7908108816290639
NDUFS6,140.9606251915891,0.6668196925744447,0.6048180182552586,1.1025129418234674,0.2702387352359268,0.7908108816290639
SRPRA,23.47876373311282,0.609331940513192,0.5520852579913025,1.1036917427032462,0.26972687875843027,0.7908108816290639
ISG20L2,23.12692957187905,-0.48748732866272176,0.4426780233901217,-1.1012232433167588,0.27079950800081576,0.7908108816290639
C20orf196,8.446788756037789,-0.7606137886266447,0.6903173769607797,-1.1018320181585968,0.27053470780288835,0.7908108816290639
NMI,12.377941794400082,0.5656230537886322,0.5135047444887894,1.1014952828755813,0.27068115638042567,0.7908108816290639
AREG,65.69291306139539,-1.008931841911189,0.912412557555069,-1.1057846952641208,0.26881972090147,0.7908108816290639
RHOT1,11.612229390768208,-0.5782088939123958,0.5251293885519059,-1.101078908394104,0.2708623157369259,0.7908108816290639
ASAP1,18.23425790221898,0.9144045983389953,0.8287516669072054,1.103351745585545,0.2698744433027581,0.7908108816290639
NFE2L2,29.4960502540613,-0.5716792551060492,0.5146838932251645,-1.1107385768840259,0.26668089210324475,0.7908108816290639
CCNL1,68.39493333614026,-0.598595937926345,0.5382642891506192,-1.1120855497787698,0.26610136911482185,0.7908108816290639
PFDN1,29.150967615306364,-0.48364923254892955,0.43842782758262977,-1.1031444678492197,0.2699644325394257,0.7908108816290639
TVP23B,17.010432075849483,-0.7126866980727601,0.643197814326702,-1.1080365669755872,0.26784602392434786,0.7908108816290639
SOX4,111.61129455226994,-0.6242462263344147,0.562261000343127,-1.1102427981906275,0.26689441488021526,0.7908108816290639
SNX3,91.8128069492195,0.5325270761597548,0.4837568303450989,1.1008156221378096,0.27097691118401357,0.7908108816290639
BCL7C,46.183091113377216,-0.6776500338962379,0.616579780780793,-1.0990467981906735,0.271747653817594,0.7908372461174288
NFATC2IP,25.002359397475082,-0.5263245299756545,0.4791724497993222,-1.0984031535954948,0.27202848594165463,0.7908372461174288
KIAA0907,20.570578233313693,-0.5666375084726317,0.5171444151946859,-1.0957045881648233,0.27320807417305704,0.7908372461174288
IMMP2L,13.442622136459814,-0.6434710155951864,0.5869716110927923,-1.0962557701848759,0.27296685945747834,0.7908372461174288
PTTG1,214.72799954689376,-0.5676722801626728,0.517911021574544,-1.096080709842485,0.27304345561944054,0.7908372461174288
SUGP2,16.111232719896098,-0.4875395468924484,0.4443627785250909,-1.0971655828390214,0.27256901536380107,0.7908372461174288
CTDNEP1,13.434872696049979,-0.6631129046546341,0.604886466033603,-1.0962601114269213,0.2729649601707612,0.7908372461174288
CBWD5,20.34569582901626,-0.7317454544639741,0.6676928383149218,-1.0959312613127679,0.2731088571811844,0.7908372461174288
SLC25A17,20.226296990067944,-0.6387174194806267,0.5812168911452629,-1.0989312754177902,0.27179804357227677,0.7908372461174288
ZC3H11A,26.722181714138742,-0.5502943740182277,0.5017112120927507,-1.096834913700305,0.27271356488707776,0.7908372461174288
BST2,175.36165129532787,1.480613869958989,1.346240008348263,1.0998141941833928,0.27141308656936347,0.7908372461174288
PNRC2,74.92473504997118,0.4977432192539345,0.4540122828587465,1.0963210425053493,0.27293830387140217,0.7908372461174288
SEH1L,9.391035471306557,0.6176735887014977,0.5643286215061356,1.0945281971575174,0.27372338757576,0.7918106888473423
CKAP2,43.84179742929899,0.5048217715231395,0.46200449350691586,1.0926771895468212,0.2745355583848891,0.7936410292394538
H2AFJ,359.77911514952314,-0.9843373699588981,0.9021280263795566,-1.0911282447451125,0.27521645610198553,0.7945707476103668
GMPS,37.745594401376366,0.5315280135963661,0.48709527463212654,1.091219811150492,0.2751761725712546,0.7945707476103668
QTRT1,21.282159198613023,-0.5459324379980814,0.5006908250130729,-1.0903583823087377,0.2755553069414147,0.7950300864982892
TFG,49.027744474108715,0.5020877857007875,0.46089802238476474,1.0893684965340054,0.27599141805307636,0.7954501324467445
ZMAT5,15.382854061343414,0.4927107027038285,0.4523553547594106,1.0892116065827966,0.27606058180098414,0.7954501324467445
TTLL5,7.308090906278897,-0.5857231068823545,0.5382794260032665,-1.0881395026210794,0.2765335271027767,0.7962850823470983
IVNS1ABP,18.408571420922136,-0.6117512305634953,0.562659889745862,-1.0872486944818593,0.27692691592792107,0.7962850823470983
UBA3,21.865902523967648,-0.6090622070058198,0.5603540933612573,-1.0869238116070308,0.27707048196522366,0.7962850823470983
MTOR,6.847634612009109,0.649952614513946,0.5976752260039028,1.0874678859613665,0.2768300836580154,0.7962850823470983
SCYL2,11.724991175262257,0.551754320550127,0.5091290920211943,1.0837218481460458,0.27848814547961787,0.7965979956964007
KPNA6,11.374813022320284,0.6527918724944292,0.6020452689214276,1.084290345249145,0.2782360846972348,0.7965979956964007
SRGAP2B,5.514768648590866,-0.786332072019603,0.7245953368069522,-1.0852016733708276,0.27783234324192174,0.7965979956964007
NEMF,26.575480684901656,-0.4626769859412315,0.4265360125488029,-1.0847313528732665,0.2780406573037789,0.7965979956964007
PTBP3,30.844453710189207,0.48218262931436134,0.4452211215718674,1.0830183159594948,0.2788002933163075,0.7965979956964007
LAMTOR3,29.276430218462735,-0.5476511774825332,0.5053249472772979,-1.083760420761512,0.2784710382047326,0.7965979956964007
GRAMD1A,15.840104613860191,-0.5796372007431132,0.5336576803023796,-1.0861592030581868,0.27740856327573027,0.7965979956964007
TECR,169.6853208910356,-0.6160795454347936,0.5677672111589916,-1.0850918005236359,0.27788099853927195,0.7965979956964007
ZNF148,26.755097769537212,-0.5301185697019577,0.4894793009082906,-1.0830255104112796,0.27879710003005853,0.7965979956964007
RPL3,1118.0630546789737,0.6593358704745473,0.6099894077711262,1.0808972452222259,0.2797428241793919,0.796968770580542
ARID1A,22.303017418771077,-0.5946190708564641,0.5512487130173469,-1.0786765697859368,0.28073193410908537,0.796968770580542
C2orf68,8.965569037495857,0.54442332400989,0.5035632334087624,1.0811419259593955,0.27963398610488444,0.796968770580542
SNX18,4.903872121169649,0.635795174094075,0.5894194111116928,1.0786804134850492,0.2807302200398444,0.796968770580542
REST,23.07141239443992,0.5392657399654506,0.4990867807484941,1.0805049557848416,0.27991738114557285,0.796968770580542
GNPNAT1,23.671550066574955,0.5323023885416847,0.49208676128596934,1.0817246681268562,0.27937488858928305,0.796968770580542
POLR2C,26.738237056424378,0.4953118526988053,0.4588146896057825,1.0795466316136946,0.2803441177195881,0.796968770580542
ZNRF2,6.967674762502279,-0.8605083206664281,0.7971027916087783,-1.0795449843171163,0.28034485163212164,0.796968770580542
RPL35,828.6389649101645,0.6043699397013818,0.5585780657187324,1.0819793629449594,0.2792616980267171,0.796968770580542
KATNBL1,20.427964219671992,0.4869383994057572,0.4512024755982403,1.079201524238393,0.2804979003400043,0.796968770580542
FANCM,5.6586984927331,-0.6944170042459409,0.6443388685873899,-1.0777201843625224,0.2811586480144248,0.7971773782917164
RABEP2,12.267856014985641,0.6231071594289522,0.5781802567425818,1.0777039723554118,0.2811658851763684,0.7971773782917164
NFIC,62.02719598416913,-0.8143887088808236,0.7562134493902708,-1.0769296810807307,0.2815116818678488,0.7971833626928054
SRP68,16.061076675359764,-0.75682982343171,0.70288186061964,-1.0767525324447995,0.2815908365859495,0.7971833626928054
SAMM50,23.47329678153647,0.515258045488612,0.4786469135348912,1.0764888081766602,0.2817087035697162,0.7971833626928054
PKMYT1,86.33429036318634,-0.6339461878961407,0.5893551167951329,-1.075660785543851,0.282078991412245,0.79772083057312
CCDC51,7.3808643540360706,0.5672454770729906,0.5279662688421082,1.0743971926786655,0.2826447001886634,0.797938836002828
C12orf65,12.99540730377465,-0.6160480510795167,0.5731539615538059,-1.0748386862919448,0.28244695676611176,0.797938836002828
ABHD5,18.623957415805805,0.7587386611652435,0.7062765838146436,1.074279791448343,0.28269729957414236,0.797938836002828
CCDC85B,53.199323307676835,0.671046869351666,0.6252549512571809,1.0732371938877296,0.2831647066387162,0.7987179216247509
SARAF,162.65293009083572,-0.4878635467993596,0.4547323060648773,-1.0728587793139013,0.2833344831628384,0.7987179216247509
PYM1,22.884585503101512,0.4452730293861243,0.4154989996247933,1.0716584872363537,0.28387345298034883,0.7997275684917726
NEK2,37.68204891404884,-0.5766393717749452,0.5384983207705157,-1.070828542138915,0.2842465307399319,0.8002688768063136
TXNDC9,33.356366740791856,0.48266788860436294,0.45106086808843115,1.0700726282239479,0.2845866185753717,0.8007166755463544
PHF20L1,28.92226813527365,-0.5217570177220773,0.48796796855236696,-1.0692443999345917,0.28495955680856355,0.801071411057695
RBM6,16.125511225538844,0.49720987233455133,0.46529680090899966,1.0685864836448618,0.28525604169474783,0.801071411057695
SVBP,18.47693339130797,0.5945992642849776,0.5564217693559466,1.0686125112847777,0.285244308578978,0.801071411057695
PIGC,26.558330182461663,-0.5230317545030684,0.4898683797927709,-1.0676985412373965,0.28565651668689296,0.8016870388998272
RPLP0,1728.2003937511581,0.6825022076332963,0.6403211621790028,1.0658748264866837,0.28648022997973754,0.8022577804283445
MPRIP,8.990466875247218,-0.8180836550990586,0.7676318908039922,-1.0657239034743915,0.28654846885075236,0.8022577804283445
GTF3A,84.3878215534717,0.39450575531629634,0.3702718322652858,1.0654490051342815,0.28667279057537576,0.8022577804283445
USP38,9.543646925821173,-0.7459273837716481,0.7002427162894233,-1.0652411891184064,0.2867667987468263,0.8022577804283445
NUF2,58.50742120705617,-0.46003935254983275,0.4318033122483416,-1.0653909766334813,0.28669903839836486,0.8022577804283445
C19orf70,72.22870307054463,-0.5917190548019187,0.5558462896676571,-1.0645372035418459,0.2870854100957274,0.802324042247282
NCAPH,20.694446792219917,-0.53282355054935,0.5007046961879364,-1.064147300007264,0.2872619762812788,0.802324042247282
SDC4,64.58337718463774,-0.609020605140549,0.5723948869194974,-1.0639868018705814,0.28733467848060024,0.802324042247282
POLR2K,281.95834764633,0.6738750887223929,0.6339071607413598,1.0630501285618705,0.2877592190003172,0.8030025398349545
PPT1,54.50920197466047,0.681406315874692,0.6424021072101126,1.0607161904153315,0.28881889985952436,0.8046868303560557
NOP58,44.22687212403427,-0.5125287871140425,0.48369835928683536,-1.0596041464141301,0.28932472645094476,0.8046868303560557
CPT2,6.675047338919818,0.5672170013827437,0.5346390416721616,1.0609344944370125,0.28871967167122703,0.8046868303560557
CBFB,12.24750477076988,0.6203831299439144,0.5856431828112344,1.0593193059397013,0.28945438550677927,0.8046868303560557
GPD2,12.631506899831695,-0.6739517786904058,0.6355543278750433,-1.0604156861676062,0.2889555290315686,0.8046868303560557
HMOX2,25.063219159176533,-0.4585991071137936,0.43273850899036426,-1.0597603346736244,0.28925364634503403,0.8046868303560557
HNRNPD,54.47945684282511,-0.5448208697658885,0.5149032673129684,-1.05810334552555,0.2900083293563409,0.8051245647192571
PIK3C3,5.60494429344015,-0.6040423690271461,0.5710984261522571,-1.0576852279156972,0.2901989721036219,0.8051245647192571
TRMT12,9.944103573889866,0.683423468364509,0.6474744337020079,1.055521936915653,0.29118668202931164,0.8051245647192571
REPIN1,15.2208130304663,0.5707654374954594,0.5406932972148257,1.0556177419537818,0.2911428918279959,0.8051245647192571
KTN1,135.0152397141998,-0.5809757875688749,0.5493535385466954,-1.0575626564740723,0.2902548751291597,0.8051245647192571
SNRNP70,49.21020955569201,0.5430215005612655,0.5147196106014641,1.0549850625017565,0.2914321564810153,0.8051245647192571
ITGB1,62.335352674365595,0.44126934942108237,0.4181899876620906,1.0551886999686864,0.2913390311925723,0.8051245647192571
C2orf69,13.729061383098408,-0.5568951179619146,0.5277270926655194,-1.0552710400920846,0.29130138197685784,0.8051245647192571
FBXO7,22.02490424513201,0.5382405135774355,0.5100596420043995,1.0552501496928723,0.2913109335977917,0.8051245647192571
PHYH,12.245694368718123,-0.6500924154743764,0.6149610603802639,-1.0571277717525545,0.2904532781032958,0.8051245647192571
PEA15,33.51344812767713,-0.5446182682438093,0.516428853344817,-1.0545852825929738,0.29161503771282205,0.8051269112383345
PTPN2,16.02861813421708,0.5092562242486318,0.4852607341757598,1.0494486538533343,0.2939716753921847,0.8055989592686698
ARID4A,11.577390538671526,-0.5547813834081102,0.5281369653726692,-1.0504498260534367,0.2935113476397858,0.8055989592686698
SLC29A1,27.63587897961515,-0.6842674657259837,0.6508710613049662,-1.0513103230524021,0.2931160874275649,0.8055989592686698
SMIM13,6.839525497639407,-0.606763690841766,0.5761387630721442,-1.0531554717934972,0.2922697426635593,0.8055989592686698
C12orf57,166.4800945510269,-0.5466291510961478,0.5206649096793151,-1.0498674693342103,0.2937790498577497,0.8055989592686698
MCM5,14.636941831234514,0.6239093776148578,0.5923570037022672,1.0532658071321623,0.2922191854021289,0.8055989592686698
C18orf32,26.903109231082784,-0.7053827168578538,0.6712272484060032,-1.0508851041625042,0.2933113625635284,0.8055989592686698
RNF139,30.216763898294044,0.6637843663204502,0.6316937644055054,1.0508008844208645,0.29335004952007593,0.8055989592686698
NDUFB3,113.01962347260663,-0.4875700044887481,0.46351729225127797,-1.0518917258095106,0.2928492285362214,0.8055989592686698
STX7,12.59150982828604,0.521894670198149,0.497225357821926,1.04961394665044,0.29389564226711073,0.8055989592686698
TPGS2,39.3695573247523,-0.4839009928021468,0.46031326421403973,-1.0512427740451535,0.29314710242340725,0.8055989592686698
LMF2,28.326709816776287,0.5390634684516079,0.5122326860522769,1.0523800669693943,0.2926252101934437,0.8055989592686698
NUP155,11.792926314155615,0.538960046810065,0.5143385269537174,1.0478702616391076,0.2946983852847588,0.8064507769786339
TARS,25.338900190629783,0.5025771547845193,0.479747987645974,1.0475857486147329,0.2948295063021594,0.8064507769786339
LAS1L,14.981272976929267,-0.5108077548513583,0.4873772071569633,-1.0480747711430194,0.2946041589317613,0.8064507769786339
WDR90,10.726364110496194,-0.5999853123793392,0.5744506111169143,-1.044450646875938,0.2962769416677582,0.8084101869194908
ARMC8,12.052506743619357,-0.5573356325883454,0.5330508841638657,-1.0455580304731553,0.29576513496993584,0.8084101869194908
DDX42,20.686737451888995,-0.6200212299123821,0.593419143713329,-1.0448284934533627,0.2961022432840086,0.8084101869194908
DPY19L4,13.483659213328982,0.7826852116121457,0.7493743242434536,1.0444515995424872,0.2962765011131001,0.8084101869194908
B4GALT3,27.450113355059518,-0.5502324210065244,0.5301543847402751,-1.0378720554694376,0.29932962495368054,0.8086810011531546
CHD4,30.82611347466617,-0.4777240537385132,0.4603830825029268,-1.0376663954316265,0.2994253950671647,0.8086810011531546
MRPL47,49.27816509268236,0.5652397748642588,0.5451488044372849,1.0368541034364227,0.2998038564771065,0.8086810011531546
CENPL,13.982238766270314,-0.5343431416625507,0.5121741407959806,-1.0432841080811242,0.2968167291171925,0.8086810011531546
NDFIP1,75.00159590472569,-0.6267831767057717,0.6050953675247827,-1.0358419686300122,0.30027587445494985,0.8086810011531546
MIER1,25.467719118688898,-0.511859544544688,0.4914134540457203,-1.0416066966230546,0.2975940626647996,0.8086810011531546
IARS2,40.68665869521063,-0.5878337869560866,0.567763799535741,-1.0353491847080718,0.30050586779096,0.8086810011531546
GLTSCR2,67.79145824437602,0.7674856951083581,0.7379290357783871,1.0400535253349854,0.2983150338041147,0.8086810011531546
E2F3,7.351443160764283,-0.7287323253142658,0.6990180681966713,-1.0425085680463901,0.29717595517193696,0.8086810011531546
DNMT1,54.29628431489397,-0.5332499002029666,0.5130097431813373,-1.0394537477906631,0.2985937582551801,0.8086810011531546
SELK,128.54268116503312,-0.597259889411319,0.5753596629645648,-1.0380635415661787,0.2992404736224922,0.8086810011531546
SNX10,20.20998193327974,-0.6696301619261095,0.6435609204324209,-1.0405078069006617,0.2981040389151155,0.8086810011531546
MANF,38.346642451946465,0.5324163595131897,0.5111416439617058,1.0416219570500846,0.2975869846642927,0.8086810011531546
COMMD5,20.933111905797322,-0.5359104086749791,0.5158744692076607,-1.0388387886264112,0.29887971828101945,0.8086810011531546
ADD1,11.735107139022428,-0.519332880568248,0.5016800693908499,-1.0351873878482605,0.3005814076183102,0.8086810011531546
DCAF16,8.060002674008713,-0.5809370451202461,0.5579764738731914,-1.0411497120795687,0.297806070648827,0.8086810011531546
PPP4R3A,19.024551673585343,-0.6357030895617997,0.6138366692380408,-1.0356225384040705,0.30037827297928743,0.8086810011531546
MRFAP1L1,21.68711327210065,-0.46323232148142374,0.4461994512880345,-1.0381732208415335,0.29918941756533546,0.8086810011531546
RPL22,637.2454435857101,0.6343026143499129,0.6101617894469465,1.0395646291204954,0.29854221715764806,0.8086810011531546
TAF8,7.346650214294238,-0.6205481623602103,0.5982403103307048,-1.0372891155013841,0.2996011368955117,0.8086810011531546
NDUFB1,128.88474556897592,-0.6418791782610327,0.6196189033140364,-1.0359257518257385,0.3002367826278136,0.8086810011531546
CARS2,8.537983865958154,0.5545366846458507,0.5315291177404451,1.0432856190517124,0.2968160295271631,0.8086810011531546
SNRPA1,42.98876924702438,0.4678394395150012,0.45102833505476414,1.0372728344399822,0.29960872237094793,0.8086810011531546
GRB2,40.9558353642678,-0.625647204518377,0.6072900886590398,-1.030227919411416,0.3029030264893122,0.8090487188786638
PHKG2,17.57823055570374,-0.4892843850269062,0.4730501595912743,-1.0343181903789203,0.3009874356980735,0.8090487188786638
TTC9C,13.943614687858826,0.5862136569796463,0.5672907124101506,1.0333566972903558,0.3014370032372764,0.8090487188786638
LEPROTL1,38.7277522259375,-0.6025274715999971,0.5828915800578489,-1.0336870392607136,0.3012824940879889,0.8090487188786638
PAPD4,10.55265540895074,-0.5424787703636553,0.526320900290763,-1.030699655027885,0.3026816865883045,0.8090487188786638
NARF,25.403217061417813,0.6332196370893376,0.6160498518430316,1.0278707724625518,0.3040106196645578,0.8090487188786638
GOLGA2,21.2884877268186,0.4793523719824749,0.46455180806217916,1.0318598779800996,0.3021377638898466,0.8090487188786638
AP2M1,85.77319654477772,0.4460775314023971,0.4330007901937659,1.0302002710036149,0.30291600255096474,0.8090487188786638
RNF14,16.638854192723997,-0.5441343393168173,0.5286705751666372,-1.0292502834024873,0.30336207907213486,0.8090487188786638
PPP2R2A,24.866614272513228,-0.5379169200663618,0.5219026308436575,-1.0306844385835288,0.3026888245146637,0.8090487188786638
HSP90AB1,775.4072319868853,-0.45896408146901096,0.4443446927517174,-1.0329010089594168,0.3016502265696934,0.8090487188786638
ATF4,57.291452506721704,0.6237913506278033,0.6049706946839486,1.0311100291456052,0.30248922521470645,0.8090487188786638
C11orf74,7.835840693094485,0.5819480954536337,0.5652964502946626,1.0294564827893247,0.3032652189350984,0.8090487188786638
ABHD3,13.578014585701661,-0.6133303059204903,0.596245444220896,-1.0286540750377033,0.3036422577587118,0.8090487188786638
PSMA2,82.87708931064867,-1.618991107119331,1.5744162703002897,-1.0283119767369653,0.30380309904916203,0.8090487188786638
ERCC1,22.739772866456338,0.5228317573102226,0.5085139744600197,1.0281561246481115,0.30387639339180184,0.8090487188786638
DEK,170.99020843281755,-0.46117452208635223,0.44758370524239655,-1.0303648606613043,0.3028387621214774,0.8090487188786638
CCPG1,18.512244448303882,-0.5208492665984857,0.5061629792129565,-1.0290149378533475,0.3034726554559467,0.8090487188786638
SHKBP1,14.967243893908119,0.5973108091616466,0.5813851045207344,1.0273926946477936,0.30423559002667566,0.8091605620493003
TSSC1,11.193540701160233,0.6260505603806014,0.6096237002879443,1.0269459013566864,0.30444593866067826,0.8092334054664543
POLR3C,8.88069684893192,-0.6949787944759844,0.6771835077882734,-1.0262783816839125,0.3047603843165718,0.8093006493754968
YME1L1,44.76658273206383,0.4978172549806982,0.48533101979508037,1.0257272555768016,0.3050201633526912,0.8093006493754968
TMEM9B,43.52740359574475,-0.43086823849926337,0.41993550599457574,-1.0260343132424454,0.30487541039902,0.8093006493754968
PAIP2,93.58822634511567,-0.6164506802688012,0.6018242480833972,-1.0243034943041662,0.3056919480004361,0.8096260395245083
EIF4E,65.08099646335094,-0.4248937800475894,0.41478206556887753,-1.0243783791973828,0.3056565900367697,0.8096260395245083
COPS6,72.99168937238295,-0.5217877953645224,0.5091974652686238,-1.0247258302616584,0.30549257157835297,0.8096260395245083
PLSCR1,17.182758490610194,-0.6571069366823963,0.6435677273041531,-1.021037738226803,0.30723655943394024,0.8103203949769336
KEAP1,17.73224136624416,-0.49764931565930143,0.48651865808860034,-1.02287817206113,0.30636545120715253,0.8103203949769336
SEC62,116.16049826462344,-0.49068752240625874,0.4798893863776144,-1.0225013020399403,0.30654369671456383,0.8103203949769336
ATP1B1,78.16667580348573,-0.6680904676472442,0.6542699166621749,-1.0211236228857599,0.30719587233794665,0.8103203949769336
SLC38A2,54.708217579252036,0.6201442498011602,0.6071280259846027,1.0214390099937303,0.3070464910999593,0.8103203949769336
VCP,62.52053485621296,0.3611337177117671,0.3535321295868079,1.0215018310608532,0.3070167420196268,0.8103203949769336
CHMP5,92.9358518543161,-0.6350691314491292,0.620863445031956,-1.0228805327980648,0.3063643348828746,0.8103203949769336
RSL24D1,78.5150105356158,0.5074194902291849,0.49725507651312134,1.0204410456447,0.30751933576562984,0.810582849875674
EMC7,37.99301433777613,-0.4588085658207849,0.4581535735064921,-1.001429634847721,0.3166191428562122,0.8114911931623627
RPS8,1655.5873148373926,0.6713142587247435,0.6628212718748002,1.0128133890843918,0.3111493041629344,0.8114911931623627
CASC5,26.658343249937882,-0.7064687844557251,0.6950716981503106,-1.016396993771641,0.30944037662053336,0.8114911931623627
SON,85.73421390777142,-0.5234354164160981,0.5172910548843676,-1.0118779582088542,0.31159640941019207,0.8114911931623627
GLB1,12.788497095470195,0.5751704644864093,0.5734388848046951,1.003019641199086,0.31585138466754026,0.8114911931623627
YWHAE,134.6330899727777,-0.4323473000073944,0.4309192334711778,-1.003314000455986,0.31570938314271213,0.8114911931623627
CHCHD5,58.011768486121284,-0.5268815466809016,0.5172192123058591,-1.0186813137353619,0.30835428665256315,0.8114911931623627
TCEAL8,23.482661141797696,0.5694270149574486,0.5636677723260466,1.010217441752321,0.31239112466102903,0.8114911931623627
DCTN2,43.14406547401115,0.43206182914058716,0.43149084476720384,1.0013232827076353,0.3166705402211707,0.8114911931623627
CCHCR1,10.160911674688148,-0.5326505479379244,0.5240595273044185,-1.0163932152473119,0.30944217522791284,0.8114911931623627
ACTR6,30.471366759533026,0.6655871344086645,0.6634349575321442,1.0032439907666697,0.31574315263929686,0.8114911931623627
PSMD11,70.67399202084721,-0.5163022297978443,0.5147115016244418,-1.0030905238534251,0.315817186411424,0.8114911931623627
PHF5A,51.05057828688975,0.5497079823265498,0.5487953516156832,1.0016629709201796,0.31650639646911705,0.8114911931623627
ANKLE2,19.40368452575672,0.46825454828928054,0.46566777749733773,1.0055549705539968,0.3146296939847971,0.8114911931623627
SCAMP1,16.69062152783966,-0.4972413372155382,0.4931934958468885,-1.0082074102816359,0.31335490118684717,0.8114911931623627
ECI1,30.649595245508714,-0.5685443702605559,0.5643842317853696,-1.0073711103905687,0.31375646896092135,0.8114911931623627
PSMD4,102.81579035018301,-0.5369175312992994,0.5333932749618593,-1.0066072380415598,0.31412355481002385,0.8114911931623627
MRPS18A,26.68140457534845,0.5241628183745051,0.5191550916013251,1.0096459167100407,0.31266496245822395,0.8114911931623627
LMAN2,97.18288518897566,-0.5999610989836327,0.5990617776163479,-1.0015012164035286,0.316584552338556,0.8114911931623627
DNAJC13,7.696065252407881,-0.705077037170181,0.6957128536467705,-1.0134598397518826,0.3108405693689962,0.8114911931623627
RPL32,1801.5481774167552,0.5954244923831746,0.5909397448517993,1.0075891790498877,0.31365172588133805,0.8114911931623627
PAN3,9.644117016128726,-0.6249012304417796,0.6162662663243987,-1.0140117423088602,0.3105771492879662,0.8114911931623627
ZFP36L1,281.6494425342259,-0.7825749517859282,0.7748306782958706,-1.0099947946138246,0.3124977839610099,0.8114911931623627
SUMO1,139.1060884476351,-0.498544001143673,0.4965100325918136,-1.0040965306204226,0.3153320875340768,0.8114911931623627
SRSF9,76.27968694078494,0.49742165352477535,0.4946045069304455,1.005695756012846,0.3145619453285957,0.8114911931623627
TOR3A,26.67936450145151,-0.5661731685179282,0.5601633742452805,-1.0107286455147928,0.31214632283136123,0.8114911931623627
ZYX,18.528489529263833,0.6769813396612343,0.665537712571087,1.017194558435973,0.3090608841567821,0.8114911931623627
C19orf60,52.66211170809779,0.5673324342732926,0.5644565164299569,1.005095021068275,0.31485109733313854,0.8114911931623627
MRPL2,19.478996592107087,0.6341762535966753,0.631105141888231,1.0048662441558562,0.31496126053929796,0.8114911931623627
RPL4,396.174798248475,0.7238960746029321,0.7222267703232682,1.0023113298319264,0.31619325222073225,0.8114911931623627
ARRDC3,12.98764821450481,0.7454770257723325,0.7352453987202893,1.0139159348291762,0.31062286710413123,0.8114911931623627
CDK5RAP1,11.26022419039391,-0.5383273356692881,0.5315254084971386,-1.0127969934520753,0.311157137091407,0.8114911931623627
PITPNC1,5.5169669617006205,-0.6418700448132858,0.6363327739959497,-1.0087018475923597,0.31311764544278986,0.8114911931623627
HBS1L,20.572207867045385,0.4186434608221921,0.4112976999924264,1.017859960874814,0.3087445118156261,0.8114911931623627
SLC1A5,25.986668541259217,0.7464611396592062,0.7377861986197392,1.0117580690119934,0.3116537431201849,0.8114911931623627
TAF9,55.14327095377173,-0.4921574005529044,0.48561697603755616,-1.013468278165882,0.3108365406505412,0.8114911931623627
FEM1B,11.109400353153053,0.5337602430531316,0.5254099077820034,1.0158929916384312,0.30968034659886245,0.8114911931623627
HPS5,5.845718456664216,-0.6213173809958773,0.6184428049156446,-1.0046480871915466,0.3150663335018047,0.8114911931623627
TIMM17B,67.3719735643142,-0.6100135263813159,0.6054896149190715,-1.007471493070693,0.31370825013657466,0.8114911931623627
DARS2,8.788694936255459,-0.6157708729220717,0.6103403917132315,-1.0088974632558674,0.3130238119265042,0.8114911931623627
CLASP2,8.85477727419867,-0.7342859071060178,0.7217951335579159,-1.017305150682482,0.3090082871087657,0.8114911931623627
CEP78,12.426240996456233,-0.5351912965788355,0.5325381475392911,-1.0049820826016012,0.3149054775555806,0.8114911931623627
FAM64A,12.460222642450764,-0.6080851462294705,0.596689981731405,-1.0190972948213417,0.30815677832797306,0.8114911931623627
RPL36AL,260.9420842638989,-0.5128235306612761,0.5054674964578977,-1.0145529321962863,0.3103189854204971,0.8114911931623627
SF3B6,166.1714362215477,0.45761831183314455,0.45310001668908306,1.0099719597829147,0.31250872436230726,0.8114911931623627
HNRNPL,39.04534500428473,-0.5443787207934091,0.53997144502251,-1.008162053403982,0.31337667160848415,0.8114911931623627
POMP,320.6579211354025,-0.5747252708362599,0.5646704041358588,-1.0178066118336566,0.30876986926005734,0.8114911931623627
FBXL6,4.879853796287302,-0.6760143958557988,0.6706100968564963,-1.008058779646527,0.31342624472312286,0.8114911931623627
SAYSD1,20.514674600925083,-0.4974800329620015,0.49715459713337073,-1.0006545968407157,0.3169938250030102,0.8118492692462733
TADA2A,4.85344784941036,-0.6005349527902356,0.6005808481360161,-0.9999235817360428,0.3173474912413552,0.8121125999395695
EIF4A1,39.08102338726055,-0.6167361190323585,0.617310664203622,-0.9990692771005265,0.3177611328574663,0.8121125999395695
UNC45A,12.616002168865105,-0.486065026123701,0.4865881740195834,-0.9989248651656271,0.317831089870087,0.8121125999395695
MAZ,46.988400823511874,-0.5791678614891276,0.5793831803261423,-0.9996283653990549,0.31749039066933504,0.8121125999395695
TLK1,16.273034752156676,-0.4906819793269675,0.49169754978959174,-0.9979345626939593,0.31831109083963904,0.8124743328629631
FAM200B,26.45990972812241,0.4931565465083666,0.49420680615129664,0.9978748579949576,0.31834004495851576,0.8124743328629631
MCTS1,49.010700280155696,0.4903463814816478,0.4918942484109373,0.9968532526365375,0.31883574533649317,0.8124778052704302
PRR14L,9.762062552349084,0.54342527079901,0.5452046124372198,0.9967363782374187,0.3188924869883488,0.8124778052704302
UQCRFS1,95.65554557267984,0.4813095839130559,0.4825275733152792,0.9974758138817749,0.3185336078692085,0.8124778052704302
DIS3,6.925570196578276,0.546023419289626,0.5481703913631906,0.9960833855542155,0.3192096317227815,0.8128176172192645
FAH,27.683792488575584,0.6930455943821511,0.6964638207031503,0.9950920260042394,0.3196915085281635,0.8128486853431695
VDAC2,116.54289697427514,0.5468038618803392,0.5502200314383341,0.9937912664701347,0.320324498881561,0.8128486853431695
LRP10,33.68851616429617,-0.49635929127998396,0.49918262280832404,-0.9943440909211614,0.32005537713275545,0.8128486853431695
ST13,135.11550341232555,0.5184335298237697,0.521167834188539,0.9947535051371185,0.31985616457423294,0.8128486853431695
FBL,49.325493104332296,0.5872428988451133,0.5904256233631178,0.9946094403900098,0.31992625427508414,0.8128486853431695
GNAI3,38.70195331700556,0.40017763800997525,0.4025718013119557,0.9940528290998575,0.3201971485397538,0.8128486853431695
TMBIM1,11.85157152895708,0.6511821484028983,0.6560608887626378,0.9925635860279052,0.3209226777349339,0.8132974875120133
LIMCH1,19.42247236133651,-0.7702820639812389,0.7761263968849808,-0.9924698696923615,0.32096837033829007,0.8132974875120133
BOD1L1,12.26425567321623,-0.5663637260162275,0.5710605952176961,-0.9917751824573395,0.32130720654222833,0.8132974875120133
PPP4R3B,20.80252401850236,0.456941136759291,0.46101383350873687,0.9911657819062631,0.32160463614255286,0.8132974875120133
UBA2,46.71767242414843,0.48341914851112705,0.48736547086899523,0.991902745283059,0.3212449698099711,0.8132974875120133
USP14,32.08376667830866,-0.3846656595348089,0.3880803360658542,-0.9912011091165779,0.32158738911464413,0.8132974875120133
MAP2K2,7.580107655167133,0.5577426602636448,0.5638107503724119,0.9892373635927323,0.32254702169881333,0.8133554600763121
PIN1,61.066069091418115,-0.5623304604447334,0.5678445672930791,-0.990289408112802,0.32203268218593706,0.8133554600763121
LSM14A,54.886673270293855,0.507206840274423,0.5126884860407083,0.9893080380864063,0.3225124524975609,0.8133554600763121
TBCB,99.16980478410379,-0.5876482582567709,0.5935491119817282,-0.9900583564092014,0.3221455963589588,0.8133554600763121
COQ3,7.21625115146408,0.5139775032058421,0.5193919894757946,0.989575337356633,0.3223817295586211,0.8133554600763121
H2AFX,78.23612926637547,0.6327693673999479,0.6399833852505378,0.9887278044761024,0.3227963352250697,0.8135203365814719
RPL37,846.6242249773477,0.6145912568924216,0.6223894424730112,0.9874705689903668,0.32341200403634507,0.8141441626936564
ZNF90,15.506688186947496,0.7318753617416381,0.7409520037236328,0.987750027078164,0.3232750871703588,0.8141441626936564
CMTM6,48.95265336332055,-0.7158985045432548,0.7262711173768167,-0.9857179879725544,0.32427151996444414,0.8155615998287612
WDR33,34.72061138571051,-0.5388942479399588,0.5469199632388623,-0.9853256128165898,0.32446415558928776,0.8155615998287612
CEP41,6.624635428418034,-0.52476197114753,0.5326477628644231,-0.9851951096640572,0.3245282423012932,0.8155615998287612
HERC2,15.512864083018641,0.5383038302271107,0.5477024653148129,0.9828398890220442,0.3256862463025657,0.81615312600354
CAMTA1,86.75352190274,0.4722766892193556,0.4804737465586047,0.9829396353121049,0.32563714908483865,0.81615312600354
CTSA,35.9373437624887,-0.6928736258680255,0.7041115307601635,-0.9840395954316988,0.32509604484665744,0.81615312600354
SNAPC5,14.87393054136725,0.44312535660113167,0.4504533702117727,0.9837319152319899,0.3252473432379811,0.81615312600354
TXNDC11,9.421338199550492,0.5194523429696359,0.5283273165052838,0.9832017515309392,0.3255081529241428,0.81615312600354
ARPC5,122.41087219604458,-0.5750762993576929,0.5855109782404635,-0.9821785085667767,0.32601191341541347,0.8165066211983997
TAB3,4.964029579563666,-0.6935199190629079,0.7068426705821315,-0.9811517441239769,0.32651791674773234,0.81731111815236
NUP50,18.493032263963812,0.47615199753413073,0.4868708951683936,0.9779841067916876,0.32808218471044837,0.8175219673673808
BTG3,35.010061088941214,0.7738462799625521,0.7897558712489932,0.9798550515853965,0.3271576730258767,0.8175219673673808
THOC2,44.533431636723165,-0.39510302166042,0.403697456330801,-0.9787107039303748,0.3277229417227612,0.8175219673673808
MED15,8.924375956724683,0.4853006219572531,0.4967936947324484,0.9768655019235198,0.3286357427220531,0.8175219673673808
KDELR2,107.76111397078603,0.566580444813206,0.5784822545685833,0.9794257997347674,0.32736963455171963,0.8175219673673808
SELT,80.99033780687523,-0.5323191128793591,0.5450891845653253,-0.9765725095130082,0.3287808343333719,0.8175219673673808
TFDP1,37.00906748241361,0.5240299277157292,0.5371106453810222,0.9756461396217281,0.329239851470166,0.8175219673673808
FXYD3,216.5184933717715,0.7137570483299612,0.7287141577039433,0.9794746551636797,0.32734550559169195,0.8175219673673808
TSG101,38.75413587234968,-0.643271836297716,0.6607245553861736,-0.9735854843804662,0.33026239651183154,0.8175219673673808
PCCB,14.710834274558668,0.5318267532941049,0.5432074110429922,0.979049148598625,0.3275556956346056,0.8175219673673808
CPD,13.726863756082711,-0.5377334936994937,0.5517821530616128,-0.9745394821413328,0.32978874534817193,0.8175219673673808
RPS9,734.1908056385947,0.6351733550041758,0.6522005712421549,0.9738926689292072,0.3301098341480335,0.8175219673673808
NUP58,22.05276179322904,-0.5980612430591367,0.6129546921202845,-0.9757022023770964,0.3292120605237755,0.8175219673673808
ISOC1,60.92165765219337,-0.8343595220614597,0.8570557197428879,-0.9735184105786764,0.3302957146014922,0.8175219673673808
MBOAT7,28.785933355915045,-0.4796842561164886,0.490924649184267,-0.9771036286598042,0.3285178515103886,0.8175219673673808
PGLS,77.61598217845543,0.6994659291515519,0.7173076106622609,0.9751268754917621,0.32949732885796956,0.8175219673673808
HMGXB3,8.493234587118165,-0.5352443734561194,0.5498076085777922,-0.9735121251607557,0.33029883691736595,0.8175219673673808
ARFRP1,17.584896320202223,-0.5595442041710867,0.5731937317039609,-0.9761868862517084,0.32897186058768013,0.8175219673673808
MRPS22,12.38847137151411,0.46252336622170825,0.47344543243022325,0.976930675722329,0.3286034739085114,0.8175219673673808
UBE2I,133.00724166783226,0.3872084924146128,0.3974381079211898,0.9742611105913239,0.3299269087990031,0.8175219673673808
EMC3,70.29126343858576,-0.6069239009937258,0.6238542191879252,-0.9728617396925877,0.33062202273957864,0.8178642094950538
PUF60,66.67993789754215,-0.5553894701292162,0.5712778002034736,-0.9721880842059706,0.3309569874307995,0.818235190277488
TAX1BP1,88.39234644203007,0.4302533024170586,0.4462511890579135,0.9641504896051297,0.33497048251627415,0.8210523566870749
NDUFS5,229.8734793574436,0.4949493559201229,0.5116690746677426,0.9673231790323135,0.33338249987675783,0.8210523566870749
COX4I1,329.1459484994539,0.47822209828465084,0.4937272982525492,0.9685956194385525,0.3327469898558073,0.8210523566870749
TMEM55B,16.234196426309513,-0.586404693554182,0.6072264194196629,-0.9657101120775005,0.33418925809191413,0.8210523566870749
SCNM1,32.4156102612909,-0.4620664125824818,0.4793263822012281,-0.9639911962711448,0.3350503396909503,0.8210523566870749
KIFC1,32.388354658109975,-0.5995004447598493,0.6215381909922579,-0.9645432146378224,0.33477365339926846,0.8210523566870749
NOP10,117.23102925405324,0.5500325895577998,0.567545890426696,0.9691420532430791,0.33247431818246775,0.8210523566870749
R3HDM1,10.701801605760739,0.57255844353155,0.5930268194549213,0.9654849068340878,0.33430199214715317,0.8210523566870749
CCBL2,11.64271750540664,-0.5656056048555822,0.5867528858816264,-0.9639587950312859,0.33506658463037986,0.8210523566870749
TRIP11,13.92520258584407,0.546814270478453,0.566994191566492,0.9644089456502438,0.3348409390331897,0.8210523566870749
NQO2,19.25254428307337,0.5237282965572674,0.5415187734989932,0.9671470726180484,0.3334705164555225,0.8210523566870749
LRRFIP1,78.36395030161965,-0.5494706088067186,0.5693081665656707,-0.9651549741880194,0.3344671952897811,0.8210523566870749
ATOX1,122.98934570674774,-0.5030452093647076,0.5218268495038098,-0.9640079076863122,0.3350419613232688,0.8210523566870749
ATP5E,520.8480644137059,-0.48821515849318936,0.5037511839888904,-0.9691593270854849,0.33246570085089133,0.8210523566870749
FAF1,11.925725929474613,0.5566597200077943,0.5771350718138427,0.9645224267142565,0.33478407019092615,0.8210523566870749
CLSTN1,18.611401052231088,0.6279610016510035,0.6502801306974352,0.9656776702949633,0.3342054964053699,0.8210523566870749
PIP5K1A,19.710213999533295,-0.6731695233375219,0.698791527339795,-0.9633338370603711,0.3353800177290468,0.821365347959897
PTK2,20.728442608511443,-0.5610643593574218,0.5858003532908185,-0.9577740201171976,0.33817672236044993,0.8215953973312221
ABHD12,37.11892485623773,-0.5444881949894398,0.5677597349961352,-0.9590116407130318,0.33755288095737035,0.8215953973312221
SLC2A4RG,25.231130091569675,-0.45526700324960356,0.4757916739703136,-0.9568620641268502,0.3386368810743936,0.8215953973312221
PLP2,196.67105488611963,-0.5248954957125678,0.5464827456101676,-0.9604978380909412,0.3368047185312477,0.8215953973312221
ATG3,34.04266937135357,0.4346948253120877,0.452407729403203,0.9608474768667603,0.33662886292803684,0.8215953973312221
GOT1,27.925754492500353,0.46746048233188614,0.4861632384771292,0.9615298840697456,0.33628580704519206,0.8215953973312221
DST,10.361119048921292,-0.6277387716317648,0.6548860886029784,-0.9585465053485486,0.33778725269116683,0.8215953973312221
PPP2CB,14.464483894538455,0.5770698995700178,0.6013367192533451,0.9596452055789003,0.33723380935971514,0.8215953973312221
POLE,6.987764510835925,-0.5601345463430046,0.5847372406422497,-0.9579252139435782,0.33810047114658115,0.8215953973312221
RHOC,57.528630746964595,0.6026856063795494,0.6280667037991803,0.9595885321318572,0.33726234295499413,0.8215953973312221
IRF2BPL,13.906006210958434,-0.5326576986649282,0.5564829777697666,-0.9571859696403946,0.33847339742020777,0.8215953973312221
HTATSF1,45.56079236508528,-0.47047134791485123,0.49155157697517454,-0.9571149192724735,0.33850925407553545,0.8215953973312221
CCDC174,14.037754239746468,-0.5729727476759001,0.598921617345674,-0.956674013897219,0.33873181823572074,0.8215953973312221
DNAJC19,61.55966672879144,0.46554717213930974,0.4858496986999465,0.9582123306550092,0.3379557006720514,0.8215953973312221
PIAS2,8.284643256206179,-0.520722830776731,0.541680037314245,-0.9613107275626698,0.3363959556342345,0.8215953973312221
DFFA,12.95367321979099,0.5310624691320968,0.5528228847911602,0.9606376359269501,0.33673439821088935,0.8215953973312221
SAMD8,7.094890803622993,-0.5557375060055326,0.5810089339875836,-0.9565042351266305,0.3388175457228463,0.8215953973312221
RCC2,17.273213217437053,0.525141218585861,0.5481793849315364,0.9579733076818411,0.3380762184638053,0.8215953973312221
CHCHD2,725.5456780455437,0.583008832156616,0.6101238782571893,0.9555581299685778,0.3392955236513525,0.8218532864786047
PP7080,8.446294542082539,-0.5321830789237608,0.556743660203375,-0.9558852968875438,0.3391301880846209,0.8218532864786047
HSPA5,205.81235018765793,-0.7450459647704903,0.780205806336108,-0.9549351705920642,0.33961048246341763,0.8221659353780494
PNPO,7.838822371905522,-0.6290951407750058,0.6604515567153298,-0.9525227617052323,0.34083192789984584,0.8246715629655461
HMGN1,353.4969334358434,0.4426863179900707,0.46536381968845053,0.9512693064244618,0.3414676839067846,0.8253068666227914
MZT1,70.48763493782427,0.5458947458458071,0.5737988739278244,0.9513694966129768,0.34141683927179645,0.8253068666227914
RMI1,10.085510371214252,-0.5378717502835073,0.5659667146270473,-0.950359334537803,0.3419296993943003,0.8259721793670073
SUPT20H,18.21440059852886,0.5133459723619437,0.5414531308864766,0.948089396992653,0.34308394560073163,0.8261818608819669
MRPL55,92.53493728136395,-0.558997488337667,0.5891957584296641,-0.9487466268045069,0.34274949338051486,0.8261818608819669
RPS5,1210.1981245097445,0.5971680419307227,0.6294968226596795,0.9486434568607275,0.3428019808819993,0.8261818608819669
CSTB,173.83535509800566,0.637302947938388,0.6710622139311697,0.9496927925728145,0.342268373053227,0.8261818608819669
AP2A1,36.67189179301242,-0.5705075257515323,0.6012611898026268,-0.9488514067219442,0.34269619206638446,0.8261818608819669
TPM4,96.31102539419771,0.4185490122611606,0.44151453328561274,0.9479846770760865,0.34313725490395053,0.8261818608819669
NOC3L,11.533458343960621,-0.5895866027455084,0.6225321126876753,-0.9470782160940577,0.34359892414653925,0.8263937147907249
RPL15,1239.4509506000538,0.5298338575826994,0.559395230409907,0.947154764252198,0.34355992210915864,0.8263937147907249
THAP5,9.106313694287973,-0.506955853625463,0.5370182884135575,-0.9440197188127355,0.34515957179120693,0.826911442855174
HNRNPA2B1,469.47079511376705,-0.41243223327309886,0.4359079005593297,-0.9461453502996657,0.3440744556137756,0.826911442855174
PSMB3,167.94813289349867,-0.5251538946037679,0.5556992247368633,-0.9450326205735499,0.34464222246730214,0.826911442855174
SMIM15,41.34565718685609,-0.45751238816134004,0.4845628847596597,-0.9441754673147603,0.34507998954308494,0.826911442855174
WDR45,16.022906310554244,0.5122627529969211,0.5428089526172493,0.9437256893552617,0.3453098428563207,0.826911442855174
PHAX,27.48060587078864,-0.5134643341766693,0.5436422394445524,-0.9444894029965067,0.34491961453031017,0.826911442855174
COMMD2,26.069646275490204,0.42811240008589124,0.45357773300971005,0.9438567392741176,0.34524286138526394,0.826911442855174
CHD9,24.493999323454325,-0.6033569786751076,0.6382913552582448,-0.9452689178768476,0.34452160254899433,0.826911442855174
SSX2IP,12.90201620005529,0.4845475553398039,0.5139976949888658,0.9427037515222711,0.3458324539487164,0.8277147964367818
AFMID,11.156098511681117,0.6091203921361634,0.6464323295468627,0.9422802113921898,0.34604919673779544,0.8277856123154512
ORC5,9.419819250372608,0.4951671343270619,0.5257814884179368,0.9417736174337504,0.34630855519362747,0.8279582376331969
PSMB10,12.405992914517595,0.5850972100842242,0.6220770510256298,0.9405542434326484,0.34693333967501816,0.829003868926313
VEGFB,4.791382549624769,-0.601322635430139,0.6395981720069857,-0.9401569012357517,0.34713708528620846,0.8290428338125809
NAP1L4,51.08245212957058,-0.39367875106830297,0.41941029791499007,-0.9386482712165006,0.34791136041398796,0.830443576422595
B3GAT3,31.890465247104288,-0.6209961611631821,0.6627170818868185,-0.9370456536221264,0.34873507470859055,0.8312999422600025
RAP2A,5.286586976361442,0.5679615939991015,0.6062438399128359,0.9368533857280291,0.34883397984050746,0.8312999422600025
HSPBP1,20.2075438246527,0.5600941294591656,0.5974968122917911,0.9374010336738673,0.348552309441885,0.8312999422600025
DIDO1,15.498893654574914,-0.5945557538496692,0.635767177621525,-0.9351784344608158,0.3496963504248731,0.8329062778294096
EIF4B,61.565685328243624,0.4370622544360548,0.46757106323152936,0.9347504343305194,0.34991692876142766,0.8329830871430541
IFT122,8.618324571418396,-0.48445756717846933,0.51887317278078,-0.9336724128212907,0.3504728996050771,0.8338577917984163
CRK,16.10083004249683,-0.5120566873258534,0.5492768300424363,-0.9322379159636001,0.35121358458882135,0.8351707981915897
CRADD,10.940203226623575,-0.7525990123643815,0.8081671976279752,-0.9312417214820274,0.3517285406599018,0.8354969577544284
KIF20A,13.763262936069163,-0.6081733973708723,0.6530120402323034,-0.9313356567736788,0.3516799629153693,0.8354969577544284
AGPAT1,11.948406123397579,-0.5124937787747651,0.5513115875405062,-0.9295900727591926,0.35258336932336143,0.8365042183164267
RBBP6,43.596044042310695,-0.5244476478992093,0.5643309461477026,-0.9293264023163197,0.3527199564006638,0.8365042183164267
SNRPA,45.117621399234885,0.4542060283984984,0.4884130338046996,0.9299629554524145,0.35239026504637316,0.8365042183164267
MTX1,41.30113934212166,-0.398440571770369,0.42894978647717713,-0.9288746243298773,0.3529540651253805,0.836610841398477
TOR1A,16.699171599868087,0.42985793870981887,0.46388163120369535,0.9266543656717109,0.3541060182159417,0.8369997924572551
CWC15,48.56234088689278,0.5797087933350848,0.6265238882038345,0.9252780368790683,0.35482130021644886,0.8369997924572551
GNPDA2,5.5005525210649,-0.589822996940935,0.6360222393077167,-0.9273622217722015,0.35373849838415383,0.8369997924572551
RER1,112.05014019499404,0.459001087390864,0.49602828226605783,0.9253526538728021,0.35478249818188634,0.8369997924572551
TMBIM6,409.3835649478891,-0.4926988849783247,0.5318746121808469,-0.9263440549608302,0.35426720798200717,0.8369997924572551
HDAC7,10.895250208151793,-0.5413565940930467,0.5848982669607918,-0.9255568441089878,0.35467632967807705,0.8369997924572551
RTFDC1,55.35729237173483,-0.5122833014217504,0.5530371161545936,-0.9263090784643628,0.3542853793015104,0.8369997924572551
HERC4,7.126930776449297,0.5647605384449261,0.6087150100872261,0.9277913787011733,0.35351579696651014,0.8369997924572551
ARF1,195.14870823809775,0.4822440279161732,0.5208497167365691,0.925879409012098,0.35450865326863357,0.8369997924572551
KIAA0100,9.26482374832893,0.566698870880876,0.6131302425862936,0.9242716009088678,0.3553449248268248,0.8377881676487452
NRDC,34.73284653843612,0.4033401206796991,0.43657125741901287,0.9238815286746669,0.35554800114002716,0.8378203564423762
ZNHIT3,35.46404146021146,-0.521218952293398,0.565277413921776,-0.922058690930689,0.3564979626622218,0.8378270397741802
NDRG3,12.174762215155273,-0.48345879468411446,0.5238194564078701,-0.9229492886718416,0.3560336330396938,0.8378270397741802
GUCD1,16.04751807024283,0.4788302146348568,0.5191723863957701,0.9222952282940563,0.35637460232361484,0.8378270397741802
ZNF24,30.696045707801936,-0.4214605854207334,0.4568337970118364,-0.9225687507743948,0.35623198684144,0.8378270397741802
C11orf80,10.665532550442054,0.5633981076172108,0.6104914279035342,0.9228599811007259,0.3560801779859536,0.8378270397741802
COMMD4,54.80618042024535,-0.4241519572650047,0.4607235290748825,-0.9206214367143083,0.3572481062629863,0.8387525175030157
ZNF160,6.5085788387716335,-0.5785594293275464,0.6284744028640714,-0.9205775552527622,0.3572710248644996,0.8387525175030157
HN1L,38.985690699325644,0.3711066797237496,0.4035403231109482,0.9196272552463578,0.3577675788225735,0.8391610320382499
DAAM1,22.662998460802193,0.43221579909622654,0.4701860732531007,0.9192441539278965,0.35796788100376487,0.8391610320382499
RRP7A,26.290553805326518,0.4471960521216867,0.48742844320054607,0.9174599028019663,0.35890169518729553,0.8391610320382499
RHEB,204.17396778014458,-0.4864205763831471,0.5301665957608582,-0.9174862774691984,0.3588878804742529,0.8391610320382499
KDM5A,16.982130023956152,0.436257102586461,0.47501372437631856,0.9184094694511321,0.3584045349818107,0.8391610320382499
PRKDC,68.25844200289112,0.44436275970724787,0.4837533347782544,0.91857301595851,0.3583189514427124,0.8391610320382499
RPLP2,766.6060416164917,0.603150964669941,0.6573388391715341,0.9175647759230416,0.3588467659671717,0.8391610320382499
TBRG1,18.36121602921797,0.5105215968959538,0.5565219414215059,0.9173431609757291,0.3589628470758238,0.8391610320382499
KHNYN,6.158223081840157,-0.5729299343769929,0.6260078515613252,-0.9152120583600498,0.3600803155026767,0.840768788304805
ARPP19,47.693343774134085,-0.40397256143111365,0.4417016993380535,-0.9145823120819282,0.36041094791451733,0.840768788304805
TTC32,10.408524755546432,0.5388079834560161,0.5887281274307232,0.9152067963992746,0.36008307737334255,0.840768788304805
TMEM120B,5.960216949657815,-0.7215186696129334,0.7886091696419567,-0.9149255390227284,0.3602307216407772,0.840768788304805
PDLIM1,55.09457393627812,0.581660762807308,0.6367719866794935,0.913452185358266,0.36100477009991794,0.8417101202698667
MIDN,27.534375716154745,-0.5488781438375169,0.6021435122599452,-0.9115404096566374,0.3620107040084868,0.8418366686800931
SRP54,36.13543122425033,-0.4324321880620917,0.4741423103297498,-0.9120303728248801,0.3617527290378303,0.8418366686800931
SEC61G,188.7327617840031,0.4991788090473518,0.5474808663546137,0.9117739810180402,0.3618877098487082,0.8418366686800931
FAM175B,8.508061955538652,-0.4676149779447159,0.5126708133025448,-0.912115466321193,0.361707937432063,0.8418366686800931
AP006621.5,5.508063503864338,-0.7260584992798435,0.795877716348715,-0.9122739390302514,0.3616245296633318,0.8418366686800931
DIP2B,9.044536527232584,0.5099728006051739,0.5614546612841061,0.908306290375811,0.3637164200099179,0.8421106654353808
RNF220,7.071559253476927,0.5162626979588595,0.5722047959743971,0.9022341329378849,0.3669325065503324,0.8421106654353808
LINC01420,36.07976618883382,-0.5596118309465051,0.6145735632023862,-0.9105693190421509,0.3625223423148305,0.8421106654353808
NFU1,19.537051795276355,-0.4878501590689432,0.5371576352536391,-0.908206692135329,0.3637690290631136,0.8421106654353808
CNBP,134.6293773921947,0.3605861662110761,0.3974824044216315,0.9071751659944736,0.36431417411142797,0.8421106654353808
NEDD4,5.654331564301012,-0.6669083167609138,0.7412629645063127,-0.8996919429329379,0.36828421230250974,0.8421106654353808
SMC4,110.46585716463137,-0.42819519128548317,0.4760945340765675,-0.899391109616518,0.36844437297480515,0.8421106654353808
AGK,7.5893831725427505,-0.5911922223573336,0.651094325095662,-0.9079978116388477,0.3638793778454802,0.8421106654353808
TBL1XR1,36.5763974703995,0.5402921844550985,0.5974132939654162,0.904385941713536,0.36579078999574866,0.8421106654353808
TFRC,16.774276680510663,0.4716290406125936,0.5246964670640633,0.8988607132264331,0.3687268563148738,0.8421106654353808
GTF2B,20.820991909791882,-0.5355806082599134,0.5959252743715426,-0.8987378641134693,0.3687923036283818,0.8421106654353808
TGIF1,54.11020300380501,-0.35311815350337133,0.38999332850553037,-0.9054466517582079,0.36522881030986065,0.8421106654353808
COX7C,334.1361942289799,-0.4531743319559585,0.5004973564040086,-0.9054480031861541,0.3652280946476617,0.8421106654353808
RALGAPA2,5.812766708992685,-0.6841441238684447,0.7569966988348213,-0.9037610400699075,0.36612212450700254,0.8421106654353808
PNISR,86.88103355458661,-0.4559388408629533,0.5064316651720953,-0.9002968657341291,0.3679622886127627,0.8421106654353808
KIF11,16.195911974939698,-0.5489276891921024,0.6089259201786644,-0.9014687517835371,0.36733914098279363,0.8421106654353808
TRAPPC4,38.93671740990929,-0.49010634734120184,0.5385209452460771,-0.9100970940271373,0.36277130697790105,0.8421106654353808
FAM221A,5.837448751478936,0.6708225584452545,0.7405476401643583,0.905846595225624,0.36501705446231136,0.8421106654353808
COPE,99.90368896884284,0.467669237605665,0.5178200855139503,0.9031500528634202,0.36644626229681376,0.8421106654353808
PALLD,14.074812603781439,-0.630092986372737,0.7002057849362741,-0.8998682957611983,0.36819034395803385,0.8421106654353808
COX20,76.01393294274772,-0.43178936673590756,0.47871891394385774,-0.9019684707643412,0.36707361669379646,0.8421106654353808
FAM107B,30.177626534185457,-0.8000955871423481,0.8855991688085875,-0.9034511495970927,0.3662865036456765,0.8421106654353808
PAIP1,49.11211115673986,0.43865095552059946,0.4869008918828689,0.9009039885392597,0.3676393703724391,0.8421106654353808
DLEU1,11.29997893562078,0.4345433635701841,0.4829578062107613,0.8997543014773234,0.36825101865555554,0.8421106654353808
PSMD7,65.54503679441868,0.5535069581953197,0.6117212176958244,0.9048353108957364,0.36555264177997726,0.8421106654353808
ATRAID,102.26061461146435,-0.4076218934324216,0.4522609465165235,-0.9012980151659614,0.3674298888314077,0.8421106654353808
PSENEN,71.44073184053276,-0.6932642195179364,0.771033996911951,-0.8991357349928948,0.36858036590150234,0.8421106654353808
HINT2,69.64586385469809,-0.5376897682323725,0.5952115026002361,-0.9033591687718151,0.36633530306144857,0.8421106654353808
PAPOLA,67.10654750619551,0.3903724162083494,0.42996672541563397,0.9079130852067445,0.3639241436573172,0.8421106654353808
POLD4,40.46716994242665,-0.7740127346380683,0.8607909492873819,-0.8991878170638827,0.3685526284522075,0.8421106654353808
GTF2A2,91.55082872156672,0.47846574422902793,0.5299460111678758,0.9028575253818828,0.36660151580869105,0.8421106654353808
UBQLN1,31.094211772505645,0.4416468417642442,0.4896059875564476,0.9020454262997057,0.3670327372159913,0.8421106654353808
CCDC186,18.96294530145503,0.4120270399070835,0.45315287760639605,0.9092451141068686,0.36322075528308373,0.8421106654353808
EMC2,21.024496678443388,0.5783285824261907,0.6365345765311015,0.908558001008973,0.3635834844748662,0.8421106654353808
AURKA,37.454589016911186,-0.4886568430944315,0.5399148388602248,-0.9050628134725832,0.3654321111622695,0.8421106654353808
SPAG7,21.182537726647816,-0.439891891427434,0.48975723940305116,-0.8981835408162698,0.3690877067429017,0.8423503234901208
PPCS,51.369028434589815,0.4379050362221453,0.48803638390661735,0.8972794870677832,0.36956979949153945,0.8430155869783802
HSDL2,27.985438786639385,-0.39017322968948637,0.43546219852207024,-0.8959979328026827,0.3702538672917035,0.8441406469233013
CDC20,75.85983220588517,0.6586656248120722,0.7359000070291009,0.8950477218653234,0.370761578131258,0.8445264935894741
FGFR1OP,16.26088913010534,-0.4929608978773193,0.5542295895493233,-0.8894525069983628,0.3737599366918435,0.8445264935894741
THUMPD3-AS1,44.005873253339544,0.5865389854830726,0.6595763700589269,0.8892662201204554,0.3738600213538753,0.8445264935894741
CCDC25,37.545776068392904,-0.4982284577779461,0.5597951379091592,-0.8900192660458516,0.37345554116717083,0.8445264935894741
TRAPPC2P1,20.943079771038317,-0.6897823391244513,0.7736707206855449,-0.8915709496066225,0.37262294689667574,0.8445264935894741
CFL1,660.7157627813223,0.4603393486706371,0.5147971776138645,0.8942149815279783,0.37120687798664176,0.8445264935894741
RFWD3,8.801109751812389,-0.5757853349837391,0.6470205681108414,-0.8899026759920575,0.3735181469311748,0.8445264935894741
MED31,17.605960935400773,-0.5436078098314016,0.6076286609738162,-0.8946381972176698,0.37098052602556186,0.8445264935894741
C4orf3,102.48157736644987,0.4106983313708539,0.459590201622903,0.8936185539217278,0.371526015766249,0.8445264935894741
ANKRD37,58.71592017457958,0.8175288249494,0.9189659072870949,0.8896182311733956,0.37367091350422166,0.8445264935894741
DEDD2,19.529113137561723,0.4023915962760645,0.4521898433898699,0.8898731410230498,0.3735340074567475,0.8445264935894741
ZBED5-AS1,11.963621354243726,-0.5993639205477633,0.6733139585494068,-0.8901700505942844,0.3733745835005998,0.8445264935894741
UBL5,232.2170835776601,-0.39101187865336084,0.4382226268674253,-0.8922676618696208,0.37224948308031214,0.8445264935894741
DDHD2,7.673327559567009,-0.4948292219720063,0.5535836977017617,-0.8938652348801484,0.3713940005493691,0.8445264935894741
TSFM,18.832609445944293,0.5933221235851468,0.6651682150450963,0.891988086870509,0.37239931785191305,0.8445264935894741
MESDC1,11.256482167822908,-0.6025002656842847,0.6765875986175238,-0.8904985354673626,0.3731982544494774,0.8445264935894741
ENO1,219.54874916312914,0.7093427148771656,0.7957374540547547,0.8914280850582605,0.372699556307016,0.8445264935894741
MYADM,62.12890064512989,-0.44726315247850146,0.5027088537341431,-0.8897061373719827,0.3736236976577276,0.8445264935894741
RPL7L1,33.54631534507236,0.41829163378300804,0.4708315954385171,0.8884102890194209,0.37432009280364575,0.8451341350028204
PSMD1,44.29960908960386,-0.44247355937034627,0.498327842027283,-0.8879165923587332,0.3745856188072544,0.845302138767595
PEX13,12.559906907538345,0.4506432960122404,0.5077504053762482,0.8875291703180604,0.37479406841700913,0.8453412364142945
ANP32B,157.77186984234504,0.3915627391684618,0.44201646779476284,0.8858555454324664,0.3756953737629466,0.8469422212810972
ATP6AP2,76.78928832611697,-0.5846142250535307,0.6609206941604145,-0.8845451961466905,0.37640197592496427,0.848102872906835
KCTD13,11.068945855507895,-0.535880750672373,0.6182025190117624,-0.8668368927532257,0.3860313848550556,0.8488037612113362
C6orf1,30.65400218344708,-0.5492439212693511,0.6328473021395735,-0.8678932807526075,0.38545275767938214,0.8488037612113362
LARP4,18.227312567216284,0.40085737758378676,0.456881043226176,0.8773780035897548,0.3802813566024982,0.8488037612113362
ARL5A,37.97152238379752,0.41178314727707727,0.47610862244164526,0.8648932782719092,0.3870973672484569,0.8488037612113362
HNRNPK,209.7125731526615,-0.3749773372693298,0.43915160450351426,-0.8538676243555182,0.3931783399965253,0.8488037612113362
GABPB1,16.71977643841789,0.40628505143084676,0.4693041469374645,0.8657180084219135,0.3866448219098416,0.8488037612113362
TLN1,16.07764855248109,-0.5006894969407301,0.5854935681974699,-0.8551579797574517,0.39246369527303215,0.8488037612113362
TYMS,107.96382239371133,-0.5111419777620948,0.5955748087182331,-0.8582330385365854,0.390763796063035,0.8488037612113362
POLR2H,70.1066706601396,0.4681398836885805,0.5408034670921791,0.8656377264104832,0.386688860008639,0.8488037612113362
CELF1,24.627172700300477,-0.415572723456757,0.47781335848103507,-0.8697386041651481,0.3844432703623115,0.8488037612113362
TTC39C,10.274953860938439,0.5535839286796348,0.6333528780172117,0.8740529140922146,0.38208943811957774,0.8488037612113362
GOT2,18.036515294420447,0.4944235290898968,0.5780182757089416,0.8553769835105722,0.39234248143025385,0.8488037612113362
CNOT4,24.229762222831933,-0.41288184471611566,0.4828225538723263,-0.8551420007303445,0.39247254020778644,0.8488037612113362
NDUFB2,259.1680976577761,-0.4701866136424272,0.5402386112062013,-0.870331375598335,0.38411933723892777,0.8488037612113362
EIF2B5,23.59395012569039,0.44520626846049477,0.5080520019756503,0.876300588776801,0.38086664506234624,0.8488037612113362
MESDC2,38.72933948414522,-0.41027806717672183,0.47955597374307735,-0.8555373921721362,0.3922537131092674,0.8488037612113362
PBRM1,19.68513449724623,0.4906069298036195,0.5688316134606052,0.8624818280033882,0.3884224286892335,0.8488037612113362
RPL36A,119.44479776422592,0.5566514917553473,0.6356633970876959,0.8757016595664575,0.38119224292523846,0.8488037612113362
MRPL16,29.533698352518435,0.410176068889022,0.47855014408734453,0.8571224436078262,0.3913772187291371,0.8488037612113362
RPS27A,1435.8367898555844,0.5683874070247883,0.6541280596222676,0.8689237507301076,0.38488883777530714,0.8488037612113362
DUS1L,11.268682925615488,0.49489408849827154,0.5751822138395939,0.8604127119902338,0.3895615809685318,0.8488037612113362
MORF4L1,157.9446551034061,-0.4623550673944,0.5389539452037846,-0.8578749102941965,0.3909615397092341,0.8488037612113362
CRYZ,12.419130092490708,-0.5366730302515725,0.6239867455325008,-0.8600712019829587,0.3897497945738364,0.8488037612113362
TYW3,18.126517286473298,0.506988727750849,0.5773147380207588,0.8781842803615018,0.3798437213321566,0.8488037612113362
TMED3,82.88453838956733,0.5402477819753178,0.6177184877381996,0.8745857420480585,0.3817993484477519,0.8488037612113362
COX14,86.33862283622459,0.4266985327116119,0.495670457873804,0.8608512489163674,0.38931997480893255,0.8488037612113362
EEF2KMT,8.516010964455507,-0.5174387914697781,0.5973033623078473,-0.8662914427109698,0.3863303578153141,0.8488037612113362
RPL13A,1139.4207750618777,0.8461437553691734,0.9757351087140271,0.8671859276277871,0.3858401454452296,0.8488037612113362
NPLOC4,8.24517327744683,-0.5290102291603599,0.6109903107605998,-0.8658242526003631,0.38658654716320073,0.8488037612113362
WDR34,96.09342228089155,0.526392780812632,0.6008495393746895,0.87608085937863,0.38098607744018365,0.8488037612113362
DNAJB6,98.42732127042176,-0.3238583827094043,0.3772646056718173,-0.8584382893080856,0.39065049244530414,0.8488037612113362
INO80E,33.58480286748352,-0.5073336355785178,0.5899645348022261,-0.8599392093095756,0.38982255342663985,0.8488037612113362
USP39,16.685538866586374,0.4179339527334209,0.4862885325559667,0.8594361675294513,0.39009992288781303,0.8488037612113362
PSMD12,39.490679134165134,-0.4514446800291378,0.5210693843621702,-0.8663811261560521,0.38628119067297706,0.8488037612113362
MALAT1,16357.3628707145,-0.5857199446819056,0.6778935253186887,-0.864029412888328,0.38757173310874826,0.8488037612113362
MFAP1,24.097532937448385,-0.5384934366646569,0.6171558745414674,-0.8725404049094487,0.3829136357617222,0.8488037612113362
RBM7,11.864232635980153,0.5828932786000772,0.6620525502564364,0.880433552252464,0.3786244869889156,0.8488037612113362
COX6B1,341.56494236648047,0.4221733850092962,0.4882717780180255,0.8646278650856426,0.38724307326823715,0.8488037612113362
GSTM3,101.49209272487957,-0.789387102829736,0.9220066870666568,-0.856162014769278,0.3919081701730045,0.8488037612113362
DPH5,7.82741167654392,0.53655200664749,0.6216369935442877,0.8631275361981239,0.38806734966293854,0.8488037612113362
ALG14,9.47017685618972,0.44966406812958215,0.5168861080543736,0.8699480622959206,0.38432878822543604,0.8488037612113362
GSTP1,207.18640297368702,1.2176206301034869,1.4025302293691142,0.8681599901423849,0.3853067538040782,0.8488037612113362
SRI,83.39596610007086,-0.32070984348529175,0.37186131041578696,-0.8624447730975251,0.3884428114183408,0.8488037612113362
AFG3L2,16.27804186960437,0.3661956651352405,0.42875991907625044,0.8540809176478001,0.3930601562252469,0.8488037612113362
FAM89B,6.81543484023256,0.5512884113990032,0.6320045118928055,0.8722855628798223,0.38305261162895243,0.8488037612113362
GCHFR,35.17306616742864,0.6334788135481876,0.7289999073166423,0.8689696763884979,0.38486371691926746,0.8488037612113362
STX18,9.496861596093332,0.43663662681723403,0.5015235506215824,0.8706203851764723,0.38396146211790383,0.8488037612113362
LRTOMT,12.129945851405907,-0.542892460291668,0.6242406848240952,-0.8696845199134204,0.38447283422010026,0.8488037612113362
C14orf1,44.060225965066444,0.344850247364037,0.3975648655005546,0.8674062455942954,0.3857194610057102,0.8488037612113362
IRAK1,6.791985644635171,0.5657855794097957,0.6500381694900518,0.8703882417453248,0.3840882702515316,0.8488037612113362
MZT2A,82.8563787260863,-0.6011888449048728,0.6820098778421063,-0.8814958029743601,0.37804952466569697,0.8488037612113362
MRPS31,17.9377214509981,-0.5866299121461787,0.6819073118851898,-0.8602780787382837,0.3896357736844338,0.8488037612113362
PPIA,1099.8264491664418,0.5435624403626999,0.6236144891390889,0.8716321538858048,0.38340908365973747,0.8488037612113362
GDAP2,5.437150397580739,0.5128679150291009,0.5884643069269385,0.8715361475488378,0.38346147772783834,0.8488037612113362
YWHAQ,178.12680220200718,0.36341257490479734,0.41172328183971196,0.8826621931141546,0.3774188148586197,0.8488037612113362
SCLT1,10.215142280909706,0.4485507478714206,0.5098556297439871,0.8797603119468359,0.37898916896317436,0.8488037612113362
PNN,56.01499132727584,-0.4420902233520758,0.5157744473270718,-0.8571386691278444,0.39136825256847574,0.8488037612113362
ERO1A,12.339082161845289,0.5135464645449166,0.5997487476564184,0.8562693403723703,0.3918488159521011,0.8488037612113362
HM13,73.96698144225961,-0.4492972294989553,0.5107523272257938,-0.8796773025770858,0.37903414858538054,0.8488037612113362
STAMBP,22.72203129033804,-0.43090062984759064,0.4975157593933367,-0.8661044835504798,0.38643286669144483,0.8488037612113362
TMEM245,11.987677970151221,-0.49039514975607007,0.5722280888034945,-0.8569924464586598,0.3914490591610301,0.8488037612113362
HSD17B10,65.64414234133878,0.3938114942099797,0.4499793421029404,0.8751768300507641,0.381477698150286,0.8488037612113362
KANSL2,9.826438195691429,0.4630804658132332,0.5322784797426111,0.8699965965882382,0.3843022641367656,0.8488037612113362
PCBP2,289.18788879563095,-0.43081346431791306,0.5036180110887972,-0.8554369677655406,0.39230928540289434,0.8488037612113362
METTL7A,12.523389657494889,0.4828399825472926,0.5632787755008563,0.857195412907154,0.3913368971523957,0.8488037612113362
BMPR2,6.700904436332197,-0.490837284489013,0.5626505817100919,-0.8723660837551911,0.38300869693630935,0.8488037612113362
UBIAD1,13.51036238017213,-0.5259280599583458,0.6152829984941386,-0.8547742441210263,0.3926761393928272,0.8488037612113362
COPS7A,22.16822858812334,-0.40310981988146777,0.47126347421711934,-0.8553809958455384,0.3923402609013844,0.8488037612113362
PPP2CA,49.243885862819226,-0.4052705642785789,0.4642877597051184,-0.8728866006202212,0.38272489046488,0.8488037612113362
HDDC2,32.17893418042498,0.4280191959964441,0.49871668449147394,0.8582411804266828,0.3907593011535492,0.8488037612113362
PTEN,7.660172902953566,0.4934882050885854,0.5736601645089211,0.8602448550894822,0.38965408365383003,0.8488037612113362
RTKN2,20.89447560840073,-0.488542120532984,0.5700165023747832,-0.8570666261373777,0.39140806420337215,0.8488037612113362
BCLAF1,63.450354665767534,-0.42356787473646335,0.48018303823855896,-0.8820967027286609,0.37772451515334016,0.8488037612113362
LCP1,6.256199142946605,-0.5420924969896032,0.6284668557445224,-0.862563382674183,0.38837757034460496,0.8488037612113362
GIPC1,23.44725368880809,0.5772555873148202,0.6567019086817547,0.8790222469028409,0.3793892135817225,0.8488037612113362
PWWP2A,9.015707302794736,-0.4282938007788743,0.5016337521305734,-0.8537978135637712,0.39321702616369614,0.8488037612113362
RAD23A,98.86804742429266,0.40424198613709034,0.4576042291695404,0.8833877843976841,0.3770267885454023,0.8488037612113362
COX7A2,410.21094688935284,-0.45531725661470385,0.5242514030639029,-0.8685093715604296,0.3851155441864157,0.8488037612113362
PURA,11.64548619992494,-0.522378586006484,0.5990364542134823,-0.8720313802811086,0.3831912586585725,0.8488037612113362
WRNIP1,7.610778494781449,-0.4382227902091694,0.5110123705571745,-0.857558085592644,0.39113652789816133,0.8488037612113362
GLTP,20.91735535322369,0.49531055974383614,0.5724180788747194,0.8652951016458738,0.386876838670721,0.8488037612113362
RMDN1,15.170210156396923,0.4266625117882658,0.49961652290881753,0.8539799870992933,0.3931160781927868,0.8488037612113362
PLEKHA3,9.798248242167869,-0.5112182377923895,0.5879888264916857,-0.8694352932565772,0.38460908595709153,0.8488037612113362
RPL36,731.3796225034291,0.4514852544672825,0.5155636807440287,0.8757119078204417,0.38118667019662955,0.8488037612113362
ACLY,23.493171906938308,0.5091369726828774,0.5825513223703702,0.8739778850921258,0.38213029731485615,0.8488037612113362
CHD7,9.026150471635235,0.5060215748521493,0.5846842161753643,0.8654613222881636,0.3867856359254389,0.8488037612113362
TSC22D3,108.69151443719666,-0.46759037584424307,0.5480364955802736,-0.8532102872987458,0.3935426995552759,0.8490923707965782
POFUT2,5.330641137141979,-0.495969553166869,0.5915406940681737,-0.8384369125240768,0.40178536557115474,0.8500713383042262
C8orf59,112.39630333052469,0.3650334636254439,0.43252411831641624,0.8439609449903577,0.3986912299970792,0.8500713383042262
IFT80,6.622641793683229,-0.6131080752142843,0.7273826523868054,-0.8428962021605204,0.39928649776177416,0.8500713383042262
TMEM248,25.281847025128737,0.39374877120669927,0.46710303372944295,0.8429591391495175,0.3992512965970939,0.8500713383042262
VAMP7,13.557939415642029,0.4817101642498679,0.5718744759048767,0.8423354854011593,0.39960019358677334,0.8500713383042262
THRAP3,78.68789362236686,-0.5732656853351594,0.6734301224473505,-0.8512623154601731,0.3946236535675539,0.8500713383042262
C15orf40,15.038111279403163,0.39904755061259917,0.4754179140316491,0.8393616202397332,0.40126641411169617,0.8500713383042262
KDSR,18.325929807735083,-0.4144303848705598,0.49336151211823215,-0.8400136100832348,0.40090075555932025,0.8500713383042262
RSF1,34.817484596638,0.37276850957652496,0.44323213665357136,0.8410231992448678,0.40033493794107855,0.8500713383042262
AAMP,34.21920692362838,-0.38975929215908495,0.4581870473573581,-0.8506554133449704,0.3949607977455568,0.8500713383042262
CWC25,18.883984314964046,-0.45194644765916614,0.5359797243125027,-0.8432155679748419,0.3991078931959614,0.8500713383042262
STUB1,94.15360052490742,0.5430075800114671,0.6400845122913804,0.8483373204385207,0.3962501389206107,0.8500713383042262
CHMP3,31.979988617073126,0.4142759570130421,0.49111357908177816,0.8435440897146494,0.3989242183793693,0.8500713383042262
RNASEH2C,62.705357825294485,-0.5566076829620685,0.6620084309380573,-0.8407863962900936,0.4004676094994498,0.8500713383042262
PPAT,10.569299856633489,0.4483479869071629,0.5284309597378255,0.8484513987023113,0.3961866283162443,0.8500713383042262
IDH3G,31.409584916141654,0.4218009327990195,0.502215231762467,0.8398808043291665,0.4009752214037793,0.8500713383042262
SUB1,436.2015653040238,-0.5857167382548829,0.6945214848904034,-0.843338544591331,0.3990391316421543,0.8500713383042262
CUX1,17.307195218648864,-0.47327813087577103,0.5646063934443997,-0.8382443705401961,0.4018934719097471,0.8500713383042262
AIMP1,49.296932388086645,-0.4102546979416288,0.4892357030472129,-0.838562466693151,0.401714880207963,0.8500713383042262
RPN2,158.48494792020716,-0.48217471616782537,0.5692982306391122,-0.846963314160525,0.39701556996886644,0.8500713383042262
DGKD,6.447821098865582,-0.5273540582489471,0.6256554980585488,-0.842882480670852,0.39929417254937727,0.8500713383042262
EIF5,85.9559678189938,0.48012119161649264,0.5720841919076645,0.8392491846619407,0.4013294921260693,0.8500713383042262
POLR2J3,42.043684993965094,-0.63001586731504,0.7480102120334362,-0.8422557034380141,0.3996448400532643,0.8500713383042262
RAE1,29.246275110489602,-0.5750620370239274,0.6849976765425602,-0.8395094709320489,0.4011834767571485,0.8500713383042262
NDUFAF2,13.625570391568981,-0.5480141408241441,0.6461533089832107,-0.8481178277744971,0.3963723540012618,0.8500713383042262
HLA-DPB1,7.635020058426543,-0.656872297970042,0.7774710950755161,-0.8448832402010259,0.3981760328386169,0.8500713383042262
RPL28,1545.5523314636825,0.599060921573706,0.7031818972707935,0.8519288165676558,0.39425360178840274,0.8500713383042262
EBLN3,22.824675770201686,-0.45388358636116827,0.5380308046080966,-0.8436014861486947,0.3988921335504271,0.8500713383042262
LINC00998,22.509228852316973,0.5253174136427821,0.6206979769666379,0.8463333749048413,0.3973667943663307,0.8500713383042262
PRKD2,8.33838409251246,-0.5078287601698884,0.6004940119709126,-0.8456849694522637,0.3977285102607976,0.8500713383042262
RBM25,74.03185202390458,-0.471473417220173,0.5584666662497212,-0.8442283948409398,0.3985417903198052,0.8500713383042262
TTC37,11.637538827589342,-0.45594507703293025,0.5362695698492974,-0.8502162022004344,0.39520489540236947,0.8500713383042262
FDPS,110.1715020214635,-0.3335287770526393,0.39202509888282394,-0.8507842431597238,0.39488921609228145,0.8500713383042262
B3GNT2,17.319656003671646,0.4604443434666119,0.5411802394759607,0.8508151441606081,0.3948720477493207,0.8500713383042262
TINF2,17.923562407879743,-0.41764689185091763,0.49151146274918023,-0.8497195355625797,0.3954810345806359,0.8500713383042262
TERF2,5.569501338815412,0.5995061934489604,0.71502476539438,0.8384411596125569,0.40178298115970246,0.8500713383042262
FAM118A,8.553119745734612,-0.6220639576330307,0.7372991513943452,-0.8437063252502228,0.3988335320969638,0.8500713383042262
GART,15.98606845898816,0.3842794749171965,0.4553804471165887,0.8438646791938597,0.3987450275138378,0.8500713383042262
SNRNP40,26.729798429753153,0.4070907861334105,0.4858276039281752,0.8379325975754865,0.40206855974054745,0.8500713383042262
GTF2E2,18.538206685388413,0.4977079409769564,0.5926958392419981,0.839735844296592,0.40105651178548185,0.8500713383042262
ANAPC11,369.5403231101056,-0.5217448970098637,0.6180943384177988,-0.8441185504876635,0.39860316262112483,0.8500713383042262
HLA-E,53.734638345187726,-0.5315141420720435,0.6317136114953651,-0.8413846597572375,0.4001324765062404,0.8500713383042262
HECTD4,6.276744534488128,-0.4804795886891441,0.5741936025630981,-0.8367902159556787,0.4027104979619328,0.8502093233821616
MVP,12.10909539699334,-0.6470562200704327,0.7728525929880278,-0.8372310915963457,0.4024626840599146,0.8502093233821616
TULP4,10.872331692487476,-0.43990705998096763,0.5256718013244007,-0.8368473615526767,0.4026783715610639,0.8502093233821616
SRRT,23.3053623651322,-0.3627038747173031,0.43385624368682657,-0.8360001267588444,0.40315483174545075,0.8503356322413584
RAB1B,57.37674391080994,0.4286927826368265,0.5126843468824197,0.8361729497763346,0.4030576136999229,0.8503356322413584
E2F1,9.185158435656685,-0.47853680486828526,0.5736905812782324,-0.8341374610021726,0.4042035275723349,0.8514085540891994
MKRN1,31.406007988894952,0.41199297851136724,0.49402826662450916,0.8339461653203467,0.4043113209340825,0.8514085540891994
RNF10,31.50447710589193,0.374753395203607,0.449566775712389,0.8335878348878611,0.4045132831231337,0.8514085540891994
HNRNPU,109.46220321545601,-0.3611215639175079,0.43280608846974056,-0.8343726521831394,0.40407102307110954,0.8514085540891994
TALDO1,155.0235377900384,0.38088553878713,0.45703271950073315,0.8333879009870736,0.4046259960876095,0.8514085540891994
KIF9,19.435099467673716,0.4944170228337697,0.5935714530732897,0.8329528320033995,0.4048713316257031,0.8515196860582429
SMC3,61.265422606282776,-0.4597600519718088,0.5538844212580685,-0.8300649636029305,0.40650205494220826,0.8520671773613777
ACP1,111.42187161829429,0.3326552149737364,0.40018677620638893,0.8312498931803175,0.4058324744595513,0.8520671773613777
CHEK1,23.834842332053604,-0.5854277416147815,0.7043746258386374,-0.8311312192964984,0.4058995050464317,0.8520671773613777
THYN1,24.781758419752254,-0.5734664680034169,0.6911307737224064,-0.8297510251420965,0.4066795658374385,0.8520671773613777
DPM2,44.16502533624621,0.4388217457696482,0.5285349052402403,0.8302606723205653,0.40639141834691805,0.8520671773613777
THUMPD3,22.8192734670319,-0.5100815355425533,0.6153537442025485,-0.8289240787891524,0.4071473692150621,0.8520671773613777
TBCA,193.1299173999375,-0.4082811389482234,0.49240556812943287,-0.8291562187227406,0.40701601531413856,0.8520671773613777
NDUFA7,15.720664581915855,-0.5792652495093951,0.6980299123091673,-0.829857344641744,0.4066194441962613,0.8520671773613777
C6orf62,32.970242290490305,-0.5692581825254167,0.6844408257085148,-0.8317127809203021,0.40557108470651027,0.8520671773613777
OLA1,66.44157474459858,0.4016025910525048,0.48459335718108737,0.8287414284600484,0.40725073772144527,0.8520671773613777
DKC1,34.4224495523008,0.3546100667785102,0.42775209801396064,0.8290083635473758,0.40709967466227615,0.8520671773613777
TMEM167A,70.60297155137314,-0.4119084741600416,0.4974221558058803,-0.8280863032582519,0.4076216257622738,0.8524399294309867
KNOP1,29.07762498618182,-0.3295094437608433,0.3983102911344852,-0.8272682154968172,0.40808505487508573,0.853005764514416
MED8,25.13355009633371,0.527847425834782,0.6388007476319975,0.8263099687836717,0.4086282799887577,0.8537377810062708
RPS24,1436.0375078715165,0.505191994945826,0.6126887996962247,0.8245490944118836,0.4096276323367801,0.8554216325899804
MDH1,107.34177052754701,-0.4636288419198837,0.5628322630458434,-0.8237424759748012,0.4100858989964261,0.8559744838419975
RNPEP,30.323659754326247,-0.41081740436689945,0.499609399153679,-0.8222771730532089,0.4109191653184312,0.8561372943404036
UQCR11,197.64641404694746,-0.5033111473256893,0.6135550039271496,-0.8203195216470762,0.4120339804615901,0.8561372943404036
UXT,100.33695040866135,-0.34472195885284207,0.42000077347480624,-0.8207650571708297,0.41178010577050606,0.8561372943404036
TCTA,12.107239766362971,0.5005265120824078,0.6104282465360505,0.8199596183871021,0.412239128008542,0.8561372943404036
ZC3H8,15.858012690888632,-0.561895249266972,0.6853510016312754,-0.8198649275036392,0.412293112580841,0.8561372943404036
PDIK1L,5.121237816120995,0.5469963628443104,0.6665822296820767,0.8205984775579718,0.41187501516703595,0.8561372943404036
COPS2,26.10270541134862,0.42394319405000774,0.5161717638920814,0.8213219391416452,0.4114629142534828,0.8561372943404036
CUL4A,25.471706416104844,0.4502749203631012,0.548080965861848,0.8215481806689848,0.41133409194495907,0.8561372943404036
LPAR6,6.944738015006115,-0.6262363665682337,0.7627135993025108,-0.8210635907644974,0.41161004753323027,0.8561372943404036
CKS2,281.487481974424,0.42088474487476296,0.5115947778189942,0.8226916362771688,0.4106833727210776,0.8561372943404036
FKBP4,83.7208998764207,0.4252095403174346,0.5185269104174738,0.8200336988780236,0.41219689662610026,0.8561372943404036
MRPS35,46.700179818692376,0.4331105821327659,0.528817882595609,0.8190165204075914,0.4127769880962927,0.8567398490614279
RALA,48.07323948206645,0.47601124414152624,0.5821635563949835,0.817658953248809,0.4135519546091587,0.8572521733665212
BORCS8,8.088121745443615,0.490331730262937,0.5997460385408072,0.8175656006931248,0.4136052765010527,0.8572521733665212
ATF7,15.159405907063814,-0.4201762412543406,0.5139046381408203,-0.817615195641032,0.413576947938035,0.8572521733665212
CLTC,47.54031308433292,-0.40703223225520085,0.49845513869935487,-0.8165874933445193,0.414164204700168,0.8580085608378657
TMED2,185.5687265052646,0.45684551438458476,0.5597269679165141,0.8161935024948189,0.4143894724305366,0.8580733317229697
GBAS,56.5312663527028,-0.46609983725161747,0.5714229826083507,-0.8156826929222045,0.41468164014982334,0.8582765064963354
UTP11L,20.431040344106524,0.46072345149501176,0.5651844857268986,0.8151735639071253,0.414972967800061,0.8584777533113516
MINOS1,151.999877688073,-0.6230879880904714,0.7648835919612156,-0.8146180603676303,0.4152909692783583,0.8585786499637612
CHMP2A,106.58079600217192,-0.49175850568764795,0.6038216124950638,-0.8144102422164758,0.4154099730776507,0.8585786499637612
EIF3D,59.12978039835974,0.5746566202948403,0.7074123527104494,0.81233614043216,0.416598778311315,0.8589490154508327
YIPF6,32.98739125381982,-0.34925567679059616,0.4292461077846664,-0.813649024316377,0.4158460445546871,0.8589490154508327
CD46,80.36346415711483,-0.49342881434638175,0.6093985940667734,-0.8096979860972825,0.418113775777898,0.8589490154508327
AGO2,10.601110008399168,-0.4037626623213945,0.4978920423717053,-0.810944196653704,0.4173977177841507,0.8589490154508327
INADL,16.610909412567416,-0.38522497893230323,0.4742857308969408,-0.8122213126753545,0.41666465229119465,0.8589490154508327
UBE2B,84.83191020244482,-0.37311500406014275,0.45992465682585615,-0.8112524486840403,0.4172207113416607,0.8589490154508327
HEBP1,48.32406991820911,-0.601675699011356,0.7429314456199045,-0.8098670510699891,0.41801659063215924,0.8589490154508327
EAPP,36.470465611807725,-0.42948197960160883,0.529420394426733,-0.8112305157164572,0.4172333043674271,0.8589490154508327
FAM168A,4.8375999200879,-0.5367354617833859,0.6623811526268518,-0.8103120984871265,0.41776082362116007,0.8589490154508327
EWSR1,70.4946204084828,0.3435088242209632,0.4227811367335917,0.8124979909816066,0.41650593889653864,0.8589490154508327
RALBP1,28.942192025638338,0.36500329113992197,0.4506694868539249,0.8099134771425742,0.41798990544194325,0.8589490154508327
MAT2A,30.32521453125933,0.3562427348965719,0.4388980916724498,0.8116752878534644,0.4169779779390016,0.8589490154508327
GRPEL1,26.972285752499886,0.36891303003316583,0.4536816811627473,0.8131539036085242,0.41612982454620795,0.8589490154508327
KLF6,282.136766863616,0.5435860652563355,0.6718738331322257,0.8090597348049376,0.4184807874503419,0.8593038639242628
KNSTRN,24.684791161030912,0.39413537090291756,0.4876617068782361,0.8082147220989999,0.4189669841225153,0.8595041608413198
G6PC3,34.1123223992402,-0.5805593566654085,0.7181384511675836,-0.8084226039164281,0.4188473439292645,0.8595041608413198
SBDS,57.56668604352044,0.3853776729405766,0.4779638911583196,0.8062903496886233,0.42007545353851095,0.8597842346139908
GPATCH8,17.185480552801774,-0.42990683919607386,0.5329461859038336,-0.8066608797790469,0.4198618884086741,0.8597842346139908
STT3B,25.768262688830635,0.5318812153224491,0.6586394075497591,0.8075453870899251,0.41935233652444026,0.8597842346139908
FAR1,12.955817088362114,-0.416104099114384,0.515992570527389,-0.806414903782606,0.4200036562666355,0.8597842346139908
GGCX,18.30837102039624,0.37870301206551893,0.469190958600608,0.8071404726020827,0.4195855567649791,0.8597842346139908
MAD2L1,92.66876263089462,-0.36787204122926226,0.456809291032914,-0.8053077037847647,0.4206421373139514,0.8598799267100642
TMEM14C,109.41167046755527,-0.33305299200349997,0.41331085195666106,-0.8058171964921532,0.42034826106631684,0.8598799267100642
HOOK3,14.630902620060265,-0.41077818741526057,0.5101579933639875,-0.8051979832886369,0.42070544006343635,0.8598799267100642
RBX1,177.39095983593194,0.44975081864009026,0.5590316085156503,0.8045176905725883,0.4210980567336693,0.8599140001356848
NHSL2,5.236096118455224,-0.5741596569924775,0.7136892092878901,-0.8044953594931982,0.4211109482916331,0.8599140001356848
CSPP1,12.582313069160147,-0.40322106820726805,0.5026156009059433,-0.8022454286744766,0.4224110026087936,0.8602890612444011
TMEM259,16.367125327364203,-0.5154413188261415,0.643549775159576,-0.8009346576157711,0.42316947481923994,0.8602890612444011
B4GALT4,10.40644974727774,0.41587215997503174,0.5190260162323763,0.8012549409254257,0.4229840706475514,0.8602890612444011
ANXA11,34.859472876565526,-0.3477865679410951,0.43447385021124124,-0.8004775610131685,0.42343415924238326,0.8602890612444011
EHD4,11.719165430078654,-0.4614473369219746,0.5740982087064777,-0.8037776985259699,0.4215253716798788,0.8602890612444011
CLTB,44.804229517251734,0.5226961278672183,0.6525338363197145,0.8010253243191497,0.42311698525587405,0.8602890612444011
NDUFA6,142.89508949310385,0.4113091626196985,0.5136916893818748,0.8006926549943348,0.4233095957651325,0.8602890612444011
SETD1B,6.831280902781276,-0.6100495608618353,0.7606467669722724,-0.8020142691069548,0.4225447042473983,0.8602890612444011
N4BP1,7.478163797227543,-0.5765269197129615,0.7194451970391762,-0.8013493204007972,0.4229294457530266,0.8602890612444011
PPDPF,1271.5542935532198,-0.6677292409176817,0.8314286847702569,-0.8031106613818487,0.4219107760512474,0.8602890612444011
ZNF644,23.34399549771314,0.39474750008629605,0.4923343876918366,0.8017873826302331,0.42267595845635075,0.8602890612444011
MRPL50,26.299629141992256,0.4801828196671029,0.6009374050907851,0.7990563003721836,0.42425776715083685,0.861566622639188
MRPS26,68.66409448581693,0.45888522492025474,0.5748575734710328,0.7982589881341766,0.42472021231692014,0.8621099123807883
HIGD1A,35.686714452401326,-0.6082635057753912,0.7625576447192371,-0.7976623275468508,0.4250664711117854,0.8622330476173579
MED27,9.14933042415668,-0.507989256797987,0.6369909631764153,-0.7974826742672312,0.4251707612148897,0.8622330476173579
GABPB1-AS1,17.499971508002123,0.4366794231517194,0.5482678432538447,0.796470974040948,0.42575833991198786,0.8630289355777828
DCTN6,28.235600165019584,-0.45237633057762466,0.5683015044928008,-0.7960146629936562,0.42602351280226325,0.8631708644637701
EDF1,205.90541589329214,0.3890550948822418,0.48900897327771964,0.7955990915146016,0.4262650948077519,0.863264887515882
APEX1,59.71538751297287,0.3988982852391143,0.5017269276180959,0.7950505808664656,0.42658407995391134,0.8635155083002976
GBP1,12.838044813773148,-1.056260471605647,1.3304384317014406,-0.7939190919604155,0.4272425343143569,0.8642298201548151
CTNNB1,37.536611812441905,-0.5670008139589294,0.7146133406545637,-0.7934372082104907,0.42752313961083777,0.8642298201548151
EXOC4,11.118474921647794,-0.396539107478403,0.4997411950105292,-0.7934889327465754,0.427493014800983,0.8642298201548151
HDAC1,43.33679040084631,-0.4230464195834475,0.5342542001359016,-0.7918448174592442,0.42845116631046054,0.8657101455418761
CTNNA1,57.2016444340076,-0.39480763062396546,0.49886209606030596,-0.7914163728651742,0.4287010587472727,0.8658195355430078
DPAGT1,17.140590064234853,0.47417566158320856,0.6011251470270634,0.7888135506030669,0.43022098840603906,0.8667768677586988
MOB1A,40.82996265254699,0.4070066406310671,0.5155657746078052,0.789436887932835,0.4298567031730254,0.8667768677586988
SERP1,182.21495371672012,0.42757072486157616,0.541286776652438,0.7899153338011816,0.4295772156809785,0.8667768677586988
ASF1B,44.53411955566695,-0.46825116839956343,0.5941951102878442,-0.788042783072937,0.4306716812092817,0.8667768677586988
ALDH9A1,38.83466030391035,-0.4146548541521807,0.5262644094916544,-0.7879211412998969,0.43074283412471626,0.8667768677586988
FAM111A,38.94963427561065,-0.45668704479264305,0.5779198958668214,-0.790225510592015,0.4293960801686988,0.8667768677586988
FAM195B,35.57315289515587,-0.4839756453002016,0.6132212193585493,-0.789234993868048,0.4299746726782784,0.8667768677586988
POLR2I,91.11817896763628,0.4143564663126932,0.5256436763385397,0.788283936371048,0.43053064160552446,0.8667768677586988
RAB14,39.876207828390434,0.2995720450672497,0.3807058917008707,0.786885760367035,0.43134874398054657,0.8667838151241208
FRG1,31.929998665034667,-0.5591664195460477,0.7108867975892896,-0.786575895687266,0.43153017429421525,0.8667838151241208
TTF2,18.096566775441893,-0.40515000436150345,0.5149140172822727,-0.7868304042292225,0.43138115256598597,0.8667838151241208
TCEB1,187.72543578908466,-0.4473748261281551,0.5680657614430014,-0.7875405569097018,0.4309654965062544,0.8667838151241208
RQCD1,14.03563152719766,-0.47248616017066614,0.6012542756796403,-0.7858341791192778,0.43196463983965616,0.8672626427647749
SMIM19,59.340121218680316,-0.5131723938144884,0.6534169161649845,-0.7853674753729745,0.43223814459101517,0.867418018841225
GOSR2,8.055143705846234,-0.6570839751221148,0.8378034613301811,-0.784293698284395,0.4328677962881988,0.867673337998054
MTA1,33.820913785067496,0.6068687862959807,0.7739222703659722,0.7841469479990604,0.43295389033726095,0.867673337998054
TMEM147,81.90720413939725,0.42869036604318644,0.5462786454787607,0.7847467031545423,0.4326020942436467,0.867673337998054
POP7,55.464540071443594,0.435463882775854,0.555695294632941,0.7836378802946233,0.4332526220853241,0.8678787805631288
CERS6,28.18098126886098,-0.4674806800765668,0.5991678246129133,-0.7802165952061566,0.4352633958240184,0.8687590251487515
BATF,14.761425798913342,-0.47851182481641447,0.6117564021504791,-0.782193407595448,0.43410091821200336,0.8687590251487515
SLC7A5,11.958802302185259,0.6101822979334771,0.7807859956322689,0.7814974927148386,0.4345099508042153,0.8687590251487515
VPS53,5.952954716324237,-0.4735995369640915,0.606864209929685,-0.7804044615169605,0.43515284260959053,0.8687590251487515
CRTAP,36.39945674279201,-0.5518598268869624,0.7057832471348132,-0.7819112016717371,0.43426676141353004,0.8687590251487515
POLB,16.30436626024503,-0.4662436548367074,0.5973299407060193,-0.7805462660814,0.43506940596861354,0.8687590251487515
NFYC,20.87244316065426,0.4701300055968807,0.6019805231661665,0.7809721203672719,0.4348188923157934,0.8687590251487515
FH,34.261959437333914,0.430393787424738,0.5506212263719461,0.781651281881396,0.4344195401604156,0.8687590251487515
SNX6,59.421616524889814,-0.3825930120667459,0.49079765374339207,-0.7795330909767965,0.43566575256007223,0.8691698798255297
RIOK1,9.574748478347804,0.4053864450466486,0.5206028137076859,0.7786866193817187,0.4361643401084898,0.8697127308356791
CSNK1A1,105.65855221809886,-0.3083458705633115,0.39612717944287457,-0.7784011967999231,0.43633253345047485,0.8697127308356791
MRPL11,41.32585850754741,0.38287047287885556,0.49207716481264374,0.7780699862889021,0.43652775547257694,0.8697127308356791
MYL6,865.631515349862,-0.42273024097774653,0.5438717695593924,-0.7772608630159524,0.43700488030632534,0.8702713127397015
PISD,6.508899120756512,-0.46777752793937005,0.6033445652004554,-0.7753074361148103,0.4381580163889195,0.8702757113632942
TM2D3,22.44487928539018,0.40724853720960713,0.525282737208328,0.7752939671575229,0.43816597337771135,0.8702757113632942
NUDT15,23.727366152839807,0.3691200816490447,0.47733612952053545,0.7732917305459587,0.4393497486730087,0.8702757113632942
DENR,41.74436374067885,0.3072520231769444,0.39735265950042103,0.7732476827089635,0.43937581154768457,0.8702757113632942
CMC2,54.253531811473614,0.38111935573826133,0.49207138907264647,0.7745204541489713,0.43862307719320803,0.8702757113632942
PMS1,14.439924889050374,-0.4524851991677861,0.5850958669430696,-0.773352239748112,0.43931394714207106,0.8702757113632942
SLC35A4,14.127166807005,-0.43157260632117067,0.5580005620588471,-0.7734268308418958,0.43926981607185556,0.8702757113632942
CDC6,21.21335979712241,-0.49938462882629425,0.6460946206934248,-0.7729280090435156,0.4395649873808726,0.8702757113632942
DLG1,14.44693997046904,-0.393341828326615,0.5073815625004507,-0.7752387106621865,0.4381986178518269,0.8702757113632942
ACTR10,36.666924289603294,-0.3702145804505981,0.4771537658226271,-0.7758810827204461,0.4378192031793289,0.8702757113632942
CUL4B,6.061637697220137,0.4698139622372791,0.6048712123565201,0.7767173451798592,0.43732555113195604,0.8702757113632942
MCM7,53.20106477319122,-0.35709443991908474,0.4602323035329618,-0.7759004250198392,0.4378077816536494,0.8702757113632942
GORASP2,31.596880733669696,0.37293853074591604,0.4821823309204277,0.7734388152175165,0.43926272587396564,0.8702757113632942
IST1,14.099758843870921,0.3877907794751979,0.5029552681454673,0.7710243913043953,0.4406924742073286,0.8717246025443898
GPR180,11.157194791129143,0.5237778747059391,0.6794416989824515,0.7708945086684577,0.44076946229101177,0.8717246025443898
CLDN4,236.93081545990307,0.5266899241920874,0.6833965569217979,0.7706944362793406,0.4408880705158942,0.8717246025443898
NUP153,11.207283208394346,-0.44991207469107747,0.5842397224536157,-0.7700812823914026,0.44125167833224777,0.8717429721512358
RAP2C,8.47241580267212,0.4679781001101789,0.6077526623530954,0.770014068384764,0.4412915475122353,0.8717429721512358
RNF170,9.72509287360803,-0.41988366175951564,0.545783968181305,-0.7693220875627363,0.4417021281738055,0.8721645146931882
RPL34,975.7733857453044,-0.3798526710846384,0.49453257862745736,-0.7681044434704272,0.44242513725225574,0.8724237102392899
MRPL49,22.941849792461536,0.37801703907519474,0.49206986085533877,0.7682182331145173,0.442357542912853,0.8724237102392899
SPCS3,34.367488910018565,0.38528724014655014,0.5015279775200845,0.7682268136898119,0.44235244604254365,0.8724237102392899
USP4,11.212451781485807,-0.42469220654968565,0.5532426084230243,-0.7676418990219106,0.442699962847502,0.8725766201758027
ATP6V1B2,12.401269864909777,-0.42559498611127133,0.5579701615823734,-0.7627558163761065,0.4456090358560275,0.8729725009307063
STMN1,760.7365082978207,-0.4364014526476509,0.5712688592992434,-0.763916053787651,0.4449172699050076,0.8729725009307063
SRSF7,149.41023563508514,-0.4863408209923965,0.635598781825141,-0.7651695297399002,0.44417060125467955,0.8729725009307063
MSN,5.017464392290175,-0.637747842537486,0.8372572040969465,-0.761710785427462,0.4462326367717796,0.8729725009307063
WIPI2,25.365303913418735,0.38117795417596895,0.5007484688776309,0.7612164147607574,0.44652781543446163,0.8729725009307063
MNAT1,18.469889695301465,-0.37559841497932733,0.4932800245218214,-0.7614304174255324,0.44640002515969357,0.8729725009307063
HACD3,128.0148226068799,-0.4652802917444903,0.6105674513932652,-0.7620456850144215,0.44603273818552513,0.8729725009307063
YWHAG,25.962087223819395,0.40369182505730256,0.5273843840163873,0.7654603308177564,0.4439974795873257,0.8729725009307063
QDPR,16.909482780838864,-0.49004075493364063,0.641545201817346,-0.7638444704215244,0.4449599321718972,0.8729725009307063
RABL3,7.181151549277084,-0.47756664966433127,0.6276417051796795,-0.7608905618016808,0.44672243635578035,0.8729725009307063
RNPS1,98.7219987487488,0.33551889886937913,0.439091035495672,0.7641214958775587,0.44479484344836506,0.8729725009307063
ZNF33A,13.620169157995708,-0.34731650551473386,0.45323187509122764,-0.7663108545594352,0.4434913612092142,0.8729725009307063
SIN3A,12.833786250857244,-0.4127278556614146,0.5406718000054608,-0.7633611659739719,0.44524803307955874,0.8729725009307063
FIS1,122.9028300602163,-0.397483925399112,0.5225376442744215,-0.7606799811543626,0.446848234706561,0.8729725009307063
MKLN1,13.316588242318115,-0.425932744495522,0.5579285816795027,-0.7634180403759911,0.44521412436094887,0.8729725009307063
RBM5,15.166797653035918,-0.4586199376432143,0.6017585954304484,-0.7621327574310018,0.4459807737889111,0.8729725009307063
LLPH,22.506006739265057,-0.6756354489240107,0.8815146429710812,-0.7664483560327828,0.4434095696189654,0.8729725009307063
RPA3,163.91380087084616,-0.42106094342095796,0.5509778347879086,-0.7642066828024754,0.44474408473839855,0.8729725009307063
ZNRD1,25.823907856417,-0.4513726913417355,0.5914563578173948,-0.7631546865222666,0.44537114922917165,0.8729725009307063
HINT3,11.642954734772092,0.37924561807348206,0.49600486246947556,0.7646006052951166,0.4445094086185999,0.8729725009307063
RNF121,11.39193015157142,-0.5312171817853889,0.69969339803437,-0.7592142262278351,0.4477244172974171,0.8730427744244554
PLRG1,16.51036102404023,0.4746797080343204,0.626734342668603,0.7573858263664927,0.4488187451208021,0.8730427744244554
MTPN,37.69340020390492,-0.36085050812942915,0.4761002218675645,-0.7579297205826675,0.44849305682906526,0.8730427744244554
DIABLO,18.36619386485807,0.5766325306718836,0.7613695721518915,0.7573621953949674,0.4488328985813459,0.8730427744244554
SCAPER,11.749969350284578,-0.5450857486945254,0.719756025888674,-0.7573201600104905,0.4488580757497652,0.8730427744244554
DERA,22.537539318447315,0.3513495131524621,0.46372094319023627,0.7576744555363438,0.4486458949069605,0.8730427744244554
TONSL,5.808784812390934,0.46776434248126997,0.6167715980065724,0.7584077217451335,0.44820693665750244,0.8730427744244554
RAB11A,92.32700593104285,0.32778062648337064,0.4315895530061401,0.7594730321906271,0.44756964021944445,0.8730427744244554
VAMP2,16.505005708458103,-0.4952432114091778,0.6534279853643091,-0.7579155201518685,0.44850155845643314,0.8730427744244554
GTF3C5,14.391575159911142,0.35593476577324756,0.46946527924603604,0.7581705857883269,0.44834886766261983,0.8730427744244554
ATXN3,12.563393281804254,-0.3753029038755727,0.4962744322445692,-0.7562406593830316,0.44950491911001256,0.8739165965817959
GINS2,34.12626591297148,-0.34336986791582097,0.4551373685575208,-0.7544312808330206,0.45059029440229326,0.875641859464562
C1orf131,22.543783938644754,-0.3849475495849399,0.5106087571823605,-0.7538992313981375,0.45090973215679286,0.8758777976853293
DPP7,62.92344112772088,-0.5351716093735901,0.7129187544788239,-0.7506768562496647,0.4528471547324795,0.8759158916393501
TRAF2,9.715658964294109,0.3877785004361725,0.5182318413113225,0.7482722394188406,0.4542959655032035,0.8759158916393501
DGKH,5.4938899967312365,0.5509839688960474,0.7361815131451882,0.7484349430917908,0.45419785222736586,0.8759158916393501
ZNF638,21.04687726213392,0.3382533639185018,0.4512288228815885,0.7496271221292667,0.4534793111225973,0.8759158916393501
CYTH2,32.574808474345254,-0.43337289371365817,0.5752913059821805,-0.7533103476572993,0.4512634421438988,0.8759158916393501
NNT-AS1,9.876827101775863,-0.5619816424429491,0.7499767264949905,-0.7493321093700671,0.4536570592272233,0.8759158916393501
AK3,22.500760501398805,0.36265286747985176,0.48423981597450777,0.7489117076216286,0.4539104233375112,0.8759158916393501
EIF2A,37.15735158402681,0.30456944341777936,0.4049611970011219,0.7520953752439041,0.4519937049460987,0.8759158916393501
CHTF18,15.997876616360847,-0.4009334197648829,0.5350040902759016,-0.749402531779003,0.45361462545847686,0.8759158916393501
MCM8,8.762578171141959,-0.440942819906382,0.5880572691091405,-0.7498297241939972,0.45335726413982524,0.8759158916393501
FAM63B,14.260807045382828,0.3708544531952828,0.4948504753124311,0.7494272951059376,0.4535997045855952,0.8759158916393501
UBE2M,10.968085796924727,0.4225420061708208,0.5631138178483288,0.7503669645070401,0.4530337216712629,0.8759158916393501
CBX3,178.1453422867266,-0.3860407996498138,0.5126893908485365,-0.7529720851271946,0.45146668876209706,0.8759158916393501
TEX30,35.4692563693108,0.5648076130501045,0.7544983248905631,0.7485869675483077,0.4541061895097188,0.8759158916393501
LGALS3,148.20421023064867,0.7302346956822546,0.9722345504845807,0.7510890199471839,0.4525990833231861,0.8759158916393501
PRRC1,16.95937034145469,-0.3367462126159565,0.44826708460223336,-0.7512177989038964,0.452521590111175,0.8759158916393501
ARL3,39.2013963310164,-0.4120308720633337,0.548308767093199,-0.7514577493401607,0.4523772190487946,0.8759158916393501
SRSF6,35.37901379927937,-0.4807137199931384,0.6435976267532769,-0.7469165516009896,0.45511393426114555,0.875944404157918
PTMS,129.50364581728178,-0.6260183018337454,0.8379817130532474,-0.7470548486706257,0.45503045327635294,0.875944404157918
DDX55,13.41529494795192,0.38484802188651995,0.5150380363256939,0.747222524829514,0.4549292496052725,0.875944404157918
PABPN1,46.67535812380664,-0.4651073133176878,0.622961564852614,-0.7466067564340462,0.45530096883541793,0.875944404157918
TRIM28,34.61399576572238,0.45372017528725317,0.6072904168842234,0.7471222378497575,0.454989777918149,0.875944404157918
SLC35A5,6.3014845850085965,-0.43169902914185787,0.5784913127225374,-0.746249804703488,0.455516527181441,0.8759780868363102
CDK5RAP2,21.32478694938878,-0.35711334607048995,0.4788897426176259,-0.7457109941810354,0.4558420163671869,0.8762215506894998
HSPD1,226.440355130852,-0.29195348445593805,0.39168174856694243,-0.7453844492987404,0.45603934200479956,0.8762215506894998
TRUB2,13.996547618186918,0.38725786001111523,0.521259195300532,0.7429276327448607,0.45752549493729244,0.8767337092278877
RMDN3,13.93464001337787,0.3868471939246497,0.522750165685594,0.7400230919435374,0.45928598275287724,0.8767337092278877
TMEM19,10.413522556644756,-0.5052797572802052,0.6833407404166435,-0.7394257760368982,0.45964849514243133,0.8767337092278877
ESPL1,5.951391760809739,-0.4742534146109446,0.6404038280285446,-0.7405536848068401,0.45896409909013014,0.8767337092278877
PLPP5,52.36678506401237,-0.4557529900840042,0.6156776288654916,-0.7402461429755369,0.4591506536502915,0.8767337092278877
EFR3A,19.734803971450216,-0.41787088315648363,0.5616605349531711,-0.7439918903886026,0.4568813812750634,0.8767337092278877
DLG3,8.410276695661002,0.3638674363492004,0.49234180029705055,0.7390545270169298,0.45987388772523163,0.8767337092278877
DDX6,22.937061053951595,0.35578927101699853,0.4795634206708965,0.7419024380951715,0.4581464485373079,0.8767337092278877
NUDT4,35.73744148993176,0.5050196435939635,0.6791484053070087,0.7436071993214348,0.45711414650584026,0.8767337092278877
FAM173A,63.26645301189446,-0.4401870227450335,0.5955194372913717,-0.7391648285187068,0.45980691505489224,0.8767337092278877
RPS3,1804.8811406150417,0.5050030949546853,0.6806607501636551,0.7419306825511308,0.4581293347272174,0.8767337092278877
TMEM243,19.076413374056862,-0.4522112363129328,0.6099821639007009,-0.7413515723494963,0.45848029942789614,0.8767337092278877
CYC1,123.93468975457468,-0.4561248874102486,0.6151119730179868,-0.7415314729972111,0.4583712560656009,0.8767337092278877
MAD2L1BP,12.249523137742676,-0.4702779307849191,0.6357295431789036,-0.739745282928555,0.45945456575481747,0.8767337092278877
RPL6,873.7534921793898,0.4639278030108795,0.6277118075808654,0.7390777063742164,0.45985981327103054,0.8767337092278877
RAD51D,5.828247316536259,-0.4707094856316553,0.6363036256940012,-0.7397560953990537,0.45944800376915174,0.8767337092278877
KRIT1,20.415849108894157,-0.3579717786075662,0.48338967155216844,-0.7405449468088875,0.45896939896440736,0.8767337092278877
CRTC2,7.088647457530506,-0.4931770835632616,0.6653007394989251,-0.7412844361704762,0.45852099647490907,0.8767337092278877
PRPF40A,74.85640497106718,-0.3803856078298632,0.5157895446131379,-0.7374821994795709,0.46082916421894304,0.8770427682187544
GLA,19.376157082679697,-0.37138748643332886,0.5033704650964719,-0.7378015044290526,0.4606350789690109,0.8770427682187544
SLC2A1,12.85733989051715,0.5167342038951276,0.7001792903661219,0.7380026958879755,0.4605128109052187,0.8770427682187544
XPO7,6.8608234502858405,-0.49445687038884656,0.6703408581667135,-0.7376200694988448,0.46074535616089285,0.8770427682187544
SF1,69.57882405693577,0.3517137263185314,0.4776742280950995,0.7363045892618456,0.4615453539420663,0.8780280002089287
NKIRAS2,10.180433040710648,-0.450211716432359,0.6125027974790179,-0.7350361798923566,0.4623174601292426,0.878100058580315
SSR4,220.01939449738953,-0.36846691163744727,0.5012950956863789,-0.735029955026666,0.4623212511060113,0.878100058580315
METTL3,12.113866328083123,-0.3993893901599955,0.5432637086775682,-0.7351667040896277,0.4622379741844238,0.878100058580315
ZFAND6,51.03536208910437,0.33169936221285734,0.45132982114430836,0.7349378363075185,0.46237735393026314,0.878100058580315
VKORC1L1,13.752550596718336,-0.32767736042048456,0.4462123775448035,-0.7343529155857694,0.46273367529951626,0.8783995904934594
RTF1,35.50195601858214,0.398559199484519,0.5434540279487052,0.7333816274927631,0.46332570166170084,0.8787787825510129
RPGRIP1L,7.339302052699493,-0.44948444665081166,0.6128999593211367,-0.733373268858872,0.4633307983063446,0.8787787825510129
INTS6,20.047253198485883,-0.4682510854063966,0.6399269192344705,-0.7317258757711806,0.4643358995221004,0.8791770905763057
MBIP,9.230454942650962,-0.4539074173016634,0.6198904093348666,-0.7322381673700992,0.46402321217683795,0.8791770905763057
USP12,9.713401449712293,-0.4205368028564017,0.5742205589886956,-0.7323611045850426,0.4639481924543051,0.8791770905763057
ESYT1,13.34431214803448,-0.4507267643155436,0.615765424040567,-0.7319780337095534,0.4641819752664389,0.8791770905763057
PAAF1,15.390571734357298,-0.5105237164017954,0.6988814798168936,-0.730486829520153,0.46509266059380494,0.8795639117714092
DNAJB1,331.5317130958822,0.5210793787116083,0.7128361169141645,0.7309946372629622,0.46478242854886387,0.8795639117714092
CTDSPL,7.375282723829363,-0.5180796279052149,0.7099267892959462,-0.729764865499735,0.46553392403307325,0.8795639117714092
CALM2,769.0835184924239,-0.3023131631425617,0.41426159491084624,-0.7297639145323691,0.4655345054164298,0.8795639117714092
STRN4,8.908443840971113,0.37711111521326024,0.5167449494583399,0.7297819080932557,0.4655235049424419,0.8795639117714092
PFKFB3,7.234661818668366,0.6203888537841282,0.8505190600734983,0.7294238105969275,0.4657424572131541,0.8795810795276604
BCAP31,165.58469940767515,-0.46256477543210156,0.6350834226954385,-0.7283527783938549,0.4663976619029033,0.8799777343476545
EIF2S1,39.19231384145259,0.3818447805154786,0.524436467600169,0.7281049356899366,0.4665493527120167,0.8799777343476545
SFT2D2,10.97707991756037,-0.41236189262222006,0.5659766412993943,-0.7285846491394085,0.46625577143629826,0.8799777343476545
BAG5,18.324470370627758,-0.31170377561095713,0.4302292624629727,-0.7245062175141647,0.46875501146146914,0.8803836160059779
SAR1A,39.3960716932515,0.3161609487870648,0.43575631718936414,0.7255453020768774,0.4681175633842738,0.8803836160059779
MRPL35,19.909355818280957,-0.4342534832094189,0.5979706283734274,-0.726212062272449,0.46770877845911896,0.8803836160059779
HIGD2A,109.18229319202196,-0.31100425727960374,0.4288571453537451,-0.7251931340051948,0.4683335544256425,0.8803836160059779
GPN1,19.125088938015274,-0.5657854173364067,0.7803831404857359,-0.7250097906833859,0.4684460240356644,0.8803836160059779
NCOR1,36.233057721136326,-0.37565479635094584,0.5176001153060262,-0.7257625824307312,0.46798432894238773,0.8803836160059779
TRAPPC2L,44.558549669568286,-0.34529061877232314,0.4753135477554456,-0.7264480896933727,0.46756411950300647,0.8803836160059779
GPN3,31.380938083810115,-0.3285264200185447,0.4526815923899082,-0.7257339939185667,0.4680018579716746,0.8803836160059779
BRCC3,19.315052416798917,-0.41290682485859437,0.5696602204668397,-0.7248300127402523,0.46855632102766653,0.8803836160059779
EIF3M,65.07734548168267,0.333339287555829,0.4598294174390701,0.7249194481995016,0.4685014489728492,0.8803836160059779
SLC11A2,9.643231311320235,0.3864693312493462,0.5344656249018018,0.7230948320022504,0.46962162414180897,0.8805857381434753
RPS28,913.0908113049494,0.45411977604109305,0.6277287937769133,0.7234330821575812,0.4694138526257289,0.8805857381434753
EFTUD2,18.305839972675457,0.5022648386715965,0.6946628280219909,0.7230339934868322,0.4696589998373182,0.8805857381434753
RPL23A,1060.0947097256078,0.49629511404624627,0.6861274355435912,0.7233278955724188,0.4694784584622934,0.8805857381434753
SUMO3,77.87187698753726,0.32037001433227763,0.44345189680644886,0.7224459217323133,0.4700203621492749,0.8808898566890859
TIAL1,28.820942519360056,0.32022436400158255,0.4439056898088738,0.7213792734656252,0.4706761952096091,0.881372062409865
PSMC1,47.29527685485264,-0.3874280728920241,0.536916348358267,-0.7215799520291489,0.4705527686065365,0.881372062409865
C7orf50,53.748390067218665,-0.4032241471859693,0.5593795796815051,-0.7208417357951352,0.47100689378225247,0.8816180665251387
TMX1,37.098394122206415,-0.39425818196016565,0.5473789592572678,-0.7202655039848994,0.4713615397114428,0.8819086675734821
RPL14,1146.3113411876498,0.43704138800930104,0.609980671732399,0.7164839941043786,0.47369254723614374,0.8831025393190051
LONP2,22.299595010412553,-0.5608684997201129,0.7807472554399473,-0.7183739626520571,0.47252673668970624,0.8831025393190051
COQ4,35.584477479847266,0.32069840544078565,0.4476516964232651,0.7164016310072415,0.4737433881276506,0.8831025393190051
INSIG1,61.348216407914514,-0.4544580341887382,0.6339163478819076,-0.7169053704123739,0.47343248803868576,0.8831025393190051
CENPQ,13.370626149379461,-0.3975838953019557,0.5555417900626812,-0.7156687443029204,0.47419591473720035,0.8831025393190051
DPY30,105.64514556363841,-0.3169570005851532,0.442595906634378,-0.7161317938870744,0.4739099735395922,0.8831025393190051
XIAP,13.793555711933658,-0.318636790575259,0.4434189796641587,-0.7185907802516516,0.47239309575220656,0.8831025393190051
NRIP1,14.454682203055224,-0.46250089593565985,0.6439335110325466,-0.7182432471856298,0.4726073164874711,0.8831025393190051
RARS,24.13910411110674,-0.3805327237608033,0.5305521621240288,-0.7172390406201852,0.4732266138032931,0.8831025393190051
NAT9,10.131312004557868,-0.47647501962098837,0.6656200317675373,-0.715836358403639,0.474092399159861,0.8831025393190051
RPL38,366.8960928592891,-0.5446006899521356,0.7589317135868004,-0.7175885263488183,0.47301103422726587,0.8831025393190051
EPRS,51.17218921450875,-0.3136088774662354,0.4394394969113482,-0.7136565549307059,0.47543957714686935,0.8831346582542084
HPS3,8.52183381928365,-0.3942437257074395,0.5526422124200158,-0.7133796819121895,0.47561084240595175,0.8831346582542084
PSMD14,65.38099907760164,-0.4375928551197489,0.612882704273787,-0.7139911961429204,0.47523262339818473,0.8831346582542084
CHERP,10.087152906258813,0.3853326001631878,0.5398877692823393,0.7137272264481964,0.47539586730823147,0.8831346582542084
UBL3,22.61356372237473,-0.5173911486213357,0.723879157113068,-0.7147479569445879,0.47476479857739873,0.8831346582542084
CDK10,8.514979932196727,0.42156442731835764,0.5908449703295354,0.7134941456525153,0.47554003450239846,0.8831346582542084
MRE11A,13.072655564584093,0.3561436637562345,0.49904699400038194,0.7136475483027596,0.4754451478415631,0.8831346582542084
SNX1,20.858382411128375,-0.40901446887706366,0.5739396098611568,-0.7126437378594751,0.4760662395523879,0.8833171583763553
ARHGEF1,11.08407973031755,-0.387418730548028,0.543934316954001,-0.7122527821328671,0.4763082574559365,0.8833171583763553
CPNE3,62.942578151927094,0.31523265047220234,0.44257364532038673,0.7122716271186911,0.4762965900772905,0.8833171583763553
SRRM1,112.1729649893282,-0.39155204739013605,0.5503491698506839,-0.7114611392915676,0.47679852379883403,0.8838557714845946
BCCIP,34.100567967553616,0.3530882924819242,0.49832893926562727,0.7085446271738904,0.478607108934463,0.8838744228881544
TFDP2,21.320250772417232,0.3348174648752346,0.47147125536169376,0.7101545663019818,0.47760829169630126,0.8838744228881544
PLXNA3,7.743367341391993,-0.45139137611508573,0.6365302096064667,-0.709143681325286,0.47823531839882816,0.8838744228881544
RAB3GAP1,13.86788049221752,0.3792322349673343,0.5334517854452333,0.7109025507353338,0.47714462526932555,0.8838744228881544
BCAP29,51.051796986529936,-0.3461987874081718,0.488235354220525,-0.7090817664379986,0.47827373727385225,0.8838744228881544
PSMD2,66.58557654210026,0.36556887437516117,0.5151938797706245,0.7095753438257465,0.47796751390372016,0.8838744228881544
REV3L,11.46149634393617,-0.38538644271131883,0.5423803510565581,-0.71054646791792,0.47736532593239345,0.8838744228881544
PSMB4,54.00639449522038,-0.3251425469539739,0.45877989758464377,-0.7087114075088389,0.47850358432052276,0.8838744228881544
COX19,17.23337452761661,-0.40385471104650467,0.5692610674198307,-0.7094367315105028,0.4780535003924049,0.8838744228881544
TRAPPC12,5.861364036476531,0.42374725623535286,0.5989876883028034,0.7074390083642887,0.4792937027549602,0.8844142950931695
UTP6,14.826945458694277,-0.45905587527690395,0.6489065177610436,-0.7074299035565379,0.4792993591088237,0.8844142950931695
CHMP7,7.229720932183783,-0.37452026794903875,0.5297169555836195,-0.7070195960339014,0.479554300110967,0.8845157086700614
PFDN6,30.52239554788767,0.43266607708808846,0.6130960206033816,0.7057068755107527,0.4803704443467999,0.8849859386406033
TPM1,84.81539151402971,0.522699560336624,0.7407048473885142,0.7056786008347233,0.48038803159474885,0.8849859386406033
PEX10,9.589806873823907,0.3439210158689779,0.48738595795152606,0.7056440799289159,0.4804095045616298,0.8849859386406033
RPS12,2194.4462499727065,0.5401133806477715,0.7673617105219311,0.7038576113999828,0.4815214515089783,0.88633141268696
MITD1,16.18901421331065,-0.4616199862952427,0.6559952311947894,-0.7036941190174149,0.4816232835512848,0.88633141268696
BTF3,559.3074978682668,-0.4725244969065504,0.671671792539613,-0.7035050483807276,0.48174106174529774,0.88633141268696
ANKRD11,17.67941373183712,0.3928302749142527,0.5586559332542719,0.7031703263687639,0.48194960929389374,0.8863464124352981
CCZ1,15.874436342204424,0.6419876439020499,0.9275805597039307,0.692109852007854,0.4888683451201271,0.8869336888771172
SHISA5,32.165733386999314,0.45665569055578503,0.6539951288982137,0.6982554920938224,0.4850174282742762,0.8869336888771172
IFRD2,23.788614610298243,0.4264452102113815,0.616319208814761,0.691922633778485,0.4889859158777403,0.8869336888771172
SLF2,9.890096807781068,-0.3653903374891624,0.5205778852921129,-0.7018936989306224,0.48274545876737485,0.8869336888771172
MAT2B,24.7635376753041,-0.399384641588965,0.5737166097664532,-0.6961357485388915,0.48634382070845583,0.8869336888771172
H3F3A,1249.5685219528045,-0.40001862035524705,0.5766635308359749,-0.6936776802503011,0.48788436630823384,0.8869336888771172
IARS,24.499147631827064,0.3213792345770444,0.4620214535423832,0.6955937481105797,0.48668328255478743,0.8869336888771172
DGCR2,8.22212386874443,-0.36316026856967804,0.5181455283775203,-0.7008846910381514,0.4833749790459698,0.8869336888771172
SRD5A3,40.90317794022188,0.3979932629934126,0.5698761630544344,0.6983855244273419,0.4849361266479978,0.8869336888771172
KDM2A,15.743156163705985,0.30883682427658365,0.4455463640712079,0.6931642791438534,0.4882064623404201,0.8869336888771172
IKBIP,8.780770417900245,-0.44729278477903145,0.6374989584951748,-0.7016368871172313,0.4829056414540769,0.8869336888771172
RRP15,14.222292682187042,-0.38582495435098324,0.5565579306322959,-0.693234132721196,0.4881626310753673,0.8869336888771172
DCAF12,14.877482378697417,0.32942468647591966,0.47490601074174504,0.6936629122916315,0.4878936297835883,0.8869336888771172
C12orf4,5.506395073017061,0.3796897963815809,0.5462698986928242,0.6950589759570227,0.4870183426958634,0.8869336888771172
ALG5,35.45391095635068,0.3362026165806566,0.4821523623000211,0.6972953839256588,0.4856179562933395,0.8869336888771172
COA4,52.68094538761352,0.35026310160246843,0.5008586281126483,0.6993252825100393,0.4843487703162779,0.8869336888771172
MOSPD1,8.305389916995102,0.4329818385710793,0.6241138983013692,0.6937545210089251,0.48783616805195007,0.8869336888771172
TUBB,826.110713054087,-0.446968510771131,0.6408031971585332,-0.6975129224590183,0.48548185514193565,0.8869336888771172
TUBA1A,62.49254119640857,-0.6461160766029178,0.9209521938972479,-0.7015739588704493,0.4829448964491768,0.8869336888771172
ATP6V1C1,23.50918323655349,-0.3414237134387139,0.49138194969005505,-0.6948234741916567,0.4871659352408516,0.8869336888771172
NCOA7,14.749181034383984,0.4937678976276013,0.7098423976533343,0.6956021495193117,0.48667801966748947,0.8869336888771172
AKAP8L,11.251006840572431,-0.389771254702214,0.5588054091817245,-0.6975080203195737,0.4854849218967834,0.8869336888771172
C6orf48,29.366810791187998,-0.5169986380950763,0.7477100742402584,-0.6914426539195611,0.48928740693198414,0.8869336888771172
RACGAP1,42.32462151054078,-0.3072350359682847,0.44393488104298845,-0.6920723040425688,0.48889192356182376,0.8869336888771172
PNPLA8,24.43710676524058,-0.3342569069297471,0.4827454679908845,-0.6924081717864179,0.4886810354252674,0.8869336888771172
DDX46,72.47958429124014,-0.37533781124171234,0.5416017729364613,-0.6930143695924451,0.4883005337681051,0.8869336888771172
DHFR,62.14872080338089,-0.38555823354995344,0.5509189721315059,-0.6998456271313881,0.48402371672573163,0.8869336888771172
ELMOD3,8.750509839283259,-0.34562955948791957,0.49784631763713916,-0.6942495048036803,0.48752575176143265,0.8869336888771172
FAM222B,7.827937871726351,-0.42521243072652826,0.6098353007979256,-0.6972578172666758,0.4856414616478404,0.8869336888771172
BOLA3,68.12748973226721,0.36889410540775575,0.5289562287401129,0.697400059521751,0.48555246431079757,0.8869336888771172
TIMM17A,79.99479605030703,-0.3184118755678729,0.4590574692424251,-0.6936209448750345,0.48791995514025865,0.8869336888771172
GLUD1,46.580101063418105,-0.32004161345108467,0.4615797900206496,-0.693361408732317,0.48808277421459745,0.8869336888771172
PHLDA1,12.94801690119784,-0.6178884884483609,0.8834695980448282,-0.6993885129899045,0.48430926461201107,0.8869336888771172
SSBP1,125.63683681880357,0.2795311426884081,0.4023052780206035,0.6948234536313798,0.48716594812734504,0.8869336888771172
ITFG1,30.639609015633237,-0.4689492746530565,0.6780807192484406,-0.6915832604307383,0.4891990770159471,0.8869336888771172
CCDC66,15.00636222119591,-0.5161003791820221,0.7472067345873937,-0.6907062735014183,0.48975014609662293,0.8871126359838226
TSPAN5,25.797295833436845,-0.45301521859685223,0.6562316747149863,-0.6903281814209976,0.4899878294615597,0.8871126359838226
VPS37B,14.641527634053821,0.47661503652580484,0.6902134933114356,0.6905327715909322,0.4898592084311333,0.8871126359838226
NDUFA1,120.0203553724369,-0.3309349797561275,0.48074269417303,-0.6883827539499053,0.49121178127668674,0.8874350871025364
EED,14.309438726217891,-0.4255608126035015,0.617167681851471,-0.6895383946982466,0.4904845202123209,0.8874350871025364
FOSB,182.38326589799158,-0.38396144482967487,0.5577525069871918,-0.6884082814862043,0.49119571018392827,0.8874350871025364
COX7A2L,118.64190841151216,-0.3203016885921956,0.46486157167193215,-0.6890259554907733,0.49080693399745334,0.8874350871025364
CD151,157.58574859232334,-0.542635888969133,0.7885638742382035,-0.6881318136636038,0.4913697780497652,0.8874350871025364
PSMC2,44.34454487353773,-0.4237518721012476,0.6147007228990979,-0.6893628985870018,0.49059492510317937,0.8874350871025364
NUP93,11.93739054969311,0.38029151179930737,0.553225645180414,0.687407597808105,0.4918259110994949,0.8878963284869658
HUWE1,21.596243707196518,-0.39375606197386054,0.5735511815015215,-0.6865229724451645,0.4923833830646339,0.8879851808520348
GCLM,14.471633011292166,0.37348835718540396,0.5438275112895026,0.686777239900576,0.4922231144660505,0.8879851808520348
CDKN2C,11.854137897718575,-0.48030029719632805,0.6997649098744226,-0.6863737955687448,0.4924774245150444,0.8879851808520348
MRPL18,96.40427536322173,0.26050837106645125,0.38017985889015815,0.6852240195652172,0.49320256903308113,0.8885682129667283
TMEM141,81.73348508393175,0.330879367323393,0.48265396243499403,0.685541595171214,0.49300222225251245,0.8885682129667283
BABAM1,22.20725311637028,0.39521883408449077,0.5777363173470864,0.6840816860870031,0.49392358567163086,0.8893601192857442
TOR1AIP2,21.272117407650562,-0.4124893884834042,0.6037131926075402,-0.6832538919711068,0.4944464239935892,0.8893601192857442
PCNT,8.32374235380065,-0.40348807759838007,0.5901807114759574,-0.6836686963037375,0.4941843948075504,0.8893601192857442
MAPK1,13.89128689960348,0.32642000015100797,0.47771831721650143,0.6832896884778122,0.4944238086456474,0.8893601192857442
RILPL2,13.536126056314526,-0.48049351389382694,0.7080450010650606,-0.6786200215679166,0.49737865349913424,0.8895696661652531
TFB2M,12.504790058264359,0.3844703614396832,0.5659506856547748,0.6793354459759536,0.4969253421480403,0.8895696661652531
MT2A,941.808442671504,-0.6389675585385358,0.9411309482034066,-0.6789358694008601,0.4971784970209089,0.8895696661652531
CDKN2D,25.356512220233487,-0.37450445305990904,0.5502744303943545,-0.680577603417844,0.4961388024509532,0.8895696661652531
ERLIN1,6.279465423819978,-0.36759510300962384,0.5412520436480122,-0.6791569793105092,0.4970384026141048,0.8895696661652531
OFD1,18.883963287079055,0.3227378431103706,0.4739178218386897,0.6809995915710105,0.4958717488671379,0.8895696661652531
SNAPIN,40.631987988723225,-0.38605013092875434,0.5688702729151908,-0.6786259527157752,0.4973748944658076,0.8895696661652531
GADD45B,116.34332650684857,-0.45564883334004136,0.6704661210089212,-0.6796000857647787,0.49675771535517765,0.8895696661652531
SEC24A,6.52024319657585,-0.41388004799434697,0.6073361233041877,-0.6814678595810326,0.4955754970722811,0.8895696661652531
PELO,7.114769605487306,-0.3943078054142435,0.5779803585487684,-0.6822166178869776,0.4951019882909441,0.8895696661652531
PPA2,43.8051097964103,0.31953586654020144,0.4694643161528211,0.6806393064306625,0.49609974914732546,0.8895696661652531
PNP,16.551119228428096,0.327596548039154,0.48264220693440973,0.6787565267446115,0.49729214330150906,0.8895696661652531
RPS6,1211.8004813942102,0.47289422865112074,0.6967042703518794,0.6787589064328247,0.4972906352444527,0.8895696661652531
SDE2,8.606739612974874,-0.4342131062157687,0.636865074830619,-0.681797641880821,0.4953669155871956,0.8895696661652531
DPM1,34.41114424875193,0.39653639482600883,0.5852350203451253,0.6775677822427014,0.4980457794202716,0.8903390068998064
EIF3F,97.54043821188561,0.3538411077896902,0.5227588530863039,0.6768725306145575,0.49848683411903705,0.8903390068998064
RALGDS,6.422217414020352,-0.4486577661899404,0.6629713640880448,-0.6767377755555022,0.4985723442442451,0.8903390068998064
CHID1,35.73170207150707,-0.3763154660660695,0.557195433298527,-0.6753742826611647,0.4994380003463691,0.8903390068998064
BUD31,59.11383666622288,0.26996011714985574,0.39988423934320744,0.675095666669068,0.4996149865831814,0.8903390068998064
PPP2R1A,76.71025456834074,0.39019634494961186,0.5776508893834541,0.675488174814517,0.4993656618130068,0.8903390068998064
TIMM50,30.69589604491993,0.3611726859063173,0.5347590429284161,0.6753933209403707,0.4994259078073199,0.8903390068998064
ATG13,7.813702694490783,-0.3440116708479566,0.5093659526590589,-0.6753723311346228,0.49943923990578143,0.8903390068998064
POP5,32.031114224801435,0.2942411885630646,0.43585668955298534,0.6750870082201523,0.4996204872541984,0.8903390068998064
HYLS1,13.728427881348049,0.45698528688602774,0.6799871688407314,0.6720498677425254,0.501551950081538,0.8921561316514387
RPAIN,34.551379639094954,-0.3602495836201231,0.5364200958704275,-0.6715810731056979,0.5018504308272167,0.8921561316514387
CDR2,11.544666434627569,-0.4369078204910473,0.6497556429738616,-0.6724186626396461,0.5013172050751671,0.8921561316514387
MND1,34.432059175285104,-0.2883747436133854,0.4293773856569121,-0.671611391857994,0.5018311240862787,0.8921561316514387
UCK1,9.740534020041862,0.36228181292033784,0.5392760399557411,0.6717928965471387,0.5017155515618289,0.8921561316514387
ARID5B,16.184298113712575,0.3191420857495505,0.4747382855198591,0.67224846928045,0.5014255291722645,0.8921561316514387
FASTK,21.649456449519427,0.36973693047743034,0.5509923544407455,0.6710382231214651,0.5021961799137025,0.8924120947200908
G3BP1,40.37030970098787,-0.3078400923315409,0.4594757159528087,-0.6699812017119925,0.50286977369114,0.8927192837631137
PARN,13.347708020711007,0.3005981638544772,0.4487766567454386,0.6698168439384463,0.5029745546320776,0.8927192837631137
ALCAM,27.26974885830979,-0.5055631756445131,0.7546028541182359,-0.6699725198300117,0.5028753082533801,0.8927192837631137
POLR1E,8.009476871970246,-0.4433132957778148,0.6661258431394472,-0.6655098287261785,0.5057244591537605,0.893294028220679
NUDT9,15.518752054399508,-0.3250911786425977,0.4872404657265187,-0.6672089071211644,0.5046387024569393,0.893294028220679
NR2C2AP,26.537231825402955,-0.3364154019224686,0.5057203756862055,-0.6652201850993068,0.5059096718073205,0.893294028220679
SLC20A1,18.81091122001154,0.3362444045605066,0.5026526079829997,0.6689399382801546,0.5035337921762822,0.893294028220679
TMEM11,22.989334512268933,0.37501297822799845,0.5637615266428389,0.6651978904292654,0.5059239296162787,0.893294028220679
TBC1D15,14.534859497353233,-0.369661748772286,0.5528439060688715,-0.668654831344446,0.5037156868852337,0.893294028220679
C14orf169,5.488589910238996,-0.3847034101522653,0.5779735632692449,-0.6656072779111766,0.5056621532854454,0.893294028220679
RIC8A,21.009946201849218,-0.365816407213881,0.5473597798049825,-0.668328987095502,0.5039236139632532,0.893294028220679
UBE2C,351.76387652629785,-0.4671600057980972,0.7004494919304859,-0.6669431717490047,0.5048084333832344,0.893294028220679
RSRC1,44.040994293967216,-0.41424817681504117,0.6222124118858552,-0.6657664953347716,0.5055603634914776,0.893294028220679
PRIM2,12.620840520337975,-0.3196104044187938,0.4803868274079375,-0.6653188351215661,0.5058465860300255,0.893294028220679
RPLP1,3188.2598549679988,0.43233351916495527,0.6491217087645458,0.6660284401638684,0.5053929221930642,0.893294028220679
UCP2,80.92315893256918,0.44525100474763396,0.6679946831792002,0.666548725550542,0.5050604301647496,0.893294028220679
RPL30,1701.3724901461876,0.3719942273316179,0.5603384739965446,0.6638741485631271,0.5067708632171868,0.8940755995251763
SSR1,45.75407187870525,0.33036214045047885,0.4975621014779095,0.6639616230199279,0.5067148738390784,0.8940755995251763
EAF2,5.47783736861156,-0.4581341091239914,0.6905799343045406,-0.6634048954598755,0.5070712714192415,0.8942488969247627
ATP5A1,90.64029120151297,0.31963568141344273,0.48207237176329315,0.6630450117775885,0.5073017264730877,0.8942987390157301
GLRX5,34.7605342333525,0.40087057846319407,0.6059590357283103,0.6615473238737704,0.5082613761407992,0.8953064989063099
TTC1,32.23401028313965,-0.394627800603336,0.5965461140392347,-0.661521031343742,0.5082782316874845,0.8953064989063099
HADH,58.54556315356477,-0.3655062018236783,0.5532826975091474,-0.6606138299085982,0.5088599975502025,0.8959744303998988
APOA1BP,119.0810747184225,-0.42877505508969627,0.6503479899195681,-0.6593009615401827,0.5097025250829144,0.8967439413053819
NFKBIZ,30.512709126044008,-0.5053616711686993,0.7661956873927376,-0.659572586330234,0.5095281511763687,0.8967439413053819
FUNDC1,29.71582274017379,0.3949299509337972,0.5995832940658851,0.6586740405252192,0.5101051063307983,0.8970953818294716
IFI6,57.70624183615962,-0.5159441934202871,0.7871033591289153,-0.6554973847288377,0.5121475696700633,0.8971176136232041
SUZ12,32.11485524983729,-0.3927810853202844,0.6007590756216127,-0.6538079926863678,0.513235516452478,0.8971176136232041
FOXM1,22.692678980527162,0.318090580551836,0.4880727379161037,0.65172781809115,0.5145767736817912,0.8971176136232041
RNF187,20.532080741766496,0.47361130674609303,0.7298722328875963,0.6488961840243501,0.5164054814118647,0.8971176136232041
DNPH1,68.96074936261624,0.36481700839082326,0.5597756927816155,0.6517199890870374,0.5145818251146493,0.8971176136232041
TMEM60,26.77873657559929,-0.36308405641231817,0.553569124967424,-0.6558965087398698,0.5118907147084768,0.8971176136232041
UFL1,21.506177065441427,-0.33253585443634764,0.5069313348482869,-0.6559781011285644,0.511838214467742,0.8971176136232041
ROCK2,10.64502348203736,0.37191331835111163,0.571352583691332,0.6509348674828683,0.5150885324244687,0.8971176136232041
PPP2R1B,5.919105316688313,0.4517576206233428,0.6928085743736021,0.652067017259127,0.5143579402239515,0.8971176136232041
C19orf53,144.52960732764353,-0.30340888032042296,0.4674413198399305,-0.6490844250232769,0.516283808366659,0.8971176136232041
GOLGA4,73.05259976205159,0.3907380378395899,0.5972374251146338,0.6542423857054698,0.5129556580227792,0.8971176136232041
OXSR1,9.717824626133398,-0.3969162423277996,0.6035012115828103,-0.6576892220096829,0.5107378494156163,0.8971176136232041
TOE1,6.960434141057446,-0.36823719031285823,0.5617875347543216,-0.6554741206101947,0.512162543291207,0.8971176136232041
ARL1,65.42098249812338,-0.322864509880653,0.49163362872586874,-0.6567177080977914,0.51136244602508,0.8971176136232041
PRELID1,155.09455873275877,0.3795133835439474,0.5808398874991644,0.6533872616392816,0.5135066489170252,0.8971176136232041
PRR14,14.1668577084321,0.3160584071632631,0.48595262832476027,0.6503893357935343,0.5154407640375087,0.8971176136232041
SENP5,8.869810370125155,0.34360843112180617,0.5252699381820383,0.6541559037454847,0.5130113678311241,0.8971176136232041
EIF3J,25.79780905034599,0.30785080514665136,0.47400867607695096,0.6494623847279002,0.5160395520248058,0.8971176136232041
PGK1,148.13239518118212,0.34360391513373406,0.5275312592652713,0.651343231512564,0.5148249472341329,0.8971176136232041
FTSJ1,15.964100648366577,-0.3587741309455927,0.5501514341539933,-0.6521370456796227,0.5143127675979362,0.8971176136232041
UBE2D3,117.13683012842368,-0.25297130964813563,0.38525022133334,-0.6566415686215809,0.511411413751917,0.8971176136232041
CDC16,13.590920257520873,0.3525265024096855,0.5401109982084815,0.6526926938703277,0.5139544135701228,0.8971176136232041
TRA2A,35.31482626411183,-0.31194766418350733,0.4742489721882055,-0.6577719351592206,0.5106846906782252,0.8971176136232041
DNAJC10,16.10879898568036,0.3490675857536394,0.5372174206695329,0.6497696692683518,0.5158410136681444,0.8971176136232041
MRPL32,43.272140549613745,0.2950319791758204,0.45108872662555877,0.6540442306835159,0.5130833098650911,0.8971176136232041
SEC22C,27.16334968603973,0.3669741730009508,0.5641477978260663,0.6504929637500658,0.5153738453042634,0.8971176136232041
EFCAB14,16.92678349190103,-0.31272346220873454,0.4813123658576798,-0.649730786890284,0.515866133612084,0.8971176136232041
HPRT1,48.71006244723629,-0.3204463034558986,0.48806030242015214,-0.6565711283357745,0.5114567183277825,0.8971176136232041
KCTD10,5.590355547411942,0.34579036333071556,0.5308690095086563,0.6513666406158468,0.5148098395726688,0.8971176136232041
DGCR6L,45.16662769092458,0.29648484380137136,0.4542246295520765,0.6527273611158939,0.5139320599391679,0.8971176136232041
PLIN2,27.82356937935439,-0.8507415300949434,1.2983050984211313,-0.6552708844242621,0.5122933630996265,0.8971176136232041
FKBP5,14.794529728541084,-0.4928337498562873,0.7600837063183751,-0.6483940462866005,0.5167301201076355,0.897329140650205
CCDC47,59.37986975089759,-0.40595588718327374,0.6326759682676399,-0.6416489760071665,0.5211011256093117,0.897437600483106
CEP63,13.452072106990666,-0.34944571881803915,0.542158431303782,-0.6445453923453563,0.5192218325466995,0.897437600483106
SHARPIN,38.26735797474195,-0.35534502088313213,0.5513735771516272,-0.6444723425428358,0.5192691866863278,0.897437600483106
COA3,98.23794527439621,-0.3323193062588361,0.5173094414489341,-0.6423994608102291,0.5206138497120432,0.897437600483106
ZNF22,18.727600631216422,0.4513893006542482,0.6969961882669691,0.6476209027435218,0.5172301743197798,0.897437600483106
SPTLC1,12.620532451732672,0.43761673981358207,0.6772106324194266,0.646204768301019,0.5181467518938998,0.897437600483106
NACA,739.6473547784888,0.32169483809212385,0.5015433349268467,0.6414098557187388,0.5212564313002711,0.897437600483106
DLGAP5,32.51210239161908,-0.43973340576855074,0.6814661869105715,-0.6452754578507895,0.5187486940408798,0.897437600483106
NUBP2,51.82889547979214,0.3607583893152428,0.5594632632795852,0.64482945171497,0.5190377137886529,0.897437600483106
ADNP,14.851755655314907,-0.29566524712075165,0.458252243329283,-0.6452019633830741,0.5187963140143809,0.897437600483106
MAEA,13.958080691189787,0.3552867480009553,0.5531487411099844,0.6422987554631575,0.5206792221908199,0.897437600483106
SRGAP1,12.26577736441943,0.505525292555101,0.783589715324224,0.645140285367236,0.5188362793839156,0.897437600483106
CALM3,154.32549182571606,-0.33411220588500695,0.5177356229161729,-0.6453336241441192,0.518711007398938,0.897437600483106
SF3B2,101.72063103617825,-0.2787992321139912,0.4337324995812053,-0.642790734803568,0.5203598958821176,0.897437600483106
CDK2,15.09475567648327,0.3230946452044167,0.5026175667502406,0.6428240208424074,0.5203382947432243,0.897437600483106
NKTR,35.422370526146516,-0.2980793141276901,0.46196549514399776,-0.6452415110240577,0.518770689252416,0.897437600483106
RXRB,7.232332742748777,0.3478130847272563,0.5415125600820588,0.642299201101725,0.5206789328969865,0.897437600483106
ATPIF1,198.31843301957468,0.41444327886363613,0.6457846113031056,0.6417670406040582,0.5210244528896677,0.897437600483106
ZNF106,18.832374615618672,0.2920286783763135,0.4538880489294627,0.6433936277130239,0.5199687171987244,0.897437600483106
CHMP1B,19.829148167272177,0.29454970829116695,0.4589510250915523,0.641788975702603,0.5210102085847966,0.897437600483106
BIRC2,14.774048796714329,0.35191672070388835,0.5455320576552932,0.6450889838013055,0.5188695223592978,0.897437600483106
OAT,61.249864510711916,0.31496205040594116,0.48682625056681433,0.6469701460001986,0.5176512652494707,0.897437600483106
CHRAC1,16.97279440258034,-0.37600409358235554,0.5868461448700458,-0.6407200539174024,0.521704582560298,0.8978596765230342
NUP35,9.757123412870445,-0.35892615750287693,0.5612666560750976,-0.6394931065615495,0.5225021966888507,0.898882619974635
HSPA4L,4.973651616548645,-0.47586361781879044,0.7536923244027323,-0.631376494640424,0.5277943813171806,0.8997876292524967
SLC5A3,12.661283431327295,-0.40160634380253446,0.6327832275336941,-0.634666543498342,0.5256459183867996,0.8997876292524967
UQCR10,278.7237905088259,0.3169599000578326,0.49895138290651675,0.6352520724794103,0.5252640264589378,0.8997876292524967
IMP4,24.69754975214884,0.2644677309871145,0.41959196403489296,0.6302974166710247,0.528500012861442,0.8997876292524967
MAX,18.78854568403541,-0.32635674511301155,0.5184669659504739,-0.6294648773132955,0.5290447557926643,0.8997876292524967
CDIPT,29.541767294702993,-0.3313134213346512,0.5230697551726006,-0.633401985219592,0.5264711689364242,0.8997876292524967
PRPF4,15.976270353589015,-0.37699949712833397,0.5966801977236059,-0.6318284041713206,0.5274990110175635,0.8997876292524967
DUSP11,11.13197598089402,0.31344144476016045,0.49115188063056764,0.638176208055535,0.5233589828602161,0.8997876292524967
NDUFA12,114.35478057228178,-0.34934574357269094,0.5478170064168818,-0.6377051816219872,0.5236656119042749,0.8997876292524967
ATXN1,8.32138992536488,-0.4927828032180275,0.7789902448183221,-0.6325917513035807,0.5270002751029157,0.8997876292524967
MCL1,82.6035128516207,-0.3326961821570727,0.5262168242697463,-0.6322416289497577,0.5272289990682792,0.8997876292524967
SIPA1L1,6.325553565542599,-0.41893093981105656,0.6646367520539272,-0.6303156401093291,0.528488092189012,0.8997876292524967
SOD2,28.53284117798532,-0.3383697463053196,0.5323415023041957,-0.6356253360685095,0.5250206517388156,0.8997876292524967
ATG5,23.36822555250143,0.26391457775112154,0.4188072656395413,0.6301575913400398,0.5285914827015191,0.8997876292524967
MRPL23,24.09638503235654,-0.5049936521228501,0.8014456314082314,-0.6301034434931271,0.5286269068810266,0.8997876292524967
TAF3,14.003688086150756,0.37237898480433934,0.5880366009732597,0.6332581750659987,0.5265650613136824,0.8997876292524967
RABGGTA,9.98648474001102,-0.3105241744565054,0.49260778872470423,-0.6303679754240407,0.5284538583490761,0.8997876292524967
SMYD2,18.273086912576755,-0.4066163406317549,0.6397751174044284,-0.6355613551858659,0.5250623643507186,0.8997876292524967
FKBP2,79.8315163767048,0.25282918340681587,0.40174169740883964,0.6293326907252041,0.5291312737250156,0.8997876292524967
SMG7,9.995046194956261,-0.31429998512180374,0.4951608734910382,-0.6347431752955176,0.5255959297550142,0.8997876292524967
GOLT1B,19.115001797630566,0.3182465543694917,0.49908849502748115,0.6376555611685021,0.52369791921803,0.8997876292524967
TTC19,14.215220086937085,-0.393508486380514,0.6180869831938086,-0.6366555146448127,0.5243492559972602,0.8997876292524967
CCNB1,117.84996832018946,-0.3461451276095181,0.549199675772579,-0.6302719081590556,0.5285166992189299,0.8997876292524967
CDC5L,26.554363608930068,-0.37365996982477034,0.5878853691323209,-0.6356000496768055,0.525037137108032,0.8997876292524967
APTR,10.367407136056022,0.3442374683489521,0.5414471476171157,0.6357729833168861,0.5249243989538082,0.8997876292524967
LGALS8,32.92996463612138,0.3164403255284544,0.4971655059666897,0.6364888990300467,0.5244578141512468,0.8997876292524967
RBM48,7.126572032973196,-0.339389702240374,0.5369728585136152,-0.6320425639013348,0.5273590646085234,0.8997876292524967
FRA10AC1,13.346145397956835,-0.34817724866161925,0.5530159509634657,-0.6295971175063287,0.528958209978106,0.8997876292524967
IFT52,22.705933336937925,-0.4161774079826479,0.6560783647295886,-0.634341003081516,0.5258583027671735,0.8997876292524967
RNMTL1,4.934609812107478,0.37893458761446314,0.5997223727672443,0.6318500106407233,0.527484891034472,0.8997876292524967
ACBD5,11.315073424360635,0.34008120902016503,0.5408007659503411,0.6288474988058596,0.5294489001698236,0.899981739220265
MAGEH1,5.3922513379391,0.4727097157791982,0.7527203341469797,0.6280017880942415,0.5300027686265174,0.9002312771256092
DSCR3,12.724927363082788,0.3016297062018602,0.48018556564260595,0.6281523806285301,0.5299041218085812,0.9002312771256092
GHITM,122.73923121900047,-0.36582084088293604,0.5833646215053181,-0.6270878064887949,0.5306016795245609,0.9009025829317209
RPS2,1086.050204817331,0.5568101895055363,0.8889449286537002,0.626371973738374,0.5310709878710824,0.901007663733716
ZBTB1,7.7650059628042785,-0.39923604454900435,0.6371334604469785,-0.6266128987620927,0.5309130110943161,0.901007663733716
MXD1,11.795305347350979,0.403351594052946,0.6452011229328632,0.6251563732862829,0.5318684318947358,0.901518698521067
HLA-A,190.57624824626333,-0.51238016094693,0.8194868863051441,-0.6252451009400779,0.5318102052959155,0.901518698521067
SCPEP1,12.291329332429694,-0.35397784572091845,0.5663819764235245,-0.6249807734987383,0.5319836769477696,0.901518698521067
WDR83OS,164.41309749586475,0.28597373424696254,0.45821671996361424,0.6241014825248431,0.532560940363453,0.9021512980572779
MAPK13,22.705826527177308,0.28925460446598933,0.4642640721197881,0.6230389595845286,0.5332589201894511,0.902987826951739
HMGB3,80.05583502641812,0.36330203805788175,0.5842120655451265,0.6218667149896772,0.5340295133001702,0.9031141913081403
SECISBP2L,10.271323475282102,0.31495005579452806,0.5061820159348176,0.6222071228921042,0.5338056829741546,0.9031141913081403
CUTA,160.97316767294924,-0.3539027386842091,0.569265526967005,-0.621683066898097,0.5341502881442675,0.9031141913081403
AURKB,30.628026144028816,-0.3264351567921725,0.5247323134262978,-0.6220984460832572,0.5338771366982503,0.9031141913081403
DPF2,14.619655309599505,-0.3292773083317731,0.5300456320010222,-0.621224453994063,0.5344519518264614,0.9032789388339468
LIMD1,5.64542709437331,0.4213063364078948,0.678610328403831,0.6208369056198355,0.5347069381138072,0.9033647010226773
EZH2,32.20706878949667,-0.29752059602782344,0.47970821970892663,-0.620211586552239,0.5351184942770422,0.9035607826129577
APMAP,35.252589408983994,-0.3327181271384669,0.5366076799588033,-0.6200398159862536,0.5352315736934092,0.9035607826129577
DAP3,55.41379650522148,-0.26858609364324065,0.43459261736812205,-0.6180180769516721,0.5365634226547173,0.904773167518801
AP1S1,43.347756939748756,0.3011846443671288,0.4868645991900052,0.6186209571782556,0.5361660924546491,0.904773167518801
TMEM33,19.158753023719832,0.2903049994073531,0.4696008653473115,0.6181951968777716,0.5364466758192503,0.904773167518801
EXOC5,14.95714388734084,-0.3450170086675242,0.5586524546071963,-0.6175879221905773,0.536847008086063,0.9048326626016227
KPNB1,95.47111056487977,0.3575939506533609,0.579245856184116,0.6173439944984225,0.5370078542458194,0.9048326626016227
MTIF3,42.559536102975,-0.29144685841483314,0.47267754883149615,-0.6165870563036419,0.537507134219528,0.9052103248929039
KBTBD3,6.845084347482155,-0.42353908586486977,0.6871354472975754,-0.6163836948459002,0.5376413121170378,0.9052103248929039
UPF3A,42.28502726963606,0.2978208558540496,0.4835506703563016,0.6159041318970812,0.537957794363362,0.9053985252926751
C22orf39,20.82407425354426,0.2918751360055242,0.4745511126082236,0.6150552137604793,0.538518257669021,0.9059970535070673
NUDC,74.03138500125503,0.27438374291814355,0.44640821848804757,0.6146476062816708,0.5387874677821552,0.906105311787252
TXNDC17,122.31047298071239,0.2874645121489907,0.46853934469336606,0.6135333465690503,0.5395237404973421,0.9061559428103351
EXOSC10,15.913197472179656,0.36015629343936606,0.5871839933164751,0.6133619062147226,0.5396370683613888,0.9061559428103351
ZBED1,6.286810405378486,0.41491311606169573,0.6762847748709993,0.6135183453462191,0.5395336563364188,0.9061559428103351
OBFC1,10.238364341589126,0.40265100001024634,0.6558993763423964,0.6138914207475205,0.5392870798217932,0.9061559428103351
BEX4,19.801648963367704,0.4442857556148407,0.7250348425575758,0.612778489441436,0.5400228158237284,0.9064595500525049
ADPGK,13.730584056151486,-0.31038809939794215,0.5084490576522187,-0.6104605657667458,0.5415567581435967,0.9065238512093
TK1,122.12548603338385,-0.3838352552545373,0.6277981357836558,-0.6113991638019295,0.5409353561007053,0.9065238512093
GRHPR,32.95448358421744,0.328453598538752,0.5377543064386554,0.610787481580532,0.5413402819712425,0.9065238512093
CISD3,77.85084653387017,0.4184557895961378,0.6848093417942773,0.6110544410795224,0.5411635395557862,0.9065238512093
MYDGF,83.83537199567144,0.3572826725835835,0.5849975454059684,0.6107421738592791,0.5413702811280534,0.9065238512093
FIBP,62.05131259195984,-0.32866571400351335,0.5373828781718538,-0.6116043650694929,0.5407995493760398,0.9065238512093
ADSS,43.78562458609752,0.33860208082104043,0.555145725612638,0.6099336898385949,0.5419057342521794,0.9065238512093
NFYB,21.91286104110244,-0.2830020415301054,0.46386392612155697,-0.6100971116601636,0.5417974798565295,0.9065238512093
NEAT1,647.6045055601953,-0.41226622349558545,0.6751902370441674,-0.610592690588056,0.5414692629066662,0.9065238512093
SKA3,15.818918315339165,-0.3991550325220262,0.6556879707268616,-0.6087575955977105,0.542685124450601,0.907484425499058
UBAP2,13.275117794474548,-0.2994827521087476,0.49275810640402495,-0.6077682908035084,0.5433411627601882,0.908238081212514
CHCHD7,21.374802750782226,0.4183894294231424,0.6903769891935969,0.6060303804619085,0.5444945794872241,0.9094890391048764
EMC4,63.076099323881444,0.2882950259487105,0.4757178542338946,0.6060210340706813,0.5445007857901227,0.9094890391048764
COPG1,18.437619129290326,0.29215758746732645,0.4944672873562694,0.5908532170639299,0.5546187742851276,0.9098169633003204
CEBPZ,24.51461701478895,-0.3435019298508663,0.5793250370476799,-0.5929347221059172,0.5532248395338757,0.9098169633003204
ZNF428,55.61873849192043,-0.3631532740729965,0.6153060063556745,-0.5901994622543595,0.5550569326151338,0.9098169633003204
PDIA3,165.92080960798927,0.3400311083519541,0.576840336828025,0.5894717942606855,0.5555448277476203,0.9098169633003204
PHF19,29.808194875462057,-0.3794459171202515,0.6428063827320657,-0.5902958142816264,0.5549923451118048,0.9098169633003204
USP1,53.029473159903695,0.3072723739551447,0.5192949151436641,0.5917107312135669,0.5540443093149974,0.9098169633003204
CABIN1,9.011392067237571,0.32854387817817426,0.5560912388680861,0.5908093046869782,0.5546481998565727,0.9098169633003204
MECP2,10.486798735656446,-0.3055543487061074,0.5092325172026404,-0.6000291387215505,0.5484868161920716,0.9098169633003204
SEPT6,6.930248025869001,0.36778336425053,0.6090700143183985,0.6038441486273316,0.5459472642608936,0.9098169633003204
OCIAD2,72.35008225037777,-0.2709975689713988,0.4597553476485344,-0.5894386446127131,0.5555670592879645,0.9098169633003204
PPCDC,11.429620844981988,0.30535394410454886,0.5096412029941987,0.5991547432008254,0.5490696990248889,0.9098169633003204
UBE2W,8.619898532075771,-0.43411973754690547,0.729710626088679,-0.5949203999862659,0.5518966803325167,0.9098169633003204
LACTB2,20.731598663729276,0.32724769044826424,0.5513709387718573,0.593516392389463,0.5528356158810448,0.9098169633003204
PIGP,31.65511407452368,-0.321176078445682,0.5363321655487021,-0.5988379945795315,0.5492809229413482,0.9098169633003204
ORMDL1,32.68636926856731,0.2615388554030438,0.4383115358606872,0.5966962628293023,0.5507101881688667,0.9098169633003204
SAMD4B,9.044649467647965,0.36829154463443964,0.6240993567821609,0.5901168469926659,0.5551123148987984,0.9098169633003204
AHCYL1,29.28762608481214,-0.2605851763286605,0.441017840412719,-0.5908721880384621,0.5546060621197894,0.9098169633003204
SSBP4,14.775188887621798,-0.3900223214380287,0.6526598796182997,-0.5975889335592813,0.550114250085824,0.9098169633003204
NDUFV1,77.53639675791527,-0.33669118462930303,0.5612512618997973,-0.5998938576808295,0.5485769762168768,0.9098169633003204
MRPS18B,40.172133273970715,0.3129868081028199,0.527914038372603,0.592874569253097,0.5532650983718819,0.9098169633003204
SGOL1,33.755673394201736,-0.28474046364225225,0.47806366566464453,-0.5956120159150392,0.5514344476109271,0.9098169633003204
SRP19,27.544249239877423,-0.4956201969652377,0.8194002828496525,-0.6048572441805911,0.5452738541206459,0.9098169633003204
HSPH1,134.19949161839972,-0.396493388131935,0.6636841358593579,-0.597412785252948,0.5502318197797871,0.9098169633003204
ZC3H14,12.499059712920639,-0.2794738918948248,0.47261419950219336,-0.5913362150125745,0.5542951689842852,0.9098169633003204
ZNF217,19.913739501651264,-0.3389413126581666,0.5642410509645044,-0.6007030365457918,0.5480377961970907,0.9098169633003204
SRSF4,34.91272402065034,0.2819829927478764,0.4734861137343811,0.5955464892600099,0.5514782333569459,0.9098169633003204
DCAF6,24.06730076774392,-0.34775014028518264,0.579607719153963,-0.5999749982501678,0.5485228980214417,0.9098169633003204
UBE2Q1,8.245891462161342,-0.34037453363140624,0.5699145452814462,-0.597237842847678,0.5503485968445923,0.9098169633003204
ATG4D,10.92837064821958,-0.4194596634584406,0.703685112698802,-0.5960900065793799,0.5511150998626437,0.9098169633003204
CLPP,40.70743141397511,-0.2955388825090936,0.49431004243927124,-0.5978816069580505,0.5499189334088641,0.9098169633003204
KCNK6,18.42390086862153,-0.3566254532130587,0.6036091511463597,-0.5908218133137385,0.5546398177800231,0.9098169633003204
LMBRD1,17.04268796729948,-0.3230052168201395,0.5460983452662365,-0.5914781094285617,0.5542001182624958,0.9098169633003204
ZNF138,9.714179291662864,-0.3509352566153575,0.586186475843769,-0.598675116327469,0.5493895539548396,0.9098169633003204
SYAP1,52.68226380527999,0.272840010700453,0.4600873684575606,0.593017825321193,0.5531692229399109,0.9098169633003204
SH3YL1,49.16889649211893,0.3376318381271706,0.5702258628775514,0.5921019373329839,0.5537823297067392,0.9098169633003204
CBX5,36.761943025336485,-0.36997686604822727,0.62503239206376,-0.5919323074226938,0.5538959185823618,0.9098169633003204
KRT10,127.6916480218899,0.3724163062568881,0.630470302924575,0.5906960320404518,0.554724107091608,0.9098169633003204
RPS11,489.4874837526357,0.4599219351662236,0.7763367291866969,0.5924258351759878,0.5535654704501998,0.9098169633003204
MMGT1,9.753699431876402,-0.3200492918945091,0.5428830807999317,-0.5895363167754654,0.5555015574963716,0.9098169633003204
VPS29,115.13318034844664,-0.2982552635493899,0.4989917859600401,-0.5977157779773042,0.5500295957982186,0.9098169633003204
NDUFB8,39.6335849944536,-0.9180072531264398,1.5355450571792013,-0.5978380437841535,0.5499480032898343,0.9098169633003204
SYNGR2,123.74647186246293,-0.370229038325945,0.6213894809868693,-0.5958083450945452,0.55130326818174,0.9098169633003204
FAM49B,51.47471844680574,0.2886889372645192,0.4836176944957078,0.5969362588470828,0.5505499379996375,0.9098169633003204
WDR73,9.984485835916987,0.2876172618897906,0.4813786255056034,0.5974865659805716,0.5501825735336596,0.9098169633003204
UBE2Z,21.7766873827297,0.4419849061408303,0.7313435919507977,0.604346453575771,0.5456133278873219,0.9098169633003204
FAM96A,88.15505467302548,0.2964245876501457,0.502106239405017,0.5903622866774195,0.5549477889162499,0.9098169633003204
ZCCHC17,36.121658785784646,-0.3262943071585625,0.5539012319408898,-0.589083916667265,0.5558049818759814,0.9098169633003204
EPM2AIP1,7.759463274790458,0.3040668630202015,0.516053554197866,0.5892157132660998,0.5557165776555555,0.9098169633003204
CPSF6,26.82195141109999,0.2530520423141154,0.4180920986310402,0.6052543043570644,0.5450100385546311,0.9098169633003204
HECTD1,21.139965292618154,0.3225624216055737,0.5406039634824185,0.5966704711665771,0.5507274111467657,0.9098169633003204
TMA16,20.12259473114657,-0.3570247248196415,0.6015983828357984,-0.5934602469120809,0.5528731796722721,0.9098169633003204
HSPA9,68.73952336009617,-0.26772681054392616,0.4456041130111874,-0.600817637733978,0.5479614551832359,0.9098169633003204
ARMC1,30.0223312203791,0.27498370841760306,0.4617358103238849,0.5955433870825734,0.5514803063138094,0.9098169633003204
PIM3,57.09360694465139,0.32565392652214037,0.5519304031149885,0.5900271568375516,0.5551724429919824,0.9098169633003204
RNH1,57.518706737904736,-0.36635306794771044,0.6227708342514341,-0.5882630460497786,0.5563557455981787,0.9103815992529576
ATP5F1,128.2389121545944,0.24640854886094443,0.42018986871010006,0.5864219183041467,0.5575920186474164,0.9104462229242414
VBP1,54.1470082149591,-0.3024951328978906,0.51804592287248,-0.5839156714536127,0.5592770489905412,0.9104462229242414
EPC1,42.26345366827577,-0.33247971124696446,0.5691550818106003,-0.5841636521794334,0.5591102134554984,0.9104462229242414
SLC39A1,42.12887626151625,-0.30065299345007634,0.5140133281878195,-0.5849128358403545,0.5586063273233668,0.9104462229242414
LGALS1,292.431279997453,0.4738255807122117,0.8067560518271231,0.5873220035215132,0.5569874660229642,0.9104462229242414
RSRP1,44.535361767174116,0.2713751635103301,0.4643804976072684,0.5843810515484545,0.5589639722095177,0.9104462229242414
RPA1,19.159222014966314,-0.25213695953643095,0.4316985594097483,-0.5840579127277427,0.5591813494890406,0.9104462229242414
PRC1,68.51218584441418,-0.2583655460238425,0.4398919416700578,-0.5873386655889921,0.556976277764088,0.9104462229242414
EEA1,23.451718859376438,-0.29473971971938956,0.5023522679683882,-0.5867191978875206,0.5573923120674185,0.9104462229242414
RSRC2,80.16451423917411,-0.3754186768794563,0.6422990770047139,-0.5844920074152637,0.5588893410472722,0.9104462229242414
SPIN1,13.324663519659762,0.30738827878478914,0.526004337453578,0.5843835438180534,0.5589622958054002,0.9104462229242414
GSKIP,14.237742369347064,0.2561179572638926,0.4379609253657485,0.5847963652236879,0.5586846486720972,0.9104462229242414
PTPN13,8.83595852077801,-0.3881061197469065,0.6640635370175991,-0.5844412441164057,0.5589234848691744,0.9104462229242414
DDX50,12.895504891820428,0.28980885132319417,0.49417048363244714,0.5864552030564971,0.5575696568739505,0.9104462229242414
C19orf24,48.74918155227752,0.31524177456761276,0.5404220537128565,0.583325148190771,0.5596744362526038,0.9104831943294233
POLR3E,10.632725690842786,-0.3741715687800577,0.6418429951873125,-0.5829643255214793,0.5599173159792067,0.9104831943294233
SEC23A,11.025821070614608,-0.370382470606613,0.6350248183770216,-0.5832566852319662,0.5597205166367152,0.9104831943294233
AQR,9.62634943683314,0.30086439400320525,0.5169139892922721,0.5820395660313448,0.5605400304238699,0.9111608065287676
CNOT6,7.46601683392809,-0.311459402932224,0.5355669731159534,-0.5815508023583658,0.5608692895008526,0.9113610828296367
FBXL5,28.744181611495996,-0.3341037570824722,0.5749609632919566,-0.581089462438547,0.5611801602467643,0.9114889531609958
C2orf49,7.217716092346079,-0.32399547808674134,0.559285603757595,-0.5793023741536661,0.5623851638367698,0.9114889531609958
MAPK8,11.864524842455564,0.3280290877250758,0.5669516143640685,0.5785839204162343,0.5628699570157523,0.9114889531609958
WTAP,34.713495892567096,-0.264070698497946,0.4550999355373526,-0.5802477167704899,0.5617475795452802,0.9114889531609958
NUCB1,36.31805254478341,-0.37205043129212856,0.6424442340262397,-0.5791170837668888,0.562510173487986,0.9114889531609958
SLC3A2,75.27202466550307,-0.38177187538010554,0.6575441203572459,-0.5806026752587912,0.5615082688260393,0.9114889531609958
GFM1,14.440932503939848,-0.2987689172764269,0.5156109063892381,-0.5794464654921094,0.562287959174034,0.9114889531609958
EIF3A,63.80598885567542,0.30709967864896137,0.5298454938692272,0.5796023221908491,0.5621828266831779,0.9114889531609958
DTD1,14.859486645076757,-0.3034564088440145,0.5243170136829285,-0.5787651381221903,0.5627476571867076,0.9114889531609958
MRPL41,127.11793103592827,0.35977233701694916,0.6220364246938374,0.578378247212817,0.5630087768563963,0.9114889531609958
DDIT3,52.086135656266165,-0.4495698023330009,0.7782492523419406,-0.5776681454946939,0.5634881893824856,0.9114958804317242
TBK1,10.648415085988256,0.2980101798337305,0.5160740577814213,0.5774562300512888,0.5636312984356242,0.9114958804317242
COMMD6,175.29418814289676,0.26686076634405637,0.46208196793240597,0.5775182432202011,0.5635894183823817,0.9114958804317242
GMPPA,11.670473439402954,-0.3597498081174417,0.6237029281315281,-0.5767967278832092,0.5640767802424917,0.9118828943759287
RDX,34.18452593673663,-0.33653527232206615,0.5838333948490483,-0.5764234716465273,0.5643289832088304,0.9119572863473353
ATP6V1A,15.618665172445148,-0.31277061522975746,0.5441112224091594,-0.57482845849954,0.5654073179334155,0.9126994770874075
PWP1,26.949727937978764,-0.302427020070975,0.5256653222606014,-0.5753223719807128,0.5650732938366201,0.9126994770874075
EDEM2,9.455582815389851,-0.3871680117849619,0.673446528182912,-0.5749053496936358,0.5653553116769845,0.9126994770874075
PSMB2,111.26619869924532,0.336981760744808,0.5869593546732338,0.5741143029101379,0.565890455195805,0.9131461084753907
SLC30A9,20.460152539575,-0.2616239359839863,0.45983791580705147,-0.5689481597549777,0.5693913210670394,0.9133582500691755
VPS26B,16.623399888814824,0.341884799397576,0.6019439231143937,0.5679678559236889,0.5700567946369799,0.9133582500691755
MAPK9,9.176089075791655,-0.3236913349387805,0.5702135909157399,-0.5676668183565133,0.5702612266458978,0.9133582500691755
HSPB11,98.00922711113023,-0.3045288267960739,0.5326962854283569,-0.5716743951972431,0.5675425841461064,0.9133582500691755
ANAPC13,47.90957908118802,-0.3628625655636548,0.6372659653252108,-0.5694052174565419,0.569081176903022,0.9133582500691755
HIST1H2BN,9.635874201724178,0.32890167747812,0.5740978597060747,0.572901765644119,0.5667112090323054,0.9133582500691755
EIF1AX,115.3869894221269,0.22462522809001487,0.39512522643390413,0.5684912353415374,0.5697014554119277,0.9133582500691755
COX7B,191.38040671997328,0.2867844031414887,0.5030511682003209,0.5700899257772676,0.5686167076209488,0.9133582500691755
PTBP1,41.98872627623773,0.26441119901470816,0.4636327425881936,0.5703031186681365,0.5684721260351331,0.9133582500691755
NUP210,12.742348516581346,-0.3548832626605335,0.62028657876887,-0.572127907982303,0.5672353234257583,0.9133582500691755
ADRBK1,7.538762585711981,-0.32981025951037773,0.5815443358749354,-0.5671283153573787,0.5706270065163945,0.9133582500691755
SMARCA5,31.131780941421347,0.2720392322375555,0.47867119067415326,0.5683217154857796,0.5698165363567718,0.9133582500691755
JMJD1C,30.137951853427683,0.3148334089279837,0.555147798525598,0.5671163783124804,0.5706351160580502,0.9133582500691755
RUVBL2,59.70995222369239,-0.41822131415806807,0.7377134311526212,-0.5669156836478211,0.570771468051368,0.9133582500691755
DNAJA1,166.07970445281074,-0.2912904386642674,0.5119927180248959,-0.5689347297515729,0.5694004354410382,0.9133582500691755
MAP3K8,30.152405592769604,-0.4962464000185658,0.8719146901246125,-0.5691455891718525,0.5692573421286846,0.9133582500691755
ZNF28,9.085192496737639,-0.3906774765306247,0.6859682228347004,-0.5695270765111918,0.5689985010242725,0.9133582500691755
DAD1,179.61581131970598,-0.2521565624889127,0.44169707291393445,-0.5708812169059719,0.5680801640952753,0.9133582500691755
SAT2,21.34861920493132,-0.36590336719728156,0.640770702859874,-0.5710363560072105,0.5679749987508326,0.9133582500691755
HNRNPC,183.7523666387526,-0.3282559901414544,0.5769617681455613,-0.5689388938135653,0.5693976094612341,0.9133582500691755
KIAA1143,16.59186753958995,-0.31196024904412134,0.5443583542121291,-0.5730788305722495,0.5665913200464743,0.9133582500691755
PLPP2,53.29147717427558,0.321401149708036,0.5666982533458811,0.5671468860375517,0.5706143904625136,0.9133582500691755
AAGAB,22.452146050632145,-0.2703876455903476,0.4746130523667412,-0.5697012423952781,0.5688803472789266,0.9133582500691755
ARFIP1,17.42795162340031,-0.26520451859590266,0.468867436572091,-0.5656279321396763,0.5716467356615451,0.9139569811741257
GATB,5.060725293130899,-0.3582535125963284,0.6423410492355626,-0.5577309951196158,0.577028089170315,0.9139569811741257
GGH,93.74970891971543,-0.3692080409724677,0.6536502299322379,-0.5648403749674232,0.5721823421742294,0.9139569811741257
IER5,31.217819660144936,-0.427962388303895,0.7602411485664295,-0.5629297876218546,0.5734826955521806,0.9139569811741257
OSGEP,21.916576622990597,-0.3187002713122144,0.5678492106024972,-0.5612410220207373,0.5746332413233536,0.9139569811741257
GPD1L,6.546761092099933,-0.34280489478926673,0.6149322971346687,-0.5574677023577985,0.5772079200234675,0.9139569811741257
COPRS,31.268269162257162,-0.3821463560570912,0.6830082116755257,-0.5595047753812894,0.5758172730685855,0.9139569811741257
PITPNA,6.792608550031358,-0.39679047999164363,0.7040023526605961,-0.5636209573619688,0.5730121209532566,0.9139569811741257
PAF1,22.78911795818431,-0.25586391408207343,0.45411664367419,-0.5634321438032236,0.5731406542033246,0.9139569811741257
MAP4,20.998108833458478,0.2655557708693585,0.4762215444449908,0.5576307371369531,0.5770965629821655,0.9139569811741257
PMPCA,19.019560348762774,0.27301583790951117,0.4837903615349407,0.5643267407050093,0.5725317859937409,0.9139569811741257
APPL1,42.899589568220875,0.32269411142214177,0.5743327885029014,0.5618591135346813,0.5742120126200401,0.9139569811741257
STXBP3,15.780391306674838,-0.36985791811667457,0.6568629451930336,-0.5630671068041199,0.5733891888574947,0.9139569811741257
LZIC,20.898198542826282,0.27855326520147183,0.4961805120796467,0.5613950133469946,0.574528282725524,0.9139569811741257
ZBTB8OS,29.144454292580274,0.29320990255510043,0.5267282858819816,0.5566625343921568,0.5777580192997639,0.9139569811741257
SFPQ,73.23229067852883,0.24174319753117998,0.4292769123713563,0.5631404591404027,0.5733392429750954,0.9139569811741257
ERGIC1,33.26689908838678,0.31811841182585654,0.5675951457988407,0.5604671114269884,0.5751608666077603,0.9139569811741257
NASP,85.27225664730761,-0.458613945490546,0.8104409656670686,-0.5658819888417954,0.5714740061616053,0.9139569811741257
MARCH5,25.107440021731275,0.3027114317264732,0.5427076817675083,0.5577798912677864,0.5769946956558331,0.9139569811741257
RIF1,21.493182099462185,-0.27374571745208964,0.4906845122142548,-0.5578853838626151,0.5769226528274715,0.9139569811741257
ASB16-AS1,8.107532828193998,-0.34379406924724876,0.6173011339674059,-0.556930888880242,0.5775746492612732,0.9139569811741257
WAPL,23.778671441000686,0.27357198462198956,0.48974240362554994,0.5586038345806764,0.5764321224425979,0.9139569811741257
ANAPC5,48.57928272143549,0.22134588298725133,0.39397831302182396,0.5618225056336797,0.5742369567916257,0.9139569811741257
TSTA3,49.502204413422255,-0.30682273809726546,0.5508087933519663,-0.5570403773514305,0.5774998422654971,0.9139569811741257
CCAR1,38.22866256079646,-0.2252674657585741,0.3997860627620548,-0.5634700324524546,0.5731148607256255,0.9139569811741257
CDKN2AIPNL,21.71394419766751,-0.26671535576233973,0.47756114641919595,-0.5584946718597184,0.5765066418530728,0.9139569811741257
SNRPF,134.26076130922644,0.31086510920958343,0.5557042698951298,0.5594074511398817,0.575883677326178,0.9139569811741257
COA1,34.17952000009995,0.24529554447405832,0.4372358071510956,0.5610143095835047,0.5747877822463933,0.9139569811741257
C11orf1,19.43292267121572,0.25543438233811067,0.4562300752023367,0.5598806308962123,0.5755608610795511,0.9139569811741257
TRAPPC6A,38.51694816690745,0.33362709855451855,0.5903240266679363,0.5651592743694769,0.571965434468788,0.9139569811741257
STX17,13.709374682114785,0.2946215223485451,0.5245167587982107,0.5617008749607757,0.5743198381137447,0.9139569811741257
SNRPD1,156.30364747309733,0.29742063465361834,0.5327473614516172,0.5582770674700552,0.576655202005658,0.9139569811741257
NDUFS2,58.41498889993236,-0.3020048590948857,0.5434724026107107,-0.5556949306793262,0.5784194226361945,0.914483596724573
FAM192A,21.463664318786716,0.34982458887021173,0.6307752559984136,0.5545946603699553,0.579171942132388,0.914483596724573
RGS14,9.27576883200226,-0.3951462398767921,0.714304374404684,-0.5531902841923866,0.5801331191912605,0.914483596724573
RTN4,124.9355250450856,0.3324351067544577,0.6002715201294927,0.553807894605334,0.5797103248481756,0.914483596724573
SLC52A2,34.732502995744454,0.34485739411956357,0.6234121286186421,0.5531772294576612,0.580142057562594,0.914483596724573
XRN2,55.704364001144555,0.27092083134866957,0.48971540100151467,0.5532209744570227,0.5801121063045029,0.914483596724573
ARL8B,31.98468107105925,-0.3030683270499161,0.5478921672446433,-0.5531532392113772,0.5801584834748252,0.914483596724573
RPS3A,1531.2881340203708,0.3223949645907402,0.5805190146208941,0.5553564249764998,0.5786508914600407,0.914483596724573
TAF1D,44.24466729220093,0.3360422374936875,0.6063436187181099,0.554210891514163,0.5794345252991013,0.914483596724573
EEF1A1,2638.7937122681706,0.38163501841393593,0.6887817735458065,0.5540724697886562,0.5795292502229283,0.914483596724573
PDE7A,12.404612001370142,0.31248139451014856,0.5655083557504461,0.5525672456165155,0.5805597758484213,0.9146836603945182
SNAPC3,9.254228605705935,-0.30341529498733066,0.5493031956577977,-0.5523639720027241,0.580699009357406,0.9146836603945182
GNAQ,10.372813775866366,0.3196768300139205,0.5793131822717845,0.5518203966295113,0.581071411435967,0.9149444118124891
ANP32A,63.63187470992726,-0.2915441204490646,0.5286480870340103,-0.5514899752778416,0.5812978368483079,0.9149752072526925
CHMP2B,37.95263669170135,-0.27294071384922647,0.4953204194647148,-0.5510386875311729,0.58160715414964,0.9151364079700669
PSMA3,102.02674145013705,0.30240539440287767,0.5492933442449164,0.5505353333901722,0.5819522490506437,0.9153537686881213
ANAPC15,41.0418585298502,-0.2786098025281764,0.5163754320849708,-0.539548911928735,0.5895081568867437,0.9154836653869729
CCT3,132.19828012785814,-0.2136394340807736,0.39294066475916933,-0.5436938785954153,0.5866521455316851,0.9154836653869729
ATP6V0E2,39.46661592265177,-0.40084024141165014,0.7390027505896729,-0.5424069681632544,0.5875381804211224,0.9154836653869729
CKS1B,246.55177367764867,-0.25680215289219105,0.47628953287744635,-0.5391723629548428,0.5897679282339006,0.9154836653869729
RPSA,756.8092331132505,0.4485465220057846,0.831298128725915,0.5395735976132259,0.5894911287177248,0.9154836653869729
LYRM5,19.33957092288616,0.3508247878909981,0.6413330035687568,0.5470243788153754,0.5843619835671829,0.9154836653869729
ADRM1,93.74629703948216,-0.33807021804965104,0.621779575239862,-0.5437139325768858,0.5866383433124966,0.9154836653869729
SLIRP,91.75644850507189,0.27645731598166984,0.5128052176625963,0.5391078453565322,0.589812442541202,0.9154836653869729
YIF1A,64.23477051517003,0.3084087711033789,0.5634832204918236,0.5473255633667161,0.5841550843865668,0.9154836653869729
ADIPOR1,75.61641767003333,-0.3040694994875171,0.5553382367892682,-0.5475392820878296,0.5840082906747198,0.9154836653869729
TRIM16,7.090264077430566,-0.3907064804512563,0.7209265520367519,-0.5419504654772912,0.5878526301895568,0.9154836653869729
ETNK1,26.198762138207947,-0.3221223912962537,0.5967653819774527,-0.5397806257274225,0.5893483297879822,0.9154836653869729
NCAPH2,17.104340481294532,-0.3255995725184509,0.5941426096754038,-0.5480158588463042,0.583681013544309,0.9154836653869729
SBNO1,21.567393801984007,0.22580987737388625,0.41448917460805607,0.5447907718878634,0.5858974261946044,0.9154836653869729
RPA2,37.37574318447249,-0.3598150890185673,0.6650113519447338,-0.5410660855131837,0.5884620332033501,0.9154836653869729
SAMD12,5.800889238792011,0.42102824523262317,0.7780264854861376,0.5411489879673573,0.5884048949042158,0.9154836653869729
FAM204A,33.75704421763122,-0.22865163516267764,0.4186887193596,-0.5461136748857454,0.5849878003331217,0.9154836653869729
INIP,19.758754383856747,-0.3410507733527314,0.6327699128503348,-0.53898070440242,0.5899001687435842,0.9154836653869729
MLX,21.762990585366133,-0.2398164661649852,0.4430760679326308,-0.5412534856237123,0.5883328763414767,0.9154836653869729
TOMM7,206.796738536269,0.25478035220297207,0.471038887921881,0.5408902719837134,0.5885832164570428,0.9154836653869729
USP34,15.328409401821139,0.3002342328449339,0.5539883713805159,0.5419504241519777,0.5878526586589257,0.9154836653869729
GPATCH4,28.67613965698782,-0.3448752247207626,0.6282123624616875,-0.5489787296915782,0.5830200469733194,0.9154836653869729
FNTA,27.906224036935413,0.3331832475781564,0.6122920767155594,0.5441573723530917,0.5863331828804548,0.9154836653869729
PBX2,5.010516934115065,-0.3851462339027122,0.7086940229348294,-0.543459125431526,0.5868137263652153,0.9154836653869729
C9orf78,36.85624455517099,0.25153449648902104,0.4609257288329613,0.5457158946754667,0.5852612443156688,0.9154836653869729
CAPZA1,59.39769929852427,-0.43058723044683594,0.7908395462714725,-0.5444685113142126,0.5861191113983226,0.9154836653869729
EGLN2,18.62661619539977,-0.4903101231910011,0.901366661125386,-0.5439630112110345,0.5864669266612029,0.9154836653869729
ZFC3H1,10.211407130584378,-0.2721673503565185,0.5039373220676229,-0.5400817491346604,0.589140656529346,0.9154836653869729
NAA20,78.97602661586131,0.25415010621947015,0.46806659136643797,0.5429785225164729,0.5871445901233967,0.9154836653869729
EMC9,26.479528153448815,-0.2557899482805019,0.47272558769231,-0.5410960500978672,0.5884413806190325,0.9154836653869729
PHF10,5.523950897498674,0.3431371144553646,0.6291027037719732,0.5454389440674527,0.5854516620888833,0.9154836653869729
HNRNPA3,170.70738339343836,-0.1946439083705227,0.3583342034618836,-0.5431909834173203,0.5869983139992214,0.9154836653869729
SMARCA2,15.981260127172977,-0.30279466659439247,0.5600663368299701,-0.5406407182196304,0.588755246540348,0.9154836653869729
RLF,11.427752045032921,0.4090522791531243,0.754655022318798,0.5420387687823847,0.587791798728799,0.9154836653869729
PRPF39,5.902214594855268,0.2970853748933377,0.5502882263609329,0.539872308113821,0.5892850963892706,0.9154836653869729
CCNA2,45.25863215429483,0.3042591070857915,0.5586921239431841,0.5445917242189957,0.5860343478229718,0.9154836653869729
GPATCH11,6.88712626483655,0.33189848159350516,0.6040448521324613,0.5494599952665816,0.5826898111764476,0.9154836653869729
WDR20,10.727777615434556,0.27390190704085243,0.500085236915256,0.5477104437843415,0.5838907398425088,0.9154836653869729
PSMC6,38.96774047302983,0.24379748592041256,0.4526598336181006,0.538588732231319,0.5901706641189828,0.9155821983157703
PPP1R2,53.00444327537432,-0.31224326999011304,0.5813410359687272,-0.5371086000660547,0.591192600635849,0.9164380294206369
STAU1,57.87034068336542,-0.2808489914875762,0.5233962402413492,-0.5365896234907432,0.5915511132706124,0.9164380294206369
SLC41A3,8.679939980803125,0.27753184630565747,0.516783878002808,0.5370365797366253,0.5912423468118395,0.9164380294206369
SLC25A22,9.64511280543301,-0.39803748532994004,0.7417222643901743,-0.5366395272726465,0.5915166350500874,0.9164380294206369
PPP4C,143.1891075214179,0.32433203021540247,0.6062960375979448,0.5349400459556984,0.5926913156851075,0.9165991920542763
CALCOCO2,41.53253201245989,0.3683283670923114,0.6875741721947453,0.5356925579630234,0.5921710478159038,0.9165991920542763
ARHGAP1,12.558765646595642,-0.29728203428890226,0.5548938581126912,-0.5357457646044597,0.5921342700172756,0.9165991920542763
FCGRT,57.03137564078128,-0.45398373546895915,0.8484724413051922,-0.5350600837083205,0.5926083105553055,0.9165991920542763
SNHG8,58.499459986685075,0.2772523454490133,0.5180589964774961,0.5351752355121138,0.5925286890293381,0.9165991920542763
DAXX,24.005018951218247,-0.27014720346471666,0.5053003890957807,-0.5346269452674214,0.5929078473462179,0.9166135647718706
KIAA0355,8.17216983771316,0.36052348067959783,0.6749947110137903,0.5341130453275985,0.5932633247091297,0.9168426572985607
TRIQK,21.897436118280638,-0.29011282869357297,0.544829661165064,-0.532483543706478,0.5943911364546401,0.9182647560387264
CD164,117.36576861954048,0.30549441967526186,0.5777866862587784,0.5287321894752649,0.5969912439151845,0.9184320945519517
JUND,83.41445564554013,0.3491039766650791,0.6576875922116907,0.5308051737620626,0.5955537944419261,0.9184320945519517
MOB4,29.51559582700046,-0.32843673550119235,0.6193854186388349,-0.530262298106673,0.5959300828582965,0.9184320945519517
TRNAU1AP,21.751227520801308,0.3183145039343551,0.5984570935384628,0.5318919390733182,0.5948008406002874,0.9184320945519517
TRAM1,73.04612704753868,-0.35633130833382515,0.6729209918006479,-0.52952919090892,0.5964384001373317,0.9184320945519517
UNC119,15.964518800595997,-0.24522793473959964,0.46290815318208395,-0.5297550562760119,0.5962817699773933,0.9184320945519517
HNRNPLL,14.302400028746314,0.27359176273100644,0.517226874427634,0.5289589080879924,0.5968339557617,0.9184320945519517
KDM5C,9.363776988710534,-0.33522976324820364,0.6310856284768606,-0.5311953689347804,0.595283401820675,0.9184320945519517
ADAM17,9.046255228503544,0.30063181194833344,0.5683871412953307,0.5289208535984927,0.5968603551018459,0.9184320945519517
TCEAL4,58.70677816752991,-0.3238372565325895,0.6107125038007144,-0.5302613824298953,0.5959307176413404,0.9184320945519517
C12orf73,10.320303405440228,-0.2914009504276799,0.5497203331324568,-0.5300894525170601,0.5960499116594915,0.9184320945519517
ALG6,15.877264371320905,-0.2947393394411417,0.5552357565932682,-0.5308363806566763,0.5955321670133594,0.9184320945519517
FAM45A,16.96597197820558,0.26101544297369317,0.49434225734175125,0.5280055247092635,0.5974955014192902,0.9188882485318222
ISCU,69.42410743586781,-0.33584575943047634,0.6364505423251844,-0.5276855577866431,0.5977175987717207,0.9189103021784222
LIN9,9.884892903683134,-0.2741738265964403,0.5210321463305936,-0.5262128805819932,0.5987403055476133,0.9198431300580387
MFSD14A,20.142658889540193,-0.29480405676591714,0.5602127160844163,-0.5262359248580396,0.5987242962445101,0.9198431300580387
PDCL3,32.2210639546651,-0.2876545937814488,0.5473190591251231,-0.5255702117175638,0.599186858184888,0.9202095394971388
NDUFB6,117.31866515217605,-0.2290329468649514,0.4362538151211381,-0.5249992984046546,0.5995836786630824,0.9202903648430532
C1orf43,135.78951095961864,0.2644702268798161,0.5038528106512068,0.5248958054595356,0.5996556254753966,0.9202903648430532
UBA52,531.8062061942774,0.35069316460008537,0.6698085365004753,0.5235722530983845,0.6005760845311288,0.9210638078644877
LINC00969,15.69018418594438,-0.2748403592394488,0.5247933940825708,-0.5237115450355793,0.6004791844626316,0.9210638078644877
AP3D1,13.714887594641777,0.28302150612812127,0.5576252821911829,0.5075478375298751,0.611770479949804,0.9213543634409388
MAGIX,7.631651326295023,-0.3001980884775826,0.5852572225423962,-0.5129335904194436,0.6079977756186914,0.9213543634409388
PPP6C,28.873251710980107,0.2142272584185752,0.41415034166573406,0.5172693026328123,0.6049681798156556,0.9213543634409388
RBM18,17.398393611616356,0.2669017014795037,0.5150242203656871,0.5182313586922052,0.604296857992346,0.9213543634409388
UQCRC1,85.97839507399969,0.2640796429728296,0.518259438774257,0.5095510534210593,0.6103660224754857,0.9213543634409388
PHB2,77.307020748787,0.24580835514075872,0.4816938096136795,0.5103000085010394,0.6098412967938358,0.9213543634409388
ERGIC2,54.697270423816654,0.20735353734309042,0.40970310027775614,0.5061068300496534,0.6127816560589777,0.9213543634409388
RPS21,802.9744402647523,-0.3140018930629385,0.6035725947031071,-0.5202388176974697,0.6028971330715815,0.9213543634409388
TMEM242,12.822992737258435,0.25654653686351864,0.49582114536835253,0.5174174987493255,0.604864746919334,0.9213543634409388
IWS1,14.930083282287848,-0.24572940657587747,0.48704627531558187,-0.5045298958844455,0.6138890592494792,0.9213543634409388
COX5B,239.46728120811304,0.2852624967950353,0.5500856049352469,0.5185783707766991,0.6040547953738582,0.9213543634409388
UBE3A,38.580810919704504,0.20956324777663096,0.4049930662077981,0.5174489769390423,0.6048427778618445,0.9213543634409388
FAM195A,41.10264545617061,0.2893838740519111,0.5558521237624656,0.5206130581873509,0.6026363508454233,0.9213543634409388
LLNLR-245B6.1,18.109519984199988,0.2932530700555867,0.566382249182623,0.5177652909828938,0.6046220378479077,0.9213543634409388
TUG1,13.51758782077261,0.2583256957055444,0.5017476495607707,0.5148518302610535,0.6066565636062438,0.9213543634409388
WBSCR22,54.31483548672651,-0.2029305123959473,0.3988900988215564,-0.5087379029849731,0.6109359508577423,0.9213543634409388
STK24,17.406110262710712,0.34262663550936306,0.6588314265919725,0.5200520522855364,0.6030272959213757,0.9213543634409388
MTIF2,11.870008276768635,0.28352876868736127,0.5545907541387931,0.5112396241218344,0.6091832759587248,0.9213543634409388
CDKN3,100.20637851779689,-0.22316940123975368,0.4306513466575543,-0.5182136384150535,0.6043092201617408,0.9213543634409388
ZNF367,6.597852979358383,-0.3169067579270251,0.6124928968735361,-0.5174047887651799,0.6048736174918489,0.9213543634409388
CSTF2,8.446225703342435,-0.38280373276120255,0.7369938789382401,-0.5194123637942473,0.6034732112894685,0.9213543634409388
MRPL33,75.22542520281253,0.25429196023435924,0.5035185379315795,0.5050299861430596,0.6135377749574189,0.9213543634409388
METTL5,43.09460749524714,0.21246771291046954,0.4207781614507329,0.5049399716419134,0.6136009983591927,0.9213543634409388
RAC1,227.81698385468036,0.2615724764420904,0.5062908590774983,0.5166446751946026,0.6054042232002653,0.9213543634409388
RSL1D1,105.40570178641535,0.19140436053195148,0.372878454544773,0.5133156882599362,0.6077305116283287,0.9213543634409388
ATXN2L,14.999172436551572,-0.2726969829593732,0.5278569746610869,-0.5166114990418752,0.6054273869300413,0.9213543634409388
CASP4,17.823055438851696,-0.6587117352824065,1.292812974960381,-0.5095181963985108,0.6103890470333289,0.9213543634409388
NSUN5,19.259944488300352,0.21084265187941856,0.4150157763915538,0.5080352696773036,0.6114286089046372,0.9213543634409388
ZNF451,12.470243311351798,-0.26382799630424125,0.5121537510872899,-0.5151343629606165,0.6064591316509762,0.9213543634409388
NARS,36.16468995485374,0.2638619724162085,0.5126056964324215,0.5147464693674045,0.6067301964449243,0.9213543634409388
SEC23IP,10.300609161507897,-0.26396797761649643,0.5217754359202925,-0.505903420215475,0.6129244511801909,0.9213543634409388
CHSY1,4.832451397417158,-0.33578201834007576,0.665347414172654,-0.5046717116314547,0.6137894329361324,0.9213543634409388
C16orf13,132.2446382482814,-0.28484075380374585,0.5459280535071739,-0.5217551140188894,0.6018408455851825,0.9213543634409388
ZMPSTE24,23.26856862487735,0.26053249515949023,0.5028798508124552,0.5180809983509432,0.6044017572482845,0.9213543634409388
PGRMC1,103.1147059248151,0.3277528956259329,0.6453439207141476,0.5078732209381263,0.6115422558915525,0.9213543634409388
RPL39,1456.3044431400208,0.30904488003205666,0.6088097505744546,0.5076214363197226,0.6117188544285235,0.9213543634409388
ZDHHC21,10.990915681806563,-0.3044448369354226,0.5978729984865905,-0.5092132237215441,0.6106027750208318,0.9213543634409388
RCCD1,14.588786824314685,0.2541562608320633,0.5017199466723858,0.5065699749785367,0.6124565799363965,0.9213543634409388
PBDC1,24.40857125152515,0.2445355389492773,0.47537302487695665,0.514407688599015,0.6069669848782338,0.9213543634409388
FAM162A,53.9607025555862,-0.22648059037544735,0.44646375466508176,-0.5072765437484249,0.6119607943376502,0.9213543634409388
CHCHD3,31.602992772302276,0.20915136025925382,0.41184838860712236,0.5078358105675901,0.6115684936227224,0.9213543634409388
C7orf55,18.334275645699268,0.32656498080970797,0.6244402049845447,0.5229723810269242,0.6009934733037088,0.9213543634409388
PRRC2A,15.51543658979935,0.284876352165305,0.5535809556558616,0.5146064893576303,0.6068280294830006,0.9213543634409388
MRPL17,49.21591504147479,0.22048168697251203,0.4244328700967735,0.5194736376620424,0.6034304919563698,0.9213543634409388
PANK2,13.61250667922586,-0.28175999896941634,0.5527566125957759,-0.5097360982191703,0.6102363595364386,0.9213543634409388
SLC44A2,24.786377954426733,-0.2936091693963161,0.581842200681672,-0.5046199279672922,0.6138258104081133,0.9213543634409388
SPNS1,16.93267496169982,-0.30710864050147163,0.5915982340315882,-0.51911689865706,0.6036792247722207,0.9213543634409388
RBM39,133.8386820113566,-0.18550790516277607,0.3641533317006735,-0.509422512479605,0.6104560997330942,0.9213543634409388
TRNT1,11.832378354098308,0.25548892036331716,0.49897361207108654,0.5120289213348597,0.6086307685960339,0.9213543634409388
NCBP2,33.14804833778118,-0.2286266550709199,0.4494278700578599,-0.5087060022367688,0.6109583145575261,0.9213543634409388
FAM83D,25.138265755053123,0.24257344689553614,0.47575735424269894,0.5098679920180313,0.6101439475559794,0.9213543634409388
NDUFB5,83.2636819147002,0.2209002208522645,0.4372936223839262,0.5051530814650733,0.6134513212627306,0.9213543634409388
AASDH,9.798020764357334,-0.2792801000282912,0.5513694696774192,-0.50652079120682,0.6124910978443556,0.9213543634409388
ILKAP,16.921729367243806,-0.24478984667935605,0.47379069727658907,-0.5166624167305102,0.6053918361479869,0.9213543634409388
RARRES3,130.5072472516,-0.3584052123419214,0.6944320502648327,-0.5161127171553184,0.6057756863895316,0.9213543634409388
ZFAS1,186.97803685678028,0.29487850904164453,0.5783803238967525,0.5098349595555809,0.6101670913153879,0.9213543634409388
C9orf16,81.8768559797555,0.3047495881438579,0.5912083193896991,0.5154690455953819,0.6062252948489977,0.9213543634409388
PSMA5,75.84838357027124,0.324163151091474,0.632193670301725,0.5127592481853885,0.6081197392811155,0.9213543634409388
CNPY2,30.275071986938606,0.3628964600256249,0.7149882191046533,0.5075558594238985,0.6117648529367271,0.9213543634409388
ARPC3,238.36541077490097,-0.28230556116045374,0.5541111045320398,-0.509474650212736,0.6104195626160311,0.9213543634409388
TNPO1,17.002998190956067,-0.24163617752191768,0.46323506524338415,-0.5216275615814225,0.601929669442304,0.9213543634409388
CSNK1D,24.76117977858225,0.29060873154037087,0.5689990178155427,0.5107367894167085,0.609535376112851,0.9213543634409388
MDM1,8.236858843431477,-0.2925393019801904,0.5732138237511014,-0.5103493493332352,0.6098067351334678,0.9213543634409388
RPS15,1173.2325764367658,0.3374007382431508,0.671893060145606,0.502164344680138,0.6155519215146439,0.9214673363762561
SDAD1,29.6804978823293,0.2812406884813065,0.5584091649304166,0.5036462618165515,0.6145099773897651,0.9214673363762561
M6PR,37.17502766324637,-0.21233107285030398,0.42126923593332805,-0.5040270087130417,0.6142423975987493,0.9214673363762561
H1F0,183.33964078916358,-0.399088257995507,0.7951418979923386,-0.5019082241838454,0.6157320799125421,0.9214673363762561
ADCK3,8.027806288079761,0.30394444774287743,0.6049069710005404,0.5024647794025933,0.615340621459513,0.9214673363762561
ZFAND2B,14.2304520708358,-0.26008133818925894,0.5186486108301763,-0.5014596255699192,0.6160476856578316,0.9214673363762561
CCNG2,21.458060602507647,-0.34039371337354607,0.6768644408913338,-0.5028979110282351,0.615036049907592,0.9214673363762561
KARS,21.310878758557386,0.32833248096951884,0.6545148820740927,0.5016424988367961,0.6159190189636661,0.9214673363762561
RHNO1,35.471572756466635,-0.2485176602549136,0.49483766174226795,-0.5022205855955078,0.6155123640452957,0.9214673363762561
CDADC1,10.516709715529013,-0.33101495260939134,0.6580492246331118,-0.503024607002531,0.6149469717690113,0.9214673363762561
MAGOHB,46.37751602960695,-0.2695135168974153,0.5381712490420113,-0.5007950859083821,0.6165153444170067,0.9215035697556065
MKKS,51.48736309131916,0.22247012297467822,0.4444628046622458,0.5005370992601658,0.6166969401936684,0.9215035697556065
ABHD10,7.05708137768322,0.2899473272233171,0.5786615207251129,0.5010655052023989,0.6163250225340071,0.9215035697556065
TNRC6B,18.983529381086413,-0.2874209034270633,0.5773992905362417,-0.4977853422024991,0.6186353483262613,0.9218265403760109
RPS29,436.72191117840157,-0.4507646079212955,0.9041353276061994,-0.4985587822508228,0.6180902484228814,0.9218265403760109
MRPS11,33.92790051654886,0.20493073533680012,0.4123145814393643,0.4970251952317568,0.6191712841519459,0.9218265403760109
PHF14,18.587283381569073,0.3022062349047428,0.6097012521290716,0.4956628083826976,0.6201323312157303,0.9218265403760109
JMJD4,7.917698404518989,0.2721807741382388,0.5487125292809859,0.496035281889581,0.6198695185664851,0.9218265403760109
LAMTOR1,96.62418170492813,0.34641570679911426,0.6955580703571331,0.4980399503110469,0.6184558841384049,0.9218265403760109
SS18L1,6.331380025484049,-0.29356008126725686,0.5947101972282824,-0.493618711492469,0.621575483559621,0.9218265403760109
WDR12,7.543157901882426,-0.269205634105315,0.5421582815881759,-0.49654435475321934,0.6195104016514095,0.9218265403760109
PSMG2,73.83386258168794,0.2609082665493491,0.5246790653337035,0.4972721112541582,0.618997175673853,0.9218265403760109
CCDC50,10.876085812797358,0.29452256710262764,0.5892686576619732,0.4998103382440152,0.6172086304397375,0.9218265403760109
FTH1,3126.9638000626965,-0.3561485332622965,0.7217768694987845,-0.49343300999602935,0.6217066628852906,0.9218265403760109
CALM1,248.61994104214676,0.26111081648468903,0.5289173001567157,0.49367040255125544,0.6215389711937092,0.9218265403760109
PSMB5,129.4925381304517,-0.2972251408062385,0.5987676081730842,-0.4963948228814683,0.6196158769911884,0.9218265403760109
ARPC2,132.5280850592084,-0.20303976228472898,0.410364640529485,-0.49477889231087496,0.6207562055085303,0.9218265403760109
ARL2,19.187357510694504,0.42816481476460594,0.8630581194181208,0.49610194856086554,0.6198224845187726,0.9218265403760109
LSM3,233.39300005142098,-0.27114821456954785,0.5454616656313488,-0.49709857108969385,0.6191195422280533,0.9218265403760109
SPEN,15.22267951859574,-0.3327602444664507,0.6716111706674929,-0.49546561909583925,0.6202714851575728,0.9218265403760109
TPD52L2,26.553612015373837,0.2853180779215943,0.5766147034306216,0.4948158210743993,0.6207301354575903,0.9218265403760109
NUB1,17.677725989541834,0.2309708980512509,0.46325699019802924,0.4985804919047576,0.6180749510692336,0.9218265403760109
POP4,24.48399392221868,0.23725064280651367,0.4784908227881005,0.49583112466836177,0.6200135633379571,0.9218265403760109
SCFD1,14.694154925306304,0.2358093366407306,0.4744598531616752,0.4970058795688601,0.6191849051522387,0.9218265403760109
SAFB,17.077940793691603,0.24965388189939766,0.5051008141219289,0.49426545140973066,0.6211187210992667,0.9218265403760109
ARHGAP5,12.862817809653631,-0.27665309222105755,0.5599612779541111,-0.49405754132115054,0.6212655424539621,0.9218265403760109
ZKSCAN1,30.899492388742214,-0.2846765072589023,0.5779790036265251,-0.49253780063410885,0.6223392063467461,0.9224551976111455
KHDRBS1,63.119679537910464,0.21299259898039882,0.4328041268592007,0.49212238461323476,0.6226328287678249,0.9225812400804321
EIF5B,69.41806184891736,-0.29066908252830614,0.5954316826830847,-0.4881652941585462,0.6254327651088286,0.9226074932249128
TBC1D31,7.869422884114307,0.31290530862288024,0.6393993141676088,0.4893738571337549,0.6245770409661237,0.9226074932249128
NCL,176.40261705888605,-0.3140954784362766,0.6445591609290575,-0.48730279154444767,0.6260437697500161,0.9226074932249128
SURF1,30.619917912050926,0.23372555892232463,0.4804240738273865,0.48649843264578124,0.6266138163345326,0.9226074932249128
TUBB4B,299.1745155531231,-0.37464056112928534,0.7672905239426204,-0.48826428769671826,0.6253626536403032,0.9226074932249128
ENTPD3-AS1,7.9872698097558485,-0.3665580572756144,0.7472622122897697,-0.49053471625763445,0.623755569964817,0.9226074932249128
GPCPD1,10.620546094669377,0.30437317444296424,0.6233312944080756,0.4883008075697554,0.6253367895559109,0.9226074932249128
PPP6R2,9.991692937351889,0.23792251245549467,0.4889783648408099,0.48657063290101166,0.6265626391252197,0.9226074932249128
TMX2,32.31208567444022,0.25293244833388817,0.5180019744333871,0.48828471862594075,0.6253481840020123,0.9226074932249128
GNB2,109.63240648387698,0.29602018367203325,0.6059738723255595,0.4885032130774714,0.6251934504012239,0.9226074932249128
RBM10,9.936493565193176,0.26363025231302417,0.5392113505166499,0.4889182174307432,0.6248995977162397,0.9226074932249128
INSIG2,12.254028130541304,-0.2663529638875745,0.5466378928291777,-0.4872566782903372,0.626076444032293,0.9226074932249128
PTCD3,16.450628020501433,-0.23104222736156735,0.4722385858105357,-0.4892489396329477,0.6246654654899867,0.9226074932249128
CNIH1,107.75243140245973,0.3199577841189928,0.6573108285273185,0.4867678581164513,0.6264228504988301,0.9226074932249128
ARL16,31.16383715796794,0.25961087306541775,0.5321166213460586,0.48788341249085226,0.625632424351115,0.9226074932249128
ADAM9,14.198123646672082,0.29208133056819835,0.5987554559110934,0.4878140611240932,0.6256815507382629,0.9226074932249128
STAM2,7.891103264845016,-0.29020510316670034,0.5912920490842081,-0.49079825040125163,0.6235691476176858,0.9226074932249128
VPS26A,30.28736963780156,0.2171149257297917,0.44375414433471255,0.4892685026193861,0.6246516172114283,0.9226074932249128
MICU1,11.25815318883619,-0.29400558131972265,0.5978370760399814,-0.4917821143967668,0.6228733817083103,0.9226074932249128
BUB1B,10.597562602591779,0.2574402214101453,0.5301588176851467,0.4855907566231128,0.6272573513623603,0.9232476755659632
BAP1,6.281129616882397,0.27466189205383407,0.5685150226300406,0.48312160826147504,0.6290093921896893,0.9236748146264927
AMD1,43.1346826097322,0.3311510169943308,0.6848494425443058,0.48353841942845305,0.6287134873328908,0.9236748146264927
HNRNPDL,139.58057388663858,0.19428790300074755,0.40205558899505306,0.48323641884042584,0.6289278792890196,0.9236748146264927
BMI1,16.177856875837286,-0.3029882518136541,0.6256188129026747,-0.48430169548112506,0.6281717728476419,0.9236748146264927
DROSHA,5.889654204247134,0.2779084382288748,0.5752315239474742,0.4831244927638063,0.6290073442032427,0.9236748146264927
ANKRD10,28.716481651191952,0.3508522181324641,0.7258996745710024,0.4833343097168536,0.6288583825641134,0.9236748146264927
TRPS1,87.87933552189192,-0.3742815602008094,0.7730926578653952,-0.4841354479219182,0.6282897454992828,0.9236748146264927
SLC50A1,49.78600244737659,-0.30976505655124187,0.6423645011192499,-0.4822262998834932,0.6296451958236934,0.9243015934710243
BAG3,46.042014254757646,0.3203890786022871,0.6718886182866975,0.4768484982217332,0.6334700079107178,0.9243786474619399
BDP1,26.463589156339935,-0.23283005434309706,0.4849495945172499,-0.4801118651823415,0.6311478517458671,0.9243786474619399
SMARCD2,14.1781656877074,0.26419715724681275,0.5529910634869553,0.4777602653845508,0.6328208451074656,0.9243786474619399
NMD3,18.947846796894837,0.2448927774691484,0.5110829267235019,0.47916446561643106,0.6318216314210189,0.9243786474619399
YEATS4,28.338228227441796,-0.25690757627250976,0.5365634359648093,-0.478801869550722,0.6320795865506812,0.9243786474619399
AAAS,13.276815704288817,-0.24038240237952352,0.501084597229239,-0.47972418970514086,0.6314235250755675,0.9243786474619399
MYO19,15.857991351846078,-0.26859069357053433,0.5635916293851024,-0.47656969970184954,0.6336685641204164,0.9243786474619399
CANX,101.85723408027818,-0.20548570909599914,0.4269695889995304,-0.4812654446362107,0.6303278530341616,0.9243786474619399
NAPG,15.97792389943793,-0.25480146113493873,0.5301986277962994,-0.4805773681346316,0.6308169036331515,0.9243786474619399
NAGK,24.806256723990067,-0.23017400099586252,0.47882040111606466,-0.48071051371110857,0.6307222577446805,0.9243786474619399
ACTR2,39.52688952678067,0.20775944251913755,0.43368408582128204,0.47905710472565893,0.6318980045595923,0.9243786474619399
MRPS16,75.94443165373738,0.18919462024656758,0.39271188295878173,0.4817644396730034,0.6299732934295303,0.9243786474619399
ZNF800,17.63621577467341,-0.24027253336175985,0.5030040929711659,-0.47767510586744505,0.632881465280323,0.9243786474619399
S100A11,744.4707504542696,0.365243216591877,0.7650374136834986,0.4774187641795264,0.633063955098496,0.9243786474619399
PDIA4,47.844648669035465,-0.25501358747372055,0.5345969415733308,-0.4770202888239686,0.6333476743100324,0.9243786474619399
ERGIC3,137.11031974177132,-0.25438550771386237,0.5327429232629881,-0.4775014300627043,0.6330051027608674,0.9243786474619399
ALAD,9.770132987605297,0.27488289356258266,0.5728362266759014,0.47986297088383273,0.6313248328529071,0.9243786474619399
NUP62,19.959823577117636,-0.27202018166253683,0.5684504193962402,-0.4785293006757803,0.6322735247616225,0.9243786474619399
LINS1,10.495839204817951,-0.2819643790740707,0.5916212113917817,-0.47659612881484237,0.6336497405622808,0.9243786474619399
DHRS7B,9.662256048034696,-0.2873964917361911,0.6066029642300246,-0.47378022971086237,0.6356566342482908,0.9263908643085029
PPP1CC,68.17005597334847,-0.1840472631689666,0.3892117551779275,-0.4728717997862878,0.6363046452112213,0.9263908643085029
AZIN1,41.456663084663155,-0.24320102970895097,0.5129428085143273,-0.47412893927366173,0.6354079630470812,0.9263908643085029
BRI3,14.495108753520503,-0.36181052865921637,0.7643505261375618,-0.4733568124660394,0.6359586361023839,0.9263908643085029
HADHA,60.44607939592991,-0.20017662391343904,0.4231656637781681,-0.4730455257787069,0.6361806995814578,0.9263908643085029
AGO3,7.11244107446165,0.24723507124395033,0.5227399577840209,0.47295996329038953,0.636241743270124,0.9263908643085029
JOSD2,44.147025219059564,-0.2583571790207799,0.547185041055292,-0.47215687498056697,0.636814818832486,0.9268285434998637
IMMT,28.508497097699205,0.24486745966681,0.5192207389747496,0.47160569924522644,0.6372082579597188,0.9270960937354725
C1D,43.01711369768391,0.20158946788224988,0.4278555206284268,0.471162479301795,0.6375247105049664,0.9272514944306038
DDX39A,66.65486170973193,-0.22937447288975446,0.4884211010636487,-0.46962441301213037,0.638623379612314,0.927981049225466
SCAND1,82.99552692825281,0.22890497561711012,0.4874683701442712,0.4695791350510872,0.6386557345336464,0.927981049225466
SLAIN2,13.772303696786874,-0.24727308007973464,0.526348011976541,-0.4697900903076945,0.6385049950782997,0.927981049225466
GLS,6.212432110000279,-0.3714293855256105,0.7936192179738798,-0.4680196460890583,0.6397705404382188,0.9280063474546836
FMR1,8.095317732016998,-0.25913475745637315,0.5542983657153797,-0.4675004897803239,0.6401418417554239,0.9280063474546836
MRPL40,37.55810463775323,0.24818077206448722,0.5308050074038947,0.4675554461671535,0.640102532604065,0.9280063474546836
MED29,21.935024529247425,-0.2513103634048703,0.5363600024063485,-0.4685479198250815,0.6393928109210685,0.9280063474546836
TMEM126A,32.23717680710154,0.2670196468024241,0.5693354237060969,0.46900234147430353,0.6390679623661397,0.9280063474546836
MGME1,17.638987247083016,-0.2132216943004399,0.4546762293956338,-0.4689528075480417,0.6391033689036463,0.9280063474546836
MUS81,8.528033623334803,0.3010666279998326,0.6434540334811432,0.4678914302099181,0.6398622322290318,0.9280063474546836
VDAC1,142.64572825189893,-0.20280730326974408,0.4343744628773665,-0.4668950884596572,0.64057493945055,0.9280606559587142
THAP1,9.464942230880371,0.23688852375675423,0.5074063989997267,0.4668615220930271,0.6405989560574168,0.9280606559587142
CBX1,36.87066574136064,-0.24461441327812194,0.5244209667237536,-0.4664466693738738,0.6408958126541298,0.9281866992040655
RFC2,32.39635965262831,0.20460633848496892,0.4394666282570966,0.4655787842103683,0.6415170319156942,0.9284030642624196
LINC00665,21.534810253318717,-0.25071852282016194,0.5384616114707266,-0.4656200506761516,0.6414874883067174,0.9284030642624196
WAC,31.77044055841023,0.21713669098471478,0.46660113117996843,0.46535826099608185,0.6416749191612517,0.9284030642624196
SGPL1,9.627946479964217,0.2616556560333971,0.562728060786407,0.46497708976470054,0.6419478632196418,0.9284490409739706
EHMT1,16.770879038366328,0.21806618895620666,0.4708267404621523,0.46315591323924826,0.6432526144764596,0.9284490409739706
RPS13,1274.4929917530803,0.27982775287553396,0.6043341470293323,0.46303481981128575,0.6433394088993516,0.9284490409739706
SCAMP2,18.863891527254484,-0.2160820662421891,0.46565278151552913,-0.46404118008040485,0.6426182422244082,0.9284490409739706
GTPBP8,7.113163957683485,-0.2688513826648252,0.5810779320895033,-0.462676979829642,0.6435959212358566,0.9284490409739706
MRPL51,198.19457912309798,0.23147363133324486,0.5000820547341017,0.46287130110341895,0.6434566196126523,0.9284490409739706
CASP3,14.007195547005912,0.24818099773610647,0.5361848100127296,0.46286465618116707,0.6434613829009872,0.9284490409739706
HN1,198.89918401199677,-0.2649044567693704,0.5707152385325297,-0.4641622281726956,0.6425315207643016,0.9284490409739706
ARFGEF2,9.611896868299294,-0.24376140172873406,0.5245585517872899,-0.46469817506202826,0.6421476154284501,0.9284490409739706
TMEM50B,30.14345344883323,-0.2638847959307192,0.5711373437341322,-0.46203386773034955,0.6440570334425442,0.9284578290294492
CTSD,121.20667783227539,0.34399973058030237,0.7453988179080917,0.4614975531430449,0.6444416764911619,0.9284578290294492
FOXRED1,14.595697603380126,0.2422211902041517,0.5246716033473354,0.46166247355262324,0.6443233859769687,0.9284578290294492
VTI1B,32.182229680560944,0.22677562374604246,0.4912275169660943,0.46165089681182303,0.6443316891952272,0.9284578290294492
PIGQ,17.62309598327747,-0.2413464520539086,0.5232968433255915,-0.4612037223846669,0.644652451317282,0.9284590661596673
ZYG11B,7.741222565837271,-0.2489501603937447,0.5402287311594628,-0.4608236216156754,0.6449251529395792,0.9285494633632027
C14orf166,134.06323297151272,0.20805705296745738,0.4520449253105486,0.4602574684906043,0.6453314255630442,0.9285530177765956
SVIL-AS1,6.981513493257308,0.28491128779419966,0.6198438109608148,0.4596501292036151,0.6457673711690726,0.9285530177765956
PPP1R15A,136.593772109233,-0.31579070800739256,0.6869315495436263,-0.4597120458613278,0.6457229220765337,0.9285530177765956
CYB561D2,23.15056634994682,-0.30148425606369933,0.6555791936970358,-0.45987465581927073,0.6456061927132608,0.9285530177765956
PSMD8,144.22063670698893,0.26159018154343916,0.5707961229638315,0.4582900461641973,0.6467440744006161,0.9293481630472632
CUL5,16.73243510263573,0.26834899940337237,0.5869406793023918,0.45719952435792743,0.6475276402049958,0.9293481630472632
HAUS4,18.259116340319924,0.3159458221661426,0.6900133995059177,0.4578836039885237,0.647036067024672,0.9293481630472632
LEMD3,7.1077490422240945,0.2687650120473569,0.5862834814295883,0.4584216007450913,0.6466495757603503,0.9293481630472632
ACO2,22.12431503218109,0.2501981937289041,0.5473296961177735,0.4571251943820473,0.6475810622906771,0.9293481630472632
CREM,19.65413639652872,0.2605998537101734,0.5697411801694144,0.45740041755922084,0.6473832642863302,0.9293481630472632
JAGN1,28.90421076827665,0.29248410466879976,0.6421190001648284,0.4554982870678499,0.6487507996179307,0.9301586499466628
CNP,14.54149143414024,0.26325473746990796,0.5793951925309699,0.4543612733822199,0.6495688210873245,0.9301586499466628
GAPDH,2699.4547422285723,-0.32025791001722137,0.704958868312079,-0.4542930437686841,0.6496179221535703,0.9301586499466628
CD59,107.60113169661197,0.2159652794877417,0.47517051320914677,0.4545005918595044,0.6494685660385997,0.9301586499466628
TAF1B,9.57952960028228,-0.22966993857111584,0.5046153513164525,-0.45513862781214925,0.6490095097530458,0.9301586499466628
MRPS9,12.67209334211832,0.28515008173241213,0.6269317111408992,0.4548343570203076,0.6492284109248594,0.9301586499466628
CDCA3,51.345739935728986,-0.24359606033776626,0.534511325246871,-0.4557360131242463,0.6485798217469003,0.9301586499466628
UMAD1,9.749583783381217,-0.22463405499443964,0.4960831766496403,-0.45281530510978785,0.6506817417950106,0.931079050132427
USP5,11.30226539533114,-0.21953625700217594,0.4847596504614847,-0.45287650651860223,0.6506376689360852,0.931079050132427
TM9SF3,25.884473248599846,0.20969342799127563,0.463736620338516,0.45218216287987945,0.6511377570079386,0.9313554791301328
UBE2S,82.18655519011534,0.24475685554216073,0.5415425091556788,0.4519624062823105,0.6512960653288494,0.9313554791301328
TSN,28.09917087892496,0.19234551301812108,0.4283330342277751,0.44905598599205243,0.6533912700804363,0.9316407438961218
BECN1,33.307688855384775,0.2490044145801376,0.5527131493212157,0.4505129195604242,0.652340640608952,0.9316407438961218
MRPS10,42.392330447671156,0.20199751944790606,0.4492049221616928,0.4496778852641254,0.6529427195005992,0.9316407438961218
OARD1,24.334272036294443,-0.24262362062280948,0.5399150765088195,-0.4493736722294441,0.6531621202929674,0.9316407438961218
POLE4,49.98443272223817,0.2013840331281976,0.4481031663603251,0.4494144390094809,0.6531327172352284,0.9316407438961218
MRPL48,25.21417044228446,0.2648559011697923,0.5896132573976622,0.44920275764959827,0.6532853983703024,0.9316407438961218
ANLN,36.36976446310042,-0.32742276725287783,0.7270854003191615,-0.45032229654061584,0.6524780642458399,0.9316407438961218
ACP2,10.45407592280343,-0.2838827493956604,0.6294793408794278,-0.4509802482144304,0.6520037847351445,0.9316407438961218
MTFMT,5.935986337150136,-0.2625666160894366,0.583376512861136,-0.45008088310188216,0.6526521205591863,0.9316407438961218
RAB5B,17.4233784262075,0.20866052935558613,0.4652117381131251,0.44852808358168794,0.6537721228735196,0.9318833707604179
COX8A,275.4240427954348,0.21701957526091312,0.48584542054628443,0.4466844104795645,0.6551029394096926,0.9318882045159207
RPIA,17.280984487509716,-0.21637797412168513,0.4841764521465703,-0.44689900378753455,0.6549479833056615,0.9318882045159207
XRCC6,101.6908118907085,0.24893762902749206,0.5577559400727363,0.4463199961528485,0.6553661140950732,0.9318882045159207
JTB,164.60643979823774,0.2623531079176116,0.5866293484583418,0.4472212455907191,0.6547153230005842,0.9318882045159207
ZFAND5,47.44016076654126,0.22387163604629048,0.5007840679672841,0.44704224907753226,0.6548445553022247,0.9318882045159207
SCAF8,7.179107315362754,0.30196670556490246,0.6761863406694151,0.44657321126297767,0.6551832413140577,0.9318882045159207
MIS18BP1,43.60337288552746,-0.21717796683883414,0.484852666650342,-0.4479256932610725,0.6542068248009174,0.9318882045159207
LINC00662,6.054346259833126,0.27499270199046066,0.6163149984850707,0.4461885605029974,0.6554610455005718,0.9318882045159207
G3BP2,33.98898515454689,0.23812142513742277,0.5341589409161757,0.44578758661046286,0.6557506894130203,0.9320004175044309
MOAP1,9.416065813965545,0.22880268808256315,0.514214249315674,0.444955946644921,0.6563515904352124,0.9322789998170773
DDRGK1,64.7515964998821,-0.24472926291766217,0.5500363586142227,-0.4449328832265563,0.6563682580670085,0.9322789998170773
METTL2B,9.252308945356317,-0.2339495599120388,0.5395294100910764,-0.4336178075492612,0.6645660012506391,0.932576149044169
DAZAP2,98.91213979559521,-0.17123245727239336,0.3934116917140884,-0.43525004690718855,0.6633809393027523,0.932576149044169
SSB,77.21595871595096,0.21100505284666426,0.47917600713136405,0.4403497873565655,0.6596837864142334,0.932576149044169
NAAA,12.742895366691176,0.2618590107483878,0.5950717583599484,0.44004610716207754,0.6599037136364969,0.932576149044169
AHCY,64.18200986481732,0.27774227201666835,0.6283046066907011,0.44205035114981106,0.6584527706675207,0.932576149044169
BAZ1B,32.68836341389612,-0.19374900863195146,0.4455462637809401,-0.4348572177169266,0.6636660700101729,0.932576149044169
ANKRD49,11.987257610733627,-0.31932473573521414,0.7188989548455058,-0.44418583944643275,0.6569082293222823,0.932576149044169
TMEM216,7.70850858623538,0.2272259311288075,0.5240036978383356,0.43363421301448674,0.6645540861397914,0.932576149044169
GANAB,18.653161567625585,0.21423242823376237,0.48560985818903685,0.44116161280722305,0.6590960014426317,0.932576149044169
VAPB,22.95789857043456,0.24316582327546138,0.5589653163452906,0.43502846449465593,0.6635417664463017,0.932576149044169
ATL3,18.680564235533623,-0.24171434375897646,0.5521087740965515,-0.4378020330405146,0.6615297970772885,0.932576149044169
STXBP2,17.091744998656953,-0.2859454784710636,0.6510823572922543,-0.4391848055294639,0.6605276338635937,0.932576149044169
SLC35B3,15.520160561912078,0.2007086479686627,0.4592174720860419,0.437066662679282,0.6620630034232708,0.932576149044169
MTRNR2L12,330.0561403246021,0.5760963126929839,1.3060724287926015,0.44109063172366025,0.6591473853959857,0.932576149044169
TAF7,56.88985059056735,-0.2124191509471478,0.4825334159200571,-0.44021645742839083,0.6597803412170758,0.932576149044169
RPL19,1582.1985886413354,-0.26270270126404355,0.5977296005071521,-0.4395009064987743,0.6602986253323695,0.932576149044169
MTX2,32.83312682037645,0.18625485541443512,0.428318754538893,0.43485103895333277,0.6636705551863522,0.932576149044169
MFF,34.33407740614717,0.2053628952195328,0.4679222722289749,0.4388824969610331,0.6607466798335648,0.932576149044169
TAOK1,16.118445530151536,-0.24045918372075045,0.5462708145378795,-0.4401831057442966,0.6598044947097088,0.932576149044169
TMEM25,10.75195834833735,-0.2544773411870002,0.5830271836641228,-0.4364759454056649,0.6624914480766616,0.932576149044169
DCLRE1C,11.719082767662744,0.3045189451184905,0.691841910004039,0.4401568345530161,0.6598235207160155,0.932576149044169
MCM10,16.391151057430864,-0.2841017580141197,0.6455450321171416,-0.44009595594342077,0.6598676107998223,0.932576149044169
FBXO4,14.8105967275402,-0.2908656852184648,0.6657629018456944,-0.43689079762795113,0.6621905460183859,0.932576149044169
SET,128.54834808522457,0.25306142074996757,0.5800286671463182,0.43629123021626476,0.6626254438758874,0.932576149044169
USF2,15.667463164118505,0.23847375918808392,0.5428664961331576,0.4392861981476743,0.6604541735709746,0.932576149044169
ABCB7,8.625380119255853,0.23462880776921857,0.5341306878372816,0.43927228506424304,0.6604642535902286,0.932576149044169
FAM104B,18.190899941679202,0.24724992076917374,0.5688927776176158,0.4346160304664019,0.6638411572361955,0.932576149044169
FDFT1,63.973996343114926,-0.22428460290640995,0.5165882678173532,-0.43416511151915826,0.664168546103786,0.932576149044169
FUNDC2,51.833741657405085,-0.17194235193893986,0.3890314483254341,-0.441975456429183,0.6585069665179972,0.932576149044169
DENND4C,7.217071081318091,-0.2214024717437806,0.5060273918826865,-0.43753060663385757,0.6617265844425613,0.932576149044169
DCTD,17.47564430318015,0.2567169436816091,0.5811255525961307,0.4417581407920323,0.6586642321591942,0.932576149044169
PLEKHJ1,38.32138341980123,0.22380585336759196,0.5076546873913885,0.4408623793422073,0.6593126306006007,0.932576149044169
TNPO3,15.186860439108074,0.23023435989285243,0.5204274521781179,0.44239472558425685,0.6582035950860827,0.932576149044169
RPL27A,471.9953722415088,0.38110939913197855,0.8705664528331881,0.43777174952203685,0.6615517518288059,0.932576149044169
VPS72,29.492602005795202,-0.22228266784983278,0.5126619723586007,-0.4335852468775446,0.664589649963197,0.932576149044169
TMEM57,17.713088920493128,0.20240435996166414,0.466666590467082,0.43372369930977833,0.6644890947096711,0.932576149044169
HMGN5,17.159810738009572,0.30995004871236026,0.7108569597716666,0.4360230907944109,0.6628199763646861,0.932576149044169
ZNF264,5.63759679579352,-0.26819397252980826,0.6138882100309704,-0.4368775424376989,0.6622001594759961,0.932576149044169
TBC1D7,20.86249199855928,0.20078063488413217,0.4664096184567394,0.43048133430111724,0.6668455417730936,0.9327889575977417
VRK3,21.593431237672668,-0.24182080242291057,0.5604226963994254,-0.43149716094039064,0.6661069164925338,0.9327889575977417
PRDX5,123.88859019255524,0.21588522372355837,0.5029536513436355,0.42923482739775964,0.6677523400794189,0.9327889575977417
HLTF,28.852994904381596,0.21262673913533015,0.49417181372873603,0.43026885230659184,0.6670000820166455,0.9327889575977417
LITAF,101.80461641577605,-0.22294665517936577,0.518013742417193,-0.430387530143575,0.6669137647167378,0.9327889575977417
PARK7,272.2799766522812,-0.2180303136157571,0.5064146753305973,-0.4305371156027868,0.6668049738262347,0.9327889575977417
TTC3,71.00151009723771,-0.2133735646722876,0.49659945261072014,-0.4296693513263882,0.6674361811250588,0.9327889575977417
MRPL45,29.525441823849867,0.202009087551737,0.4702139295353644,0.42961102354272995,0.6674786169038301,0.9327889575977417
ASUN,8.33788228776815,0.2705533931500183,0.6268066610903106,0.43163771214460156,0.6660047447358994,0.9327889575977417
SRPK1,45.810783901522754,0.21186364312229305,0.49063809082678805,0.4318124643874993,0.6658777196509391,0.9327889575977417
XPO5,5.4155775834794975,0.2689488067758827,0.6263846318789252,0.42936686675906216,0.6676562621998656,0.9327889575977417
CCDC97,6.95274291560992,0.23837831632578135,0.5509888149330887,0.43263730563156655,0.6652782829484376,0.9327889575977417
PSMD13,45.80738232561821,-0.23464307452125976,0.543980332137991,-0.43134477601248655,0.6662176976123078,0.9327889575977417
PPID,16.687180721610964,0.2604017790187501,0.6061653020417482,0.42958872462946673,0.667494840529688,0.9327889575977417
PRMT1,57.74716086912723,-0.2675541935389407,0.6236325083110618,-0.42902541155774276,0.6679047317911029,0.9327889575977417
SCAF11,50.903640374551074,-0.16933769537857005,0.39595536417218663,-0.4276686482896876,0.6688923786344996,0.9338734187816893
TNFRSF18,19.220968458483803,-0.375320414706224,0.8812845047482962,-0.4258788310517491,0.6701961409046047,0.9342290720917237
VCPIP1,5.779239279304772,0.259365889477894,0.6195118632142365,0.4186616994422291,0.67546339069834,0.9342290720917237
SMIM10L1,21.071119893462125,0.23824833035552906,0.5671313781623818,0.42009371995515554,0.6744169902414541,0.9342290720917237
TASP1,8.608184535573544,0.26733149418232943,0.6314216340455074,0.42338032111687585,0.6720178002679965,0.9342290720917237
DHX15,30.605694696555183,-0.1851745400428993,0.43702950151599906,-0.4237117617930887,0.6717760363131446,0.9342290720917237
TXNL4A,39.56896171616372,0.22870023442572973,0.542961972478922,0.4212085671149059,0.6736027890409757,0.9342290720917237
ZDHHC13,13.391605586153181,-0.22416642815954751,0.5357917658060404,-0.4183834886344577,0.6756667566739692,0.9342290720917237
INPP5K,8.973049641788677,-0.24580748674879854,0.5780394773455461,-0.4252434243377072,0.6706592315370237,0.9342290720917237
ROMO1,125.87365698019758,-0.27482534440592754,0.6493641607094214,-0.42322222419186895,0.6721331334249565,0.9342290720917237
SLC35A3,23.75806570353941,0.20724708027161615,0.49249379292693723,0.42081155792832864,0.6738926911543732,0.9342290720917237
SACM1L,12.087216026879245,-0.31496862045641394,0.7422538961653816,-0.42434081125555423,0.6713172799002747,0.9342290720917237
RPS26,835.6229328751615,-0.24938573351487536,0.5861671150895148,-0.42545159408471955,0.6705075015966796,0.9342290720917237
MIF,1049.7957094618682,0.35588862445713737,0.8471171004839388,0.4201173890290094,0.6743997001497387,0.9342290720917237
NDUFAF1,8.734031879552514,-0.21133758402403197,0.4996511103423182,-0.42297030797998536,0.6723169245567786,0.9342290720917237
MYCBP,17.02769778556543,0.2533411370811045,0.6011850256292554,0.4214029396622686,0.6734608729404064,0.9342290720917237
CBLL1,10.157518479505217,-0.2340555469501532,0.5518687404810495,-0.4241145217722118,0.6714822953606,0.9342290720917237
UQCRC2,66.34825826219375,-0.21412193966320525,0.5118311098085646,-0.4183449101858839,0.6756949585397748,0.9342290720917237
LINC00116,38.16058165420644,-0.23896590531970766,0.5675185248705807,-0.42107155070260033,0.6737028350218055,0.9342290720917237
ZNF611,5.2895621165492175,-0.2430707368111036,0.5791176643275927,-0.4197259931508572,0.6746856341605144,0.9342290720917237
DUSP1,445.17820534811244,-0.28672316476622367,0.6765020485339607,-0.42383192392037533,0.6716883944081478,0.9342290720917237
SLC35C2,15.835520297750932,0.20618167929456047,0.48509445916756777,0.42503408438919826,0.6708118279548168,0.9342290720917237
MTFR1L,7.082652932345637,-0.23044456870966054,0.5485230080335314,-0.420118327462343,0.6743990146343426,0.9342290720917237
CTSC,17.531910507816995,-0.3459081403347629,0.8210010998075984,-0.42132481968151625,0.6735179088320268,0.9342290720917237
NMRAL1,38.21200331726483,0.21873869662859044,0.5151516443238033,0.42461030463313476,0.6711207798450618,0.9342290720917237
MGST2,47.83088663525951,0.23732175226063915,0.5583816232134055,0.42501712519636087,0.6708241907960899,0.9342290720917237
SUPT5H,16.67110018627692,0.2541694772094051,0.6070377166076413,0.4187045882911547,0.675432042000809,0.9342290720917237
MYNN,14.211091705013214,-0.21973733633092693,0.5217574197158871,-0.42114846483751134,0.6736466735202513,0.9342290720917237
EMC10,35.89047629055916,0.2177252351774512,0.5202289438608108,0.4185181115868563,0.6755683473026635,0.9342290720917237
PCBD1,103.4519157026979,0.24441693590865884,0.5838365241222989,0.4186393379141516,0.6754797356078626,0.9342290720917237
ATP5L,407.15100283355747,0.2330919332117285,0.5564421112376275,0.41889700384697703,0.6752914068464511,0.9342290720917237
EPAS1,6.994386104756873,0.3526194419409341,0.828422302991338,0.42565179699733546,0.6703615911669405,0.9342290720917237
C20orf27,30.672634670120054,-0.25750299000800664,0.6172094588017072,-0.41720519077581963,0.6765283287603069,0.9342947119386825
TMEM50A,106.34098816882913,0.2243050296088519,0.5376697308901713,0.4171799465770377,0.6765467919721959,0.9342947119386825
ARFGAP2,17.889205245482568,-0.19816237348041593,0.47431283777900884,-0.41778834072533255,0.6761018761629007,0.9342947119386825
NDUFAB1,186.51066531347578,0.24935916424935395,0.5978051851024234,0.41712445870912046,0.6765873756137463,0.9342947119386825
MEAF6,73.14188111623243,0.1637636934128085,0.39380346404929106,0.41585132778900785,0.6775187971436867,0.9344139818417606
AUP1,69.09246807022895,-0.17566538842717444,0.42228975242002065,-0.41598307186117306,0.6774223903877437,0.9344139818417606
TMEM2,9.81040097536287,-0.3968241518017642,0.9539713799331894,-0.41597070955058996,0.6774314365683437,0.9344139818417606
STK25,17.531817110126923,0.21451698955125706,0.5151282178777393,0.41643416552686424,0.6770923322428435,0.9344139818417606
CDK16,37.28765316247791,-0.19730971164830033,0.47557233888654193,-0.4148889569781577,0.678223194252743,0.9345724129157582
RNF181,82.43440456592705,0.15477691862679155,0.37324955660100845,0.41467408571430137,0.6783805054303282,0.9345724129157582
ACAD9,9.706926391581444,0.2000240167666085,0.4815283478107237,0.4153940628335194,0.6778534522680117,0.9345724129157582
MED19,21.515741815544487,-0.20703569666692212,0.4994350922364495,-0.4145397467763527,0.6784788645427311,0.9345724129157582
C3orf17,8.488093631239211,-0.23361128836275588,0.5646126286838173,-0.4137549826105254,0.6790535557428132,0.9350728135275415
FANCL,9.545370837268614,-0.24005403229099068,0.5814148152987662,-0.4128791113925027,0.6796951859900691,0.9353739289465076
RP11-295G20.2,15.69205895579653,-0.31321423409325333,0.7583299654451586,-0.41303159358787667,0.6795834665842522,0.9353739289465076
ERP29,97.61746952674977,0.17061064329701262,0.41425037224409916,0.4118539287551429,0.6804464909161236,0.9357060277144484
METAP2,47.80719553595734,-0.227764173189748,0.5536784630873202,-0.4113654194164087,0.6808046065613726,0.9357060277144484
CAPN7,15.918205921837403,-0.26364833387122005,0.6407395579149001,-0.41147503789088136,0.6807242413596835,0.9357060277144484
HCFC1,13.374326660516846,0.21772457473813028,0.5291119182560237,0.41149058871280036,0.6807128407927145,0.9357060277144484
ORC3,15.531860804963637,-0.23158627135426382,0.5633239704391989,-0.41110672278636784,0.6809942806269069,0.9357060277144484
ILVBL,26.100617943724625,-0.1952444839326054,0.47639780630750495,-0.40983497687766246,0.6819270065497474,0.9364058211640895
MEPCE,8.11921323871929,-0.25519680544339013,0.6225901026227176,-0.40989537798360476,0.6818826960647604,0.9364058211640895
PSMC4,48.87650890554434,-0.2362501175442447,0.5841739278340607,-0.40441742824810456,0.6859057863343685,0.9364597849619174
CEP164,7.6162914261891626,-0.24442869536271467,0.6041942208924682,-0.4045531832490284,0.6858059775436505,0.9364597849619174
NFX1,7.933500676465729,-0.2303983551891776,0.566465550984013,-0.40672968513080854,0.6842065353452119,0.9364597849619174
SLC25A11,31.838811412083913,0.1699547308567678,0.41988635279293546,0.4047636455109556,0.6856512538679645,0.9364597849619174
NDUFAF3,104.33130066641533,0.23762652424273678,0.5838148993531757,0.40702374075414943,0.6839905515767044,0.9364597849619174
PCID2,19.343191398099663,0.2568131678533961,0.6281102874946916,0.40886636147567723,0.6826377363009339,0.9364597849619174
METTL17,14.105825749945845,-0.22514943587386615,0.5516889217296455,-0.4081094018853625,0.6831933578100168,0.9364597849619174
PDCD6,137.6931251322483,0.2525996200728385,0.6247762372255249,0.40430414126275077,0.6859890805508959,0.9364597849619174
CAPRIN1,36.67586804492547,-0.171662308640713,0.41991233608407974,-0.4088051097559105,0.6826826897390125,0.9364597849619174
SSR2,168.04765629469426,-0.1999859101550385,0.492593200077477,-0.4059859334712374,0.6847529359864015,0.9364597849619174
RASGEF1B,5.177450866165121,0.3842715118203891,0.9449353056750605,0.406664360525577,0.6842545197559209,0.9364597849619174
NOL7,59.237734124230215,0.1898913053816947,0.4682835782504725,0.40550494230683204,0.6851063862787822,0.9364597849619174
AFTPH,17.804419156364993,-0.1879872280992432,0.46172594450168725,-0.40714027517367773,0.6839049642309503,0.9364597849619174
NEDD9,14.625762369540476,-0.2963985471825286,0.7272697942983998,-0.40754964595836896,0.6836043388246189,0.9364597849619174
PCNP,67.22569601068399,-0.22934324179639792,0.562503834010054,-0.4077185397322976,0.6834803246549993,0.9364597849619174
AFF1,8.656225332361537,-0.2574427148903857,0.6344020064608829,-0.40580375261826923,0.684886801173314,0.9364597849619174
SDF4,45.62220420785116,0.23272779240891173,0.5723754895261551,0.4065998573795971,0.6843019020117345,0.9364597849619174
YWHAB,256.58514400893034,-0.2040354420092463,0.5005940707509062,-0.4075866134474725,0.6835771938587325,0.9364597849619174
RPS15A,1502.5431523534826,0.2696600220446042,0.6663354354144655,0.4046911025778986,0.685704583124848,0.9364597849619174
DDB1,25.39835798241154,0.17175571486885982,0.42519765294273726,0.403943233647131,0.6862544631828142,0.936533011619126
LYPLA1,94.00479609555785,-0.21935583091617372,0.544028687228533,-0.40320636772602353,0.6867964156338924,0.9368514217382443
GNPTAB,14.005237619753938,0.22466200535675718,0.5574047388459802,0.4030500455053269,0.6869114087038495,0.9368514217382443
IFNGR1,17.265217888779013,-0.21962943120164177,0.5455505555122118,-0.40258309515501084,0.6872549478201444,0.9370310216425705
PSMD9,39.916143834474795,0.2256769235796454,0.5619466181498364,0.40159850827587207,0.6879795278720164,0.9372891450184686
RAP1GDS1,13.688138442772873,-0.2709384392032819,0.6748793979091402,-0.4014620094237321,0.6880800031370037,0.9372891450184686
USP48,22.64775210076025,-0.21390097604647915,0.5322404187513562,-0.4018878847049872,0.6877665393642891,0.9372891450184686
TTF1,18.241044108769852,-0.2767968797076088,0.6912233732827167,-0.4004449074010065,0.6888288537249889,0.937443083084808
RIT1,7.244994440401733,-0.27057214903922916,0.6752872063076872,-0.4006771437573273,0.6886578407025576,0.937443083084808
MAGT1,21.201452619953216,-0.17182251834626985,0.42868875848686266,-0.40080947994239374,0.6885603987748643,0.937443083084808
MYBL2,23.68247681547449,0.1976181707623236,0.5006535552101509,0.39472039837882067,0.6930492469301234,0.9378587506075673
SNRNP27,25.592507285931852,0.1626065651749103,0.4104708432685837,0.3961464446051088,0.6919969971510909,0.9378587506075673
PSMA6,83.04834199343898,-0.33211814238892856,0.8420239501208624,-0.39442837978807727,0.6932647945021975,0.9378587506075673
POLE2,7.040561710738858,-0.2405203208315456,0.6101176345504782,-0.39421958522598005,0.6934189271770153,0.9378587506075673
STARD7,27.160974915552806,0.19137372881656772,0.4846026193817961,0.39490857284407943,0.6929103629448536,0.9378587506075673
KRTCAP2,162.65002550275662,-0.2818041270102881,0.7124930686784025,-0.3955184118955771,0.6924603362718482,0.9378587506075673
CAPG,62.93683869388046,-0.28491397366119975,0.7197865254511606,-0.3958312132650945,0.6922295486845058,0.9378587506075673
FBXO22,23.64403628811056,-0.22404908490171238,0.5647112294269344,-0.3967498311111611,0.6915519496436104,0.9378587506075673
AKT1S1,22.8188911979812,0.2040198157030979,0.5162621309895833,0.3951864827118502,0.6927052677545094,0.9378587506075673
PPP4R2,31.548071254361798,-0.20957481096865677,0.5273525327719666,-0.39740931908879135,0.6910656445069571,0.9378587506075673
ATP6V0B,207.94185125774615,0.2422633700625514,0.6087040036803365,0.3979986472863369,0.6906311828710635,0.9378587506075673
UBA1,25.62050282665327,-0.1873370280916843,0.47404587240352564,-0.39518755250803234,0.69270447829726,0.9378587506075673
SRSF2,142.9084329624744,-0.2181450788813954,0.5485621698888761,-0.3976670117911808,0.6908756570322199,0.9378587506075673
MAP3K13,46.7350810366137,0.26793382363521645,0.6728317822053931,0.3982181441503683,0.6904693925077121,0.9378587506075673
SSRP1,50.446777474092286,0.18192193455780364,0.4617405013874363,0.39399172048188374,0.6935871519867404,0.9378587506075673
TPT1,1095.8024784199424,0.24921280716515348,0.6315924367065814,0.3945785172233311,0.6931539705117948,0.9378587506075673
SUPT7L,8.928655534381813,-0.2302006878126764,0.5819746604869578,-0.3955510496282772,0.6924362545325087,0.9378587506075673
RPL41,1822.464082745749,0.20399547942878318,0.5116177556910586,0.3987263482543523,0.690094851341821,0.9378587506075673
POLR2L,216.11782394917478,-0.25807909412510477,0.649419411573818,-0.39739972277648733,0.6910727198955047,0.9378587506075673
FBXO3,8.947047140965418,-0.21997346752376212,0.5507266732697329,-0.39942403046823977,0.6895807903882961,0.9378587506075673
AP3M2,16.081909368890756,-0.25500654337082934,0.6406007727055218,-0.39807404898035215,0.6905756029545762,0.9378587506075673
CEP135,8.299969374361558,0.20673450600926807,0.5252047790336353,0.3936264753524422,0.6938568315780707,0.9379366644467623
STYXL1,13.487986249385452,0.19637231837816152,0.5022693206104689,0.3909701634563035,0.6958192901652797,0.9382250674236451
SPOPL,12.687322674972126,0.2117114740309066,0.5417760593345465,0.39077303321772444,0.6959650095810149,0.9382250674236451
COQ5,13.478073911110394,0.23855131080840355,0.608459779839747,0.39205764902198137,0.6950156187274992,0.9382250674236451
STX6,8.203235130449638,0.22492514259941324,0.5769003992574112,0.3898855727764063,0.6966211626406502,0.9382250674236451
SEC23B,20.622098793038795,0.20859634131185928,0.5371512443012536,0.38833818877811443,0.6977657798851763,0.9382250674236451
TSC22D2,15.690986067787412,-0.2168406353926009,0.5523923829954859,-0.39254819955468667,0.6946532051122218,0.9382250674236451
FKBP3,48.52176002490462,-0.165001348293683,0.4231011254392227,-0.3899808777922643,0.6965506869999227,0.9382250674236451
RCAN3,12.285139613824796,0.23855696662754577,0.6120762903784878,0.3897503797770537,0.6967211389250367,0.9382250674236451
POLR2B,27.523280105984234,0.23122845220459903,0.5925379647230234,0.39023398663186876,0.6963635321529195,0.9382250674236451
CNST,12.40732637887382,-0.23449674481096572,0.5986429851184117,-0.3917138438773858,0.6952696599331436,0.9382250674236451
VRK1,31.62564249658045,-0.2542296612736265,0.6545226914595494,-0.38841993500134947,0.6977052940560059,0.9382250674236451
RPL26,553.3684526991399,-0.33971656684274854,0.8686520002731685,-0.391084768970677,0.6957345784989881,0.9382250674236451
PRPF3,12.836066487809493,0.21011061262832084,0.5396370330856729,0.3893554366105998,0.6970132326655356,0.9382250674236451
MYO5C,9.999455896388035,0.22756360175932677,0.5857279330434577,0.3885141700121767,0.6976355698811649,0.9382250674236451
PAFAH1B2,16.00332317097714,0.19641607213919576,0.5007137943067697,0.3922721410364392,0.6948571456846284,0.9382250674236451
LSM2,113.72747829836355,0.15433493139703253,0.3971623767240947,0.38859403720470653,0.6975764784063859,0.9382250674236451
LUZP1,9.784681588892886,0.24806400259244715,0.6353220884319701,0.3904539242523278,0.6962009199233891,0.9382250674236451
OSBPL1A,19.708368938239964,-0.2687520698005172,0.69235224742018,-0.3881724523924524,0.6978884177761231,0.9382250674236451
PHF13,6.765477244603149,-0.22521642478919393,0.5833109347621748,-0.3861001249376857,0.6994225173194071,0.939430851534691
ATP6V1F,129.66505187596093,0.14070495891007645,0.36399751591276946,0.38655472292782295,0.6990858828466807,0.939430851534691
SLC4A2,10.21964005045169,-0.2124213014046319,0.5499936862164321,-0.38622498171922726,0.6993300537039461,0.939430851534691
ELOF1,21.933679416322427,0.22439026911346038,0.5824261277818624,0.38526820554572005,0.7000387151321827,0.9397882260954208
PAK1IP1,14.900086563412794,0.18858495496900754,0.4896184195898052,0.3851671984215813,0.7001135439711534,0.9397882260954208
DBNL,17.391529914658328,0.1954304616856579,0.50895111985622,0.3839867013965261,0.7009883041077098,0.9403091472759045
UBL4A,21.01027293256385,0.20619254093913264,0.5367212664532004,0.3841706185814265,0.7008519935204482,0.9403091472759045
CCNB2,65.74175334109123,0.21042669179416032,0.5482962354416482,0.3837828498396735,0.7011394003427387,0.9403091472759045
TMSB10,1690.5767623501495,0.23964266343183832,0.6250953216992583,0.38336979195491977,0.7014455980465598,0.9404346408487221
GOLGB1,50.599376515381906,0.19666273108043777,0.5162133321972406,0.38097181691017357,0.7032241612170207,0.940863059643648
BAX,55.96715991859401,0.22161347936481704,0.5844053851423433,0.37921190495333773,0.704530511765716,0.940863059643648
BLVRB,117.14797691886322,0.27270923788109785,0.7156680930827596,0.3810554648404059,0.7031620926537164,0.940863059643648
GRIPAP1,10.392063288634388,-0.21973889262025045,0.5749124510824694,-0.3822127911937145,0.7023035348133608,0.940863059643648
ALKBH2,9.262371462388042,0.2256923937107614,0.5943933254824093,0.37970209966202023,0.7041665613974877,0.940863059643648
TMED5,23.245535266435763,0.20280685281906854,0.5343219325597406,0.3795592889992279,0.7042725857312032,0.940863059643648
PSAP,110.98171416997278,0.19044125425372807,0.5008315933227826,0.3802500816496813,0.7037597864251217,0.940863059643648
MAGOH,66.7623989221785,0.1877347087492013,0.49189754592290824,0.3816540869236695,0.7027179599552011,0.940863059643648
ATIC,27.422552556895862,-0.1600413288946841,0.4218141888747057,-0.3794119143351582,0.7043820044593605,0.940863059643648
PPIE,18.35263709595205,0.19909553628528814,0.5233796506448051,0.3804036630770836,0.7036457959059645,0.940863059643648
UTP14C,7.591370630048578,-0.21879460427249728,0.5767620566471916,-0.37934985797156046,0.7044280802093585,0.940863059643648
COX16,47.42855701157845,0.2606942870235113,0.6864907915173118,0.37974913901949564,0.7041316400779163,0.940863059643648
SLTM,57.60818892601405,0.14093195033116473,0.37067253809189155,0.38020607368606035,0.7037924510459614,0.940863059643648
GAPVD1,9.678954965291092,-0.19063880877045605,0.5035260884790554,-0.37860760967976304,0.7049792704421303,0.9410002445288713
ATF3,146.19519317202017,0.30049300628308223,0.7951069522163768,0.37792778121918297,0.7054842439199044,0.9410002445288713
GEMIN6,14.327389147348393,-0.22948837295402888,0.6072105230189238,-0.3779387284216695,0.7054761113594116,0.9410002445288713
DCUN1D1,17.32198740682194,0.2021504800103483,0.5342188361360629,0.37840387933992947,0.7051305867806311,0.9410002445288713
NAA60,17.10706003700951,-0.17534946438958088,0.4663740036107553,-0.37598464543905175,0.7069283111081588,0.9410110367203199
WRB,27.074144497416704,-0.1977389700167659,0.5305427806007172,-0.3727106978873073,0.7093637735009646,0.9410110367203199
ACTB,2192.773178558001,0.21038347835076207,0.560706652420026,0.3752113113742113,0.7075033184603682,0.9410110367203199
MAPKAPK5,14.7543740334881,0.17840117954270918,0.4793309508998752,0.37218789900336396,0.7097529551678419,0.9410110367203199
HP1BP3,87.18223664992597,-0.20479987458406135,0.5491237178438699,-0.3729576194381231,0.7091799866498294,0.9410110367203199
PTPMT1,38.9982214325625,-0.20541006743251575,0.5496754853692665,-0.37369333888798645,0.7086324816821379,0.9410110367203199
ARHGEF9,8.057368049235889,0.2021033402381515,0.5430628242665666,0.37215462227800644,0.709777729574683,0.9410110367203199
FAU,771.3500981494947,0.20726907164205022,0.5512742733747267,0.3759817601739594,0.7069304561171523,0.9410110367203199
ATPAF1,24.531694042415076,0.22733738230724335,0.6117318877974263,0.37162911864180215,0.7101690058768534,0.9410110367203199
RNF41,9.661235671364619,-0.18593623263801679,0.49718719808704886,-0.3739763078241258,0.7084219429720259,0.9410110367203199
C11orf54,9.742860368991089,0.2255957764598205,0.603064762554642,0.3740821723759393,0.7083431817968477,0.9410110367203199
TACO1,14.675792580402671,-0.21980619194662604,0.5866963489557334,-0.3746506899827505,0.7079202690833288,0.9410110367203199
ING3,8.160340808489053,-0.26902463376737246,0.7222929442288709,-0.37245917451760036,0.7095510029349039,0.9410110367203199
LYRM2,29.733487273318634,-0.17063288329114215,0.45860192494885726,-0.3720718863318573,0.7098393275298638,0.9410110367203199
GSS,22.084111585248372,0.21022816397747845,0.5657014738641087,0.37162385761784117,0.7101729234846095,0.9410110367203199
TRIM38,10.954985051325144,-0.27422755296070084,0.7332340646682776,-0.37399728978053437,0.7084063325552377,0.9410110367203199
HSP90AA1,1265.6076049005228,-0.25490786812170946,0.6759959652006007,-0.37708489583375837,0.7061105154884302,0.9410110367203199
NUMA1,24.685024382842183,-0.24109655783428346,0.6405925154800963,-0.37636493091648443,0.7066456136895025,0.9410110367203199
AAMDC,26.233817891713425,0.16314157242269642,0.4381158361291081,0.3723708639799551,0.7096167438582406,0.9410110367203199
SNX5,49.35687194529753,-0.18444290913944697,0.4935011581343362,-0.37374361964362335,0.7085950694277352,0.9410110367203199
ARPC1B,67.08731400774077,-0.19920580227530948,0.5281705844004551,-0.3771618642894227,0.7060533189547548,0.9410110367203199
EBAG9,26.943840814900522,-0.18834672090918642,0.5046176895257898,-0.37324637011077366,0.7089650873197096,0.9410110367203199
DIAPH3,26.869515129263437,-0.1882375240817378,0.5071110847687121,-0.3711958380235188,0.710491672809636,0.9411514431976701
CDC42,108.85698560603001,-0.24421813672581555,0.6895163315797742,-0.35418760302062624,0.7231982935562369,0.9413496328426239
DCAF13,40.50079362289044,0.22615940837576573,0.6260649244774602,0.3612395448675355,0.7179203826480103,0.9413496328426239
ACOT4,14.950630029695365,-0.18936420932349446,0.5109573523610703,-0.3706066826291196,0.7109305039700986,0.9413496328426239
MGST1,375.73582591207025,0.4963169603290971,1.376874849039153,0.36046628397304964,0.7184984657962684,0.9413496328426239
YTHDF2,42.224653901720764,0.1804850736770636,0.48821242946014953,0.36968553602094584,0.711616810080308,0.9413496328426239
SFXN2,7.914891872167333,-0.22013975806737857,0.6112697305952234,-0.36013521862601905,0.7187460166688404,0.9413496328426239
ITPK1,9.300259698545068,-0.2108977554005571,0.5701903780539457,-0.36987252594536785,0.7114774731282082,0.9413496328426239
GBA,15.396595681675663,-0.18969659309620995,0.5309531779845367,-0.35727555830117774,0.720885525795905,0.9413496328426239
RBFA,16.570166695063133,0.19643947955957747,0.537320573723147,0.36559083937253517,0.7146704117238327,0.9413496328426239
S100A10,336.1836052257727,0.3010148957928328,0.8296288672549307,0.36283078816776043,0.7167312912489563,0.9413496328426239
MSL3,17.14053805097731,0.22690270924031955,0.6267977396817346,0.36200307511563873,0.7173497324654698,0.9413496328426239
TUBA1C,157.26774942807876,0.23084477542887608,0.6517289416190871,0.35420365843411755,0.7231862620653047,0.9413496328426239
RPL10A,669.4707069795178,0.2517580084169287,0.6960745038989823,0.36168255985061193,0.7175892612116299,0.9413496328426239
SRSF10,73.60804906842745,0.13089110425451028,0.35875764667100785,0.3648454756827568,0.7152267568039719,0.9413496328426239
MPV17,24.332615921257908,-0.16394228600976066,0.4533100276731883,-0.36165598817936156,0.7176091201057471,0.9413496328426239
UBN2,5.282559014016039,-0.2177811719925022,0.6082141787301989,-0.35806658182019946,0.7202934870818897,0.9413496328426239
OAZ1,336.3202203339935,0.16318309283046312,0.4485033276256259,0.36383920202856357,0.7159780870347716,0.9413496328426239
RHOA,365.5252064540462,0.2437217084412894,0.673582044607346,0.3618292832959392,0.717479607813647,0.9413496328426239
SDHD,36.040846004546204,0.27426287689515527,0.7639931264889471,0.3589860528661747,0.7196055230129355,0.9413496328426239
ORC4,11.539779949201248,0.17761321456424875,0.5000340079057995,0.35520226975783803,0.7224380644368354,0.9413496328426239
RPP30,23.420860524382988,-0.19494381891544876,0.5365140021753398,-0.3633527142349186,0.7163414199150377,0.9413496328426239
TMEM126B,20.78119761177961,0.17859243271089256,0.498280287763295,0.35841761574106623,0.720030810696255,0.9413496328426239
XRN1,11.272942687189161,-0.23366431018626227,0.6424722027162678,-0.3636955952309962,0.7160853329294234,0.9413496328426239
ZNF326,20.347788284385906,0.16248791848594676,0.4489297858302644,0.3619450604852085,0.7173930861312428,0.9413496328426239
ZNHIT6,8.961020467321877,-0.2705194627432,0.746994057998599,-0.36214406238785285,0.7172443780943962,0.9413496328426239
FAM120A,27.727334648858555,0.19936677403968245,0.5472512422320086,0.3643057496343889,0.715629706866985,0.9413496328426239
TMEM254,30.19083730147816,-0.1932608992351783,0.5434796284274324,-0.35559915979625956,0.7221407729577477,0.9413496328426239
DYNLL1,436.95193885493273,0.12711349682325393,0.3571543563996304,0.355906331661885,0.7219107138997873,0.9413496328426239
MRPL28,31.40016383674017,-0.1706765802834252,0.462762950919878,-0.36882075357189914,0.7122613344602065,0.9413496328426239
DDX21,56.91098567152702,0.204560016338936,0.5545793126908991,0.36885619722521057,0.7122349141790278,0.9413496328426239
CAPZA2,68.70191956458959,-0.14825930182506322,0.41625316186550915,-0.35617579734557214,0.721708915924644,0.9413496328426239
HERPUD1,102.81522771220459,0.23910801241132054,0.6544330660676368,0.3653666429908178,0.7148377376664267,0.9413496328426239
NUDT21,63.461882568955936,0.26719829282261265,0.7445592866756,0.3588677189369734,0.719694049777295,0.9413496328426239
DYNLRB1,110.18153257710962,-0.206366166722075,0.5632124533083767,-0.36640909750815287,0.7140598322332488,0.9413496328426239
GID8,65.82356516898112,-0.2325361063202025,0.6495740584843082,-0.3579824398511134,0.7203564548735581,0.9413496328426239
SHFM1,231.11674708616755,-0.19407361156464414,0.525101513960708,-0.3695925576386096,0.7116860972087868,0.9413496328426239
VWA9,10.553703644922479,-0.17533762108543927,0.4770322157394972,-0.36755928698364787,0.713201877044925,0.9413496328426239
GNL2,26.538197156801523,-0.20434159827483714,0.5693102486877708,-0.3589283676972853,0.7196486773796111,0.9413496328426239
TIPRL,37.14453304336549,-0.16802397196962962,0.4737521046389748,-0.35466643910251994,0.7228394962177904,0.9413496328426239
PDIA6,133.46059685669928,0.16187587177706161,0.4563154847862521,0.35474551527193454,0.722780249401815,0.9413496328426239
RRM2,113.29892818542899,-0.18201347111870822,0.510217510131094,-0.35673701412548964,0.7212886930186062,0.9413496328426239
STK17B,24.17343555052638,-0.4541828475315945,1.2666886278262142,-0.3585591893337082,0.7199248814534538,0.9413496328426239
SMARCD1,8.77723862019401,-0.19024625395053874,0.5215392223306522,-0.36477842088341333,0.7152768144345943,0.9413496328426239
GUF1,6.1488081128272185,0.22237947304353978,0.6043389273458806,0.3679714527412291,0.7128945204715875,0.9413496328426239
ILF3,54.571279499002046,-0.19044954331286099,0.5265480103291437,-0.3616945455625434,0.7175803035016586,0.9413496328426239
BIRC3,6.239562646495736,-0.2451458772793019,0.6658813782426033,-0.3681524747340012,0.7127595450941417,0.9413496328426239
U2AF2,23.5147865026092,0.1626523867892891,0.4538643032954155,0.35837228354004386,0.72006473062793,0.9413496328426239
ICE2,10.95148401689747,0.19023102077142878,0.5219873779472519,0.36443605498570525,0.7155324159025431,0.9413496328426239
FAM98C,15.554177624919461,0.18169982564297177,0.49668048494741446,0.36582839702713316,0.7144931287402643,0.9413496328426239
DNAJB11,45.119725101187726,0.16748897575456664,0.470447746924882,0.35602035900771395,0.7218253185206734,0.9413496328426239
GTF2H3,12.01030690706082,-0.17444247058827328,0.48161312534685363,-0.36220456089655223,0.71719917153271,0.9413496328426239
CD47,53.82490429334806,-0.21639401682962608,0.589199111738233,-0.3672680635774019,0.7134190736443666,0.9413496328426239
GPS1,39.90174911950119,0.2200251240984209,0.6163402403656998,0.3569864657350152,0.7211019378610695,0.9413496328426239
ALG2,10.906591341778162,0.18241736613957346,0.4950314120856549,0.36849654726155023,0.7125030191922774,0.9413496328426239
ARG2,5.54819720109539,0.23453292172749007,0.6367337605671111,0.3683375003056251,0.7126215938249183,0.9413496328426239
CSE1L,42.836851874731266,-0.18491494646504025,0.5196365963272869,-0.35585435624047884,0.7219496395794822,0.9413496328426239
UMPS,15.449836041120719,-0.19011074177021328,0.5323007238613662,-0.357149132526309,0.7209801642318284,0.9413496328426239
RPL12,1245.184657012599,0.22477131559676883,0.6342867654294518,0.35436860399347064,0.7230626603044745,0.9413496328426239
TSR2,30.831736464542992,0.18025315940590672,0.5000188942228144,0.3604926963531577,0.7184787174696488,0.9413496328426239
FIGNL1,9.147986318524607,-0.1916801736566814,0.5419263173096005,-0.3537015412137205,0.7235625674533219,0.9415467007490564
EHMT2,12.401812030159903,-0.18718923923538458,0.5297462964303407,-0.3533563905906403,0.7238212749814323,0.9416063233067279
SYMPK,10.535370928055357,0.198369871755235,0.562616035735086,0.35258481656331536,0.7243997220945886,0.9418048121176853
MRS2,12.106493820127435,0.17370921272342502,0.4925104565934263,0.352701572926855,0.7243121800282305,0.9418048121176853
UBE2L3,103.7256117093169,0.23037779489465995,0.6539474698080225,0.35228792147829746,0.7246223455435037,0.9418174065057058
SUPT16H,39.32853339571398,-0.17364761885957108,0.4988399485550487,-0.3481028721989142,0.7277629273712193,0.9421626526112387
DOT1L,5.248675632315946,0.22961406821023067,0.6599424018463287,0.34793046721628534,0.7278924035743236,0.9421626526112387
SP1,8.208636924306376,0.18355413229965448,0.5288079004736794,0.34710928512080846,0.7285092181619797,0.9421626526112387
RAB11FIP4,6.56959239695726,-0.20215740572987065,0.5798783431984929,-0.34862037546498265,0.7273743289153218,0.9421626526112387
SIVA1,175.55472556547656,-0.22946759179788886,0.6606167714916377,-0.34735356669762285,0.728325712526721,0.9421626526112387
SLC27A5,15.505867590860698,-0.19905529017138304,0.5692861738012095,-0.34965769297058613,0.7265956078502556,0.9421626526112387
DCTN3,71.03680184901317,-0.15527286466900606,0.44466665224900054,-0.3491893621518029,0.7269471519491234,0.9421626526112387
MAP3K11,11.100219954893458,0.2010743591734877,0.5765399301824488,0.3487605084176161,0.7272691137162097,0.9421626526112387
RPL10,2654.635506889428,0.1983841782009572,0.5683245893819067,0.34906844065415865,0.7270379288363435,0.9421626526112387
ETF1,31.393789042419808,0.14689553883351186,0.4223536274717406,0.34780224266770515,0.7279887052923539,0.9421626526112387
VSIG10,9.570619613338907,-0.1823575179873989,0.5251984159687609,-0.3472164280066024,0.7284287299332051,0.9421626526112387
THOC3,24.221837129106454,0.21185110346291058,0.6059414689675607,0.3496230482852991,0.726621611288879,0.9421626526112387
ADK,35.60381256716686,0.1587185789650477,0.4545771287164202,0.3491565433861972,0.7269717889212283,0.9421626526112387
ZNF354A,5.135127477812871,0.20253598321214009,0.5814330636957645,0.34833929450925977,0.7275853867667469,0.9421626526112387
HACD2,18.319293566172867,-0.20427628397872408,0.5839385500417333,-0.34982496696634385,0.7264700605843415,0.9421626526112387
SCOC,76.24193949773559,-0.1650961834880046,0.4753961524333786,-0.3472812782411842,0.7283800143826552,0.9421626526112387
NOP56,49.142554877431266,-0.2529253538792222,0.7230124052736276,-0.3498215964683225,0.7264725902344531,0.9421626526112387
FBXO42,5.949393854315372,0.2619469000570077,0.7562104116619077,0.3463941993093332,0.7290464838817502,0.9423064284655118
STRBP,14.92375974761807,-0.17762334953981182,0.5126547140366787,-0.3464775504377854,0.7289838527862988,0.9423064284655118
BTG1,152.44669941106372,-0.21505508609235086,0.6286568368107159,-0.3420866098957298,0.7322857140028196,0.9423400493813838
ATP5O,91.74650340270962,-0.47767063037940816,1.3859824398830074,-0.3446440709737484,0.7303619695388822,0.9423400493813838
LUC7L,16.722598561573268,-0.17033248937036322,0.4964202426186962,-0.3431215626337719,0.7315070101043671,0.9423400493813838
DRAP1,99.0758466020305,-0.20561249455989372,0.6010625730297494,-0.3420816796552012,0.7322894242022944,0.9423400493813838
RNF149,30.195820038581427,0.182180856637454,0.5271750061455783,0.34557946509919546,0.7296587806720917,0.9423400493813838
ZCCHC6,10.550590272153025,-0.2332856408737796,0.6772052073087588,-0.3444829401133318,0.7304831236613143,0.9423400493813838
DARS,30.95980330871305,-0.167022900704885,0.48515541149257063,-0.3442667993561949,0.7306456502269184,0.9423400493813838
GTF3C6,68.08348582462921,0.17280762331716162,0.5025321235331863,0.343873784828304,0.7309412076185067,0.9423400493813838
TMA7,410.7532900635755,-0.1811964518794168,0.5283138563982114,-0.34297122758567544,0.7316201058412538,0.9423400493813838
BMS1,12.519884431396507,0.1941648048449062,0.5662203107347745,0.3429138820416771,0.7316632479271451,0.9423400493813838
PDCD6IP,30.110641061714443,-0.21891108914320562,0.6367935727626057,-0.3437708835431586,0.7310185987257307,0.9423400493813838
CEP192,6.822712156862012,-0.2116833302210038,0.61907483710624,-0.3419349609014663,0.7323998386856763,0.9423400493813838
TBC1D5,9.49743989091341,-0.24590784042400463,0.7113438080188857,-0.3456947788845811,0.7295721084780284,0.9423400493813838
NDUFB11,230.3638200731935,-0.1825464851320203,0.5283601160250122,-0.34549633781096883,0.729721262980585,0.9423400493813838
JUNB,384.85411490188756,-0.2098042784065741,0.6137739431261775,-0.3418266297489974,0.7324813677985976,0.9423400493813838
ENY2,144.0839400475466,0.15255088760488572,0.4431476609046437,0.3442439192694093,0.7306628555657133,0.9423400493813838
NHP2,154.51458565703427,-0.17831243617350442,0.523042554001859,-0.34091382203840853,0.7331684590070573,0.9429497220669423
HUS1,7.273591386071438,0.18298024301867608,0.5383089308280257,0.33991678855711394,0.7339191932153999,0.943092560020835
RUSC1,53.61078027588925,0.21089644411501215,0.6200386436642327,0.3401343549632338,0.7337553509661139,0.943092560020835
TEX264,45.0726281243579,-0.20397001309745091,0.5992513032710289,-0.3403747509334986,0.7335743306072737,0.943092560020835
TAGLN2,354.61173562467627,0.18067622414398085,0.5341886560302715,0.3382254978730627,0.7351932624215525,0.9436262520671719
MRPS33,67.52759869314163,-0.15041892436239857,0.44440537031436206,-0.33847233721769765,0.7350072699218844,0.9436262520671719
CLINT1,23.965106550136348,0.15411945074882205,0.456042838080242,0.33794950359839726,0.73540124143693,0.9436262520671719
RNF135,11.163462510894641,-0.21913249556655887,0.647888561736943,-0.3382255969747024,0.7351931877457303,0.9436262520671719
SNX4,16.454044593998468,0.1938103668001552,0.5732346598145194,0.33809952605250027,0.7352881876905715,0.9436262520671719
SEC24D,7.737261944471642,0.1829851379986287,0.5424763290928711,0.3373145115928218,0.7358798214222426,0.9437396640676899
FAM160A2,5.990671164394816,-0.19633589087242595,0.5821395473592956,-0.33726602455209553,0.7359163692899531,0.9437396640676899
XRCC6BP1,12.158820573320593,0.17586552257003196,0.5227554710078216,0.3364202429693952,0.7365539865021145,0.9440449167933121
RNASEH2A,76.41225425818551,-0.18997722713230214,0.5657149451154836,-0.33581793935728654,0.7370081613581974,0.9440449167933121
FIP1L1,19.34182281026478,0.15528476268537506,0.46226609432696847,0.33592072745776497,0.7369306461513403,0.9440449167933121
EIF3K,223.5731352325907,0.17749889409760972,0.5285071128882556,0.33584958417605826,0.7369842968839284,0.9440449167933121
CNOT8,15.405674413397175,0.14864224580020027,0.44313756296874657,0.33543138343856366,0.737299697278073,0.9441449221369186
ATP1B3,48.606674858801604,0.17060552368622314,0.5091135004759415,0.33510312244074,0.7375472975390802,0.9441886243170339
FANCB,8.073428277709024,0.18559205044753635,0.5548268167730631,0.3345044702903172,0.7379989181880894,0.9444934071602775
SELENBP1,37.97544201967173,-0.21481110801317588,0.6508127922738542,-0.3300658969266018,0.7413501708532081,0.9445513361886636
CEP89,11.608738045447405,0.1793649164443773,0.5408133030841142,0.3316577373772186,0.7401477166408337,0.9445513361886636
SUGT1,39.170455551674955,-0.21700100433890185,0.6618778590471618,-0.3278565695660165,0.7430201127391243,0.9445513361886636
VOPP1,16.149042468433404,0.16020272173556735,0.48868780677622603,0.3278222200639547,0.7430460857209056,0.9445513361886636
TPI1,378.1999729150368,-0.1711517705389498,0.5184080183263211,-0.33014877179468183,0.7412875527091238,0.9445513361886636
RNF141,17.813270825677513,0.1842109681175347,0.558779951060268,0.32966638793678976,0.7416520537167532,0.9445513361886636
WARS,16.531565635012324,0.21486940632474438,0.6487087852226855,0.33122629324494984,0.7404735609749225,0.9445513361886636
LAPTM4A,218.33004253479572,-0.1823712984468869,0.5479122554797065,-0.33284763504188775,0.7392492988037924,0.9445513361886636
GCDH,10.057688863820609,0.16873639409127564,0.51101800209381,0.33019657507153705,0.741251434547145,0.9445513361886636
TBC1D10A,11.287586307429782,0.19397541456435516,0.5826915706506298,0.3328955219787432,0.7392131497904935,0.9445513361886636
FAM76A,5.8630340530740765,-0.22569387332323146,0.6877542084300062,-0.3281606576256969,0.7427901928021795,0.9445513361886636
ACSF3,4.856668748501374,0.23444488490488938,0.7078628148346627,0.3312010180385719,0.7404926512936694,0.9445513361886636
TRIM26,11.709696770286914,0.17054975085646887,0.5148671486169459,0.33125001529929726,0.7404556438945518,0.9445513361886636
SUCLG2,32.57711704267767,-0.17233099436549604,0.5177925181513207,-0.33281862584799593,0.7392711976184789,0.9445513361886636
C17orf62,23.728428052277646,-0.2069689866434109,0.6236951085460926,-0.3318432096186873,0.7400076547101366,0.9445513361886636
PCYOX1,18.23758721871352,-0.1704186089630558,0.5196808514715462,-0.32792935987634064,0.7429650741480323,0.9445513361886636
OGT,13.757589234833546,-0.22962447500994732,0.6901424596738283,-0.3327203996671518,0.7393453493677948,0.9445513361886636
JOSD1,9.59972708648516,-0.17215108947807026,0.5253970658439442,-0.3276590233741491,0.7431694890202463,0.9445513361886636
DNAJC9,49.83191932870345,-0.15423009076474428,0.46795374256604133,-0.32958405230187493,0.74171427432432,0.9445513361886636
TERF2IP,28.20263357998371,0.14612291082402212,0.4405164441932463,0.3317081864937617,0.740109618438859,0.9445513361886636
CTNNAL1,15.94220039901895,-0.22284174139511415,0.6777667509704283,-0.3287882462160452,0.7423157477827437,0.9445513361886636
CPSF3,12.006793046974348,-0.18825410407847684,0.5713280204194807,-0.32950266283151464,0.7417757815797754,0.9445513361886636
MORC3,9.5704287300486,-0.1995899269188489,0.5986123734686221,-0.33342098453852115,0.7388165251405976,0.9445513361886636
NDUFB4,222.05154243266026,0.1421097941602837,0.43274571753475743,0.32839098898504904,0.7426160553221663,0.9445513361886636
DPH3,24.10600243340779,0.19709979458115381,0.6021560726303213,0.32732343579993806,0.7434232686621081,0.944602446794744
RHBDD2,41.28808905868162,-0.1770145325218721,0.5428568657463034,-0.3260795684669435,0.7443641549364697,0.9453891254434106
APOBEC3B,15.004273849023784,-0.24024045282789178,0.7370699765846814,-0.32593981638090874,0.744469890101605,0.9453891254434106
TUFM,138.3543339954213,-0.1690106753563929,0.5195057414106091,-0.32532975458072855,0.7449315137247499,0.9454324491261316
KIF2C,18.88313426340715,0.1966834949367672,0.6044112743993817,0.32541334562664537,0.7448682563490678,0.9454324491261316
CCDC28A,14.408326793058269,-0.170720614528095,0.525899929310038,-0.3246256654798839,0.745464400133532,0.9456815180015559
GPR137,10.277434018996308,-0.2408124786237108,0.7420906607511534,-0.3245054699650275,0.7455553817027866,0.9456815180015559
OST4,237.9896324227985,-0.13210414707419535,0.4116941442862342,-0.32087934430845033,0.7483018277455284,0.9459106156755741
EID1,61.47044034841692,0.16590042335743782,0.518414747449514,0.32001486102320825,0.7489570650172557,0.9459106156755741
HDAC8,8.31281270610304,0.16104487121251992,0.501159260028111,0.32134469829707746,0.7479491867406929,0.9459106156755741
C16orf58,9.120505552334786,-0.17160671342215075,0.5371640018762359,-0.319468007578232,0.7493716475982843,0.9459106156755741
MANBAL,24.707266891884473,-0.15137548871514037,0.47117308038251027,-0.32127363599009073,0.7480030336987126,0.9459106156755741
FUBP1,25.882247267332,-0.20995513576331015,0.6554956309272444,-0.32029982483073755,0.7487410559330553,0.9459106156755741
STRADB,9.936230041241298,0.19243809147096463,0.6019526062135379,0.31968977205939497,0.7492035139421774,0.9459106156755741
COASY,21.955638885775166,-0.18468028068812836,0.5725865304729045,-0.32253689330693686,0.7470459929939268,0.9459106156755741
TMEM30A,18.605586642364447,-0.1695215990429125,0.5305669850301276,-0.3195102669897307,0.749339607151098,0.9459106156755741
ADCK5,8.300327675673001,-0.2112384888121836,0.6536246561819873,-0.3231801108086855,0.746558842667638,0.9459106156755741
ZC3HAV1,16.335449773004733,-0.15971083175763715,0.4939395180784558,-0.3233408664667102,0.7464371077913559,0.9459106156755741
EIF4G2,108.51190660312598,-0.14224652768031765,0.44508192303315314,-0.31959628176074456,0.749274393388009,0.9459106156755741
CYB5A,226.34673152436176,0.2241886378632681,0.7002975925712813,0.3201333836378262,0.7488672197706681,0.9459106156755741
PIGN,4.930348159295657,-0.20799400328377082,0.6443370111500304,-0.3228031289286602,0.7468443432221943,0.9459106156755741
RAF1,16.444036538952723,0.17986932565769964,0.5556481920578064,0.3237108087971374,0.7461569868934481,0.9459106156755741
C14orf119,31.672008412859178,0.15495032597020214,0.4841236591251149,0.3200635272612393,0.7489201735003745,0.9459106156755741
NDUFS1,16.31765190596837,-0.14773321017044916,0.45832570261959854,-0.3223323704650814,0.7472009125927755,0.9459106156755741
CTDSPL2,9.507867700657838,0.1666628032149771,0.5226616525917187,0.31887321824462805,0.7498226537482623,0.9462098709068657
PSMF1,41.433694977031664,-0.15758940153229917,0.49901919958149066,-0.315798273221679,0.7521556288661153,0.9462379024269171
FARSB,17.50876015931996,0.17299401664668387,0.5475242549506826,0.3159568093695978,0.7520352911650726,0.9462379024269171
SEC13,56.929850313571706,0.15657435883706947,0.49387726400212534,0.3170309108143024,0.7512201476841136,0.9462379024269171
TWF1,31.771961184579386,0.13921451766243828,0.4397195318908349,0.31659843960945494,0.751548319932118,0.9462379024269171
C16orf87,14.786090585388976,-0.18999848460973492,0.6022894511911652,-0.31546042228362037,0.7524120965036101,0.9462379024269171
FNBP1,17.296802338650124,-0.260349580752618,0.8197980439500463,-0.3175777042577113,0.7508052886696615,0.9462379024269171
CENPI,4.85233280625492,-0.20689209989006752,0.6550143658439036,-0.31585887375693367,0.7521096289980231,0.9462379024269171
SRRM2,77.34004620103009,0.15646308181512714,0.4930353830254755,0.31734655808068557,0.750980653378245,0.9462379024269171
PCF11,14.41227422074346,0.19238718898458393,0.6057468959830861,0.3176032601411066,0.7507859008629167,0.9462379024269171
FAM98B,8.428809703256468,0.1992332355752608,0.6307390619059943,0.31587267636985933,0.7520991520127775,0.9462379024269171
PRELID3B,45.03721876646544,0.14536708464436884,0.4605430378151959,0.31564277973669186,0.7522736628703675,0.9462379024269171
MELK,25.838597525884307,-0.15258509371239093,0.48122414016368,-0.31707697303067917,0.7511851969295306,0.9462379024269171
TP53I11,25.10806416348094,0.2481426388088277,0.7888718719577485,0.31455379210442685,0.7531004678940606,0.9468343858713558
PRPF38B,37.685995153898695,-0.14491268748604277,0.46512620456747894,-0.31155562955391247,0.7553782593216636,0.946920037819243
STRN,7.990906136419083,-0.1862190142697785,0.5978782431974237,-0.3114664505500121,0.7554460439001157,0.946920037819243
SLC12A2,21.62459944455675,0.25504857433723555,0.8154976813648817,0.31275205333553613,0.7544690450513012,0.946920037819243
ARL6IP4,117.93119413488168,0.15865298520027168,0.5060295781148367,0.3135251219727466,0.7538817375263189,0.946920037819243
PQBP1,29.733964430216997,0.15465543140856317,0.49610485710812563,0.3117394018475738,0.7552385807291067,0.946920037819243
RNF4,17.276187629908947,-0.18067522344292344,0.5801646727547878,-0.31142058785659216,0.7554809046698825,0.946920037819243
TMEM214,12.344286352982696,0.1544924045865386,0.4926031802188516,0.3136244563380638,0.7538062825861095,0.946920037819243
MACF1,22.26822952754238,-0.20371094923281285,0.6509672158193812,-0.31293580426534867,0.7543294348612253,0.946920037819243
NPC2,87.86182231741334,-0.1370129532268866,0.4400404664703652,-0.3113644395614098,0.7555235843237867,0.946920037819243
COA6,34.61132513639335,-0.15527224751629295,0.49597537134625047,-0.31306443119308486,0.7542317115343112,0.946920037819243
SECISBP2,20.929634124545785,0.16169941486294753,0.5178290182878229,0.31226410485375844,0.7548398172368249,0.946920037819243
RARG,9.58270211611639,0.17311029720368937,0.5565291932840198,0.31105339898197226,0.7557600271743755,0.9469480453802444
PKNOX1,6.245571648459387,-0.1715817194415717,0.5563309258207042,-0.3084166482178801,0.7577653155546942,0.9469917123845567
CPSF1,7.282596068044592,-0.16144027873144368,0.5243082328055472,-0.30791101232110135,0.7581500460216404,0.9469917123845567
SUCLG1,53.110041081818146,-0.15417528774681216,0.4991405622615873,-0.30888150433667355,0.7574116667127756,0.9469917123845567
REV1,14.513210338318435,-0.1672566264818076,0.5422023759314566,-0.30847638060323007,0.7577198700748373,0.9469917123845567
H1FX,40.506625598807055,-0.1734894423358788,0.5597296389642744,-0.3099522166753653,0.756597293583763,0.9469917123845567
CDCA5,28.111957232226082,-0.1764721644161428,0.572617486729029,-0.30818507730912525,0.7579415068063671,0.9469917123845567
SPRYD3,6.405818965736602,0.1848955986651269,0.599576685903761,0.30837689825518794,0.7577955585096994,0.9469917123845567
DYNLT3,23.65265738859435,-0.1667877781854941,0.5376152858606169,-0.3102363020026477,0.7563812664410082,0.9469917123845567
ERAL1,25.634277989136372,0.1616212391973809,0.522639422593202,0.3092404288896884,0.7571386422196342,0.9469917123845567
CTBP1,14.475420368061382,0.16272205533433012,0.5263817592613278,0.30913315758258453,0.757220237515865,0.9469917123845567
PDHB,26.11590988319661,0.14310399003330035,0.46212075124650764,0.3096679593965362,0.7568134705236359,0.9469917123845567
MCRS1,16.235970848498724,0.14609177547249214,0.4754224351055183,0.30728834965490764,0.758623902627297,0.9470486935705714
RNF34,14.262201785943953,-0.15055339336768603,0.48990752496051587,-0.30730982011313235,0.7586075617424891,0.9470486935705714
CDT1,13.654666078141526,0.17339002145414525,0.5648012165780891,0.3069930027853834,0.7588486982039598,0.9470620181027412
TIPIN,11.540898538305532,-0.15586367614587104,0.5196777580786596,-0.2999237002601893,0.7642353558703086,0.9480343513755791
API5,19.175050235573174,-0.14938132277918467,0.49390757665450497,-0.30244792718310315,0.7623106237390551,0.9480343513755791
DDAH1,13.536118062809175,0.19336741923931605,0.6371074765448181,0.30350831901705577,0.7615025086326968,0.9480343513755791
C12orf45,19.662271458130768,0.1685020392866673,0.5533322455099461,0.30452235642146125,0.7607299630473946,0.9480343513755791
AKT1,16.174854208034954,0.16583858034414956,0.5523694640156315,0.30023126032082126,0.764000762005543,0.9480343513755791
C12orf10,22.85688976787879,-0.15387925487352697,0.5133035634937382,-0.2997821675465617,0.7643433183371728,0.9480343513755791
USP9X,18.482437148089453,0.1623392492366983,0.5375715574256683,0.301986306742327,0.7626625015696047,0.9480343513755791
MRPL4,46.94478126374752,0.18510847527921995,0.6076833775200366,0.30461335973126324,0.7606606437219154,0.9480343513755791
EIF4E2,36.88463619425229,-0.15772335531563553,0.520289769632848,-0.30314521737941513,0.7617791958992547,0.9480343513755791
NAT10,5.428159132632844,0.1795802092044511,0.5988475663912438,0.2998763279387302,0.7642714914064109,0.9480343513755791
TADA1,5.992696777633638,-0.1817238132769428,0.5987272912718445,-0.3035168363394904,0.761496018709295,0.9480343513755791
ALG13,17.11739171912917,0.17162032310910516,0.564278795565553,0.3041410105391206,0.7610204639101071,0.9480343513755791
NCOA4,23.411962043241882,-0.16175304371251573,0.5307543234039929,-0.3047606709543364,0.7605484374298664,0.9480343513755791
BRI3BP,17.047691236789817,0.14674513323466432,0.48681868003852385,0.3014369399774302,0.763081329413808,0.9480343513755791
PPP1R12A,24.692247594123018,-0.13183684253778802,0.43865748407123767,-0.300546205924023,0.7637605572077113,0.9480343513755791
LRRC59,45.28572386101867,0.14584376128374413,0.47986567234341465,0.3039262228771626,0.7611840992388763,0.9480343513755791
SC5D,20.600381367405685,-0.19100447781905194,0.6312386843891382,-0.3025867750863378,0.7622047942309147,0.9480343513755791
METTL6,7.646563178071373,-0.1690482028257581,0.5555933310932641,-0.30426607622002033,0.760925187924139,0.9480343513755791
GPAA1,94.5679839014833,-0.20482636893410688,0.6812256580714603,-0.30067330334263576,0.7636636281446277,0.9480343513755791
CINP,16.83368486091188,0.14516402359552721,0.4805169720869986,0.30209968019453215,0.7625760762297413,0.9480343513755791
PDCD10,66.91354460644854,0.1557573108737405,0.5187705222300569,0.30024317920798804,0.7639916712160979,0.9480343513755791
VAV3,28.11755158186868,-0.20059164766126267,0.6649607242363115,-0.30165939182594054,0.7629117275582145,0.9480343513755791
DUSP10,18.110973542341856,-0.24243516735148768,0.8108299353387838,-0.2989963206651868,0.7649428529027975,0.9485119816061321
SNRNP200,27.6360790663309,-0.15058812778836886,0.5055525024869391,-0.29786842523296436,0.7658035876522241,0.9489639570636133
CCDC84,5.903998250477941,-0.1877702861934949,0.6303650911694407,-0.29787545158179246,0.7657982247139932,0.9489639570636133
SS18,20.896898585304065,0.13649314880111463,0.45853034461820785,0.29767528017096606,0.7659510121449467,0.9489639570636133
REEP5,156.73159386464994,0.14317415343460801,0.4832961124466747,0.2962451998833435,0.7670428326219552,0.9490938210549636
LRPPRC,18.493794348249658,0.1345992263403587,0.4545233405262463,0.2961327050543102,0.7671287384742245,0.9490938210549636
ZDHHC3,23.41225923808747,0.18034123036858501,0.6078126623254846,0.296705286919495,0.766691520334786,0.9490938210549636
PTRH2,13.678026029961293,0.1824969475158896,0.6154178094672857,0.2965415441484566,0.7668165452011244,0.9490938210549636
SMC1A,56.585334318118704,-0.19982106100071925,0.6738177968405898,-0.29655058375965154,0.7668096428987914,0.9490938210549636
COMMD8,14.773295292176204,-0.18596086761598346,0.6286644720778205,-0.2958030489640329,0.7673804944105301,0.9491398005530689
MMAB,24.145077144132063,0.16580119507308155,0.5616814169814388,0.29518725394926243,0.7678508382876355,0.9494560407453765
BPGM,9.317383616232785,0.1700598256124618,0.5772128880881578,0.294622363987286,0.7682823761129137,0.9497241334676962
USP16,46.87552112748328,0.17544587219889837,0.5965890948155674,0.29408159438974757,0.7686955549000734,0.9499693879080818
MYL12A,256.11039243970606,0.19081833037783041,0.649541867844582,0.29377371933088103,0.7689308183518627,0.9499946954106951
SRFBP1,11.393947413301186,-0.14010462212242694,0.47996542415119287,-0.29190565626721665,0.7703587586746445,0.9502632545301344
KDELR1,163.13666650488096,0.2330090964304833,0.8007363642249676,0.29099352401212936,0.7710562723919857,0.9502632545301344
C12orf49,6.595439733339892,-0.15631156569905583,0.536054974645054,-0.29159614795582617,0.7705954209899764,0.9502632545301344
MAF1,38.42706668245118,0.18016150604816966,0.6147554311581607,0.29306208114136817,0.7694746997567891,0.9502632545301344
LARS,32.9380752666511,0.13538884486226102,0.46420748758245095,0.29165588337954956,0.7705497432546435,0.9502632545301344
SLC35A2,15.842391934441443,0.15106998349268266,0.5162414933788901,0.29263432992164856,0.7698016703928512,0.9502632545301344
C11orf31,145.69192884930916,0.1506479885344775,0.5177616018129932,0.29096014074231996,0.7710818043202922,0.9502632545301344
RAB3IP,21.35002480579177,-0.15262864995968098,0.5234466168424531,-0.2915839840180286,0.7706047224550283,0.9502632545301344
UBXN2B,6.107499689506769,-0.16275325671626567,0.5589867962105137,-0.2911576048300307,0.7709307850048325,0.9502632545301344
TOPBP1,21.899281122701556,-0.1333862380357122,0.4590474079971896,-0.2905718139607245,0.7713788195513681,0.9503644899375211
RALY,98.94453391489392,-0.13284513185085986,0.46064103164660586,-0.2883918772411396,0.7730467847592633,0.9513544223972313
ACBD3,20.752445468198964,-0.1706216854080666,0.5918035927376041,-0.2883079580825009,0.7731110160025492,0.9513544223972313
LRRFIP2,39.99672272526442,0.20447914632466502,0.7097106384476211,0.2881162198328188,0.7732577771915096,0.9513544223972313
SDF2L1,68.31886339590923,-0.19403031055665293,0.6717072771646923,-0.2888614090585172,0.7726874364875721,0.9513544223972313
ITPR2,10.935274249851995,-0.16995536342123124,0.5898746732744883,-0.2881211401699652,0.7732540109426287,0.9513544223972313
SPPL3,10.340638544752753,-0.15005119327980726,0.5213262471300588,-0.2878258942569085,0.773480014984474,0.9513632108666098
GLO1,81.81800099411244,0.143199517788065,0.4981642135291773,0.28745444554033156,0.7737643778217675,0.9514483856284898
NDUFC2,111.22495597889531,-0.2640842615380899,0.9232094319990912,-0.2860502204426675,0.7748396574428995,0.9521587008195154
RTCB,30.496773845170672,0.17132529813725175,0.5999295975273374,0.28557567228452146,0.7752031385148259,0.9521587008195154
NDUFB10,188.4833619689693,-0.17615954982419496,0.6167718193713039,-0.2856154323064894,0.7751726823578927,0.9521587008195154
LINC00657,48.903383475637426,-0.15156193765081122,0.5292363124394551,-0.286378568681736,0.7745881873536464,0.9521587008195154
AP3M1,11.972787056089917,0.14985324669012712,0.5260439349059695,0.2848683099386241,0.7757450354801991,0.9525597701079735
TBP,10.72801513948001,0.15278070832701782,0.5377477974958272,0.28411219727627685,0.7763243998929643,0.9525824031192365
CALU,54.509041684458076,0.12694970455608048,0.44666002829714657,0.2842199805522456,0.7762418043292629,0.9525824031192365
ZMYND11,11.805424469633998,-0.1722038844928697,0.6063494696528404,-0.2840010474346805,0.7764095779436688,0.9525824031192365
IKBKAP,5.146975741590774,-0.17485926469061475,0.6176801051448451,-0.2830903298230894,0.7771075942121098,0.9529101439423793
CDK2AP2,75.7732344370391,0.14668485956654007,0.5180322532169095,0.28315777377884704,0.7770558958551489,0.9529101439423793
LAMP2,29.43681288186182,0.13567325204989247,0.48070844946059094,0.28223604599031527,0.7777625206206349,0.9529712070376816
ATP5G2,504.1003898435514,-0.13646333115548062,0.4835580261624342,-0.28220673377808975,0.7777849952798985,0.9529712070376816
EIF2S2,112.54292049999776,-0.16071781780960934,0.569553245888999,-0.28218225244024303,0.77780376608773,0.9529712070376816
IMPAD1,11.46974482854334,-0.14810111778401805,0.52644176201571,-0.2813247893118298,0.7784612986420302,0.953512690084104
OS9,25.392071866746583,-0.1410660014789234,0.5021156633222287,-0.2809432403394184,0.7787539346915682,0.9536070468274657
ARPC1A,106.59169170456148,0.16984258410228575,0.6054503605067917,0.28052272354767316,0.77907649416998,0.953737983314094
NAPA,76.26132083495716,0.16135381906147409,0.5760490906923244,0.2801042856739016,0.779397496775294,0.9538669419582527
FNBP4,26.111337570123897,-0.15460191629719933,0.5527827304351587,-0.2796793528182301,0.7797235204807901,0.9540019726380455
UBE2R2,14.946057583905178,0.17472740851798169,0.6270760718818212,0.27863829661628486,0.7805224197259075,0.9547153380662856
PPP4R1,9.197580898934934,-0.1771087030926023,0.6366202749412501,-0.27820148063764794,0.7808576983258156,0.9548613767473272
BRIX1,37.84754379482773,0.1949696287228878,0.7034987219044793,0.27714283288969604,0.7816704335298124,0.9552743352790638
ELP3,5.543746494063034,0.17888863647125017,0.6449950600361845,0.2773488473868535,0.7815122552802924,0.9552743352790638
MRPS21,123.3023526424696,0.12070146217035298,0.4363180920508377,0.27663639067318213,0.7820593190245286,0.9552743352790638
TMEM87A,45.58777106755569,-0.1098269875494738,0.3969125845501128,-0.2767032133132262,0.7820080043120788,0.9552743352790638
YY1,44.12628847847185,0.13757092868653298,0.49813480752539835,0.27617208556444567,0.782415896267137,0.9552776922566796
LINC01089,6.7675029137152665,-0.20129063462479985,0.7300330745248986,-0.275728102806573,0.7827569091105646,0.9552776922566796
LSM6,43.6454038635568,0.136100679198401,0.49393647867659196,0.2755428786370601,0.7828991878379764,0.9552776922566796
CCM2,10.721407682805378,-0.14131974433462627,0.5129424473860176,-0.2755079932549925,0.782925985627507,0.9552776922566796
MKI67,83.52999898750699,-0.17763129381624534,0.6455974269859251,-0.2751425058268052,0.7832067563853766,0.9553567246256263
PRPF31,31.25912905117159,-0.14417332353724505,0.5246469108978559,-0.27480067173275385,0.7834693819922038,0.9554135860357094
PPP1CA,148.80598577377043,-0.14556646541092672,0.5324511567117801,-0.2733893307883693,0.7845539533126697,0.955443810665487
PRPF19,31.2143834387656,-0.13172140758347442,0.48185543005905174,-0.27336292042476695,0.784574252845817,0.955443810665487
PSPC1,16.872390626069535,-0.13710135474264792,0.5006536053426287,-0.2738447367193548,0.7842039422799618,0.955443810665487
CAND1,25.37529538365126,0.1313483851394868,0.47935799035630744,0.27400896153176746,0.7840777348297279,0.955443810665487
ATF1,12.740088391280597,0.1443421462886163,0.526002934973073,0.2744131956145937,0.7837671034588978,0.955443810665487
NPDC1,84.49547239206952,0.18285082358920013,0.6696969202033539,0.27303518662393933,0.7848261677825349,0.9554875144789848
TAF10,20.815009471699035,-0.15814956644131659,0.5811575652138686,-0.2721285515454261,0.7855231767023471,0.956032943024354
RABL2B,7.02440286207205,0.17556362556603022,0.6457152592777402,0.2718901606296335,0.7857064770277022,0.956032943024354
LYPLAL1,24.2018520700499,0.12907008345059934,0.47628244412802434,0.2709948372900879,0.7863950029911091,0.9566075627694377
TRIM44,17.92176378964145,-0.15395126499155556,0.5698384561083759,-0.2701665065621265,0.787032158769277,0.9571193946209823
CCT8,96.02943616949592,0.1487414814598736,0.5516153666690589,0.2696470955079664,0.7874317648956296,0.9573421374748131
ECT2,55.3795331622847,0.16780195834062409,0.6249964111549151,0.2684846750248487,0.7883262695473793,0.9576399588596701
UBAP2L,19.260239732552172,-0.13105604406188365,0.48777049431856206,-0.2686838289490532,0.7881729969666271,0.9576399588596701
RP11-758H9.2,6.719323242780095,0.1973080192108386,0.7346262986751169,0.26858284214256894,0.7882507172749749,0.9576399588596701
HNRNPAB,79.15675160467558,0.15912281406613418,0.6004397854871922,0.2650104438649467,0.7910014163426153,0.9582284199096688
CBX6,6.337476847975448,-0.17216402149886523,0.6507494583395682,-0.26456268121705934,0.7913463720298323,0.9582284199096688
SYPL1,111.39304275216416,0.14846677085359042,0.5560426839112005,0.26700606832784163,0.7894644888138499,0.9582284199096688
CMSS1,30.403373973927746,-0.18381287208398972,0.6878195742719883,-0.2672399550107941,0.7892844147862594,0.9582284199096688
RAB21,11.859129806723129,-0.15727767024089953,0.5915726668393111,-0.2658636530338898,0.7903442186081596,0.9582284199096688
PMPCB,31.561477285502555,0.12339948541803748,0.4618519930602151,0.26718404872607954,0.78932745712796,0.9582284199096688
TBCD,14.839389098724723,-0.1920995761989947,0.7203611439311385,-0.26667120765380714,0.7897223243076343,0.9582284199096688
BCL7B,21.735628202756335,0.1245247473796753,0.471103959150526,0.26432541047672975,0.7915291816294343,0.9582284199096688
RRNAD1,12.626833469149926,-0.14076276312060176,0.5296868892681798,-0.2657471158387192,0.7904339744297276,0.9582284199096688
CMC1,33.96394307022904,-0.1566092560620847,0.5902390606237327,-0.2653319078825257,0.7907537861723861,0.9582284199096688
INO80C,10.21368639648625,0.16068767614483076,0.6070100621097896,0.2647199547011253,0.7912252041089426,0.9582284199096688
MRPS28,21.5679741961757,-0.15122874486736582,0.5724061300116281,-0.26419833216023336,0.7916270961677435,0.9582284199096688
HNRNPR,89.80083809380861,-0.1251694986413338,0.47044315331524406,-0.2660672129230834,0.7901874454203224,0.9582284199096688
STAU2,8.158166287194865,-0.1521182810789032,0.5770410285647294,-0.26361779067472213,0.7920744483506273,0.9582454280784533
ZNF350,6.695985010998678,0.20204512156221888,0.7662263301356682,0.26368856513511446,0.7920199074792166,0.9582454280784533
C12orf76,10.857789635481689,-0.1453112946550807,0.5528617920876421,-0.26283475677777585,0.792677945051678,0.9582812421082735
UBC,637.8163619769459,0.14255010298762344,0.5425601180248208,0.2627360512722059,0.7927540277807309,0.9582812421082735
ENOPH1,30.766520185071112,-0.12979982789074507,0.4933394578192475,-0.26310449292767063,0.7924700410606946,0.9582812421082735
SLC9A3R2,13.69395895481602,-0.19110092930529263,0.7281509085143728,-0.26244687340319445,0.7929769389768718,0.9582887981133071
USP10,16.092140153289726,0.1156943354450877,0.4437565620057745,0.26071577380659033,0.7943117009092973,0.9584945655815811
DDX18,48.735265525374516,-0.15951616898946122,0.6121436540003814,-0.26058616788235434,0.7944116576677476,0.9584945655815811
SPTAN1,16.57354000106664,0.12432987346961971,0.47633964390082156,0.26101097202714957,0.7940840460153802,0.9584945655815811
LENG1,10.22873435317328,-0.18295643244336043,0.7022207810681816,-0.26053975811575475,0.7944474513728411,0.9584945655815811
GTPBP4,21.86118425020235,0.17295357727249383,0.6617139974349224,0.2613721002471363,0.79380557020235,0.9584945655815811
IER2,344.12752792485975,-0.1718618689176616,0.657251811959413,-0.2614855764418562,0.7937180710413393,0.9584945655815811
BANF1,194.75221440263076,0.08665855999979555,0.33400779394027935,0.2594507121450289,0.7952875062132279,0.9587361476027819
SF3B5,91.24392031760752,0.14740429169444885,0.5681695665225904,0.2594371476047513,0.7952979709596669,0.9587361476027819
ZNF567,10.240050128762286,0.15097855864438195,0.5813495219010248,0.2597035913105751,0.7950924222075546,0.9587361476027819
LSM1,58.3391142891763,0.14800103564024367,0.5716999001353094,0.2588788901401154,0.795728686321258,0.9589210840461575
KIF23,32.79191406279188,-0.1244419353410685,0.4810719924851626,-0.25867632554997805,0.7958849874595172,0.9589210840461575
NKAP,22.32102851728495,0.11758239919751319,0.45625487858116154,0.25771209189732946,0.7966291132769563,0.9590028288459812
GCC2,26.550095390975223,-0.12130606830313963,0.47115625657454624,-0.2574646237005803,0.7968201211867468,0.9590028288459812
TXLNG,14.68885427474676,-0.12710450476906712,0.49337890876243745,-0.25762046676840844,0.7966998325584591,0.9590028288459812
PRMT5,9.698887334298668,-0.16114898936912284,0.6242090993314926,-0.2581650756801016,0.7962795100730983,0.9590028288459812
DUSP14,20.01900209702859,0.1473705697576338,0.5740117820978554,0.2567378830083153,0.7973811250722793,0.9594169521748345
PRMT2,31.69117108034074,-0.13823138584837763,0.5405454481152343,-0.2557257420821149,0.7981626166180756,0.9600960710638423
LDHA,318.4002492964113,0.16700295155725073,0.6538305779597624,0.25542236350947833,0.7983968999108106,0.9601167722418477
TMX4,33.15074703995344,-0.17119302542301945,0.6739850112162362,-0.2540012353006099,0.7994946037593729,0.9601737047820597
UBQLN4,11.33973047165274,-0.14441183096761373,0.5671235460886082,-0.2546391028261955,0.7990018547779323,0.9601737047820597
BTBD10,12.834846718152539,-0.13146685080068068,0.5188240754176248,-0.2533938902022947,0.7999638485466628,0.9601737047820597
ATP6V1E1,30.937374932191698,0.17338109434986357,0.6836668335573505,0.2536046592280964,0.7998009967484295,0.9601737047820597
ING2,13.498555103571741,-0.14359988057805756,0.5665508913823356,-0.2534633388850314,0.7999101876949226,0.9601737047820597
KDM3A,5.587637815862084,-0.1445692072896851,0.5694969261024196,-0.2538542363680562,0.7996081709130387,0.9601737047820597
PPM1B,16.232908848966094,-0.1233911056151376,0.4849523557064783,-0.2544396457985682,0.7991559255894884,0.9601737047820597
MRPS14,47.26115912484726,-0.11999425527545057,0.47816694661396786,-0.2509463611509809,0.8018555799433532,0.9616622091008524
SPATS2,23.60044641762294,-0.1328124075949923,0.5291513017315647,-0.2509913651547006,0.8018207851618232,0.9616622091008524
METTL16,6.265960166737109,0.17122237136584825,0.6823090343838424,0.2509454847252172,0.8018562575545882,0.9616622091008524
SLC35E1,10.850521723625198,0.13192655741914092,0.528412299272458,0.24966594759581365,0.8028456942448996,0.9616719096816583
RASSF7,33.32916284277825,-0.1380734997711199,0.5581520558626589,-0.24737613759698274,0.8046171398375346,0.9616719096816583
PFDN2,91.17401779680709,0.11360822431341108,0.4584483263165059,0.24781031534397543,0.8042811733408902,0.9616719096816583
HLA-B,230.99938736359462,-0.20993382417377893,0.8478368641545605,-0.24761110662853653,0.8044353164489515,0.9616719096816583
GALNT11,10.003287992421019,-0.15999552532872835,0.6477554195945047,-0.24699990226077256,0.8049082997154644,0.9616719096816583
NCBP3,11.324016127957588,-0.12406742099232317,0.49799606705867056,-0.24913333497813822,0.8032576446266898,0.9616719096816583
RPL9,750.0308864149498,0.16992315163951996,0.6875264399203228,0.24715144287281854,0.8047910226627127,0.9616719096816583
PA2G4,106.46385057106436,0.1473144440039933,0.5905740702441787,0.24944279037358458,0.803018289020494,0.9616719096816583
GPSM2,25.038392721329807,0.12098454509989892,0.48360490028645287,0.2501722894624028,0.8024541138202571,0.9616719096816583
PKN2,22.12008459476959,0.11481967704852468,0.46204483816941205,0.24850332167638073,0.8037450003452227,0.9616719096816583
MICU2,25.58537970730543,-0.15602607162243304,0.6264121257309349,-0.24907894533550506,0.8032997154915766,0.9616719096816583
CRNKL1,13.701521121548222,-0.11838002171065085,0.47815543128145804,-0.24757644474181129,0.8044621377939711,0.9616719096816583
MGST3,163.81230033934378,-0.15563987645740546,0.627420387186939,-0.24806314814732466,0.804085548108874,0.9616719096816583
CWF19L2,8.90983905924262,-0.19749767322281014,0.7966221610128045,-0.24791887909786087,0.8041971724158266,0.9616719096816583
CCT5,124.65869528929815,0.14757464856141686,0.6022022191658428,0.2450582941488226,0.8064112948815644,0.9632074418744692
SEPW1,254.26096843605652,-0.15407835766909928,0.6321228001922344,-0.24374750858890487,0.8074263762878234,0.963899288075855
TRMT112,211.43962531294036,0.12068819371518137,0.4947469510525614,0.24393923693399291,0.8072778802388697,0.963899288075855
WHSC1L1,59.5646642341069,-0.1277783275785478,0.5282551998714067,-0.24188749606185214,0.8088673391791569,0.9641015820313075
DNM1L,19.188857291242908,-0.14143059458433316,0.5838388913990571,-0.24224250331358033,0.808592262710448,0.9641015820313075
PKM,225.59087107213358,-0.1295246752547305,0.533099525882528,-0.24296527940126536,0.8080322946326924,0.9641015820313075
KIF18A,10.379631257467159,0.13342174500367202,0.5520731078411812,0.2416740520569866,0.8090327370980415,0.9641015820313075
TMEM256,54.66896592941756,0.11242242182793265,0.46451781971325273,0.2420196105659221,0.8087649678292564,0.9641015820313075
HMGN2,827.3914698174647,-0.1378200716556726,0.5705434035619856,-0.24155931134290887,0.8091216532896707,0.9641015820313075
UBE2Q2,13.86595039381667,0.12799013828975683,0.5292614746646656,0.2418278004663952,0.8089135964808498,0.9641015820313075
HNRNPH3,57.85547572644604,-0.11830752144779601,0.4914710250580365,-0.24072125398201324,0.80977116498962,0.9646156376916479
CCDC90B,22.544189208828243,0.11945646786471512,0.4975102263120623,0.24010856771773428,0.8102460923985603,0.9649165228198563
NELFCD,33.374499191926596,-0.09642024571817553,0.40203151662469494,-0.2398325547401944,0.8104600683417966,0.9649165228198563
ZNF131,18.97778648622279,0.12053272432862536,0.5056753512212249,0.2383598963990124,0.8116019691192774,0.9649457076837117
RPL23,351.95395766207145,0.19717417120713918,0.8280702919589503,0.23811284274030403,0.8117935741105791,0.9649457076837117
ZDHHC12,58.87464531746383,0.14678395264577282,0.6137068667443668,0.23917599850958512,0.8109691130374184,0.9649457076837117
ZBTB11,7.227424287604881,0.1421134408633216,0.595671859170158,0.23857672420735568,0.8114338153916165,0.9649457076837117
TMED4,50.98813196668879,0.1154149096917558,0.48287524284193367,0.2390160013433039,0.8110931750202293,0.9649457076837117
ATP5J,248.3764563387186,0.11073779725786363,0.46365209589153356,0.2388381250491954,0.811231106068091,0.9649457076837117
AUH,7.644217289778038,-0.1245686397108024,0.5238213110662735,-0.23780750626055008,0.8120303965127246,0.9649678784996724
SETD3,16.47622252550085,-0.12781703227217076,0.5389437029347539,-0.23716212208465984,0.8125310202890454,0.9653034388231125
SMG5,10.217703227122492,0.1535933508105087,0.6733518667678939,0.2281026583437879,0.8195664335102255,0.9656927525946729
DNAJC1,84.9093060112372,0.1615337785232417,0.6936163995384927,0.23288633116333526,0.8158496727996101,0.9656927525946729
UBE2N,93.15273858153373,0.13612305175479,0.5950105431732245,0.22877418445198996,0.8190444325282873,0.9656927525946729
C1orf123,19.88445524833089,0.11625593702487758,0.5066774385341121,0.2294476291686129,0.818521020676117,0.9656927525946729
CTCF,20.089668863431804,0.1258435722788136,0.5424695481231826,0.2319827402555643,0.8165514194421314,0.9656927525946729
PSMB1,189.77810121077303,-0.12021929629822847,0.5094001058235963,-0.2360017104901428,0.8134313428830261,0.9656927525946729
ACOT13,22.295931911854485,0.12507758502236804,0.5427252557188044,0.2304620684303901,0.8177327352202737,0.9656927525946729
MIOS,7.774855053390152,-0.1317952658013939,0.5720555020611691,-0.2303889488459132,0.8177895477522059,0.9656927525946729
TCHP,10.957520088438915,-0.12700576816936576,0.5565621310211349,-0.22819692733378374,0.8194931500620234,0.9656927525946729
TIA1,18.623754651689307,-0.1305034283063491,0.5632863278710996,-0.23168222243131212,0.8167848401787218,0.9656927525946729
UBA5,14.045113870601323,-0.1288710292976541,0.5468434153215659,-0.23566349285173846,0.8136938005298867,0.9656927525946729
HNRNPA1L2,13.21610049092998,-0.16935678498133402,0.7343171962957684,-0.23063164778878537,0.8176009789566925,0.9656927525946729
E2F6,7.277581972114177,-0.12753601771455964,0.547216368843324,-0.2330632359995705,0.8157123022576166,0.9656927525946729
SRP72,56.794999319638364,-0.12447985073625932,0.545127778286515,-0.2283498579498799,0.8193742672060712,0.9656927525946729
YTHDC1,31.330161386347072,0.09710224982201873,0.4226017427844945,0.22977247841482745,0.818268571619673,0.9656927525946729
B9D1,7.331164805824214,-0.1547044681348407,0.6707303761871359,-0.23065075569453214,0.8175861332141268,0.9656927525946729
SRF,7.062427082192288,-0.140362629337445,0.6151209823877617,-0.22818702882250702,0.8195008449578367,0.9656927525946729
PHF11,16.052774849405786,0.11655476943011221,0.4972964976018861,0.2343768154253539,0.8146924560375352,0.9656927525946729
RPL8,1428.5927003023737,-0.14905243628991413,0.6486506941285183,-0.22978844798766548,0.8182561617222835,0.9656927525946729
KMT2C,26.69351042488604,0.12427065568323685,0.5328700485120886,0.2332100594323752,0.8155982948955657,0.9656927525946729
BLOC1S2,24.756417798496614,0.09834010584621514,0.4236841330394143,0.232107124571188,0.8164548113687042,0.9656927525946729
MED4,47.805746910880075,-0.14057322347965168,0.6009730151034689,-0.2339093768718539,0.8150553334417334,0.9656927525946729
COL9A2,6.656502106809678,0.20967856860675618,0.9148968924812251,0.2291827312235177,0.8187268938992414,0.9656927525946729
NAP1L1,191.47775803162818,-0.13033031604212084,0.5670931700180556,-0.22982169938313887,0.8182303223290566,0.9656927525946729
KAT5,12.506198075996044,-0.14846680055259154,0.6415796828903226,-0.23140820152494104,0.8169976941725972,0.9656927525946729
SNHG9,26.354172476993448,0.13848026942189043,0.5987840827524907,0.23126912256138188,0.8171057331121231,0.9656927525946729
AP3S2,5.7104802617695265,-0.13967936087808697,0.6062169354055551,-0.23041151231554163,0.8177720162616426,0.9656927525946729
PDS5B,17.493702947485666,-0.1126009197249018,0.49381031417411847,-0.22802464122934157,0.8196270841601633,0.9656927525946729
HYI,29.170061795721487,-0.1368729906432539,0.6000241106726961,-0.22811248449633717,0.8195587947174732,0.9656927525946729
RNF13,32.38239181123455,-0.11356757619141594,0.48245997700259396,-0.23539274054810422,0.813903920003683,0.9656927525946729
TMEM68,12.856936374146198,0.12650206042504641,0.5428020296149975,0.233053771952129,0.8157196511577015,0.9656927525946729
ANXA5,98.17306008993123,-0.1723360708720196,0.7577363345817457,-0.22743540596762518,0.8200851915725054,0.9657179984891351
MTCH1,84.74856210693761,0.11319081031783668,0.4972864366239622,0.2276169265469616,0.8199440598579752,0.9657179984891351
UBE2V2,89.93404765888195,0.1309644029815518,0.5789644762219511,0.2262045572055883,0.8210423263322143,0.966522794879374
ZFAND2A,35.95677440490535,0.19254475363246867,0.8519885180122349,0.22599454049180467,0.821205666551365,0.966522794879374
GFPT1,22.81230912640805,-0.12666486170884647,0.5613843444474947,-0.22562948710924235,0.8214896047788881,0.9665997664104874
MED7,12.94980302165033,-0.16062555147752897,0.7151934773633308,-0.22459034731370794,0.8222979747974279,0.9667488977848889
USP8,22.39686113114761,0.09264264166328486,0.41295141291034293,0.2243427162783404,0.8224906403718149,0.9667488977848889
HTRA2,14.174433282538004,-0.1047548248765462,0.4661009030000801,-0.22474709703904647,0.822176023586258,0.9667488977848889
SDF2,36.54604635778803,-0.1082970345529933,0.48105621963625167,-0.22512344739016488,0.8218832407392211,0.9667488977848889
UBE2K,42.937758164374216,-0.0969403494234772,0.4341255467776351,-0.22330026450420196,0.8233018214179513,0.967338708881312
CACYBP,143.12877243131138,0.08405520935077265,0.3771748703075103,0.22285474449091086,0.8236485592690529,0.967338708881312
LBR,25.576449864743303,-0.13921900484288388,0.6242399608812029,-0.22302161599260095,0.8235186830292591,0.967338708881312
ZNF574,8.668394273339574,0.1333778638201155,0.6003954611891209,0.2221500201816187,0.8241971000617365,0.9677259818351633
POLD2,51.83486191926919,0.13126528733277296,0.5919125163123231,0.2217646758858377,0.8244970793156724,0.9678212796744212
ZC3H15,70.08536914424916,0.09143438842121311,0.41332266236066095,0.22121794120601215,0.8249227402388544,0.9678500850939976
IBTK,16.169582238510948,-0.10889911595783248,0.49237512937948014,-0.2211710329379827,0.8249592631255642,0.9678500850939976
ARL2BP,20.659449211041355,0.11466081297290732,0.5192980613194824,0.22079961685504107,0.8252484619242973,0.9679326298305932
SMU1,18.808243891920633,-0.09263124851505299,0.420656220791759,-0.22020653430657097,0.8257103078883706,0.9682175747057962
HSPB1,797.6550346443496,0.15754761479630686,0.7164391607255565,0.2199036895704505,0.8259461627846616,0.9682374444729812
RAB28,11.069661733653765,0.11556061551735573,0.526241627594566,0.219596112237604,0.8261857194958354,0.968261642111839
ARIH1,14.594147846154069,-0.15508315581229118,0.7083286114694801,-0.21894238535777863,0.8266949286163374,0.9683452513956727
CYCS,147.55065172885787,0.1304632428608586,0.5955018128253258,0.21908118506286808,0.8265868069115412,0.9683452513956727
ARIH2,26.792351890757242,0.12072099905572382,0.5565060644474354,0.21692665501424466,0.8282655044759133,0.9685021483429724
PIGBOS1,9.725734081915267,0.11164755767915294,0.5133358743108,0.21749416564554333,0.8278232533246921,0.9685021483429724
STIP1,42.539852277823066,-0.09782502441843709,0.45183865331717354,-0.21650432892417382,0.828594651186093,0.9685021483429724
RCHY1,14.210011849791561,0.11602418861330921,0.5356232980124012,0.2166152761536951,0.8285081797404402,0.9685021483429724
MUTYH,7.404773100753323,-0.13377134231735127,0.6186204624949161,-0.21624137969482476,0.8287996001533238,0.9685021483429724
PPP2R5D,7.846389063845893,0.12666540607422722,0.5812901860196487,0.21790391291750746,0.8275039783361052,0.9685021483429724
RFWD2,14.169790234241612,0.1026605340681413,0.47443800739663,0.2163834525641558,0.8286888636864544,0.9685021483429724
MPC1,43.75957732228564,-0.0880309838191311,0.4056399799137263,-0.21701752336604987,0.8281946886872976,0.9685021483429724
GMCL1,20.279533197904676,-0.10955555811709485,0.5039139892347425,-0.2174092413736497,0.8278894298611454,0.9685021483429724
UTP18,17.054550705258386,-0.10650266398926515,0.49395019221550746,-0.21561417662693952,0.8292885043675994,0.9688174999518997
ZC3H4,6.362122729305567,0.13769295225834094,0.6402777563936598,0.21505190658799592,0.8297268495581319,0.9690736349605539
SNRPB,195.58559999825712,0.09794554475576721,0.5034247493976723,0.19455846156343154,0.8457386244233851,0.9696885337261321
SH3BGRL3,135.27449858191318,0.10389966074033895,0.5347864604776762,0.19428251913396388,0.8459546725596303,0.9696885337261321
ACIN1,18.539737515665657,-0.09469226824831732,0.4480295502796579,-0.21135272927692125,0.8326120400769328,0.9696885337261321
CCNE2,20.16941671575743,0.1020011539348058,0.5179880300607885,0.19691797496331226,0.8438917270965591,0.9696885337261321
VDAC3,101.27134422149301,-0.09750563434518593,0.4770550151370812,-0.20439075421346906,0.8380481547552088,0.9696885337261321
IRF2BP2,47.8333164812059,0.11210761223846845,0.5862561909333327,0.19122631704748513,0.8483482860305631,0.9696885337261321
SNRPC,103.19284221745997,-0.09466025277514305,0.4459576175124062,-0.21226289014450947,0.8319019451210895,0.9696885337261321
UBR2,7.942026154034669,0.1046189378334304,0.514370203755065,0.2033922981340659,0.8388284192012672,0.9696885337261321
KLHDC2,27.947824665696885,-0.08774271062571676,0.4579137933624753,-0.19161403717808825,0.848044546184441,0.9696885337261321
NDUFC1,120.43394863939166,-0.1397460651957978,0.6537440761641098,-0.2137626485516593,0.8307321538043134,0.9696885337261321
MRPL44,14.290058887386826,-0.10165704745624451,0.5280243613471765,-0.1925234040279534,0.84733223704241,0.9696885337261321
PTMA,2642.774404655167,0.07587756536784761,0.3769878550665235,0.20127323559125854,0.8404849292148068,0.9696885337261321
NIN,7.442233970673679,-0.13639865077026211,0.6854909458509315,-0.19897950745497328,0.8422787747435321,0.9696885337261321
RNASET2,39.494802084266425,0.11840112196018632,0.6282424608379933,0.18846405542575825,0.850512890206056,0.9696885337261321
TMEM183A,54.73092393022595,0.09221346779928934,0.4320196736601157,0.21344738080571016,0.8309780273488551,0.9696885337261321
ZNF330,13.241277311677383,0.10583977261667543,0.5424492687988476,0.19511460094883676,0.8453032323453255,0.9696885337261321
PCMT1,70.2181530958397,-0.08803996425344357,0.46932432049305495,-0.18758875346786208,0.8511990431640724,0.9696885337261321
PPIL4,22.435866996866192,-0.09956805190263891,0.4738204966605043,-0.21013876057366956,0.8335593742397659,0.9696885337261321
HNRNPF,178.89429209481094,0.07026145044768853,0.34614563189095,0.2029823403053191,0.8391488352792768,0.9696885337261321
MLLT10,10.332992107182632,0.09455514870022387,0.5074298455217285,0.18634132291332664,0.8521771039098971,0.9696885337261321
CARHSP1,84.9821967571751,0.10384860501082174,0.501072295869802,0.2072527375127633,0.8358124827177279,0.9696885337261321
HMCES,20.62307978086593,-0.10403902338516183,0.5083626220333759,-0.2046551396108176,0.837841571871923,0.9696885337261321
NUBP1,13.171554847693201,0.10313640997397204,0.5214236774239771,0.19779771122689224,0.8432033369715953,0.9696885337261321
KRCC1,26.489971062515643,0.1350124801700901,0.7182481800465368,0.18797469164675415,0.8508964906532104,0.9696885337261321
CAPNS1,29.47018620733046,0.10141751884451752,0.5106093983767996,0.19862054863643028,0.8425595783700314,0.9696885337261321
UBE2H,25.426034086896813,-0.12021648605524607,0.6119726712260368,-0.19644093879944385,0.8442650558982102,0.9696885337261321
CDC7,5.009295608669113,-0.1301192205478819,0.6245691930561532,-0.20833435589607005,0.8349679079871626,0.9696885337261321
EXOSC2,10.72450914563411,-0.13025232144306542,0.6789842259025543,-0.19183409050471642,0.8478721665023768,0.9696885337261321
CPSF7,14.447872304528826,0.11643032359753727,0.5466418455590085,0.21299197005028572,0.831333225957851,0.9696885337261321
CCDC59,27.15081025249966,0.11457032763437527,0.569730368928816,0.2010957004973875,0.8406237438318068,0.9696885337261321
VPS35,66.12191113278902,0.10090800904576454,0.5406394750430843,0.18664565519882365,0.8519384680284157,0.9696885337261321
ZNF701,5.653493581705026,-0.12246167401490103,0.5824464395717872,-0.21025396619289916,0.8334694618349696,0.9696885337261321
SETD2,12.270775826223746,-0.11491937390949188,0.5680312678766216,-0.20231170431704612,0.8396730504441008,0.9696885337261321
JARID2,9.29731208701391,-0.12188736851162661,0.6129360545205566,-0.19885821304306836,0.842373657789375,0.9696885337261321
ELP6,18.748392338437746,0.09623051571908106,0.5130476753135108,0.1875664199438716,0.851216551985568,0.9696885337261321
SSR3,112.86842559742922,0.08870775015497843,0.4400306029552656,0.20159450174422677,0.8402337439539186,0.9696885337261321
IREB2,9.792279409456988,-0.10701533562389864,0.5181386119687695,-0.20653804436089573,0.8363706502017599,0.9696885337261321
HDAC3,17.457856651675858,0.08709811550325973,0.4363643306950319,0.1995995304302982,0.8417937950553024,0.9696885337261321
IDH3A,15.649397399647304,0.11816636663370168,0.60902877425381,0.19402427541864614,0.846156874043644,0.9696885337261321
RNF146,8.543996296671754,0.1110780259985877,0.5599109683740779,0.198385158128169,0.8427437287720524,0.9696885337261321
PTPN11,20.0118187345212,-0.09988185628086492,0.4970197086135135,-0.20096156057773928,0.8407286310670657,0.9696885337261321
DUT,214.8188029828466,0.11720858870994663,0.5672815206058437,0.20661450171119722,0.8363109339121004,0.9696885337261321
LENG8,15.980645863703467,0.12708779769219042,0.6531803022586234,0.19456771316087643,0.8457313811191871,0.9696885337261321
MRPL57,133.3703863850553,-0.134021213934751,0.6861864583269632,-0.1953131139625183,0.8451478313133327,0.9696885337261321
NDUFS7,81.23315357967773,-0.09053391126171031,0.4835610377050004,-0.18722333728827245,0.8514855278410272,0.9696885337261321
COMMD1,38.82112257485159,-0.07941450459265954,0.4209487048106022,-0.1886560136309021,0.8503624284605262,0.9696885337261321
TRIM33,12.821372184596688,-0.10690935613233514,0.5273479075981439,-0.20273021774043617,0.8393459032400324,0.9696885337261321
ZNF682,7.2040713088430355,-0.10621025432601694,0.5643808723371254,-0.18818896871220267,0.8507285196887173,0.9696885337261321
PPP1R10,27.245133397759854,-0.09803874525492372,0.4778004914430236,-0.20518761912285427,0.8374255421635908,0.9696885337261321
HLA-C,210.68011996676287,0.12934429522951818,0.663736466274799,0.19487296811558236,0.8454923967897476,0.9696885337261321
BAG6,16.023851030051603,0.11237285160565574,0.5276031826914581,0.2129874407360641,0.8313367587794875,0.9696885337261321
GAK,11.727775997710118,-0.1046766936750164,0.5178128745464537,-0.20215158567986843,0.8397982206990352,0.9696885337261321
RFK,16.0394483308148,0.10696419710242665,0.5182479902467797,0.20639577791993438,0.836481768568271,0.9696885337261321
NMRK1,7.739160500626207,0.10813620134407952,0.5186829395728328,0.20848227904533798,0.8348524179220079,0.9696885337261321
DRAM2,33.13201426665,-0.12949722322462603,0.6804211681177464,-0.19031921593923223,0.8490589966979956,0.9696885337261321
RAP1A,32.64915898793803,-0.1204842473919827,0.6290867718793581,-0.19152246204771306,0.8481162840832177,0.9696885337261321
SIRT2,14.148167280157693,0.1191108815956277,0.6328732830646043,0.1882065253550429,0.8507147574042775,0.9696885337261321
NCAPD3,24.140513561938537,-0.10006903555432561,0.5069232762751579,-0.1974046966034524,0.84351085457862,0.9696885337261321
ZBTB44,13.203428582044065,0.1153009157259186,0.6028664740953573,0.1912544828420515,0.848326220195555,0.9696885337261321
RPL22L1,115.60213848107894,0.17369603799152403,0.8381060904464517,0.20724827079946131,0.835815970915205,0.9696885337261321
RFC4,34.38725738134727,0.10707845190676825,0.531644566578176,0.20140984905753348,0.8403781145783767,0.9696885337261321
CRIPT,30.98863031751182,-0.09161873747070977,0.48671764830602177,-0.18823796052923245,0.8506901161435307,0.9696885337261321
SERTAD2,9.21939869913707,-0.12577665823214848,0.6470298295370193,-0.19439081861519072,0.8458698784871552,0.9696885337261321
CCSER2,17.957873303401218,0.10336890975972766,0.5403877413405258,0.1912865556559501,0.8483010936420932,0.9696885337261321
ZC3H13,27.15070629178529,-0.1119392996334272,0.5914290536418345,-0.18926919288820887,0.8498818394201506,0.9696885337261321
GPR137B,10.560306323981305,-0.09981259015204143,0.5060879644170564,-0.19722379738275692,0.8436524087208463,0.9696885337261321
VPS4B,24.252373668902553,0.08268416110951335,0.4242885121334343,0.1948772091277127,0.8454890765982941,0.9696885337261321
CENPH,24.663654301142515,-0.1035902028335834,0.5554666533588886,-0.18649220832101593,0.8520587885382456,0.9696885337261321
RNASEH2B,28.14173851266231,0.09098112572240218,0.46982347303549615,0.19364959595266618,0.8464502612224231,0.9696885337261321
DIMT1,12.416413452692563,0.1075492137238612,0.5121247962338571,0.2100058706681913,0.8336630910767846,0.9696885337261321
SMIM14,112.06165626466804,-0.12930563987008936,0.6768732465043366,-0.19103375785330426,0.8484991452241477,0.9696885337261321
NELFE,46.262544413907044,-0.10269737021211599,0.5140350655799295,-0.19978670150888203,0.8416474023119499,0.9696885337261321
RPS27,1182.9417921795682,0.1331716805453451,0.6445433203802114,0.20661401078020336,0.836311317346097,0.9696885337261321
RNMT,32.498621612504486,-0.11242791538188818,0.5400227695624141,-0.20819106474526924,0.8350797850425102,0.9696885337261321
APTX,15.457475197192252,0.09863281687265685,0.5056021936023247,0.1950798831981241,0.8453304109014459,0.9696885337261321
SMC6,17.433682192219642,0.09542641547879172,0.4651310714289532,0.20516026844998184,0.8374469103159186,0.9696885337261321
NSMCE4A,22.390798872544813,0.1111973519042847,0.5267407891896569,0.21110450184682256,0.8328057274274281,0.9696885337261321
RAB6A,47.43370060951256,0.1499320266331055,0.7757092516336322,0.19328379327351178,0.8467367181030914,0.9696885337261321
PPHLN1,27.859670769349073,-0.1137783760633221,0.5761026420980889,-0.1974967093519246,0.8434388562867461,0.9696885337261321
LETMD1,20.120553223405704,-0.09440372581546765,0.4580652934462943,-0.2060922911343336,0.8367188203041862,0.9696885337261321
PDAP1,76.38563201078492,0.08519528936589255,0.42567788103886783,0.20014027780342555,0.8413708734408032,0.9696885337261321
RRAGA,19.725558530572393,0.0992657857268916,0.528571542296328,0.1878000947528143,0.851033361487205,0.9696885337261321
PPIH,42.98955558751932,0.12086095237292646,0.5800511951765759,0.2083625607152394,0.8349458869779218,0.9696885337261321
GINS1,11.11394809169964,0.09410523734768701,0.4906457745030459,0.19179873187128163,0.8478998643434157,0.9696885337261321
SUCLA2,15.534846696253524,0.12318006449212933,0.6026343485575604,0.2044026610613348,0.838038850858384,0.9696885337261321
ZSCAN18,8.52728720522013,-0.11377298946897721,0.5791287386477941,-0.19645543706676585,0.8442537090291821,0.9696885337261321
DRG2,8.625236391816381,-0.11101848049459004,0.5887055786368862,-0.18858064968850294,0.8504214999946769,0.9696885337261321
TMEM199,19.038230988382885,-0.10010476972840744,0.4916568101735029,-0.20360700321242584,0.8386606200141795,0.9696885337261321
C7orf73,84.52212308119184,0.10172741625100698,0.5194689324058247,0.19582964428666635,0.8447435064984463,0.9696885337261321
AC090498.1,215.30130376441065,-0.10950785594404343,0.5265336764208449,-0.20797882613783014,0.8352455001546119,0.9696885337261321
WSB1,75.04237301955303,0.10458848204668779,0.5337393293932411,0.1959542351236975,0.8446459865569473,0.9696885337261321
YIPF3,45.945419821939225,0.11557541895500542,0.557902827915573,0.20716048238510698,0.8358845283156573,0.9696885337261321
CYFIP1,14.955971481184523,0.09651918619336242,0.4805031920854052,0.20087106138559635,0.84079939616337,0.9696885337261321
ANAPC4,5.207105898639533,0.12747756762497509,0.628777305277362,0.2027388179488174,0.8393391808453787,0.9696885337261321
NDFIP2,19.989165935244877,0.11264498514173725,0.5582430325739455,0.20178484740302813,0.8400849279068692,0.9696885337261321
PARP2,18.160242385608118,-0.08860358849684273,0.47399388272655524,-0.18692981434099584,0.8517156627372753,0.9696885337261321
NUFIP2,21.037726100229712,-0.11969054670586224,0.5935646390983326,-0.2016470301999135,0.8401926755848381,0.9696885337261321
SETD4,7.089435909449233,-0.1365845924165945,0.6469905331689851,-0.211107559406778,0.8328033416072225,0.9696885337261321
NDUFV3,30.590896729937903,-0.097642130337612,0.49020562291017433,-0.19918606758924107,0.842117197511605,0.9696885337261321
SDR39U1,25.180007278013946,-0.0953588740630073,0.5015443435957345,-0.1901304945029357,0.8492068747474539,0.9696885337261321
RANBP9,10.97069132366207,-0.09885518996441689,0.5337578560042004,-0.1852060608614985,0.8530674154523229,0.9697037210345989
FOPNL,32.72838563028729,0.08104973999159519,0.4370300543356011,0.185455757990859,0.852871578277609,0.9697037210345989
TRMT10C,25.14337481737997,0.08509349864804384,0.4584103579798986,0.18562734712852016,0.8527370063684157,0.9697037210345989
ATP2A2,25.896976001239455,0.09888121725523971,0.5316030417861293,0.1860057401534224,0.8524402598943679,0.9697037210345989
CARS,13.787425557314958,-0.11789059403662434,0.6379367303059686,-0.18479982173166515,0.8533860476883235,0.9698166723857797
MBD2,14.263569156435057,-0.13273091339270587,0.7198570661123131,-0.184385094821028,0.8537113619615296,0.9698849865344481
CCDC43,19.240344537337258,-0.10278320233472225,0.5581066257880337,-0.18416409622371843,0.853884724749071,0.9698849865344481
TJAP1,5.030103846670309,-0.10742612378304646,0.586622308705613,-0.1831265572222834,0.854698718463502,0.9699456935187327
HSP90B1,238.8093345181191,-0.09565800473511842,0.5210048796541497,-0.18360289600093102,0.8543249910661129,0.9699456935187327
WEE1,31.83376764385224,-0.10431320344353878,0.5698634378040435,-0.18304947558226842,0.8547591984891746,0.9699456935187327
EP300,5.866631909008531,0.11450860932594585,0.62580566137468,0.18297790575177889,0.8548153545864843,0.9699456935187327
ABCF1,23.451363988729394,-0.08777422661181139,0.48251556922384714,-0.1819096257411985,0.8556536502887502,0.9701502423038048
LUC7L2,32.79060609826304,-0.07727306175661215,0.4236653327054536,-0.18239175073202177,0.8552752991893646,0.9701502423038048
IDH3B,28.175354662685454,0.09707283787556863,0.5335432590423379,0.18193995750186337,0.8556298462395014,0.9701502423038048
UFC1,134.95047626104375,-0.08518183571890509,0.46992200218174435,-0.1812680302761407,0.8561571984537149,0.970355310010881
FAM208B,11.581344889472877,0.10731179136877314,0.5924896245985467,0.18112011909319833,0.8562732930075669,0.970355310010881
RAB22A,16.789100882107803,0.09048906559821922,0.5076158987310214,0.17826286730662097,0.858516539292054,0.9704714415485292
PRDX6,139.94732288522863,-0.07885694896076703,0.43862912850347,-0.1797804656289332,0.8573249199066744,0.9704714415485292
PPP1R11,36.62406326689792,0.09052808732470312,0.5044566855038867,0.17945661129315263,0.8575791833904928,0.9704714415485292
CDC37,59.04443455904957,0.09565998118098216,0.5362822025347718,0.17837619956216935,0.8584275395440899,0.9704714415485292
NUDCD2,57.413919885844294,-0.0974470619174562,0.5410646512353321,-0.18010243636314044,0.8570721499446413,0.9704714415485292
MRPL42,63.062947947401504,0.1166466105114384,0.6597730391874886,0.17679808598285382,0.8596669925360926,0.9704714415485292
RPL31,504.8040450330703,0.13418668023336353,0.7559469181819909,0.17750807233406654,0.8591093251142492,0.9704714415485292
PDXDC1,40.00999408431109,0.10253048542087231,0.5722233420132548,0.17917913844643082,0.8577970437430384,0.9704714415485292
PTOV1,39.593005580704244,-0.13058448602883818,0.7282442986641948,-0.17931412064380992,0.8576910598777787,0.9704714415485292
VIMP,83.04815676220983,0.10960569318581113,0.6146323132972354,0.17832725487181791,0.8584659755575339,0.9704714415485292
ATP2C1,17.2121233793536,0.1091435510439537,0.6169693345243455,0.17690271612623704,0.8595848051116936,0.9704714415485292
HADHB,48.277953791113895,-0.08827026873048674,0.4980188403827395,-0.17724283013600228,0.8593176546187928,0.9704714415485292
RBBP4,63.51957788303905,-0.07806339994793884,0.43967400422056757,-0.17754836355705358,0.8590776799874055,0.9704714415485292
LTN1,10.469603942239706,0.0915751363563937,0.5146760648088737,0.17792771534926605,0.8587797444271357,0.9704714415485292
CPSF2,15.899434523219904,0.09057698123212789,0.5042866730072639,0.17961406890247758,0.85745555892676,0.9704714415485292
DHPS,34.13618026821506,-0.0861108597207907,0.4882167833610181,-0.17637832752897176,0.8599967298697468,0.9705959520831566
ASXL2,7.119422882966438,-0.09852467952944521,0.5611238088846225,-0.17558456435004652,0.8606203298095783,0.9710519690683073
HNRNPM,68.09938286253342,-0.08291787736598533,0.47308848828955663,-0.17526927714046373,0.8608680513615175,0.9710837518928824
MED21,23.77108926503869,-0.07530382176898763,0.4305732884149362,-0.1748919958462881,0.8611644997323624,0.9711704697389697
VEZT,21.8734203730445,-0.09426531064648351,0.5404106366836712,-0.17443274474566203,0.8615253821844067,0.9713297898041373
BRD7,23.961973030483254,0.1252820511960592,0.7231535574049544,0.17324405019265263,0.8624596000442781,0.9714174776930296
UBE2V1,6.549691008636718,0.11315258610760488,0.6540768325032796,0.1729958630006017,0.8626546794439078,0.9714174776930296
SFT2D1,72.30955311515645,0.08008363378711002,0.4631114265912203,0.17292519508009968,0.8627102271768233,0.9714174776930296
RNF114,43.34037109385185,0.0867425164499202,0.5023974838545325,0.17265714745306368,0.8629209292009752,0.9714174776930296
SLC38A1,60.202027054339965,0.06917159805798223,0.3995610796664951,0.17311895872270203,0.8625579230424962,0.9714174776930296
TRIM27,11.738876077113096,0.08398142410159058,0.4860584607154451,0.17278050047308222,0.8628239648808894,0.9714174776930296
COA5,27.847959736370683,-0.08940034162900246,0.5254883180609643,-0.17012812379709402,0.8649093763210474,0.9714307190116791
SERTAD1,46.656414344773665,0.11099342647176993,0.648984820274569,0.1710262289722145,0.8642031416968806,0.9714307190116791
TBC1D20,11.126283087820221,-0.09022613226194892,0.5256669520188044,-0.17164124911303405,0.8637195765608529,0.9714307190116791
COMMD7,45.35163642280459,0.09087699651131448,0.5323682739256413,0.17070325367286585,0.8644571043219805,0.9714307190116791
LRIF1,18.794987713733864,-0.09059226574926608,0.5264336176969867,-0.17208677923264895,0.8633693063551823,0.9714307190116791
POLR1D,81.03484304339413,0.07239767025798749,0.423161257107719,0.17108766230826775,0.8641548368923614,0.9714307190116791
UBL7,16.749371433214787,-0.08324103648050465,0.48886300379747266,-0.17027477193792712,0.8647940505981445,0.9714307190116791
DHDDS,10.676180905725218,-0.10086933510926445,0.5890582695691374,-0.17123829733015142,0.864036395281835,0.9714307190116791
PLEKHF2,42.35952119946106,0.09068736026269152,0.5318305486715815,0.17051927627928196,0.8646017760792369,0.9714307190116791
TFB1M,8.53586439909612,-0.10148135965995825,0.598393440058415,-0.16958969277813551,0.8653328290979514,0.9716595844377353
TET2,6.024773082208105,-0.12503277733249027,0.7406372244104897,-0.16881784119345355,0.8659399245006718,0.9720529123089103
UTP14A,7.213314343098776,-0.09807487927144601,0.5835914550215116,-0.168054001523773,0.8665407960627289,0.9720529123089103
TPMT,18.035791520029054,-0.10092031993264997,0.6006204206957996,-0.1680267877268259,0.8665622051173487,0.9720529123089103
HRSP12,19.347508690663965,-0.09572356995877396,0.5680058025416549,-0.1685256902842186,0.8661697347677727,0.9720529123089103
PRCC,27.20712319905499,-0.08317371400025052,0.49666571425587663,-0.16746417482202194,0.8670048337842686,0.9723028346419422
TRMT11,7.900531335211473,0.10961394042286433,0.6611421447205522,0.16579481628598242,0.8683184256699731,0.9723334481802547
FTSJ2,13.373094949229767,0.09061391160245091,0.5447785380219519,0.16633164722579366,0.8678959620406257,0.9723334481802547
TCERG1,29.43387247861449,-0.07049522639030961,0.42494945944251167,-0.16589084848535124,0.8682428495568122,0.9723334481802547
DCTPP1,76.68784293692809,-0.07307489936136023,0.4392100313639963,-0.1663780290591752,0.867859463234842,0.9723334481802547
BAZ1A,37.05568582156856,-0.09068614498785324,0.5471153698002267,-0.16575323961556102,0.8683511463513466,0.9723334481802547
ALDOA,665.904512603838,-0.09805219140063383,0.5895189850475121,-0.16632575690964616,0.8679005972700699,0.9723334481802547
PRDX2,311.51662883888724,-0.08278219715320842,0.5019973564287086,-0.16490564361162088,0.8690182502593741,0.9725879860569868
UTP3,9.903828987092648,0.08724545794595716,0.528889257112319,0.1649597846292216,0.8689756355567019,0.9725879860569868
NXT1,39.30286151028225,0.07594294077673525,0.4622805079940818,0.1642789160768757,0.8695115787266896,0.972647878783042
PRKRA,34.042211205173444,-0.07221183105397262,0.4388370427307489,-0.16455272463924298,0.8692960441063149,0.972647878783042
N4BP2L2,61.07256088467998,-0.06895788366061945,0.4321259409938788,-0.15957820884813823,0.873213345798909,0.9731925429929602
LSM8,88.31748736451168,-0.08253448117466176,0.5180390982051875,-0.1593209498291017,0.8734160159921516,0.9731925429929602
ZWILCH,21.85046837123846,0.08184830239833887,0.5012923714736037,0.16327458197246617,0.8703022459796004,0.9731925429929602
TMEM237,17.502839709952323,-0.08259156300717717,0.522838229502979,-0.15796771993067615,0.8744822350638284,0.9731925429929602
IP6K2,39.01465785352555,0.08335286737630448,0.5236873426999703,0.15916532743862555,0.8735386202750517,0.9731925429929602
RNF8,6.870030964767942,0.0916846034321735,0.5809505691792788,0.15781825218227824,0.8746000157364938,0.9731925429929602
EEF1E1,21.695107006056748,-0.14152879336189855,0.8987153820499008,-0.1574789930034159,0.8748673624726695,0.9731925429929602
DNM2,10.026818446256488,-0.09333512854600545,0.5832331927065093,-0.16003054989528506,0.8728570090015493,0.9731925429929602
DLD,29.689479695358056,0.08161731602826577,0.513182954188063,0.1590413620760209,0.8736362863148933,0.9731925429929602
CCDC115,14.773670684617462,0.08895591999852909,0.5617154595696948,0.15836473517512628,0.8741694003305962,0.9731925429929602
EIF4A2,103.56170135229395,0.09121830134512868,0.578237274400462,0.15775237153244265,0.8746519306092136,0.9731925429929602
TRIP13,32.975975340064466,-0.08673738178718411,0.5447003242888704,-0.15923871883209081,0.8734807998158453,0.9731925429929602
TRAPPC8,6.663256740889528,0.09319765607479973,0.5749719436906695,0.1620907891202068,0.871234359496668,0.9731925429929602
CSNK2A1,24.054187423697336,-0.0766760618688428,0.48565450096402035,-0.15788191341095656,0.8745498503114543,0.9731925429929602
EMD,78.74208303066416,-0.10126189270701542,0.6451593626920302,-0.15695640265450703,0.875279207783404,0.9731925429929602
MMADHC,61.39361142332607,0.07215260490970112,0.45905553866283555,0.1571761994635149,0.8751059852205636,0.9731925429929602
HIBCH,14.701902946086022,-0.09138808185134972,0.5633432101201188,-0.16222451998997825,0.8711290513860629,0.9731925429929602
FBXO9,23.124884254879085,-0.08398814032338064,0.5312358178607948,-0.15809954355409997,0.8743783602796801,0.9731925429929602
PIN4,47.77170333708917,0.08293866559634938,0.5193157412929101,0.1597075902029502,0.873111421537616,0.9731925429929602
G2E3,15.78614965691192,0.07787460359606395,0.4822147366863002,0.16149362031364972,0.8717046356608958,0.9731925429929602
EXOSC7,18.89485157865867,-0.09758878574238845,0.6203284136150619,-0.1573179361133474,0.8749942852901085,0.9731925429929602
ESYT2,12.770552075837204,-0.09529597282222069,0.6061190025129795,-0.1572232060488485,0.8750689399579322,0.9731925429929602
SUV39H1,8.364309160444137,-0.08443028835489537,0.5346452016331961,-0.15791835051915504,0.8745211378813749,0.9731925429929602
TAP1,19.272033654848897,0.12240583864008867,0.767957220823449,0.1593914808286299,0.8733604504219612,0.9731925429929602
METAP1,12.34391656900712,-0.06990258746712384,0.45212835630168324,-0.15460783755947669,0.8771304908208153,0.973515861685184
EIF2B4,17.311362100499657,-0.0866000080918576,0.5566520238441028,-0.15557296907647816,0.8763696330276847,0.973515861685184
POLR2D,13.157173525291205,-0.07394823878346471,0.4766224010001583,-0.15515057334336274,0.8767026130952204,0.973515861685184
CDK1,158.65513050694707,0.06965212477872566,0.4507557014353056,0.15452300338506633,0.877197374961178,0.973515861685184
PSMA7,321.91438062577265,-0.07098671619785411,0.45989629657488945,-0.15435374610870486,0.877330821767385,0.973515861685184
BLOC1S6,15.075190977006377,-0.07621908304260522,0.4890856524957724,-0.15583994879764754,0.8761591807120057,0.973515861685184
ANAPC16,120.41959657185562,-0.07385846129935315,0.47827379344911347,-0.1544271551378895,0.8772729437652974,0.973515861685184
SEC11C,47.677200696595754,0.07476216098830682,0.4833233745850851,0.15468352022595083,0.8770708225643324,0.973515861685184
RWDD1,79.53808473873359,-0.06993829577097563,0.47490416702099086,-0.14726822931390354,0.8829203083577887,0.9736116987949388
GPX4,468.0946679008299,-0.10165936145628063,0.682020149399807,-0.149056243493309,0.8815092527250696,0.9736116987949388
GTF2H5,73.59853861618214,-0.07694816344160178,0.518079395227698,-0.14852581312905286,0.881927815942589,0.9736116987949388
UBE2D2,128.03955739400106,-0.06887512501374805,0.45138481994903173,-0.15258626779147139,0.8787245548943986,0.9736116987949388
TOMM5,92.90967777279195,0.08426777402437925,0.5682450451211886,0.14829478012678074,0.8821101346699025,0.9736116987949388
UCHL5,32.30629340981265,-0.08230761475707443,0.5370126254185119,-0.1532694220977195,0.8781858133622166,0.9736116987949388
CFLAR,12.58967356965107,-0.07527291853318926,0.5107551144255588,-0.14737575093662642,0.882835444463332,0.9736116987949388
SNRPD2,329.1348926237861,0.06611738513991694,0.4465019689575072,0.1480785970424449,0.8822807403039556,0.9736116987949388
LAMTOR5,125.58503853465848,-0.08391558001143758,0.558131119698463,-0.15035101439384707,0.8804876867092611,0.9736116987949388
OTUD6B-AS1,26.497971208033135,-0.06594596740207621,0.44084360863667965,-0.1495903901295424,0.8810877904338197,0.9736116987949388
MBD6,6.461698000100304,-0.08082904724388691,0.545303202586957,-0.14822771416054076,0.8821630606668713,0.9736116987949388
MED10,31.89531620004472,-0.07410922537303677,0.5023331570200008,-0.1475300292990336,0.8827136790943607,0.9736116987949388
POLR2J,77.34273951191405,-0.08368264103698846,0.5621374311064347,-0.14886509313617305,0.8816600858863833,0.9736116987949388
AHR,18.045988063901557,-0.13250784512676958,0.8667217014799443,-0.15288395906149557,0.8784897860054017,0.9736116987949388
CEP295,10.69227905562454,-0.07707407976954456,0.5135396677710251,-0.15008398495111,0.880698355022318,0.9736116987949388
IFT27,19.615423223466408,0.08455080636037025,0.5496282709145379,0.153832709914438,0.8777416420231591,0.9736116987949388
OTUD5,8.234774705526622,-0.09090390266471468,0.6036393091272234,-0.15059307982468667,0.8802967206348339,0.9736116987949388
SENP6,19.806696758053008,-0.07084211441778791,0.476610301026119,-0.14863739676894994,0.8818397624197667,0.9736116987949388
ELAVL1,43.94343000797387,0.07547577944445173,0.4961736801602817,0.1521156451105395,0.8790957247918079,0.9736116987949388
CCT2,96.30773248415815,0.0746989018683119,0.4946362697499466,0.15101784166792787,0.8799616416969546,0.9736116987949388
TBCC,14.707160380076349,0.07345272619788679,0.48895376414598324,0.15022427800751434,0.8805876721606652,0.9736116987949388
SMG9,10.880138660727576,0.08265059304687743,0.5555900327148698,0.1487618354904756,0.8817415663436031,0.9736116987949388
RBBP7,79.6276201120912,0.06587906548017936,0.43129839339963394,0.15274590976539276,0.8785986547832452,0.9736116987949388
ELAC2,9.015879902358591,0.07700522435933375,0.5147540407795855,0.14959615322826947,0.8810832433101281,0.9736116987949388
GPX1,249.3620832462871,-0.14513357041944255,0.9655317939697745,-0.15031464662880475,0.8805163779384781,0.9736116987949388
TMUB1,35.454664219897566,-0.07206291608952382,0.49551378434794197,-0.14543069913656,0.8843708279067086,0.9737237875118238
ZSWIM7,16.24206729309326,0.09100291508798974,0.620446356437038,0.14667330083229294,0.8833898935002867,0.9737237875118238
ZNF226,10.874405164796693,-0.09607362221986923,0.6596371243224285,-0.14564617223227835,0.8842007164273228,0.9737237875118238
TMEM79,9.110291118364673,0.10254698854915416,0.7076674293682864,0.14490844751848306,0.8847831566832511,0.9737237875118238
AP1M2,40.46837774538999,-0.08543041357626939,0.5861117257624675,-0.1457578987438508,0.8841125127963723,0.9737237875118238
CDC73,17.553235928496992,0.06679303890769453,0.4608316075327819,0.14494022939375553,0.8847580633229154,0.9737237875118238
RDH14,15.843727959194672,-0.06919985995874614,0.4750477105710378,-0.14566928419792505,0.884182470333186,0.9737237875118238
RBM3,193.6925671344875,-0.07489880097258653,0.5137558198536386,-0.14578676888550687,0.8840897212028909,0.9737237875118238
GLRX2,22.90439056375749,0.08529460073653294,0.590673914768668,0.1444021796187458,0.8851828957624761,0.9739213800889133
ACTL6A,59.08268828742898,-0.06818622578793515,0.47469271584585093,-0.143642873614428,0.8857824834572546,0.9739246551306179
FBXO25,9.669211988078585,-0.09470524558294918,0.6643937498302687,-0.1425438538624774,0.8866504426230902,0.9739246551306179
RPS14,1446.7228823492592,0.08198191506037787,0.5755272775363879,0.14244661940492392,0.886727240834501,0.9739246551306179
MBD4,21.95770756577146,-0.06772642927172505,0.475086669866527,-0.14255594519364734,0.8866408926611036,0.9739246551306179
LIMA1,28.427137174354762,-0.0761383566120472,0.5330843373332805,-0.14282609951161637,0.8864275239677156,0.9739246551306179
SOD1,309.4149039749281,0.088317532131341,0.6196062254970642,0.14253816133059408,0.8866549386981075,0.9739246551306179
ARHGAP11A,14.457412313285946,-0.07138293576147742,0.5010826290632973,-0.1424574144486263,0.8867187145859408,0.9739246551306179
TIMM10,62.90478665717306,-0.08074697124846325,0.5682560245442341,-0.14209611119077148,0.887004089829567,0.9739868642790901
ARFGEF1,12.915213878390137,0.08054458189560729,0.5715033429893396,0.1409345769953085,0.887921626262917,0.9744707974906557
SYF2,41.87267357703263,0.05981159867858712,0.4250956787665787,0.1407014977243037,0.8881057618550381,0.9744707974906557
HGS,21.73868862454693,0.07136007339505478,0.5070075844983694,0.14074754614501092,0.8880693825373174,0.9744707974906557
RAB11B,41.560440254376864,0.07614515735431485,0.5433028555074509,0.1401523231148756,0.8885396406484984,0.9747050671101956
FGFR1OP2,20.68979719950159,0.06823395669182694,0.4910026399237621,0.13896861471543537,0.8894749501841949,0.9750056269305314
MRPL54,42.431531115051165,0.06658149926256768,0.4774976456053887,0.13943838231527458,0.8891037438980871,0.9750056269305314
TRA2B,61.351121051344606,-0.06397876194021768,0.4602081722494722,-0.13902135120176815,0.8894332770606849,0.9750056269305314
RPL37A,619.2707044078536,-0.10223235562098952,0.7398749297364803,-0.13817518544303348,0.8901019661086513,0.9754511883296741
BRD4,26.022590373140655,-0.07425636945894204,0.540281881837371,-0.13744005112000734,0.8906829751917958,0.9754609315057718
HNRNPUL1,48.53386698917962,0.06324435350143175,0.46147667130962067,0.1370477803828114,0.8909930280993259,0.9754609315057718
MKRN2,8.567958548721547,-0.08952587653313894,0.6521095488839728,-0.1372865597296566,0.8908042936269317,0.9754609315057718
TNIP2,9.575856985757008,0.07979477247672678,0.5788214558900402,0.13785731621511546,0.8903531849571766,0.9754609315057718
HEXA,10.373182972464473,0.08864411774933394,0.6495308353961661,0.13647407162012185,0.8914465206050217,0.9756844046671821
MUT,14.669971046114062,0.07367407189374416,0.5408008788407048,0.1362314204290433,0.891638336799627,0.9756844046671821
NDUFB7,114.37671837912066,0.08428948023568258,0.6308627250321,0.13360985978588877,0.8937110871196469,0.975850741174471
NUP205,9.000856366460612,-0.08178238070708228,0.6168869776433271,-0.1325727137562748,0.8945313131718104,0.975850741174471
KRAS,41.768576234962026,-0.06843466901078464,0.5153996787487999,-0.1327798053287863,0.8943675259388701,0.975850741174471
ASB8,12.818193391349016,-0.0804824883912318,0.6140757288831197,-0.1310628064353126,0.8957256234732653,0.975850741174471
RNF7,97.49010459769173,0.0703628120626983,0.5374075412320858,0.13093007943539683,0.8958306195514749,0.975850741174471
PHKB,12.132072015117652,-0.07709979560569223,0.5769984372026334,-0.1336221913866569,0.893701335365688,0.975850741174471
ZNF830,13.065410347017018,-0.07342836534029214,0.5616438737988617,-0.13073830013249393,0.8959823332375145,0.975850741174471
JPX,22.53585885638649,0.07424190884759048,0.5509034553433143,0.13476391939005736,0.8927985336980254,0.975850741174471
SDHC,101.5162151852773,-0.054319584657498685,0.4124283453140352,-0.1317067201482918,0.8952162699177867,0.975850741174471
WBP4,18.64056941946291,0.07311785539223756,0.5512939600913348,0.13262952378459555,0.894486382081756,0.975850741174471
RNF219,7.230868305901171,-0.07483539007073513,0.5587415294574996,-0.13393561445735966,0.89345348772945,0.975850741174471
ARHGDIA,77.29865041461713,-0.07909850289431762,0.5894854338020589,-0.1341822856998326,0.8932584331933556,0.975850741174471
OXA1L,33.556309949786765,0.06321815612783734,0.4672673277117881,0.13529333719397238,0.892379952794021,0.975850741174471
TAF12,30.699150822756895,-0.0619556358658468,0.46568730035634387,-0.13304128289184255,0.8941607316517557,0.975850741174471
ZFR,30.035448444409734,0.06285837194557967,0.4653122583770469,0.13508857936565458,0.892541839752352,0.975850741174471
HDDC3,15.566422506749216,0.07062645070312211,0.535543765016872,0.1318780187850699,0.8950807752240374,0.975850741174471
EIF2AK1,45.54702342762193,-0.06361039286315617,0.4859674013103075,-0.13089436182683098,0.8958588749191819,0.975850741174471
AKR7A2,60.71719151138617,0.08335232344657469,0.6342902384976683,0.13141038342951117,0.895450675105355,0.975850741174471
HNRNPA1,526.6150382168455,0.07996025322277817,0.5908658214402508,0.13532726098096684,0.8923531321830408,0.975850741174471
LEO1,18.53343666762626,0.0724082317334689,0.5762580328719751,0.12565244665241054,0.9000070454912072,0.9762311595372305
NINJ1,79.96074336130172,-0.08539487893884294,0.6758257645352316,-0.12635635310170423,0.8994498503424255,0.9762311595372305
BNIP3L,41.943557458354356,0.07686679564744706,0.5941694576482276,0.12936847335050214,0.8970660926391116,0.9762311595372305
MRPL21,42.152316137177465,-0.07410084228856452,0.581307876194155,-0.12747262736865975,0.8985663366195632,0.9762311595372305
MARCH7,16.105130590112868,-0.06532219791936847,0.5132812759575215,-0.12726394080421208,0.8987314992686386,0.9762311595372305
TAF11,24.293417687009025,0.06570885548594275,0.5128796087208713,0.12811750432001287,0.8980559837608122,0.9762311595372305
DYNLT1,179.1045657073469,0.0462365566992676,0.3639908654888372,0.1270266951264621,0.8989192700363758,0.9762311595372305
GTSE1,30.916856274510394,-0.06097228617620459,0.4856202657344382,-0.1255554812647529,0.9000838047915048,0.9762311595372305
WRAP73,12.572044834038456,0.059838766429751625,0.4704176321564054,0.12720349395801622,0.8987793400690913,0.9762311595372305
RFXANK,22.292072034506276,0.06046364048440785,0.48147619098405,0.12557971010120178,0.9000646247823001,0.9762311595372305
DDX3X,45.03354957349435,0.06586957002431623,0.5168004649647223,0.1274564836717254,0.898579113211371,0.9762311595372305
WDR48,6.32669231620197,-0.07496974873684768,0.5886967063936557,-0.12734868043701292,0.8986644325039816,0.9762311595372305
NDUFS3,48.981944530270646,-0.07230648254600079,0.5713266423400155,-0.12655891951730266,0.8992895128871287,0.9762311595372305
ARHGEF35,11.532239608601888,0.09655810487893934,0.7593355629144843,0.12716130995936725,0.8988127269132793,0.9762311595372305
CASP8AP2,17.8364201049384,0.05797554225109155,0.4591177276178489,0.12627598274608132,0.8995134670514905,0.9762311595372305
NDUFA11,59.2438486053774,0.1086609682011551,0.8446037833128953,0.12865318667522488,0.897632079088011,0.9762311595372305
LSM7,89.14355920211355,0.06602298365394427,0.5138935934540413,0.12847598120494738,0.8977723049087345,0.9762311595372305
C11orf73,40.91652172475225,-0.08433256525201067,0.6991358997788166,-0.12062399496105221,0.9039888623843795,0.9763355554439989
RPL7,1088.179731387856,0.09366483141500045,0.7540727129945762,0.12421193579998187,0.9011474720255355,0.9763355554439989
TROAP,40.06249083266534,-0.06819179806543459,0.5547899044495491,-0.12291463402365452,0.9021746972256306,0.9763355554439989
APH1A,88.17153446669207,-0.07305911460723431,0.605463677397383,-0.12066638732365036,0.9039552834393401,0.9763355554439989
TMEM14B,98.02866917629193,-0.047520375613978316,0.3922298018315996,-0.12115442373851228,0.9035687227037641,0.9763355554439989
GNB2L1,791.5942521126643,0.08199043339666318,0.6755745959979118,0.12136399722898494,0.9034027320946451,0.9763355554439989
PLK1,47.8962370129281,-0.07673864493896847,0.6154667482305178,-0.12468365701249333,0.9007739962401514,0.9763355554439989
BCS1L,7.906675251409408,-0.06910946628888058,0.5665125678066149,-0.12199105583209557,0.9029061017762596,0.9763355554439989
THOC6,16.82466870437212,0.06191927643152799,0.5023251326290492,0.12326533635189096,0.9018969890412135,0.9763355554439989
FARSA,26.532923020227134,0.060332664270869,0.4981862101986919,0.12110464528274777,0.9036081498567272,0.9763355554439989
PTP4A1,45.195051064008375,0.06569199763638048,0.5321349427049542,0.12344988529122741,0.9017508563901633,0.9763355554439989
TMEM63A,10.237502094150212,0.0679778741212107,0.5490831100245097,0.12380252256926341,0.9014716344609641,0.9763355554439989
ST7,7.850417665977905,-0.07221546463980483,0.6011061500220175,-0.1201376240072734,0.9043741285675025,0.9763355554439989
FXR1,34.82850478138987,0.05753871531944995,0.4784733636517872,0.12025479303655491,0.9042813140868193,0.9763355554439989
FOS,1053.606219353083,-0.09705904764052506,0.7896335984680717,-0.12291656260425649,0.9021731700213167,0.9763355554439989
SNAPC1,7.55373193144473,-0.06460757130967981,0.5368989683167272,-0.12033469073750674,0.904218024531485,0.9763355554439989
KLC2,7.495469266811744,0.078510588735424,0.6289703229917419,0.12482399545018727,0.9006628903396081,0.9763355554439989
EXOSC4,25.68007278329091,-0.059124700074700956,0.48207838974804296,-0.12264540649831313,0.9023878966556652,0.9763355554439989
MSH6,10.47046439845187,-0.0789280111325307,0.6551468916137025,-0.12047376266736437,0.9041078626054846,0.9763355554439989
COPB2,39.260149332745286,0.059756669087711954,0.5002374459533403,0.11945660919851603,0.9049136146596716,0.9764413070601919
CPNE1,23.255953360269363,0.07057850708474699,0.5898461270191631,0.11965579470941244,0.9047558193934992,0.9764413070601919
NCAPD2,15.33197562253817,0.06147368438067917,0.5207615964174334,0.11804573302560305,0.9060314214649049,0.9768385685693339
PSMD5-AS1,10.01525708807323,-0.0638176118914928,0.5418646651511423,-0.11777407901969797,0.9062466685262249,0.9768385685693339
ANAPC7,12.351452514981926,-0.05732885728298729,0.4877380657753912,-0.11754025635019406,0.9064319451637203,0.9768385685693339
NSDHL,10.655890289097849,-0.0650077288550176,0.5483829917703188,-0.11854439293450046,0.9056363225724249,0.9768385685693339
ZFAND1,25.388411945908025,0.04985218392619189,0.42520459062803295,0.11724281681098395,0.9066676379566273,0.9768385685693339
MTA2,7.01434578425822,0.06823449507783542,0.5782491626400974,0.11800189172137998,0.9060661589799766,0.9768385685693339
SS18L2,59.83007357251307,-0.06987972506949948,0.5970546199557227,-0.11704075763567783,0.906827755493033,0.9768385685693339
SAC3D1,44.139398312481276,-0.07101478986269434,0.6093733487809129,-0.11653740683730852,0.9072266416803433,0.9770302985517795
CHORDC1,29.677401693167145,-0.07049006441399149,0.6070169955247537,-0.1161253555232902,0.9075531939528408,0.9771440547354953
FAHD1,16.06064372707652,-0.06295493561902415,0.5451452577948264,-0.11548286391352632,0.9080624022150546,0.9772255164983129
ANKRD13D,9.713144338550185,0.06612344393740377,0.5726344499243667,0.11547234705515416,0.9080707376911747,0.9772255164983129
TUBGCP2,15.44530543284508,-0.05471371820658865,0.47535404694230626,-0.11510098327453444,0.9083650805449067,0.977304488263226
RAD51B,5.92547901324099,-0.09076273331053802,0.7962272631033341,-0.11399098915149664,0.9092449364984735,0.9775377623074255
SMUG1,24.042078831477497,-0.062011014225503314,0.543492102696687,-0.11409736023360495,0.9091606147884063,0.9775377623074255
RP11-620J15.3,6.9931826254435006,-0.07164558657871828,0.6254612651338064,-0.11454839903377706,0.9088030819742356,0.9775377623074255
DNTTIP2,30.8873419241365,-0.07079742125967156,0.6267678885830748,-0.11295636319167895,0.9100651508534761,0.9779441599185921
RPS23,1545.231453791724,-0.07826592935239643,0.6914888241237708,-0.11318466274790796,0.9098841548800982,0.9779441599185921
RPS20,559.0699230850458,-0.1590813497700023,1.4136182728972417,-0.11253487084880529,0.9103993223967926,0.9780656310325513
NBN,22.64356042592034,0.04503778546100487,0.40499394326006294,0.11120607162286446,0.9114529370407569,0.9783057712297786
TOMM20,131.84290403809703,-0.0671064078930282,0.6033680873511312,-0.11121968380468139,0.9114421430495571,0.9783057712297786
TRIM25,5.761977893538839,-0.06396851376267897,0.5767581320424675,-0.11091046698578474,0.9116873453603291,0.9783057712297786
ENSA,151.87265048719567,-0.048901795106749094,0.43812461823858906,-0.11161617738658708,0.9111277444779438,0.9783057712297786
FGGY,6.769855935721759,0.06690126899729285,0.6034849782367563,0.11085821753635508,0.9117287788851791,0.9783057712297786
SLK,11.901308401266231,0.057567974065890315,0.5235345645819628,0.10996021649851861,0.9124409261627803,0.9783597932799482
SEC63,33.08203756903167,0.05197347517462482,0.474115597372091,0.10962194760666244,0.9127092038845055,0.9783597932799482
UNC50,23.774800685963815,-0.04905095015388748,0.4483627370678398,-0.10940014880510866,0.912885115728317,0.9783597932799482
DRG1,31.52760906328764,0.05717646079387683,0.5213092669285319,0.1096785812589734,0.9126642875992613,0.9783597932799482
CMAS,40.411739685839564,0.06953591880968338,0.6297396215330143,0.11042011083947324,0.9120762045083401,0.9783597932799482
RFC3,28.580122114862103,0.05719232198619485,0.526054886893851,0.1087193055536338,0.9134251290029091,0.9787013918555878
CASC4,12.673418302804691,0.06202160099165234,0.5734915335135617,0.1081473698690369,0.9138787927529989,0.9789503270396014
POLR2G,71.59970538986217,-0.05827277178576134,0.5447629627635237,-0.10696904115902056,0.9148135403774058,0.9790032153615452
CEP55,22.383195655982142,-0.05875990203212561,0.5453854006071455,-0.10774014479799361,0.9142018238990101,0.9790032153615452
ITM2B,199.57966464704936,-0.0643599440682399,0.6013771328292583,-0.10702093670480957,0.9147723700558185,0.9790032153615452
SETD9,10.623469541807939,-0.07394975327154484,0.6880244710137943,-0.10748128356914534,0.914407172850382,0.9790032153615452
GMPPB,22.571012952015145,-0.05793209632130481,0.543945109139528,-0.10650357057709031,0.9151828226126877,0.9791614959883691
DDX17,53.15620091192775,0.042513324874084935,0.40167238726707466,0.10584079518968165,0.9157086686754956,0.9792503485376493
PCGF5,15.16356905587171,-0.05746256003379564,0.5415662537807475,-0.10610439559821484,0.9154995236524603,0.9792503485376493
CENPW,88.44124121724151,0.053795668346010204,0.5131328307484356,0.10483770501985994,0.9165045906118526,0.9796277922368836
GMNN,46.88921723290754,0.06492681606765781,0.6182872062790415,0.10501077073614143,0.9163672621643597,0.9796277922368836
PFDN4,51.463567008608734,-0.058999460033557355,0.5643817358114985,-0.10453821640547022,0.9167422420989473,0.9796450680849587
ATP5D,168.86980628748273,-0.07557733139007312,0.7271147179448816,-0.10394141326651321,0.9172158420459656,0.9799144128911368
NECAP2,13.346734217570159,0.05373623397406242,0.5189701342674,0.10354398148540615,0.9175312448821169,0.9799271454685501
SUN1,18.124782022037856,-0.057966303359878416,0.5607757992493875,-0.10336805446573795,0.9176708651437337,0.9799271454685501
PMEPA1,13.281397321962814,-0.08642007845765384,0.8559141493184881,-0.10096816196631969,0.9195757340548626,0.9807773020797341
MIS18A,34.32899203086659,-0.0487135054054417,0.4801552247953937,-0.10145366100348019,0.9191903408525302,0.9807773020797341
SEC22B,25.53650407987758,-0.053859639965511595,0.5305370121916932,-0.10151909994556813,0.9191383963219045,0.9807773020797341
ATG7,5.1375069407714715,-0.06562125505086414,0.6494021437034209,-0.10104871948318216,0.9195117855134819,0.9807773020797341
ATP5J2,243.39266573267486,-0.049126840192153305,0.48526524364434453,-0.10123708803707118,0.9193622559474772,0.9807773020797341
ACOX3,7.735324463390848,-0.06715004890275104,0.7023058403258342,-0.09561368430539725,0.9238273964928889,0.9811441099759699
SRP14,463.9819923379422,-0.04369167421048732,0.47112616160641224,-0.09273879858743267,0.9261110729990809,0.9811441099759699
SPRED2,8.886130266226132,0.055424216374220785,0.5977981511345234,0.09271393072901725,0.9261308295613101,0.9811441099759699
PPP1CB,56.06441537031897,-0.06833536072661933,0.7347002820895635,-0.09301120796124715,0.9258946571580576,0.9811441099759699
DDX56,18.93011119027353,-0.049694293251509127,0.5128219352815439,-0.09690360304932454,0.9228029474564836,0.9811441099759699
STRA13,251.70065702251168,-0.06215402422432051,0.6337504977653319,-0.09807333397525028,0.9218740618327277,0.9811441099759699
GUK1,246.32745931840554,0.05568963028566053,0.5945901340633473,0.09366053537599968,0.925378820625405,0.9811441099759699
ATP6V1D,38.66821093168807,0.04370048342827029,0.4404669802418438,0.09921398286036336,0.9209683729188427,0.9811441099759699
ROCK1,30.356765678853133,-0.049007713323312864,0.5071662208791949,-0.09663047597759142,0.9230198534099474,0.9811441099759699
PEX1,8.498511811459764,0.05623737028249631,0.5797701344522276,0.09699942604948068,0.9227268502473756,0.9811441099759699
KIAA0319L,9.122919807624589,-0.05036803051263713,0.542941785954729,-0.09276874946006987,0.9260872782369809,0.9811441099759699
MIR4435-2HG,22.331914672597662,-0.08398771629472912,0.8726100150861358,-0.09624885669738578,0.9233229288645708,0.9811441099759699
DGUOK,60.543638117975796,-0.03924535809887772,0.42095277505251194,-0.0932298358027977,0.9257209720631426,0.9811441099759699
SLBP,69.04258189027038,0.04696760492741549,0.5024192840534206,0.09348288654147592,0.9255199447155698,0.9811441099759699
NT5C3A,34.21149988351285,-0.04242182065130364,0.4528392258755308,-0.09367965102688314,0.9253636353076835,0.9811441099759699
PRDM2,14.411387443533176,-0.06183616689322235,0.6616664640501113,-0.09345519268834998,0.9255419449013174,0.9811441099759699
MYLIP,23.024487109482415,0.06581010308221351,0.6920990266541142,0.09508769778273796,0.9242451695455567,0.9811441099759699
ZFX,10.813184901433882,-0.047533731654625024,0.47455734235792285,-0.10016435825952075,0.9202138416592055,0.9811441099759699
NABP2,33.913104789642034,0.04417175206976494,0.47344534703453073,0.09329852399318916,0.9256664046526654,0.9811441099759699
RBM42,44.40841552212948,0.046039518388510677,0.48675215834845115,0.09458513454716388,0.9246443578066655,0.9811441099759699
NAA15,14.636964484161496,-0.050395307761611406,0.5087516208979204,-0.09905680039439735,0.9210931716223749,0.9811441099759699
TDP2,15.352710828742484,-0.05544244395795167,0.5926790888358721,-0.09354547005673942,0.9254702281541478,0.9811441099759699
HMGN3,134.82879979461273,0.041704367947196924,0.4270821189714592,0.09764952943390243,0.9222105936074018,0.9811441099759699
TMEM59,216.9824240363546,0.04509475982132063,0.47128258740281814,0.09568518130455964,0.9237706104984122,0.9811441099759699
UGP2,44.10003166055107,0.05238494159657637,0.5467565974304496,0.09581035115582673,0.9236711961499042,0.9811441099759699
OSTM1,7.3302856366142946,0.053877514861722486,0.5653193930907463,0.09530455795468164,0.92407292241159,0.9811441099759699
TMEM138,22.4093933624132,0.03831283405832259,0.39838201699876985,0.09617109313054382,0.9233846887157747,0.9811441099759699
TTK,20.889842828010664,0.05842176672482107,0.611283321515069,0.09557232247073649,0.9238602480197516,0.9811441099759699
DCK,27.092680871249087,-0.049475322792895085,0.5467120288201255,-0.09049612992724736,0.9278929692068937,0.9813537791620862
TP53BP1,8.532471255045397,0.04921682412416344,0.5500836134039371,0.08947153291771041,0.9287071762707421,0.9813537791620862
CLPTM1L,13.380620423085187,0.05034292186690663,0.5631623045577018,0.08939327341244034,0.9287693691097656,0.9813537791620862
CDC42SE1,36.38160615821694,0.0454587337889517,0.5074432978310769,0.0895838687460298,0.9286179037346319,0.9813537791620862
IPO7,29.01258390063439,0.04488004959200492,0.49314500094330166,0.09100781617203277,0.9274863804252067,0.9813537791620862
CREBZF,15.943654879302093,-0.050735638355429095,0.5507297926059793,-0.09212437575849107,0.9265992217467621,0.9813537791620862
TMUB2,20.609262267245562,0.055256301100981606,0.6118131544681501,0.09031564734664127,0.9280363861824822,0.9813537791620862
PHF20,33.733877705952224,0.04440866485518489,0.49310855167383516,0.09005859806008563,0.9282406494377821,0.9813537791620862
TPP2,12.485107835789574,0.05012053521853634,0.5573678553937832,0.08992361998186266,0.9283479111577009,0.9813537791620862
CSNK2B,45.02678101737347,-0.07688992543298907,0.8583659364940371,-0.08957709313005015,0.9286232882461678,0.9813537791620862
SMIM7,31.162185040196942,-0.04855335060142235,0.531350208589362,-0.09137730599621414,0.9271927934889544,0.9813537791620862
FBXL12,6.845218202316888,-0.05326495014207616,0.6016491026945784,-0.08853158743779531,0.9294541797520215,0.9817594605635857
NDUFV2,159.58113468285052,0.035108828634834825,0.3986364517539241,0.08807229865799451,0.9298192132717297,0.9817594605635857
ARF3,22.743223696386448,-0.044388191212062625,0.503363345905866,-0.08818320120663625,0.9297310687929746,0.9817594605635857
BSG,123.88825485368844,0.05655606616359164,0.6475267512034326,0.08734166744228224,0.9303999347203085,0.9821381649804114
NDUFA10,54.20599102009869,-0.037767412378108114,0.44094116566096575,-0.08565181779182535,0.931743205132685,0.9821804007956605
RASSF1,24.784497977942355,-0.05779628813829305,0.6750704379399153,-0.0856151964151587,0.9317723178246873,0.9821804007956605
CDC37L1,13.101890478920765,-0.05022048644458207,0.5786452555002145,-0.08678976621206125,0.9308386223081575,0.9821804007956605
NOLC1,28.738556425340942,0.04631027139836581,0.5379658387616357,0.08608403742692883,0.9313996128042736,0.9821804007956605
APITD1,8.086940596477055,0.07287050166335184,0.8458368280482155,0.08615196128489924,0.9313456179994842,0.9821804007956605
XPO1,35.24650152691053,-0.03751272093010467,0.43388969826174323,-0.08645681397919522,0.9311032849275308,0.9821804007956605
CBWD2,14.883301971917257,-0.050698994218328304,0.5971503226218035,-0.084901560457563,0.9323396512029996,0.9825442643008975
RPN1,92.95744482851433,0.042757225580904605,0.5072196407809315,0.0842972592998848,0.9328200914098703,0.9828164040747632
RABGAP1L,11.825536195007839,-0.05503698419776014,0.6580700134229203,-0.08363393419415642,0.9333474858564105,0.982978415527504
NIPBL,27.981379424043105,-0.038530071804644045,0.4618358338604606,-0.08342806897977853,0.9335111704861306,0.982978415527504
ORAI1,7.415160629853871,0.05514133421921794,0.6622366368123124,0.083265302995983,0.9336405886572563,0.982978415527504
TACC1,11.260875548929919,-0.0806373450244287,0.9756234931188383,-0.0826521148713323,0.9341281613237091,0.9832577005080356
NCAPG,22.27009171863149,-0.04030471308735595,0.4898545539420812,-0.08227893925453114,0.9344249016669952,0.9833360314235355
SAE1,48.65242565039542,-0.0393665770663926,0.48009505103600736,-0.08199746483835361,0.9346487294346021,0.9833376142457767
SLC25A38,11.79181020470486,-0.04605718903466483,0.5699896156339841,-0.08080355811997848,0.9355981783548286,0.9841024358771479
EML2,14.061766777157178,-0.04470974039846709,0.5602658271315898,-0.07980094132702852,0.936395575643058,0.984706997401152
JUN,674.8474354379282,0.05186155767813477,0.6565209343533116,0.0789945224354797,0.9370369799130769,0.9848148529988769
CENPM,53.25140682918963,-0.04336356862825309,0.5497675370298805,-0.07887618985748922,0.937131101965414,0.9848148529988769
SERF2,1212.6865891743605,-0.03703844320203313,0.4698391710051789,-0.07883217383257488,0.937166112654821,0.9848148529988769
HTATIP2,35.13258865119302,0.04909741520198735,0.6269914329382577,0.07830635734830234,0.9375843605610407,0.9849024620044502
RAB7A,68.00899201893317,0.04022952068725343,0.5146580866296152,0.07816747027275504,0.9376948377799548,0.9849024620044502
BCAS2,34.88171808830636,0.047711155762893746,0.6148693725889957,0.07759559654435069,0.9381497452699833,0.9849124907023821
BRK1,245.7018629473996,0.044007921760429704,0.5665496738041048,0.07767707545383967,0.9380849301341195,0.9849124907023821
RAN,432.45433062988,0.04248169832482436,0.5511522803742755,0.07707796889813458,0.9385615191242981,0.9851109632384363
CDC34,12.075964221156031,0.044483223152680745,0.5813061696859902,0.07652288152508287,0.9390031105208,0.9853406305654802
UQCRB,283.1508763394196,-0.043236623459603496,0.5692134653481263,-0.07595853944382769,0.9394520835897506,0.98557793304494
NDUFS8,164.89521134772278,-0.04368405425965153,0.5963017145665245,-0.07325830731747471,0.9416005684528259,0.9862959459254445
HSPA8,556.1850346753595,-0.03941898073666931,0.5314656287062989,-0.07417032938258594,0.94087485452635,0.9862959459254445
MRPS34,130.58636393540857,0.04266757412202536,0.5744852490073411,0.07427096552218024,0.9407947793635701,0.9862959459254445
TPST2,9.386694238985001,0.0509406361791853,0.6935816903206066,0.07344576261181017,0.9414514026031271,0.9862959459254445
PRKAG1,22.053380868594363,0.04098537290128862,0.5603950617023905,0.07313657043440322,0.9416974405704616,0.9862959459254445
OSTC,93.05104653949009,0.0325916567543685,0.440088513003284,0.07405704941479647,0.9409649909709095,0.9862959459254445
VPS25,45.74670018626959,-0.041220957474426625,0.5600169335242113,-0.07360662688362174,0.9413233979555018,0.9862959459254445
NAA35,8.592713757116119,-0.03523349676628004,0.48955963282432635,-0.07196977529175333,0.9426259612796846,0.9865675879649893
PDRG1,17.26812115370439,0.03196239931130412,0.44295259713081103,0.07215760674694749,0.9424764821019285,0.9865675879649893
PPME1,21.62287487153143,-0.05340484309094755,0.7397148163991248,-0.07219653021270851,0.9424455064589783,0.9865675879649893
ABHD17C,5.05355245858241,-0.04514093753466544,0.6370273041214157,-0.07086185669376222,0.9435077009765481,0.9865973344876364
GRN,55.6342597291179,0.044255249846982536,0.6299462087394185,0.07025242668821112,0.943992746902934,0.9865973344876364
SRSF3,214.59509778942635,-0.04109212961742548,0.5772668564471668,-0.07118394059608782,0.9432513625385465,0.9865973344876364
ATP5S,18.20499074158774,-0.03208414374302241,0.45457110763235253,-0.07058113286199304,0.943731126752478,0.9865973344876364
TGS1,18.08167908512329,-0.033548570615454354,0.4770853654646819,-0.07031984848828467,0.9439390848026163,0.9865973344876364
RPL21,993.964233463643,0.05228614758065171,0.7416349958849747,0.07050118706744676,0.9437947557597985,0.9865973344876364
UBR7,12.877396594225615,0.035107649546183,0.508375467014537,0.06905850463704437,0.9449430506377398,0.9866579586805295
TCTEX1D2,19.734932984013916,0.05186685805609728,0.7465664993493974,0.06947386214261844,0.9446124373601354,0.9866579586805295
RPL24,631.8190774508448,0.04857390333792748,0.6991677828901218,0.0694738867073358,0.9446124178075701,0.9866579586805295
CDC26,33.192467065806646,0.034772291522342305,0.5029385375030511,0.06913825234983383,0.9448795728899717,0.9866579586805295
IER3IP1,46.104368394011836,-0.042111826417882366,0.6220863982136035,-0.06769449796493153,0.9460288292539115,0.9868597905165214
PARPBP,22.98398332988756,0.02820029688527243,0.4143109033497095,0.0680655436708825,0.9457334588885518,0.9868597905165214
RIPK2,10.874279191930903,-0.03698016879246794,0.544338111474671,-0.06793602728327187,0.9458365593649382,0.9868597905165214
TP53,11.198614619345951,0.047249132112668846,0.69512982205577,0.06797166603057646,0.9458081893368732,0.9868597905165214
BNIP1,6.600372183706564,0.03673660705138107,0.5529544940731334,0.06643694453186288,0.9470299576799756,0.9868715182064276
USP7,13.642521552836758,0.03389746856239694,0.5115596053575808,0.06626298911678644,0.9471684488429343,0.9868715182064276
PFDN5,304.25701595644944,-0.031517544655767595,0.47187492128933645,-0.06679215875607467,0.9467471658768682,0.9868715182064276
CCDC130,9.646941548906545,0.03772322004761877,0.5715746242384278,0.06599876629911904,0.9473788076654966,0.9868715182064276
MRPL52,69.97026497919624,-0.03850803194385302,0.578220830265519,-0.06659744846302085,0.9469021770694587,0.9868715182064276
PDXK,14.59356407449143,0.03615620533350486,0.5410793685025233,0.06682236920910475,0.9467231151544718,0.9868715182064276
CCDC12,29.437426484151285,0.028077846605830504,0.43930431181445123,0.06391434331673423,0.9490384313157846,0.9883675492605876
PAK1,12.704410997875053,-0.035735697327246074,0.5652896398321602,-0.06321661465059988,0.9495940146635542,0.9887133537798728
C5orf28,8.626690995703658,-0.03888534446031179,0.6192908638172596,-0.0627901148430087,0.9499336375496914,0.9888341913114345
ZCRB1,62.956422146162424,-0.03197741340023828,0.5178591590106448,-0.061749247539292756,0.9507625209019571,0.9892313878968141
PFN1,544.6752269756018,-0.03006124143927382,0.48564325615367443,-0.0618998432663531,0.9506425923156653,0.9892313878968141
UQCC1,7.611522612783048,-0.03467706561560043,0.5725292485710393,-0.0605681992704303,0.9517031003141029,0.9899771431536398
CNPY3,30.100310329249634,-0.02997550647349685,0.5041093895270979,-0.05946230539688359,0.9525838882632488,0.9904040445078452
MIA3,19.192779790512766,0.025897126616795777,0.4373814420145167,0.059209477424367385,0.9527852609949992,0.9904040445078452
TARDBP,19.809122781946773,0.03998665037322026,0.6716010018018275,0.05953929530471325,0.9525225678483195,0.9904040445078452
PSMG3,27.950130995910314,-0.028524116649950707,0.5402659077707659,-0.05279644012269131,0.957894097917205,0.9909759294124597
UBTF,19.303203983069288,0.025785043099241928,0.4600055956131817,0.0560537596610554,0.9552989804288331,0.9909759294124597
PSMB7,89.13595675890723,0.03364518613548909,0.6607338778888181,0.050920933921221725,0.9593885242907385,0.9909759294124597
NUP98,16.362842158543693,-0.032596864863722735,0.5636914675689747,-0.057827493831515385,0.9538860379076297,0.9909759294124597
ATG4B,12.251197669733502,0.03152496400102734,0.5423867838509968,0.05812266253465314,0.9536509228134263,0.9909759294124597
ZFP36,377.05401114496783,-0.043897145138003975,0.8028140137558067,-0.05467909675945971,0.9563941228138109,0.9909759294124597
RPS4X,2130.6303380665645,0.03983635296427507,0.7597504169401791,0.05243347298802692,0.95818330320291,0.9909759294124597
UGCG,19.11788518765824,-0.026804028985768828,0.5039946172926223,-0.05318316518885806,0.9575859688641115,0.9909759294124597
PIH1D1,51.71567248933526,0.030324774235858,0.5514154777457682,0.05499441974285555,0.9561429094668897,0.9909759294124597
PRKCI,18.77627432358122,-0.027858505881394116,0.5168016359291032,-0.053905606996212864,0.9570103694262965,0.9909759294124597
EEF1B2,356.75143247685696,-0.030579417125651723,0.6038058759188374,-0.05064445104830706,0.9596088414364832,0.9909759294124597
MAPK14,7.391486024264526,0.02874218255986775,0.5559165118100663,0.05170233650064305,0.9587658754734606,0.9909759294124597
GSPT1,61.41022158051565,0.023462143440581576,0.43580754301020624,0.05383601963041772,0.9570658116042963,0.9909759294124597
METTL9,59.686990253959365,-0.022876169380981616,0.44476809326051053,-0.051433926416080696,0.9589797511692687,0.9909759294124597
RPS10,151.79661187601403,-0.0442953264305238,0.8200097617726816,-0.05401804770563584,0.9569207852444243,0.9909759294124597
RUNX1,14.980811800302842,0.025464296497723155,0.4761928823591141,0.05347475243974692,0.9573536464941546,0.9909759294124597
METTL1,6.908419268829638,0.03608789679234489,0.6946418937186849,0.05195180008385691,0.9585670994724363,0.9909759294124597
CCDC109B,25.503651602977776,-0.03287747017502966,0.606365588950623,-0.05422054083235075,0.9567594555374332,0.9909759294124597
DMKN,29.087401642086284,0.05295431869020653,0.9336915070411004,0.05671500521411032,0.9547722208232959,0.9909759294124597
CASP2,8.559160084520208,-0.035634072534173805,0.6416857972861736,-0.05553196390644443,0.9557146657152662,0.9909759294124597
STT3A,26.154707950014455,-0.032158054874472666,0.588314742667681,-0.054661310591425476,0.9564082929308066,0.9909759294124597
CHMP4B,76.29102032755316,0.0279980386031471,0.5506427180964488,0.05084610707272271,0.9594481502381466,0.9909759294124597
TMED10,120.53760011098639,-0.031624849068973046,0.5564716393134863,-0.05683101677560481,0.9546798060441242,0.9909759294124597
SNRPB2,89.12491400431131,0.030014077788652303,0.5743330030079888,0.05225901633975022,0.9583223088916192,0.9909759294124597
LSM5,194.51166284488556,0.02776707513866486,0.5086580635843856,0.05458888225028275,0.9564659962312305,0.9909759294124597
FLNA,24.83632792893904,-0.0371654343025592,0.7201479929488115,-0.051608050937386886,0.9588410041703587,0.9909759294124597
CHEK2,14.862411831005002,0.03216261515457454,0.5798319343264954,0.05546885787160562,0.955764939557345,0.9909759294124597
CBWD1,14.382186928950734,-0.0398607103722442,0.7779129038839957,-0.051240582555226934,0.9591338140992265,0.9909759294124597
TRIM13,13.426269220342244,-0.03269712410685496,0.6666367066772606,-0.049047890371696344,0.9608811308425269,0.9910134418200165
RB1CC1,32.27857876198711,-0.021695746353631775,0.4314512709193934,-0.05028550804219353,0.9598948720666187,0.9910134418200165
MFSD10,44.11170431290388,0.02990792290156726,0.6049342034150378,0.04943996013571051,0.9605686834996269,0.9910134418200165
CCT7,68.77557589083412,-0.02282159706700134,0.4608507379754107,-0.04952058266687427,0.9605044347249845,0.9910134418200165
SARS,29.515776284744163,-0.025368561106673574,0.5131139240364581,-0.0494404067367914,0.9605683275987554,0.9910134418200165
PHF3,19.079975076643088,-0.024522947400629967,0.5013699591924738,-0.04891188024134431,0.9609895211318225,0.9910134418200165
PUM2,14.78834260397053,0.022168328511418894,0.46802698933931397,0.047365491769422556,0.9622219317154264,0.991128925006365
EBP,68.41172910929738,-0.02736091220578295,0.5735662335094185,-0.04770314325927567,0.9619528289981373,0.991128925006365
C3orf14,96.09254610361434,-0.03161463008534393,0.665131851195311,-0.04753137295790174,0.9620897265804179,0.991128925006365
DNTTIP1,20.768141530530578,0.02960981678074773,0.6249607699375529,0.0473786807189616,0.9622114202572936,0.991128925006365
ETFB,56.15521179468167,0.035986275312944904,0.7435179565139987,0.04840000836249792,0.9613974526420007,0.991128925006365
CNPPD1,16.200962555392184,0.02305221683067038,0.4938876151134228,0.046675025097311605,0.9627722357306989,0.9912340778949909
NAA10,35.67779023821297,0.03638767663483208,0.7791116410520251,0.04670405974899596,0.9627490946669006,0.9912340778949909
NDUFAF5,6.83177963874987,-0.02820554842602202,0.6180858181627067,-0.045633709101859876,0.9636022011711626,0.9912752605780029
SEC11A,120.39580698428658,0.02441875248882277,0.5269914984970041,0.04633614120619744,0.9630423337162397,0.9912752605780029
POLD1,10.063254805251452,0.024207550659702252,0.5320331155823915,0.04550008251498291,0.9637087091307738,0.9912752605780029
ZNHIT1,69.91534351112935,-0.023659067513293542,0.5190011984268329,-0.04558576663215339,0.9636404139608237,0.9912752605780029
DNAJC17,9.240239495504678,0.020719225666134457,0.4972449175026048,0.04166804915814131,0.9667633249078113,0.9920973571576198
ZWINT,110.94633205263904,-0.02090253773732513,0.48938416905892035,-0.04271192052967396,0.9659311770338705,0.9920973571576198
USMG5,216.61820330404925,0.01902123934733937,0.4499788740424935,0.042271405269446304,0.9662823401930124,0.9920973571576198
PIGK,14.95218568037717,-0.020811416004704018,0.5205815564964498,-0.03997724418968337,0.9681112682929146,0.9920973571576198
SOCS1,7.754420047651697,0.02343609258184701,0.5667270014863492,0.04135340740847252,0.9670141564988545,0.9920973571576198
ASNA1,58.879572272971494,-0.0195705256819705,0.5002610517807972,-0.03912062634559416,0.9687942161098688,0.9920973571576198
KRR1,38.40466895827486,-0.019013803244039104,0.48158623937335676,-0.03948161656109608,0.9685064099472854,0.9920973571576198
CCDC91,13.404592550706695,0.022200594230552845,0.56600943065326,0.039223011187163474,0.9687125874763549,0.9920973571576198
SMAD2,14.847948491226429,0.01882642420790101,0.45519155377675513,0.041359344328111745,0.9670094235715474,0.9920973571576198
EPS8L1,14.373173795509981,0.022452562287955415,0.5239053523906513,0.04285614221252241,0.9658162100500579,0.9920973571576198
ZDHHC20,17.431743138285377,-0.032980942628472065,0.7611987169544516,-0.0433276382288563,0.9654403597839177,0.9920973571576198
EXOSC8,44.254939856972385,0.02657445889329538,0.6498575169094527,0.04089274679729235,0.9673813998297511,0.9920973571576198
DHX9,26.12044851366653,-0.01615799963223379,0.3844069151133652,-0.04203358211563037,0.9664719271082386,0.9920973571576198
NME1,73.67227383598888,0.04131588526469035,0.9926365548551866,0.04162236929781195,0.9667997405711394,0.9920973571576198
C14orf2,185.28538048236678,-0.016697694889825254,0.42957784287861434,-0.03887000963069578,0.9689940273391177,0.9920973571576198
CNOT10,9.290882058423964,-0.02051328538040748,0.4812485777117478,-0.0426251345571649,0.9660003592160828,0.9920973571576198
DONSON,13.89173032819537,0.028060559484848202,0.672843508314804,0.04170443667522089,0.9667343170847504,0.9920973571576198
MAD2L2,40.044577251128075,0.019788238695865483,0.5050948934183771,0.03917726936802469,0.9687490561370568,0.9920973571576198
ID2,79.27147547412264,0.03299929649986144,0.8132688930694282,0.040576120371844,0.9676338216571864,0.9920973571576198
RAD1,27.689625979650565,0.01817597222763957,0.4634750523107424,0.03921672188615079,0.9687176017545716,0.9920973571576198
CSRP1,41.70229505963635,-0.027106191419743117,0.7066494612286123,-0.038358751979538884,0.9694016479123349,0.9922850008600457
NUP88,7.0339622316831,0.021590432165577347,0.5702218643152359,0.03786321345552878,0.9697967434140352,0.9924597399630445
KCTD20,14.182778029705961,0.01883617585583556,0.5034108750043524,0.03741710159851573,0.9701524371148018,0.9925940849777396
CCNI,219.59763368850196,0.01682589341790554,0.5280762519650521,0.03186262089100548,0.9745816077018133,0.9926081110016537
RAB8A,36.142234300947635,0.01676082290648441,0.5151971803293744,0.03253283120798318,0.974047134361754,0.9926081110016537
NAGA,7.27043356987865,-0.02092928554283083,0.5749826685773625,-0.03639985461581761,0.9709635301037524,0.9926081110016537
PPP6R3,14.168423700416346,0.015812825877066238,0.5001128202156527,0.03161851733824303,0.9747762760719534,0.9926081110016537
ESF1,24.834615469849947,-0.015594811571856222,0.482603491803466,-0.03231392196019793,0.9742217068844147,0.9926081110016537
TIMM9,28.115057404251026,-0.015581730009370322,0.45461238878023835,-0.03427475888014701,0.9726580525359885,0.9926081110016537
DDX1,24.92698534638337,-0.022487251618037093,0.6884501565626872,-0.032663587049369065,0.9739428617117858,0.9926081110016537
SIRT7,18.622307564699884,-0.023136004290714086,0.6938118747418801,-0.03334622126397218,0.9733984949983823,0.9926081110016537
TMEM192,8.408339460781837,0.021266530737721744,0.5928068350676348,0.03587430083409108,0.9713825876367119,0.9926081110016537
VPS13B,6.778106562154116,0.022244677191731173,0.6248088810995054,0.03560237036417629,0.9715994182442469,0.9926081110016537
PRPS2,26.611249173084378,-0.01322181014620173,0.4198765017676389,-0.03148975970443501,0.9748789586685922,0.9926081110016537
ATN1,10.611702719202395,0.025128624757128928,0.7583394536101806,0.03313638059776609,0.9735658311484342,0.9926081110016537
TEFM,6.156648861837365,-0.020626804775144624,0.6242510120122037,-0.033042485119337515,0.9736407078980792,0.9926081110016537
YAF2,16.07442562054988,0.019292267054273827,0.5356814345554439,0.03601444031803018,0.9712708447153334,0.9926081110016537
DNPEP,20.728578130315576,0.01863073154543985,0.5398091576756393,0.03451355220734268,0.972467635688324,0.9926081110016537
RPS17,561.4016725960071,0.03161517206606993,0.9446212877369521,0.03346862120989357,0.9733008884537242,0.9926081110016537
PGAP2,16.952858543234164,0.015398679183512036,0.48225711709042063,0.03193043428040247,0.9745275279624581,0.9926081110016537
BSDC1,15.764184834162503,0.018113884946237325,0.48878547084112584,0.037058967638841776,0.9704379886187231,0.9926081110016537
FNDC3A,11.419542779099562,-0.022409725396187987,0.6343411964919161,-0.03532755797687431,0.9718185489538378,0.9926081110016537
ATXN10,40.81089070566977,0.019615968803110877,0.5510918662261813,0.03559473475346125,0.971605506721094,0.9926081110016537
KLHDC10,6.894982453181358,-0.018029185181088387,0.5347596761576058,-0.03371455624820668,0.9731047713641627,0.9926081110016537
UBA6,14.544569707467918,-0.018667873199201428,0.6064549529978743,-0.030781961804287317,0.9754434259980699,0.9927257876643956
PMM1,21.16299751591607,0.01599813104782963,0.5155417153500926,0.031031690688629657,0.9752442663219422,0.9927257876643956
ACOX1,9.99059872155007,0.01571809158889439,0.528630826892405,0.02973358871500995,0.9762795238365122,0.9927619248773576
H2AFV,243.57178573867873,-0.014464608838167445,0.4761059804438772,-0.03038106940955033,0.9757631423092749,0.9927619248773576
DNAJB9,19.247782718001627,0.016308768254020178,0.5614263417078124,0.029048812003388116,0.9768256606525572,0.9927619248773576
MGA,8.561600263010547,0.016791875673104847,0.5677890675351155,0.02957414404965861,0.9764066863505785,0.9927619248773576
PAFAH1B3,149.97232614471488,-0.02025751542847435,0.6760589779103667,-0.029964124566599765,0.9760956647634809,0.9927619248773576
APEH,33.069568030682724,-0.012266789149564793,0.421163666437465,-0.02912594349205615,0.9767641446577071,0.9927619248773576
ORMDL2,51.94159915651541,0.012340549590554766,0.44566912035497314,0.02768993638313012,0.9779094502303785,0.9931787596714039
UFM1,51.703540365055005,0.01577566536019112,0.5672671413830221,0.027809940342621218,0.9778137377831377,0.9931787596714039
TELO2,15.04642947321328,0.013872871325570671,0.4997659210967397,0.02775873812109189,0.9778545754793997,0.9931787596714039
SCRN2,15.260437605557252,0.019289309874195866,0.7083830780234667,0.027230054574449995,0.9782762445051553,0.9933231931694908
LMAN1,55.91053405270727,-0.016404068753394188,0.6115560408045885,-0.026823492303031323,0.9786005158092463,0.9934243932578142
KPNA4,16.293425961295526,0.015743829473926014,0.6029585676971828,0.026110964031997738,0.9791688320121813,0.99354524982562
ERH,280.96812271337853,0.012723167423291373,0.4830454507838909,0.026339482967170258,0.9789865629720222,0.99354524982562
CENPN,39.10270890375146,0.0138779743804545,0.5510018512671743,0.02518680172950133,0.9799059643120726,0.9939952031564717
LEPROT,30.245334696973327,-0.011785219438021691,0.4723680412227349,-0.024949231128158875,0.9800954586775383,0.9939952031564717
HMG20B,77.34723337884559,-0.015577993929045965,0.6377103597494346,-0.024428008249962854,0.9805112076354705,0.9939952031564717
NR1D2,7.7438904377048114,0.015429527664548947,0.629699438077732,0.024503003705466674,0.9804513878249891,0.9939952031564717
MRFAP1,62.58239322489592,0.015405148168393933,0.6470719807895681,0.02380747216035581,0.98100617981782,0.9940413134786295
RPRD1B,9.234047303784802,-0.011852850862433104,0.4976102355524295,-0.02381954794252671,0.9809965474692254,0.9940413134786295
AKTIP,15.249039833440893,0.017171823483210003,0.7419910453748314,0.02314289854338514,0.9815362867496287,0.9940617295267471
SMC5,22.593812519521055,-0.01138638526284008,0.5000771155440525,-0.02276925879812038,0.9818343295900587,0.9940617295267471
SNRNP35,16.51557585724461,-0.01260593997772696,0.5400597105415349,-0.023341752276033675,0.9813776672761093,0.9940617295267471
XBP1,576.6725168315049,0.019129789180501757,0.8443888910203424,0.02265518812947161,0.9819253213435131,0.9940617295267471
PCYT1A,6.512402184088809,-0.013180347348116083,0.5921592062406147,-0.022258114387502154,0.982242060473621,0.9941548360354293
WDR75,7.568201589047381,-0.013819276552784946,0.6351635947451328,-0.021757034986128417,0.9826417671801687,0.9943318545499626
MSTO1,6.776862677711792,0.014464452985620147,0.6828873510982114,0.02118131630694079,0.9831010183668282,0.9943553668075802
HDGF,48.35011909176683,0.009635816229498464,0.4552873975432172,0.021164249837562887,0.9831146323874176,0.9943553668075802
HPS1,18.34816549758498,-0.009863589237105633,0.4769472418999881,-0.02068067150952085,0.9835003876242485,0.9945181103022521
RELA,13.812784694008585,0.010904454072303105,0.5416382227756894,0.02013235701206967,0.9839377882088196,0.9947329913708821
EIF6,84.72746580479324,0.009291337420475821,0.4758855179875403,0.01952431219123396,0.9844228424141492,0.9949959396704255
SNRPE,182.34106953171263,-0.009277847021745889,0.5181506530964674,-0.01790569396429685,0.9857140866165165,0.995728474329135
PRIMPOL,8.006192410197878,-0.011045293464446958,0.621597355872576,-0.017769209215734147,0.9858229683670093,0.995728474329135
GFM2,6.588176296861593,0.011078410325230804,0.621655519800913,0.017820818720919097,0.9857817964589524,0.995728474329135
BCL10,13.516414106892904,0.010661093425282542,0.6664053377248097,0.015997911213737927,0.987236058092457,0.9969281015851453
TMEM70,31.508541075387967,-0.008525041467534371,0.5507595311274224,-0.015478699842167666,0.9876502775219095,0.9971187348731808
ZNF384,5.268177738344005,0.008864954303581401,0.6250609458682117,0.014182543897808157,0.9886843465393081,0.9971744987732379
PSMA4,122.68185414909003,-0.00821392543367692,0.6080195169281202,-0.01350931212730786,0.9892214562776429,0.9971744987732379
DAZAP1,33.24834056182128,0.006034743020455476,0.43457639969360556,0.013886495043702835,0.9889205360863741,0.9971744987732379
SPCS1,252.96490786574117,-0.007755077332522136,0.6064895651265774,-0.012786827306589543,0.9897978659243513,0.9971744987732379
AKT2,15.20706598504311,-0.006027863820706647,0.5015530251372462,-0.012018397893337734,0.9904109367196098,0.9971744987732379
BANP,5.790594013325087,0.009153256902936308,0.7181946687831908,0.012744813211220733,0.9898313855909826,0.9971744987732379
DDX39B,9.804614781370962,-0.006978858504718396,0.5676933568194996,-0.012293359471066263,0.990191565330965,0.9971744987732379
CTAGE5,6.615089918949302,-0.007106084554847254,0.5805317842739633,-0.012240646847156545,0.9902336207553812,0.9971744987732379
NIT2,46.69013968153177,0.006480724425059596,0.45157223810723923,0.014351467778939404,0.9885495784993067,0.9971744987732379
SEPT11,25.721172033410927,0.00939261766331421,0.6216555999223615,0.015109037326273986,0.9879451910418602,0.9971744987732379
DDIT4,51.61176922479986,-0.009145691607344162,0.7001546885203972,-0.013062387151432642,0.9895780193422241,0.9971744987732379
ARL6IP6,22.248996800204903,0.009266979938443097,0.6374901625718337,0.014536663438157564,0.9884018291556528,0.9971744987732379
APIP,22.031773994982935,-0.005798572372993517,0.5168307953347924,-0.01121947922866578,0.9910483385445482,0.9975891673606139
ESD,59.836653613434876,-0.006326901809209445,0.6141113301022622,-0.010302532291915028,0.9917799139636624,0.997871373853794
EAF1,7.2150611571658585,0.0068157998629409175,0.6583156868092821,0.01035339123692414,0.9917393365608538,0.997871373853794
C4orf27,24.130348213019182,0.005780076059717734,0.5894413577985907,0.009806023929682854,0.9921760502932069,0.9980429089030827
GGPS1,29.075862305662827,-0.004385358026538066,0.5034000861755406,-0.008711476511366445,0.9930493353040141,0.998694226932618
SWI5,26.787736592882272,-0.0024076568631038043,0.4479746861977794,-0.005374537752431912,0.9957117599506635,0.9987621394349459
UBXN4,117.61491591738745,-0.0014928648912598886,0.4734082260242412,-0.0031534409610859725,0.9974839223138059,0.9987621394349459
WDR61,44.17783120952992,0.002343849154726294,0.42550632374519326,0.005508376782973184,0.9956049734355986,0.9987621394349459
NPM1,541.0273560706837,-0.002867930191779084,0.6040467862583109,-0.004747861021733273,0.9962117692264261,0.9987621394349459
ZDHHC6,23.42006629334978,-0.0016265958445389611,0.4403080595769594,-0.003694222281785546,0.9970524437815442,0.9987621394349459
MREG,7.034971000634178,0.002891432116937481,0.6260947759820338,0.004618201952575392,0.9963152210614066,0.9987621394349459
ZNF292,28.544436551183036,0.0035030026514086096,0.48742599369758377,0.00718673746723076,0.9942658624929936,0.9987621394349459
RASA2,9.557311942696941,0.002558839548808741,0.6516216480173799,0.003926879281242805,0.9968668117018546,0.9987621394349459
TMED9,88.17062248993753,0.003412952447153045,0.4510152471259156,0.007567266226368191,0.9939622527343258,0.9987621394349459
ACSL3,51.571624407400215,-0.0022229939955895226,0.4796548722358004,-0.004634569821479244,0.9963021615312753,0.9987621394349459
EIF1B,47.706381415409325,-0.0024771316288753733,0.4921201985410199,-0.005033590647608616,0.9959837926966759,0.9987621394349459
TOP2B,15.167911587480308,0.005014866428768881,0.6604793466322272,0.007592767971231196,0.9939419058703665,0.9987621394349459
PMVK,62.84020748748826,0.0022384041416129933,0.6383586250601865,0.003506499409171372,0.9972022239923192,0.9987621394349459
DTYMK,79.66159705769374,0.0029134621099072312,0.48998076982955646,0.005946074395778229,0.9952557469983837,0.9987621394349459
PMF1,16.44004719263601,0.0025039148979613284,0.8440656082069042,0.002966493212868292,0.9976330843372351,0.9987621394349459
ZRANB2,30.996028701307512,0.0033471837173148947,0.6425159666227841,0.005209495002759985,0.9958434431684139,0.9987621394349459
C5orf51,16.71092415207228,-0.003722135117877109,0.6480745493675402,-0.005743374927328288,0.9954174750120628,0.9987621394349459
TCEA1,111.04996951647176,0.0014413946875838453,0.4679676828058973,0.0030801158724067363,0.9975424269858025,0.9987621394349459
SNRPG,278.2356414870666,-0.0018987996812429196,0.6162602194814659,-0.0030811654252818864,0.9975415895677414,0.9987621394349459
BPNT1,7.915884928580802,0.004256063821176262,0.5226041531949147,0.008143953306067365,0.9935021372206174,0.9987621394349459
DENND2D,12.758985469983376,-0.0010060500827652756,0.536627150904838,-0.001874765525875678,0.9985041544080312,0.9990624114701493
DDX19B,5.604892922749249,0.0012724432159445743,0.7307481579479699,0.0017412882976232883,0.9986106536535224,0.9990624114701493
MMS22L,8.837713240861076,0.001112277114822853,0.5429266341820679,0.002048669276464076,0.9983653995575337,0.9990624114701493
MARCH6,24.789524077462307,-0.0003784250476698528,0.544217018642694,-0.0006953568791613038,0.9994451855265799,0.9996712020769024
C1GALT1C1,16.212469175192574,-0.00010439657126652785,0.5623344940643407,-0.00018564852835540818,0.9998518739063403,0.9998518739063403
TPRG1L,4.197528202413681,0.7505225902527946,0.6016350039031467,1.2474716154873466,0.2122246216560849,
KLHL21,3.3339809844378494,1.2335690022517838,0.684336006257145,1.8025779602019947,0.07145452093165683,
PLEKHM2,3.4771942842755417,0.376090928013247,0.6524816898191113,0.5764007387203639,0.5643443452184713,
SZT2,2.58741434842237,0.4310842870732484,0.7916084858875789,0.5445675416047387,0.58605098365816,
USP24,4.559698179350276,0.2008710667983508,0.627389788581706,0.32016948706233367,0.7488398524972407,
AGL,17.742020383476593,0.892964156563115,0.7527947808340697,1.1861986550620645,,
STRIP1,4.552348859783562,-0.14418133388013907,0.6781617308002936,-0.2126061193544374,0.8316341980131914,
PHTF1,4.311509438761379,0.03268059477199585,0.6259114321973062,0.05221281013716001,0.9583591258438013,
SLC30A1,4.36002120819475,-0.6716787495972367,0.633514737172638,-1.06024171212642,0.2890346490778204,
FLVCR1-AS1,3.029070205480503,0.0415350641288569,0.8086152460445113,0.05136567030121337,0.9590341397763188,
IBA57,4.499137606058109,-0.23447824075807253,0.7165584693593218,-0.32722834323306593,0.743495185088366,
RBM34,4.4576869883269925,-0.6919762894227884,0.622759346034173,-1.1111455714464977,0.2665056948801905,
ZNF670,4.083702815191708,-0.13287008020411972,0.7014019329361966,-0.1894350071832584,0.8497518893897569,
HS1BP3,4.73451830933746,0.4509765313520778,0.632805757089736,0.7126618655084809,0.4760550194168327,
RBKS,3.884108897285519,-1.8638539415446171,0.7180644038673073,-2.595664026104604,0.009440832936538461,
MAP4K3,4.680062097326901,0.12108073601278385,0.5736077629152292,0.21108629248219885,0.8328199362632988,
CEP68,4.642415874591655,-0.9379698375564451,0.6571648512485704,-1.4272976343368997,0.15349412221328546,
FBXO48,3.529554049792754,0.3867482097675264,0.6942376069182339,0.5570833471328742,0.5774704848022121,
ALMS1,3.552572071683096,-0.17003734784736083,0.6348172955951199,-0.26785241836858986,0.7888129203657749,
RP11-440D17.3,2.7997165651835716,-0.6152025361345079,0.8042677757606557,-0.7649225229155368,0.4443176812905547,
LIPT1,3.444529973725493,-1.318255948272921,0.7981847718827442,-1.6515673998182678,0.09862277033643277,
DBI,709.8715640239586,2.3280735620690116,0.6775572774438965,3.435980454452107,,
STK36,3.56046917545479,-0.9162775385446519,0.7838599579087363,-1.168930150468705,0.24243177475744326,
ATG9A,4.59713166808603,0.07473474510193345,0.6690268939576449,0.11170663806926841,0.91105601585854,
RHBDD1,2.9143842113803586,-1.8173884614912248,0.7676051974516359,-2.3676083324145702,0.017903477752935673,
SLC6A6,4.292528089032551,-0.5168873559867345,0.7670400371866037,-0.6738727197117449,0.5003922372553552,
MON1A,3.553330973059861,0.4426076482818122,0.7459371575941405,0.593357823478519,0.5529417086737802,
FAM131A,4.168063099312674,-0.942770938246696,0.6510502824569719,-1.4480769975074914,0.14759551786530647,
MXD4,4.60907524291431,0.3439237226566245,0.6204170816891801,0.554342768448992,0.5793442858736768,
KLHL5,4.068250278742512,-1.5594791906656007,0.820066135291436,-1.9016505176273266,0.05721685888473584,
HELQ,4.158845558844409,-0.37373111045840796,0.6733223634006532,-0.5550552465996489,0.5788568725952701,
OTULIN,4.616438703649097,-0.06286818735895944,0.6448407722066035,-0.09749412578833773,0.9223339989508617,
TTC33,4.302516995705463,0.17133842570961835,0.679937921573486,0.25199127784064995,0.8010478055853973,
CEP120,4.608618119648757,-1.9836795631524906,0.6844329068412612,-2.8982819839966583,0.003752130718478572,
JADE2,3.875962555754259,-2.157171020652699,0.748130069352896,-2.8834170808273614,0.003933861994884362,
RPP40,4.21179923168119,1.0392326456120902,0.6941172690850017,1.497200389470249,0.1343411240735879,
ZNF165,4.31252168448733,-1.3653778964756664,0.7830341003934408,-1.743701705697904,0.08121111780194122,
HLA-DRA,26.61370362672388,-0.08663509620942968,0.9454866130825927,-0.09163016695389392,,
SUPT3H,3.9088145628481654,-0.6891475792648644,0.7208693927098645,-0.9559950612887687,0.3390747296343777,
FOXK1,4.283751272844471,-0.8280632506315712,0.6959796908881037,-1.1897807672734277,0.23413257073607163,
ZNF316,3.834665252380425,-0.4294710089333608,0.7152901021084227,-0.6004151429852475,0.5482295982499235,
AC004951.6,4.752235247225839,0.03265162921490657,0.9277798796166015,0.03519329307766367,0.971925610268666,
CPSF4,10.075217464982185,1.0560088088689241,0.8143551484599323,1.2967423499022448,,
GNL3L,3.8354450936986497,-0.27204381586309123,0.7135356212704822,-0.38126171665922576,0.7030090578219808,
MTDH,311.869936826749,2.3290323599699048,0.6503677957290278,3.5811003793002745,,
OXR1,54.93013692166481,2.1254170675226343,0.7415465099835025,2.8661952270126916,,
FAM91A1,20.688634573931413,2.165905359046731,0.6722833006377023,3.221715245629686,,
GALT,4.44706255018407,-0.5920481051349779,0.6537538245189144,-0.9056132185087488,0.36514060981720475,
ERCC6L2,4.24600867490483,0.1028464377935488,0.6454872420885113,0.15933148029507635,0.8734077198649539,
DFNB31,3.634281336481932,-0.42504775026713204,0.7165729926125579,-0.5931674158098644,0.5530691168318963,
TRIM32,4.573512457237717,-0.22288039080466612,0.610054170398141,-0.3653452457495819,0.7148537079251678,
ST6GALNAC6,4.219156794856767,-0.7852001964114244,0.6896353019272126,-1.1385730895984472,0.2548812577986993,
ST6GALNAC4,3.7613120254273675,-0.6815657833018424,0.7838146959254401,-0.8695496357045543,0.3845465714933667,
ZER1,3.9341585765284988,0.12689302442243985,0.7189652316214418,0.17649396499503203,0.8599058894993623,
ABL1,3.1050466815529805,0.40204298343575195,0.6895680950966746,0.5830359413298946,0.5598691053313308,
ANO9,4.292848870345424,-0.7041760693923806,0.6804023282890963,-1.0349407109806112,0.30069660063257386,
TRIM21,3.835716484995507,-0.8281777768833272,0.7960548331135325,-1.0403526772699252,0.29817607896392484,
TCP11L1,4.50567304004174,-1.7633601039346387,0.8187926351356151,-2.153610118442964,0.031270760093961715,
PANX1,4.66088687634908,-0.715191420715842,0.7201247892958176,-0.9931492865496273,0.32063720820461483,
MTMR2,3.9969245695577804,0.8412053927827269,0.6962027284021768,1.2082764954302019,0.2269409263429535,
SEC61A2,4.256707237407794,0.5556355204946004,0.7359036238917916,0.7550384350006976,0.4502259210519728,
ZEB1-AS1,2.633275403539939,-1.5401112196087254,0.8186141118406848,-1.8813641217908241,0.05992240391997425,
C10orf54,4.670481372931464,0.22618579182171483,0.9238520494435559,0.24482901992580794,0.8065888229476653,
CALHM2,4.362107539034843,-0.9855955548265509,0.7413277649694782,-1.3295003929430995,0.1836829362444239,
CSRNP2,3.70479658407409,0.17077306140931645,0.6529786304065168,0.2615293264696892,0.7936843369876398,
MAP3K12,2.923028022772164,-1.1814185622203286,0.8357572010439638,-1.4135906465951968,0.1574821291549512,
DGKA,4.47853752314582,-1.5224014422988426,0.9008489180242475,-1.6899631135016417,0.09103501175156865,
IKZF4,3.5177809734111265,-1.6451629096468192,0.8270162104435064,-1.9892752873182047,0.04667082584574166,
THAP2,4.702260039765838,0.6639395768651407,0.697466041994578,0.9519310430747855,0.3411319547120478,
KLF12,3.4059961047972487,-1.0777576047979907,0.7818162370596348,-1.3785305979975218,0.16803952752569995,
TTC5,4.460741969841471,0.21062610683932131,0.5856236512605162,0.3596612028663162,0.7191005086932633,
NOP9,3.8724688070317135,-0.310497188546184,0.6836767581708301,-0.4541578821209543,0.6497151949838771,
PCNX,4.0876648791618795,-0.3944087820837619,0.715694604110047,-0.551085309039324,0.5815751957205514,
DCAF4,4.068775124394806,0.2271517664857422,0.7107060629942937,0.31961422353528735,0.7492607907104085,
ZNF410,4.551269680523296,-2.069200311400494,0.9019950594445721,-2.2940262141509518,0.02178899303765357,
LACTB,4.181135383584692,0.5218528236885215,0.6128280356734821,0.8515485475709655,0.39446470731673977,
TBC1D2B,4.116095212283498,-0.3225725997464781,0.7483675190973809,-0.4310350082210123,0.666442915706354,
FLYWCH1,3.7632994483995192,-0.22505595173287568,0.6202067767928756,-0.36287244859956674,0.7167001687872578,
NPIPA1,3.6755483917461995,-1.1318672630964086,0.794020551755492,-1.4254886231772903,0.1540160064339872,
KIAA0556,4.368512791684353,-0.612416540429107,0.6822168424668218,-0.8976860468801612,0.3693529503209215,
MON1B,4.647063506823548,0.8712465027902937,0.61133010485923,1.4251653826060375,0.15410940042133725,
TRIM16L,3.7169669555156206,-0.1370832868245737,0.8387496264532274,-0.1634376725796588,0.8701738432110642,
NLE1,4.416751760674023,0.21360086392165056,0.5952067646942981,0.3588683405360107,0.7196935847431809,
ORMDL3,45.92306777738578,2.7630589228466538,0.8797597396781985,3.1406971679078364,,
DHX58,4.376830308428952,-1.8797701715457802,0.8117884131097424,-2.3155912811626465,0.020580595350181384,
KIF18B,4.432789322429011,-0.6592096310950332,0.6433945538756164,-1.0245806824508406,0.30556108324917164,
ITGA3,4.448034224991259,-1.617773062387997,0.6592170078675965,-2.454082711884348,0.014124448933929182,
POLG2,4.15150980067116,-0.8751969617406983,0.7079674867811273,-1.236210670803405,0.21638026526470355,
C17orf89,275.13312353096023,3.338251005451132,0.8600347155443755,3.8815305302392615,,
METRNL,4.51007789420581,-2.008681827810835,0.7073085438484343,-2.839894760611383,0.004512841923028224,
NAPB,4.078021470278555,-1.4710668676925964,0.7125328506981463,-2.064560063793875,0.03896464524436453,
GMEB2,4.677292316123103,0.11988192117986325,0.639783569795236,0.18737886816667032,0.851363589918724,
ZNF790,3.183842642516094,-0.9587636400053418,0.8180187490858819,-1.1720558252200688,0.2411746438574479,
FTL,745.386924216941,1.3690374192387968,0.528157681674889,2.592099796593543,,
PRR12,4.66206745331983,0.11701615727970144,0.7040936872772805,0.1661940156461296,0.8680042687804053,
PPP1R12C,4.5331401061569965,0.32230040412452354,0.6767890286498034,0.47621990085671756,0.6339177230343878,
DGCR14,3.823425897465801,0.03459533337013736,0.6875143430146345,0.050319435109444616,0.9598678364097972,
MTMR3,3.5090799951966316,0.34259596718813823,0.6582732693545554,0.5204464211710397,0.6027524623450775,
