,baseMean,log2FoldChange,lfcSE,stat,pvalue,padj
IFI27,9.924924638968728,-4.111913196282834,0.9581422213936149,-4.2915478563318805,1.7743195224696648e-05,0.14256657363043757
YBEY,3.316376912728225,0.36816808692021785,0.5719332850998805,0.6437255821820586,0.5197533979121942,0.9999225138543825
MCM3AP,2.462166973516644,0.4534048956122154,0.5561655440677827,0.8152337023541981,0.4149385498056508,0.9999225138543825
SPATC1L,2.1210954033127303,-0.12386525490131065,0.5684752908417409,-0.2178903056945597,0.8275145806240649,0.9999225138543825
COL6A2,2.0684710675830793,0.1863431763146317,0.586560114107892,0.3176881138569127,0.7507215282653317,0.9999225138543825
COL18A1,0.8835986778362183,-0.12828474645896623,0.7895946059903736,-0.1624691271770545,0.870936438191394,0.9999225138543825
POFUT2,1.5966526403861074,0.4267314919271611,0.6548895414338969,0.6516083475586156,0.5146538613061259,0.9999225138543825
FAM207A,3.35037963801242,-0.24537973449436945,0.5574052359570892,-0.4402178498970174,0.6597793327905322,0.9999225138543825
ITGB2-AS1,3.9500682880381106,0.01145288694673097,0.47118635969642064,0.024306490862999342,0.9806081357019236,0.9999225138543825
ITGB2,73.73726242418142,-0.5001824933184393,0.5806002471162127,-0.8614920434546818,0.3889671014580012,0.9999225138543825
PTTG1IP,5.626977349504751,0.270072169590593,0.5712894507311506,0.4727413909795601,0.6363976926811206,0.9999225138543825
SUMO3,10.540341761795903,-0.22570269246426922,0.484452952734989,-0.4658918707999612,0.6412929002342185,0.9999225138543825
UBE2G2,6.3361162001659075,-0.02482048889464988,0.38134455087534774,-0.06508678002000111,0.9481049061291001,0.9999225138543825
C21orf2,2.654282582907982,0.452435096137988,0.5506787706028147,0.8215953116237227,0.4113072585128036,0.9999225138543825
PFKL,4.572493334024311,0.20287215989237398,0.4848169315148669,0.4184510620503214,0.6756173598174826,0.9999225138543825
TRAPPC10,3.948171323771054,0.6409907149304535,0.5478540850579553,1.1700026200637814,0.24199991445902125,0.9999225138543825
RRP1,1.860078353568233,1.092176576373182,0.6109415223637487,1.7876941350254316,0.07382536849177877,0.9999225138543825
RP5-832C2.5,2.017953626861687,-0.1837907809487546,0.6136268344528129,-0.2995155534758281,0.7645467064642558,0.9999225138543825
SSU72,13.874631476079708,0.1373414958070231,0.36470299858870386,0.3765844984507814,0.7064824095349928,0.9999225138543825
MRPL20,15.013388018058693,-0.203207016314237,0.31498873791678295,-0.645124704007425,0.5188463758553046,0.9999225138543825
CCNL2,7.266732490700241,-0.114554934650624,0.5105717280944341,-0.22436599668016907,0.8224725269519582,0.9999225138543825
AURKAIP1,16.147328074203994,0.015983760650868595,0.478426980025599,0.03340898677999589,0.9733484432504075,0.9999225138543825
CPSF3L,5.4430153687887195,0.2108699289186492,0.4461317831869603,0.4726628697294136,0.6364537208335177,0.9999225138543825
PUSL1,1.8743258114864367,0.01355231898269402,0.6510045576026019,0.02081754854774285,0.9833911990555732,0.9999225138543825
UBE2J2,5.10187323328921,0.41254678794336236,0.4312229275015515,0.956690290874847,0.33872360012806013,0.9999225138543825
SDF4,14.360283094302376,0.10949885301730582,0.4320256579763064,0.2534545136282417,0.7999170066458297,0.9999225138543825
TNFRSF4,8.387967375083106,0.23824305528106618,0.4687627142979022,0.5082380659005676,0.6112863983329933,0.9999225138543825
TNFRSF18,31.952144061779013,0.5110377045391407,0.45533273487907117,1.1223390399876783,0.2617183129555496,0.9999225138543825
TTLL10,1.5929224236753623,-0.5546227819027295,0.673375177411533,-0.8236460156353105,0.4101407217037897,0.9999225138543825
ISG15,53.42627185374036,-0.060801162557986586,0.547808026252507,-0.11098990822372665,0.9116243493574507,0.9999225138543825
HES4,2.526138010899781,0.6981731400092681,0.8146996662891424,0.8569699594813407,0.3914614869698956,0.9999225138543825
NOC2L,5.401567547389304,0.1405609629504951,0.433816985112237,0.32400981928849376,0.7459306002037672,0.9999225138543825
PCNT,2.1865526994910898,0.022903950454621114,0.584914489021893,0.039157775853563836,0.9687645977855261,0.9999225138543825
VAMP3,3.2175730981582418,-0.17114161662793734,0.4665821377177674,-0.36679847510892033,0.7137693451699758,0.9999225138543825
CAMTA1,9.03408046290558,-0.2796057787518059,0.34255379462365687,-0.8162390349784093,0.4143634351300257,0.9999225138543825
DNAJC11,1.1071365027157187,-0.19440399254633284,0.7751233337917601,-0.2508039483153532,0.8019656888138019,0.9999225138543825
THAP3,1.6980087098754917,0.17631297707373392,0.6605849967094433,0.2669043014176793,0.7895428447018028,0.9999225138543825
KLHL21,2.003004557403149,-0.5825618064352764,0.6808990037444964,-0.8555774104993104,0.3922315693226692,0.9999225138543825
ZBTB48,1.824847036266512,-0.3361064502206129,0.6474718319675103,-0.5191059033398668,0.6036868918825642,0.9999225138543825
NOL9,2.1293501099826067,0.0726968430858459,0.5511125252717487,0.13190925582756396,0.8950560675142631,0.9999225138543825
TNFRSF25,2.9153229239553924,0.7503079987179156,0.5600432308872423,1.3397322873258346,0.1803323966382454,0.9999225138543825
ACOT7,1.4775745568401224,-0.27161890075371625,0.6213479695699812,-0.43714458573300985,0.6620064944280509,0.9999225138543825
ICMT,2.353349470457807,0.1021512308918493,0.5981393414029462,0.17078166209942286,0.8643954487530566,0.9999225138543825
RPL22,178.11800900066333,-0.1935650333198421,0.2914247272172917,-0.6642025032265585,0.5065607115466089,0.9999225138543825
KCNAB2,6.42976267408834,0.03372769319721637,0.4193085797449813,0.08043644901740185,0.9358901386843949,0.9999225138543825
C1orf174,4.401422531960226,0.7173612804166756,0.4277334205403628,1.677122352306306,0.09351855870666521,0.9999225138543825
LRRC47,2.4080523606420323,0.3737220497425583,0.5232399227888114,0.7142460532267125,0.4750750440903567,0.9999225138543825
TP73-AS1,1.2870510211016544,-0.8259131457053174,0.7248806631962339,-1.1393780902688153,0.2545454902610387,0.9999225138543825
WRAP73,3.5645797565247292,-0.40880521383109836,0.42990615013011163,-0.9509173425580745,0.3416463373591342,0.9999225138543825
PGD,4.727461148459876,-0.1688474746740813,0.46378949784085494,-0.36406058235501426,0.7158127706634231,0.9999225138543825
KIF1B,2.086468928849205,-0.48145549185193387,0.6620928035570052,-0.7271722170447685,0.4671204635354824,0.9999225138543825
UBE4B,1.858486506834937,-0.4847754256658311,0.5629755573200245,-0.8610949789250968,0.3891857343869358,0.9999225138543825
LZIC,3.5763259860229644,-0.35094298760287923,0.4622732031128383,-0.7591679232966831,0.4477521116460035,0.9999225138543825
CTNNBIP1,5.445476474950151,0.45496659361335196,0.5729274500205349,0.7941085622569577,0.4271322334311284,0.9999225138543825
CLSTN1,3.401571963559584,-0.41323655264338205,0.5753071141486786,-0.7182886192097182,0.47257934595966367,0.9999225138543825
PIK3CD,6.658693460405457,-0.616596916655907,0.4494118941462755,-1.3720084507937294,0.17006080705722693,0.9999225138543825
SLC25A33,6.228258789488556,0.9275861606406993,0.4405986192383601,2.1052861269610177,0.03526640898762257,0.9999225138543825
H6PD,0.7727615720103543,-0.6564047631369577,0.7751787492216774,-0.8467785833861217,0.3971185477179583,0.9999225138543825
GPR157,1.4409027635323577,-1.4458442438061414,0.8576576040212546,-1.6858058938987852,0.09183319219779419,0.9999225138543825
ENO1,37.6679962048559,-0.26110960028423436,0.4289509959561978,-0.6087166197205833,0.5427122889715501,0.9999225138543825
RERE,3.7050421830409195,-0.4346102109183957,0.5235733085977419,-0.8300847346141245,0.40649087732512956,0.9999225138543825
ERRFI1,7.2568238305948745,-0.7542515028615332,0.5506016731142724,-1.369867800428923,0.17072817271868745,0.9999225138543825
PARK7,37.197264586898406,-0.3779752796134549,0.4316409342064494,-0.875670608739516,0.38120912784640837,0.9999225138543825
TNFRSF9,5.292030106515505,-0.14985003712102674,0.6321913665889981,-0.23703271673820187,0.8126314090995671,0.9999225138543825
UTS2,3.2752604659199145,0.4384625344031816,1.3281786158781126,0.3301231695507281,0.7413068969311165,0.9999225138543825
DHRS3,6.38693848783782,-0.8775532028823818,0.516084280850869,-1.70040676580104,0.08905444007056519,0.9999225138543825
VPS13D,1.899214754796805,-0.5120817667486449,0.6254989985054271,-0.818677196881558,0.41297061004951807,0.9999225138543825
TNFRSF1B,24.619156269392565,-0.09649235112344753,0.3423099981911809,-0.28188586846229463,0.7780310256646463,0.9999225138543825
MIIP,4.9399857161299385,-0.17881991042554854,0.45739232178291306,-0.39095520827395924,0.6958303446988463,0.9999225138543825
MFN2,1.3623326215958933,0.03915760128743869,0.6678624826514218,0.05863123368149467,0.9532458325870756,0.9999225138543825
KIAA2013,1.3075853997706837,0.3867362230288319,0.8014046762146438,0.48257295534578415,0.629398985701703,0.9999225138543825
AGTRAP,13.201837739322631,-0.43465151026851134,0.5732084861990024,-0.7582782194149374,0.44828444344330876,0.9999225138543825
MAD2L2,8.8219403892762,0.06837664567367856,0.5519830478000357,0.123874539166009,0.901414612455216,0.9999225138543825
FBXO6,4.8923215415641295,-0.25129584318529824,0.4954180625825219,-0.5072399699666579,0.6119864530920696,0.9999225138543825
FBXO44,2.4417143523369673,0.661989155079392,0.6461713730469915,1.0244792367662663,0.30560897299257084,0.9999225138543825
UBIAD1,1.7329488139605367,-0.13375952209558994,0.68108901980847,-0.19639065996571878,0.8443044061845659,0.9999225138543825
EXOSC10,3.7288899270805262,-0.12140946797784469,0.5177434513080007,-0.23449735128686222,0.8145988892404749,0.9999225138543825
TARDBP,4.171560707151544,-0.29667515940303596,0.599474834880157,-0.49489176549395153,0.6206765236003988,0.9999225138543825
CASZ1,1.0781340482305664,0.5567279546046646,0.7070741588868018,0.7873685491224314,0.4310661522342968,0.9999225138543825
PEX14,1.72824024295708,-0.9351055715278549,0.674526990884975,-1.386313052204186,0.16565133304153468,0.9999225138543825
DFFA,1.9622830927405466,-0.04628272794165166,0.6206045482426936,-0.07457684297143168,0.9405513994351483,0.9999225138543825
SDHB,8.714658666311102,-0.3753337594870224,0.3837234189296771,-0.9781361808303073,0.3280069753781254,0.9999225138543825
ATP13A2,1.0970460551664003,-0.006668095359761161,0.6628039821121898,-0.010060433461053774,0.9919730708706909,0.9999225138543825
RP11-108M9.6,1.8924243005781376,-0.4347304669206064,0.677561029332269,-0.6416107894354989,0.5211259257201118,0.9999225138543825
RP11-108M9.4,1.0908919062490219,0.35024476972379487,0.7475372711650243,0.46853151439251217,0.6394045398277148,0.9999225138543825
NBPF1,0.7912553107853856,0.4271444237583626,0.79450265753345,0.5376249150436342,0.5908360258041883,0.9999225138543825
NECAP2,7.997202275608216,0.06289511763834305,0.36741642341839986,0.171182107357026,0.8640805760907511,0.9999225138543825
SZRD1,10.919741908700667,-0.11481464257315241,0.36155352039280486,-0.31755918860481186,0.7508193355490744,0.9999225138543825
FBXO42,2.4806261419646902,0.3253310801153328,0.50527716476291,0.6438665801728585,0.5196619547509723,0.9999225138543825
ZBTB17,1.7186219540229517,0.07563935518414455,0.5746052717722802,0.1316370713948495,0.8952713619282896,0.9999225138543825
SPEN,6.052792078279548,0.6462358591393047,0.5462533512649715,1.183033216442153,0.23679598336727758,0.9999225138543825
FLJ37453,1.7798698467386604,-0.18025743395998944,0.6203379542454169,-0.29057940551010736,0.7713730127652139,0.9999225138543825
UQCRHL,11.080147310678116,-0.6951431798694717,0.9350042110754193,-0.7434652931348135,0.4572000265729055,0.9999225138543825
PLEKHM2,1.8333007976303213,-0.35287836552408053,0.712629204990049,-0.4951780856764186,0.6204744181566946,0.9999225138543825
CASP9,1.5005463537012425,0.16452624462506832,0.6266881517698288,0.2625328788496002,0.7929106403753303,0.9999225138543825
EFHD2,22.075299078306724,-0.15769580979472772,0.5816763462326066,-0.2711057632239815,0.7863096891051757,0.9999225138543825
PRDM2,10.49603894446391,0.5952870476950228,0.6025246331155599,0.9879879012031215,0.32315857360009526,0.9999225138543825
ZBTB40,2.3908414578415726,0.12736234428196255,0.6240537037903712,0.20408875631759002,0.8382841405838191,0.9999225138543825
CDC42,53.27237159941744,-0.47043444983489346,0.326184665117737,-1.4422334957564271,0.14923651420999864,0.9999225138543825
LINC00339,2.106727217884921,-0.03445414852991524,0.6660475512912084,-0.05172926236741202,0.9587444204502585,0.9999225138543825
USP48,5.244952726855164,0.12750706710316742,0.4243118628286702,0.30050318709720486,0.7637933657511948,0.9999225138543825
ECE1,2.3935198406946054,-0.4722810240464579,0.5548730676596351,-0.851151464313204,0.39468522021864594,0.9999225138543825
EIF4G3,3.2443910700772087,-0.438104771722699,0.48525619960245586,-0.9028318897968012,0.3666151233723952,0.9999225138543825
HP1BP3,18.053758080276577,0.04394118506890389,0.31812728319033984,0.1381245413101312,0.8901419905116386,0.9999225138543825
DDOST,15.542582212509169,-0.03518820197870916,0.3560812056866108,-0.09882072239914426,0.9212806149307932,0.9999225138543825
MUL1,1.8891235035293188,-0.614103213879696,0.6735517914800306,-0.9117386690194899,0.36190630278348224,0.9999225138543825
MINOS1,16.968973711220915,-0.5557468171464488,0.49062770678172607,-1.1327261169000662,0.25732928650052833,0.9999225138543825
CAPZB,36.017207898696945,-0.19028288135831253,0.3682941452188108,-0.5166600768124123,0.6053934698606844,0.9999225138543825
AKR7A2,6.002500345624698,-0.13062359087625988,0.4770618446583,-0.273808505833914,0.7842317866302078,0.9999225138543825
MRTO4,1.747901036276218,-0.36378522768270916,0.5932415012881773,-0.613216079611386,0.5397334740509196,0.9999225138543825
RP1-43E13.2,1.9875430681533044,0.19471323014134218,0.6984722358574424,0.2787701788923833,0.7804212013523233,0.9999225138543825
UBR4,4.652405953981263,-0.07185199577948034,0.4992003775060376,-0.14393417757103225,0.8855524468817312,0.9999225138543825
RCC2,2.0263692588045066,0.14954042289344224,0.6862634492136517,0.21790527102207133,0.827502920148682,0.9999225138543825
SRRM1,36.41277558902479,-0.042763510414080344,0.31433604469972853,-0.1360439285762804,0.891786553783191,0.9999225138543825
RCAN3,5.247027201099192,0.17392927990777923,0.5500571582429857,0.31620219335632493,0.7518490430389928,0.9999225138543825
NIPAL3,2.561611744166252,-0.29793965366852365,0.4761601762549652,-0.6257130867428707,0.531503147941319,0.9999225138543825
SRSF10,23.094531128107228,-0.14135755210449333,0.27892405255828645,-0.5067958492928968,0.6122980690028232,0.9999225138543825
PNRC2,21.36766147755492,-0.023634714685732926,0.3093596933246287,-0.07639881728526178,0.939101810527123,0.9999225138543825
FUCA1,1.455552725855161,0.2798263152745377,0.7048240952251011,0.39701581879826203,0.6913557955239346,0.9999225138543825
HMGCL,2.1174500154184903,0.08446821059769731,0.5767314657573812,0.14646020828215278,0.8835581003243382,0.9999225138543825
GALE,1.8637698792132746,0.018360474454421013,0.5645940843426811,0.03251977830372927,0.9740575435648123,0.9999225138543825
LYPLA2,7.506335694700069,-0.32765885539631423,0.5010134708711244,-0.6539921068920678,0.5131168908593188,0.9999225138543825
PITHD1,21.891045775093815,0.1053734983121806,0.38316154002429337,0.27501063469339765,0.7833080679199851,0.9999225138543825
TCEB3,3.815566473616322,-0.056295255099052505,0.5207809951048481,-0.10809775246832629,0.9139181509788451,0.9999225138543825
RPL11,681.0650504838012,-0.19106523899937772,0.2893358132836697,-0.6603580691618501,0.5090240736306664,0.9999225138543825
ID3,23.079209090890277,1.4725103990989825,0.7144508873662617,2.061037959554109,0.03929941879465529,0.9999225138543825
HNRNPR,17.545912028034095,0.05545728257191358,0.34686596581851137,0.15988101467680507,0.8729748042177048,0.9999225138543825
LUZP1,6.460208427809192,-0.4815528714192646,0.53550860237948,-0.8992439510393141,0.3685227345267996,0.9999225138543825
KDM1A,1.9152979175184959,-0.22331999341468053,0.6718830605920746,-0.3323792584053053,0.7396028985234835,0.9999225138543825
HMGN2,42.08125571853241,-0.08798058587694478,0.3273961500859638,-0.2687282237553615,0.788138831011965,0.9999225138543825
DHDDS,1.4638983576243527,-0.6246143090483658,0.6641883631863892,-0.9404174232319125,0.34700348853157204,0.9999225138543825
ZNF683,53.438067563821974,1.0418050585792076,0.7000190081818071,1.4882525280065437,0.13668430919200866,0.9999225138543825
CD52,139.0872741890925,-0.2506662268966575,0.5375028079313457,-0.46635333471350837,0.6409626081531756,0.9999225138543825
UBXN11,2.712839279773539,0.27464909535263377,0.602288168069863,0.4560094484884113,0.6483831838526692,0.9999225138543825
SH3BGRL3,235.620440610954,-0.1575591578966666,0.35540556546322155,-0.44332214576130863,0.6575327397294672,0.9999225138543825
ZNF593,5.21497039348986,0.34346783768868233,0.5449462263731493,0.6302784037511517,0.5285124501109703,0.9999225138543825
PAFAH2,2.241128869445706,-0.6678035689717929,0.761379248114187,-0.8770971505013225,0.38043387229294934,0.9999225138543825
STMN1,15.63101301413456,-0.02575461591744908,0.4266776230800276,-0.06036083104507814,0.9518682540455984,0.9999225138543825
MTFR1L,1.7576197521299368,-0.17427278915792221,0.5875144392935421,-0.29662724437458404,0.766751108520974,0.9999225138543825
LDLRAP1,2.875944373695433,0.3499082475616261,0.5134896708276036,0.6814319107873594,0.4955982368838563,0.9999225138543825
TMEM57,4.5260448475916535,0.2564277581497454,0.45381749947468814,0.5650459897350163,0.5720424834774313,0.9999225138543825
TMEM50A,34.26984219494615,-0.2958683653167085,0.26807906237253215,-1.1036608480283305,0.2697402852870818,0.9999225138543825
RSRP1,70.614300623602,0.2121579545749791,0.3999398237390824,0.530474691396047,0.5957828518305394,0.9999225138543825
SYF2,17.853226769662648,0.17565117029381155,0.3382007328394721,0.5193695732681479,0.6035030450866199,0.9999225138543825
RUNX3,40.56813885345829,-0.634177529307794,0.4756567000605154,-1.3332673107035198,0.18244409715786392,0.9999225138543825
PPP1R8,2.203672335896763,-0.3955946411267423,0.6354660489848318,-0.6225267923576904,0.5335955320683545,0.9999225138543825
STX12,4.782775522731684,-0.2106619841652415,0.4071323223037245,-0.5174287881964962,0.6048568678191828,0.9999225138543825
FAM76A,1.9380093214016745,-0.15644653749530935,0.5142506230869868,-0.3042223586549666,0.7609584918852772,0.9999225138543825
IFI6,21.21224596981004,-0.5090004547584857,0.5570441038900367,-0.9137525219348968,0.36084689917246526,0.9999225138543825
FGR,8.374914979320085,-0.2759733256411853,0.5851575391910725,-0.47162226777885075,0.6371964295516179,0.9999225138543825
AHDC1,1.1525006405804041,-0.4405702568559901,0.6524203739807227,-0.6752858654119954,0.49949416234626065,0.9999225138543825
WASF2,13.593509008920561,0.023404629282246514,0.4700329726957739,0.04979359032625787,0.9602868745275,0.9999225138543825
MAP3K6,1.0143658107800226,0.25809837721321216,0.7501334410974035,0.34406995218827807,0.730793679543738,0.9999225138543825
SYTL1,16.585551695064666,-0.005990795736631361,0.5098192020505075,-0.011750824042202037,0.9906244146868977,0.9999225138543825
TMEM222,3.7546180631218413,-0.2563698587736622,0.48278611045078473,-0.531021612312512,0.595403802614916,0.9999225138543825
SLC9A1,2.7431887303738938,-0.5535557931909187,0.585251698875291,-0.945842266250087,0.34422904410060806,0.9999225138543825
NUDC,21.0418003659383,0.15991791445891052,0.35525578685923714,0.4501486545024943,0.6526032562488162,0.9999225138543825
GPATCH3,2.2172104045455208,-0.1874398415533269,0.649494947322798,-0.2885932251296939,0.7728926805787459,0.9999225138543825
GPN2,1.6908682986222585,0.01439073417807686,0.617340361929505,0.023310859074722474,0.9814023097793596,0.9999225138543825
ARID1A,4.710248444886149,-0.0027992023537721953,0.48145295704315766,-0.00581407240899192,0.9953610675248011,0.9999225138543825
RPS6KA1,6.722091109734489,0.2107842100141653,0.5014213201909506,0.4203734494853444,0.6742126607828052,0.9999225138543825
SRSF4,13.536247519649583,0.09344826205889543,0.31691755197570765,0.2948661614868792,0.768096122451455,0.9999225138543825
EPB41,6.59746756136373,0.5856350782955226,0.3788022804629914,1.546017826449539,0.12210026263602222,0.9999225138543825
YTHDF2,9.710426301527606,0.3038703686899405,0.3589302899058197,0.8465999589214761,0.39721813683830876,0.9999225138543825
GMEB1,3.4078515767627313,-0.6559920308128618,0.49235065814026374,-1.3323675310818393,0.18273944606791093,0.9999225138543825
TAF12,7.213008610070682,-0.08663771105232451,0.4170181817104952,-0.20775523670685095,0.8354200858595094,0.9999225138543825
SNHG12,34.807957240695494,-0.37020006006832923,0.6082890012930405,-0.6085923948672336,0.5427946466545597,0.9999225138543825
TRNAU1AP,4.813818951802791,0.12370295040856037,0.4001214260709394,0.3091635247411832,0.7571971386385767,0.9999225138543825
RCC1,2.0337281489720604,0.11332450948564649,0.6056830076915932,0.18710201218547312,0.8515806505237885,0.9999225138543825
PHACTR4,3.855259639519823,-0.1958424356832854,0.5693397320468784,-0.3439816767735439,0.7308600660227602,0.9999225138543825
SESN2,5.588962591589111,0.06603819769793001,0.4245495102738854,0.15554887262813577,0.8763886279843494,0.9999225138543825
ATPIF1,22.984763789351565,0.24387380178890064,0.31453202799921287,0.775354431598651,0.43813025375182246,0.9999225138543825
DNAJC8,17.01402338732662,-0.7825163856530185,0.43559148748884896,-1.7964455415879788,0.0724236864283409,0.9999225138543825
EYA3,1.7096040333593847,0.2163419790223036,0.6012077427879995,0.3598456300962695,0.7189625778596422,0.9999225138543825
XKR8,2.3002429524771117,-0.7563860243064353,0.7583264061688395,-0.9974412313132979,0.3185503863414262,0.9999225138543825
RPA2,7.335948131721713,0.10274168244804521,0.47791782137487704,0.21497771761780568,0.8297846911703849,0.9999225138543825
THEMIS2,4.958327124776823,-1.2563212028282695,0.8262445565228782,-1.5205197939400679,0.12838038780503966,0.9999225138543825
BSDC1,6.933034260005029,-0.5299319783684965,0.46867522143059365,-1.1307019320349847,0.2581805678985928,0.9999225138543825
MARCKSL1,18.80307242383798,0.47096678654339863,0.5213490342210255,0.9033617703868856,0.3663339227474458,0.9999225138543825
HDAC1,10.56925782460839,-0.1842126747484349,0.3626503283203932,-0.5079622445169476,0.6114798212858187,0.9999225138543825
LCK,35.06714477537084,-0.007903598925226858,0.39141361712048767,-0.020192447527429578,0.9838898526587997,0.9999225138543825
EIF3I,20.179796382450828,-0.3932907888560216,0.3530405892821616,-1.114010118937601,0.2652748456135774,0.9999225138543825
TMEM234,1.424151696571008,-0.3266105127728255,0.6222517987563211,-0.5248848029457105,0.5996632744951889,0.9999225138543825
CCDC28B,2.5696075402540526,0.4124515823723406,0.6761286968358476,0.6100193414397802,0.5418489953040111,0.9999225138543825
TXLNA,1.8937030716160537,0.5636921584514374,0.6421598780248695,0.8778065677121091,0.3800486996861766,0.9999225138543825
KPNA6,4.252524148553161,-0.5803556537179455,0.4780073673290766,-1.214114453843572,0.22470402132823064,0.9999225138543825
KHDRBS1,13.626695327912241,0.0541029355108817,0.3562273407715719,0.1518775493023563,0.8792835159172566,0.9999225138543825
PTP4A2,12.807779057426172,0.36523073259381406,0.4145911175312428,0.8809420104527228,0.37834920770205527,0.9999225138543825
PEF1,5.1547174570603485,0.05674144159576436,0.5207348129915695,0.10896417942520578,0.9132309017946223,0.9999225138543825
ZCCHC17,5.189551792213259,-0.45046708325011947,0.568088341281864,-0.7929525225489791,0.4278054847320403,0.9999225138543825
SNRNP40,7.043748583899727,0.19281871881027823,0.45659120413805837,0.4223005547692857,0.6728056532814988,0.9999225138543825
PUM1,7.2586368842343365,0.031186005445722424,0.46279636660338036,0.06738602049667569,0.9462743979193294,0.9999225138543825
LAPTM5,65.70997763471972,0.03165923989379288,0.2516354381822371,0.1258139160465344,0.8998792258976419,0.9999225138543825
AGO4,1.2305210977381076,0.009875358593748836,0.7024841282329207,0.014057767566350611,0.9887838937233736,0.9999225138543825
PSMB2,14.171543525126337,-0.6681151166186174,0.366273116094491,-1.8240899680069815,0.06813847192714403,0.9999225138543825
RP4-728D4.2,2.7948417242858223,-0.159300292771183,0.613819234358128,-0.2595231362173973,0.7952316332471687,0.9999225138543825
KIAA0319L,3.2927658330817278,-0.5401045747253551,0.5138252576197819,-1.0511444634452347,0.2931922454802851,0.9999225138543825
ZMYM4,1.9152047896337894,-0.31267767714142125,0.6244105121859798,-0.5007565872758571,0.6165424419624539,0.9999225138543825
SFPQ,41.45972424448326,0.010048413999585408,0.5850970255432532,0.017173927675081954,0.9862978618231161,0.9999225138543825
ZMYM1,1.9628368140467,-0.4444511942560903,0.6097497106698437,-0.728907593523638,0.4660581895102054,0.9999225138543825
ZMYM6,0.972005169132554,-1.1733261227727245,0.733122311116203,-1.6004507092224443,0.10949863335925333,0.9999225138543825
SMIM12,8.299438103517257,0.0266316133840124,0.38706983872398165,0.06880312212340399,0.9451463328843652,0.9999225138543825
ZNF362,1.4822974717213369,-0.5527341894678492,0.7857768002191673,-0.70342391034411,0.4817916100481052,0.9999225138543825
AK2,8.287907923037137,-0.43887672335225797,0.3573658808198783,-1.2280879258685116,0.21941396305548044,0.9999225138543825
RNF19B,2.8409919300397104,-0.26647067350118103,0.7205255365711967,-0.36982821562334806,0.7115104904277127,0.9999225138543825
S100PBP,3.5038847370729367,-0.2547747342257159,0.45215114248802435,-0.5634724990935167,0.5731131815280512,0.9999225138543825
YARS,6.739917134584639,-0.32548944173672756,0.36903221125801217,-0.8820082144784883,0.37777236510722756,0.9999225138543825
RBBP4,10.635482485822633,0.1924470277886105,0.3168105755537049,0.6074514004220399,0.5435513859335606,0.9999225138543825
ZBTB8OS,7.2638573322009305,-0.2940000922427604,0.4084692722222307,-0.7197606092700347,0.47167240173622094,0.9999225138543825
MTF1,2.4558490513500533,-0.04070636279582507,0.5968820825015736,-0.06819833261742742,0.9456277542616466,0.9999225138543825
C1orf122,4.032835865061845,-0.1213270772522209,0.697432668001631,-0.173962423641356,0.8618949934801323,0.9999225138543825
YRDC,1.721281897090487,-0.49221968680639266,0.8875268831467616,-0.5545969323894825,0.579170387732582,0.9999225138543825
C1orf109,1.535832393526693,0.035036111817477004,0.6753356506378584,0.0518795532034851,0.9586246665121206,0.9999225138543825
GNL2,5.019855444695916,-0.26546239162628377,0.4286292005946167,-0.6193287607517652,0.5356998012632976,0.9999225138543825
SNIP1,4.677954602555833,0.175455117965171,0.5385067966796495,0.32581783377108775,0.7445621849784602,0.9999225138543825
MEAF6,18.28992182763382,-0.12001520531830545,0.36990743708407736,-0.32444658659573483,0.745599954555787,0.9999225138543825
ZC3H12A,30.265220496629524,-0.05198275680763102,0.4680355371254158,-0.1110658330068249,0.9115641423825809,0.9999225138543825
MRPS15,6.864474776661354,0.22188760835703997,0.464717514835619,0.47746771161729634,0.6330291076594884,0.9999225138543825
LSM10,7.5989920529200266,0.11917528399404204,0.48077530029791693,0.247881461298436,0.8042261240865141,0.9999225138543825
THRAP3,19.483826999376102,-0.4016371409407289,0.4355351323779615,-0.9221693293669463,0.3564402585132376,0.9999225138543825
MAP7D1,6.407695599578739,0.35087947242216255,0.5546970764460891,0.6325605223489301,0.5270206739434162,0.9999225138543825
TRAPPC3,8.303831560421767,0.06296085891991944,0.4068720833491952,0.15474361966948638,0.8770234406270839,0.9999225138543825
ADPRHL2,3.335791784071982,0.677186115516225,0.581864224547297,1.1638215359314974,0.2444963426988923,0.9999225138543825
AGO3,4.967788519554983,0.577505314584843,0.4367016582377782,1.3224252843812172,0.18602657393706268,0.9999225138543825
AGO1,1.3353644080705769,-0.7574739297915133,0.6337824553803352,-1.1951639294542327,0.23202298841977842,0.9999225138543825
SMAP2,17.64335786042831,-0.7536480224982429,0.5129906330843865,-1.4691262839769406,0.14179853984056648,0.9999225138543825
ZMPSTE24,2.3811199425607668,0.3130743797025849,0.486268512794528,0.643830253173053,0.5196855135531605,0.9999225138543825
RLF,12.171631049009722,0.20969089580037348,0.4460490404772256,0.4701072679722083,0.6382783818245896,0.9999225138543825
PPT1,5.464669360108173,0.46472554176595054,0.4261440931968748,1.0905361571003906,0.2754770350496385,0.9999225138543825
CAP1,36.066349945472226,-0.6215975184283115,0.4215150449747367,-1.4746745717357885,0.14030005562081374,0.9999225138543825
PPIE,6.8286929760511335,-0.1888501544689077,0.41242704828699756,-0.4578995370291321,0.6470246195256399,0.9999225138543825
PABPC4,11.691356448654112,0.005393071632580416,0.5879902993242828,0.009172041849632762,0.9926818720251854,0.9999225138543825
MACF1,19.97798662145588,-0.04951172671453609,0.38756977191160374,-0.12774919589401992,0.8983474563221094,0.9999225138543825
NDUFS5,51.11066689916458,-0.05486041904376588,0.35715558873138536,-0.15360369758913694,0.8779222212888574,0.9999225138543825
AKIRIN1,16.984300461522935,0.3770886472578646,0.3837583240449574,0.9826201117495202,0.3257944422765141,0.9999225138543825
MYCBP,1.5472273106189904,-0.7207085198366575,0.7101246506494043,-1.0149042413575902,0.31015147622766825,0.9999225138543825
RRAGC,1.889890202666502,-0.10261592232452628,0.6921342210902817,-0.14826014838983245,0.8821374646988354,0.9999225138543825
UTP11L,4.217980249930791,0.3000719319369966,0.4901991626400009,0.6121428896796536,0.540443222974615,0.9999225138543825
FHL3,3.990719929232067,1.1361094853380205,0.4534192765107501,2.505648842459578,0.012222694213166742,0.9999225138543825
SF3A3,5.936343620906149,-0.4099494530176465,0.39215123260921647,-1.0453861136429634,0.2958445520560308,0.9999225138543825
INPP5B,1.7662330784425617,0.11102384178408105,0.5999049344894493,0.18506905911445487,0.8531748696153756,0.9999225138543825
HYI,1.6411474646022937,0.4328295741397392,0.6593093055809013,0.6564894056187841,0.5115092819700142,0.9999225138543825
SZT2,1.1296499116399166,-0.40882652267607483,0.6760612129647119,-0.604718204263279,0.5453662502989984,0.9999225138543825
MED8,4.482841515043154,-0.353924935025309,0.45224816599534723,-0.7825900946361167,0.4338678600888959,0.9999225138543825
ELOVL1,6.927532930791327,-0.17052567863130252,0.4219713672135143,-0.4041167052574395,0.686126901186139,0.9999225138543825
EBNA1BP2,3.8549170037224227,0.04603595177755798,0.48079159716325065,0.09575032519115903,0.9237188707576458,0.9999225138543825
SLC2A1,4.993163379435332,-0.7229042833727565,0.5827067280359286,-1.2405971110190845,0.21475461972841658,0.9999225138543825
SVBP,5.010912390743483,-0.49871574735450797,0.4674972217237226,-1.0667779917828786,0.286072098965766,0.9999225138543825
C1orf50,4.608303445647072,0.5644849452760973,0.5598671413721958,1.0082480352259706,0.31333540284658246,0.9999225138543825
P3H1,1.9087828545011611,0.23948520432320056,0.5741707148794375,0.41709756021514766,0.6766070494205885,0.9999225138543825
YBX1,67.8537912235269,0.5590905999445066,0.37612501831575673,1.486448847375397,0.13716043752680243,0.9999225138543825
PPIH,6.443656192110052,0.0711475818065788,0.38562450735268344,0.1844996374711964,0.8536215115316347,0.9999225138543825
PPCS,9.256522721974232,0.13442744318678368,0.3363142249192496,0.3997078720623852,0.6893716933410072,0.9999225138543825
FOXJ3,3.2638009082521724,0.5521154627102134,0.5076407228748233,1.0876106620909465,0.2767670218271523,0.9999225138543825
HIVEP3,2.855548349053165,-0.33097484328520066,0.6529209966756864,-0.5069140753174458,0.6122151092217392,0.9999225138543825
CTPS1,2.2108307474957285,-0.006980998848375852,0.6183153423580375,-0.011290353594903168,0.9909917925635245,0.9999225138543825
NFYC,4.738959344212931,0.09951073713465873,0.4530128752743313,0.2196642580509394,0.8261326427096384,0.9999225138543825
GPBP1L1,8.510549046023579,-0.11323659128364144,0.3980130028115441,-0.28450475357273197,0.7760235916653176,0.9999225138543825
NASP,22.2606506731294,0.06256544078501536,0.5364455733526062,0.1166296151797883,0.9071535683546634,0.9999225138543825
AKR1A1,7.043875510035671,-0.2378322838331548,0.3754101507586888,-0.6335265132083012,0.5263898726230967,0.9999225138543825
PRDX1,47.43523257041656,-0.17436064901843126,0.4111027998668323,-0.4241290720348087,0.6714716845002345,0.9999225138543825
TOE1,1.9862722659169236,0.4974473910582915,0.5623817800928158,0.8845368194115258,0.3764064956921739,0.9999225138543825
MUTYH,2.2919350532002127,-0.426186383455965,0.5683322034462893,-0.7498895555656158,0.45332122541535946,0.9999225138543825
UROD,3.5774780892139746,-1.1996773242400427,0.571169862436282,-2.1003862478368687,0.03569487776491789,0.9999225138543825
EIF2B3,2.34179259038418,0.05788152924146949,0.5477967421875253,0.10566241962361858,0.9158501981780609,0.9999225138543825
PLK3,13.90389181985959,0.3903394170833384,0.5181691591576479,0.7533049973832608,0.4512666564779698,0.9999225138543825
RPS8,513.706028138155,-0.27660212147479263,0.3266459249777523,-0.8467949554050976,0.3971094205226833,0.9999225138543825
RNF220,2.5958309206390577,-0.5926555107220681,0.5411422880436605,-1.0951934894325825,0.27343187738252217,0.9999225138543825
ERI3,2.4425740257683812,0.2896716948987455,0.5639822811022893,0.5136184320056819,0.6075187902498779,0.9999225138543825
DMAP1,4.033007420508514,-0.11852171258569853,0.4801519630250315,-0.24684208690722298,0.8050304374474686,0.9999225138543825
ATP6V0B,19.33526363028069,0.07553096136094306,0.37220949397927405,0.20292593978043155,0.8391929190595582,0.9999225138543825
DPH2,1.1354892152221514,0.06417677643674521,0.6584830269234004,0.0974615499758519,0.9223598674957508,0.9999225138543825
ST3GAL3,1.256753951037294,-1.108766272570013,0.702212163697633,-1.578961929015287,0.11434478971613594,0.9999225138543825
TXNDC12,7.3121239940715,0.27750391335986935,0.4194885758439734,0.6615291317565832,0.5082730386646654,0.9999225138543825
NRDC,7.966458470495658,0.2319826137266683,0.3724781322014414,0.6228086796816541,0.5334102538605809,0.9999225138543825
OSBPL9,4.359577307307865,0.22265816246932654,0.4547238381002394,0.4896557950415692,0.6243774873158219,0.9999225138543825
EPS15,8.111509190787467,-0.11605971080869525,0.3936322565194661,-0.29484298831327055,0.768113825455351,0.9999225138543825
RNF11,7.624986905379702,0.25031291215126966,0.5030314618249498,0.49760885977819047,0.6187597578502337,0.9999225138543825
CDKN2C,1.876555361133851,0.2772200616032497,0.5685745618331236,0.4875702857853384,0.6258542469200173,0.9999225138543825
FAF1,2.5697963537323703,0.08004364903532324,0.5955981650157611,0.13439203432267974,0.8930925801849537,0.9999225138543825
CMPK1,13.777734059462025,-0.08496096752534775,0.3699759022021165,-0.22963919276811137,0.8183721491902373,0.9999225138543825
EFCAB14,5.71731314237342,0.4415477644926362,0.3991868273124011,1.1061180737486702,0.26867541680546314,0.9999225138543825
ATPAF1,1.8373884980770423,0.07529673330906977,0.6202608524433726,0.12139526944584024,0.9033779636065826,0.9999225138543825
MKNK1,3.3610215904540137,-0.6753718868580031,0.5287808661531059,-1.277224517920534,0.2015229933856768,0.9999225138543825
NSUN4,2.993837336552308,-1.1828554702524585,0.5457447139220482,-2.167415350213383,0.030203197853209563,0.9999225138543825
UQCRH,51.764260102396264,-0.2831315449944892,0.3326691224239086,-0.8510905458598728,0.3947190567593293,0.9999225138543825
LRRC41,4.892725558851573,-0.4174168327460032,0.42773775834107797,-0.9758709036230445,0.32912844256424834,0.9999225138543825
POMGNT1,1.1844398191587426,0.18878399756278103,0.7924677169805374,0.23822295030778837,0.8117081776676873,0.9999225138543825
TMEM69,2.7798701820500082,-0.2623873128708199,0.6506700802388385,-0.4032570742679709,0.6867591166654106,0.9999225138543825
TMEM59,35.883883270352165,-0.016936852737052064,0.3010385168571219,-0.05626141436609119,0.9551335569976025,0.9999225138543825
HSPB11,15.054253646385943,-0.32689311374846464,0.3158184265637971,-1.0350666276985911,0.300637796444999,0.9999225138543825
YIPF1,2.5313073447276575,-0.14646066205764333,0.5955364436068864,-0.24593064560516134,0.8057359204576648,0.9999225138543825
MAGOH,22.652220095894684,-0.09968549557554718,0.2946271051903468,-0.3383446187381312,0.7351035033671485,0.9999225138543825
C1orf123,4.894394874203057,-0.6463060578877361,0.4515517700049165,-1.4313000209936042,0.1523442479255033,0.9999225138543825
CPT2,0.8259800621003593,-0.47508505319308914,0.7230999848142207,-0.6570115657174965,0.5111734797740726,0.9999225138543825
SCP2,27.011048940022743,-0.4878136404381787,0.3427862617720728,-1.4230839880115682,0.15471180947122334,0.9999225138543825
ECHDC2,4.981651959099775,0.24390282581909736,0.4071619641114197,0.5990314600023725,0.5491519057004568,0.9999225138543825
ZYG11B,1.2172769464689126,-0.1584477232005017,0.6502223798140433,-0.24368235871213184,0.8074768372784471,0.9999225138543825
FAM159A,4.4051461244567935,0.25234586256447117,0.522829578347075,0.48265414394163064,0.6293413279026673,0.9999225138543825
GPX7,1.6630844965851168,0.5865323598692043,0.6542444236212175,0.8965034147677873,0.3699839573455458,0.9999225138543825
ZCCHC11,9.575654089219137,0.40592776127733676,0.36150574547826037,1.1228805250115943,0.26148823971439217,0.9999225138543825
PRPF38A,9.805239282636705,-0.031655340891821815,0.4673018842614585,-0.06774066606183517,0.9459920768061885,0.9999225138543825
CC2D1B,1.3527937952621998,-0.4540545183043344,0.6634533064121476,-0.6843805191955267,0.4937349140982433,0.9999225138543825
BTF3L4,9.08201056188287,-0.3009091866126851,0.3545719250041938,-0.8486548578518337,0.39607337209615257,0.9999225138543825
KTI12,2.024819752174984,-0.11643212936425515,0.6052993366886751,-0.19235462903561704,0.8474644294745433,0.9999225138543825
PDE4B,32.355255636652764,-0.018465404324635955,0.5183143129461335,-0.03562588156147445,0.9715806709159246,0.9999225138543825
LEPROT,4.561932212081756,-0.6850863009971069,0.4720046640299857,-1.4514396852518905,0.1466574658514068,0.9999225138543825
JAK1,51.64983999193105,0.10560109265078568,0.2994275112036698,0.3526766536123533,0.7243308638317687,0.9999225138543825
PGM1,4.099518348878518,0.4059071974631631,0.5896785485916531,0.6883533383274725,0.49123030049966165,0.9999225138543825
ITGB3BP,3.7307532713717726,-0.006629040783035685,0.4722577194522624,-0.01403691355373551,0.9888005311764729,0.9999225138543825
ALG6,2.339460582408982,0.22348950356147929,0.5274524568097156,0.4237149731243088,0.6717736940263848,0.9999225138543825
ATG4C,2.459847759104694,-1.2348618115752334,0.5281666298273375,-2.338015584170702,0.019386439725940622,0.9999225138543825
USP1,6.983361339466371,0.3523269394234985,0.37229171923002435,0.9463732906876976,0.34395822346949456,0.9999225138543825
INADL,2.435365177057352,0.10633352118795826,0.7275479015487394,0.14615329239711214,0.883800376798888,0.9999225138543825
TM2D1,10.52142844238465,-0.2975353277141361,0.35498714585168295,-0.8381580324557703,0.4019419537269028,0.9999225138543825
JUN,300.4408672938105,0.24764927189765873,0.6364906579582178,0.38908547800542204,0.6972129156428849,0.9999225138543825
MYSM1,2.690043815937947,0.17565010759979513,0.509182722091374,0.3449647837191819,0.7301208459918376,0.9999225138543825
OMA1,2.893328308333844,-0.3527460540528769,0.5042749630856685,-0.6995113378114526,0.4842325300152147,0.9999225138543825
USP24,2.492295505421696,0.2711515976891346,0.5447654017439207,0.4977401223005632,0.6186672246036218,0.9999225138543825
SSBP3,2.301339458906612,0.26161925716646484,0.7065558407960255,0.37027399967668134,0.7111783445116795,0.9999225138543825
MRPL37,2.7459107676252703,0.18017456862585035,0.4797521022854682,0.37555764272324244,0.7072457854614029,0.9999225138543825
PIGK,3.474264255550554,0.19204762114630144,0.4744828239840442,0.4047514713678226,0.6856602034657765,0.9999225138543825
RABGGTB,11.218590074495067,0.29729255497683504,0.41300666347623205,0.7198250809673531,0.4716327004294393,0.9999225138543825
ACADM,4.739621153092566,-0.07493963672637116,0.4821876393525762,-0.15541592237202748,0.8764934324416742,0.9999225138543825
TYW3,4.459242527728483,-0.1232039183549674,0.5051971559141034,-0.24387294527033174,0.8073292231927376,0.9999225138543825
CRYZ,2.4104865009396987,0.13222121818203036,0.6582960897022846,0.2008537195501611,0.840812956615338,0.9999225138543825
FPGT,0.7965173993949289,-0.3637034280626113,0.8025711562257066,-0.4531728124556811,0.6504243079577652,0.9999225138543825
ZRANB2,13.026228079369348,-0.20337202501445212,0.42287540262689505,-0.4809265891350229,0.6305686744682031,0.9999225138543825
CTH,2.062900303970997,0.686817740517989,0.6390272864815237,1.0747862494254337,0.2824704381429066,0.9999225138543825
ANKRD13C,4.296644976858819,0.3417345122099403,0.5332289499846511,0.640877642183113,0.5216021829626462,0.9999225138543825
SRSF11,35.27157361239476,-0.05542143627017171,0.24690000398842732,-0.22446915907206474,0.8223922621342488,0.9999225138543825
LRRC40,1.5951161725546947,-0.11259903423056812,0.587071742763754,-0.19179774127858099,0.8479006403172626,0.9999225138543825
GADD45A,9.902399602523712,0.37649764209552444,0.6883760273873268,0.5469360162417183,0.5844226908386221,0.9999225138543825
SERBP1,33.72274498082784,0.01301885983714937,0.3042884829451519,0.04278459608836403,0.9658732432863061,0.9999225138543825
IL12RB2,4.060181119852199,-0.23800680958170062,0.6439862447043051,-0.36958368527108,0.7116927089869752,0.9999225138543825
SLC35D1,3.3449848506464623,0.2995942152459954,0.604513323425715,0.4955957191286136,0.6201796737126477,0.9999225138543825
MIER1,11.802990370102863,0.08972047667021178,0.3103624722506243,0.2890828778994923,0.7725179559491907,0.9999225138543825
ODF2L,15.830471347419522,0.07686844076627801,0.3924952008224062,0.19584555583154498,0.8447310520557381,0.9999225138543825
ZNHIT6,2.2511891601087743,-0.4080130061945565,0.6412865816997281,-0.6362412965403382,0.5246191604490527,0.9999225138543825
BCL10,6.220441970677269,0.16342208487131618,0.4729785458880781,0.345516908308114,0.7297058010779183,0.9999225138543825
C1orf52,10.895700280348565,0.47425551331677074,0.3738087086909035,1.2687117830337258,0.20454387836794286,0.9999225138543825
MCOLN2,3.7381018306748848,-0.7903712648909822,0.7211260096067833,-1.0960237938470103,0.2730683618948243,0.9999225138543825
SSX2IP,1.380273170584939,0.26200794952236084,0.6532205721175064,0.40110180344294,0.6883451731278696,0.9999225138543825
CTBS,6.4036142868357375,-0.04272488443396427,0.40718773513569034,-0.10492674692111423,0.9164339351393188,0.9999225138543825
GNG5,32.760415543121766,0.17197438497146886,0.3118730636865436,0.5514242972400988,0.5813428484714894,0.9999225138543825
RPF1,5.94704242013467,-0.3983389554159909,0.5687341959314732,-0.7003956475020657,0.48368025368743306,0.9999225138543825
PRKACB,16.663080195666733,-0.22680753204743165,0.2761221154411938,-0.8214029929657526,0.41141675931677746,0.9999225138543825
IFI44,6.787090348403732,-1.2243966913011832,0.5287290564023839,-2.315735586071836,0.020572710142426644,0.9999225138543825
IFI44L,11.843860306638579,-1.1591573745005026,1.1643325740649395,-0.9955552222108077,0.31946630043674895,0.9999225138543825
DNAJB4,15.76303736509983,0.5303758228593982,0.6462575554797845,0.8206880033543978,0.41182400587590484,0.9999225138543825
FUBP1,7.683366180766762,-0.18452331869986063,0.5051238258872247,-0.3653031380488827,0.7148851362139239,0.9999225138543825
USP33,6.532693600652703,0.1414072778408046,0.4264741870318729,0.33157288797466283,0.7402117947144258,0.9999225138543825
ZZZ3,3.0971197572026354,0.7095344311150321,0.5089671233018833,1.394067315216717,0.1632972780516896,0.9999225138543825
LRRC8D,1.2063390863444792,-0.6429515999434693,0.6734093226444291,-0.9547708627178569,0.33969358526837,0.9999225138543825
LRRC8C,4.27179843503155,-0.829032644297136,0.5177388325740988,-1.6012564484980656,0.1093201308229767,0.9999225138543825
LRRC8B,0.8583263116420746,-0.09231688822278014,0.7234203547984046,-0.12761168193630118,0.8984562858748482,0.9999225138543825
GBP5,11.759473135535753,0.1642601568648298,0.3725295446570985,0.4409318917672047,0.6592623047426966,0.9999225138543825
GBP4,7.016076066704751,-0.5552562188334235,0.46980261258371137,-1.1818925735209393,0.2372483290934333,0.9999225138543825
GBP2,17.062980192914754,-0.17685257098433468,0.501309025194518,-0.3527815421150902,0.7242522224814969,0.9999225138543825
GBP1,4.663667547195813,-0.1917485925587745,0.480825130965468,-0.3987907041667203,0.6900474271120733,0.9999225138543825
GBP3,3.9111900000065503,-0.3759252940809788,0.4815370935648448,-0.7806777486194962,0.43499205097398586,0.9999225138543825
RBMXL1,2.599879808427607,-0.1612811118759633,0.5108119263969311,-0.3157348204721406,0.7522037946994783,0.9999225138543825
CCBL2,2.4660342630883134,-0.4173526954174012,0.5426600419734711,-0.7690868373127873,0.4418417616182254,0.9999225138543825
GTF2B,30.583022446715397,-0.019088878492650833,0.3895941089998731,-0.048996835557020835,0.9609218177722689,0.9999225138543825
PKN2,7.5757914256027385,0.4269312410212331,0.42264052010836906,1.0101521759242673,0.312422387825973,0.9999225138543825
LMO4,10.891648313054587,0.3410991851336577,0.48389989661381333,0.7048961727840153,0.4808748520868489,0.9999225138543825
HS2ST1,1.6332040607776253,0.24816167616003468,0.6748871571704607,0.3677083991351681,0.7130906770826178,0.9999225138543825
SEP15,24.35700794456516,-0.11845486221725905,0.3024929110262857,-0.39159549827257173,0.6953571146514427,0.9999225138543825
SH3GLB1,16.0629115904266,0.4175135729670031,0.29127979064660703,1.433376383717428,0.15175030369626794,0.9999225138543825
ALG14,1.301941372324474,-0.017471853656557047,0.8271700404402396,-0.021122444965799427,0.9831479803943629,0.9999225138543825
ABCD3,2.223408419603232,-0.06479503282276736,0.5441436127685501,-0.11907708057638773,0.9052142885828713,0.9999225138543825
GCLM,5.243760035174867,0.12232769510838806,0.4139384989053994,0.2955214251195914,0.7675955879198613,0.9999225138543825
DNTTIP2,19.092073870145658,0.05561859868298766,0.3963611185991555,0.14032304399472487,0.8884047579792963,0.9999225138543825
DR1,12.547413448790687,0.19095129754688828,0.3195967665525787,0.5974756866492695,0.5501898349985028,0.9999225138543825
CCDC18,1.2307622654404815,1.0335994939300028,0.6530536376605978,1.58271761203661,0.11348584223336436,0.9999225138543825
TMED5,12.373886392263133,0.42335643832420694,0.46164871170372257,0.9170532216191022,0.3591147519005742,0.9999225138543825
MTF2,8.908874337474717,-0.2893702512602943,0.441473674988956,-0.6554643405805187,0.5121688381372467,0.9999225138543825
FAM69A,2.3759333868527692,-0.40960501249505415,0.5550744153471845,-0.7379281068806909,0.46055813801581313,0.9999225138543825
RPL5,337.63815332906745,-0.09751415314698404,0.25254000827777867,-0.38613348360915706,0.6993978128714479,0.9999225138543825
GFI1,2.130464611334061,-0.3942374486251717,0.5612422521623739,-0.7024372222622938,0.4824065391005481,0.9999225138543825
RPAP2,6.04788176546232,-0.2580101103194219,0.42991256125226035,-0.6001455495226364,0.5484092383721538,0.9999225138543825
GLMN,4.488780329702377,0.07864295035371331,0.4417581180717233,0.17802264890340946,0.858705188594125,0.9999225138543825
TGFBR3,5.816007730466809,-0.19413138076423367,0.5124827335850138,-0.37880570025493343,0.7048321541087782,0.9999225138543825
ZNF644,13.07906847073919,0.018131579929348208,0.32874503121181586,0.055153928448779296,0.9560158328016921,0.9999225138543825
ZNF326,4.289751487384612,0.7520182930183373,0.503847941932672,1.4925500938511878,0.1355549952321795,0.9999225138543825
SLC25A24,3.4728365176704443,-0.1266114917638599,0.5431461874442365,-0.2331075770956393,0.8156778712973478,0.9999225138543825
VAV3,5.580232003729999,0.13382982665066023,0.5681178643328967,0.23556701003903086,0.8137686752455885,0.9999225138543825
RNPC3,4.503117929039822,-0.22485693888681338,0.47412502890964964,-0.4742566310070558,0.6353169140059894,0.9999225138543825
S1PR1,5.554284891963442,-0.28145293065497895,0.5918211679405244,-0.47557090875002933,0.6343801048405209,0.9999225138543825
DPH5,2.3242128452776525,-0.8388328621042515,0.5366949092816855,-1.5629603478574978,0.1180619216983663,0.9999225138543825
SLC30A7,5.7559317584533884,-0.4943255194447212,0.4063187929509284,-1.2165952646557046,0.22375824530524502,0.9999225138543825
EXTL2,1.4415214572361714,-1.063111588110511,0.7762483662970262,-1.3695508219642663,0.17082715993257724,0.9999225138543825
CDC14A,7.499618374353337,1.071915000568416,0.6436609576276879,1.6653410275482992,0.09584473761120268,0.9999225138543825
RTCA,7.856294427220974,0.24032095323619498,0.44706112324938424,0.5375572617217639,0.5908827425655174,0.9999225138543825
TRMT13,2.953141715533706,-0.018480340526143422,0.5875275583331055,-0.03145442331007354,0.9749071390723898,0.9999225138543825
SASS6,1.7834851490919381,-0.6544341854817745,0.5934800450690335,-1.1027063014488563,0.2701547293843669,0.9999225138543825
MFSD14A,11.125785588987574,0.5404164096605877,0.3423181439362096,1.57869636545264,0.11440571889168338,0.9999225138543825
SLC35A3,2.9959338215668367,0.3706722924041557,0.502946594131115,0.737001297413148,0.46112156037756913,0.9999225138543825
AGL,3.58702127440498,0.0586511069565839,0.4519466575997341,0.12977440140408816,0.8967449163377151,0.9999225138543825
DPYD,5.874011362227265,0.3616293917380789,0.4676623830974451,0.773270215455254,0.43936247892869773,0.9999225138543825
PTBP2,1.4115008981729704,0.5644646340482217,0.6122267591924146,0.9219862176439401,0.3565357647366262,0.9999225138543825
AHCYL1,3.524835999847005,-1.0755066574100431,0.5877564866406191,-1.829850766185855,0.0672722571955972,0.9999225138543825
CSF1,3.611383974598843,0.7458893306575761,0.9116881380285395,0.8181408746531557,0.4132767514601082,0.9999225138543825
GSTM3,2.358724739721773,-1.5025120304119666,0.7278778711897753,-2.0642364466390344,0.03899530343260641,0.9999225138543825
GSTM2,2.065738703154064,0.257982091901584,0.7177382468250795,0.3594375707895876,0.719267772617839,0.9999225138543825
GSTM4,1.5229828144278927,0.5068449353916841,0.7033418782699811,0.7206238545590048,0.4711409730119106,0.9999225138543825
GNAI3,14.012584525753187,-0.0629752497297326,0.38332996672316866,-0.16428470298856587,0.8695070233275511,0.9999225138543825
PSMA5,18.825788485741977,-0.3724569593957587,0.317287740764479,-1.173877561415874,0.24044407130394108,0.9999225138543825
SARS,7.417143605375903,-0.28732597133669535,0.37967202117897786,-0.7567741506062927,0.44918518186961176,0.9999225138543825
KIAA1324,0.8954559162134758,-0.23510963485695838,0.7618467585649376,-0.308604889649758,0.7576221009052623,0.9999225138543825
TMEM167B,5.138052385285346,-0.1906108092759496,0.45467717811383007,-0.41922229320300197,0.6750536809625309,0.9999225138543825
TAF13,2.196812761894007,-1.083089249722907,0.6573939817724854,-1.647549688244254,0.09944511192708042,0.9999225138543825
WDR47,7.399946909237902,-0.22633219674323005,0.5846997963680787,-0.38709128710000434,0.6986886276900677,0.9999225138543825
STXBP3,4.805566563599188,-0.6069968675351451,0.5033032468905462,-1.2060261309364237,0.2278074150503897,0.9999225138543825
PRPF38B,27.69080053971624,0.39956670077234213,0.3454233911432608,1.1567447689338037,0.24737665301687772,0.9999225138543825
HENMT1,4.199079290143094,0.07967914058666062,0.5484974049641974,0.14526803566529473,0.8844992508292908,0.9999225138543825
FAM102B,1.2210129097753095,-0.02193885542181786,0.7801760383178488,-0.028120391224935093,0.9775661306578157,0.9999225138543825
ST7L,1.9102206339551506,-0.9803470489279665,0.7034631293580247,-1.393601182513466,0.1634380712399537,0.9999225138543825
DDX20,1.502605122705167,0.13081794631343216,0.6243049233677425,0.20954175021998783,0.8340253467413268,0.9999225138543825
RAP1A,18.225894870470526,-0.10816635515418113,0.3742870948328085,-0.28899301270993144,0.7725867245896487,0.9999225138543825
C1orf162,18.235506296269428,-0.12687945346300833,0.40243432723196665,-0.3152798975567358,0.7525491466973907,0.9999225138543825
ATP5F1,23.46022918447168,-0.4133473596536448,0.43683855467280397,-0.9462245381780592,0.34403407301739486,0.9999225138543825
WDR77,3.271333099165511,-0.22339456099792268,0.5836293556751112,-0.3827678625580987,0.7018918920470043,0.9999225138543825
DENND2D,11.95068371210946,0.2564762413331906,0.32336191211628745,0.7931553832504445,0.4276872985843321,0.9999225138543825
CEPT1,2.3655932767881294,0.13229736815368415,0.5404319920492121,0.24479929038256687,0.806611843397298,0.9999225138543825
DRAM2,7.282328124570357,-0.058594056685833694,0.40652468450910667,-0.14413406840617354,0.8853946028941758,0.9999225138543825
LRIF1,13.816348424007527,-0.0468394890114496,0.4166629747302241,-0.11241576970398358,0.9104937521670682,0.9999225138543825
CD53,60.95162277327792,-0.6798885053445307,0.3753140350385517,-1.811518999748287,0.07006055070828453,0.9999225138543825
KCNA3,4.181383130068321,1.1802716491949192,0.7956571664786609,1.4833922183073476,0.13797023371621558,0.9999225138543825
RP11-284N8.3,1.7459966759442413,-0.05319778985389835,0.6568135540904169,-0.08099374551971433,0.9354469265166029,0.9999225138543825
LAMTOR5,17.654101525025638,0.05342966517874179,0.3833276737604779,0.13938379312558397,0.8891468785556462,0.9999225138543825
RBM15,1.8497722631098392,0.6079486262909267,0.6507236938812154,0.9342653909908235,0.35016701213932366,0.9999225138543825
STRIP1,2.345498919918474,-0.3666708099932021,0.5143060813046053,-0.7129427850883916,0.4758811623504354,0.9999225138543825
TSPAN2,4.375530566255484,-0.22359212009113766,0.518199750841012,-0.43147863295622774,0.666120385617025,0.9999225138543825
SIKE1,5.339376034464425,0.5388707038999716,0.3922083516382699,1.373939901200694,0.1694603409212968,0.9999225138543825
CSDE1,28.300502434528767,-0.06482770623422832,0.304972383669542,-0.2125691036486552,0.8316630723789692,0.9999225138543825
NRAS,4.179440560314265,0.18435593232181471,0.5264371373975594,0.3501955299604769,0.7261919612103398,0.9999225138543825
BCAS2,29.6358618916823,0.3347891408167413,0.4015605165881697,0.8337202662783019,0.40443863511712486,0.9999225138543825
TRIM33,4.95456286875952,-0.14127380627592104,0.6545922085690545,-0.21581956587101314,0.8291283963509078,0.9999225138543825
HIPK1,9.718164906785052,-0.6252206774888891,0.486392071989902,-1.2854253050034692,0.19864370315295898,0.9999225138543825
AP4B1,3.3057624084967046,-0.2355055895352656,0.48088458976623627,-0.48973411614156254,0.6243220570856791,0.9999225138543825
PTPN22,37.32495197600377,-0.006496921682763331,0.48460478217303254,-0.013406639640719736,0.989303369651182,0.9999225138543825
RSBN1,9.866905093728706,-0.32906512825525747,0.38628936780616585,-0.8518617277097239,0.394290841058359,0.9999225138543825
PHTF1,6.615470584606452,-0.00879081002764844,0.4334755208336613,-0.020279830359836538,0.9838201455200091,0.9999225138543825
LRIG2,1.140179063318766,-0.24809910506928035,0.6747960265797073,-0.3676653318882202,0.713122793733296,0.9999225138543825
SLC16A1,3.184849461305664,-0.10919653980775683,0.6356624555166518,-0.17178384354791632,0.8636074676823697,0.9999225138543825
RHOC,15.499837736820771,-0.6202894180950114,0.7573086731835634,-0.819070796439512,0.4127460225517955,0.9999225138543825
MOV10,1.8928523715391519,0.0026985937996331973,0.6553607836650854,0.004117722431515344,0.9967145421307306,0.9999225138543825
CAPZA1,18.484086923200227,0.01801587242922995,0.39738456152434487,0.04533611562593693,0.9638394009145929,0.9999225138543825
GPR89A,2.49836799116404,0.2660125641336946,0.5524009422776989,0.4815570426742081,0.630120648472977,0.9999225138543825
CH17-373J23.1,3.9684175264682464,-1.7111337423970299,1.1706462631892702,-1.4617000849900406,0.14382341395865797,0.9999225138543825
AC241585.2,4.8007958595938325,-0.3416373499578708,1.3474961220427024,-0.25353494111728825,0.7998548638509552,0.9999225138543825
LINC00623,3.2394843861809046,0.9920561011053672,0.57456942348092,1.7266078920371073,0.0842381076114534,0.9999225138543825
SEC22B,6.088780448615847,-0.1390215043069901,0.38812749265372615,-0.35818515033929904,0.7202047593407724,0.9999225138543825
NOTCH2,3.13176389171516,0.14686156441570128,0.5720073113053699,0.25674770499095645,0.7973735423428604,0.9999225138543825
RP11-418J17.1,1.4568238287176885,0.12537659812497412,0.7103498442114253,0.17649978971158553,0.8599013138738589,0.9999225138543825
WARS2,3.474273959762823,0.7692362410578949,0.698176441035095,1.1017791432742257,0.2705576998718583,0.9999225138543825
WDR3,1.4149059413642797,-0.9072315106992176,0.7679358000489166,-1.1813897862834732,0.23744791361347728,0.9999225138543825
GDAP2,2.931629879512067,0.6423391237309141,0.5216815079447948,1.2312859741980493,0.21821592580298776,0.9999225138543825
FAM46C,18.761514370829488,0.027732745658598987,0.3635984005063053,0.0762730133575438,0.9392018955072536,0.9999225138543825
MAN1A2,5.602183492326173,0.23646585976545287,0.42879068901288675,0.55147153570386,0.5813104740155174,0.9999225138543825
TTF2,1.3906920417526416,-0.22172780418421453,0.738438776898051,-0.30026565657294335,0.7639745273389804,0.9999225138543825
CD2,57.096211832179065,-0.15044756621251618,0.39457213247159445,-0.3812929343745456,0.7029858959337261,0.9999225138543825
CD58,9.622082933897273,0.35535961393053267,0.4194008040294977,0.8473031298851281,0.39682618254431745,0.9999225138543825
ATP1A1,19.20446360966033,0.3710594276822056,0.32685445086056236,1.1352436128841377,0.2562732606798742,0.9999225138543825
NBPF14,3.0265079645674615,0.6146106633851417,0.6558978101412476,0.9370524704950384,0.3487315683466199,0.9999225138543825
AC245100.1,7.866485459054716,0.04622805430241441,0.6554924578081469,0.07052415897658534,0.9437764723376366,0.9999225138543825
LINC01138,3.8408637573435382,-0.20437399393506886,0.46153064069454847,-0.4428178238123268,0.6578975100821811,0.9999225138543825
GPR89B,2.3178793311501185,-0.07141125065145007,0.5156624621303737,-0.13848448528990528,0.8898575304165375,0.9999225138543825
CHD1L,1.6435436945158146,0.7629954832912843,0.5731622649090072,1.3312032734960566,0.18312213459365823,0.9999225138543825
PRKAB2,1.4430358647186179,0.5692967781278798,0.6156651748729164,0.9246856917729548,0.3551294242274716,0.9999225138543825
NBPF12,1.2219724718623215,0.2693229074344555,0.6722461545043458,0.4006313842479771,0.688691535597902,0.9999225138543825
TXNIP,141.46386571728706,-0.9742650289884579,0.484150838060485,-2.012317138376497,0.0441865169469097,0.9999225138543825
POLR3GL,13.895620675701002,-0.12351601365794689,0.34811983573083294,-0.35480889331870696,0.7227327654047242,0.9999225138543825
LIX1L,4.120767206499733,0.4688828096427075,0.4795074673540576,0.9778425604715243,0.32815219753392266,0.9999225138543825
RBM8A,59.42452054369076,0.05098770008550626,0.32390657755094804,0.15741483384197805,0.8749179234851785,0.9999225138543825
PEX11B,2.6357803643828968,0.18093953236991359,0.6235595007958388,0.29017203994002727,0.7716846253185017,0.9999225138543825
PIAS3,1.9842901442261072,-0.857224876065246,0.5716202266320584,-1.4996405587603991,0.13370753557061704,0.9999225138543825
POLR3C,3.736737754090018,-0.4609598655801132,0.6115053716272745,-0.7538116375878346,0.4509623349897063,0.9999225138543825
RNF115,13.499037831978345,-0.2102266841632273,0.37346326073809605,-0.5629112854307133,0.5734952950637298,0.9999225138543825
CD160,12.164019585786654,-0.5343149514706057,0.8325331175790164,-0.6417942303897519,0.5210067963041296,0.9999225138543825
MCL1,125.25366364336553,0.43056118085508377,0.39531078135124387,1.0891713587556293,0.2760783266561375,0.9999225138543825
RPRD2,2.4986904267540924,0.35762255028953666,0.5790767483586485,0.6175736658451442,0.5368564080676452,0.9999225138543825
PRPF3,3.9812938190795433,-0.04286405638240696,0.4283606246743035,-0.10006535127965577,0.9202924429016281,0.9999225138543825
MRPS21,22.06095085094287,-0.45080208261718535,0.35022355239412156,-1.287183798849366,0.19803023277222864,0.9999225138543825
APH1A,12.530376238011435,0.05988291497260896,0.3680034500467901,0.16272378686937608,0.8707359173968595,0.9999225138543825
ANP32E,12.298564735718381,-0.4177975421914223,0.3259006211320274,-1.2819783550586301,0.19985023926870704,0.9999225138543825
PLEKHO1,3.2238864050767204,0.8874424261652771,0.7401400616873252,1.1990195803509693,0.23052033210522538,0.9999225138543825
VPS45,1.1896214810456387,0.6006417507967664,0.651405226619908,0.9220708189792254,0.3564916369174884,0.9999225138543825
OTUD7B,1.0952097058409231,-0.04575685476537229,0.6716539201369737,-0.0681256423785048,0.9456856181053955,0.9999225138543825
SF3B4,8.611056671836524,0.1772585407441575,0.3508143573820669,0.5052773269228197,0.6133640652430186,0.9999225138543825
BOLA1,1.3242332511952406,0.6351811205636366,0.6857148713050033,0.926305009770031,0.354287493146211,0.9999225138543825
HIST2H2AC,2.253561425814816,0.3796690494005257,0.7597344474553491,0.49973915316356576,0.617258759681272,0.9999225138543825
LINC00869,8.125019105390075,-0.48869794538739847,0.4913812213706377,-0.9945393192361837,0.3199603729219521,0.9999225138543825
NBPF19,4.185451325400208,-0.002754229910849488,0.5247813458102893,-0.005248338060867647,0.9958124513157431,0.9999225138543825
CH17-189H20.1,9.393385113264058,-0.3587681703507892,0.684504214670324,-0.524128504487853,0.6001891639869625,0.9999225138543825
PDE4DIP,7.266921508686658,-0.15659351909759148,0.47500243368737227,-0.32966887744548923,0.7416501724343855,0.9999225138543825
PSMB4,11.719172768318806,-0.5933616288714585,0.44712068080818673,-1.3270726547448801,0.1844846499837257,0.9999225138543825
RFX5,1.747637955766705,-0.7629594194379195,0.7028634945809471,-1.085501559435523,0.2776995733889417,0.9999225138543825
PI4KB,3.765243765259044,-0.37619702729917454,0.4637069890851095,-0.8112817709334261,0.41720387603819775,0.9999225138543825
PSMD4,11.697822316034825,-0.19137752412663664,0.3775757135771608,-0.5068586703141515,0.6122539865652389,0.9999225138543825
PIP5K1A,2.9896253900663257,0.1637099528229382,0.5167863252942179,0.3167846067322592,0.751407045169444,0.9999225138543825
VPS72,5.2713439723277755,-0.3950786396026947,0.6268006594884311,-0.6303098658593332,0.5284918693397076,0.9999225138543825
SCNM1,7.436969811899191,-0.0721088590760392,0.4137895931434575,-0.17426455442788202,0.8616575544484697,0.9999225138543825
TNFAIP8L2,1.0896046937552828,0.17543795762374084,0.7090688781391548,0.24742019151108635,0.804583049297559,0.9999225138543825
GABPB2,1.4877862343810813,-0.5618195508974861,0.6548887124502145,-0.8578855311087628,0.39095567445912915,0.9999225138543825
MLLT11,2.123053256331909,-0.2542220739738091,0.5847975137753304,-0.43471811693008844,0.6637670464524064,0.9999225138543825
CDC42SE1,32.30813906785421,-0.42282223595756707,0.36849816061726076,-1.1474202076051332,0.25120799345229017,0.9999225138543825
C1orf56,8.418271552115105,-1.069702763645773,1.1401341736186228,-0.9382253320683209,0.3481286226624426,0.9999225138543825
CERS2,4.257744107048969,0.7873710531841268,0.49756203124509796,1.5824580730443025,0.11354503642735465,0.9999225138543825
ARNT,1.4168863294034915,0.05408069012776369,0.631467603613405,0.08564285771479227,0.9317503280668226,0.9999225138543825
CTSS,13.546655742352849,-0.4243908936957697,0.46374707632854084,-0.9151343811278515,0.36012108767626283,0.9999225138543825
ENSA,23.86777326093329,-0.22761762373233171,0.283570535469576,-0.8026843245734626,0.42215721545000906,0.9999225138543825
CRTC2,2.5956563278507767,0.3389335899904933,0.5063466560345131,0.6693706494378254,0.5032590695554651,0.9999225138543825
DENND4B,2.5288847895089477,0.08599706351097641,0.572110135035559,0.15031557430044715,0.8805156460785303,0.9999225138543825
GATAD2B,4.614738185646217,-0.48910744794406136,0.4574059529735223,-1.069307132459586,0.2849312977696382,0.9999225138543825
SLC27A3,3.215732954066011,-0.7238742530930454,0.6742353570295191,-1.0736225051771544,0.2829919067212201,0.9999225138543825
INTS3,1.731399276628969,-0.06931270296738777,0.6002840800087587,-0.1154665020707803,0.9080753703268889,0.9999225138543825
ILF2,18.225247998225026,-0.39099490427456574,0.37622789809054913,-1.039250162624736,0.2986884064520732,0.9999225138543825
SNAPIN,5.395410646718606,0.17586979180138765,0.45323721690905255,0.3880303409344207,0.6979935805066553,0.9999225138543825
CHTOP,6.997248985319881,0.4040382018370406,0.4035034810835677,1.0013251948955606,0.31666961605960786,0.9999225138543825
S100A13,1.8699628108830313,-1.49296227904177,0.7396891584794154,-2.018364419604126,0.043553322124676865,0.9999225138543825
S100A4,224.2855401938564,-0.1513754185038634,0.430199930595405,-0.35187225226735136,0.7249340695573114,0.9999225138543825
S100A6,119.03600204716159,-0.1606237927625435,0.3572121348774818,-0.4496593958590879,0.6529560533460237,0.9999225138543825
S100A11,72.56820796236957,0.05588823509795483,0.25100250927094664,0.22266006527299625,0.8238000843834501,0.9999225138543825
S100A10,104.53826031005056,0.29053645580998116,0.4178605544281825,0.6952952431883962,0.48687029469666954,0.9999225138543825
THEM4,6.140957273812783,-0.40922594364706155,0.47987649513517516,-0.8527734694148498,0.39378493918446655,0.9999225138543825
MRPL9,4.4272384636165665,0.7566880680994731,0.4863685215299704,1.5557916160346026,0.11975765242089059,0.9999225138543825
POGZ,4.53075141806423,0.6687542869781815,0.4529543171460415,1.4764276697743932,0.13982911922099223,0.9999225138543825
CKS1B,2.678429963561216,0.42654075060766433,0.7350513282515881,0.5802870278763322,0.5617210738240285,0.9999225138543825
SHC1,2.3898789829363998,-0.07469198255692358,0.5184176395486526,-0.14407685398581788,0.8854397818512049,0.9999225138543825
PYGO2,2.0631580430958527,0.4573287950042482,0.6499945999961168,0.7035886067468567,0.48168900861355834,0.9999225138543825
PBXIP1,7.688144106082855,0.12744078871977482,0.4331320651748517,0.29423078771212213,0.7685815561316871,0.9999225138543825
RP11-307C12.13,1.2318931550990035,0.17759648083385582,0.7592792359514767,0.2339014059976289,0.8150615216584707,0.9999225138543825
PMVK,4.560565954212283,0.46330100704979016,0.47200772519038364,0.9815538651680296,0.3263196853286551,0.9999225138543825
ADAR,12.438408349799735,-0.14244890155941894,0.5331339050085577,-0.26719160087395377,0.7893216426791727,0.9999225138543825
UBE2Q1,1.8528289752599685,-0.3700086539498745,0.7148956032242794,-0.517570191061581,0.6047581842163372,0.9999225138543825
HAX1,15.759657281211803,-0.05488378552144507,0.3445370953235352,-0.15929717370463933,0.8734347473846965,0.9999225138543825
UBAP2L,4.192660198683622,0.13311869261624823,0.6142220356558776,0.21672731502395812,0.8284208595870176,0.9999225138543825
C1orf43,15.311805898692153,0.06127642616463134,0.32587918357745294,0.18803418338031874,0.850849854634132,0.9999225138543825
TPM3,60.21828917748496,0.00896065037577486,0.23301408919899785,0.038455401587851275,0.96932458953759,0.9999225138543825
RPS27,1093.229157403294,-0.2698450111267737,0.41894203231347177,-0.6441106174919761,0.5195037058447978,0.9999225138543825
JTB,25.01826027904747,0.36560287957508414,0.4058205833611663,0.9008978217591054,0.36764264948974956,0.9999225138543825
CREB3L4,1.0552948506776905,0.30570370975967714,0.8052425712052416,0.3796417634777023,0.7042113549967133,0.9999225138543825
SLC39A1,4.989500059235812,-0.5899432793299741,0.45301248167156594,-1.3022671630440483,0.19282507272489424,0.9999225138543825
YY1AP1,4.180400845974327,0.30488491947663915,0.4277835607550088,0.7127083587282739,0.47602624303130503,0.9999225138543825
ASH1L-AS1,1.0191105962727507,-0.054364480253722175,0.7746609009730158,-0.07017842282402205,0.9440516480670538,0.9999225138543825
ASH1L,11.452444184824985,0.21592666937813806,0.3485751346832015,0.6194551701869973,0.5356165459818008,0.9999225138543825
RUSC1,1.921520979263615,0.3444907800017935,0.5385949562588055,0.6396101114549964,0.522426107113067,0.9999225138543825
FDPS,9.704366279822256,-0.47697811482592484,0.5087937055957622,-0.9374685841826925,0.34851757637276237,0.9999225138543825
CLK2,0.8575037176095993,-0.3500796769764577,0.7389056522430617,-0.4737812952353755,0.6356558743405749,0.9999225138543825
SCAMP3,4.416583408255203,0.0009171060728560564,0.4548801791003962,0.0020161486804498524,0.9983913471854096,0.9999225138543825
GBA,1.9668688651898587,-0.04215209129036973,0.6970682380955606,-0.0604705378709152,0.9517808802682329,0.9999225138543825
MTX1,3.7127723429448745,-0.2603915357635427,0.4638322964673675,-0.5613915584290545,0.574530637455692,0.9999225138543825
KRTCAP2,19.928730215455257,-0.06721651890840671,0.5069508156404944,-0.13258982298604982,0.8945177814347227,0.9999225138543825
DPM3,5.6958455847978104,-0.020428403547642204,0.5398853438398044,-0.03783841102696012,0.9698165187179044,0.9999225138543825
SLC50A1,4.084234825328446,0.6620034801804795,0.4259840922069147,1.5540568117246087,0.12017086577938048,0.9999225138543825
EFNA1,1.487733454689894,-1.1317068571585034,0.7787811629172616,-1.4531769783942976,0.146174622364665,0.9999225138543825
EFNA4,1.1587352855215536,0.47238275847298794,0.7438001697584181,0.6350936416516483,0.525367343718874,0.9999225138543825
ADAM15,1.9043744323079566,-0.9076120227404639,0.7019083952228166,-1.2930633525936783,0.19598914875185514,0.9999225138543825
FLAD1,3.90675189966106,-0.3615313094099753,0.5661041745094552,-0.6386303540744106,0.5230634299005146,0.9999225138543825
GLMP,1.6413054969473262,-0.07709757837668439,0.6543873577234783,-0.11781642396774905,0.9062131157398892,0.9999225138543825
SMG5,1.8534952902622106,0.4129786612941178,0.6968572749659158,0.5926301929104739,0.553428668264689,0.9999225138543825
PAQR6,1.671883066257932,-1.2723883532259863,0.6586050661222539,-1.9319443755839538,0.05336637181597119,0.9999225138543825
PMF1,5.550369320715384,-1.2140593536063207,0.7918815695049528,-1.533132478844398,0.1252432166386266,0.9999225138543825
SLC25A44,1.7604722115952398,-0.08601886389626998,0.6271940530396076,-0.13714872371539824,0.8909132403498389,0.9999225138543825
SEMA4A,1.709003165217955,-0.40121930980036186,0.9322244833517278,-0.4303891572959064,0.6669125812795975,0.9999225138543825
LMNA,90.53749595779996,0.9365943473727041,0.6603643409257133,1.4182993982681824,0.15610337230780638,0.9999225138543825
LAMTOR2,7.221019645632379,0.13107443051155054,0.43707892552856764,0.29988732664939133,0.7642631015605758,0.9999225138543825
UBQLN4,1.849196327000645,-0.8069064901464152,0.8367681485130362,-0.9643131034329091,0.33488897335650303,0.9999225138543825
SSR2,55.43867403306798,-0.002537712155368574,0.2941709757520377,-0.008626657163851746,0.9931170088088613,0.9999225138543825
ARHGEF2,4.746824259778699,0.12491866332275942,0.49956863500080767,0.2500530549171836,0.8025463196164422,0.9999225138543825
KIAA0907,4.94712025913831,0.0644530953124478,0.4251110940207167,0.15161471017575198,0.8794908304993059,0.9999225138543825
RIT1,6.220780933408152,-0.15785755482629316,0.5465867798731767,-0.28880602429301433,0.7727298217515571,0.9999225138543825
SYT11,3.1753998757959843,-0.37865688488168553,0.6182059449827005,-0.6125092907223363,0.5402008529702829,0.9999225138543825
GON4L,6.763578045631495,-0.15954851605486745,0.4736674461782908,-0.3368365661228333,0.7362401064009925,0.9999225138543825
DAP3,9.527547367272799,-0.17991760239676108,0.34900045578083255,-0.515522542783574,0.6061879210541723,0.9999225138543825
FCRL6,16.605139541890097,-0.8528092995362484,0.4170129471708173,-2.0450427386536747,0.04085064476292583,0.9999225138543825
DUSP23,7.931064669724522,0.20627140430431498,0.48625336104059397,0.42420561137693563,0.6714158688352165,0.9999225138543825
IFI16,37.63518274392332,-0.7071162648931643,0.5111762295396022,-1.3833121026187742,0.16656918866053205,0.9999225138543825
PYHIN1,19.839650700565514,-0.22985993921088155,0.4863051110445712,-0.4726660978683695,0.636451417382164,0.9999225138543825
FCRL3,2.655788814634328,0.5061230901411926,0.5523999751840213,0.9162257655290219,0.35954849425512225,0.9999225138543825
ETV3,9.114576872525737,-0.8130770909546442,0.5020527867628642,-1.6195051842998471,0.10533861194214543,0.9999225138543825
SH2D2A,24.47865878228124,-0.17734981235074393,0.2667916497027067,-0.6647502369297155,0.506210256149663,0.9999225138543825
PRCC,6.5895390314365105,0.29682347457065467,0.5051021946752727,0.5876503363076471,0.5567670170329326,0.9999225138543825
HDGF,3.6756094856017554,0.11657474165844241,0.6234777418224813,0.18697498537427173,0.8516802458385258,0.9999225138543825
MRPL24,3.381878433171221,-0.4116384476948015,0.5145373736296301,-0.8000166145192469,0.42370117105900906,0.9999225138543825
RRNAD1,1.946275392488814,-0.9823400600554331,0.7286377883832263,-1.3481870906464326,0.17759821562028344,0.9999225138543825
ISG20L2,11.115575241456195,-0.29887252647430385,0.30921433152372796,-0.9665545739796005,0.33376675261259414,0.9999225138543825
GPATCH4,3.7595229215262282,-0.7747218421184751,0.5154469412888797,-1.5030098736860793,0.13283649787488358,0.9999225138543825
APOA1BP,9.23522969131746,-0.08500911490488791,0.4578499917871758,-0.1856702335475918,0.8527033725818374,0.9999225138543825
MEF2D,5.776458993149818,-0.3354722174365765,0.49437996867623296,-0.6785716224199925,0.49740932839853824,0.9999225138543825
CCT3,22.355634949620608,-0.4297244623141239,0.35073650084547286,-1.2252059916154876,0.2204976175558898,0.9999225138543825
USF1,1.4581207539362142,0.17238021356497266,0.7605524791678295,0.22665130715711446,0.8206948929708471,0.9999225138543825
TSTD1,21.560293278527705,0.20560429013776452,0.3899620643203766,0.5272417728531885,0.5980257034972969,0.9999225138543825
F11R,1.3121331481893603,-0.9701219877874686,0.6716700987464191,-1.4443429737278306,0.14864252320696406,0.9999225138543825
CD244,5.378995099670032,0.0743215349899148,0.4855550511796757,0.15306510520145472,0.8783469335737621,0.9999225138543825
LY9,3.3789227359125507,0.8568528203469846,0.5623904545294907,1.523590618307788,0.12761100821129806,0.9999225138543825
SLAMF7,6.062376610590148,-0.06122127472041724,0.4664883159356742,-0.13123860261670361,0.8955865595570776,0.9999225138543825
CD48,46.88946780011228,-0.33649497483048746,0.44709640102403286,-0.752622866253848,0.45167657286665996,0.9999225138543825
CD84,2.792393676693379,-0.030853757629463758,0.5425846614221734,-0.056864411811039225,0.9546532036806236,0.9999225138543825
SLAMF6,3.7810462061067267,-0.4215320975609573,0.41840805786804475,-1.0074664902698833,0.31371065311668633,0.9999225138543825
NCSTN,2.7978251223080206,-0.694504950221628,0.5384711845558801,-1.2897718023564089,0.19712990100918182,0.9999225138543825
COPA,12.048443135325913,-0.11741928550923693,0.421527065377823,-0.2785569306302828,0.7805848691900056,0.9999225138543825
DCAF8,6.350434432296764,-0.3451792338984388,0.46058555688253217,-0.7494356449967304,0.4535946735122841,0.9999225138543825
PEA15,3.1886064269765497,-0.21823186598743516,0.4966255165944119,-0.4394294265907857,0.6603504082455742,0.9999225138543825
IGSF8,5.2836259454581755,0.27313800193407933,0.5134731175488532,0.5319421652256066,0.594766052456775,0.9999225138543825
TAGLN2,101.33086362661183,0.3157916575723912,0.3355473782332523,0.9411239009975869,0.34664136852883864,0.9999225138543825
SLAMF8,0.612501186521098,-0.2683893685873747,0.803740836493861,-0.33392526098109326,0.7384359573298058,0.9999225138543825
SH2D1B,14.278220613452214,-0.4133400622685808,0.5583149659933762,-0.7403349138835097,0.45909680094728933,0.9999225138543825
ATF6,2.572809924220329,-0.08905175119272643,0.6000542127671934,-0.14840617613874893,0.8820222261926268,0.9999225138543825
DUSP12,4.021651575340696,-0.04782800990128694,0.5579123370649259,-0.08572674723936254,0.9316836391713815,0.9999225138543825
FCRLB,1.9177989768723687,-0.8484217012776368,0.8283877897713354,-1.0241842187362897,0.30574827125071136,0.9999225138543825
FCGR3A,48.493086572984865,-0.8489021236025863,0.7465185388456991,-1.1371480806293135,0.2554763871050463,0.9999225138543825
HSPA6,61.956917281675416,0.35763236302416856,0.901371107892774,0.39676483957894076,0.6915408810132221,0.9999225138543825
SDHC,10.909026706780333,-0.39598642514328714,0.5101078108265916,-0.776279870134944,0.43758375598252264,0.9999225138543825
FCER1G,79.09331391483519,-0.38777886807670786,0.5726759397347851,-0.6771349050499557,0.4983203642618572,0.9999225138543825
NDUFS2,5.508701453699713,-0.35518122097105287,0.4022117137587967,-0.8830703055656215,0.37719828678793377,0.9999225138543825
B4GALT3,6.362933029612872,0.02876368463207666,0.39847495484201984,0.07218442284153183,0.9424551416041625,0.9999225138543825
PPOX,1.3690343308612094,0.5127222145136475,0.6118539142581028,0.8379814242674962,0.4020411362544801,0.9999225138543825
UFC1,27.942828534385846,-0.23479525161178239,0.3415059982966797,-0.6875289241854151,0.4917494802358079,0.9999225138543825
DEDD,2.6970871858472574,0.527312187028486,0.5989978208831976,0.8803240490107058,0.3786837881796037,0.9999225138543825
NIT1,1.3997748776139831,-0.16427486179197953,0.6357240113831373,-0.25840594165158026,0.7960936315075777,0.9999225138543825
PFDN2,12.376459039552678,0.42134944082236375,0.3104352967759471,1.357285866647012,0.17469039632042205,0.9999225138543825
ARHGAP30,13.343258003045515,-0.07536582831359255,0.46532556636630557,-0.16196365246405645,0.8713344770247986,0.9999225138543825
TIPRL,9.243919057446218,-0.24694991138959155,0.3477880138670028,-0.7100587183663765,0.4776677244721952,0.9999225138543825
DCAF6,4.797361620796612,0.08313944501434284,0.42595746431882275,0.19518250524684835,0.8452500744575355,0.9999225138543825
MPC2,16.614935892609875,-0.09101345296390466,0.362169694012056,-0.25130057668733313,0.8015817293352653,0.9999225138543825
RCSD1,9.08263958788886,0.036821660167000746,0.3940066835128566,0.09345440498295313,0.9255425706606883,0.9999225138543825
CREG1,4.540095169706961,-0.5548666430493596,0.5515993261637387,-1.0059233518437094,0.3144524421472462,0.9999225138543825
CD247,54.33948979273987,-0.31869349486568915,0.5577103336107366,-0.5714319345714808,0.5677068870114776,0.9999225138543825
POU2F1,1.8533301062410998,-0.7130772416178566,0.6729573555045297,-1.0596172785469418,0.28931874966276794,0.9999225138543825
TADA1,1.2376615599867349,0.9135647261910192,0.7630050455165294,1.19732462001292,0.2311800518586572,0.9999225138543825
POGK,2.208864999016632,-0.007210186642057241,0.5299844605395693,-0.013604524620809934,0.9891454946799239,0.9999225138543825
UCK2,1.598711601066803,0.10012989194261361,0.6332965835878097,0.15810900380252896,0.874370905847266,0.9999225138543825
TMCO1,14.418612952889465,-0.025697617748483104,0.36197855315098615,-0.07099210029099233,0.9434040426830229,0.9999225138543825
ALDH9A1,5.442579681764676,0.2841888420765947,0.40932833657157197,0.694280890633878,0.487506072544744,0.9999225138543825
MGST3,17.07309048282844,-0.500899355997078,0.3024419896321403,-1.6561832456079297,0.09768471513616388,0.9999225138543825
HSD17B7,4.760065139282447,-0.3555446569861939,0.4465966138572604,-0.7961203599717211,0.4259620812730476,0.9999225138543825
UAP1,15.408031033258021,0.009570374818780572,0.43881777383678416,0.021809451187681884,0.9825999550235315,0.9999225138543825
UHMK1,10.757425384667755,0.10410354890006733,0.34721285667569196,0.29982630797944043,0.7643096471138742,0.9999225138543825
SUCO,8.418953943234904,0.25740652872762604,0.38119983352468023,0.6752535182074275,0.499514709895473,0.9999225138543825
PIGC,5.663555691515495,-0.27204811625125835,0.40388517603820945,-0.6735778691355617,0.5005797270594566,0.9999225138543825
METTL13,1.2813116608107586,-0.18379707184218402,0.6760027488537717,-0.2718880539373986,0.785708096930037,0.9999225138543825
VAMP4,4.012170116330087,0.34106555512215264,0.47599682372347274,0.7165290567575141,0.47366473234137796,0.9999225138543825
PRRC2C,45.52290115369922,-0.20264839073144814,0.4205541798902873,-0.4818603652549936,0.6299051435251728,0.9999225138543825
GORAB,1.3313351502993311,-0.040996236186996105,0.6953829368834125,-0.058954906732014783,0.9529880248161139,0.9999225138543825
KIFAP3,5.2026926228024415,-0.5645271962623194,0.40953031461018247,-1.3784747456355533,0.1680567598278636,0.9999225138543825
SCYL3,1.8963139533007867,-0.5391699683756437,0.5426466526847784,-0.9935930972909651,0.3204210060873831,0.9999225138543825
SELL,31.693544153640314,-0.7297012005009818,0.740437447905449,-0.9855001290995776,0.32437846804846526,0.9999225138543825
SLC19A2,4.097683512771971,-0.12901413831584288,0.6268736553278557,-0.20580564714969293,0.8369427298437898,0.9999225138543825
BLZF1,3.769983004672588,0.05548892900296136,0.44217689851093683,0.12549033925070352,0.9001353727419872,0.9999225138543825
NME7,1.7935245498091836,0.1584268681249137,0.5672594323392383,0.2792846783906268,0.7800263635457679,0.9999225138543825
ATP1B1,7.512858700735631,0.07370125402102268,0.5479087463227755,0.13451373885826773,0.8929963477824534,0.9999225138543825
XCL1,353.4607771367603,-0.21665443845344753,0.7028153191107193,-0.30826652829306994,0.7578795332062577,0.9999225138543825
XCL2,236.86638511394148,0.42657064750386686,0.5738914722047325,0.7432949750326491,0.45730311318331973,0.9999225138543825
SFT2D2,5.842559019050686,-0.30698038105615605,0.4122189010552607,-0.7447023420573412,0.4564516830138797,0.9999225138543825
TOR1AIP1,7.488753850917507,-0.28862323403162266,0.3584014315210416,-0.8053071462541792,0.42064245896459107,0.9999225138543825
TOR1AIP2,5.3676510670044655,-0.42187052160957383,0.4907119167396689,-0.8597111812823233,0.38994826969275764,0.9999225138543825
SOAT1,3.3238965561555576,0.09125679958890946,0.46357500885634173,0.19685444177425282,0.8439414461878221,0.9999225138543825
ABL2,1.1561021925547517,0.14609753783025126,0.7639880836960389,0.19123012642220447,0.8483453016578125,0.9999225138543825
TOR3A,4.002811216629585,0.1007987616956089,0.4741329285529471,0.21259599497391282,0.8316420955859851,0.9999225138543825
RFWD2,4.045384360147621,0.05455530712445259,0.4967793248205579,0.10981799040078523,0.9125537230640742,0.9999225138543825
KIAA0040,2.6250402465638425,-0.32260100046331464,0.5283513273740909,-0.6105804674829597,0.5414773569522893,0.9999225138543825
MRPS14,4.38392362077517,-0.5182100595833875,0.5250901461636229,-0.9868973230015794,0.32369297673302855,0.9999225138543825
CACYBP,46.940603633144185,0.5741792997717416,0.5526504444023388,1.0389556465347372,0.298825364527616,0.9999225138543825
RABGAP1L,13.310231051755403,-0.1871381016334363,0.3745031578203928,-0.4996969924701823,0.6172884505017056,0.9999225138543825
RC3H1,6.0656364975493595,0.03435607322881916,0.5158121194374814,0.06660578907352188,0.9468955369684549,0.9999225138543825
DARS2,0.788143270922427,-0.8873254049841134,0.8164805833329313,-1.0867685320353713,0.27713911805780456,0.9999225138543825
CENPL,1.3184325421546899,-0.79532822920158,0.6739189754674955,-1.1801540810597644,0.23793893840096036,0.9999225138543825
KLHL20,2.6958329480628183,0.24855747280740803,0.502147980200003,0.4949884946433696,0.6206082419833896,0.9999225138543825
PRDX6,27.293926349780268,-0.0862078587686667,0.3430566006079541,-0.2512933976955751,0.8015872793051912,0.9999225138543825
FASLG,10.780538985032324,0.446593787990458,0.6298811808992494,0.7090127495996605,0.4783165649763965,0.9999225138543825
EDEM3,5.30585575532686,-0.3810708164337729,0.6397854371964675,-0.5956228358426239,0.5514272177617952,0.9999225138543825
C1orf21,10.754130409706727,-0.11195942028100507,0.47790897841576696,-0.2342693385927636,0.8147758879023275,0.9999225138543825
TSEN15,5.771504779611721,0.09387200184151784,0.555434815545417,0.16900633380235433,0.865791659414365,0.9999225138543825
ARPC5,30.25098610526097,-0.12605562681846025,0.41856839643433713,-0.3011589692205422,0.7632932760088615,0.9999225138543825
SMG7,2.7713104846575716,0.07866929511540152,0.5466150200482232,0.1439208441591327,0.8855629757847192,0.9999225138543825
DHX9,6.08216418586734,-0.021614398082966526,0.3975477252357689,-0.05436931646420044,0.9566409245976949,0.9999225138543825
RGS16,14.640000513894822,0.9475876484088854,0.5857515371962405,1.6177296826989311,0.10572086617419713,0.9999225138543825
RNASEL,1.1207731122213438,-0.9138542019256228,0.7166000323997187,-1.2752639695889323,0.20221582607280342,0.9999225138543825
GLUL,30.35749060768979,-0.6549101552864854,0.4305922029243643,-1.520952192907041,0.12827183482235743,0.9999225138543825
IER5,21.455671117195216,0.6142971905093135,1.1324629137975186,0.5424435387904882,0.587512993081984,0.9999225138543825
MR1,2.064571338561396,0.17019342797180992,0.6878876347597538,0.24741457670081587,0.8045873942237186,0.9999225138543825
STX6,1.9809793370888746,0.10153977361132613,0.5413936091545252,0.18755259000913793,0.8512273942816566,0.9999225138543825
XPR1,2.5246650184165467,0.6954185910845613,0.7858806096601104,0.8848908886876934,0.37621548260712234,0.9999225138543825
ACBD6,4.73422023813549,0.06874916582941151,0.45984241621800814,0.14950592508373128,0.8811544343732416,0.9999225138543825
QSOX1,2.100046176773523,0.25318789623115145,0.6293826996075896,0.40227972009559554,0.6874781778993992,0.9999225138543825
CEP350,6.7389765475106875,0.41295036647932676,0.45837849899557787,0.9008938407543209,0.3676447663547987,0.9999225138543825
PTPRC,142.01993195314517,-0.14152980594686398,0.2810128262469107,-0.5036418011130547,0.6145131125694258,0.9999225138543825
NEK7,4.598117300686227,0.4972891083892303,0.4465843802846406,1.113538964511638,0.26547702345097524,0.9999225138543825
DENND1B,7.294228711504223,0.46492242599696076,0.3986137254894001,1.1663482621581829,0.24347366762599199,0.9999225138543825
ZBTB41,1.6573158434326083,-0.10041616634175478,0.7438581500498047,-0.13499370321482862,0.8926168528668054,0.9999225138543825
CDC73,6.150177375070913,0.5400061782536555,0.36033899168815303,1.498606009090993,0.13397587290564056,0.9999225138543825
GLRX2,4.708677140181572,0.02640984826912771,0.4876407165251827,0.05415841494393312,0.9568089520979296,0.9999225138543825
TROVE2,10.683209529295599,-0.13720151389598242,0.3663502544197606,-0.37450912682806065,0.7080255676211448,0.9999225138543825
UCHL5,3.7532530682043235,0.6033836529210983,0.4920880732993206,1.2261700408131622,0.22013469283274545,0.9999225138543825
RGS2,50.383813809092054,0.3094850900750972,0.44252330941796536,0.6993644933238694,0.4843242716278402,0.9999225138543825
RGS1,94.91046479761921,-0.31602109150800883,0.5994766071387758,-0.5271616736078103,0.5980813213505678,0.9999225138543825
C1orf27,2.9632508460898808,0.060414908268635506,0.4664517239690436,0.12952017360888773,0.8969460631662757,0.9999225138543825
TPR,18.100287923378485,0.048159488233311384,0.3320961890284417,0.14501668439557694,0.8846976987961671,0.9999225138543825
IVNS1ABP,25.861195174503703,0.232424670138651,0.3621312607980981,0.641824375024714,0.5209872212497619,0.9999225138543825
TRMT1L,1.6416262763101337,-0.14304050998555629,0.6085495208114043,-0.2350515530680797,0.8141687203242318,0.9999225138543825
RNF2,5.150330912716985,0.19469658881634336,0.5816261366976989,0.3347452539216566,0.7378172611540417,0.9999225138543825
FAM129A,13.981746582442076,-0.6270934549004206,0.5407472169925857,-1.1596794864485058,0.24617932513944563,0.9999225138543825
CYB5R1,2.5910175466910377,0.48315762256150097,0.5066547017302159,0.9536230906602213,0.34027446324302335,0.9999225138543825
ADIPOR1,9.536739425239821,0.46482930004548934,0.4742763916670399,0.9800810417985496,0.327046116473926,0.9999225138543825
KLHL12,2.0223830462162558,-0.8997447329951276,0.5952585167980895,-1.5115192938941506,0.13065619667696268,0.9999225138543825
RABIF,6.69773198492457,0.3906930052402156,0.4022329703380266,0.971310245681469,0.3313938082514569,0.9999225138543825
KDM5B,6.8437816235591145,0.5810945946306132,0.4536603137078853,1.2809024220813452,0.20022794197451865,0.9999225138543825
PTPN7,23.278646366299917,0.08936480577900152,0.41902846318766784,0.21326667190858162,0.8311189675181537,0.9999225138543825
ARL8A,1.9080993634651628,0.01456978535652594,0.6391094106770685,0.022797012707246482,0.981812190920985,0.9999225138543825
RNPEP,2.9091918052102677,-0.15260743257626155,0.5187028383530042,-0.2942097503472774,0.768597630500416,0.9999225138543825
TIMM17A,8.255813965593363,0.010024999367876802,0.37873846211653434,0.026469451536169048,0.9788828992007784,0.9999225138543825
IPO9,2.957047406585564,-0.6042545075241716,0.5380969518947841,-1.122947278174368,0.261459886440329,0.9999225138543825
CSRP1,7.648711183115604,-0.6980237195900537,0.4941904412009112,-1.4124589660087634,0.15781486476154094,0.9999225138543825
TMEM9,2.090188842123701,-1.2124594045829287,0.6034049099614734,-2.0093628417116167,0.04449866790399496,0.9999225138543825
KIF21B,2.2353802236051292,0.2590257456076001,0.5853631363958115,0.4425043695140581,0.6581242690848377,0.9999225138543825
DDX59,2.4599820781493618,0.3504286737661555,0.5391292411580516,0.6499901081481564,0.5156986112217339,0.9999225138543825
ZNF281,2.830530666951005,0.02478567445088458,0.513333612238337,0.048283755164227934,0.9614901009540614,0.9999225138543825
MIR181A1HG,3.1902361470901193,0.37924174055034876,0.512956870976272,0.7393248087866855,0.4597097882221528,0.9999225138543825
IKBKE,1.6211117994971038,1.0127493553302591,0.5833432894266201,1.736112120747478,0.08254401162550196,0.9999225138543825
SLC41A1,1.4193723013594448,0.38468878368592774,0.6557608979368624,0.5866296464095762,0.5574524673246626,0.9999225138543825
RAB29,13.708909545148105,-0.2564113008141364,0.5087361223065034,-0.5040163054504977,0.6142499188938022,0.9999225138543825
NUCKS1,16.226057470305356,-0.5137552050489578,0.41013383483699906,-1.2526525768183483,0.2103321716696862,0.9999225138543825
ELK4,3.642348364932019,-0.9142596683148552,0.4558115000628779,-2.0057845582850273,0.044879238866601286,0.9999225138543825
NUAK2,0.8895336359354556,0.7531289511385728,0.7088864689823767,1.0624112380360529,0.2880490342110602,0.9999225138543825
DSTYK,1.0522082935356278,1.029222313995632,0.6821406494722153,1.5088124638107405,0.13134671469437476,0.9999225138543825
RBBP5,3.8603960296111777,-0.06001357894757587,0.4282106635302479,-0.14014966010610955,0.8885417446564956,0.9999225138543825
MDM4,8.711088340754912,-0.5767182894067228,0.5048493101136456,-1.1423572893006406,0.2533055369838635,0.9999225138543825
PPP1R15B,8.847501909700233,0.48246022119672205,0.5447402261511022,0.8856702663682033,0.3757952352232319,0.9999225138543825
SNRPE,13.554754916280537,-0.5156167567474422,0.6609523508551729,-0.7801118432823664,0.43532504596194477,0.9999225138543825
ZC3H11A,8.015421731692332,-0.07130103379645542,0.3831460751969999,-0.18609360348998746,0.852371357975987,0.9999225138543825
LAX1,5.0095789928570715,-0.0874207568829703,0.41077184580103326,-0.2128207124626417,0.8314668076042866,0.9999225138543825
ATP2B4,10.816532660393767,-0.03660707090654145,0.4138099657964453,-0.08846348307751632,0.9295083067975881,0.9999225138543825
BTG2,95.23340921396762,0.4647567763630262,0.3872207593979973,1.2002372421498584,0.2300472153241664,0.9999225138543825
TMEM183A,8.320839183631078,0.14153275705312732,0.4146227151840913,0.3413531190404925,0.7328377633972171,0.9999225138543825
TMEM206,1.3905177377238815,-0.15989441242887925,0.6595980949342268,-0.24241187725811042,0.8084610320721696,0.9999225138543825
PPP2R5A,5.944289602104225,0.49811144568356847,0.5057509338024492,0.9848947622074687,0.3246757664492642,0.9999225138543825
INTS7,1.003022300175727,-0.5331123050687208,0.7107137988278286,-0.7501082797997959,0.4531894932000804,0.9999225138543825
LPGAT1,7.677280952483877,0.527018705712445,0.35878359073701593,1.4689041509112477,0.14185878862474252,0.9999225138543825
SLC30A1,2.9140353957822422,-0.7714191742431805,0.6616748780932596,-1.1658583388660146,0.24367172545019244,0.9999225138543825
LINC00467,1.8678036491353456,-1.2904942022484285,0.6988994508045683,-1.8464661844601828,0.06482454498626393,0.9999225138543825
TRAF5,7.234567524905327,0.548431342852215,0.4921114284603602,1.114445451039533,0.26508813384871366,0.9999225138543825
RCOR3,3.770437776898758,0.22046655566480228,0.47807938747134465,0.46115051483581626,0.6446906219621739,0.9999225138543825
TRAF3IP3,21.582292929545005,-0.29809007629177536,0.361498089127221,-0.824596547692592,0.40960068204452316,0.9999225138543825
CD46,11.891283076054043,-0.12044488329053211,0.3045885435921295,-0.39543471290836946,0.6925220949602553,0.9999225138543825
CD55,59.381325367600006,0.20777429926459787,0.3236013734245585,0.6420686570820023,0.5208286055155251,0.9999225138543825
YOD1,1.207699583194706,-0.5718893919301243,0.7331982234835098,-0.7799928772508633,0.4353950677049062,0.9999225138543825
FCMR,10.954598712374468,-0.07624333679017045,0.46453023775838154,-0.1641299760336103,0.8696288243322242,0.9999225138543825
MAPKAPK2,5.406531749328962,-0.03882805762451991,0.6063535290911419,-0.06403534532522462,0.9489420830494825,0.9999225138543825
EIF2D,2.3487258463662632,-0.033421672887035604,0.5038237159517687,-0.06633604538424523,0.9471102863459401,0.9999225138543825
RASSF5,16.627280835046985,0.6060227446471291,0.2944631764891281,2.058059523342485,0.03958441988811369,0.9999225138543825
TAF1A,1.1142568666938963,0.3846084225156428,0.6732511375822762,0.5712703641271469,0.5678163874784765,0.9999225138543825
DUSP10,11.017144057736411,0.24807854351440906,0.5694746665328693,0.43562700519196906,0.6631073741482263,0.9999225138543825
RAB3GAP2,3.245649199253355,-0.3432854892609572,0.5378562898371968,-0.6382476058146795,0.5233125123504664,0.9999225138543825
IARS2,3.401970788790907,-0.27667906513949536,0.44222456785234654,-0.6256528588702814,0.5315426599364899,0.9999225138543825
BPNT1,1.8756399068656875,-0.6792415926781644,0.6287207203879417,-1.0803550299074758,0.279984113184669,0.9999225138543825
EPRS,5.9521815766313955,0.07186623871334985,0.5107275583379476,0.14071345385634368,0.8880963162114555,0.9999225138543825
LYPLAL1,1.647532999829616,-0.5625005358296881,0.5766417423552482,-0.9754766166115523,0.32932389520506555,0.9999225138543825
RRP15,1.9981716938916951,0.6462311848950496,0.6631854095754189,0.974435166341757,0.3298405157559363,0.9999225138543825
GPATCH2,5.348077745596504,-0.6073966464824407,0.5323827820100625,-1.1409021234480126,0.2539106556868378,0.9999225138543825
CENPF,2.4645693307655026,0.07605375578205653,0.8849319586681542,0.08594305475928278,0.931511685355435,0.9999225138543825
SMYD2,3.871514058435286,-0.036108589911326795,0.4620293515260222,-0.07815215590105881,0.937707019614656,0.9999225138543825
ANGEL2,4.887139147161798,-0.1503896622555903,0.5988979860770327,-0.25111064947920286,0.8017285625574262,0.9999225138543825
TATDN3,1.97414556342494,0.5418166762937148,0.6444184860091017,0.8407838819913404,0.4004690183057654,0.9999225138543825
NSL1,5.440948602303442,0.5886444530881769,0.41373552880833886,1.4227553886503757,0.1548070778257437,0.9999225138543825
ATF3,54.34136654850773,0.6913018930513831,0.837651870976872,0.8252854401735948,0.4092095559394545,0.9999225138543825
NENF,4.046536118071901,-0.2807285735429296,0.5029110525757657,-0.5582072060359752,0.5767029007595013,0.9999225138543825
H3F3A,179.56659598676003,-0.1390409674651859,0.22104355240756046,-0.6290206882344251,0.5293355121706984,0.9999225138543825
SDE2,5.262951580545851,0.14021462011961683,0.5085592391526668,0.2757095129236757,0.7827711884788658,0.9999225138543825
PYCR2,2.898114618246528,-1.0399535966117666,0.798694951972229,-1.3020660692092698,0.1928938010447503,0.9999225138543825
TMEM63A,2.6035817635907454,0.4267890788642024,0.5491505973237829,0.7771803963140638,0.4370523464243311,0.9999225138543825
SRP9,20.363096429880123,0.026960068431643423,0.35138474898962463,0.0767252093585868,0.9388421494815461,0.9999225138543825
LBR,10.730196709003561,0.0010897702444098742,0.4156900411235352,0.002621593342636792,0.9979082735431929,0.9999225138543825
WDR26,5.307171585379419,0.04902735412226183,0.5315931793534059,0.09222720686878526,0.9265175222048234,0.9999225138543825
CNIH4,6.604516927721098,-0.5168899932622681,0.3782851598000938,-1.366403042444014,0.17181249438842705,0.9999225138543825
DEGS1,8.082881319711104,-0.17662024516057434,0.3933939247460871,-0.44896536029266954,0.6534566451629968,0.9999225138543825
FBXO28,2.1845892029516403,0.3737630603340652,0.5835615611147986,0.6404860861980906,0.5218566319884976,0.9999225138543825
TP53BP2,2.9021519241257767,0.038186873129830615,0.5977376830205201,0.06388567128119255,0.9490612616321581,0.9999225138543825
CAPN2,14.401420968783368,-0.29236404668551214,0.45541916684340594,-0.6419669350149252,0.5208946520448543,0.9999225138543825
RP11-452F19.3,1.490155655876781,0.1744582955866668,0.630958362406378,0.2764973189693687,0.7821661185719526,0.9999225138543825
BROX,4.966251707849192,0.0016982556376117376,0.4336829610317946,0.00391589199993318,0.9968755782165739,0.9999225138543825
AIDA,2.636243650858403,-0.02754679352464918,0.4764553354009586,-0.05781610883099319,0.9538951066510524,0.9999225138543825
MIA3,5.071087328049515,0.47828436417642206,0.5668838748746003,0.8437078304303905,0.3988326907907389,0.9999225138543825
NUP133,3.033675618962974,-0.26992510073384335,0.5922790424533774,-0.45573974661629385,0.6485771366840349,0.9999225138543825
RAB4A,7.537284523732618,0.004000111234614872,0.511792158434242,0.007815890041872983,0.9937638854988243,0.9999225138543825
RNF187,4.323607842934066,0.18010445222028412,0.5422132355642689,0.3321653556332935,0.7397644021791382,0.9999225138543825
HIST3H2A,5.788195971787216,0.550921621399238,0.49270809617331096,1.1181501292104814,0.26350287960353813,0.9999225138543825
TRIM11,4.248778092921537,-0.07985595795743207,0.5085090301851786,-0.15703940975905922,0.8752137889181147,0.9999225138543825
IBA57,0.8690552980822717,-0.6064075441431149,0.7030003664469394,-0.8625991864100756,0.38835787784852305,0.9999225138543825
GUK1,49.81921685675737,0.17591642891139467,0.40984871707832515,0.4292228365760035,0.6677610654195927,0.9999225138543825
MRPL55,7.889997793697636,-0.45914232235564273,0.4789257654976055,-0.9586920467279355,0.3377139062760539,0.9999225138543825
C1orf35,6.524409318881151,-0.26146974516559635,0.5695867457219326,-0.4590516670716977,0.6461970638523475,0.9999225138543825
ARF1,41.83936122463154,0.13865831303617854,0.33372592335150203,0.41548559261946966,0.6777864599490369,0.9999225138543825
JMJD4,1.0485580493279236,-0.8904549021080438,0.7986913377324539,-1.1148923996548075,0.2648965340382763,0.9999225138543825
SNAP47,1.7178322371138923,0.5591617184176256,0.5542392282327274,1.0088815261247284,0.31303145600518556,0.9999225138543825
ADCK3,2.376960431749266,0.3058905028842982,0.6953220546991064,0.4399263633549913,0.659990440980706,0.9999225138543825
ITPKB,4.136358436332758,0.14309755996880505,0.5471527166365192,0.26153129760272514,0.7936828171278032,0.9999225138543825
PARP1,8.826827623762268,0.016504797799120268,0.44539604994785603,0.03705645301760655,0.970439993619003,0.9999225138543825
ACBD3,3.474926030234052,-0.10049958569467442,0.6873272656806717,-0.14621795280469196,0.883749333585016,0.9999225138543825
ARID4B,31.696953260739896,-0.06512072807841951,0.36038540685031833,-0.18069746121952884,0.8566050516379089,0.9999225138543825
RBM34,3.226519278618028,0.0030325213995891385,0.5692278669248979,0.005327429621412473,0.99574934626298,0.9999225138543825
TOMM20,24.13968791864191,0.23996846859207605,0.42622703457768446,0.5630062129443345,0.5734306532833848,0.9999225138543825
IRF2BP2,13.20060898997583,0.2402509670580922,0.4610427196893223,0.521103483035124,0.6022946847186466,0.9999225138543825
COA6,3.5809996269458835,0.2935118240232396,0.48194975565218906,0.609009176954661,0.5425183561244413,0.9999225138543825
RP5-827C21.4,1.1984148420371958,0.07065574857441557,0.6662311597444684,0.10605290302170112,0.9155403782744065,0.9999225138543825
NTPCR,1.9195249539512296,-0.15224767809276513,0.5421778495495938,-0.28080763206988746,0.7788579495230844,0.9999225138543825
TSNAX,3.9358718352344946,-1.3837889173000408,0.7286694478749629,-1.8990626289267645,0.05755624195560849,0.9999225138543825
SPRTN,3.5806198283469093,0.49483150243115176,0.44716858395429876,1.1065882537081904,0.2684719881203034,0.9999225138543825
GNPAT,4.386476228545505,-0.1284385720501525,0.4868439323293577,-0.2638187795329484,0.791919563110929,0.9999225138543825
C1orf131,3.269276877052836,-0.4737637324550746,0.5597430714379313,-0.846394991970185,0.39733243133386986,0.9999225138543825
ARV1,1.0661220663966033,-0.16053987949616216,0.6821927642316961,-0.23532920299582263,0.8139532307659753,0.9999225138543825
TTC13,5.060520173837198,0.07878342265939982,0.46672792417818176,0.16879946233798265,0.8659543812489081,0.9999225138543825
COG2,2.3115267546306892,0.08536487055722383,0.5231293716889531,0.16318118457317446,0.8703757801701841,0.9999225138543825
GALNT2,7.130155566198812,0.17466904621196774,0.5039351113223111,0.34661019303386353,0.7288841871862565,0.9999225138543825
ABCB10,1.1888648892258948,-0.7966080020386963,0.6830443173027123,-1.1662610783212983,0.24350890454302832,0.9999225138543825
DESI2,6.87943072668973,0.13352125667270665,0.42644907860834735,0.31310011762349976,0.7542045997383598,0.9999225138543825
ADSS,15.050378450114389,-0.32096186070617655,0.30080418593778835,-1.0670126138888145,0.285966139988313,0.9999225138543825
AKT3,4.014815919424574,-0.3006624805668412,0.519690309923053,-0.5785416330186304,0.5628984976922905,0.9999225138543825
SDCCAG8,3.200147397597386,-0.0844987024196032,0.4639499658879547,-0.18212891180599824,0.8554815598323774,0.9999225138543825
CEP170,2.6296393868023,0.22874363727443586,0.5516139762931512,0.41468064100114777,0.6783757059777475,0.9999225138543825
FH,2.266892234941172,-0.7432350582391288,0.5392464673743441,-1.378284519614991,0.1681154608059976,0.9999225138543825
MTR,2.91190200753096,0.0294865229417231,0.568716425773115,0.05184749658257017,0.9586502096186617,0.9999225138543825
HEATR1,1.3441030023786202,-0.6478647615216253,0.6629441942967674,-0.9772538429254398,0.328443497900907,0.9999225138543825
LGALS8,3.72000969459154,-0.21298474531477046,0.4944147616837217,-0.4307815255949362,0.6666272337866559,0.9999225138543825
EDARADD,2.694995908808826,-0.0920098668669111,0.7162957460254052,-0.12845234301258537,0.8977910104695833,0.9999225138543825
ERO1B,12.384865913992408,0.6029313351265502,0.45452606413846264,1.3265055245388055,0.18467230644002441,0.9999225138543825
GPR137B,2.5306100209888593,-0.5140124742769004,0.6157977066484996,-0.8347099521926303,0.4038810367978414,0.9999225138543825
LYST,18.918468878169076,-0.12590742889193612,0.47140601498305773,-0.26708914373199333,0.7894005261129982,0.9999225138543825
B3GALNT2,2.8978771561930925,-0.22361566055817578,0.5024182765095495,-0.4450786745094164,0.6562628994844023,0.9999225138543825
TBCE,1.1244164710047966,0.14771648032178877,0.6649356665982714,0.22215153697122011,0.8241959193361421,0.9999225138543825
GGPS1,4.236685716056057,-0.2664443647549601,0.4330600538582184,-0.6152596213415532,0.5383832792010598,0.9999225138543825
TSSC1,4.182207690122558,-0.5327978240271832,0.4860247912792704,-1.0962358990470447,0.2729755531650915,0.9999225138543825
TMEM18,5.705250424093047,-0.4293096236838111,0.3977864681565187,-1.079246425031454,0.2804778889440085,0.9999225138543825
ACP1,17.40744569892662,-0.5056345285628043,0.36635095972616866,-1.3801916308360267,0.16752765015352644,0.9999225138543825
SH3YL1,3.4699495683492483,0.058245411098496916,0.5799594474451004,0.1004301444783525,0.9200028389080224,0.9999225138543825
ZNF692,1.2096577915216151,0.006243771050695102,0.734861292664464,0.008496530043181896,0.9932208314240978,0.9999225138543825
ZNF672,1.8611603007310886,0.052727175402935755,0.5668790912773297,0.09301308905948069,0.9258931627371328,0.9999225138543825
ZNF124,3.005493410306465,-0.3828461521458819,0.5109960511441723,-0.749215480801956,0.45372733993194003,0.9999225138543825
ZNF669,2.752896061581596,-0.4429155397930236,0.5360796790314346,-0.8262121418093371,0.40868376180499366,0.9999225138543825
SCCPDH,3.5536859788109436,0.059595852819438445,0.505861891893272,0.11781052056795795,0.9062177933955673,0.9999225138543825
CNST,4.8716365106390755,0.14287187879889515,0.5590063897664314,0.25558183486702374,0.7982737463160053,0.9999225138543825
TFB2M,2.4334394034651274,0.22044536118464048,0.619025930635238,0.3561165215783799,0.7217533048131204,0.9999225138543825
SMYD3,3.855852166136371,0.6925108270994251,0.5092022639356559,1.3599916499721858,0.17383256627197452,0.9999225138543825
EFCAB2,1.760875201297543,0.37890118533262523,0.7784523813751651,0.4867364971808323,0.6264450775003821,0.9999225138543825
HNRNPU,28.243831928375858,0.48740361933200177,0.3824352600621572,1.2744735390057496,0.20249564461577585,0.9999225138543825
HNRNPU-AS1,3.27118870282284,-0.4412584971557424,0.6753514242314602,-0.6533761258560874,0.5135138261825399,0.9999225138543825
COX20,11.218086063618982,-0.001906265570085787,0.38001942922379345,-0.005016231864721809,0.9959976428266784,0.9999225138543825
KLF11,1.5525594019401394,-0.18082302599352432,0.6586889548094872,-0.274519596348513,0.7836853461492624,0.9999225138543825
TAF1B,2.8245018500777084,-0.05741460828824939,0.4836595661445717,-0.11870872056955754,0.9055061273902367,0.9999225138543825
YWHAQ,46.22620705372511,0.11310297532299518,0.31552998838784563,0.35845396471149477,0.7200036128872385,0.9999225138543825
ADAM17,3.601508709834854,-0.839926727479065,0.6051303705174391,-1.3880095404249082,0.1651341400127172,0.9999225138543825
IAH1,10.203598855632226,-0.2164211901924168,0.3612680560199813,-0.5990598575935172,0.5491329693170522,0.9999225138543825
CPSF3,1.9345740462044783,-0.13259263033188423,0.5806702990521968,-0.22834408880273283,0.8193787518618301,0.9999225138543825
ITGB1BP1,11.27496792746834,0.30752006029061335,0.45372106854282157,0.6777733757840474,0.4979153944924041,0.9999225138543825
KIDINS220,4.74705627781513,0.0599507788104958,0.4854641690128864,0.12349166557934874,0.9017177736803639,0.9999225138543825
ID2,103.04351250520668,-0.30529240903773963,0.4941964414980572,-0.6177551746676019,0.5367367356401145,0.9999225138543825
LINC00299,2.8662298543218485,-0.7107499981099894,0.7921858258584288,-0.8972011047279292,0.36961161583345425,0.9999225138543825
AC092580.4,13.567811607613566,-1.387868505885578,0.4775300431810123,-2.906348041770208,0.0036567446350028814,0.9999225138543825
CMPK2,1.8334896636630007,0.10307163061838587,0.6613116897980176,0.15585938099758484,0.8761438632180805,0.9999225138543825
RPS7,509.45450903139846,-0.013279045453673274,0.2645199246405103,-0.05020054905776892,0.959962574022502,0.9999225138543825
RNASEH1,3.1272049543870213,0.33065790374392323,0.5068367589472439,0.6523952691015078,0.5141462154831442,0.9999225138543825
ADI1,6.439715150634336,0.18828715716497885,0.48814665195198853,0.385718423781175,0.6997052165796138,0.9999225138543825
TRAPPC12,2.231218293537542,-0.672847191042658,0.6004568506639684,-1.120558771706314,0.2624757225696641,0.9999225138543825
LAPTM4A,16.233252565695718,-0.07316191489412961,0.40483209801352305,-0.18072162571379335,0.8565860834158746,0.9999225138543825
WDR35,1.3291853922225492,0.7123931102948733,0.7109591342439266,1.0020169598812056,0.3163354017423611,0.9999225138543825
TTC32,2.484370361117642,-0.371924901929673,0.5243344764468757,-0.709327573593867,0.4781212211495801,0.9999225138543825
RDH14,4.266450730798449,0.2534603595761987,0.5097280392025332,0.49724625698977853,0.6190154053505328,0.9999225138543825
SMC6,2.6312441818327454,-0.02612581055055924,0.4994334586745875,-0.05231089366718192,0.9582809733115207,0.9999225138543825
FAM49A,4.0158144278356,0.3454572078774089,0.48995913361503696,0.7050735136388664,0.4807644884783363,0.9999225138543825
DDX1,2.6201806063893733,-0.022369780454035624,0.6520909111315064,-0.0343046959743997,0.9726341802291709,0.9999225138543825
NBAS,3.028136674543208,-0.5923357431051713,0.5828139682728395,-1.0163375885800223,0.3094686547596174,0.9999225138543825
TRIB2,2.4512889895968524,0.3874073205522611,0.5570712158701592,0.6954358967320204,0.4867821709764909,0.9999225138543825
LPIN1,13.06125017520975,-0.7440963272117564,0.4436087488245041,-1.6773707217982037,0.09347001093950988,0.9999225138543825
E2F6,1.7480562078549928,0.49966023652745784,0.5655173813824538,0.8835453214647395,0.37694170677072725,0.9999225138543825
ROCK2,1.703899309774153,0.21086147877906677,0.6994460056317321,0.3014692729406882,0.7630566773923445,0.9999225138543825
PQLC3,10.557275425715831,-0.1941051069614365,0.467563232413442,-0.4151419391116695,0.6780379993864933,0.9999225138543825
PDIA6,20.16879025897253,-0.011575584298113832,0.3252114944618525,-0.03559401956953786,0.9716060769939338,0.9999225138543825
ODC1,17.943533190911978,0.6115207809994552,0.6647951026414481,0.9198635467825851,0.35764407041746726,0.9999225138543825
HPCAL1,8.765974433539254,0.43134563344339766,0.4384904610271628,0.983705854017831,0.3252601606605918,0.9999225138543825
DTNB,1.8136189180941487,0.5569179127808876,0.6611311071630875,0.8423713643888601,0.39958011646745195,0.9999225138543825
DNMT3A,1.8667797359813127,-0.05522753870795105,0.609884782895561,-0.09055405259620722,0.9278469425798284,0.9999225138543825
POMC,3.6148035458213794,1.1068233375056615,0.5118991215207432,2.1621903437097627,0.03060350754584619,0.9999225138543825
DNAJC27,2.394891929750815,0.44578603213427376,0.580824395793895,0.767505695977103,0.44278090790553315,0.9999225138543825
ADCY3,1.7748221759857452,-0.38676392525936515,0.7862599498623206,-0.49190337791857525,0.6227876502316502,0.9999225138543825
PTRHD1,9.01433848628123,-0.29032180857280104,0.5042839450604593,-0.5757109886534143,0.5648105466350808,0.9999225138543825
NCOA1,4.689307182332257,-0.02181715816928435,0.5557510927677495,-0.039257067513139066,0.9686854353718547,0.9999225138543825
ITSN2,14.68204824541485,0.12874488631514888,0.30271397157050717,0.42530209506752825,0.6706164664883392,0.9999225138543825
FAM228B,1.5350953046926228,-0.019763274393061078,0.5901120121814039,-0.03349071699117647,0.973283268448776,0.9999225138543825
SF3B6,27.620253625416375,-0.29093652221508,0.3639339899623192,-0.799421131961878,0.42404626117943833,0.9999225138543825
UBXN2A,5.625875581792436,-0.014562316663355758,0.49634718938510336,-0.029338972748886107,0.9765942445114622,0.9999225138543825
ATAD2B,5.1241712951119744,0.08787633090435816,0.4440680939449954,0.19788931495547388,0.8431316642950244,0.9999225138543825
LDAH,1.1120825917994104,0.4405716556670993,0.6601300656728711,0.6674012873781536,0.5045158438055758,0.9999225138543825
HS1BP3,1.2111176554959688,-0.012211966287300816,0.730420695247408,-0.01671908581829596,0.9866607210076916,0.9999225138543825
RHOB,31.327874591529735,0.5589855579923086,0.6010095578985529,0.9300776512553603,0.35233088114334543,0.9999225138543825
PUM2,4.139513795806046,-0.08766825230419299,0.43926032202276244,-0.19958154176203977,0.8418078648808864,0.9999225138543825
ZNF512,1.9028373981384308,-0.7644479802900367,0.6247116005805232,-1.2236814228832331,0.22107243031424362,0.9999225138543825
NRBP1,12.81697096865978,0.04771330844293913,0.3241491992867671,0.14719551536120964,0.8829777002660688,0.9999225138543825
PPM1G,13.636475977352275,0.07768777645614097,0.33922635461082545,0.22901456623341546,0.8188575947503103,0.9999225138543825
SNX17,10.600185370123913,-0.1836281609475652,0.42691122958088373,-0.43013195302414625,0.667099657695277,0.9999225138543825
EIF2B4,2.883168642069673,-0.053731314366349696,0.4982674616533132,-0.1078362897470016,0.9141255556715696,0.9999225138543825
GTF3C2,2.2449567201305687,-0.2653318088312731,0.6447119797032549,-0.41155092069702015,0.6806686110991866,0.9999225138543825
MPV17,4.741324154186967,0.00043171185257660907,0.4188431392183299,0.001030724421993149,0.9991776010428677,0.9999225138543825
ATRAID,15.454614696077495,-0.48798231137333886,0.36743507065780684,-1.3280776668915144,0.18415245048698292,0.9999225138543825
PREB,6.070213843714171,-0.22914026345193847,0.605954345515861,-0.37814773529987117,0.7053208488234176,0.9999225138543825
OST4,67.67728520008481,-0.2391752218259975,0.3492479744002769,-0.6848292312552576,0.4934516872628787,0.9999225138543825
TMEM214,2.04458200930432,-0.07052225333484863,0.5295732162514437,-0.13316808926636567,0.8940604471132125,0.9999225138543825
EPT1,2.1384386269369826,-0.1541619179387498,0.5920261691048639,-0.26039713442370405,0.7945574531342429,0.9999225138543825
HADHB,8.170399424669476,-0.5836709751929877,0.36168058999296665,-1.6137746711935466,0.1065763104353899,0.9999225138543825
HADHA,14.250378725542443,-0.6764284073371276,0.38636656426588906,-1.750742610511256,0.07999025607957971,0.9999225138543825
RAB10,10.292267881543244,0.12318576584218988,0.346591676369451,0.355420439211239,0.7222746388702677,0.9999225138543825
ASXL2,5.444140695994018,-0.23813192063946206,0.5245021777980873,-0.4540151227572853,0.6498179422054233,0.9999225138543825
MEMO1,1.677663502516012,0.46771076178274174,0.5372101422520511,0.8706290611380503,0.3839567233787098,0.9999225138543825
LCLAT1,1.5420944361069706,-0.1633513228305792,0.6765135898591695,-0.2414605194621208,0.8091982122027811,0.9999225138543825
LBH,29.42267043916695,0.08233816201906158,0.4075612418015699,0.2020264774321934,0.8398960249461226,0.9999225138543825
YPEL5,122.10899899764995,0.3061233823554128,0.5129579051866427,0.5967807090213924,0.5506537991302751,0.9999225138543825
CLIP4,2.635258571622649,-0.18839935037594183,0.5198327951543332,-0.3624229793351301,0.7170359700255313,0.9999225138543825
FAM179A,1.469811169133659,-1.6988402137449683,0.7939553685555992,-2.139717521950356,0.03237760213941191,0.9999225138543825
WDR43,4.256374770380347,0.49990571352873026,0.4791874888594161,1.043236155264881,0.2968389321818883,0.9999225138543825
TRMT61B,1.459058476330359,0.3925408876637169,0.572861565865006,0.68522817911687,0.49319994464295425,0.9999225138543825
PPP1CB,21.725363978021637,-0.3754351037710728,0.4298234856915635,-0.8734634478314218,0.38241052105298057,0.9999225138543825
FOSL2,36.24021973792358,-0.14378583943272097,0.411734188956956,-0.34922006306295056,0.7269241051011002,0.9999225138543825
BRE,3.8361946332763615,0.04404990722596141,0.49373143937229674,0.08921835579675472,0.928908377734186,0.9999225138543825
RBKS,19.99221288170903,0.4241660887968595,1.1393188913867354,0.37229795099823265,0.7096710240240994,0.9999225138543825
MRPL33,16.071415607025635,-0.3903831605921341,0.32861134352776794,-1.1879783467035017,0.23484194070215858,0.9999225138543825
SLC4A1AP,3.4551118839367643,-0.1899652218454374,0.5261400360386645,-0.36105448898300035,0.7180587141399545,0.9999225138543825
SUPT7L,5.832103386753615,-0.22343602096665144,0.43219930415114793,-0.5169745041711401,0.6051739568150674,0.9999225138543825
GPN1,4.167995124066963,0.31990189215551224,0.4088512295591122,0.7824408220576489,0.433955550928819,0.9999225138543825
NDUFAF7,2.384730760583456,-0.08844527671716824,0.5132368339134235,-0.17232838890921814,0.8631793670762962,0.9999225138543825
CEBPZ,13.579004025447277,-0.3623149611892461,0.47883841073008865,-0.7566539213861763,0.4492572275717329,0.9999225138543825
CEBPZOS,6.324394122940641,-0.9342465114583837,0.39819960734757487,-2.3461763754149354,0.01896712963744957,0.9999225138543825
EIF2AK2,10.60502487106123,-0.3468711610139006,0.4371170134152064,-0.7935430339436741,0.4274615071264375,0.9999225138543825
GPATCH11,1.4831488082176036,-0.35181073911468647,0.5933598166550245,-0.5929129833866504,0.5532393885630555,0.9999225138543825
HEATR5B,1.9791806576364281,-0.3490982881197827,0.5792283726787177,-0.6026954213332676,0.5467113280683908,0.9999225138543825
STRN,2.060120011466228,0.1855805916874464,0.5882723917837654,0.3154671106096396,0.7524070190312295,0.9999225138543825
FEZ2,3.2395508079167143,0.20761304665551733,0.5581035662375985,0.37199734818954966,0.7098948237404441,0.9999225138543825
CRIM1,1.7278052024706387,-1.2692712466360425,0.6564995575648686,-1.9333923869562184,0.05318787838896944,0.9999225138543825
FAM98A,2.286819203752196,-0.5907384106053397,0.520848958178121,-1.1341837231885519,0.2567174901384469,0.9999225138543825
RASGRP3,1.0201999630251672,-0.6664263410240878,0.7779134020709072,-0.8566844834527516,0.39161928095104137,0.9999225138543825
BIRC6,7.341279981186839,0.28033541555532376,0.4666224110270306,0.60077572129103,0.5479893770044453,0.9999225138543825
YIPF4,11.1121973789924,-0.35125763782836744,0.3314257369887208,-1.059838143590887,0.28921824048032563,0.9999225138543825
SLC30A6,1.4555229864352603,-0.18659598605005265,0.6654026557334773,-0.28042567074573327,0.7791509444067706,0.9999225138543825
SPAST,2.1863073798334125,1.091796045691453,0.5604675206479288,1.948009483991653,0.051413828355983265,0.9999225138543825
DPY30,8.898399368274664,-0.4708606962695145,0.457812346450221,-1.0285015245230227,0.3037139740751654,0.9999225138543825
THADA,3.073325322234938,0.23661237195004833,0.6361992244086944,0.3719155303434456,0.7099557417124558,0.9999225138543825
ZFP36L2,417.0351349604867,0.2695537102420267,0.43110811928125603,0.6252577907635489,0.5318018779954256,0.9999225138543825
MTA3,1.6845035560654573,0.006092476325369517,0.6105967558781573,0.009977904839352361,0.9920389158787848,0.9999225138543825
COX7A2L,22.428619512630732,-0.1461332585572947,0.4150498864757737,-0.3520860101857285,0.7247737597652741,0.9999225138543825
EML4,29.430049661354097,-0.03100451242839292,0.38471429230912507,-0.08059100753002495,0.9357672178945079,0.9999225138543825
THUMPD2,1.8605697828298011,-0.6781634304110251,0.5582086690393894,-1.2148923297412482,0.2244071596169177,0.9999225138543825
SOS1,2.3610588986220646,-0.011217222709125783,0.6491786611988141,-0.017279099544663643,0.9862139592622671,0.9999225138543825
MORN2,1.258903884299509,-0.9264952667971272,0.8808374849186471,-1.051834512790628,0.29287548158462173,0.9999225138543825
GEMIN6,2.0414696473650316,-0.7357431389587084,0.6179736217745135,-1.1905736960843398,0.23382098292917475,0.9999225138543825
SRSF7,114.46949636433537,0.13018755719610722,0.41517570825317524,0.3135721927081498,0.7538459820391034,0.9999225138543825
GALM,4.498927278725688,-0.4455818664824143,0.6603516664640774,-0.6747645067185631,0.49982539380967284,0.9999225138543825
HNRNPLL,4.9068226425260795,0.46486458291101646,0.6197044833967276,0.7501391314179271,0.453170913769964,0.9999225138543825
ATL2,2.2121795811134737,0.49239598520807953,0.6755260910116724,0.728907427499453,0.46605829107419494,0.9999225138543825
CDC42EP3,25.767833403101193,0.123297083493664,0.5095704587389415,0.24196277743178682,0.8088090056259677,0.9999225138543825
AC006369.2,1.81438719287918,-0.6663522679378321,0.8761056840328982,-0.7605843451105955,0.4469053731856544,0.9999225138543825
PRKD3,6.567794042065014,0.326215151415256,0.4650081594310143,0.7015256502475441,0.4829750328164031,0.9999225138543825
FOXN2,7.017988811255135,0.4517806801324452,0.5315418312069092,0.8499437929591359,0.3953563364075747,0.9999225138543825
FBXO11,5.941220009677951,0.29152616946598015,0.535325231930005,0.5445776736787513,0.5860440135201732,0.9999225138543825
MSH6,2.423661907321726,-0.6322352471115679,0.509752014392412,-1.2402800366863624,0.21487183368532858,0.9999225138543825
MSH2,1.5667989783448766,0.2128287316272177,0.6153800110363432,0.345849276561322,0.7294559902873154,0.9999225138543825
CALM2,115.98753893159925,-0.09345316993254371,0.3389762592519315,-0.2756923748547479,0.7827843527362667,0.9999225138543825
TTC7A,1.5154270401182575,0.8005863844653822,0.6926146810758385,1.1558900010924276,0.2477261530343573,0.9999225138543825
MCFD2,3.519368090089424,-0.5732408044826017,0.4910222850626185,-1.1674435599384214,0.2430312885367205,0.9999225138543825
SOCS5,0.7528488828863829,0.13075609386835546,0.715140413570339,0.1828397492117046,0.8549237589365151,0.9999225138543825
CRIPT,7.0625064134347415,-0.4508206784861657,0.5647875257563668,-0.7982128817070171,0.42474696328604067,0.9999225138543825
PIGF,3.421528664473637,-0.26207492719605485,0.4361178897913501,-0.6009267983054724,0.5478887432970856,0.9999225138543825
RHOQ,2.515431541445251,-0.3779231805530122,0.795180406505998,-0.4752672191881548,0.6345965209533604,0.9999225138543825
SRBD1,1.9754494016994555,0.0067137048634920045,0.5725255589389289,0.01172647187303677,0.9906438435680405,0.9999225138543825
PREPL,3.988338674575552,-0.6837667398210209,0.4347001440026649,-1.5729618433639834,0.11572765367877087,0.9999225138543825
PPM1B,8.162675296361803,-0.06218258509754529,0.3959372336771742,-0.15705162285455984,0.8752041637073459,0.9999225138543825
LRPPRC,4.107580044936998,0.11981543091011575,0.5183131492639714,0.23116417378231516,0.8171872614358651,0.9999225138543825
DYNC2LI1,1.0901902186142456,-1.8522981014207018,0.8128886571196182,-2.278661518028948,0.022687193961023817,0.9999225138543825
PNPT1,2.625343069959171,0.022891426283061306,0.5229012843830452,0.043777720511951286,0.9650815865105883,0.9999225138543825
RP11-554J4.1,1.1238699540144765,-0.4238088514588861,0.7570712125940692,-0.5598005107164554,0.5756155152579536,0.9999225138543825
PPP4R3B,8.135002374415045,0.5789526607590488,0.349943724668239,1.65441646741321,0.09804292284274935,0.9999225138543825
CFAP36,4.440535459221871,-0.10241246063818707,0.5339207182403691,-0.19181211205983087,0.8478893830809715,0.9999225138543825
CCDC88A,1.4722204451390468,-0.7865545239574796,0.7453233792506248,-1.0553198059455886,0.2912790858099288,0.9999225138543825
MTIF2,2.098175544511905,-0.5381824041598001,0.6615784819067019,-0.8134823288217172,0.4159415738401627,0.9999225138543825
RPS27A,893.9467082088254,-0.01672970217949706,0.25657098792116856,-0.06520496457938284,0.9480108083806043,0.9999225138543825
RTN4,23.66077284503979,0.1644600691637019,0.30422034898233835,0.5405952287999305,0.5887866072089509,0.9999225138543825
SPTBN1,4.413277049707278,0.5994888240836375,0.4816858310227952,1.244563957404982,0.21329207595556698,0.9999225138543825
ACYP2,3.410612850761693,0.719725655625467,0.5080254425019585,1.4167118325430963,0.15656719613624254,0.9999225138543825
PSME4,5.798813362680138,-0.20078839493149328,0.5250494681417358,-0.38241805223063463,0.702151302363977,0.9999225138543825
ERLEC1,7.379519076248128,0.38549066880637095,0.4471054274256518,0.8621918794990995,0.38858193756332005,0.9999225138543825
CHAC2,1.4557422815512018,-0.8150897503600693,0.7127599101493267,-1.1435684565779014,0.25280264949386355,0.9999225138543825
ASB3,2.383923965415738,-0.3914501008356668,0.6623165789878809,-0.5910317108985272,0.5544991738823548,0.9999225138543825
PPP1R21,3.3803473983973387,-0.06085220367347053,0.4867218762210836,-0.12502459134552985,0.9005040820070315,0.9999225138543825
RP11-191L17.1,1.2387037286391862,-0.37201205318362196,0.728918903342512,-0.5103613741909189,0.6097983122406814,0.9999225138543825
UGP2,15.85524601097731,-0.8220050233129677,0.357301461929069,-2.3005923873777796,0.02141468173910445,0.9999225138543825
MDH1,10.615946835727618,-0.14178203304723136,0.41501882712792565,-0.34162795463620826,0.7326308968602587,0.9999225138543825
WDPCP,0.9478915559185934,0.5880862500769147,0.6873249808642351,0.855615998908495,0.3922102174865265,0.9999225138543825
EHBP1,1.7501817338828722,0.542108128834139,0.5745586026263069,0.9435210374645215,0.3454144599086967,0.9999225138543825
B3GNT2,11.107710315391042,0.8935102740293102,0.5135724678296638,1.739793953140144,0.08189520465314007,0.9999225138543825
COMMD1,6.779279373848505,0.1676139704108831,0.49430148478106684,0.33909258938423326,0.7345399808938156,0.9999225138543825
CCT4,33.656603532600585,0.21664821679150473,0.4556332058479454,0.47548820852140633,0.6344390358148913,0.9999225138543825
XPO1,7.536770208009066,-0.5998053929231351,0.5069192140574709,-1.1832366505151517,0.23671537144969412,0.9999225138543825
USP34,9.646416198397764,-0.23184225528723995,0.3783518954627765,-0.6127688484384753,0.54002919148623,0.9999225138543825
AHSA2,4.050522344685159,-0.30384345692785225,0.6962983849732421,-0.43636961320760287,0.6625685820916454,0.9999225138543825
C2orf74,2.823256069778152,0.8152717783077107,0.5854664873462361,1.3925165588949777,0.1637660308613238,0.9999225138543825
PEX13,2.0461619927701595,0.027886219354676722,0.5316310699765988,0.05245408127840273,0.9581668827627053,0.9999225138543825
PUS10,1.5954749801598227,0.06383868557214865,0.7288344774068666,0.08759010111497671,0.9302024701053404,0.9999225138543825
REL,122.13981978523503,0.004122597693882456,0.47769693471084246,0.008630153124968095,0.993114219539293,0.9999225138543825
PAPOLG,3.2851115031515503,0.10760473302356698,0.49250456612062643,0.2184847419205692,0.82705144535343,0.9999225138543825
VRK2,2.9462918853866165,-0.10355332079871976,0.5180122747349838,-0.1999051486795325,0.8415547636570772,0.9999225138543825
AAK1,11.346928068937604,-0.019752632638823944,0.5488050777540343,-0.03599207339637036,0.9712886793741015,0.9999225138543825
NFU1,4.896075722399668,0.1389291369796417,0.43970767059616533,0.31595795631965784,0.7520344205885255,0.9999225138543825
GFPT1,3.3738722219389934,0.45266421419868186,0.49142988494823775,0.9211165785051126,0.35698956560940176,0.9999225138543825
ARHGAP25,5.465649477916886,0.702050908857486,0.43126189089503886,1.6278992502686775,0.10354625043107506,0.9999225138543825
PLEK,18.535795769467928,-0.14058281807970138,0.673479914230058,-0.2087409217547635,0.8346504928185263,0.9999225138543825
PPP3R1,3.537703678289183,-0.7476153582576931,0.4636127434334666,-1.6125858679399825,0.10683451079249254,0.9999225138543825
PNO1,3.5089890274671305,0.7000551608988891,0.43916644659427306,1.5940542961052757,0.1109238743218253,0.9999225138543825
C1D,10.520402209488934,-0.2590990237386364,0.36799160912382567,-0.704089488223771,0.4813770459727099,0.9999225138543825
ETAA1,1.1050500489792878,0.10653126575153703,0.6952294416452705,0.1532318100617679,0.8782154730816103,0.9999225138543825
ACTR2,20.411754089062814,-0.04214932258858793,0.3349532468661307,-0.12583643533222286,0.8998613997785997,0.9999225138543825
RAB1A,11.243309825975667,0.21330316385187664,0.3244947986479512,0.6573392385351979,0.5109628115509337,0.9999225138543825
CEP68,1.4733708517873125,-0.23053329115043286,0.7276153697128657,-0.31683400426437774,0.7513695607619979,0.9999225138543825
SLC1A4,2.233017815561075,-0.6632764834647767,0.5956507559093356,-1.113532513615637,0.26547979234165187,0.9999225138543825
SERTAD2,4.479214123732828,-0.49427031314257686,0.4627222380005817,-1.0681792932155456,0.2854396433716323,0.9999225138543825
AFTPH,4.5353425899995,-0.035274396286412706,0.45757178130601744,-0.07709041013353421,0.9385516219028865,0.9999225138543825
PELI1,6.302226507427686,0.6297656821316511,0.5863740238430172,1.0739999667861322,0.2828226964367154,0.9999225138543825
ALMS1,0.9952785760179204,-0.9494192859712285,0.6848030180068135,-1.3864122397337069,0.1656210611306036,0.9999225138543825
CCT7,10.511738746753986,0.035209992126778264,0.34543362892050444,0.10192983305305586,0.9188123699293294,0.9999225138543825
PRADC1,1.8759821936759635,1.7646337900382862,0.6774267589951753,2.6049071233261603,0.009189916759484199,0.9999225138543825
ZNF638,7.502038551825342,0.20632591350471685,0.45479873945093535,0.45366421585470496,0.6500705263335782,0.9999225138543825
MPHOSPH10,7.738196079284045,-0.33064729411278565,0.4362936824031145,-0.7578548749355564,0.44853786704887233,0.9999225138543825
MCEE,1.4857263133586498,0.4122756474546337,0.5838240797225424,0.706164171321204,0.4800860486319424,0.9999225138543825
NAGK,4.718946695905756,-0.261816844696084,0.4870827976321305,-0.5375202038931814,0.5909083328899931,0.9999225138543825
FAM136A,5.194875362609655,-0.0061256386699295,0.4169459420300944,-0.014691685545862353,0.9882781526172135,0.9999225138543825
SNRPG,31.85256599486473,-0.2646980137156929,0.35531040303481815,-0.7449768187332083,0.4562857337780195,0.9999225138543825
PCYOX1,1.472624140027935,-0.9114555426107587,0.6589947693650379,-1.3830998135068275,0.16663426287431393,0.9999225138543825
TIA1,6.855429229182669,-0.09370669988956579,0.3543539025240584,-0.26444382077379175,0.7914379488075498,0.9999225138543825
PCBP1,50.114470827819815,0.4785668601190087,0.3327802604962045,1.438086680398121,0.15040946138362962,0.9999225138543825
MXD1,12.922307997146637,0.010071694842518505,0.4997496657548269,0.02015347989739246,0.9839209380034653,0.9999225138543825
SNRNP27,6.500529983968037,-0.22055202117375228,0.452514419524529,-0.4873922501861779,0.6259803844952986,0.9999225138543825
GMCL1,7.00305578386604,0.4514352945682045,0.3987353890333294,1.1321676153767983,0.25756397240528905,0.9999225138543825
ANXA4,6.149879823925422,-0.4302954407121003,0.5320206781832353,-0.8087945795292952,0.4186333146096094,0.9999225138543825
POLE4,8.887124025296142,0.19434169570305526,0.4390429927712649,0.4426484396809506,0.6580200419860456,0.9999225138543825
DOK1,2.3520347172940634,0.6249810681758343,0.5670465215373282,1.1021689481163537,0.2703882289331455,0.9999225138543825
HTRA2,3.8165464734790566,0.3155853384157435,0.4570977129875646,0.6904111078419004,0.4899356933805121,0.9999225138543825
AUP1,21.491551274325484,0.10893820934716524,0.3666487549901776,0.2971187215679585,0.7663758716844834,0.9999225138543825
PCGF1,2.2810685426139736,0.0390138528356665,0.561136095632211,0.06952654291774092,0.9445705055764985,0.9999225138543825
MOGS,1.9868528421180962,0.39530298672807057,0.577853802219068,0.6840882334078833,0.49391945153516503,0.9999225138543825
WBP1,4.309810693664545,-0.4221597802298489,1.2032303290805209,-0.3508553350317001,0.7256968813731592,0.9999225138543825
WDR54,5.78473511040959,-0.9176253371959618,0.5863621724186083,-1.5649463426519648,0.11759549117598,0.9999225138543825
DCTN1,1.9477147298746338,0.240240095661342,0.5493307450430956,0.4373323318040298,0.6618703508193398,0.9999225138543825
MTHFD2,15.95173278270378,0.2201168691964435,0.3855861438689912,0.5708630164657358,0.5680925023792047,0.9999225138543825
MOB1A,23.245551933279764,0.13707698738729815,0.27478946514497865,0.49884367770422516,0.6178895146596075,0.9999225138543825
BOLA3,4.405024674128511,-0.04171081890739551,0.45580796372186816,-0.0915096317466872,0.9270876533221595,0.9999225138543825
DGUOK,15.755865359214113,0.14233696879964458,0.35158477662313037,0.40484394735958085,0.6855922225431248,0.9999225138543825
STAMBP,2.2047582106049726,0.17920533905817101,0.5353273899380763,0.33475839724715095,0.7378073457122609,0.9999225138543825
DUSP11,6.2059883690197175,0.13443468318377638,0.3798723238736543,0.35389438696905273,0.7234180337356662,0.9999225138543825
TPRKB,6.507850152903987,-0.23823657548453456,0.407155366016447,-0.5851244890013584,0.5584640135729295,0.9999225138543825
USP39,3.5211853044829686,0.4312145862571053,0.5199726105960094,0.8293025006890905,0.4069332562108995,0.9999225138543825
TMEM150A,1.711687743210285,0.03435271441487107,0.5829648034899996,0.05892759598729424,0.9530097778190935,0.9999225138543825
RNF181,16.69549106636295,-0.411232110115051,0.37829277654539056,-1.0870736519752398,0.27700426107062326,0.9999225138543825
VAMP5,10.886261719732294,-0.09966800216009401,0.34792916481208946,-0.28646061394112504,0.7745253555360546,0.9999225138543825
VAMP8,40.473555665967886,-0.6361657487316239,0.3292889308908691,-1.931937848656255,0.05336717750837632,0.9999225138543825
GGCX,2.847709811033863,0.013355302798646442,0.474805942581506,0.02812791837868341,0.9775601272327815,0.9999225138543825
MAT2A,23.5396496509818,-0.4936641731053338,0.3589123779168926,-1.3754448257553362,0.16899357997685305,0.9999225138543825
CAPG,16.00892640342625,0.06573238705806216,0.5156100116320279,0.12748469885214908,0.8985567829132265,0.9999225138543825
ELMOD3,2.312711950240837,-0.8214765272885739,0.6393898778548609,-1.2847818768176464,0.19886851716795717,0.9999225138543825
RETSAT,0.7075050022966027,0.04167143550702811,0.7953276637035305,0.05239530499037403,0.9582137150554901,0.9999225138543825
TGOLN2,11.91135152255841,-0.41118435179526136,0.38973123034949725,-1.0550459387781823,0.2914043151026847,0.9999225138543825
KCMF1,2.746236446568916,-0.020976936528929267,0.723056468526729,-0.029011477584414722,0.9768554366595424,0.9999225138543825
TMSB10,613.1196440346537,-0.41293715835384587,0.2846375660651431,-1.4507472223794229,0.1468502608009372,0.9999225138543825
SUCLG1,8.016268450746699,-0.04555027510556346,0.40971740960305786,-0.111174858665863,0.9114776879019642,0.9999225138543825
GCFC2,1.2940887177688167,0.11254445773163005,0.6286812673760505,0.17901671891920828,0.8579245739526011,0.9999225138543825
MRPL19,2.901545573790829,0.3949244288498854,0.5159038645632658,0.7655000397878498,0.4439738427641663,0.9999225138543825
RPIA,6.269992361029553,0.27311198199496667,0.4103988500047969,0.6654794037355963,0.5057439127399803,0.9999225138543825
EIF2AK3,2.608862062113553,0.7444130718536875,0.5881418903405772,1.2657031986322518,0.20561936273385983,0.9999225138543825
KRCC1,8.056176619875773,-0.27134501738764066,0.4094873975000066,-0.6626455882262806,0.5075575656632629,0.9999225138543825
LINC00152,15.869234107487069,-0.8364420225153498,0.43485193696018326,-1.9235099384918632,0.054416039561580774,0.9999225138543825
CD8B,14.6556056924701,0.18834426685467937,0.6808049294523988,0.2766493876684661,0.7820493382449433,0.9999225138543825
CD8A,24.231873722167855,0.9481763791538759,0.5178458620013094,1.831001169903098,0.0671003684597398,0.9999225138543825
RMND5A,4.3024291179802105,-0.20695312960996334,0.544084356784098,-0.3803695640749434,0.7036711041395395,0.9999225138543825
RNF103,3.4236192687686313,-0.15943139478803275,0.6224149961839371,-0.2561496682527189,0.7978352712123536,0.9999225138543825
CHMP3,3.4100947794685204,-0.0997026241692161,0.5140487174020828,-0.19395559368982904,0.8462106526538117,0.9999225138543825
KDM3A,2.8848734069340547,0.45242146861669125,0.5218819976818323,0.8669037648861613,0.38599474051822347,0.9999225138543825
MRPL35,1.852055357193279,-0.2191572423404267,0.628155611715445,-0.34889004930151785,0.727171855871341,0.9999225138543825
IMMT,5.663636707199168,-0.1407688556819036,0.4081667308723509,-0.34488076816316343,0.7301840093753729,0.9999225138543825
PTCD3,4.110198836590507,-0.021407691250100065,0.5437032308172552,-0.039373853302143484,0.9685923257817535,0.9999225138543825
ST3GAL5,2.7824560757334007,-0.10086103790852306,0.5338673091246116,-0.18892529320423473,0.8501513694352505,0.9999225138543825
GNLY,1009.164141083948,-0.21964262395135578,0.33494327367346377,-0.6557606652088956,0.511978128825797,0.9999225138543825
C2orf68,1.915727718819107,-0.3485541265685979,0.7697110236252793,-0.4528376440900313,0.6506656547243505,0.9999225138543825
ZAP70,22.311649823850612,-0.20574949248539598,0.5393505231462382,-0.3814763936543166,0.7028497844545964,0.9999225138543825
ACTR1B,4.555826156704467,-0.2079650571163176,0.4363125241047406,-0.4766424194286795,0.6336167716555607,0.9999225138543825
COX5B,36.08677446883731,-0.14627385636377235,0.4360487377597641,-0.33545299801867606,0.7372833948182167,0.9999225138543825
ANKRD36B,2.484667770625242,-0.12258354191008411,0.6302503994553703,-0.19449974488872115,0.8457845954625262,0.9999225138543825
ANKRD36,4.387156983438635,0.027582341989886565,0.5631286062117864,0.04898053781255281,0.9609348058965573,0.9999225138543825
ANKRD39,4.381480636374058,-0.3423500794661427,0.6476416782746561,-0.5286103272077506,0.597075794792315,0.9999225138543825
KANSL3,1.8848609248658794,-1.1585270879273204,0.6370055346616547,-1.818708040806383,0.06895598433658297,0.9999225138543825
ARID5A,17.237495839982458,0.41538906860087615,0.33679066880701886,1.2333746361568414,0.21743602348387758,0.9999225138543825
SNRNP200,7.215356580704627,-0.43115054105832085,0.4394219636017074,-0.9811765837201443,0.32650566944057835,0.9999225138543825
CIAO1,6.88937477224109,0.08725534417427273,0.5090725315616761,0.17140061339903864,0.8639087724937043,0.9999225138543825
TMEM127,1.7222747073167202,-0.36065095470999675,0.6642853284474609,-0.5429157310351783,0.5871878243417015,0.9999225138543825
STARD7,9.353937933794791,0.5106358248992566,0.395049511186121,1.2925869047808516,0.19615397113729727,0.9999225138543825
DUSP2,325.48892545335167,0.16589266536173336,0.44480308104818705,0.37295754555207683,0.7091800416416225,0.9999225138543825
ANKRD36C,5.956766190597977,-0.20967048549883718,0.5528809483472532,-0.37923261079191223,0.7045151371225586,0.9999225138543825
FAHD2A,1.3537971006039173,-0.1840369001122398,0.6324497252993162,-0.2909905605937952,0.7710585388401203,0.9999225138543825
MRPS5,7.38307315196265,0.31930030001329507,0.38321436665802183,0.8332158911417762,0.4047229818644521,0.9999225138543825
MAP4K4,2.816457063920282,0.1332316628268114,0.5863314230180241,0.22722927272263183,0.8202454666269339,0.9999225138543825
RNF149,19.890400736024368,-0.07463948799472914,0.3543847692075866,-0.21061708764071588,0.8331860773918844,0.9999225138543825
RPL31,134.83191329759438,0.15378452020430752,0.5086502643598155,0.302338425790184,0.7623940885485798,0.9999225138543825
PDCL3,13.5595766647665,-0.36754236588333655,0.40776299983616704,-0.9013627181255031,0.3673954970585249,0.9999225138543825
AFF3,1.8822474007563224,0.047159928016557696,0.860016799526515,0.05483605441489253,0.9562690763337541,0.9999225138543825
REV1,2.95258425892228,0.08666202567784807,0.5779846465198774,0.14993828330847833,0.8808133074032222,0.9999225138543825
EIF5B,12.809251866549479,-0.4688971911183071,0.5973862785036429,-0.7849145653174685,0.43250366162213383,0.9999225138543825
TXNDC9,5.485419256516114,-0.09634368007833861,0.5541966821005726,-0.17384384134738412,0.861988188536823,0.9999225138543825
MRPL30,2.280838689651485,-1.0691258135280952,0.6266245375409694,-1.7061665311154444,0.08797707824162009,0.9999225138543825
MITD1,5.959528031270304,-0.19230384214183355,0.4587601906481809,-0.4191816248705626,0.675083400160193,0.9999225138543825
LIPT1,1.3227038162871176,-0.7795545951854869,0.6670256188707151,-1.1687026302007486,0.24252346189430873,0.9999225138543825
MGAT4A,12.261724615559396,-0.22391839492809423,0.29098758437449956,-0.7695118518868227,0.44158951144053227,0.9999225138543825
UNC50,6.250947852495483,-0.22221312946326724,0.3830247557311086,-0.5801534395318968,0.5618111489362148,0.9999225138543825
COA5,3.7269365318907437,-0.1923545393263895,0.45488152405219956,-0.42286733831888057,0.67239205402543,0.9999225138543825
INPP4A,5.018501004716065,0.27055788528644076,0.5107108455611656,0.5297672599632255,0.5962733076576132,0.9999225138543825
TMEM131,4.523476142381186,-0.6848826042845559,0.6160397071549455,-1.1117507464698135,0.26624533421154695,0.9999225138543825
TMEM87B,2.2186234376422354,1.1198478223131225,0.6855418163763866,1.6335222674415044,0.10235920139338187,0.9999225138543825
ANAPC1,2.891973450747993,0.22218364094858034,0.49513515202614794,0.44873332066887245,0.6536240447899622,0.9999225138543825
MIR4435-2HG,7.246015196133627,-1.0387144372445056,0.46028806779600484,-2.2566616645488486,0.024029224005026373,0.9999225138543825
BCL2L11,5.407995106522503,0.20640580327120944,0.5643249629288336,0.36575699611083673,0.7145464117333552,0.9999225138543825
LINC00116,5.050587605978431,0.20943866097140645,0.5691980397747161,0.3679539392902698,0.7129075794981654,0.9999225138543825
RANBP2,21.728507416631988,-0.06658361744821266,0.47785429307456057,-0.13933874491282114,0.8891824744810581,0.9999225138543825
LIMS1,7.517919522019818,-0.41730066641032004,0.45517678581573817,-0.9167881126944138,0.3592536829371197,0.9999225138543825
GCC2,17.094697341360604,-0.10648427461701682,0.41318940206756904,-0.2577129860644475,0.7966284231376561,0.9999225138543825
UXS1,3.5146182681452967,-0.07041348366517337,0.458391467886936,-0.15360993517126528,0.8779173027881579,0.9999225138543825
NCK2,3.6387798689713406,-0.568386798527904,0.7741538124759986,-0.7342039648555317,0.4628244374010747,0.9999225138543825
C2orf49,3.2963063479566928,-0.3429103195330258,0.48810226622682146,-0.702537855814165,0.4823438021877322,0.9999225138543825
RP11-332H14.2,1.9183954223800301,-0.44567412977272536,0.59141240890995,-0.7535758855553282,0.4511039287403147,0.9999225138543825
TGFBRAP1,1.2337574276659382,-1.1492378150055877,0.6910588761425821,-1.6630099904374462,0.09631043569955561,0.9999225138543825
MRPS9,2.78333952356803,-0.1534369114010091,0.5603662511172495,-0.2738154039346391,0.7842264852443417,0.9999225138543825
IL18RAP,4.663868380474528,0.36073761611920824,0.5228865618878539,0.6898965137233293,0.4902592683949548,0.9999225138543825
IL18R1,2.4187201018139826,0.8469744211746599,0.5262993294338031,1.6093017296560903,0.10755038107496945,0.9999225138543825
EPB41L5,2.189349024942565,-0.4336218174247643,0.7968386404880837,-0.5441776984599542,0.5863191968975612,0.9999225138543825
PTPN4,16.998807399771223,0.06866271883782855,0.36085495532664186,0.1902778881771925,0.8490913797874563,0.9999225138543825
DBI,50.91641813239049,-0.04399696562906605,0.3844795095242018,-0.11443253681714492,0.908894922743682,0.9999225138543825
C2orf76,2.716485778262132,-0.3487483160244618,0.5868582842555315,-0.5942632580655687,0.552336049031916,0.9999225138543825
INSIG2,4.970950404561511,-0.20414668181489007,0.44634967382029395,-0.4573693984530212,0.6474055559217304,0.9999225138543825
CCDC93,4.247020724691238,0.23613534946150738,0.47702645375043395,0.49501520849627,0.6205893851097475,0.9999225138543825
DDX18,22.326859491794508,-0.8317772530856897,0.4400154306630632,-1.8903365544073696,0.05871296287371299,0.9999225138543825
ACTR3,46.100575613743096,-0.07437989589633723,0.303507943597371,-0.24506737785752472,0.8064042615302585,0.9999225138543825
SLC35F5,3.177364750635662,0.6434035154968701,0.5253279456219905,1.224765445773264,0.22066360765696047,0.9999225138543825
CBWD2,2.387083359035929,0.3335547913303623,0.6609847532819663,0.5046331094237401,0.613816550485301,0.9999225138543825
PSD4,3.9255055607103153,-0.21796867815573961,0.5223680708371006,-0.4172702933516637,0.676480714652661,0.9999225138543825
SLC20A1,14.572795969895507,0.4994243171021015,0.4131650439696815,1.2087767936600895,0.22674860940929664,0.9999225138543825
CHCHD5,8.846642723755105,-0.09934288320411967,0.3988870740031711,-0.24905014395961578,0.803321993838874,0.9999225138543825
POLR1B,1.2616872015312726,-0.6126414806841161,0.7790364545230652,-0.7864092586773517,0.43162776099418587,0.9999225138543825
ZC3H6,3.3858718126133787,0.011864251154431753,0.5086772552278237,0.023323730386014714,0.9813920427502542,0.9999225138543825
ZC3H8,4.885645225809097,-0.17229473707927545,0.487007846869775,-0.353782260771964,0.7235020686924005,0.9999225138543825
UGGT1,2.858729147880806,-0.44586880757869074,0.6275815205961853,-0.7104556028914418,0.4774216531561567,0.9999225138543825
SAP130,1.239759463455697,-0.7479004748110587,0.6941416984355063,-1.0774464010687108,0.28128088390002226,0.9999225138543825
RP11-395A13.2,1.0918817665622385,0.050159618447629395,0.8263919324552388,0.060697129869846926,0.951600417500506,0.9999225138543825
POLR2D,3.7240800349218497,0.5635447271760086,0.4608457011339549,1.222849048584706,0.22138671586214975,0.9999225138543825
WDR33,14.998753843752901,-0.141506689326391,0.45208762083780857,-0.31300721984855695,0.7542751769309877,0.9999225138543825
IWS1,3.8832728393946843,0.3048453513855474,0.4767601643106087,0.6394102825817071,0.5225560614802363,0.9999225138543825
MAP3K2,8.69571898565809,0.22530036913518908,0.46702690934468344,0.48241410639768706,0.6295118021765026,0.9999225138543825
ERCC3,3.031280189730761,-0.18001617768439404,0.6283962418562015,-0.2864692143171472,0.7745187692902888,0.9999225138543825
BIN1,14.461462598313984,0.2916944125463177,0.3608711196478275,0.8083063361539737,0.4189142559020854,0.9999225138543825
GYPC,37.012294387616734,0.18440514382113649,0.3751543392762858,0.4915447444293845,0.6230412134851566,0.9999225138543825
TSN,7.444771060194453,-0.06467844832477285,0.4592892679247388,-0.14082290365071487,0.8880098488730441,0.9999225138543825
NIFK,8.15517649067869,-0.15395355291613558,0.3449409552412247,-0.4463185672123871,0.6553671461392059,0.9999225138543825
NIFK-AS1,4.284278961723367,-1.2435391428242557,0.5274828312153441,-2.3574969065042093,0.01839860860092478,0.9999225138543825
CLASP1,5.234601965645493,-0.028594475032055106,0.5025396033508504,-0.056899943489810374,0.954624899330299,0.9999225138543825
RALB,3.481953034805341,-0.07975004943158819,0.4898652420118269,-0.16279997556891937,0.8706759275047092,0.9999225138543825
TMEM185B,1.1130733002629645,-0.9099814676920144,0.7039163429170711,-1.2927409298681676,0.1961006765837957,0.9999225138543825
SPOPL,2.060219952653892,0.09346276005319637,0.6356456792563905,0.14703594015227742,0.883103652465841,0.9999225138543825
CXCR4,396.0196715593777,-0.6213849565346168,0.6019534188629783,-1.0322807995813739,0.30194059303194776,0.9999225138543825
DARS,8.747218136299297,0.014207710343029553,0.40576067625364515,0.035015000650649955,0.972067779418706,0.9999225138543825
MCM6,2.520868530567471,-0.17313724636451563,0.5661211097547243,-0.3058307549060103,0.7597335106636418,0.9999225138543825
UBXN4,22.448089604468638,0.2024835451049605,0.2846878027418646,0.7112477006560014,0.47693075414667363,0.9999225138543825
R3HDM1,2.7991276326957917,1.024299314659158,0.5008878461867278,2.044967396308725,0.040858072550995224,0.9999225138543825
RAB3GAP1,3.3314153344823696,0.659767389076395,0.6328148659562399,1.0425914822330025,0.29713753588695335,0.9999225138543825
CCNT2,4.590103369590461,0.4804355606128012,0.47463860841428984,1.0122134021458522,0.31143602952914295,0.9999225138543825
MGAT5,3.2973559119977995,-0.24685980453707487,0.6636170146618798,-0.37199137316099806,0.7098992724213273,0.9999225138543825
MZT2A,8.940589177276639,-0.08409335460045787,0.62904282481903,-0.13368462572425144,0.8936519629225972,0.9999225138543825
PLEKHB2,8.573966041849532,-0.05198714873926688,0.35611607781063204,-0.1459837170477642,0.8839342426261336,0.9999225138543825
PTPN18,5.3817326741845415,-0.16813656478995415,0.4475257265509925,-0.3757025681758122,0.7071380284122142,0.9999225138543825
IMP4,7.515587406966868,0.4077753478753426,0.47564523939619335,0.8573098479719716,0.3912736673875118,0.9999225138543825
CCDC115,7.198336897361868,0.02323747184936181,0.49203415885420126,0.04722735491266471,0.9623320257741911,0.9999225138543825
MZT2B,14.124840886929006,-0.09382662066990596,0.6129515344059442,-0.15307347384461667,0.8783403341303914,0.9999225138543825
SMPD4,3.044694421481446,-0.43097736761937966,0.5770896671127437,-0.7468117905760066,0.4551771774481096,0.9999225138543825
GPD2,0.8938604567329324,-1.001461717520137,0.7144343545961381,-1.4017547043720373,0.16098850874395998,0.9999225138543825
NR4A2,169.20915858411198,0.49365880828321784,0.36487751950325,1.3529438836223528,0.17607355848822503,0.9999225138543825
ARL6IP6,7.563470392926656,0.0020182602805990366,0.44391277073506574,0.004546524483305678,0.9963724108070422,0.9999225138543825
PRPF40A,17.394062087430605,-0.2353522671385379,0.33724439547905216,-0.697868579266447,0.48525938593537776,0.9999225138543825
STAM2,1.284130613963224,0.5614978492572591,0.6582288030907361,0.8530435718107846,0.39363514184571735,0.9999225138543825
ARL5A,12.28906888869123,0.46805328692303644,0.4178057285486452,1.1202653648358027,0.26260069677131603,0.9999225138543825
RIF1,7.01433514244851,-0.08059469512919115,0.4276079908153233,-0.18847799119824832,0.8505019668082243,0.9999225138543825
NMI,4.816430580401868,0.3955558309603193,0.46475777347142466,0.8511010542239803,0.3947132198692249,0.9999225138543825
RBM43,1.5099935573639718,-0.25629588208958565,0.7304168005455157,-0.35088990545969057,0.7256709448669157,0.9999225138543825
MMADHC,13.75509593336866,-0.18133696557503634,0.36718739667400785,-0.4938540026634653,0.6214092914139243,0.9999225138543825
EPC2,1.9316732691058418,0.26967143698257195,0.6489679826878463,0.41553889279046907,0.6777474497558889,0.9999225138543825
MBD5,5.215127259715362,-0.24479809445687065,0.45781990817524665,-0.5347039088635822,0.5928546181194594,0.9999225138543825
ORC4,3.075836855303497,0.12403053617787738,0.504218998595089,0.2459854478380724,0.8056934974051219,0.9999225138543825
ZEB2,31.918509918955284,0.104807754405545,0.3785664723494919,0.27685429656535104,0.7818919873470869,0.9999225138543825
GTDC1,2.7311445682770312,0.6819888308654786,0.5010750783155206,1.3610511884928327,0.17349751346388254,0.9999225138543825
ARHGAP15,20.884118415810853,0.19061249391037952,0.3384262317817473,0.5632320311189897,0.573276894164978,0.9999225138543825
PPIG,23.642322920056774,-0.4641716670010402,0.3920147164245081,-1.1840669432889204,0.23638656435226824,0.9999225138543825
FASTKD1,3.1645781176884578,0.44045220823210196,0.7874814055127651,0.5593175980394145,0.5759449872396188,0.9999225138543825
CERS6,2.5515501283388904,0.18488281724244052,0.5510009973850245,0.3355398957894253,0.7372178547232002,0.9999225138543825
STK39,2.170983331324777,0.01839964179163637,0.5787934824433439,0.03178964924408499,0.9746398011726234,0.9999225138543825
TTC21B,1.6611766149322058,0.3839946320062645,0.5663222903921484,0.6780496521519017,0.49774021198450247,0.9999225138543825
GALNT3,3.330670901448688,0.42580669635769186,0.552868246814299,0.7701775220610826,0.4411945956582206,0.9999225138543825
GCA,3.103229286942521,-0.9222118698821989,0.5893114922951728,-1.564897141731429,0.11760702900308981,0.9999225138543825
IFIH1,3.2304428711079245,-0.6719767501835144,0.5807237981307448,-1.1571365808435918,0.24721656325181074,0.9999225138543825
PSMD14,7.576189200160509,0.20509648923721513,0.4038139884338125,0.5078984262845359,0.6115245784246263,0.9999225138543825
TANK,17.577994020853378,-0.04127561454514092,0.4090493964337778,-0.10090618615989853,0.9196249323307782,0.9999225138543825
RBMS1,11.871700752678771,0.02140150793659898,0.39236141101787503,0.05454539446445201,0.956500642844307,0.9999225138543825
LY75,1.9789526495473722,-1.366213973131531,0.6481570052430892,-2.107844182937029,0.035044469653850434,0.9999225138543825
MARCH7,6.845919730536867,0.45471906983231564,0.48833822697445645,0.9311559994997088,0.35177287467795626,0.9999225138543825
BAZ2B,7.830437149862841,0.06527592982666702,0.5475340122444883,0.11921803644504848,0.9051026175403267,0.9999225138543825
WDSUB1,3.11089680413545,-0.3454261287049513,0.580006724035501,-0.5955553864989477,0.5514722880082359,0.9999225138543825
CYTIP,74.38635030524111,-0.1450530748634455,0.3774287547520365,-0.38431908813821725,0.7007419620383921,0.9999225138543825
ATF2,7.422290794255738,-0.1976809627953195,0.4214453766471652,-0.4690547666413679,0.6390304900839331,0.9999225138543825
WIPF1,34.25133932963172,-0.0439708491852633,0.2108842851033704,-0.20850699787188906,0.8348331192014371,0.9999225138543825
GPR155,1.5496664434675516,0.1887201537300103,0.6015572960195691,0.3137193331021807,0.7537342158595286,0.9999225138543825
SCRN3,1.319605581694135,-0.4004568848822938,0.6462310405053459,-0.6196806711252074,0.5354680436350121,0.9999225138543825
CIR1,13.554426568480975,-1.0508477783333903,0.4966324498787101,-2.115946669594452,0.034349343563054455,0.9999225138543825
OLA1,10.17017157152939,-0.04649945037838877,0.392462976535153,-0.1184811132731747,0.9056864591073486,0.9999225138543825
SP3,7.968475275723474,0.5080666339857173,0.3663251356201854,1.3869281263639328,0.16546368029197356,0.9999225138543825
ITGA6,1.6287976185732431,0.05509917491284198,0.6472933400714175,0.08512241900521138,0.9321640672019519,0.9999225138543825
HAT1,7.311197020363216,-0.34520498321189697,0.4009882280507336,-0.8608855798335834,0.3893010644898053,0.9999225138543825
DYNC1I2,5.5748842587676,-0.7108822176534817,0.47895210407458466,-1.484244899658651,0.1377439621629477,0.9999225138543825
DCAF17,1.221916180496256,1.2842642789744159,0.6624614200591142,1.9386250128495266,0.05254701555054451,0.9999225138543825
TLK1,4.7937194057772965,0.5297135262677817,0.40186027014695286,1.3181535116026157,0.1874522641792049,0.9999225138543825
GORASP2,5.081550665233584,0.44987035582669876,0.43198334819888295,1.0414067063056809,0.29768683138304963,0.9999225138543825
UBR3,2.3303340834276276,0.09089237931182259,0.5563507221094641,0.1633724478098892,0.8702251948750975,0.9999225138543825
METTL5,7.117336145872374,0.22490589587353482,0.35933289277961983,0.6258984367775939,0.531381559934359,0.9999225138543825
SSB,17.091533822467305,-0.3107764589893383,0.4191746335447068,-0.7414009200921569,0.4584503867828724,0.9999225138543825
AC104820.2,3.0014482182271753,-0.14505727928483195,0.49969559812255576,-0.2902912889964163,0.7715934024465902,0.9999225138543825
UBE2E3,10.41563551863982,-0.3792187793057282,0.41267076427488875,-0.9189378364906959,0.35812808796045636,0.9999225138543825
CWC22,5.2516565673007545,0.08291408933063832,0.5641229739242903,0.14697874960463148,0.8831487935009082,0.9999225138543825
CCDC141,1.3874649680885753,-0.44345449066372833,0.7227704693487048,-0.6135481587444065,0.5395139497085792,0.9999225138543825
TTN,5.029928196284638,-0.7844977041376501,0.8318285231228807,-0.9431002692627808,0.3456296180383459,0.9999225138543825
TTN-AS1,1.6476662640054234,-0.30945543534968045,0.5952352512275885,-0.5198876153780752,0.6031419077812066,0.9999225138543825
PLEKHA3,4.388855555148228,0.020482883063260245,0.44466532620899324,0.046063594024493976,0.963259562950135,0.9999225138543825
PRKRA,7.403115870815077,-0.22751042678188144,0.42565211995176616,-0.5344985167879872,0.5929966753678616,0.9999225138543825
AC009948.5,0.9791947474216867,-0.5883493592731728,0.7289416112950098,-0.8071282392946861,0.41959260401913334,0.9999225138543825
RBM45,1.0830320707892207,0.2636994220440433,0.7353443093138454,0.3586067352450214,0.7198893075053531,0.9999225138543825
AGPS,2.6455830040851662,-0.1458729187412953,0.5455197057364501,-0.26740174040893216,0.789159859562397,0.9999225138543825
NFE2L2,43.32759399035383,-0.1405596387522975,0.27516088713328307,-0.510827102705963,0.609472129336071,0.9999225138543825
HNRNPA3,37.71534428076437,-0.07203449230435417,0.250947538505721,-0.28705000548436127,0.7740740317313711,0.9999225138543825
MTX2,2.8653603341466103,0.5428667311768236,0.5504288883794534,0.986261336637156,0.3240048872628889,0.9999225138543825
KIAA1715,2.2755457185059047,0.29977644038571055,0.5313238787181731,0.5642066024002643,0.5726135350141786,0.9999225138543825
ATP5G3,32.79694924202734,-0.28093338505544624,0.41265269845026525,-0.6807986137265151,0.49599892735652984,0.9999225138543825
NEMP2,0.9837788758001569,0.9464353120250661,0.7563116776958377,1.2513826507458603,0.2107949039228919,0.9999225138543825
MFSD6,1.440569816916665,-0.5142678667236799,0.6956003839839272,-0.739315098962859,0.4597156828994393,0.9999225138543825
INPP1,4.801748317424383,-0.48383592798295333,0.4785352546079501,-1.0110768711896596,0.31197963926302397,0.9999225138543825
HIBCH,6.229781114014542,0.5552681569155355,0.5081992343818182,1.092619034719666,0.27456110174964676,0.9999225138543825
PMS1,3.8854490267413007,0.44348985815153896,0.49639049421167086,0.893429393437228,0.37162726770767507,0.9999225138543825
ORMDL1,14.527695847301008,0.11634327297853451,0.39348200023497804,0.2956762263815298,0.7674773544264849,0.9999225138543825
ANKAR,2.0623752036648253,0.3204831732836768,0.6159102754044242,0.5203406828587791,0.6028261452790764,0.9999225138543825
ASNSD1,5.913879785212341,-0.2813332723054538,0.41423979610425127,-0.6791555880223806,0.4970392840632657,0.9999225138543825
WDR75,2.101149000644051,0.45141034608735614,0.6021715683820242,0.7496374285824409,0.45347310209315617,0.9999225138543825
CALCRL,0.8523049953876228,-0.7225423858604949,0.8264542834520349,-0.8742678213760257,0.3819724190195386,0.9999225138543825
ITGAV,2.7853026522708104,0.04375919020592084,0.7355669291575138,0.059490426324686325,0.9525614906592438,0.9999225138543825
ZC3H15,20.114872099258456,-0.3438246427453427,0.33881404085165484,-1.014788648903372,0.31020658575841176,0.9999225138543825
NUP35,1.6408313090666675,0.895226437136465,0.599974052712781,1.4921085888443026,0.13567068064936816,0.9999225138543825
DNAJC10,2.958218334215149,-0.04721996268331332,0.4740106341128348,-0.099617939525114,0.9206476509905535,0.9999225138543825
SSFA2,1.7596040354407567,0.030698374357807666,0.5796135961306965,0.05296351666479114,0.9577609763774763,0.9999225138543825
ITGA4,24.095908120231755,0.34793009422180643,0.3524709740762803,0.9871170105102295,0.3235852795750963,0.9999225138543825
C2orf69,2.534162709395782,-0.14615249336768804,0.5252336354076307,-0.27826186960448557,0.7808113442773053,0.9999225138543825
MOB4,21.486116754746472,-0.09580661729187384,0.4437098107395991,-0.2159217916146102,0.8290487104942892,0.9999225138543825
HSPE1,201.17117170267122,-0.1672090722983266,0.6063664005957176,-0.2757558336577588,0.7827356084648938,0.9999225138543825
HSPD1,127.61954442744609,0.4180236320147798,0.6778605836835248,0.616680836851762,0.5374452634780773,0.9999225138543825
COQ10B,17.413613232959474,0.5832961634981921,0.2819925210698547,2.068480969939267,0.03859481826067932,0.9999225138543825
SF3B1,29.05239969893434,0.005807320784143324,0.31457810003513986,0.018460664564680818,0.98527135734385,0.9999225138543825
AC013264.2,1.5815377519573195,-0.605239947910017,0.6550857976912556,-0.9239094329980709,0.3555334713815492,0.9999225138543825
ANKRD44,13.621066129347737,-0.19879441411389007,0.30573031481774576,-0.6502280097163308,0.5155449508542822,0.9999225138543825
PGAP1,2.4029013670618182,0.37990911041796804,0.6928459539564343,0.5483312823702461,0.5834644513519289,0.9999225138543825
GTF3C3,1.8710715140359502,-0.4154284313088189,0.5978040009725604,-0.6949241400742772,0.48710284344244725,0.9999225138543825
STK17B,48.992615999986015,0.562997589227914,0.308241958233777,1.8264794074560258,0.06777808033952404,0.9999225138543825
SLC39A10,7.848651478477759,0.20949446015230186,0.4407927759094769,0.47526745355582806,0.6345963539255608,0.9999225138543825
NABP1,13.85296666690042,-0.13330605307908458,0.6023998070045286,-0.22129165967359354,0.824865343634192,0.9999225138543825
STAT4,31.24982994906075,-0.04471240150730106,0.3931881184325812,-0.11371758049440592,0.909461675708468,0.9999225138543825
STAT1,12.482252142141059,-0.6389018715517327,0.38345555144178295,-1.666169309974724,0.09567969680594782,0.9999225138543825
GLS,15.616058018304765,0.44780338428627264,0.575851303220245,0.777637181303733,0.4367829351185776,0.9999225138543825
NOP58,15.559129531277366,0.027182563864602282,0.4667196467541843,0.05824173902608179,0.9535560741946343,0.9999225138543825
SUMO1,31.178043595329694,-0.22182684013439452,0.3516587912905455,-0.6308013495704649,0.5281704208693573,0.9999225138543825
ALS2,1.1388840348565696,-0.05547272375476109,0.6696889926441499,-0.08283356059913236,0.9339838833162075,0.9999225138543825
STRADB,1.9109603766091636,0.44429753271947914,0.5622031495337778,0.7902793377943985,0.429364650944714,0.9999225138543825
TRAK2,2.464144114676193,-0.8728116819609768,0.5704687391040221,-1.5299903783190896,0.12601911055762569,0.9999225138543825
CASP8,13.363720977455808,-0.10254722597779302,0.3996436990813835,-0.2565966289810322,0.7974901775799281,0.9999225138543825
CASP10,2.409455076755071,-0.10024479249845986,0.6502792493540703,-0.15415652982627712,0.8774863165733381,0.9999225138543825
CFLAR,26.942701965735274,-0.1748141728610484,0.4343664200241055,-0.40245784388983596,0.6873471071682786,0.9999225138543825
NDUFB3,11.03585854177366,-0.2014943297981792,0.4461648311943365,-0.4516141024804667,0.6515470087306009,0.9999225138543825
FAM126B,5.104387867784018,-0.5409930827099139,0.44860810774973786,-1.2059369266052458,0.22784181112741275,0.9999225138543825
ORC2,1.3134948359244023,0.5940290546647052,0.6681091818566367,0.8891197289250432,0.3739387369967282,0.9999225138543825
NIF3L1,2.058588207607443,-0.5664297449484812,0.5717785663806099,-0.9906452921696821,0.32185881340949885,0.9999225138543825
PPIL3,5.816132559772509,-0.42076809070421567,0.4660692601501428,-0.9028016363247525,0.3666311825508082,0.9999225138543825
CLK1,48.41209809136435,-0.12193665040825286,0.29508710709682395,-0.4132225620018126,0.6794435593350718,0.9999225138543825
BZW1,46.73881504439631,-0.02508073945167856,0.28023732792872763,-0.08949821080957963,0.928685975446109,0.9999225138543825
SPATS2L,3.0684067059419182,0.1706433733190168,0.7132733909785889,0.2392397858623317,0.8109196535757801,0.9999225138543825
IDH1,2.582864671268221,0.24316814654494107,0.6038848595245789,0.40267303064425275,0.6871887765359279,0.9999225138543825
METTL21A,6.051207346209676,0.3977466113451103,0.5132452019602949,0.7749641103822348,0.4383608671549716,0.9999225138543825
CREB1,8.578937487796889,0.09427556068324038,0.3550123062476712,0.2655557540517197,0.7905813654581861,0.9999225138543825
KLF7,2.0198425542159657,-1.0795731916474307,0.6186766752925404,-1.744971541293287,0.08098982286342918,0.9999225138543825
FASTKD2,2.3271658918492664,0.4268273236064886,0.5794637183766455,0.7365902472759395,0.46137156760682385,0.9999225138543825
ZDBF2,2.6454866053,0.7072392496787633,0.7467067732090374,0.9471445486416856,0.34356512689941265,0.9999225138543825
EEF1B2,174.5951983344363,-0.10603503024334976,0.2858404909896876,-0.3709587465240368,0.7106682583853847,0.9999225138543825
NDUFS1,2.4777278512396452,-0.27986739853734155,0.5130307781456954,-0.5455177553847698,0.585397472330033,0.9999225138543825
INO80D,4.32386933858949,0.12404268722687352,0.5192524673230433,0.2388870444205375,0.8111931718164926,0.9999225138543825
ICOS,8.819987997866635,0.3836689500754698,0.7364580411497934,0.5209651176820169,0.6023910713919886,0.9999225138543825
ABI2,2.630435326717848,-0.1998383099640433,0.5238982836662393,-0.3814448647656854,0.702873175581691,0.9999225138543825
CYP20A1,9.8681387551187,-0.21753531997386522,0.36582194802384216,-0.5946480826232098,0.5520787323871388,0.9999225138543825
NBEAL1,52.184306466098484,-1.1940656120775588,0.6516658528890846,-1.832328035578062,0.06690256260535252,0.9999225138543825
CARF,1.9825548830158597,0.43987898570639383,0.7247817416138196,0.6069123440209004,0.5439090856782476,0.9999225138543825
WDR12,1.4964030735623632,-0.7296944624770446,0.6367875797373621,-1.1458993323613522,0.2518368075306078,0.9999225138543825
ICA1L,1.3565305357102737,-0.3161433330172106,0.7739808103661,-0.4084640455978126,0.6829330217650299,0.9999225138543825
CTDSP1,6.774987880295795,0.18022179405166888,0.553263402403879,0.325743205259234,0.7446186524532142,0.9999225138543825
TMBIM1,9.320558685615365,0.28548738624596165,0.39770407717339035,0.7178387213805087,0.47285673512154525,0.9999225138543825
PNKD,6.493155820656011,-0.2316770288089922,0.5204723141541888,-0.4451284391283844,0.6562269377899788,0.9999225138543825
AAMP,5.426249442104025,0.32417196695792716,0.3755117929522106,0.8632803897031879,0.38798332351076814,0.9999225138543825
ARPC2,116.42775327675041,0.0012149074289344022,0.31506828948257787,0.0038560130279362255,0.9969233543631136,0.9999225138543825
RPL37A,238.58299838666198,-0.5235714746560682,0.5161166797703732,-1.0144440107787482,0.3103709328250208,0.9999225138543825
SMARCAL1,1.335100663961095,-0.2899708542045912,0.7002512712534036,-0.4140954341797374,0.678804216476243,0.9999225138543825
XRCC5,23.587821600683732,-0.9083615033269604,0.40398469574855833,-2.248504740120968,0.02454402317782458,0.9999225138543825
PECR,1.2907862331353879,-0.12186164374367628,0.6472654200949898,-0.18827151885511267,0.8506638107572496,0.9999225138543825
ATIC,3.40089962632026,0.4085777610886937,0.5167295481104967,0.7906994337419312,0.4291194065992948,0.9999225138543825
BARD1,1.4999868501096698,-0.2677465410971155,0.6440568022016167,-0.41571883129230525,0.6776157598308095,0.9999225138543825
SPAG16,1.2840835190299635,0.2064579006564938,0.64610075007659,0.319544437352874,0.7493137000144621,0.9999225138543825
IKZF2,7.754373653187698,0.7431228991851879,0.5977939562618275,1.2431087524406284,0.21382776095215195,0.9999225138543825
LANCL1,1.8491610449431068,-0.4528729316580349,0.6368305442003299,-0.7111356950171239,0.4770001523548718,0.9999225138543825
RPE,1.8919048884811254,0.013101282887233107,0.5507929124911711,0.0237862227165879,0.9810231296209967,0.9999225138543825
PIKFYVE,2.837588267534827,0.4666590234551138,0.6383314140564804,0.7310607204642808,0.46474206518704675,0.9999225138543825
FARSB,2.4403728437205854,-0.36708700461108185,0.5955776164604397,-0.6163546017607345,0.5376605091110827,0.9999225138543825
EPHA4,4.722851912887133,0.17917286884231912,0.5306357808352001,0.33765696794948125,0.7356217065945403,0.9999225138543825
CHPF,1.872002864442309,0.4120932237896626,0.7350140696740485,0.5606603203832693,0.5750291220229248,0.9999225138543825
GMPPA,1.9339534932495381,0.7125299842867703,0.5567919873336319,1.2797058874696405,0.20064859324551843,0.9999225138543825
DNPEP,5.235121945775837,-0.01946702181565892,0.44045537720343236,-0.04419748928770081,0.9647469833577946,0.9999225138543825
DNAJB2,4.118050893597299,-0.24396090923189748,0.5143236103437503,-0.4743334825108363,0.6352621186314454,0.9999225138543825
TUBA4A,86.96862203418546,0.24068780438861206,0.454081519367189,0.5300541733652498,0.5960743710148033,0.9999225138543825
STK16,5.194642447566511,-0.9971927076884675,0.5325287744029021,-1.8725611753215958,0.06112900682309282,0.9999225138543825
ANKZF1,5.23216085395297,-0.44933717033676696,0.4401828005483852,-1.020796745754212,0.3073507465348285,0.9999225138543825
ATG9A,3.7877391193369743,-0.6457606202748195,0.6520947684919395,-0.9902864606140477,0.32203412245577223,0.9999225138543825
ZFAND2B,7.619826876970285,-0.003536739390896689,0.44094241691617786,-0.00802086452836996,0.9936003446481193,0.9999225138543825
CNPPD1,7.237173308646484,-0.18851260903967015,0.4025323150495628,-0.46831670897393435,0.6395581212185754,0.9999225138543825
RNF25,1.2839573068301555,0.5304769471104231,0.725081478631981,0.7316101193362154,0.4644065699989933,0.9999225138543825
BCS1L,0.9643607878427164,-0.2677677738751939,0.7095573476636157,-0.37737298437805233,0.7058964406457325,0.9999225138543825
RQCD1,5.831524651779938,-0.010436283664536765,0.4620511731066761,-0.02258685676386604,0.981979827937551,0.9999225138543825
USP37,2.3030277962279286,0.9858132208404274,0.5600255066247429,1.7603005741325863,0.07835685689085103,0.9999225138543825
ITM2C,17.566854016760715,0.6055964253820321,0.5444901297265489,1.1122266361121582,0.26604071817952124,0.9999225138543825
CAB39,4.124773591874146,-0.40285936383417215,0.5375044235228418,-0.7494996249403931,0.45355612461736894,0.9999225138543825
SP100,30.875527254314136,-0.3299584958353346,0.24928512455466922,-1.3236188738689596,0.18562965367741702,0.9999225138543825
SP140L,6.90385836816262,-0.36750178835222796,0.39492190533909566,-0.9305682551001477,0.3520769418550208,0.9999225138543825
SP140,7.298875349899423,0.21770260724170593,0.5573299615649671,0.39061708907664516,0.6960802920310322,0.9999225138543825
SP110,7.884713208293471,-0.7281749382313106,0.3907582162781573,-1.8634923282405573,0.062393030905899836,0.9999225138543825
TRIP12,4.326779832675959,0.05950954455913181,0.5567320961936323,0.10689080971978719,0.9148756041995876,0.9999225138543825
AGFG1,1.8932997480688958,0.042824109389508966,0.7899790596633626,0.05420917031365085,0.9567685145755731,0.9999225138543825
MFF,10.654075845171429,0.4813312488533932,0.3467244685611573,1.3882240582870577,0.16506882855176763,0.9999225138543825
RHBDD1,1.1016598271196156,-2.1938334180203705,0.7975408328640957,-2.7507474572078854,0.005945946335514446,0.9999225138543825
DOCK10,9.007449428889329,0.5661806686295758,0.3755914215331978,1.507437700036853,0.13169850149458714,0.9999225138543825
CUL3,6.383604509745792,0.05991185169043372,0.6181337852218205,0.09692376168847339,0.9227869385462824,0.9999225138543825
SERPINE2,2.397019061013119,0.8522020732876633,0.5933688213858717,1.436209727530444,0.15094267186707253,0.9999225138543825
MRPL44,4.576574903250582,-0.17058420756262543,0.5209564849567204,-0.3274442539606683,0.7433318997612616,0.9999225138543825
WDFY1,4.535058900083908,-0.44544418053391005,0.5203118577976834,-0.8561099922253075,0.3919369421353017,0.9999225138543825
ACSL3,4.823610162723968,0.9505083067449432,0.468061595395435,2.030733382306062,0.04228204805563026,0.9999225138543825
RAMP1,5.880797102968283,-0.2684644022555877,0.699418041991316,-0.3838396869077635,0.7010972711117527,0.9999225138543825
LRRFIP1,40.407164300412596,0.16837196259636458,0.39920911975198986,0.42176381817370884,0.6731974176339866,0.9999225138543825
COPS8,7.65983368251788,-0.362862218394476,0.3716592222565856,-0.9763304572164327,0.32890073141263,0.9999225138543825
ARL4C,31.01586391753921,0.3169804031620584,0.40145607824302293,0.7895767939280599,0.42977496518565417,0.9999225138543825
DGKD,5.291875714638066,0.363090185667225,0.4075169508613117,0.8909817981799579,0.3729389351686119,0.9999225138543825
INPP5D,11.088018318758794,-0.33757921231807864,0.4652766383762831,-0.7255451584591881,0.4681176514563511,0.9999225138543825
GIGYF2,4.798608822254646,-0.3289011234513205,0.5145309331075048,-0.6392251705158429,0.5226764599077024,0.9999225138543825
EIF4E2,9.14768434488431,-0.3909275945874544,0.45878868486307317,-0.8520863907184806,0.3941661448696415,0.9999225138543825
DIS3L2,2.477932190795147,-0.3513009459893933,0.6339403708510609,-0.5541545579717128,0.579473074660697,0.9999225138543825
COPS7B,1.8447123045851845,0.22259825373980144,0.5906682981661109,0.37685830512813673,0.7062789084294194,0.9999225138543825
PDE6D,3.108081516782557,1.01907792899721,0.5399581690438907,1.8873275513206913,0.05911628294025335,0.9999225138543825
PTMA,629.7846007698001,0.129625357001536,0.28241508399746496,0.45898878759145717,0.6462422178467192,0.9999225138543825
NMUR1,2.5904395838466088,-0.46367784485647634,0.8874633985725214,-0.5224754571313013,0.6013393302982135,0.9999225138543825
NCL,72.14930657672265,-0.022517266014916767,0.3128632532828232,-0.07197159071462295,0.9426245165284014,0.9999225138543825
B3GNT7,8.27019271662009,-0.7041844072240124,0.6279536056966505,-1.1213955948907908,0.2621195104015608,0.9999225138543825
PSMD1,5.591760562737895,-0.2180511495975384,0.3956212821508065,-0.5511613238097229,0.5815230903585481,0.9999225138543825
STK25,3.6195355444779644,0.2764804211980312,0.4802261307517526,0.5757296479581919,0.5647979323911991,0.9999225138543825
FARP2,1.5168880015372017,0.38864066663018165,0.5838708873129422,0.6656277527704144,0.5056490628340427,0.9999225138543825
SEPT2,17.509594898545366,-0.3706489542014285,0.3167613422257627,-1.1701205443726745,0.2419524619423009,0.9999225138543825
HDLBP,3.8203199294637424,0.25066353740540565,0.532803569312775,0.47046144553558183,0.6380253732615883,0.9999225138543825
PPP1R7,7.987006443647895,-0.4736032023727664,0.44276387898849,-1.069651850224842,0.28477604703273307,0.9999225138543825
MTERF4,4.0887648716078315,-0.4651232147947147,0.49055128112604,-0.9481643055279434,0.3430458154920508,0.9999225138543825
GPR35,2.3515982796705197,0.6821851734215286,0.8520487794123234,0.8006409843014465,0.42333951691911686,0.9999225138543825
CAPN10,1.5602715163314496,-0.20469338490223618,0.727855304657293,-0.28122812816293896,0.7785354317309028,0.9999225138543825
RNPEPL1,3.747875175006581,0.33640838172977866,0.698355444466492,0.48171512715387726,0.6300083285158025,0.9999225138543825
DUSP28,2.902916690420093,-0.42310105958948846,0.5606939743664773,-0.7546024728864731,0.45048753947216813,0.9999225138543825
MYEOV2,16.947474825729817,-0.1972367473724424,0.36502189110436406,-0.5403422429698884,0.5889610311707465,0.9999225138543825
NDUFA10,8.508205297152163,0.31067183422118666,0.36694432556518053,0.8466456968442803,0.3971926349802276,0.9999225138543825
ASB1,3.330970243516893,-0.05584786591570709,0.5379677461920085,-0.10381266592844059,0.91731801482488,0.9999225138543825
ILKAP,7.268414094855912,0.2570374303336652,0.4368309089958241,0.5884140179652956,0.5562544309135862,0.9999225138543825
SCLY,1.471964126689192,-0.6426685281449458,0.878844500143514,-0.7312653467592948,0.46461709261119155,0.9999225138543825
UBE2F,10.206700039144085,-0.0063094888762028085,0.49839153914600387,-0.012659703025886326,0.9898992882156319,0.9999225138543825
THUMPD3-AS1,18.976233725724928,-0.6234797775096176,0.4757449605629227,-1.3105336455311865,0.19001536985985346,0.9999225138543825
SRGAP3,9.459291246443744,0.11322237529703581,0.7650501454042445,0.14799340406269745,0.8823479737176428,0.9999225138543825
RAD18,1.7406332272508942,-0.2138668851449329,0.58980740050878,-0.36260461459189375,0.716900262623529,0.9999225138543825
EDEM1,2.5533804233953914,-0.042158536396720875,0.5675366390202391,-0.07428337396771567,0.9407849061298529,0.9999225138543825
ARL8B,6.661264954790769,0.08580203820785293,0.38779459810756456,0.22125640384514478,0.8248927934212477,0.9999225138543825
BHLHE40,31.976361200302083,0.6272953817337331,0.38902498692453963,1.6124809531975166,0.10685732137770199,0.9999225138543825
AC018816.3,1.8923628603196099,-1.3779048448076425,0.7279481453352643,-1.892861261667249,0.05837632206381105,0.9999225138543825
ITPR1,4.480597192479092,-0.21155739453830738,0.5317333901559571,-0.3978636633600492,0.6907306860657789,0.9999225138543825
SUMF1,2.7797775417850703,-0.2969001131168763,0.5376205012526414,-0.5522484957792848,0.5807781124688894,0.9999225138543825
CRBN,10.72873566528912,-0.5105709902756822,0.47734486549262145,-1.0696061216637813,0.28479663853820003,0.9999225138543825
TRNT1,5.198621485529145,-0.131263775075748,0.537936829766035,-0.24401336330297105,0.8072204702818637,0.9999225138543825
PDCD1,0.9895402115507063,-0.8087680306101133,0.7223707329399379,-1.1196024336680301,0.2628832180436681,0.9999225138543825
ING5,0.9869497405348552,0.2193077195567127,0.6594187611295851,0.3325773127550061,0.7394533711872497,0.9999225138543825
DTYMK,2.0469123731691243,0.5715765574093821,0.5713846552099303,1.0003358546606071,0.3171480011656923,0.9999225138543825
ATG4B,4.613836009401466,0.01004712613120211,0.5366885623019323,0.01872058925218861,0.9850640032843601,0.9999225138543825
THAP4,2.1984594666955286,0.05507353990157298,0.6651318668856376,0.08280093413573025,0.9340098263472159,0.9999225138543825
SEC13,9.261868551454999,-0.21455368727236657,0.5083412922449569,-0.4220662191828763,0.6729766840473002,0.9999225138543825
TATDN2,1.3414757511551094,-0.7892520360754712,0.7041738834202038,-1.1208198069517135,0.2623645713243198,0.9999225138543825
VHL,4.259569574130634,0.6295583314804857,0.4859535466846495,1.295511342134572,0.19514389124879594,0.9999225138543825
BRK1,33.39922698752925,-0.5349224805784605,0.40967785691137376,-1.3057148966051664,0.19164953019608877,0.9999225138543825
EMC3,10.873141677609873,-0.49998414739812386,0.3438406525853331,-1.4541158633766835,0.1459141862182039,0.9999225138543825
CRELD1,4.004780119340574,-0.1166949441318763,0.5291596163553964,-0.22052881687309472,0.8254593321226547,0.9999225138543825
JAGN1,3.726509501049843,0.21784570259848185,0.44648215705026917,0.48791580841147647,0.6256094766413168,0.9999225138543825
RPUSD3,5.171154587480725,0.3782518225365573,0.5647474532161626,0.6697716304561674,0.5030033810371555,0.9999225138543825
TTLL3,1.3120801669469027,0.20177578938046012,0.6062328307282799,0.3328354703886009,0.7392584817801375,0.9999225138543825
ARPC4,11.771343688270633,0.027210985435482983,0.8466523142275476,0.03213950399498904,0.9743608000386839,0.9999225138543825
TADA3,7.775160180785293,0.014913255000772896,0.41549066913920546,0.03589311652093053,0.9713675845530816,0.9999225138543825
OGG1,1.8560692453873844,0.7747468087440964,0.5906133680123632,1.3117664629762982,0.18959894380968811,0.9999225138543825
BRPF1,1.6568003121994692,-0.1938950118169259,0.6042385827941342,-0.32089147786675926,0.7482926323768613,0.9999225138543825
MTMR14,4.24771241247725,0.08401484327399146,0.42954994775533467,0.1955880653996612,0.8449326022939375,0.9999225138543825
SETD5,6.171590692632008,0.1092686155538758,0.39624414611806064,0.27576083236651605,0.7827317688696768,0.9999225138543825
THUMPD3,2.8030545244965706,0.22884637958958587,0.6125332074928188,0.37360648662018675,0.7086971072501705,0.9999225138543825
MRPS25,6.19422574787095,0.25557896632261196,0.434770237356089,0.5878483492265493,0.5566340878832843,0.9999225138543825
NR2C2,1.9904718929944256,0.1084477667602553,0.6278926960816482,0.17271703817709844,0.8628738505387618,0.9999225138543825
FGD5-AS1,5.116282509897899,-0.25574523351996076,0.4537727797167311,-0.5635975645776073,0.5730280446532015,0.9999225138543825
CCDC174,8.083961075190702,-0.8414731942912846,0.46944849893582946,-1.7924717965842478,0.0730574230249957,0.9999225138543825
SLC6A6,4.214933550437876,0.1795696481553229,0.4791219220751477,0.37478904613168246,0.7078173614001091,0.9999225138543825
LSM3,18.08468348505986,-0.673684033493738,0.39796215967104087,-1.692834399256983,0.09048699293846486,0.9999225138543825
XPC,3.0546224427813704,0.1544858737489681,0.5788048757374971,0.26690492811092253,0.7895423621700216,0.9999225138543825
TMEM43,7.0763396906974725,-0.18546954609069255,0.36275671094599166,-0.51127805632328,0.6091563682844767,0.9999225138543825
NUP210,5.711768205112839,0.1253691884055156,0.47440508198648806,0.26426611595422655,0.7915748679743302,0.9999225138543825
IQSEC1,1.7054244413943616,0.07429994954549973,0.7010028782450005,0.10599093363427232,0.91558954557771,0.9999225138543825
RPL32,766.5589394078855,-0.07149845641920852,0.2932035001843925,-0.24385267015654288,0.8073449264525961,0.9999225138543825
RAF1,7.319841446638784,0.27783364039087644,0.3868450091823972,0.718204019170577,0.47263150014786914,0.9999225138543825
MKRN2,2.8896410019589824,-0.23122687515832951,0.5937729711071537,-0.38941967117024895,0.6969657227379124,0.9999225138543825
TAMM41,1.2198070681654758,0.21196001630147895,0.6498043236834149,0.32619052932732717,0.7442802063838989,0.9999225138543825
VGLL4,3.6351078030956665,0.18646730776775702,0.5444531475256049,0.3424854987342831,0.7319855552388305,0.9999225138543825
ATG7,1.4551925719455112,-0.21328684907349166,0.587134638259177,-0.36326735841352475,0.7164051744430331,0.9999225138543825
KAT2B,2.6183258384953345,-0.4485537645112988,0.5181370884023716,-0.8657048000450487,0.3866520670561425,0.9999225138543825
RAB5A,10.809644903745504,0.3916081846957609,0.302245708131649,1.2956616890162367,0.1950920657850267,0.9999225138543825
SATB1,13.428203451725407,-0.16312236303152258,0.3698777793351792,-0.44101693084867066,0.6592007399374309,0.9999225138543825
TBC1D5,3.2956706810273557,0.2998506277862685,0.4783125911779249,0.6268926081327612,0.5307296329761534,0.9999225138543825
PLCL2,2.81940798477474,0.5010189405427081,0.5602348271897434,0.8943016682056796,0.3711605076534563,0.9999225138543825
RFTN1,9.863352637286651,0.14803115979924242,0.4503113819182789,0.3287306644763126,0.7423592744049832,0.9999225138543825
OXNAD1,14.621005085521587,0.0036633352487618408,0.5724762273513962,0.0063991045806574935,0.9948942880973951,0.9999225138543825
DPH3,8.071914416498332,0.2792832589285412,0.39780985540771424,0.7020521365472571,0.4826466499754244,0.9999225138543825
ANKRD28,24.637090215806598,-0.4779568173690162,0.5445626651330361,-0.877689287149812,0.3801123597209304,0.9999225138543825
BTD,2.149694516992228,-0.13473158065264554,0.5408722556507315,-0.2491005579322015,0.8032829978905139,0.9999225138543825
HACL1,3.583687770023767,-0.3247975988854733,0.43641057353540774,-0.7442477762494478,0.456726589167991,0.9999225138543825
EAF1,2.8252540238652117,-0.3660464113753597,0.5031892639713592,-0.727452745089161,0.4669486532935475,0.9999225138543825
METTL6,2.024309102186691,-0.6058705933053816,0.6340068336480449,-0.9556215503533791,0.3392634697785405,0.9999225138543825
SH3BP5,8.167240305291912,-0.47118201062112847,0.46537290528655195,-1.0124826891909395,0.31130731947176793,0.9999225138543825
CAPN7,4.5528693358433605,0.5066926964207498,0.5807830642226344,0.8724302198772739,0.38297372041166855,0.9999225138543825
RBSN,1.359964902556851,0.1011718784884828,0.6134720400104272,0.16491685340176737,0.8690094269386004,0.9999225138543825
CMTM7,5.579188239759919,-0.051712389351317334,0.43231649074931394,-0.11961697149624496,0.9047865749464113,0.9999225138543825
GPD1L,1.459645509108459,-0.8048680292662493,0.6995475921152486,-1.1505550706457859,0.2499153258822926,0.9999225138543825
STT3B,8.367259790545482,-0.0795332478112382,0.4670412625291416,-0.17029169410117298,0.8647807430067354,0.9999225138543825
TGFBR2,7.305039566031249,0.11119945662462548,0.39754559284120317,0.27971497767060727,0.7796961863293204,0.9999225138543825
AZI2,4.106607380851947,0.12629042435465238,0.4092336555575648,0.30860224382715207,0.7576241137974511,0.9999225138543825
CMC1,74.11131101259978,-0.7190195209221176,0.5192790675145431,-1.3846495379904382,0.1661596560981916,0.9999225138543825
EOMES,5.36590760060992,-0.5347032775477125,0.45822649719232994,-1.1668973331397796,0.2432518330387634,0.9999225138543825
RP11-222K16.2,2.696671507905582,-0.6308310380716954,0.5116521665817267,-1.2329294768478851,0.21760207679201815,0.9999225138543825
SLC4A7,6.952389251334021,-0.65733212766488,0.44243930209276644,-1.4857001278043263,0.13735845682532175,0.9999225138543825
OXSM,0.8318800825702202,-0.453734941211079,0.7108923676439907,-0.6382610952974894,0.5233037327169148,0.9999225138543825
NGLY1,7.360082834079204,0.1888176036606577,0.37652887062353463,0.5014691259875353,0.6160410010259381,0.9999225138543825
TOP2B,5.168374816363183,0.450324884492717,0.6309119965918921,0.7137681434579083,0.47537056143201206,0.9999225138543825
NR1D2,4.451278944527326,0.585403755354226,0.4923073451083036,1.1891022166761331,0.23439944621342934,0.9999225138543825
RPL15,435.1944985116018,-0.018892899164457917,0.386725174984272,-0.04885355385830852,0.961036003284122,0.9999225138543825
NKIRAS1,1.46623684411179,-0.030006281302562464,0.6798500202357134,-0.044136618973930265,0.9647955034934591,0.9999225138543825
UBE2E1,4.4400141497766095,-0.41611002782948625,0.38613491047497595,-1.0776286125427992,0.2811995280236793,0.9999225138543825
OXSR1,3.065509077793742,0.8007794329643492,0.46018646800844354,1.740119470331006,0.08183804208672132,0.9999225138543825
MYD88,2.766578071462417,0.5056137283522023,0.49321493005393324,1.025138732716208,0.30529773192409826,0.9999225138543825
ACAA1,6.688788633268589,-0.07917955659120256,0.43960408609072704,-0.1801156065115855,0.8570618107517955,0.9999225138543825
GOLGA4,18.23821548232445,0.30777662897173663,0.4141418127175831,0.7431672425252545,0.45738043303204123,0.9999225138543825
LRRFIP2,5.6192970804958415,0.4249420799682535,0.4395529166912228,0.9667597775645449,0.33366413616958557,0.9999225138543825
MLH1,2.786765684190307,0.7402016565341437,0.530579203554802,1.395082301708967,0.16299102252042375,0.9999225138543825
EPM2AIP1,4.1319968208182996,-0.4334099356356561,0.5297848645765828,-0.8180866699203422,0.4133076998755676,0.9999225138543825
TRANK1,3.9729202900420075,-0.4025908934738899,0.46378237013560075,-0.8680599337059326,0.3853615234199653,0.9999225138543825
PDCD6IP,9.590271360997344,0.03234418954418581,0.3801337188893574,0.08508634708514239,0.9321927443908418,0.9999225138543825
CLASP2,5.668266771019524,1.0781286661661742,0.4798604333695527,2.246754662799798,0.024655710675985813,0.9999225138543825
UBP1,2.7816881817698342,0.12003386963662331,0.5241124589843679,0.22902311818579268,0.81885094789779,0.9999225138543825
CRTAP,5.691192026736219,0.06539167806227346,0.6802680110724132,0.09612634579007516,0.9234202272781578,0.9999225138543825
GLB1,1.8429491559203588,-0.19751182600462336,0.5786510791145763,-0.34133147441260514,0.732854055958729,0.9999225138543825
CNOT10,2.3917831228331456,0.12667962195962174,0.5729694495866013,0.22109315261227516,0.8250199017652557,0.9999225138543825
DYNC1LI1,6.026322249731767,0.20726885089267585,0.40281089561394956,0.5145562176930798,0.6068631664318982,0.9999225138543825
CMTM6,21.355142742544768,0.1949138707569019,0.3233182879808124,0.6028544564372715,0.5466055159777714,0.9999225138543825
ABHD5,14.68607584791195,0.5264263943256042,0.48102484114496247,1.0943850489562543,0.27378613838434285,0.9999225138543825
SNRK,12.03883463412279,-0.2791711013209353,0.3621084067477073,-0.7709600111975388,0.44073063462705886,0.9999225138543825
NKTR,19.21386013125483,0.06771390692627724,0.35470040324489477,0.1909045106992047,0.8486004061425391,0.9999225138543825
SS18L2,19.21061164172263,0.07070749250704353,0.3829477019005252,0.18464007527954968,0.8535113508131903,0.9999225138543825
SEC22C,5.934712221486608,-0.037462251927589195,0.3965055371814784,-0.0944810309431894,0.9247270501480362,0.9999225138543825
ULK4,1.9362628058287512,-0.05196816351896156,0.5983261896897227,-0.08685590638429344,0.9307860486154322,0.9999225138543825
CTNNB1,12.907859064628108,-0.047924872111781223,0.4548336363732117,-0.10536791538534473,0.9160838741248758,0.9999225138543825
RPL14,413.43304222382994,-0.03298251956250507,0.27803519046405595,-0.11862714035390788,0.9055707622820239,0.9999225138543825
ENTPD3-AS1,1.634220095181303,-0.896260922762344,0.6507939242175901,-1.3771808392954252,0.168456344260842,0.9999225138543825
EIF1B,24.53802733834303,0.1412528340324493,0.3379105688117498,0.4180183961962472,0.6759336671230776,0.9999225138543825
RPSA,277.89574169246964,-0.1473919873363261,0.417041535801267,-0.35342280008906085,0.7237714953128684,0.9999225138543825
SLC25A38,7.0180904030850035,0.5252909808270149,0.36455293205259726,1.4409182717839901,0.1496077734067049,0.9999225138543825
CX3CR1,11.91674918839231,-0.8732437252087459,1.2988009715553186,-0.6723460671291565,0.5013634089056651,0.9999225138543825
CSRNP1,41.519341049067336,0.8450308152849132,0.41116465505360994,2.0552126864473146,0.039858466305781486,0.9999225138543825
WDR48,4.1626640224415565,0.30126620796198167,0.5819326344037218,0.5176994554888206,0.6046679782228401,0.9999225138543825
EXOG,3.0475287715043975,-0.38224321700815894,0.6455358976286835,-0.5921331693749242,0.553761417111888,0.9999225138543825
KIF9,1.3312411924790104,-0.24708925519973965,0.6844880478187626,-0.3609840317696292,0.7181113841812236,0.9999225138543825
SETD2,10.25013169346162,0.853783587257667,0.4460175391416248,1.9142376976941338,0.05558979098757681,0.9999225138543825
NBEAL2,3.449950912408812,-0.5114037965843008,0.8751621247125684,-0.5843532097007309,0.5589826999594653,0.9999225138543825
CCDC12,16.16573074979851,0.09843521469748154,0.362964720581401,0.2711977476483304,0.786238945208131,0.9999225138543825
CCRL2,1.6856370329190724,-0.6934932690813566,0.7480507597496708,-0.9270671275214378,0.35389168240048674,0.9999225138543825
CCR1,1.6351252175896285,-1.4327228025919436,0.7422038786164586,-1.930362861027728,0.05356189325379804,0.9999225138543825
CXCR6,3.3247939056510916,-0.9717292324627064,0.6659014936220877,-1.4592687383491318,0.14449115612741475,0.9999225138543825
FYCO1,2.060173162106065,-0.5045662166223207,0.6058920170942255,-0.8327659094142726,0.4049767646436686,0.9999225138543825
LZTFL1,1.5019522290996254,0.24048665452716236,0.6469660800717798,0.37171447149204606,0.7101054491699861,0.9999225138543825
SACM1L,9.547289062306097,-0.47467468247989913,0.3249923023526983,-1.4605720783034357,0.1441329135410612,0.9999225138543825
LIMD1,0.8987899453330601,0.7759491510495508,0.7534679735813258,1.0298369383390897,0.303086557637121,0.9999225138543825
EXOSC7,4.042215588341135,-0.3569566341969078,0.5015860804532252,-0.7116557817441177,0.4766779556402957,0.9999225138543825
ZDHHC3,4.54060957487538,0.1264760224486472,0.5664939894184098,0.22326101390500827,0.8233323678606093,0.9999225138543825
TMEM42,2.1333498856446433,-0.04107252890655432,0.6305580433241392,-0.06513679326018991,0.9480650858364067,0.9999225138543825
KIAA1143,3.6637754248879237,-0.24245870279062934,0.6542946644263312,-0.37056500071448834,0.7109615542880129,0.9999225138543825
TCAIM,1.740408853513906,-0.15051556803232313,0.5682548441596804,-0.2648733566977355,0.7911070237507797,0.9999225138543825
PRKAR2A,10.483086981024947,-0.0014084166979057712,0.33511710644068554,-0.00420275978407881,0.9966466927272071,0.9999225138543825
IP6K2,8.368973646845777,0.04322900294570321,0.3694049927093975,0.11702333157069832,0.9068415645885473,0.9999225138543825
NCKIPSD,0.9479922073973273,-1.7540321911807915,0.9001155813042799,-1.9486744009465702,0.051334320750025864,0.9999225138543825
UQCRC1,8.689261139292363,-0.2627735670604405,0.5381438348510915,-0.48829615809526455,0.6253400823785557,0.9999225138543825
SHISA5,18.371235506829887,-0.5475357688964875,0.40362514447096143,-1.3565452410407983,0.17492575108194008,0.9999225138543825
TMA7,100.36926601885422,-0.42406210134270494,0.30989068746791365,-1.3684247978139477,0.17117914654362487,0.9999225138543825
CCDC51,1.1967600207373004,-0.6437816009300207,0.8255112594176761,-0.7798580498879575,0.4354744330608168,0.9999225138543825
NME6,2.6758128070275142,-0.23185614547145098,0.5667371673338849,-0.4091070055669321,0.6824611353568806,0.9999225138543825
MAP4,8.080318232329342,0.0547293251493546,0.4101025754604612,0.13345277114610846,0.8938353132542449,0.9999225138543825
DHX30,2.7951146823812083,0.4841504540863942,0.49411065438936697,0.9798421664975393,0.3271640342934513,0.9999225138543825
SMARCC1,7.130090950147721,-0.01562100984400714,0.46224788687487456,-0.03379357761831279,0.9730417573403302,0.9999225138543825
ELP6,3.859192738621376,-0.5546188846600526,0.538956785940239,-1.0290600269416594,0.30345146841221327,0.9999225138543825
SCAP,2.413189422655417,0.05342297157127428,0.5305583625316502,0.10069197913752109,0.9197949787339464,0.9999225138543825
PTPN23,1.1050014809506705,-0.5415123428294302,0.6710739224006413,-0.8069339677099522,0.4197045275801302,0.9999225138543825
RP11-708J19.1,1.8453140909898047,-1.3936950674123383,0.7997392204602696,-1.7426869056268524,0.08138832017657151,0.9999225138543825
KLHL18,4.542924947130232,0.1588487667190201,0.4637055173723971,0.3425638918836721,0.7319265702133086,0.9999225138543825
RNF123,1.3407509462271203,-0.9784372162416921,0.7230528298706576,-1.353202941501133,0.1759908058143259,0.9999225138543825
APEH,4.193590128402266,-0.06452108181734205,0.5556398603613436,-0.11612032616843347,0.9075571798328054,0.9999225138543825
TCTA,4.329571485451912,-0.2702826723352174,0.5229053004296905,-0.5168864651268905,0.6052354164418939,0.9999225138543825
RHOA,83.3639913968446,-0.14909147701051914,0.3185227259203517,-0.46807171004746534,0.6397333091979491,0.9999225138543825
GPX1,34.608643928907426,0.07385557959423357,0.6146553859194245,0.12015770346461316,0.9043582226980935,0.9999225138543825
USP4,4.234053908957678,0.22372343400959954,0.45625366042650684,0.49034879807969634,0.6238871017797545,0.9999225138543825
QARS,4.532754369097302,-0.5837761910924949,0.6298904483584491,-0.926790035654403,0.3540355594986785,0.9999225138543825
QRICH1,3.186655709935938,0.2646258051590272,0.4581879559583287,0.577548583976953,0.56356892856312,0.9999225138543825
IMPDH2,7.113324040666878,0.12278111881385331,0.4647471023483145,0.2641891002514146,0.7916342095321149,0.9999225138543825
NDUFAF3,13.885507433003854,-0.1794535798178978,0.4768497103647776,-0.37633152734982367,0.7066704436828863,0.9999225138543825
DALRD3,4.038630840245642,0.6343413194074835,0.569698452756582,1.1134685662882111,0.26550724125708924,0.9999225138543825
WDR6,2.72901540664917,-0.05463031615283563,0.5595879580517586,-0.09762596811953311,0.922229303421939,0.9999225138543825
P4HTM,4.476539908696894,0.07268544017747454,0.47785034937126336,0.15210921216885406,0.8791007984976167,0.9999225138543825
ARIH2,12.244665433977291,0.06286477602024576,0.4073306499706689,0.15433352738069803,0.8773467629676932,0.9999225138543825
ARIH2OS,2.245980881716764,-0.4398413013079886,0.5301556875974133,-0.8296455392212878,0.4067392213476171,0.9999225138543825
SLC25A20,4.507295514958005,-0.28029629996843647,0.640749849259161,-0.4374504345065657,0.6617847146577646,0.9999225138543825
MAPKAPK3,4.564046141589784,0.04816429138864743,0.4378897117177848,0.10999183150411353,0.9124158531230917,0.9999225138543825
CISH,6.082243234458731,-0.6319616908232184,0.6182962279259713,-1.0221018053807105,0.3067327187914366,0.9999225138543825
HEMK1,1.1601661318558185,-0.1242845873799627,0.6426597772737449,-0.19339095393085867,0.846652799429713,0.9999225138543825
CYB561D2.1,1.6400224000842019,-0.052945335542959625,0.7000778372407557,-0.07562778412131309,0.9397152312278482,0.9999225138543825
TMEM115,2.144034294109609,0.29175233780952253,0.5322501432922649,0.5481489136007951,0.5835896567892407,0.9999225138543825
CYB561D2,7.227856541818184,-0.3086755657212646,0.49106662116595756,-0.628581851049792,0.5296228451042395,0.9999225138543825
NPRL2,4.5142525591080584,-0.1289394822476636,0.44810382819891614,-0.28774465678170136,0.7735422037971299,0.9999225138543825
RASSF1,16.555945153374587,-0.2620758231181253,0.3955125722711918,-0.66262324257654,0.5075718805227502,0.9999225138543825
TUSC2,7.129045250253222,0.09829751029771333,0.5195149233713083,0.189210176408076,0.8499280921065823,0.9999225138543825
IFRD2,2.2137367915147355,0.3683665596465242,0.5634330614847352,0.6537893936784968,0.5132475006693185,0.9999225138543825
GNAI2,16.253522162412338,-0.0457253352720736,0.5947708784448376,-0.0768789073729245,0.9387198773558002,0.9999225138543825
RBM5,9.197804885647304,-0.1811684283606379,0.5678768459738098,-0.3190276723643585,0.7497055288296423,0.9999225138543825
RBM6,8.87352875068695,0.16091978216852673,0.5133221862229668,0.3134869025486258,0.753910769840991,0.9999225138543825
UBA7,1.8880084167008342,-0.11132534815726491,0.5402999888046878,-0.20604358775492726,0.8367568636074096,0.9999225138543825
IP6K1,4.807735983039266,0.04265610418441928,0.4519680092422436,0.09437859165283681,0.9248084212735088,0.9999225138543825
GMPPB,2.4699822704379235,-0.23886946193493921,0.5445237166511543,-0.4386759559418225,0.6608963515104045,0.9999225138543825
NISCH,2.568571657902246,-0.5326501623507452,0.5596830386800387,-0.9516996684533304,0.3412493175771222,0.9999225138543825
PHF7,1.0972466416830002,-0.8059250516391846,0.8324393024915082,-0.968148727753524,0.3329700970981926,0.9999225138543825
BAP1,1.2170706700514764,-0.3113261638122731,0.6943551976285948,-0.44836729799896896,0.6538881388226112,0.9999225138543825
GLYCTK,1.2647032842762798,-0.4543901026560983,0.7208954378574225,-0.6303134668275802,0.5284895138114494,0.9999225138543825
WDR82,5.281850610873709,0.22185664507430902,0.47962560644983593,0.4625621361554912,0.643678254241474,0.9999225138543825
PPM1M,5.616337903020545,0.22631067527475474,0.4847022542163978,0.4669065870977303,0.640566712305565,0.9999225138543825
TWF2,12.631580190454024,0.028672081694327806,0.4480247395489034,0.0639966483172257,0.9489728955943432,0.9999225138543825
ALAS1,4.534578873850399,-0.22517520822242795,0.46488375275449373,-0.4843688489611371,0.6281241220644967,0.9999225138543825
RPL29,429.26934725613125,0.09593943568214738,0.23210345424183687,0.41334772890620003,0.6793518655664628,0.9999225138543825
ABHD14A,2.6480340914144676,-1.000845287836458,0.8144134018973743,-1.2289155427756286,0.21910347333917757,0.9999225138543825
ABHD14B,8.367937104648634,0.00804324507101513,0.40636919230074253,0.01979294991698718,0.9842085419344387,0.9999225138543825
RRP9,2.3201380934597706,0.2980771786393085,0.5282436112491046,0.5642797608748434,0.5725637531155789,0.9999225138543825
TEX264,7.778721147335014,-0.0020672804841555125,0.36485808936516223,-0.00566598506217169,0.9954792221858796,0.9999225138543825
RAD54L2,1.9031721665613668,-0.8421603334672427,0.623454102967159,-1.3507976440594607,0.17676026299213154,0.9999225138543825
VPRBP,1.501908166027534,-0.6825397430668411,0.7110513456404796,-0.9599021888525411,0.3371044444883653,0.9999225138543825
MANF,10.654160876740745,0.026762706628083936,0.5108539511880802,0.05238817584916899,0.9582193954857463,0.9999225138543825
PDE12,3.007665472998192,0.31383301100764854,0.5147389362194734,0.6096935532264398,0.5420648258778069,0.9999225138543825
APPL1,6.798353576456662,-0.3249657840676244,0.42760264103376094,-0.7599714147742297,0.4472716717311911,0.9999225138543825
ARHGEF3,8.658700501473481,-0.20244767828725033,0.420767922394297,-0.48113857428879486,0.6304180140050695,0.9999225138543825
FAM208A,5.335059292967328,0.10963226672378241,0.3791011879581923,0.28918998464302564,0.772435995676599,0.9999225138543825
CCDC66,5.397391248302632,-0.22681272094800117,0.5368402310304552,-0.4224957591435318,0.6726631955083056,0.9999225138543825
SELK,89.4795471707949,0.16991074905729517,0.38831460099566617,0.43755951648903224,0.6617056233422599,0.9999225138543825
ACTR8,1.2137769599723573,0.6930605700747876,0.6359781240861643,1.08975536080057,0.27582092237473343,0.9999225138543825
DCP1A,9.174532072873314,-0.9681140224890261,0.45466036287168365,-2.129312562842105,0.033228409100066324,0.9999225138543825
TKT,9.618862762655567,0.2331752065522087,0.3758813121758875,0.6203426427411698,0.5350322259128157,0.9999225138543825
PRKCD,1.7587147731822415,0.07295358315074638,0.5975748109815453,0.12208276153895548,0.9028334740498916,0.9999225138543825
RFT1,1.6785246192006273,-0.32675465894378075,0.6086107361060927,-0.5368861236894465,0.5913462766352291,0.9999225138543825
SPCS1,30.738165143328153,0.11063159144746143,0.2951100593947192,0.3748824817234987,0.7077478681196797,0.9999225138543825
GLT8D1,3.338257556419994,0.2553721083732572,0.457487867056922,0.5582052044704456,0.5767042673804095,0.9999225138543825
GNL3,9.81876685574627,-0.2055522250072995,0.5498286818866045,-0.3738477670935547,0.7085175789764452,0.9999225138543825
PBRM1,5.664598070123574,0.1289777754558212,0.4436793035147342,0.290700455112705,0.771280423494986,0.9999225138543825
SMIM4,2.606984226091342,-0.5191479506308694,0.5086028213638976,-1.020733524911823,0.3073807064985583,0.9999225138543825
UBA3,4.670405892364115,-0.05681991824426701,0.4234463762017808,-0.13418444799062626,0.8932567233970025,0.9999225138543825
TMF1,12.253871951646568,0.09421548823416882,0.326649555929473,0.2884298678015375,0.7730177075130896,0.9999225138543825
SUCLG2,5.19433975221765,-0.0030825131271511367,0.36597306219091363,-0.008422786936004354,0.9932796678053923,0.9999225138543825
KBTBD8,1.4662004260510932,0.5860137686942634,0.6643971806286088,0.8820232622598064,0.37776422776738783,0.9999225138543825
SLC25A26,3.682720507264089,0.012779025972645906,0.5038496518454186,0.025362776228664573,0.9797656018162678,0.9999225138543825
PSMD6,8.970587836261227,0.38389324113238266,0.3450536050129891,1.112561166019209,0.2658969467366009,0.9999225138543825
ATXN7,7.207892408038751,-0.061396202923191014,0.5286796318183069,-0.11613120541835296,0.907548557778727,0.9999225138543825
THOC7,8.347061771189782,-0.05314294571004883,0.42626976016906015,-0.12466975299625321,0.9007850041516728,0.9999225138543825
FHIT,2.155679571997148,0.03313255534642782,0.6048344207071149,0.054779546619870584,0.956314095363938,0.9999225138543825
PDHB,6.786887716326267,-0.402118574915999,0.5690216247191954,-0.7066841705962216,0.4797627687342084,0.9999225138543825
PXK,2.579974295949941,-0.008602736880114478,0.5572259429054538,-0.015438507466573808,0.9876823425663601,0.9999225138543825
RPP14,1.283332317352251,0.04458654871046867,0.6493723360542187,0.0686609919070312,0.9452594688411398,0.9999225138543825
FLNB,2.0578265824198967,-0.08957812062763024,0.6384279791120565,-0.14031045561665076,0.8884147036590915,0.9999225138543825
SLMAP,3.865980980677384,-0.1549149124605843,0.49190066596341947,-0.31493129239248613,0.7528138217407458,0.9999225138543825
DENND6A,2.122077683749703,-0.3464944590687949,0.6122981577220087,-0.5658917223561334,0.5714673889789574,0.9999225138543825
ARF4,37.70325112931092,-0.13935650449725082,0.3584453444952511,-0.38878034444410836,0.6974386420834333,0.9999225138543825
MTRNR2L12,144.9615416571278,0.043877959993858205,0.8965552864728762,0.04894060707229532,0.9609666278540355,0.9999225138543825
NSUN3,3.027032037544104,-0.8757857480346288,0.5094636201667838,-1.7190349092010173,0.08560801561208768,0.9999225138543825
ARL13B,3.0464282897546497,0.7322569815518242,0.5772226094927011,1.2685867973802636,0.20458847561337,0.9999225138543825
C3orf38,4.90736726862353,0.055194515145559134,0.5048640192890655,0.10932550753623205,0.9129443157607285,0.9999225138543825
ZNF654,1.649718413319054,0.17676487772994887,0.6092032687500254,0.29015746762593436,0.7716957730306531,0.9999225138543825
RP11-159G9.5,1.2609813051049374,0.7715851892958735,0.8061011630043201,0.9571815855223352,0.33847560986187897,0.9999225138543825
CGGBP1,10.932255143864174,0.2252939392724082,0.3227470781486659,0.6980510577035552,0.48514526408896985,0.9999225138543825
CHMP2B,8.972540949917793,0.16554166446873222,0.3617067393110819,0.45766817832597795,0.6471908532787417,0.9999225138543825
GBE1,1.9396614900685614,1.0675466928399815,0.6387963755672194,1.6711846429811896,0.0946852126246607,0.9999225138543825
PPP4R2,8.685833361789763,0.1369001146935826,0.3772287164421921,0.36291010924286743,0.7166720347759283,0.9999225138543825
SHQ1,1.1239742494901976,0.13686857990606524,0.7143851792318123,0.19158933287675675,0.8480638988548566,0.9999225138543825
RYBP,5.910360293988307,0.08828577188371942,0.5893010285959641,0.14981438619590431,0.8809110589158058,0.9999225138543825
EIF4E3,2.3846429884021587,-0.301863971606437,0.6010279161636055,-0.5022461744094209,0.6154943663310621,0.9999225138543825
FOXP1,13.957535912861056,-0.34689334914723896,0.44735532445506043,-0.7754313633570858,0.43808480840890407,0.9999225138543825
FRMD4B,5.401160316340039,-1.2067104611335848,0.8055708747623898,-1.4979569134615431,0.13414444525916136,0.9999225138543825
ARL6IP5,45.54609132470088,-0.23734096994698914,0.32988116573706194,-0.719474145838827,0.47184882657603144,0.9999225138543825
CD47,28.464971798159425,-0.01481900500001122,0.38938487057073895,-0.03805747505877754,0.9696418567154176,0.9999225138543825
BBX,18.717169669260475,-0.5793266927285698,0.33729562686820713,-1.7175636046859646,0.08587624361252057,0.9999225138543825
CBLB,25.454959780251464,-0.14031667718382848,0.48581079475325717,-0.28882988747727434,0.7727115594738434,0.9999225138543825
NFKBIZ,38.69594222110397,0.20884308775058888,0.48401834609982164,0.4314776277251236,0.6661211163840539,0.9999225138543825
NXPE3,2.1397212876896954,-0.026750140870369046,0.5532504286408519,-0.04835087238176216,0.9614366116359783,0.9999225138543825
RPL24,318.6035193824937,-0.10778994256180649,0.2753953009059662,-0.3914008053413061,0.6955009971307611,0.9999225138543825
ZBTB11,4.628328498441133,0.24474571230575282,0.5806702473131748,0.42148829467019905,0.6733985568562121,0.9999225138543825
PCNP,19.772899668855498,-0.2120589662339539,0.29838234162310084,-0.7106954288260611,0.4772729929431583,0.9999225138543825
TRMT10C,7.753446207367822,0.1816517812833736,0.4107732079690023,0.44221915587318766,0.6583306255726702,0.9999225138543825
SENP7,5.339484570009947,0.7074922635254042,0.4941375347838542,1.4317719536016946,0.15220909631196106,0.9999225138543825
TFG,6.133808432068403,0.36807564121298775,0.3723507010003765,0.9885187277050824,0.32289866719914295,0.9999225138543825
TOMM70A,2.878213696172035,0.03356818271765227,0.5322926151933175,0.06306340114348763,0.9497160179199361,0.9999225138543825
NIT2,3.840007160969451,0.08472001626783708,0.5027729979714362,0.16850550170685627,0.8661856158223322,0.9999225138543825
TBC1D23,3.5506747118072695,0.25489762476429717,0.47783485187274904,0.5334429327733052,0.593727004798993,0.9999225138543825
CMSS1,2.709741676060598,-0.8331034371783059,0.5994711073847528,-1.389730759190039,0.16461065075039716,0.9999225138543825
CLDND1,19.166657487555728,-0.46420315103299925,0.4392808179193023,-1.0567343988106381,0.2906328211712609,0.9999225138543825
ZNF80,1.653603590104137,0.1701140689134973,0.8310072867326435,0.20470827588329849,0.8378000541180837,0.9999225138543825
RP11-553L6.2,2.9594934829920367,-0.7007923525616734,0.561188514406984,-1.2487646032852449,0.2117511840082471,0.9999225138543825
QTRTD1,2.0948769502443407,0.35143274890638365,0.5567720905026766,0.6311967767441357,0.5279118692485996,0.9999225138543825
ATP6V1A,2.926143199426407,-0.1999423748603645,0.6716199310373032,-0.2977016696802872,0.7659308689605012,0.9999225138543825
NAA50,11.488393901952008,-0.056206896180768,0.3996136321620551,-0.14065310003732417,0.888143997401514,0.9999225138543825
USF3,3.008345197680932,-0.28689861133289146,0.6547203284756156,-0.4382002495643859,0.6612411276944259,0.9999225138543825
SIDT1,3.4595293368735174,-0.3024066232282667,0.5795105795676987,-0.5218310655412969,0.6017879579323073,0.9999225138543825
C3orf17,3.78633859862906,0.29149554445309367,0.4872215953616198,0.5982812486723692,0.549652286224567,0.9999225138543825
GTPBP8,4.282042349679783,0.35491332870342035,0.4167301480604,0.8516622335948201,0.3944015875962349,0.9999225138543825
SLC35A5,1.3670736645805406,-0.4983905620988755,0.6242435008934251,-0.7983912710113485,0.42464346719861246,0.9999225138543825
ATG3,6.920072322251799,0.3830931314589073,0.46178630515056196,0.829589633096639,0.40677084008551234,0.9999225138543825
PHLDB2,2.1753543561482576,0.21998899396296906,0.7087761222397598,0.3103786753817205,0.7562730085441286,0.9999225138543825
CD96,33.68385065038352,0.17130971437998074,0.4284791403987885,0.3998087613332626,0.6892973771472759,0.9999225138543825
TRAT1,6.469799258564128,0.19177621072328602,0.6153701008511914,0.31164369288988464,0.7553113246057389,0.9999225138543825
DZIP3,3.6330090111178444,-0.1297077699392287,0.4757720869802673,-0.27262585067250555,0.7851408384560327,0.9999225138543825
IFT57,3.972110833352462,0.32599558070781504,0.47188299228639985,0.6908398608059148,0.48966618276609664,0.9999225138543825
FAM162A,8.275013918626097,0.0999218953372496,0.34643119470323264,0.28843215294987173,0.773015958514548,0.9999225138543825
EAF2,1.0039595269938,-0.16286100280043353,0.6977772378566793,-0.23339970690457593,0.8154510407462322,0.9999225138543825
IQCB1,3.9852068782398393,0.14894795416731052,0.45748658541296705,0.3255788451870282,0.7447430199265812,0.9999225138543825
GOLGB1,18.825999012359308,0.5469045141153774,0.6175099489850667,0.8856610569825868,0.37580019931301956,0.9999225138543825
HCLS1,27.274575419767963,-0.2769099289074993,0.27120241994482247,-1.0210451992420941,0.30723302470255265,0.9999225138543825
RABL3,1.3704683086675498,-0.2009635272747862,0.6531960715168225,-0.30766187372823256,0.7583396337259911,0.9999225138543825
NDUFB4,22.785678663616643,-0.5421756725102296,0.37061065510879454,-1.4629252155501877,0.14348784339036122,0.9999225138543825
LRRC58,3.3664099060364037,0.48330141878048544,0.4682971931934885,1.0320399648024317,0.302053395955197,0.9999225138543825
GSK3B,5.361461742296025,0.5211271882144364,0.4433147825783045,1.1755240490370689,0.23978512155182907,0.9999225138543825
COX17,14.6934338172296,-0.02162995482633037,0.39119638676485485,-0.05529180625927398,0.9559059898398934,0.9999225138543825
TIMMDC1,4.962486386052728,-0.09278911425782446,0.3995958094545479,-0.23220742575975079,0.8163769104542424,0.9999225138543825
POGLUT1,2.2092629446746352,0.04770843124148931,0.5714046651254514,0.08349324769866022,0.93345934620306,0.9999225138543825
TMEM39A,3.4567699210265848,0.10386657751327885,0.4949875405253274,0.20983675145246256,0.8337950880579735,0.9999225138543825
B4GALT4,8.448672538407285,-0.6371432883238817,0.3807434904208594,-1.6734187303362893,0.09424489310835514,0.9999225138543825
ZBTB20,8.77759058954489,0.12804504870150119,0.38901455044258687,0.3291523377617179,0.7420405463668411,0.9999225138543825
TIGIT,14.966192994842144,0.24148101514833054,0.3585590013864015,0.6734763712934883,0.5006442761994556,0.9999225138543825
ABTB1,8.309126843193349,-0.22932959942565292,0.539076767167553,-0.425411765805841,0.6705365304354067,0.9999225138543825
TPRA1,1.792148942224228,0.5756517113118401,0.6590942046131337,0.8733982293923043,0.3824460557702515,0.9999225138543825
ZXDC,1.2678521981367283,0.5643657908797886,0.6467527951488706,0.8726143823620923,0.38287329859294217,0.9999225138543825
SLC41A3,2.253160165882684,-0.29387528658224893,0.6179035294315056,-0.47560059553734085,0.6343589510350152,0.9999225138543825
SNX4,3.399125022647607,0.11876763218414234,0.5406461419521902,0.21967720282862033,0.8261225604896899,0.9999225138543825
ZNF148,7.147760599596721,0.1635051523359924,0.38316487988585934,0.4267227006418198,0.6695813142165079,0.9999225138543825
HEG1,3.655724268594116,-0.5723932591528491,0.551701053556333,-1.0375061919188509,0.29950001151407357,0.9999225138543825
UMPS,1.5973586073322996,-0.49021546555812434,0.6259643404013159,-0.783136408767054,0.4335470127761303,0.9999225138543825
CCDC14,5.525413919989558,-0.2362488578378907,0.4044938308777726,-0.5840604721343178,0.5591796276008014,0.9999225138543825
HACD2,1.9206570835845576,-0.05414782237117363,0.5538623921996711,-0.09776403513537885,0.9221196663374674,0.9999225138543825
HSPBAP1,3.5659188725087656,-0.00637713189020684,0.5558433889346585,-0.011472893295410763,0.9908461563882172,0.9999225138543825
PARP14,9.608752147754712,-0.6325924328720398,0.4656666918215789,-1.3584661389404653,0.1743158200187993,0.9999225138543825
PARP15,6.506998231276068,0.14675581412136826,0.4824916447918183,0.30416239473885465,0.7610041730073758,0.9999225138543825
DTX3L,2.355306700853315,0.2409338714476986,0.5349900270833997,0.4503520799466031,0.6524565920635992,0.9999225138543825
PARP9,4.912406380854374,-0.6428755795667512,0.5322077699609336,-1.2079409881857628,0.22706996200713003,0.9999225138543825
KPNA1,5.164415607413174,0.013374443984444774,0.4802071264690947,0.02785140671023659,0.9777806652192251,0.9999225138543825
ATP2C1,3.020179187314434,0.23526222456335202,0.5423667111988428,0.43376966120086974,0.6644557148353022,0.9999225138543825
PIK3R4,1.5414840572792337,0.10100639504699827,0.6935132303784024,0.14564451062005845,0.8842020282148247,0.9999225138543825
TMCC1,1.0992807666836577,-0.2180444701053404,0.6898871313115996,-0.3160581785179825,0.7519583495362485,0.9999225138543825
PLXND1,1.1502192800737714,-0.9646240036162405,0.7343982554684921,-1.3134889638332288,0.18901823730131795,0.9999225138543825
MBD4,7.34552462923726,0.2707683734665608,0.4589124895646865,0.590021800721539,0.5551760338216913,0.9999225138543825
H1FX,7.009681986183604,0.03114461981429175,0.8980232685048377,0.03468130604916945,0.9723338675710549,0.9999225138543825
HMCES,3.8468556358759383,-0.08288011010517105,0.5710318233881856,-0.14514096537283425,0.8845995750241199,0.9999225138543825
COPG1,2.6800282961219115,0.12193529135931977,0.5916036233312154,0.20610977781495607,0.8367051611584716,0.9999225138543825
CNBP,45.07656052549234,0.40904123147656213,0.31827194629859795,1.285194112247662,0.1987244605795918,0.9999225138543825
ISY1,4.609548401346449,-0.5029389738027124,0.8691196265941926,-0.5786763506579324,0.562807576283702,0.9999225138543825
ACAD9,1.715601833310464,0.025962310340319823,0.7072165725215662,0.036710551405422724,0.9707157955102859,0.9999225138543825
RAB7A,20.831536438412797,-0.21574347849818112,0.32374238529018723,-0.6664047968411642,0.5051523972839793,0.9999225138543825
RPN1,12.792027996956488,-0.0005094720686784904,0.5258754909221742,-0.0009688074030320012,0.9992270036516501,0.9999225138543825
EEFSEC,3.1005307719033124,-0.1739023570014178,0.5362315057849321,-0.32430462426272527,0.7457074190645294,0.9999225138543825
RUVBL1,3.2291870710287816,-0.611571708891363,0.510404741360522,-1.1982093020162252,0.23083554497314762,0.9999225138543825
SEC61A1,6.063193450939606,0.011717171277598339,0.4700695638897841,0.02492646233174465,0.980113619900589,0.9999225138543825
NCK1,9.639950879201765,-0.07615804515949724,0.30817189874504397,-0.24712845483197068,0.8048088127905533,0.9999225138543825
NCK1-AS1,1.5567358008688013,0.9825740962441187,0.6400007208936669,1.5352702960585707,0.12471744732430376,0.9999225138543825
STAG1,4.596487341526196,-0.2444270740562535,0.4585429397142203,-0.5330516575145369,0.5939978218766631,0.9999225138543825
MSL2,5.132427006042459,-0.04201565330428784,0.4282037554827603,-0.09812070250742912,0.9218364486247422,0.9999225138543825
CEP63,3.3189977293402504,-0.7196861614745683,0.4931263017154479,-1.4594357651802028,0.14444520820581905,0.9999225138543825
ANAPC13,3.253009271789488,-0.015262302731910465,0.4598324954425017,-0.033191005166399536,0.9735222710094593,0.9999225138543825
RYK,2.2031015687413094,0.1845450920410161,0.6705153493202828,0.27522873596867514,0.7831405110618361,0.9999225138543825
SRPRB,4.175684531746567,-0.13740637513775356,0.4758042884788982,-0.288787592850474,0.7727439272529213,0.9999225138543825
TOPBP1,2.312232978653934,0.7363471297889665,0.5456817193295523,1.3494077292779274,0.17720603953312697,0.9999225138543825
CDV3,8.488279460746687,0.004579091001604551,0.59072727124871,0.007751616057821456,0.9938151671648316,0.9999225138543825
NPHP3,1.5217797744267776,-0.6068654853754231,0.7734860273267483,-0.7845849361659655,0.4326969649880914,0.9999225138543825
UBA5,3.0370298218901635,0.3882992336061063,0.4803225978867973,0.8084134190530441,0.4188526295795294,0.9999225138543825
DNAJC13,1.2580408431681347,0.06231856037819153,0.6076580248829477,0.10255531536869913,0.9183159089363606,0.9999225138543825
MRPL3,6.7791442348144395,0.30171561836864147,0.40644507955348885,0.7423281361902555,0.4578885486457782,0.9999225138543825
NUDT16,1.631384296117838,-0.014482609920027178,0.5847173782932817,-0.02476856419472282,0.9802395655008274,0.9999225138543825
ASTE1,5.783648400278369,-0.3338459794622282,0.38764007072026063,-0.8612267014654097,0.38911319661678145,0.9999225138543825
ATR,2.4653748988792388,0.30687973429005017,0.5608885166298337,0.5471314266406702,0.5842884429968562,0.9999225138543825
XRN1,8.781054595895052,0.1740227182787724,0.36631171633459686,0.47506730065880926,0.6347390045118311,0.9999225138543825
GK5,7.196192514861872,-0.5945404415755046,0.5506526582928483,-1.0797013918333178,0.280275173925575,0.9999225138543825
TFDP2,10.325471393105563,-0.08417663153090832,0.40634403086553433,-0.2071560676100191,0.8358879760188288,0.9999225138543825
ATP1B3,34.798673022005794,-0.3816578870579485,0.5093102946503848,-0.7493622081994964,0.45363892258458915,0.9999225138543825
RNF7,23.94398411331831,-0.07578204675587895,0.3391294985619718,-0.22346049835600104,0.8231771235729771,0.9999225138543825
RASA2,13.871431736875783,-0.31581724666904487,0.31126119656998535,-1.0146373854154194,0.31027871147522523,0.9999225138543825
ZBTB38,9.847776912771756,-0.8233400036453485,0.3867106353093488,-2.129085493050168,0.033247187773391765,0.9999225138543825
PXYLP1,1.2648878907347332,-1.3450227128488532,0.8204659468491369,-1.6393400823205269,0.10114245274422078,0.9999225138543825
SLC25A36,11.029372790811438,0.3062489331981904,0.34380872483624775,0.8907538147673633,0.37306125739919993,0.9999225138543825
COPB2,8.702406187926426,-0.44504369600934623,0.44842730701785954,-0.9924544938375518,0.3209758674396894,0.9999225138543825
MRPS22,5.573486812414917,-0.40828789387611225,0.41804964367931013,-0.9766493048115449,0.3287428008224811,0.9999225138543825
PIK3CB,1.332648080073167,0.5378466293498568,0.6123364668309191,0.8783514595062802,0.3797530177018188,0.9999225138543825
FAIM,3.0132015769903315,0.6747822200023392,0.5283708366542527,1.2770996678681057,0.20156706212087705,0.9999225138543825
ARMC8,4.371080929023898,0.11285341945406675,0.41871914377957004,0.2695205631999409,0.7875291203346642,0.9999225138543825
DBR1,2.09098144954915,-1.566027896505544,0.6055338684533156,-2.5861937343084866,0.009704236880686777,0.9999225138543825
ERICH6-AS1,2.307910973604967,-0.5007541995095189,0.6382209003358191,-0.7846095282151244,0.4326825418255412,0.9999225138543825
SELT,27.6995571782891,0.009305912853814474,0.3155396650106094,0.029492054044937835,0.9764721561401923,0.9999225138543825
EIF2A,15.468214913848925,-0.17132638867171177,0.3072479203210872,-0.5576161052373222,0.5771065565409002,0.9999225138543825
SERP1,66.11976460754917,0.30795508068575855,0.3548326637238926,0.8678881968019406,0.3854555410986651,0.9999225138543825
TSC22D2,15.62399376137707,0.16164196619350613,0.5635977025755842,0.2868038060744726,0.7742625484954949,0.9999225138543825
RNF13,8.427642390052657,-0.0596109905574337,0.38774720235183013,-0.1537367392875332,0.8778173153656087,0.9999225138543825
COMMD2,6.794839148523916,-0.23526642570165293,0.4339649062706262,-0.5421323759182908,0.5877273166793398,0.9999225138543825
TM4SF1,1.7062503795635282,-0.5410640165393994,0.740318496438698,-0.7308530303405734,0.46486892807091895,0.9999225138543825
HPS3,2.6523775326077885,0.9607475871955077,0.5453577005833671,1.761683361521804,0.0781228105701137,0.9999225138543825
HLTF,1.92944575115514,0.029481676301732162,0.537415035986353,0.054858301922316915,0.9562513520703029,0.9999225138543825
GYG1,11.428344417161576,0.12421966547310476,0.3852169321156617,0.322466784600755,0.7470990969757154,0.9999225138543825
PLSCR1,12.418712458064393,-0.37268737288479914,0.4181231148785493,-0.8913340583742955,0.3727499823190501,0.9999225138543825
C3orf58,4.2270045810186065,0.861513460601566,0.5500241397168829,1.566319363810137,0.11727386997402323,0.9999225138543825
SLC9A9,2.094162803386242,-0.4998639640969956,0.5339245285900235,-0.9362071553764831,0.34916653980658807,0.9999225138543825
CHST2,3.8862609420506478,0.030700224010020517,0.7956880496436314,0.03858324128880706,0.9692226638575732,0.9999225138543825
U2SURP,15.043539380918633,-0.5018063010277566,0.3240356773022235,-1.54861435384391,0.12147445332399735,0.9999225138543825
IFT80,1.0995385424306987,0.1480815406503351,0.7420847061260762,0.19954802925850468,0.8418340767991935,0.9999225138543825
MFSD1,3.60296154034828,0.6010174794960499,0.49168686058590144,1.2223582277140137,0.221572188628672,0.9999225138543825
GFM1,3.258117480660285,0.19484274097379511,0.47189940560603394,0.4128904140567194,0.6796869046052507,0.9999225138543825
MLF1,3.4264435100549018,0.34494646498517706,0.6056334970070356,0.5695630553624578,0.5689740920916291,0.9999225138543825
RSRC1,5.457268820473997,-0.24079207925470844,0.4842787320018526,-0.49721795185873924,0.6190353633863785,0.9999225138543825
CCNL1,46.87063041695299,0.32711781884155205,0.3002356899368102,1.08953675331004,0.27591725646183296,0.9999225138543825
TIPARP,25.367893027687572,0.14014536995340368,0.5065023970723544,0.2766924120467366,0.7820162988001168,0.9999225138543825
TIPARP-AS1,1.4135158243956232,-0.531161837148863,0.7547209740694809,-0.7037857107439593,0.481566233746224,0.9999225138543825
SSR3,16.364876220022776,-0.3495719228821082,0.3612868646538101,-0.9675744043921238,0.33325696539836724,0.9999225138543825
GMPS,4.580122239597771,0.2625297069931865,0.4559814867029457,0.575746416573738,0.564786596424968,0.9999225138543825
SLC33A1,2.8670028037608555,0.41238008389566155,0.4726999219777419,0.8723929595128627,0.3829940400495504,0.9999225138543825
DHX36,18.624028588551855,0.0568629522470495,0.4040202042282775,0.14074284318444896,0.8880730979741583,0.9999225138543825
RAP2B,10.054006962782891,0.09281114754263009,0.38033518416355333,0.24402461672522796,0.8072117547361339,0.9999225138543825
MBNL1,40.30166831425622,0.19181400479505106,0.3613479549462163,0.5308290863956903,0.595537222149705,0.9999225138543825
GPR171,12.596141998733454,-1.1505836409434915,0.5611913620288972,-2.0502518727012142,0.04033985840102747,0.9999225138543825
SIAH2,5.385155833165725,0.11764273785238649,0.6124344239562364,0.19209034184008095,0.8476714401318123,0.9999225138543825
FNDC3B,4.758193321294503,0.47256114171663005,0.4821651158571561,0.9800815657859179,0.32704585784442386,0.9999225138543825
TNIK,6.142115769121699,0.08327571228406982,0.4461653862148998,0.1866476308046884,0.8519369189421038,0.9999225138543825
EIF5A2,3.1854609190416783,0.5302295003416886,0.5024427509905972,1.0553033142508437,0.2912866258259612,0.9999225138543825
RPL22L1,44.6573629933819,0.08633165237208636,0.35852350052191795,0.24079775034665704,0.8097118732915791,0.9999225138543825
SKIL,26.125409663529943,-0.24224913609086088,0.38807265058753637,-0.6242365591187609,0.532472240607005,0.9999225138543825
PRKCI,1.868578274891779,1.000592623347987,0.6595248523547605,1.5171416509559594,0.12923092429201632,0.9999225138543825
PHC3,5.6604437665323255,-0.360315827088303,0.5530961904546224,-0.6514523753854428,0.5147545104207085,0.9999225138543825
SEC62,25.227799136635905,-0.9440674597486879,0.4576639741227808,-2.062796097416696,0.0391320049857296,0.9999225138543825
MYNN,4.922611331309048,0.3199739831539107,0.42574177944154196,0.751568200738086,0.45231077246605955,0.9999225138543825
GOLIM4,3.2884693103804605,0.04893610051724556,0.5904263097690371,0.08288265564654186,0.9339448453729773,0.9999225138543825
PDCD10,13.151200122976613,-0.07773609092376482,0.3082176949349112,-0.2522116419700724,0.8008774799027973,0.9999225138543825
SPTSSB,3.8967371720407877,-0.37937435790489804,0.49598736579417485,-0.7648871404162562,0.4443387520500589,0.9999225138543825
NMD3,5.175638071622561,-0.7470821018737576,0.4111396965024732,-1.8171003876033254,0.06920174343619932,0.9999225138543825
PPM1L,1.0469532653424427,-0.1386924596826513,0.6768470171725947,-0.20490961201545044,0.8376427452627098,0.9999225138543825
KPNA4,6.481485083838595,0.6175161288185961,0.6259534142352357,0.9865209051907673,0.3238775618941191,0.9999225138543825
SMC4,6.17498824297443,0.19180185022570442,0.4924018621669617,0.389522999327466,0.6968893004330063,0.9999225138543825
KLHL6,5.32482662242505,0.5432449448350495,0.5422309935689366,1.0018699618393982,0.3164064019331092,0.9999225138543825
MCCC1,1.4430674962074026,-1.1872682918030282,0.6590202562993747,-1.8015657037159192,0.07161376126030965,0.9999225138543825
DCUN1D1,4.684724838980117,-0.3481350368775178,0.46163489045238987,-0.7541350189894762,0.4507681515666132,0.9999225138543825
ATP11B,5.412935935413222,0.3046018078517657,0.43908072734062525,0.69372620769908,0.4878539272362492,0.9999225138543825
DNAJC19,9.950048201356244,-0.10508044846245462,0.3276091377180348,-0.32074944305398106,0.748400275135148,0.9999225138543825
FXR1,12.192976503170003,0.18232900907532587,0.48800670463214824,0.37361988543325975,0.7086871372423603,0.9999225138543825
TTC14,11.865359741370261,0.1974993202076583,0.3496715831088832,0.5648137559584291,0.5722004495512385,0.9999225138543825
NDUFB5,10.368583285097596,-0.03487609664940087,0.458351691047822,-0.07609025412270615,0.9393472937464984,0.9999225138543825
MRPL47,8.898929486242169,-0.18373762209464659,0.5627445608122171,-0.3265027063601565,0.7440440420185277,0.9999225138543825
ACTL6A,2.870238021243897,0.7677227263671046,0.5498019626514339,1.3963622877312813,0.16260542551878576,0.9999225138543825
MFN1,1.9784386796602083,-0.8913731634542965,0.5796751712685944,-1.537711476418016,0.12411917633020389,0.9999225138543825
ZNF639,1.5307637198390376,0.28710795855848253,0.6156648957557301,0.46633803638594146,0.6409735567686898,0.9999225138543825
PIK3CA,2.5647084737792007,-0.1066290226171953,0.507922740744023,-0.20993157829673342,0.8337210754466292,0.9999225138543825
ZMAT3,3.243939394541818,-0.2578293471568266,0.46458288567713907,-0.5549695331136338,0.5789154998359735,0.9999225138543825
TBL1XR1,7.421947708280155,-0.03418376750054982,0.41543717161040267,-0.08228384419246765,0.9344210013182404,0.9999225138543825
TNFSF10,9.92128899517847,-0.14058338391141878,0.5241447652001505,-0.26821480103447276,0.7885339826890683,0.9999225138543825
TRA2B,30.188410170703136,-0.0861260712358973,0.3226548722101753,-0.2669293993484014,0.789523520239963,0.9999225138543825
SENP2,2.4824443363392583,-0.2752683625229083,0.5388863218410165,-0.5108097039511029,0.609484313530469,0.9999225138543825
TMEM41A,3.081845518815375,-0.08062673459753256,0.4889178225569076,-0.16490856106630888,0.8690159539045075,0.9999225138543825
MAP3K13,5.289428595544868,-0.2628041802758977,0.40392736786002487,-0.6506223672543243,0.5152902881005759,0.9999225138543825
VPS8,2.075488071492902,0.029907892009212608,0.5779138309027242,0.05175147298775546,0.9587267226441568,0.9999225138543825
MAGEF1,2.1889652079027724,-0.483188562314018,0.676734241478881,-0.714000463842492,0.4752268926344142,0.9999225138543825
POLR2H,4.558475117743845,0.04538077752444404,0.42081244487634994,0.10784086373153381,0.9141219273187305,0.9999225138543825
EIF4G1,5.707121258190758,0.057138993631517886,0.4470831939847815,0.1278039398489733,0.8983041320873619,0.9999225138543825
PSMD2,8.985317858648749,0.05532844939483369,0.4508518646699015,0.12271979718957868,0.902328986473173,0.9999225138543825
ALG3,3.2150749827369265,0.12275887009766498,0.5538151944546004,0.22166035046864044,0.8245782980105507,0.9999225138543825
ABCF3,2.907669813672023,0.12892875228092127,0.5236475032422955,0.24621286549181728,0.8055174568387583,0.9999225138543825
AP2M1,16.4301857060532,-0.4108132797702702,0.4058475530585195,-1.0122354481980447,0.3114254909465959,0.9999225138543825
DVL3,1.0587776077078535,-0.4010105025976309,0.7092632397516645,-0.5653902248452032,0.5718083719128724,0.9999225138543825
EIF2B5,3.5807299351835775,-0.5794279090216015,0.4707882619639326,-1.230761163425081,0.21841220476147827,0.9999225138543825
PARL,6.967521697904751,0.09236726409842906,0.48913427903251383,0.188838255787608,0.8502195874439418,0.9999225138543825
KLHL24,10.269479132369222,0.33670486868945076,0.38005510129948683,0.8859369800278627,0.37565148743914956,0.9999225138543825
ACAP2,16.188936910857883,-0.09580031982304034,0.38153785814776237,-0.2510899450138935,0.8017445696572072,0.9999225138543825
XXYLT1,1.326533560534848,-0.08086682842304915,0.6392465350890024,-0.12650335040422245,0.8993334971149007,0.9999225138543825
FAM43A,5.863020006319678,0.34959122186174885,0.8154414861189375,0.42871404976660543,0.6681313347877109,0.9999225138543825
LSG1,2.1647613482568717,0.27729573775703287,0.560470243170937,0.4947555042140942,0.6207727167023707,0.9999225138543825
ATP13A3,2.141451642322501,0.14632153355070257,0.5188043600131507,0.28203605217772953,0.777915866297631,0.9999225138543825
OPA1,4.129072086656988,0.7159790889628826,0.4368039977997203,1.639131263837854,0.10118592518643882,0.9999225138543825
CCDC50,3.6118359777852906,0.2615878381980987,0.48733047598245355,0.5367770970422897,0.5914215937110583,0.9999225138543825
TPRG1,1.8700582324103108,-0.5296130119605627,0.6346790876070018,-0.834457952533806,0.40402297207988,0.9999225138543825
LPP,9.095279351582507,-0.05201872349558319,0.39873695513416935,-0.13045874686503445,0.8962034903826233,0.9999225138543825
BCL6,3.63163541511575,-0.8034713984296754,0.557998358033345,-1.4399171375010775,0.1498908439197747,0.9999225138543825
RTP4,2.2665825562970143,-0.5965177181941675,0.6134892215933332,-0.9723361017572765,0.3308833691985956,0.9999225138543825
ST6GAL1,2.6861612136747843,0.8150174781091921,0.5667576408213651,1.4380352718810108,0.1504240465181021,0.9999225138543825
RFC4,1.383636786921396,-0.246616339651468,0.6482546415997306,-0.38043127472698146,0.7036253028170454,0.9999225138543825
EIF4A2,78.45816278271637,0.06964221746524413,0.3460478502481343,0.20125025315229395,0.8405028988949919,0.9999225138543825
DNAJB11,8.4130141812532,0.5409139534208278,0.3660915605505188,1.477537347781019,0.13953165462570685,0.9999225138543825
TBCCD1,1.8151972204207425,0.28704739935123685,0.6064177752723764,0.4733492503947591,0.6359640302912204,0.9999225138543825
FYTTD1,7.227926725553549,0.4792079838422421,0.3536511676274202,1.3550301192476168,0.17540796108827938,0.9999225138543825
RUBCN,1.892847686527783,-0.16659642286133378,0.5310039492273337,-0.3137385759630394,0.7537195995814233,0.9999225138543825
DLG1,2.459256338812927,0.2788761862375852,0.5681849533885338,0.4908193794545722,0.6235542021060618,0.9999225138543825
NCBP2-AS2,4.573737492638999,0.8992920842054922,0.45638117316649673,1.9704846235570128,0.04878285553513344,0.9999225138543825
NCBP2,7.129733776866563,-0.18452191688905176,0.3929887078638784,-0.4695349082471998,0.638687338978704,0.9999225138543825
SENP5,3.625952530511227,0.010992074514292904,0.463772585248282,0.023701432262125337,0.981090763547841,0.9999225138543825
PAK2,15.496111213133581,0.25811688581501707,0.3087106766887013,0.8361125976711775,0.40309156194318096,0.9999225138543825
PIGX,5.269800429264001,0.033500550493484424,0.48656342290256754,0.06885135404062788,0.9451079404262182,0.9999225138543825
WDR53,0.9524162512635221,-0.15661001790081244,0.690320370189687,-0.2268657056400914,0.8205281697147127,0.9999225138543825
RNF168,9.940021057614222,0.6148352313640334,0.375492794284244,1.6374088683539685,0.10154506643991744,0.9999225138543825
UBXN7,2.875225216931705,-0.6010793324480722,0.5067674031046978,-1.1861049640635424,0.23558085041263033,0.9999225138543825
PCYT1A,3.306810366658516,-0.443434674409196,0.5519564956478039,-0.8033870022469048,0.4217510852544726,0.9999225138543825
TFRC,6.138183119603582,-0.1789985764224313,0.47578280306461235,-0.37621909675899506,0.7067540194116797,0.9999225138543825
TNK2,1.9547015407081385,-0.620548591067336,0.6101233971507308,-1.0170870252891313,0.3091120319881955,0.9999225138543825
LINC00969,5.747528907862346,0.2198957633416289,0.4491093054283058,0.4896263797783461,0.6243983059434914,0.9999225138543825
PPP1R2,53.35405120584432,0.22268451446358123,0.4362977398812541,0.510395755256923,0.6097742300759555,0.9999225138543825
CTBP1,4.610417344913262,-0.08295007142287797,0.46560659730696446,-0.1781548455340953,0.8586013703947729,0.9999225138543825
SPON2,44.3663116114648,-0.8660817876070127,0.9020519788235506,-0.9601240371276055,0.3369927921679291,0.9999225138543825
TMEM175,3.697291402966357,-0.2773815077287075,0.49233969418361434,-0.5633945647804302,0.5731662374403599,0.9999225138543825
GAK,4.561286259783484,-0.05590359043039895,0.5589194710480121,-0.10002083184823728,0.9203277869527167,0.9999225138543825
PCGF3,1.963940899414998,0.4059819456418789,0.5764874675986816,0.7042337751642171,0.4812872005378007,0.9999225138543825
MYL5,1.5379308212683258,-0.07198258440023314,0.679281058237704,-0.10596877908973569,0.9156071233546224,0.9999225138543825
ATP5I,21.939488840149973,-0.7871153401583713,0.4472733219005647,-1.759808380284658,0.07844030169840319,0.9999225138543825
PDE6B,1.4075144411044063,-0.5052964500685359,0.6792397058235176,-0.7439147707890676,0.45692803873492194,0.9999225138543825
PIGG,1.5440284374577606,0.2780409250412365,0.6021516543858,0.46174567987335463,0.6442637089800338,0.9999225138543825
ZNF721,5.655584621755386,-0.007020167549896548,0.5255221271595246,-0.013358462350274254,0.9893418061254066,0.9999225138543825
ZNF141,2.13676541595582,-0.1942538316171857,0.6418199961382587,-0.3026609217319247,0.7621482816728725,0.9999225138543825
ZNF718,1.5236102199113144,-0.14823762571255333,0.7082121231711249,-0.2093124656618378,0.8342043211151602,0.9999225138543825
ZNF595,2.510957678239464,-1.022723651150853,0.6672956879224413,-1.532639382602638,0.12536473232911519,0.9999225138543825
RPL35A,432.9960399964497,-0.15865482732737957,0.32158196315105686,-0.49335735677704823,0.6217601076793278,0.9999225138543825
IQCG,2.2207067589886784,-0.5740597367558179,0.6527078517164568,-0.8795048738056173,0.37912759168006704,0.9999225138543825
LRCH3,3.0493139786656127,-0.056998320489282814,0.4783378143529219,-0.11915913561295187,0.905149280976446,0.9999225138543825
SH3BP2,4.938781858285027,-0.25439933433201456,0.455192193640919,-0.5588833417751863,0.576241338904046,0.9999225138543825
TNIP2,6.399077522698646,0.5396752578364205,0.43065456251685674,1.2531511443473828,0.21015070605920483,0.9999225138543825
FAM193A,1.6569179130935237,-0.8088434677988054,0.6386006626553054,-1.2665872666583675,0.20530290781207583,0.9999225138543825
RNF4,5.021369230546881,0.1203794571392792,0.43799263478868744,0.2748435648863298,0.7834364265216914,0.9999225138543825
ZFYVE28,2.5831103620739517,-0.1796845830697643,0.617182161152451,-0.2911370327590855,0.7709465179926551,0.9999225138543825
MXD4,7.123673538273871,0.34642839866942116,0.7330727193748409,0.47257030511905124,0.6365197721735437,0.9999225138543825
HAUS3,3.631109000134297,-0.11026723623495989,0.5218096288632825,-0.21131698254623552,0.8326399319749289,0.9999225138543825
C4orf48,8.059659018596085,-0.07229863343520473,0.6205548774007263,-0.11650643008082835,0.9072511903361847,0.9999225138543825
NELFA,2.0420061305501735,0.14994568592895405,0.5313456179237428,0.2821999107000706,0.7777902267900396,0.9999225138543825
WHSC1,1.8531916613017378,-0.1117074501076277,0.6011805265112727,-0.18581348726626307,0.8525910274191745,0.9999225138543825
LETM1,2.601824720492848,-0.06314779510788963,0.5632833940495969,-0.1121066159147761,0.9107388717557455,0.9999225138543825
TACC3,1.9040807863301867,-0.4164477421712643,0.5459244879072926,-0.762830302351237,0.44556460683529886,0.9999225138543825
SLBP,15.005749812808716,0.6957596850910854,0.3679945116457514,1.8906795157881486,0.05866713849696516,0.9999225138543825
RP11-1398P2.1,0.9518397727716429,0.4219525580267802,0.6770568632564864,0.6232158344829212,0.5331426975724516,0.9999225138543825
UVSSA,1.1576704608459605,-0.6274630320338123,0.6900141174613836,-0.9093481077492997,0.36316640413450707,0.9999225138543825
MAEA,2.367200322432474,0.498288025579594,0.5191134342949758,0.959882739802977,0.33711423398539286,0.9999225138543825
KIAA0232,2.9899389473262064,0.23941136805285126,0.5104234890499854,0.4690445741406816,0.6390377753726733,0.9999225138543825
BLOC1S4,3.7342900984279193,0.5577842944208391,0.46454225351485445,1.2007181051895488,0.22986056856950643,0.9999225138543825
MRFAP1L1,8.963560245335835,-0.2938497215183955,0.38419370402777675,-0.7648478318040072,0.4443621615319132,0.9999225138543825
RP11-539L10.2,1.0334054771868533,0.18500688474791507,0.8081679695218525,0.22892132789842343,0.8189300634284897,0.9999225138543825
AC093323.3,1.914182239485246,-0.8433854149846375,0.6949479407269211,-1.2135950990838962,0.2249023794589332,0.9999225138543825
MRFAP1,17.829083991793258,0.07288701121731454,0.31968928918936124,0.2279932849866029,0.8196514608656071,0.9999225138543825
MAN2B2,1.5329566085731783,0.4765263519047325,0.5964206855547376,0.7989769024552025,0.42430380514501687,0.9999225138543825
JAKMIP1,2.275963179911615,1.3234819473147597,0.5293525382649239,2.5001900466044416,0.012412669846066133,0.9999225138543825
STX18,2.500289853731052,0.22111403663560328,0.49286181173218974,0.44863292584687364,0.6536964777182559,0.9999225138543825
LYAR,20.946078054127256,-0.08367710018069899,0.4042951252311528,-0.2069703416108646,0.8360330209443195,0.9999225138543825
TMEM128,3.3546662197403867,0.27676323605292835,0.5108680895179332,0.541750878028198,0.5879901351582698,0.9999225138543825
LRPAP1,11.367321528348732,-0.23500629701785244,0.4454451712040425,-0.5275762590098985,0.5977934744859555,0.9999225138543825
HTT,3.172674240467372,-0.17041343462362196,0.5318427320757191,-0.3204207265529766,0.7486494156179253,0.9999225138543825
NOP14,2.2064460343193675,0.07050508781352674,0.5663745025370904,0.12448492560610908,0.9009313351624372,0.9999225138543825
MFSD10,12.411731327433008,0.0325612269320389,0.4267424011219775,0.07630183184616753,0.9391789684922633,0.9999225138543825
ADD1,7.218862277771972,0.04574916686341638,0.4635705725666695,0.09868867777804609,0.921385458802278,0.9999225138543825
MED28,10.324573665950377,-0.0787770686606838,0.4273619465223739,-0.1843333719853308,0.8537519354095916,0.9999225138543825
LAP3,10.306607733082142,-0.27230278351736875,0.45624797371559583,-0.596830669295443,0.550620439439683,0.9999225138543825
QDPR,2.6178938473413074,0.16428211642354434,0.5920988903366452,0.2774572273394056,0.781429044612632,0.9999225138543825
LDB2,2.5507875755210323,-0.6138483732816102,0.729114705359778,-0.8419091931203198,0.3998387841227996,0.9999225138543825
FGFBP2,54.042171438043376,-0.0512876528005823,0.9043224948225491,-0.05671389697172824,0.9547731036518181,0.9999225138543825
CD38,10.363554804754845,-1.1564296724845817,0.45892100147441595,-2.5198883223239257,0.011739207310877292,0.9999225138543825
FAM200B,4.8730442963852765,0.03974349315040646,0.4155733072427984,0.09563533667283004,0.9238101992096083,0.9999225138543825
FBXL5,5.477833381155701,0.2005851457949193,0.4748530969968165,0.42241515757927983,0.672722016123788,0.9999225138543825
CPEB2,1.3059927491367413,0.42746639589081337,0.7176705652673002,0.5956303861112114,0.5514221727184037,0.9999225138543825
BOD1L1,6.834219595669534,0.25329268645558456,0.8050627729917388,0.3146247658605669,0.7530465730068311,0.9999225138543825
RAB28,3.9301527446861475,0.272721589875302,0.47012634511209334,0.5801027589940239,0.5618453233185896,0.9999225138543825
CLNK,3.163309126791153,-0.7340490636422835,0.7269796148383332,-1.0097244113310144,0.3126273435545269,0.9999225138543825
WDR1,21.086893512622332,-0.5360288290498983,0.3744094175143555,-1.4316649207397303,0.15223974027610776,0.9999225138543825
SH3TC1,0.9755200054518576,0.1270358435680699,0.7635494758289701,0.1663753922824054,0.8678615381604327,0.9999225138543825
GRPEL1,11.100474631702474,0.4184383452437308,0.3610218689704541,1.1590387763406533,0.2464403795774367,0.9999225138543825
TBC1D14,1.972713671477298,0.198597241935751,0.6099015117005546,0.3256218227464518,0.7447104991565157,0.9999225138543825
TLR1,1.4136052916189734,0.2786758474590905,0.8395943692730853,0.3319172420133857,0.7399517505293056,0.9999225138543825
KLF3,9.927489255243746,0.6325313085925662,0.4922503784451213,1.2849788162490647,0.19879968672563497,0.9999225138543825
TBC1D1,4.810375110073548,0.30559304774996343,0.43381946158697304,0.7044244779431074,0.48116846662389556,0.9999225138543825
PGM2,3.1583195263600157,0.029279155735356173,0.5012296735645503,0.05841464956999497,0.9534183460286879,0.9999225138543825
DTHD1,5.675722370861377,-0.10909700163900031,0.5044825096463873,-0.21625527060486383,0.8287887729515484,0.9999225138543825
ARAP2,18.143932233211228,0.16457249015231337,0.3406830461119568,0.4830662753268644,0.6290486789299026,0.9999225138543825
STIM2,4.117128141804502,0.47140321028680277,0.5894432476254133,0.7997431681266385,0.4238596165016387,0.9999225138543825
TBC1D19,2.0568478119267777,-0.3357399666620928,0.6049325424311806,-0.555003976662882,0.5788919404280353,0.9999225138543825
RBPJ,19.85780564842123,-0.6246161239320711,0.5946116527229449,-1.0504606175673226,0.29350638845864374,0.9999225138543825
SMIM20,3.8098092961825287,0.01942640951890686,0.46067437576225173,0.04216950310458029,0.9663635739224886,0.9999225138543825
SEL1L3,2.489154694414645,0.19774006553077386,0.5915092769968503,0.334297488172492,0.7381550856711225,0.9999225138543825
ANAPC4,3.4902523665705414,-0.1842348392039057,0.489853862852693,-0.37610163596751733,0.7068413381361984,0.9999225138543825
SEPSECS-AS1,0.9918363917117278,-0.2315337231866258,0.7062486552014158,-0.32783598450972545,0.7430356778580809,0.9999225138543825
SEPSECS,1.5071982130313826,-0.7549784072432187,0.7752607905852561,-0.9738379864061926,0.3301369887344632,0.9999225138543825
DHX15,7.610174303096979,-0.3262915607706676,0.4010051399694222,-0.8136842355575499,0.4158258674740537,0.9999225138543825
DCAF16,2.5849838631920194,0.07466519288215705,0.5003388921064913,0.14922924054096004,0.8813727477043007,0.9999225138543825
GNPDA2,2.026263674173065,0.25228254242730397,0.5472810679097693,0.4609743643989856,0.6448169974761478,0.9999225138543825
GUF1,1.280705739498896,-0.6698399932627388,0.6759160876280362,-0.9910105788625035,0.32168041467020014,0.9999225138543825
ATP8A1,9.93288404025996,0.37129732289785483,0.39715847997368026,0.9348845401021294,0.34984780520272607,0.9999225138543825
SLC30A9,3.429994187798926,-0.45367385617557854,0.6450732464066885,-0.7032904537627629,0.4818747586320856,0.9999225138543825
TMEM33,5.08684736859915,-0.4233027143880033,0.439441069341938,-0.9632752692457675,0.3354094007245606,0.9999225138543825
RHOH,47.60441347309962,0.6066587191882306,0.47525377234373956,1.2764942741989411,0.201780849580811,0.9999225138543825
N4BP2,2.851541872242897,0.11595160191332908,0.5803788862301423,0.19978604436576602,0.8416479162759258,0.9999225138543825
PDS5A,6.35094085655926,-0.7550276832333759,0.4302585803988821,-1.7548230706599932,0.0792895760849249,0.9999225138543825
UBE2K,6.445958921925397,0.09620715538850536,0.36410188786498177,0.26423141047865545,0.7916016088258295,0.9999225138543825
SMIM14,3.7555471365602466,0.4791930380521189,0.46125293638586745,1.038894281750964,0.29885390611480334,0.9999225138543825
UGDH,3.112145619853505,-0.602630631889612,0.4834288072926272,-1.2465757579995227,0.21255309509363018,0.9999225138543825
LIAS,1.4506854084318406,-0.14423726059454844,0.5781709431467074,-0.24947165246585062,0.8029959658931322,0.9999225138543825
RPL9,397.6838463970654,-0.2068788450111175,0.41172610628261036,-0.5024671543881045,0.6153389512251388,0.9999225138543825
RFC1,7.976497001690685,-0.27087958148890884,0.504745007768596,-0.5366661924729635,0.5914982126032537,0.9999225138543825
KLHL5,1.5055962278005284,0.2652909391120926,0.6340858550715589,0.41838331038334486,0.6756668869791985,0.9999225138543825
TMEM156,4.212577807651515,-0.4623960746588231,0.4855001587349769,-0.9524117888316369,0.3408881830436046,0.9999225138543825
EXOC1,3.9845548134683337,0.2757645700783051,0.4216572309791527,0.6540017573941221,0.5131106733922877,0.9999225138543825
CLOCK,2.3928034985164834,-0.4300035647558374,0.5908187210015294,-0.7278096469707571,0.4667301183407726,0.9999225138543825
TMEM165,13.06191360108625,0.4849334464478208,0.369210053387091,1.3134351082780562,0.18903637373717774,0.9999225138543825
SRD5A3,1.0012376491391402,-0.1662555028797949,0.7223419262332711,-0.23016177912689068,0.8179660604247132,0.9999225138543825
CHIC2,15.09691225797022,0.7574586308411707,0.4554736425031251,1.6630130926532674,0.09630981473322042,0.9999225138543825
FIP1L1,8.395375546423958,0.09344077707253724,0.38473845730027567,0.2428683052071652,0.8081074193226555,0.9999225138543825
SCFD2,1.5003479831935989,-0.4331883921374734,0.681528921368801,-0.6356126329421885,0.5250289334617515,0.9999225138543825
USP46,1.297074143543646,-0.20063511088443042,0.7056889376859445,-0.28431097636636016,0.7761720751603418,0.9999225138543825
OCIAD2,19.563297066602182,0.3505385396189629,0.3495659733174494,1.0027822110152305,0.3159659536525937,0.9999225138543825
OCIAD1,22.687102412490376,-0.471801679991809,0.33084972593266143,-1.4260301369807868,0.15385964310794858,0.9999225138543825
FRYL,9.747896448857102,0.03418035805356453,0.3989335682729575,0.08567932300492125,0.9317213395265501,0.9999225138543825
SLAIN2,4.582077524633989,0.6995547299045816,0.4306947990066476,1.6242469876999472,0.10432310627443371,0.9999225138543825
TEC,1.8924993099201883,0.14931690696886765,0.661925027138323,0.22557978750917476,0.8215282628974843,0.9999225138543825
TXK,18.640575598011033,-0.2874192955234889,0.5093310524201511,-0.5643074266879657,0.5725449279892383,0.9999225138543825
ATP10D,5.823522979105439,-0.21788446695663227,0.43191488168804243,-0.5044615876745894,0.6139370486724907,0.9999225138543825
COMMD8,9.668205645473627,-0.036703300957311065,0.38055567764652726,-0.0964465993105017,0.923165883697129,0.9999225138543825
GRSF1,9.82611669215287,-0.052093130393311086,0.40653067863439396,-0.12814071146684627,0.8980376185088735,0.9999225138543825
UTP3,2.428671879302281,-0.3112617879541204,0.5814821543455163,-0.5352903535009759,0.5924490957891245,0.9999225138543825
YTHDC1,13.27574678979374,0.3177743562468242,0.39086850336339746,0.8129955560818972,0.41622060604817734,0.9999225138543825
UBA6,5.05693209896191,-0.29243742141659873,0.5471005989828345,-0.5345222102850853,0.5929802872162764,0.9999225138543825
STAP1,1.9963781483734957,-0.2409226990400409,0.6110078387155214,-0.39430377774942404,0.6933567745160366,0.9999225138543825
CENPC,12.445073153062404,-0.05196483464881018,0.3984631512744559,-0.13041314982980076,0.8962395633795027,0.9999225138543825
IGFBP7,23.580536790911037,-0.772917069291251,0.9248162591133032,-0.8357520336334806,0.4032944160031873,0.9999225138543825
POLR2B,7.585645529506609,0.44419461858408466,0.3957206538679899,1.1224954124640292,0.261651857009483,0.9999225138543825
NOA1,2.491664740821378,0.545376443782569,0.5441535403798645,1.002247349896595,0.31622414418931044,0.9999225138543825
REST,5.800091405199618,0.31751150833563924,0.49100332459234725,0.6466585712006154,0.5178529414965134,0.9999225138543825
SPINK2,7.169633911602199,-0.2485911454841825,0.6664479488068421,-0.3730090938523275,0.7091416757200714,0.9999225138543825
HOPX,93.93824514730771,-0.11199183355479587,0.27679315438589835,-0.40460478079114465,0.6857680438167251,0.9999225138543825
SRP72,9.828553036630975,-0.8902929957924105,0.4476180944577261,-1.9889566726987875,0.04670598551801461,0.9999225138543825
PAICS,1.6488881478823723,0.13669851675872516,0.5872763014100484,0.2327669555718705,0.8159423738012166,0.9999225138543825
AASDH,2.2075879253689434,-0.4319740887865865,0.5923870828277318,-0.729209162908446,0.465873727099284,0.9999225138543825
CEP135,2.104791967505912,0.889823827103749,0.6201137134904746,1.4349365410662174,0.15130518172604793,0.9999225138543825
CCNI,74.99327427559555,0.2591615751874464,0.27839254302445254,0.9309213974337058,0.35189422515468405,0.9999225138543825
SEPT11,9.501515984098113,0.04837768309424561,0.4743212812405417,0.10199349050440755,0.9187618419644658,0.9999225138543825
SCARB2,3.083336348662448,-0.8147615140564135,0.5512944461550471,-1.477906261778789,0.1394328700638131,0.9999225138543825
NUP54,3.877314303186234,-0.0350838878062958,0.4033745331387543,-0.08697596135606189,0.930690619741642,0.9999225138543825
SDAD1,6.020833265695298,-0.4135336664117566,0.4395608908737088,-0.9407881251441221,0.3468134474769441,0.9999225138543825
NAAA,6.862285166465418,-0.36389558276007283,0.4439804807715224,-0.8196206782057561,0.41243238180599995,0.9999225138543825
USO1,7.4099701144631585,-0.07439366679634446,0.3929176179732614,-0.1893365514635871,0.8498290494571054,0.9999225138543825
G3BP2,32.319139078125104,0.7163854638936341,0.4305329793162886,1.6639502623731541,0.09612236935940721,0.9999225138543825
THAP6,2.822542784858664,0.2257344886881041,0.4878625892540822,0.462700960598846,0.6435787296454958,0.9999225138543825
RCHY1,6.513037699355352,-0.08937514282059761,0.45602836835294136,-0.19598592768120526,0.8446211804868479,0.9999225138543825
AREG,313.0470116177642,-0.5065357346416228,0.6071760233143998,-0.8342485789814121,0.40414092150705994,0.9999225138543825
MTHFD2L,2.7390890590913837,0.12464588287084408,0.6188955239099538,0.20140052408745393,0.8403854054447254,0.9999225138543825
CXCL2,3.642988006008137,0.2607617394379411,0.8111059187524401,0.3214891340443158,0.7478397453695571,0.9999225138543825
ANKRD17,5.19947007058958,-0.27094071268680303,0.4449862254557679,-0.6088743812447175,0.5426077063686113,0.9999225138543825
COX18,0.9766048974234542,0.5436410239569702,0.678603581144404,0.8011172340708378,0.42306377994681355,0.9999225138543825
DCK,11.157917040993235,0.49515026252565175,0.38462792632928333,1.2873487041129437,0.19797277486704878,0.9999225138543825
MRPS18C,7.909773738812849,-0.296124359229199,0.48919078160562174,-0.6053351174305857,0.5449563523239301,0.9999225138543825
HELQ,3.3066063384144537,0.5327453377389044,0.505892835257751,1.0530794283091045,0.29230459031712164,0.9999225138543825
COQ2,1.5428920708344418,-0.2913975727384494,0.6792116929746573,-0.42902319814644596,0.6679063425615754,0.9999225138543825
PLAC8,44.797455033506694,0.07176468173889282,0.5912758090682264,0.12137259911239155,0.9033959191481697,0.9999225138543825
COPS4,5.350090668134354,-0.48810165424496604,0.44096007625476763,-1.1069066805108272,0.26833427725614944,0.9999225138543825
LIN54,1.5454270395379923,-0.07385656016719988,0.6321782387577317,-0.11682869741345805,0.90699580222071,0.9999225138543825
THAP9-AS1,5.592180672759307,-0.13949556721744213,0.4865055020051814,-0.28672968063567034,0.7743193095165806,0.9999225138543825
SEC31A,8.562262415692908,-0.34322225358876546,0.3695833744113643,-0.9286734126918338,0.353058363454101,0.9999225138543825
ENOPH1,4.619540851841001,0.3075835653278407,0.4273181398546439,0.7197999257238834,0.4716481906669895,0.9999225138543825
HNRNPDL,66.25408949229073,0.1557408257225178,0.2848486682021282,0.5467493553875574,0.5845509411024228,0.9999225138543825
HNRNPD,10.243695029922621,-0.24584361302470692,0.45990619965893603,-0.5345516394582704,0.5929599321415547,0.9999225138543825
RASGEF1B,22.942537669334975,1.0015447458569546,0.46917600903690293,2.13468874487608,0.03278644296342455,0.9999225138543825
BMP2K,1.4645606081626417,-0.8088524931366935,0.8070672629219068,-1.0022119968146441,0.3162412148639969,0.9999225138543825
MRPL1,10.544297749774126,-0.5879233365068997,0.5717616433062191,-1.0282664872502207,0.30382449069605544,0.9999225138543825
CNOT6L,34.453543933357835,-0.18768780559047266,0.4744012407747898,-0.3956309331820925,0.6923773137927738,0.9999225138543825
CCNG2,3.184442837556792,-0.42893585909433335,0.5204667174452616,-0.8241369615328866,0.40986174061842373,0.9999225138543825
EIF4E,11.625054715382827,-0.21564053132664898,0.35319415842139346,-0.6105438784448122,0.5415015862913124,0.9999225138543825
TSPAN5,4.3048973756610724,0.07115095009103148,0.46972829863570353,0.1514725646670319,0.8796029513318511,0.9999225138543825
RAP1GDS1,5.632532737742079,0.004521192959112358,0.39719165857227756,0.01138290007238314,0.9909179559028762,0.9999225138543825
PDLIM5,4.52886784925796,-0.3433814178376768,0.4957568251753073,-0.6926408279225441,0.48853498161641407,0.9999225138543825
SMARCAD1,1.9295730556008834,0.8728800375930875,0.5707661653265789,1.5293128615878033,0.1261869026859448,0.9999225138543825
GPRIN3,8.24163261278136,0.3257675590889065,0.4688288891357195,0.6948538510275147,0.48714689625805463,0.9999225138543825
FAM13A,3.179616932901643,0.1026507072420199,0.5895302670622805,0.17412287880237953,0.8617688931631049,0.9999225138543825
NAP1L5,2.4776080992862153,0.6438398512339301,0.691872896943804,0.9305753326629075,0.35207327931712584,0.9999225138543825
HERC3,1.523530517577711,0.3482131829264901,0.6037781478630788,0.5767237256911388,0.5641261023267184,0.9999225138543825
PYURF,15.193114257192722,-0.062230753493214434,0.40678210813532684,-0.15298301535059583,0.8784116694050697,0.9999225138543825
HERC5,4.758762265573117,-1.1271625137514023,0.6155460096495582,-1.8311588347280763,0.06707683900378306,0.9999225138543825
HERC6,2.097507729094321,-0.6145181328091357,0.5835319452541099,-1.0531010989321796,0.2922946592626421,0.9999225138543825
PPM1K,14.966477651354849,-0.5014124932241135,0.33870201059813654,-1.4803942035615192,0.13876807600767085,0.9999225138543825
NUDT9,2.4282035690024317,0.2573149217626293,0.5766161785151303,0.44624991692958105,0.6554167291914431,0.9999225138543825
HSD17B11,14.939551949995352,-0.1608351770768122,0.3588851251011432,-0.4481522521488865,0.6540433197166003,0.9999225138543825
FAM175A,1.9591635452295901,0.12476334522051388,0.5484599687226885,0.22747940111486334,0.8200509849402843,0.9999225138543825
INTS12,3.293101437284598,-0.6876019711083506,0.5435555275914692,-1.2650077797114139,0.20586853907178304,0.9999225138543825
PPA2,5.415565806993233,-0.1168531871738496,0.4601506726419022,-0.25394548812229367,0.7995376719293603,0.9999225138543825
TET2,2.827111186192241,0.5761375157120351,0.5978901790065665,0.9636176273531121,0.33523766592835347,0.9999225138543825
BDH2,3.4585817594253316,-0.14772834940064397,0.5932331349126168,-0.24902241750606927,0.8033434408666793,0.9999225138543825
CISD2,6.906390470153616,0.17326522004610634,0.39809480014567633,0.43523607940295317,0.6633910766250585,0.9999225138543825
UBE2D3,70.8405191401295,0.20565479415574636,0.2897190289743049,0.7098422043033488,0.477801994018512,0.9999225138543825
MANBA,2.8013846643560876,0.6447537291953831,0.5961860587737429,1.0814639485558184,0.2794907889558522,0.9999225138543825
NFKB1,21.04856246506839,-0.10098521441625367,0.8419653579947461,-0.11993986861497907,0.90453078183409,0.9999225138543825
SLC39A8,4.932392483981727,0.5885395847071679,0.5451509329931938,1.0795901631787463,0.280324723772854,0.9999225138543825
PPP3CA,8.875161531631635,-0.25365208619013796,0.36372701152604053,-0.6973693955967801,0.4855716491971418,0.9999225138543825
H2AFZ,116.54505183427844,-0.34377760639502586,0.38228924955220095,-0.8992604599729493,0.3685139430469845,0.9999225138543825
DNAJB14,12.525526082044697,0.16428074249601773,0.3668477262599081,0.447817256960798,0.6542850879710909,0.9999225138543825
LAMTOR3,6.629830809146648,0.0386797925297442,0.35917098581173007,0.1076918628110438,0.9142401245092272,0.9999225138543825
DAPP1,1.8459521670506949,-0.5103722194281591,0.661225487087521,-0.7718580565854766,0.44019850171366237,0.9999225138543825
ADH5,9.029697575887026,-0.2717076467098798,0.37815066586834145,-0.7185169067095565,0.4724386272149126,0.9999225138543825
METAP1,3.3270899832452416,-0.24443837031206905,0.4450202746249248,-0.5492746830873905,0.5828169587321171,0.9999225138543825
LARP7,9.190736502824599,-0.23365526731788613,0.5475535968695796,-0.4267258377147322,0.6695790290200038,0.9999225138543825
TIFA,3.59475648621828,0.5885000892229993,0.5424476272226285,1.0848975268564873,0.27796704348271695,0.9999225138543825
AP1AR,1.5235187231763592,0.23452711893136158,0.6088749297704413,0.3851811061095638,0.7001032406028341,0.9999225138543825
C4orf32,4.221936541133327,-0.7485633567096539,0.6278411314320996,-1.1922814852894204,0.23315089174633763,0.9999225138543825
ELOVL6,1.9754323563220002,-0.2500215819713736,0.5754866279776735,-0.4344524613021476,0.6639599089131905,0.9999225138543825
GAR1,3.921644637581935,-0.106626991348245,0.4701660687593683,-0.226785807043887,0.8205903005226793,0.9999225138543825
PLA2G12A,3.331991064363439,0.2985601531985662,0.6440468992888958,0.46356896295628786,0.6429565953012882,0.9999225138543825
CCDC109B,8.757386076264101,0.5127530265104822,0.3704725469710796,1.3840513438921818,0.16634273383787734,0.9999225138543825
SEC24B,3.4796293780846383,0.686006914509031,0.6249069668472435,1.0977744702864278,0.27230298196611347,0.9999225138543825
OSTC,20.709503476325725,-0.13260246318985697,0.29968376810379865,-0.4424746259327889,0.6581457878106178,0.9999225138543825
RPL34,624.8270654961258,-0.3197041335972665,0.3408715537148841,-0.9379020634402286,0.348294742682551,0.9999225138543825
LEF1,4.793760870081706,1.3380844816155004,0.7270045550657108,1.8405448388071748,0.06568828764347977,0.9999225138543825
HADH,2.359554018901521,0.0790066718694538,0.536331508317748,0.14730939846749883,0.8828878145049918,0.9999225138543825
PAPSS1,2.7286148905384815,0.09144679127780382,0.5022694755934426,0.18206718847438896,0.8555299981313899,0.9999225138543825
AIMP1,8.840590819898582,-0.52791649168909,0.4335362641705435,-1.2176985763788828,0.2233385382619314,0.9999225138543825
TBCK,3.133363330279649,-1.0451098698840255,0.7483664344762634,-1.39652157250403,0.1625574890177467,0.9999225138543825
PGRMC2,2.569769969970841,-0.6146436732136953,0.607874924075837,-1.011135101761516,0.31195177203164903,0.9999225138543825
ABHD18,3.1135606442084605,-0.20367426005031666,0.5708222875426967,-0.35680852779435684,0.7212351516903466,0.9999225138543825
MFSD8,2.08930060291459,-0.959220555354183,0.561729980737108,-1.70761858588264,0.0877071374551821,0.9999225138543825
SPRY1,15.186226445918665,-0.7699558829354325,0.7671943813901115,-1.003599480929875,0.31557170487549646,0.9999225138543825
SPATA5,1.6517750199272672,0.20024586327311575,0.6391595924449657,0.31329556129654385,0.7540561220911478,0.9999225138543825
KIAA1109,6.6010836447894565,0.5339385571143914,0.4004633481575918,1.3333019352978936,0.1824327388555942,0.9999225138543825
BBS7,1.1304240910712415,0.6513604691440709,0.6680478983494831,0.975020609679873,0.3295500368903018,0.9999225138543825
EXOSC9,3.2684068390776986,-0.4452691180694933,0.4798798020750612,-0.9278763476689228,0.3534717147294745,0.9999225138543825
ANXA5,12.071617465430046,-0.060466677612165204,0.43842533006267775,-0.13791784704483387,0.8903053452986407,0.9999225138543825
MAD2L1,2.010965465949134,-1.4799636431233645,0.6495820440994194,-2.2783321315095555,0.022706796648407163,0.9999225138543825
C4orf3,36.6445375395391,-0.428109142069817,0.347169558908722,-1.2331413601339847,0.21752302872881024,0.9999225138543825
USP53,4.299745623541983,-0.4215038687827618,0.5442029260724981,-0.7745343668486809,0.43861485313025284,0.9999225138543825
SEC24D,2.5513746485359814,0.14788883040448303,0.5268317801419548,0.2807135711604839,0.778930098848405,0.9999225138543825
METTL14,2.6126960547563387,0.040946298399752105,0.565279233448693,0.07243552562499814,0.9422553136774571,0.9999225138543825
SNHG8,43.24328676094861,0.03857256362302439,0.4391891406832204,0.08782676994931922,0.9300143606315545,0.9999225138543825
CAMK2D,4.161106280206773,-0.3665777016702182,0.44358027904430153,-0.8264066708736777,0.4085734405496755,0.9999225138543825
USP38,4.862419585788739,0.27484754034874403,0.490700260455864,0.560112888657138,0.5754024397298564,0.9999225138543825
INPP4B,4.402369499135436,0.23842166305908455,0.5500709306158995,0.4334380346042469,0.6646965739369765,0.9999225138543825
IL15,1.5352510675705564,-0.7197392608168787,0.6308098233718586,-1.140976621083145,0.25387965204415364,0.9999225138543825
ZNF330,5.699533284779946,-0.3134569280611969,0.395267044283381,-0.7930257090608052,0.4277628442571202,0.9999225138543825
ELMOD2,2.091730435253988,0.0043383949093950035,0.5483184082252622,0.007912181762120756,0.9936870581975896,0.9999225138543825
SCOC,5.418640980691086,-0.06370115731415452,0.4546565156423314,-0.14010831280875533,0.8885744127098902,0.9999225138543825
MAML3,1.9546295050333427,-0.5863640632298764,0.6834628704257241,-0.8579311160892098,0.3909305011672206,0.9999225138543825
MGST2,2.4026399695776557,-0.661129562062431,0.6464618888582659,-1.0226891537721892,0.30645484124246336,0.9999225138543825
RAB33B,2.2260252070542403,-0.477300866714732,0.6225509780009979,-0.7666855945634172,0.44326847054781116,0.9999225138543825
RP11-83A24.2,2.4608891592360704,-0.5463994461878507,0.594502313697656,-0.9190871651775122,0.35804998199102855,0.9999225138543825
NAA15,3.8864620116536375,-0.0176256126533635,0.5007153156507224,-0.035200865846209455,0.9719195718150415,0.9999225138543825
NDUFC1,7.731832033356608,-0.27837400660380796,0.5254809295493542,-0.529750921394118,0.5962846372128165,0.9999225138543825
ELF2,7.8689528048292745,0.1377946687381731,0.4064734106630956,0.339000449041386,0.7346093918868739,0.9999225138543825
C4orf33,2.749907760573881,-0.4104881153145059,0.5006656654196903,-0.8198846928526811,0.41228184373794796,0.9999225138543825
SCLT1,7.321280982929064,-0.7770059896437631,0.43741552430334385,-1.7763566825417842,0.07567414605648452,0.9999225138543825
JADE1,5.883674338726551,-0.07330140875343624,0.4463971421957971,-0.16420671600376205,0.8695684142678324,0.9999225138543825
TMEM154,1.4449328974594033,-0.8000564781665047,0.5999235969780227,-1.3335972817148807,0.1823358742985861,0.9999225138543825
FBXW7,4.120184873278621,-0.11624224032885207,0.519226333889458,-0.2238758567156953,0.82285390248284,0.9999225138543825
RP11-18H21.1,1.7487664922323665,0.5588748490296163,0.615758291200213,0.9076205014475379,0.36407875884240837,0.9999225138543825
RPS3A,655.3562060646633,-0.08932821257636851,0.313483127037171,-0.28495381368891504,0.7756795268607559,0.9999225138543825
LRBA,6.766107833122557,0.10228419184325245,0.3869994830399742,0.26430059037749987,0.7915483053933159,0.9999225138543825
ARHGAP10,3.0238418816253496,-0.022180794456153483,0.5152557821922473,-0.04304812332581956,0.9656631725175354,0.9999225138543825
PRMT9,15.54926962635381,-0.4507427916798987,0.5417249883572779,-0.832050950883265,0.4053801858874432,0.9999225138543825
TMEM184C,1.9139797586098568,0.15878538277598084,0.582076849769104,0.2727910976685763,0.785013803157272,0.9999225138543825
SLC10A7,1.7182684358372229,-0.5080057110695984,0.5930121908727978,-0.856653065296876,0.3916366493758451,0.9999225138543825
LSM6,9.998491023441398,-0.05709603905214675,0.39443930453549303,-0.14475240777382786,0.8849063594450698,0.9999225138543825
ZNF827,1.4449058429374093,-1.0235813603130421,0.6237063695626086,-1.6411269954335352,0.10077105605539634,0.9999225138543825
MMAA,0.768131195178859,-0.380916979407666,0.8385427746364992,-0.4542606423062796,0.6496412402208538,0.9999225138543825
OTUD4,3.9356962600938377,-0.1728463402935316,0.5504213517155105,-0.31402550020056,0.7535016713320074,0.9999225138543825
ABCE1,5.288189110071882,0.0021160166273833467,0.48315764387370314,0.004379557385076725,0.9965056299499415,0.9999225138543825
ANAPC10,3.7968318532701506,-0.5840470151236592,0.5952255119253425,-0.9812197283588789,0.3264843974353594,0.9999225138543825
SMARCA5,16.233848430509468,0.16049895955869503,0.3836592177995323,0.41833729547600274,0.6757005251477954,0.9999225138543825
CBR4,2.28204239789556,-0.35327731400454015,0.6259432836367167,-0.5643918917893116,0.5724874557620647,0.9999225138543825
DDX60L,4.5179276054736635,-0.5422272374513802,0.45715894131543733,-1.1860803507225866,0.2355905694770687,0.9999225138543825
DDX60,3.961696539621272,-0.5637547033037049,0.5302573409570347,-1.0631718974153428,0.28770400421659814,0.9999225138543825
MSMO1,3.216655084349319,0.11823490651505372,0.507714430184241,0.23287678956091176,0.8158570822271188,0.9999225138543825
KLHL2,1.6715670775835094,0.6069745995524727,0.7694173028707181,0.7888756820100523,0.43018467008438843,0.9999225138543825
TMEM192,2.385650648762257,-0.6560386578564955,0.6363613221708231,-1.0309216399553434,0.30257756775890854,0.9999225138543825
NAF1,8.070224908260593,0.3548242781821464,0.6026910144488961,0.5887333138799151,0.5560401865029041,0.9999225138543825
FNIP2,2.2175678140111303,-0.7762028364274635,0.5271338292204504,-1.472496723603089,0.14088679112053284,0.9999225138543825
PPID,9.054890538351845,0.027096481200880505,0.4416547389672588,0.06135218035753772,0.9510787351188743,0.9999225138543825
ETFDH,2.9534096407387005,-0.14106288559558205,0.5377823639849453,-0.26230478171562166,0.7930864757855953,0.9999225138543825
C4orf46,2.5730585677982942,-0.0815741575074831,0.8912505736778584,-0.09152774754562795,0.927073259411601,0.9999225138543825
CTSO,2.905572470294572,-0.5167286879773745,0.5871002616297156,-0.8801370425947375,0.37878507422701113,0.9999225138543825
MAP9,2.4620229665747644,0.31656795359261725,0.6486385515871622,0.48804985892066227,0.6255145255731518,0.9999225138543825
PLRG1,4.718142379291925,-0.3963548413419547,0.48779081043741385,-0.8125508575828513,0.41647561662549915,0.9999225138543825
KIAA0922,3.226336251438661,0.948796947884721,0.49402533835345963,1.9205430860023753,0.05478933627456065,0.9999225138543825
ARFIP1,4.09817755602838,-0.3453342447631484,0.449621962606205,-0.7680546625468215,0.4424547104183103,0.9999225138543825
TRAPPC11,1.394777385036997,0.027363688594100963,0.6691366164429094,0.040894023614437225,0.9673803819285225,0.9999225138543825
RWDD4,5.045645029644122,0.13413831218573305,0.44232532953130893,0.30325713503196156,0.7616939102223526,0.9999225138543825
ING2,2.559270967200157,1.1963436092398445,0.5406286692645605,2.212874894088173,0.02690627201407165,0.9999225138543825
CDKN2AIP,10.43029335258538,0.34932977390325204,0.45330110089268444,0.7706351765202379,0.44092320478571867,0.9999225138543825
DCTD,4.8857396046880375,0.04513866015635799,0.4148624804766618,0.108803910405432,0.9133580221802217,0.9999225138543825
AGA,3.599986308766893,-0.22386421674089788,0.45593367302203053,-0.4910017179847141,0.623425232459601,0.9999225138543825
SPCS3,15.924227125928036,-0.017673195110198752,0.3056479970874929,-0.05782205438480178,0.9538903707083205,0.9999225138543825
HPGD,4.39053886613927,-0.3239292015592314,0.5472883296565638,-0.5918803380340752,0.5539307210037564,0.9999225138543825
CEP44,2.0549953969915498,-0.1766192903463754,0.5739274960891101,-0.3077379835430517,0.7582817146813605,0.9999225138543825
FBXO8,1.7668410972374098,0.17542864171570263,0.6477823452197214,0.2708141754869824,0.7865339566950714,0.9999225138543825
RP11-798M19.6,0.9972010216898408,0.16255475397115893,0.7796658213873429,0.20849285618536909,0.8348441600230982,0.9999225138543825
HMGB2,31.922399073111034,-0.3112562826454657,0.49731249813275613,-0.6258766546469876,0.5313958480908132,0.9999225138543825
GALNT7,2.0655296586065677,-0.9471330249901472,0.6198611300588283,-1.5279761531429774,0.12651845884976085,0.9999225138543825
C4orf27,4.290990640552679,-0.5957873602559123,0.5797399426144855,-1.0276803726323511,0.3041002033807225,0.9999225138543825
CLCN3,4.1364323178519005,-0.40090366015672607,0.42481359843413724,-0.9437166362716655,0.345314470321586,0.9999225138543825
NEK1,5.133254947163854,0.5189376751081022,0.49556727754254715,1.0471588795802778,0.29502630699816546,0.9999225138543825
LPCAT1,4.877927574711423,-0.12028182535388866,0.5429338315276165,-0.22154048683144273,0.8246716157304735,0.9999225138543825
BRD9,4.119121880413983,-0.14808161273955847,0.5360039497057432,-0.2762696297683118,0.7823409804298346,0.9999225138543825
EXOC3,1.4872443588730158,-0.09992200517840517,0.6483186938204094,-0.15412482492149845,0.87751131468696,0.9999225138543825
PDCD6,20.429958816629384,-0.2856256279894472,0.414951113513303,-0.6883356103592917,0.4912414616955022,0.9999225138543825
SDHA,5.748458128361524,0.4176987054669839,0.38553016014196423,1.0834397633460744,0.2786132741663375,0.9999225138543825
CCDC127,2.6653041993465356,-1.002437919575408,0.5672174057963666,-1.767290476863976,0.07717959388505223,0.9999225138543825
FRG1,10.378013842996426,-0.4509107666329134,0.46321290645877083,-0.9734417162079821,0.33033381425707586,0.9999225138543825
CYP4V2,2.0657353293397467,0.5547784092658518,0.5773886758298586,0.9608404745182957,0.3366323842753024,0.9999225138543825
UFSP2,2.2176827977514937,0.27951653194092835,0.5372282540333556,0.5202938040626092,0.6028588137067308,0.9999225138543825
ANKRD37,54.08856836719277,0.10847819108201674,0.6739691899192518,0.160954228627296,0.8721294507783226,0.9999225138543825
CFAP97,8.158687851060995,-0.13096934529492713,0.4303878744751243,-0.3043053790831111,0.7608952474530388,0.9999225138543825
SLC25A4,7.927480217660413,-0.016798146997587058,0.5053801422234171,-0.033238636808489756,0.9734842874156258,0.9999225138543825
ACSL1,1.8690957044383016,-0.15251605611314833,0.6245865547073435,-0.24418722267342322,0.8070858224218345,0.9999225138543825
PRIMPOL,2.4393665229807056,-0.3315707934363581,0.6153001335645037,-0.5388765178962838,0.5899720610492312,0.9999225138543825
CASP3,12.394880563760298,-0.13689214884106812,0.3431018588570294,-0.3989839906350117,0.6899050005563823,0.9999225138543825
IRF2,9.251689184281771,-0.0367536291078935,0.30387589482570704,-0.12094947224745861,0.9037310565803128,0.9999225138543825
ZNF622,6.918749182174266,0.4921974759695566,0.5252574450920925,0.9370594944794365,0.34872795547714397,0.9999225138543825
ANKH,3.058093624814897,0.47688687890978165,0.4694736865677383,1.0157904320394189,0.30972919323616865,0.9999225138543825
OTULIN,4.714506761007879,0.8381646362973506,0.6274347812176783,1.3358593775606504,0.18159524073646638,0.9999225138543825
FAM105A,6.275849098512524,0.7198301127330449,0.4019253212472247,1.7909548731573361,0.07330053691665792,0.9999225138543825
TRIO,1.0396541715117322,-0.47320489001684424,0.7767753174605426,-0.6091914603618713,0.5423975400061953,0.9999225138543825
DAP,2.6134179503534614,0.9490825332976053,0.5083429694027848,1.867012215026035,0.06189988207652599,0.9999225138543825
MARCH6,8.629080220740821,-0.05045255032857546,0.3925813081614393,-0.12851490705163196,0.8977415019244732,0.9999225138543825
CCT5,12.401856845625598,-0.015193239536952934,0.39451339074110503,-0.03851134053627935,0.9692799897519969,0.9999225138543825
FASTKD3,1.3630836772599906,-0.33775340154861194,0.7369082514672353,-0.4583384714123116,0.6467092887834913,0.9999225138543825
MTRR,1.9876236664960107,0.30214477857105426,0.5879373816163875,0.513906392106558,0.6073174382401114,0.9999225138543825
SRD5A1,2.1823638229654567,-0.6647654129286462,0.6616319593350299,-1.0047359465476329,0.3150240142150986,0.9999225138543825
NSUN2,2.5837253435056606,-0.027752494397259686,0.5451629006204245,-0.05090679201698404,0.9593997932824596,0.9999225138543825
MED10,15.886265856447709,0.08658883425422838,0.3027893274303987,0.285970562400791,0.774900668229103,0.9999225138543825
ICE1,3.423838868651439,0.0077265869148195315,0.6046998475234137,0.012777557240115499,0.9898052617630614,0.9999225138543825
NDUFS6,16.796178484621148,0.006024653036571995,0.4133567776443498,0.014574946783032013,0.988371286701552,0.9999225138543825
MRPL36,4.704023521941193,0.46648021542930884,0.4291508942025387,1.0869841394508488,0.27704381920277965,0.9999225138543825
C5orf42,2.1229697675969947,-0.9084668796981074,0.7393611097268069,-1.228718778613856,0.2191772630058778,0.9999225138543825
NIPBL,13.956399905171667,0.1263417409684979,0.3726658018191739,0.3390215585968949,0.7345934894839885,0.9999225138543825
SKP2,1.4234144425640367,-0.04605251014330417,0.7046955872482265,-0.06535092737437895,0.9478945947893621,0.9999225138543825
LMBRD2,2.3620685847115146,0.0038794110310957663,0.6308852263148759,0.0061491549798307465,0.9950937150991234,0.9999225138543825
IL7R,140.18847728269182,-0.22781338217277716,0.5934018498297912,-0.3839108055327468,0.7010445572842752,0.9999225138543825
SPEF2,1.5345881892630244,-0.35439990628351076,0.6561948156757489,-0.5400833682578702,0.5891395399734702,0.9999225138543825
DNAJC21,4.106001400152023,-0.3495423813109099,0.6282652612095248,-0.556361146942897,0.5779639938408503,0.9999225138543825
BRIX1,4.428566294738883,0.031650725604249474,0.417882584670508,0.07574071465362797,0.9396253833975027,0.9999225138543825
RAD1,3.095091411502308,-0.07303937273090479,0.48175499871332333,-0.15161103242515214,0.879493731386825,0.9999225138543825
TARS,4.115168322362611,0.43799156692961644,0.5252959040273508,0.833799699505769,0.40439386470151606,0.9999225138543825
SUB1,78.55610391365187,-0.0421434891491013,0.35661310506025107,-0.11817706234318284,0.9059273641826032,0.9999225138543825
ZFR,6.982740267394532,-0.08825008066566459,0.40842333542026354,-0.21607502072538565,0.8289292703635227,0.9999225138543825
MTMR12,2.983066864328333,-0.9624464899362064,0.5577519919008567,-1.725581448227775,0.08442273927342941,0.9999225138543825
GOLPH3,8.96575570510584,0.8808963899464772,0.4318345892801334,2.0398930790026064,0.04136097624371799,0.9999225138543825
C5orf22,0.7749640297426786,0.31509446044810846,0.7503619332544739,0.41992330165454833,0.6745414846842016,0.9999225138543825
FAM134B,1.6126228710342905,-0.33205205071415284,0.6929176984454737,-0.4792084997382734,0.6317903080770115,0.9999225138543825
HMGCS1,10.755923569886424,0.027259396408695652,0.4765085148288914,0.05720652529889037,0.9543806802381043,0.9999225138543825
ZNF131,8.681637553225162,-0.12273759838887965,0.40053091607394664,-0.3064372647983549,0.7592717389437106,0.9999225138543825
ANXA2R,7.336646657923335,0.28174623347929056,0.3826653274543289,0.7362732217041978,0.461564439313232,0.9999225138543825
CTD-2035E11.3,1.5975893203417093,1.0931429116728861,0.7629124957216273,1.4328549051210637,0.15189930672984395,0.9999225138543825
CCDC152,1.8445616516102823,0.5867203765433882,0.6132293975171279,0.9567714446158799,0.3386826282035621,0.9999225138543825
FBXO4,1.1647222426965256,0.12293325295264419,0.671219557626991,0.18314909265644558,0.8546810368053807,0.9999225138543825
C5orf51,1.6160459543219068,0.20840822083322436,0.6606878580093537,0.31544127579573866,0.7524266317040873,0.9999225138543825
OXCT1,5.257468882572252,-0.0046408011791036164,0.4277281459004438,-0.010849884964511525,0.9913432141468062,0.9999225138543825
RPL37,383.10989730593917,-0.5468293254037073,0.3265662141585221,-1.6744822388095078,0.09403586218037428,0.9999225138543825
PRKAA1,8.338800103633345,-0.020515198319534134,0.41472299271558716,-0.04946723157354154,0.9605469506322686,0.9999225138543825
TTC33,2.0763681342064837,0.6750563335765555,0.6860295616422615,0.9840047300010839,0.3251131872419226,0.9999225138543825
PTGER4,26.92640457094215,0.6778020618188572,0.37467037382239493,1.809062336324878,0.07044131953803513,0.9999225138543825
FYB,36.69980086899166,-0.27837640908169453,0.3528793533209663,-0.7888713421793577,0.4301872068332241,0.9999225138543825
RICTOR,7.33397382632553,0.08443441499214344,0.4743581375244086,0.17799718885985966,0.8587251834530222,0.9999225138543825
WDR70,3.741813288114388,-0.7510190596165637,0.45333610927644885,-1.6566495459963124,0.09759034911512539,0.9999225138543825
NUP155,1.8908107242944903,-0.7217089149912995,0.601701219421964,-1.1994473198585558,0.23035405717909163,0.9999225138543825
DHX29,5.8170709406522,-0.0715929084479025,0.37590580221367476,-0.19045438518452878,0.8489530842551568,0.9999225138543825
GZMA,132.12063281577187,-0.6222170978779022,0.5735878428986061,-1.084780832755363,0.27801873670185795,0.9999225138543825
GZMK,41.94868099270457,-0.7151672869128912,0.6838361686725939,-1.0458167024144316,0.29564566820245697,0.9999225138543825
SNX18,1.691159272454106,0.2573324773000002,0.6132634938013359,0.41961160235531964,0.6747692111564612,0.9999225138543825
ARL15,1.9167367682334282,-0.715619901753722,0.6329671487745964,-1.1305798462671224,0.2582319740606891,0.9999225138543825
NDUFS4,6.798792797320691,-0.14882389536956026,0.4558702412874937,-0.3264610889038154,0.7440755245594388,0.9999225138543825
MOCS2,2.9485767771033737,0.483910271150184,0.5007589891909783,0.9663536383680004,0.33386725448859644,0.9999225138543825
PELO,3.1878042066665864,0.00982915846443397,0.5367192156302121,0.0183134089076588,0.9853888304994486,0.9999225138543825
ITGA1,6.927667987481738,0.30349904214208967,0.605444301297713,0.5012831758290036,0.6161718440476152,0.9999225138543825
PARP8,25.911190617170007,-0.1315113278197967,0.4690663531834066,-0.28036828249835116,0.7791949684951771,0.9999225138543825
EMB,25.769154026873004,-0.1295123612083143,0.3251259187350412,-0.39834523716904713,0.6903757191565223,0.9999225138543825
MRPS30,7.614031167924741,0.057078484949442475,0.43381967685946254,0.13157191338726032,0.8953229022260272,0.9999225138543825
NNT,2.7607022983678173,0.2293753235305681,0.48740798184035644,0.4706023127985966,0.6379247557240395,0.9999225138543825
PAIP1,4.9749110323945205,0.22654428291456094,0.4353313103526427,0.5203951048938965,0.6027882211938659,0.9999225138543825
C5orf28,1.6347034810970877,-0.020305867384575543,0.6174905535978615,-0.03288449882554748,0.9737666942561127,0.9999225138543825
CCL28,1.8692041850407366,-0.46396729042776014,0.5835431098494592,-0.7950865713202457,0.4265631455200273,0.9999225138543825
SREK1IP1,7.024167062446338,-0.6176597511835078,0.4453175388473614,-1.3870097117266675,0.16543880146488432,0.9999225138543825
IPO11,2.360123316427638,0.5545900816958904,0.5656337932147439,0.9804755096825327,0.3268514527405627,0.9999225138543825
DIMT1,5.121240900902268,0.37971854777114483,0.5519700948227285,0.6879331893752247,0.4914948550221705,0.9999225138543825
KIF2A,10.033607075601235,0.1436686981827858,0.33310440268712865,0.431302309497626,0.6662485713073365,0.9999225138543825
ZSWIM6,1.409244073367602,0.20994552812942466,0.7480343517220628,0.2806629503659898,0.778968928266111,0.9999225138543825
SMIM15,5.294319858334966,0.3042954765134255,0.4130540998005531,0.7366964198160902,0.4613069845269666,0.9999225138543825
NDUFAF2,3.452938469092571,0.03217190349229519,0.4999510416085101,0.06435010794014429,0.9486914557328443,0.9999225138543825
PDE4D,10.451241946225483,0.7192394831642518,0.37547618328104176,1.9155395606700976,0.055423728992885876,0.9999225138543825
PLK2,7.9323672968707974,0.5410337713219718,0.5529866152940355,0.978384930771411,0.327883978382533,0.9999225138543825
GPBP1,55.13178854211243,0.0644868817284017,0.4557194771733744,0.141505651960248,0.8874704953536567,0.9999225138543825
MIER3,1.4998142340723974,0.3459885307837829,0.7517699863516848,0.46023190213120097,0.6453497745334393,0.9999225138543825
SETD9,1.0811451958593616,1.1229267692632727,0.7339809715165652,1.5299126446603384,0.12603835305400132,0.9999225138543825
MAP3K1,1.542490391199145,1.3620842052140991,0.6249166269336714,2.179625483638589,0.02928523421980245,0.9999225138543825
IL6ST,8.488211245157913,-0.21198102596735577,0.4575660424068692,-0.4632796281216637,0.6431639461377084,0.9999225138543825
PLPP1,2.518370948245612,0.26425391366693374,0.5640974490955176,0.46845436739811974,0.6394596965400827,0.9999225138543825
SKIV2L2,3.9353269921101552,0.04880065700489641,0.4557983382790224,0.1070663337412663,0.9147363553876721,0.9999225138543825
TAF9,7.292745122994361,-0.29996524841811495,0.36316319396923785,-0.8259792109976977,0.40881588477462805,0.9999225138543825
AK6,4.082215949252176,0.23422315262920967,0.43345108899035556,0.5403681259050228,0.5889431847912006,0.9999225138543825
CDK7,2.293045976842147,0.0946291425790694,0.538191013685014,0.17582817284729474,0.8604289357009411,0.9999225138543825
MRPS36,11.071275378662705,0.09921532767400798,0.389854787850153,0.2544930337296332,0.7991146852538156,0.9999225138543825
CCNB1,1.3223679231563572,-0.8502964563939394,0.7145695395641474,-1.1899422090012104,0.23406910705909,0.9999225138543825
SLC30A5,3.717706471131552,0.358674769788415,0.5135296818888534,0.6984499288709962,0.48489586104348914,0.9999225138543825
PIK3R1,55.50765975019074,0.07841106255847428,0.3612807013625366,0.2170363992949367,0.8281799784185696,0.9999225138543825
MAST4,1.3557345410224977,-0.06189286418127531,0.6827065714880396,-0.09065807590861841,0.9277642839734472,0.9999225138543825
SREK1,7.795393453707693,0.2986140034280562,0.3706618034268473,0.8056238885887517,0.42045974718896106,0.9999225138543825
ERBB2IP,8.511897423533773,0.3325319223075682,0.3749168992780211,0.8869483422804525,0.3751067130149248,0.9999225138543825
CTC-534A2.2,1.671002914249493,-0.8500820970066069,0.7977805525443658,-1.0655588109981315,0.2866231269246968,0.9999225138543825
TRAPPC13,2.1521823953367973,-0.01983365357147625,0.5254199145450578,-0.037748195343241794,0.9698884490304662,0.9999225138543825
TRIM23,1.3705036566642619,0.20073879819605994,0.6641742352558023,0.30223815911610413,0.7624705168387975,0.9999225138543825
PPWD1,5.506221786492031,-0.3882056365851586,0.3715316789994837,-1.0448789659890565,0.2960789123917644,0.9999225138543825
CENPK,2.0419491100270126,0.16740413070660173,0.6629421450134434,0.2525169533507438,0.8006415117263412,0.9999225138543825
CWC27,4.424784293697029,-0.40900321064790957,0.46948637047050046,-0.8711716385675327,0.383660443146442,0.9999225138543825
POC5,1.6027455942116686,0.5629291179115841,0.5785613180005178,0.9729809104021024,0.3305627898062259,0.9999225138543825
POLK,2.7321598922183754,0.5563784769880918,0.48579070252789747,1.1453049103098896,0.2520828726301375,0.9999225138543825
COL4A3BP,5.598936331350353,0.1837678207301392,0.47440936238112497,0.38736128605848663,0.6984887601899109,0.9999225138543825
HMGCR,3.1775582879333037,0.08756537075874081,0.4996939180088951,0.17523801591914123,0.8608926140882653,0.9999225138543825
FAM169A,1.5464915239358719,0.011881391039806113,0.6785510094142232,0.0175099452730356,0.9860297988828369,0.9999225138543825
NSA2,20.57373153067312,-0.14096365327984128,0.4365681598437637,-0.32289036683364286,0.7467782720477001,0.9999225138543825
HEXB,6.838936919777073,-0.18492307544979328,0.4310555746062295,-0.42900054272287513,0.6679228297287181,0.9999225138543825
ENC1,3.48471289053611,-0.6419458062074243,0.7702000445695445,-0.8334793158395621,0.4045744585296538,0.9999225138543825
ANKRA2,3.4457491853580406,0.141393909331686,0.46883610613239624,0.30158494084019477,0.7629684892513142,0.9999225138543825
BTF3,145.11238734524963,-0.13898434882855043,0.3624008654434164,-0.3835099804700958,0.7013416715768253,0.9999225138543825
TNPO1,4.8106728729948465,0.5466014918210084,0.4064287822978927,1.3448887372852836,0.17866116789498954,0.9999225138543825
MRPS27,2.8326248690263442,-0.17905632146963868,0.551706061774976,-0.3245502159131074,0.7455215110011639,0.9999225138543825
MCCC2,2.6605922593219478,0.5831324125158138,0.5365010700113335,1.086917520040538,0.2770732627146387,0.9999225138543825
BDP1,11.06779691545892,0.10260583304628394,0.39020802510550917,0.2629516218138777,0.7925878674118046,0.9999225138543825
GTF2H2C,1.037179176502566,0.17819782481954693,0.7631232491657737,0.23351119889788197,0.8153644744369096,0.9999225138543825
RAD17,2.0250676321713104,-0.02765839147848034,0.5266710647615507,-0.05251549463990892,0.9581179494333459,0.9999225138543825
ZCCHC9,1.7007959100605323,-0.20033297867823843,0.6148081416769267,-0.32584633334851104,0.7445406212075483,0.9999225138543825
MSH3,2.990350329188742,0.6097300651263792,0.5453214156913011,1.1181113515474677,0.2635194388535107,0.9999225138543825
ZFYVE16,3.4613793809288764,-0.5604510081593185,0.623404714268897,-0.8990163136905245,0.3686439712393549,0.9999225138543825
SERINC5,2.575298336006168,-0.955118994827939,0.5582573361297446,-1.7108937635276498,0.08710072609973202,0.9999225138543825
PAPD4,6.169161781821496,0.1475945475580653,0.3508178190950535,0.42071565218320567,0.6739627302453637,0.9999225138543825
HOMER1,1.916660850143643,-1.58153738351094,0.9017424513286517,-1.7538681706518975,0.07945309866404089,0.9999225138543825
JMY,6.703376996604669,0.08203311738281396,0.5718803568131089,0.143444544659579,0.8859391051485175,0.9999225138543825
SCAMP1,3.4846407244287216,0.16450057293270196,0.4540316922691593,0.3623107719872176,0.7171198093573625,0.9999225138543825
SCAMP1-AS1,2.3258582870679874,-0.6066400593328322,0.6493255176477477,-0.934261849943079,0.35016883828406786,0.9999225138543825
AP3B1,5.766866644431433,-0.25769094754742183,0.39698065846142977,-0.6491272107466133,0.5162561550977388,0.9999225138543825
TBCA,32.477307742144895,-0.35838715864465487,0.27382338501578773,-1.308825974173066,0.1905933064023939,0.9999225138543825
WDR41,2.4113363913185735,0.17881245299057785,0.5311915709345592,0.3366251702299826,0.7363994794145414,0.9999225138543825
AGGF1,5.045003183962662,-0.1272082279908633,0.44558714086380236,-0.28548451318469625,0.7752729676449528,0.9999225138543825
F2R,7.187053380152343,-1.5753485176880022,0.4735032907872925,-3.327006481979619,0.0008778433148689263,0.9999225138543825
IQGAP2,13.477050702132667,-0.3420056870427309,0.47029297165559447,-0.7272183673907611,0.46709219620864795,0.9999225138543825
AC113404.1,2.6671656581894387,-0.9124901527932574,0.8907954004067792,-1.024354360582207,0.3056679304708869,0.9999225138543825
SLF1,5.217054063981204,-0.22324394334536535,0.5317927087523933,-0.4197950435783606,0.6746351860006418,0.9999225138543825
FAM172A,7.475488518504958,-0.23102961905563607,0.3707143184889105,-0.6232012294462995,0.5331522939016817,0.9999225138543825
ARRDC3,9.91730301586859,-0.1734682987388379,0.402503057579937,-0.4309738658429623,0.6664873731071732,0.9999225138543825
LYSMD3,3.425993368738252,-0.2936124219853804,0.4689147881295033,-0.6261530440458011,0.5312145627812277,0.9999225138543825
CETN3,1.9183763385388457,-0.5660344588225558,0.7140061683238361,-0.7927584997638731,0.4279185397197388,0.9999225138543825
TMEM161B-AS1,2.0527629941708168,-0.19058680374056916,0.5437230322829929,-0.35052185106143147,0.725947094283725,0.9999225138543825
TMEM161B,2.0562598498761666,-0.4022479224540254,0.5825609429836923,-0.6904821328972711,0.4898910420954904,0.9999225138543825
CCNH,36.34558970655758,-0.174560002865872,0.4418519798426959,-0.39506443521655654,0.6927953350264686,0.9999225138543825
CTC-428H11.2,2.3675071531366245,-1.5174330526030368,0.6800559455656999,-2.2313356165730904,0.02565890611799003,0.9999225138543825
RASA1,4.141457282972851,-0.7260694906706445,0.5413936835853139,-1.3411118612657935,0.17988413681216453,0.9999225138543825
COX7C,94.97172853369244,-0.2953699899887985,0.3658151788800758,-0.8074295629094954,0.4194190404624203,0.9999225138543825
XRCC4,2.57588848868081,-0.19548555948244295,0.4953992070065525,-0.3946020839711544,0.6931365753062891,0.9999225138543825
TMEM167A,13.828636562475559,-0.4844620480894726,0.3595482129437514,-1.3474188735997499,0.17784536539647955,0.9999225138543825
RPS23,679.2066531378543,-0.049605855475982265,0.30613836512444603,-0.16203736978806088,0.8712764258818478,0.9999225138543825
ATG10,2.162102893748523,-0.4039772311943486,0.5787848173835157,-0.6979748242543554,0.4851929386501287,0.9999225138543825
SSBP2,5.456010457823374,0.011588722192042432,0.5416811666805948,0.021393991345606045,0.9829313666817194,0.9999225138543825
C5orf30,1.527123501783894,0.48608943621224554,0.6907008557746607,0.703762608875109,0.48158062287722814,0.9999225138543825
PPIP5K2,5.900715710248992,-0.33223921737961143,0.4778635977017696,-0.6952595238002601,0.4868926753513134,0.9999225138543825
PAM,2.9159348565328944,0.311939544376429,0.5995410577065586,0.5202972179581831,0.6028564346383505,0.9999225138543825
ST8SIA4,7.499007310835108,0.5558841365451658,0.41968087420659816,1.3245400748748877,0.18532374283137965,0.9999225138543825
FAM174A,3.7801073647740906,0.047415959549327834,0.5533856313855511,0.0856833948337421,0.9317181025807206,0.9999225138543825
CHD1,24.288516918468524,0.21861656729566586,0.340958493438123,0.6411823477139463,0.5214042170702115,0.9999225138543825
RIOK2,4.23692835527397,-0.6804452807946691,0.4824956182418161,-1.4102620937246422,0.15846230695491548,0.9999225138543825
LNPEP,13.431178987330792,0.06264566732723391,0.30880790923554646,0.20286289778753777,0.8392421945414593,0.9999225138543825
ERAP2,5.883643782046314,0.016964775404065914,0.5468320970069356,0.03102373744504384,0.9752506090383457,0.9999225138543825
ERAP1,3.1082956010703233,-0.06512483335533,0.5903139970919614,-0.11032236009335993,0.9121537247103791,0.9999225138543825
CAST,32.402136863110265,0.20775898882609295,0.3152893547413585,0.658947045632175,0.509929773951714,0.9999225138543825
ELL2,21.47210845630965,-0.03642220915168941,0.6565939845752627,-0.055471432890525474,0.9557628881479627,0.9999225138543825
GLRX,16.17493499947194,-0.16019246952428337,0.44918706888380633,-0.3566275180680262,0.7213706739003941,0.9999225138543825
RHOBTB3,2.2733886093239453,-1.4381039898876211,0.8509199475179873,-1.690057912124832,0.09101687580862473,0.9999225138543825
ARSK,1.1142718883612974,-0.23588576541031447,0.686740830425606,-0.34348586098211875,0.731232975855775,0.9999225138543825
TTC37,4.786231290765335,-0.025335928643851965,0.4774190773088377,-0.053068530035850256,0.957677305499548,0.9999225138543825
TMED7,2.0631338344807113,-0.33069899454191776,0.6039297082819968,-0.5475786171914934,0.5839812750446813,0.9999225138543825
FEM1C,2.5945390691636705,0.7685403750827932,0.553488586701481,1.3885387947435641,0.16497304003595747,0.9999225138543825
CCDC112,1.0258463248167098,0.6990749228909271,0.703518834260125,0.9936833086012952,0.3203770713619707,0.9999225138543825
PGGT1B,3.824138759915557,-0.1673301853997513,0.5183985455909107,-0.3227828990318934,0.7468596649590642,0.9999225138543825
YTHDC2,3.6953226085090707,0.2087869384149741,0.4604682440663699,0.453423099432847,0.6502441061647918,0.9999225138543825
DCP2,5.34036554189979,0.3242805207696096,0.41727996961384867,0.7771293720848839,0.43708244640086547,0.9999225138543825
REEP5,25.525322971846002,-0.3915716954344122,0.2731480867520781,-1.4335509360159675,0.15170045342099325,0.9999225138543825
SRP19,6.929778882937187,-0.4601956071188433,0.8147980002923328,-0.5647971729848803,0.572211730129625,0.9999225138543825
APC,3.5414886991346504,-0.07445687641265124,0.4865697145859003,-0.1530240666047587,0.8783792963969449,0.9999225138543825
EPB41L4A-AS1,11.754977944075101,0.39717101583289954,0.40509923082709776,0.9804289556955934,0.3268744224876403,0.9999225138543825
STARD4,2.5609889929624026,-0.052265794682615926,0.4886347146418295,-0.10696291752608467,0.9148183984575332,0.9999225138543825
CAMK4,6.379642116473388,1.032786197848283,0.9034321111512937,1.1431807493892887,0.25296355323323927,0.9999225138543825
WDR36,1.7177631428009952,0.8615855668814145,0.5901210666651392,1.4600149283779362,0.14428597116443242,0.9999225138543825
SLC25A46,3.753607885749474,-0.1478315363509659,0.44528222575432713,-0.33199514330609753,0.7398929263056235,0.9999225138543825
MAN2A1,4.69485577516489,0.15440856137551784,0.5464184315884364,0.2825830031513628,0.7774965110228347,0.9999225138543825
PJA2,7.985323504880849,0.20221728446148593,0.44649397614420444,0.4529003643179627,0.650620488593437,0.9999225138543825
PRRC1,2.7085591604826935,-0.2334073460277927,0.5123626807728144,-0.4555510281813193,0.6487128654367582,0.9999225138543825
C5orf63,2.5553116320256097,-0.5378355075446494,0.6394657324895829,-0.8410700999578752,0.400308664415716,0.9999225138543825
MARCH3,4.379494040415938,0.199541612726049,0.5804990322856848,0.3437415079580137,0.7310406923346684,0.9999225138543825
LMNB1,4.20074425107914,0.3564050659322654,0.5865142640998343,0.6076664929526752,0.5434086904291966,0.9999225138543825
PHAX,5.833164811815932,-0.3816525839261866,0.44810044779186287,-0.8517121234912479,0.39437389011086676,0.9999225138543825
GRAMD3,1.388312121870366,-0.3628653579585827,0.6910345073969176,-0.5251045411979108,0.599510519390154,0.9999225138543825
CSNK1G3,6.26164249751178,-0.03496899782468663,0.37582812913800334,-0.09304518505544349,0.9258676644131679,0.9999225138543825
CEP120,1.4696202053776808,0.3379032833025008,0.5980063567099655,0.5650496512470765,0.5720399930724982,0.9999225138543825
SNX2,6.698941295911998,-0.10962448920766725,0.4366818034692415,-0.25103974641661214,0.8017833796962969,0.9999225138543825
SRFBP1,2.995499789298814,-0.12781350108669354,0.5313601123713805,-0.2405402628290653,0.8099114540788215,0.9999225138543825
HSD17B4,2.6019505269175043,-0.8173810935181245,0.5024703091278447,-1.626725159018612,0.10379548287218913,0.9999225138543825
TNFAIP8,13.54469542206263,-0.21014355054735345,0.3375902792201956,-0.6224810472409541,0.5336256023730626,0.9999225138543825
DMXL1,3.1604267323919872,0.4019528469571794,0.5250871417350993,0.7654974098755597,0.4439754082011288,0.9999225138543825
COMMD10,4.547516989039059,0.13691893919778206,0.427607381569087,0.32019779147722816,0.7488183972839066,0.9999225138543825
AP3S1,10.666140011160026,0.029805258506020834,0.33523104152248845,0.08890960207818761,0.9291537524216908,0.9999225138543825
ATG12,17.42111777685296,-0.12200660678940033,0.3000691933925367,-0.40659491036054773,0.6843055360086239,0.9999225138543825
HSPA4,15.82372038690903,0.5053277669894818,0.5249390039033484,0.9626409225299681,0.3357277535157889,0.9999225138543825
ZCCHC10,6.895111442034113,-0.17261480937750967,0.5013326834503443,-0.34431190121002103,0.7306117349886654,0.9999225138543825
AFF4,12.326391669492505,0.12744678286025732,0.3392404923517927,0.37568269629822043,0.7071528034883496,0.9999225138543825
UQCRQ,26.699155931899522,-0.6586429552468628,0.36075612290078646,-1.825729110155671,0.0678910760489783,0.9999225138543825
KIF3A,2.8629650611992887,0.16751914538283286,0.45781828811743347,0.3659075002697644,0.7144340995048183,0.9999225138543825
RAD50,5.36781713433858,0.23056066639205727,0.42081450475672055,0.547891443345918,0.5837664445260408,0.9999225138543825
IRF1,68.74116993186952,0.09180231861545082,0.3494686482066184,0.2626911429295769,0.7927886440233708,0.9999225138543825
C5orf56,17.38373923130719,-0.2466400030440565,0.3829153501982947,-0.6441110363330503,0.5195034342636942,0.9999225138543825
FNIP1,9.152738705618152,0.0823610032821161,0.45868716839366136,0.17955811489243798,0.8574994896169528,0.9999225138543825
RAPGEF6,2.9605818854981374,0.6071091364779283,0.5386014608962857,1.1271954878615424,0.2596598378073053,0.9999225138543825
CDC42SE2,25.867201977007277,0.46897841631175335,0.34398741968859065,1.3633592087068653,0.17276933022262264,0.9999225138543825
LYRM7,2.6384448194203975,-0.44859657634197286,0.5107367432511658,-0.8783322959816224,0.3797634142634079,0.9999225138543825
HINT1,95.91820085742425,-0.20539756397042522,0.29500396915470445,-0.6962535607875557,0.48627005032132053,0.9999225138543825
ISOC1,5.080739603028348,0.5055188860091939,0.4032910787096961,1.2534839293409838,0.21002964405539915,0.9999225138543825
SLC12A2,2.935235362292653,-0.7911840865658029,0.6016973850997481,-1.3149202674940028,0.18853670044054638,0.9999225138543825
LINC01184,2.244662105592959,-0.35037446563539676,0.5969379019940427,-0.5869529551817492,0.5572353029732299,0.9999225138543825
SMAD5,4.480901011602759,-0.16458302862092905,0.5259110626427121,-0.3129484057511483,0.7543198608047055,0.9999225138543825
H2AFY,12.79723771644631,-0.36720881149297463,0.40394406450834,-0.909058564680044,0.3633192129167636,0.9999225138543825
TXNDC15,6.975838908655747,0.32445883098753,0.41115691171245805,0.789136268282995,0.4300323662524016,0.9999225138543825
C5orf24,4.318055264837593,0.6374674278049725,0.46398565583753965,1.373894687874092,0.1694743790367278,0.9999225138543825
DDX46,18.528398297884937,-0.6630481494057682,0.5005547981977528,-1.3246264980239377,0.18529506272356455,0.9999225138543825
CAMLG,12.104108206665824,0.12287904228707965,0.36967326428394276,0.3323990511596677,0.739587954920687,0.9999225138543825
SEC24A,2.5159234207330745,0.4997324770410931,0.6125435938095655,0.8158316927830864,0.4145964041293101,0.9999225138543825
SAR1B,9.930891295105232,0.12557537366279908,0.44347430659040016,0.2831626811218682,0.7770521342286278,0.9999225138543825
JADE2,3.503022072562557,-0.34319132955152826,0.47055979650913393,-0.729325650209615,0.46580248560481274,0.9999225138543825
CDKN2AIPNL,2.8313356172683606,0.08784001570252174,0.5155013504997803,0.17039725621933008,0.86469772980899,0.9999225138543825
UBE2B,36.37089070739868,0.3194165965987216,0.31583402306314257,1.0113432159741158,0.3118521888434441,0.9999225138543825
PPP2CA,14.68838060275577,0.2738658663019354,0.3407855242067573,0.8036311605060396,0.42161002151480675,0.9999225138543825
SKP1,87.69305155771008,-0.2959119932323802,0.30221878372649835,-0.9791317057915708,0.3275149075124246,0.9999225138543825
TCF7,12.433335824098044,0.5562317082857534,0.6250009588066336,0.8899693679635515,0.37348233431766675,0.9999225138543825
VDAC1,17.989353103107522,-0.021411367013234806,0.2908822608724494,-0.07360836287855863,0.9413220165792096,0.9999225138543825
C5orf15,3.313786490664923,-0.3339012942177662,0.48797714194089764,-0.6842560143077507,0.4938135169417952,0.9999225138543825
UBE2D2,35.18000126418531,0.2975918852465044,0.3231662409115206,0.9208631582529123,0.3571218754784974,0.9999225138543825
TMEM173,8.621857971731533,-0.008866195847610055,0.41877707027850464,-0.02117163635944455,0.9831087401159079,0.9999225138543825
DNAJC18,0.7695505614706505,0.2506415570249252,0.8288438178475569,0.30239901852175466,0.7623479028511854,0.9999225138543825
MZB1,1.9550491667761796,-0.4126763248837887,0.743210733910037,-0.5552615241611158,0.578715792063119,0.9999225138543825
PAIP2,32.80630811886497,0.11501243873769529,0.2548808392623375,0.45124003463955203,0.6518165583843603,0.9999225138543825
MATR3.1,3.8280979676135183,0.03820037013766826,0.6636683073074234,0.0575594309944548,0.9540995654431277,0.9999225138543825
SIL1,2.131664589642757,-0.3407649064990445,0.6359714678462054,-0.5358179159406101,0.5920843988332694,0.9999225138543825
HSPA9,21.774514016117614,0.42839302370687116,0.35578885549158107,1.2040653244042046,0.228564331048546,0.9999225138543825
ETF1,12.868940132061747,0.23979547030494186,0.36915569946714405,0.6495781337009653,0.5159647612770379,0.9999225138543825
EGR1,34.38249122161117,-0.5135907906391085,0.5743057011631683,-0.8942811983215716,0.37117145705500454,0.9999225138543825
KDM3B,2.345398679976144,-0.15436932400495904,0.5890672171329353,-0.2620572313568799,0.7932773191931141,0.9999225138543825
FAM53C,15.961435139561447,0.007319727420462796,0.32054512150999714,0.02283524823582289,0.9817816913227714,0.9999225138543825
CDC23,1.3529173293587895,-0.3656108772416418,0.6990428162313342,-0.5230164286827464,0.6009628206509643,0.9999225138543825
BRD8,2.8373017827955946,-0.08158524276973844,0.6192789463918684,-0.13174231619705795,0.8951881137167748,0.9999225138543825
FAM13B,7.7647389818996215,0.303495402043265,0.40845001792827534,0.7430417155632477,0.45745642495713523,0.9999225138543825
HNRNPA0,42.624998803555144,0.6408660967239503,0.39406921281436375,1.6262780138215123,0.10389052671832019,0.9999225138543825
DIAPH1,13.118702848285823,-0.3561349341398971,0.35571469096660596,-1.0011814051653285,0.3167391146581606,0.9999225138543825
TAF7,24.938696428360767,0.15464204530391665,0.35170949321548356,0.43968686739192264,0.6601639154221565,0.9999225138543825
ZMAT2,11.049567327489417,-0.6060465832441647,0.4587793045552838,-1.3209980860658785,0.1865020023895686,0.9999225138543825
HARS2,1.751308773257695,-0.10671567381677598,0.5719536766149168,-0.18658097356479653,0.8519891856634048,0.9999225138543825
HARS,4.638437788257262,-0.019122151513722017,0.41272453808443527,-0.046331511090842874,0.9630460240504211,0.9999225138543825
WDR55,2.473530425957991,0.4781627725427642,0.5418383784384895,0.8824822891297762,0.3775160531963804,0.9999225138543825
IK,15.547853696705083,-0.44789370312293453,0.5019282193703337,-0.8923461280675049,0.37220743680597335,0.9999225138543825
TMCO6,1.296330945485575,0.3808848143737014,0.8474442005621344,0.44945120176767916,0.6531062025419001,0.9999225138543825
NDUFA2,24.089241105141234,-0.36099114032703866,0.29843942363558607,-1.209596024310221,0.22643394445275666,0.9999225138543825
SLC35A4,1.939501798304362,-0.21003813698000662,0.5680403470724568,-0.3697591871114308,0.7115619272648624,0.9999225138543825
SRA1,10.662215143216407,0.006129533401523436,0.43101847678682476,0.014221045573772493,0.9886536297442995,0.9999225138543825
ANKHD1,2.312965536087027,-0.5048677499954055,0.5420130821365972,-0.9314678310073882,0.3516116174615602,0.9999225138543825
PFDN1,5.601644417285124,-0.2629097600013822,0.4850558766341155,-0.5420195335550976,0.5878050494793934,0.9999225138543825
CYSTM1,5.292213076107311,0.5338488650091109,0.5494411127211476,0.9716216217697744,0.3312388218957001,0.9999225138543825
PURA,6.554690808941374,-0.6430775090356036,0.4730747444355466,-1.3593570922981681,0.17403346072155257,0.9999225138543825
CXXC5,4.894660537002719,0.34661677874963204,0.6325151974770665,0.5479975503073972,0.5836935848957645,0.9999225138543825
ADRB2,10.569655371728937,-0.2778626082346218,0.534921928942991,-0.5194451623691704,0.6034503443861698,0.9999225138543825
FBXO38,1.2705022940673418,-0.40249661009793475,0.6504968574595988,-0.6187525819414632,0.536079364422161,0.9999225138543825
JAKMIP2,1.2999110687369346,0.9793661652305898,0.6853282353128197,1.4290468636295948,0.15299076435790177,0.9999225138543825
PPP2R2B,7.285942072241912,-0.08906951157125455,0.40302557255330534,-0.22100213395137341,0.8250907714076645,0.9999225138543825
TCERG1,6.44933834522944,-0.05600279727282328,0.3900154588655408,-0.1435912243984422,0.8858232707562963,0.9999225138543825
RBM27,2.0469164024329762,-0.39481352694632543,0.5539432956014907,-0.7127327473430712,0.47601114839044745,0.9999225138543825
LARS,7.546118130082149,-0.4541564456225288,0.43671828267216245,-1.0399300044039075,0.2983724213802367,0.9999225138543825
YIPF5,6.901240974243217,0.1794057626537595,0.44292161896649,0.40505081479739813,0.6854401594309648,0.9999225138543825
NR3C1,23.114534935087008,0.17521882743947134,0.33919374952820497,0.5165744583536359,0.6054532493638851,0.9999225138543825
ARHGAP26,3.728508404440524,-0.32530937649123637,0.6034614077084471,-0.5390723786738065,0.5898369136530575,0.9999225138543825
NDFIP1,19.711797852102183,0.24983995371232642,0.3621165462265521,0.6899434900608443,0.4902297250690508,0.9999225138543825
GNPDA1,1.4370276607739974,-0.02993156437885285,0.6846184520537629,-0.04372006668687091,0.9651275436062817,0.9999225138543825
RNF14,3.2065013171691366,-0.0284438121491149,0.6210644718990604,-0.045798485400623236,0.9634708660209814,0.9999225138543825
KIAA0141,3.691367234701271,0.04023201902379821,0.4487052072886816,0.08966247409273835,0.9285554371222526,0.9999225138543825
FCHSD1,2.8411178584340235,-0.6296548468100225,0.5969301545831737,-1.0548216436639894,0.2915069038913486,0.9999225138543825
HDAC3,5.3609693397874265,-0.31144182745421856,0.5249390045683623,-0.5932914581386566,0.55298611431486,0.9999225138543825
G3BP1,14.069577836447873,0.0587694859153811,0.38739879444340203,0.15170281053615198,0.8794213403447838,0.9999225138543825
ATOX1,10.202578941233496,-0.6112763514224581,0.3659750634259117,-1.6702677655145903,0.09486639779057428,0.9999225138543825
SPARC,3.1637629419313185,-0.7238222321319447,0.8630181045548582,-0.8387103680812,0.40163185876847507,0.9999225138543825
CCDC69,10.102532723941595,0.2771754321693866,0.32057590499061583,0.8646171713295182,0.38724894460672254,0.9999225138543825
ANXA6,26.571694310410646,-0.5565698894874975,0.39829484100924667,-1.3973816182936107,0.16229884376863402,0.9999225138543825
TNIP1,9.36465766519214,0.1957279179509869,0.3865890072116613,0.5062945771860087,0.6126498693060419,0.9999225138543825
SMIM3,4.016887043552841,0.6113675400976936,0.6104811147745903,1.001452011047763,0.31660832968787034,0.9999225138543825
DCTN4,3.3487000837339154,0.18023137548514478,0.5730843994953776,0.3144935992741127,0.7531461770815613,0.9999225138543825
RBM22,9.000826289503882,-0.21179602780062512,0.3892857605780129,-0.5440631259826961,0.5863980339225963,0.9999225138543825
RPS14,705.5724759981917,-0.006413022286423755,0.3065556156369053,-0.020919604663251556,0.9833097877858406,0.9999225138543825
CD74,147.32841288124953,-0.16286623898202104,0.3327709244910249,-0.489424486923327,0.6245412035316684,0.9999225138543825
TCOF1,2.9698640203141613,-0.4203933663731601,0.5358090842634835,-0.7845954440116065,0.43269080213431166,0.9999225138543825
HMGXB3,2.4731211406894693,0.7333860904788202,0.5241284098757697,1.3992488799694132,0.1617383633477869,0.9999225138543825
SLC26A2,1.8706675881441432,0.2684370709280774,0.6005731195227921,0.44696817456860893,0.6548980388068426,0.9999225138543825
CSNK1A1,20.235461774399916,-0.0711724186980274,0.2709217645180177,-0.262704691978684,0.7927782001041355,0.9999225138543825
PCYOX1L,0.8839596154152968,-0.26947940430500283,0.7219628765028148,-0.3732593642631044,0.7089554171173917,0.9999225138543825
PWWP2A,4.199329103183858,0.3002283221930224,0.4434025600164105,0.6771010121861066,0.49834186675242287,0.9999225138543825
TTC1,6.365999094930308,-0.3880831056506922,0.543200901492857,-0.7144375213372054,0.47495667734430025,0.9999225138543825
UBLCP1,4.387418738764967,0.4413637784167999,0.44261544899882743,0.9971721037192472,0.31868097912341975,0.9999225138543825
RNF145,5.369848769165865,0.18208178355984808,0.4174513573878039,0.4361748508837588,0.6627098731319885,0.9999225138543825
CLINT1,6.754065829166817,0.24748197987765963,0.3884590279115757,0.6370864418009962,0.5240685394628187,0.9999225138543825
THG1L,2.1648980899276222,-0.3933287531311216,0.5991843857553864,-0.6564402585946153,0.5115408944477673,0.9999225138543825
CYFIP2,9.982821274088902,-0.40596396535387724,0.3463453320501544,-1.1721363846621426,0.24114230403607784,0.9999225138543825
ITK,10.607869197542152,0.0449265850675217,0.4042794092127211,0.11112756188847235,0.9115151928740594,0.9999225138543825
MED7,3.5464685560009293,-0.7044309474191391,0.5565906950092934,-1.2656175421821907,0.20565004255326447,0.9999225138543825
HAVCR2,15.269067087399666,-0.9505004893543278,0.6410762585889315,-1.4826636872288297,0.13816378703140839,0.9999225138543825
MRPL22,6.398441164534597,-0.07081614749426145,0.4770703210361996,-0.1484396416453833,0.8819958170774334,0.9999225138543825
CNOT8,5.793470829263185,0.5251478091198712,0.4224867673038772,1.2429923248747674,0.21387066175989244,0.9999225138543825
LARP1,3.192834770044827,-0.5956730353144938,0.47390320127171986,-1.2569508577194761,0.20877143089031625,0.9999225138543825
GALNT10,3.1183579791528735,-0.7431869886827648,0.5891823273308227,-1.261387102443535,0.2071694128607804,0.9999225138543825
MFAP3,1.3495828177751115,-1.0803776402488015,0.738167394338452,-1.463594366989129,0.14330481258739186,0.9999225138543825
FAM114A2,1.2457212740342196,0.06613029562107557,0.6346971414338421,0.1041918913825275,0.917017068688952,0.9999225138543825
ATP6V0E1,47.19212934939419,-0.3403898282202255,0.2943429765477703,-1.1564394442582597,0.24750145542087465,0.9999225138543825
RPL26L1,4.135898227359909,-0.26706680498706364,0.560303639196826,-0.4766465650123097,0.6336138191408738,0.9999225138543825
ERGIC1,7.088111839208831,-0.2713121294286546,0.4946330375541848,-0.5485119448757679,0.5833404296961668,0.9999225138543825
DUSP1,406.2702216354031,0.583404701448306,0.6135774980624581,0.9508247992968596,0.3416933213523843,0.9999225138543825
STK10,11.372581620106773,-0.30675296880257696,0.44630403288445,-0.6873183888123113,0.49188211333810916,0.9999225138543825
FBXW11,4.6649762206545295,-0.5243243718741565,0.484502258421024,-1.082191801505552,0.2791673106952123,0.9999225138543825
NPM1,135.23822801630087,-0.00731393823110592,0.33904715710479466,-0.021572038218994078,0.982789338608706,0.9999225138543825
LCP2,17.3282634438619,0.6781560856943094,0.4816848102060069,1.4078834775883335,0.15916557630643435,0.9999225138543825
DOCK2,5.442716138786067,-0.1923847439589696,0.4675142398274321,-0.41150563463047085,0.6807018104489108,0.9999225138543825
PANK3,3.562969848402648,-0.24149653556206896,0.577107632007833,-0.4184601314695335,0.6756107300858063,0.9999225138543825
RARS,4.22855449035092,-0.2520255738753059,0.5015916765730227,-0.5024516666568241,0.6153498431763769,0.9999225138543825
MAT2B,13.344358174720043,0.2703995217378183,0.4206312183296429,0.6428422569575183,0.5203264605224533,0.9999225138543825
NUDCD2,6.626078693173131,0.5246303654925739,0.45188626192160286,1.1609787897990829,0.24565052511594976,0.9999225138543825
CCNG1,7.806264845437247,-0.10170984012351343,0.5197720255278334,-0.19568163565599,0.8448593591453888,0.9999225138543825
PTTG1,8.216735175829577,-0.1656660564334648,0.35455647113833705,-0.4672487175359634,0.6403219420741402,0.9999225138543825
SLU7,8.810096124399712,-0.5360755214068659,0.47483747155967176,-1.1289663379893944,0.2589120341760871,0.9999225138543825
RAB24,8.20596252129627,-0.017506428845759724,0.7549698056677041,-0.023188250330457696,0.9815001109669795,0.9999225138543825
NSD1,7.692622354493728,0.36605867825397975,0.38946762402331536,0.9398950148217347,0.34727141470355793,0.9999225138543825
UIMC1,3.5773835448763593,0.5309016844952462,0.5803099631212092,0.9148588137963037,0.36026575419986717,0.9999225138543825
TSPAN17,3.0010761808766793,-1.1286327264003841,0.5295046983853697,-2.1314876522190427,0.033048988625461496,0.9999225138543825
RNF44,7.431872403690814,-0.3228867958695444,0.48000509296434407,-0.6726736874300815,0.5011549109583704,0.9999225138543825
FAF2,2.027527089637015,-0.10123144883438594,0.6033522925007417,-0.1677816593930676,0.8667550516327321,0.9999225138543825
CLTB,10.591803881007696,0.309924839462537,0.4868824610282118,0.6365496074925951,0.5244182583101716,0.9999225138543825
HIGD2A,35.54025776678035,0.11883109602565926,0.3194142984466171,0.3720281045762865,0.709871924366203,0.9999225138543825
NOP16,4.917298111187821,0.3210930188565981,0.4716608600635396,0.6807709649966337,0.4960164247945955,0.9999225138543825
KIAA1191,7.555246074732762,0.4503160404817195,0.4940394229562302,0.9114981913530726,0.3620329381450418,0.9999225138543825
SIMC1,1.394696801423885,0.07060779926394245,0.6675724322814294,0.10576799737316928,0.9157664287233905,0.9999225138543825
THOC3,2.659649578030133,-0.5041101460533108,0.505907569715117,-0.9964471303269523,0.3190329431224267,0.9999225138543825
SFXN1,4.448201213262701,0.5217352923909501,0.4283655016614501,1.2179675776115435,0.22323629387385557,0.9999225138543825
CPEB4,4.803354208807593,0.09921723262823073,0.5763641340847329,0.172143314895518,0.8633248606430313,0.9999225138543825
BNIP1,2.3883393161877438,-0.36508421370833494,0.6010996036793614,-0.6073605962699622,0.5436116323225033,0.9999225138543825
CREBRF,9.675153109015834,-0.5905220316565215,0.512804615828518,-1.1515536588968465,0.24950453342448742,0.9999225138543825
ZNF354A,1.1529406387493284,-0.39452655986228957,0.6749392535160039,-0.5845363976195743,0.5588594846526442,0.9999225138543825
CLK4,7.467048382620927,0.07186076454964872,0.47005536781683327,0.1528772341935062,0.878495089334231,0.9999225138543825
PHYKPL,9.39923582872269,0.08851788350692544,0.3700390768038241,0.2392122590713659,0.8109409972167781,0.9999225138543825
HNRNPAB,15.246522533230232,0.24747378105914025,0.5113128703128076,0.48399677658757617,0.6283881567642002,0.9999225138543825
NHP2,14.048762526161296,-0.2670042847677118,0.3787300649396223,-0.7049989147554948,0.4808109115307194,0.9999225138543825
B4GALT7,1.9655301160412182,0.49951052419366204,0.6421470107286373,0.777875651288749,0.4366423237859133,0.9999225138543825
TMED9,16.261126953537772,0.010304341202617728,0.39885956897406216,0.025834509196112125,0.9793893366698955,0.9999225138543825
FAM193B,1.3448092981095514,-0.4098585467978348,0.6255833622705111,-0.6551621598603291,0.5123633544766701,0.9999225138543825
DDX41,2.331417682709936,-0.04259891335412743,0.5190142776673021,-0.0820765732025471,0.9345858221341086,0.9999225138543825
PDLIM7,1.5836139862827765,0.38630978679382333,0.6988167241223033,0.5528055832937011,0.580396544911479,0.9999225138543825
DBN1,1.7346969832119037,-0.6330392648926941,0.8268331724213339,-0.7656190946462327,0.4439029794900826,0.9999225138543825
PRR7,5.4253677133687725,0.2763491490291101,0.5193929155095349,0.5320618375358587,0.5946831675614668,0.9999225138543825
GRK6,4.872531603761595,0.3764175544498856,0.4374050406323111,0.8605697682535569,0.3894750424023671,0.9999225138543825
RGS14,7.5615318409726395,0.3595143418045213,0.5360673247789561,0.6706514745191094,0.5024425825951162,0.9999225138543825
LMAN2,18.206195270596616,0.1907632447725971,0.42417050610893786,0.4497324590588206,0.6529033636323543,0.9999225138543825
PRELID1,28.38555535442395,0.06581127543396416,0.39136416065553664,0.1681586666590267,0.8664584570650816,0.9999225138543825
DUSP22,3.695883264971175,-0.2339798380636765,0.5387199288301433,-0.4343255661096021,0.6640520409959303,0.9999225138543825
TRIM52,2.7119689298350917,-0.23151534777156985,0.5882984993426279,-0.3935338064439532,0.6939252600504215,0.9999225138543825
GNB2L1,271.54403676255464,-0.2840044966246147,0.33737295483182356,-0.8418116880951159,0.39989336851931157,0.9999225138543825
ZFP62,1.0933190624256466,0.23998548717299747,0.7003003381797105,0.34268937781294145,0.7318321546640573,0.9999225138543825
LINC00847,1.5818576104649231,-0.3739301230961371,0.6763317313093891,-0.5528797567610829,0.5803457499258275,0.9999225138543825
MGAT1,9.89105826576233,0.15070900529058978,0.38094234653801307,0.3956215596932881,0.6923842297677433,0.9999225138543825
CNOT6,1.6406985136177021,-1.0980988520889943,0.6266336275972636,-1.7523777909900817,0.07970886772184742,0.9999225138543825
RNF130,6.241139506318339,0.07993211300159121,0.3954653673180195,0.20212165111619643,0.8398216220283599,0.9999225138543825
TBC1D9B,4.020078630191475,0.43568319436423797,0.5688418084892193,0.7659127508953046,0.4437282184100677,0.9999225138543825
C5orf45,1.720969834169496,-0.45649856245817405,0.6778560163078577,-0.6734447308509967,0.5006643993358684,0.9999225138543825
SQSTM1,60.35747787222875,0.35264755898887845,0.48498017270875987,0.727138095191059,0.4671413639582539,0.9999225138543825
MGAT4B,1.503431255123182,-0.2874859922250434,0.9143459666382614,-0.3144170835925831,0.7532042827529524,0.9999225138543825
MAML1,1.508833971634608,0.6937385813403391,0.6558528596002767,1.0577655813884117,0.2901623280032719,0.9999225138543825
CANX,14.518135279334471,0.12359575736952762,0.33345783293808323,0.3706488352081296,0.71089910352561,0.9999225138543825
HNRNPH1,26.930762024046015,-0.3652995856496055,0.3893284377616613,-0.9382812818652467,0.34809987651321084,0.9999225138543825
RUFY1,1.9025681373095737,-0.10248533370445934,0.6545805020269484,-0.1565664320692524,0.8755865595416631,0.9999225138543825
LYRM4,3.2355064360274812,-0.39673223657440615,0.5023575507605572,-0.7897407652652242,0.4296791788738237,0.9999225138543825
CDYL,1.5804122771583409,-1.2393414793638549,0.7446207495474038,-1.6643928874089968,0.09603394052143309,0.9999225138543825
ECI2,7.831593347773943,-1.0755044380878653,0.614037171019459,-1.7515298565757063,0.07985468304341888,0.9999225138543825
PRPF4B,11.888786616934185,0.173288705520361,0.5101830004995075,0.3396598972343225,0.7341126653921806,0.9999225138543825
PSMG4,2.6002163529732267,0.2083792771957273,0.5167522880041749,0.40324790433060215,0.6867658618767271,0.9999225138543825
TUBB2A,13.694078437527663,0.05604763483674203,0.5472296969991364,0.10242067479906977,0.9184227738484154,0.9999225138543825
RIPK1,2.550884383453297,0.0652928565987981,0.5578529581491743,0.11704313053286397,0.9068258751186649,0.9999225138543825
NQO2,2.88786876091693,0.3269759042679807,0.5333935095423337,0.6130106542701186,0.5398692949787504,0.9999225138543825
SERPINB6,6.19951390795676,-0.4462910976869212,0.4997956099646766,-0.8929472143992284,0.371885441111106,0.9999225138543825
SERPINB9,19.963127318278545,-0.43906945553186033,0.4246478063019764,-1.0339614358436797,0.30115419209394756,0.9999225138543825
SERPINB1,27.215755733070402,-0.4841055718483695,0.36543271036315644,-1.3247461382624433,0.18525536471777815,0.9999225138543825
WRNIP1,1.4051072514425038,1.3793684645184285,0.7094329201548629,1.9443254257461364,0.05185622043709576,0.9999225138543825
GMDS-AS1,0.8828036434435027,0.26894634390304856,0.6727881958209104,0.39974890399926016,0.6893414683842185,0.9999225138543825
GMDS,5.026912582704384,0.2501604334101296,0.7077821818763241,0.3534426830963116,0.7237565915047923,0.9999225138543825
EXOC2,3.2051761766721474,-0.5081444243153319,0.47743214935256156,-1.06432804117699,0.28718011928769227,0.9999225138543825
IRF4,6.055772796387656,-1.2839845530330067,0.6902333508747466,-1.8602180717662906,0.06285467925299482,0.9999225138543825
NOL7,10.936466275978683,0.42975438509500097,0.372173457000626,1.1547153001141566,0.24820703193229587,0.9999225138543825
SIRT5,1.6318662927749157,0.010549671876510413,0.6572025929091326,0.016052389309378533,0.9871925964420012,0.9999225138543825
GFOD1,8.55693783743104,-0.3257988913269677,0.47920885624808335,-0.6798682601105845,0.4965878804726398,0.9999225138543825
TBC1D7,2.6566754774587866,-0.11210229798409428,0.5481264513729093,-0.20451904428860931,0.8379479113123904,0.9999225138543825
HIVEP1,2.661593832619565,0.6727671790945755,0.5854834128844024,1.1490798275226397,0.2505230655899505,0.9999225138543825
NEDD9,8.925787956231437,0.11732674103220515,0.34266487477743207,0.3423950035976442,0.7320536480806406,0.9999225138543825
TMEM14B,13.085082846341614,-0.21524313165972234,0.3691572656802669,-0.583066220471326,0.5598487224899178,0.9999225138543825
TMEM14C,7.97412424023401,0.3235496400381187,0.4786623383252438,0.675945471645341,0.49907526603901575,0.9999225138543825
PAK1IP1,1.552639656049977,-0.1916926637627196,0.5847167747268619,-0.32783848873202714,0.7430337843177867,0.9999225138543825
SLC35B3,3.4813951548878945,-0.09918664872437251,0.5332609383448709,-0.18600021413949216,0.8524445934000507,0.9999225138543825
BLOC1S5,1.3410707786533207,-1.07302464381478,0.8021314175694206,-1.3377167635026772,0.1809887842633945,0.9999225138543825
SNRNP48,1.9422523750089327,1.0280316314604558,0.5734536480062644,1.7927022262995975,0.07302055036153647,0.9999225138543825
RIOK1,5.141160146319868,0.05767385526338621,0.4549794717646945,0.126761444949793,0.8991292119804081,0.9999225138543825
SSR1,13.237592038037654,-0.2272646104410671,0.3733150059935752,-0.608774377649792,0.542673999163651,0.9999225138543825
RREB1,1.4441395451492882,0.14235541513029426,0.6446898061000879,0.22081226317419644,0.8252386146252151,0.9999225138543825
FARS2,2.3979689904348427,0.042252677074978574,0.5584781761895925,0.075656809659532,0.9396921383595199,0.9999225138543825
TDP2,3.6392942200629457,0.8011937154726034,0.5636809225836533,1.4213603536559318,0.15521202604909523,0.9999225138543825
MRS2,1.8425006255224794,0.8188629193010198,0.5379699804992772,1.522134968462464,0.12797526567266732,0.9999225138543825
SOX4,10.71795983961275,-1.7085339660202787,0.7435210168366003,-2.2978959939685932,0.0215677093558047,0.9999225138543825
CDKAL1,1.4545464352940127,0.22633222184615115,0.6075968495409729,0.37250394240381685,0.7095176772489893,0.9999225138543825
E2F3,2.0653735318679423,-1.1626844306210835,0.7047008824148657,-1.649897792999495,0.09896384221242578,0.9999225138543825
DEK,19.82747115955425,-0.11049597782448142,0.389977869841773,-0.28333909785525346,0.7769169089507751,0.9999225138543825
TPMT,3.5799185396384323,-0.4349246860666029,0.5012009246261825,-0.8677651311018405,0.385522922258272,0.9999225138543825
NUP153,3.709570793272584,0.1464095171956817,0.4816230185319615,0.3039919429971466,0.7611340294302609,0.9999225138543825
FAM8A1,1.8748775410469516,0.3653292430406422,0.6446350773393469,0.5667225627070968,0.5709026891026692,0.9999225138543825
ATXN1,5.707589345392159,-0.963318805861233,0.5043599565407669,-1.909982728344075,0.056135437173961036,0.9999225138543825
MYLIP,17.78718038699807,-0.2610270708809025,0.43812560046765875,-0.5957813709180202,0.5513212903554809,0.9999225138543825
DTNBP1,3.6808221263659875,-0.5970311494098026,0.5251912325385192,-1.1367881114923495,0.25562687440882026,0.9999225138543825
JARID2,7.9772737196702215,-0.4065699499677288,0.4162713172026405,-0.9766946055757451,0.32872036657951487,0.9999225138543825
CD83,37.628380282346036,0.3886138407754616,0.5336731783469627,0.7281869438879838,0.4664991569997087,0.9999225138543825
MCUR1,4.332913539269267,-0.28764149500818936,0.5421675699285965,-0.5305398385338167,0.595737695158775,0.9999225138543825
RANBP9,1.8589779709175696,0.5413320647933656,0.6768717129027806,0.7997557801194706,0.4238523078616382,0.9999225138543825
BTN2A1,5.220902261264693,0.4432244747921946,0.42405609964125324,1.0452024512019933,0.29592941080453117,0.9999225138543825
BTN3A3,6.60405311272955,-0.00876730919639335,0.42463044909405984,-0.02064691595974387,0.9835273149067698,0.9999225138543825
BTN3A1,9.107414967974355,-0.5026798882296396,0.3818227959797965,-1.3165266545694616,0.18799733815077757,0.9999225138543825
BTN2A2,1.9998523295921093,-0.18730214966857908,0.7541612509029483,-0.24835822504049956,0.8038572527215944,0.9999225138543825
BTN3A2,22.45750253276746,-0.40460263682804193,0.44934884724238816,-0.9004198838186643,0.36789684313345594,0.9999225138543825
HIST1H1D,2.9624233609020596,0.6292838349602222,0.6542197499407878,0.9618844967874746,0.3361076269971538,0.9999225138543825
HIST1H1E,4.569861720958253,-0.12144148487321278,0.6723602094331141,-0.18061967851369956,0.8566661087081211,0.9999225138543825
HIST1H2AC,5.726177860308942,-0.11755848988273322,0.6203367292027034,-0.18950754380419638,0.8496950431249324,0.9999225138543825
HIST1H4C,28.916890373862827,-0.3899166252836075,0.5506769977323235,-0.7080677545807726,0.4789031828587762,0.9999225138543825
HIST1H1C,5.454874338151999,0.16475001807336173,0.49870737544335353,0.33035408374880776,0.7411324315950463,0.9999225138543825
TRIM38,8.535631030567494,-0.5551756354242989,0.5047943140064645,-1.0998056436451646,0.27141681285507635,0.9999225138543825
RP11-367G6.3,0.9389105430645065,-1.2757384707589916,0.7607223505350639,-1.6770093186583575,0.09354065962771006,0.9999225138543825
FAM65B,14.339714870887951,-0.2826743820229257,0.4582426404531316,-0.6168661688563163,0.5373230031380911,0.9999225138543825
GMNN,1.588026554646969,0.22708699557596995,0.6105699360844404,0.3719262645525415,0.7099477493865165,0.9999225138543825
C6orf62,12.863045963377525,-0.5402887087753531,0.4675527862447389,-1.1555672956519198,0.24785819162757683,0.9999225138543825
ACOT13,3.628105655253964,-0.5741020462642246,0.5142208109538801,-1.1164504314776074,0.2642293766583539,0.9999225138543825
HLA-A,466.96852563473385,0.013772131420134724,0.3956165142084618,0.034811821361121924,0.9722297942628251,0.9999225138543825
HLA-G,2.014057442743049,0.08689263390763508,0.7247601990369654,0.11989156416576795,0.9045690470939127,0.9999225138543825
HLA-F,36.5604382932687,-0.362391967172164,0.3125677752536378,-1.1594028427213765,0.24629201858792527,0.9999225138543825
TRIM27,3.436380435758747,0.7407280938183722,0.5631779142101848,1.3152648126430675,0.1884209195424953,0.9999225138543825
ZSCAN26,1.4854474150461001,-0.5299056262199209,0.6551969146045019,-0.8087730793723121,0.4186456837320658,0.9999225138543825
ZKSCAN8,1.2079127630553195,-0.16179316856773684,0.6634827837257425,-0.24385435844951137,0.8073436188513881,0.9999225138543825
ZSCAN16,1.406591790657319,0.1325536120710825,0.6103682861329438,0.2171698875622956,0.8280759509122274,0.9999225138543825
ZSCAN16-AS1,3.7722242500060776,-0.7921530326735302,0.5044997387283194,-1.5701753080592107,0.11637433233622609,0.9999225138543825
ZNF165,1.3631332371081937,1.102029897900917,0.7288297017113904,1.5120540440561114,0.13052011451338594,0.9999225138543825
RP1-313I6.12,7.300708715430379,-0.3408032216516614,0.739737116943171,-0.4607085596298975,0.6450077130749752,0.9999225138543825
HIST1H2BN,1.6031734731550988,-0.02631221226045679,0.7795520761070828,-0.033752988500594314,0.9730741243059859,0.9999225138543825
ZNF184,2.9758480638891975,0.11928301252520862,0.5657440157763381,0.2108427295718248,0.833009994569631,0.9999225138543825
HIST1H2BJ,1.5597033225350434,-0.005861897417093567,0.7409267262922178,-0.007911575070895288,0.993687542252001,0.9999225138543825
ZNF322,1.3133987468045845,0.26328140018138657,0.5896894921344658,0.4464746340118793,0.6552544316698006,0.9999225138543825
ABT1,5.561364018280232,0.6353575290977416,0.4577984968772056,1.3878541179836208,0.16518147161062635,0.9999225138543825
HMGN4,8.50151646526801,0.47867799786060894,1.1624523905840993,0.4117828839597352,0.6804985678460305,0.9999225138543825
MDC1,2.729718351648308,-0.3984030830987334,0.5764138458797282,-0.6911754218719137,0.48945530749647326,0.9999225138543825
NRM,0.969798140102755,0.13638639279498954,0.7497630352172404,0.18190599748022016,0.8556564977188996,0.9999225138543825
PPP1R18,24.23700618609289,-0.08418389768171983,0.3873400696668608,-0.2173384688914932,0.8279445796659176,0.9999225138543825
DHX16,1.7914539419291207,0.3179559256062666,0.5495977260214507,0.5785248201588389,0.5629098452479189,0.9999225138543825
C6orf136,2.5019260682723212,-0.248855730283752,0.6910515705817148,-0.36011166297512315,0.7187636313012902,0.9999225138543825
MRPS18B,5.807337804688149,-0.5035358169207284,0.4250231641519253,-1.184725585311248,0.2361259630732544,0.9999225138543825
PPP1R10,21.83129123792644,-0.28198709186015464,0.4939517778858474,-0.5708797993745092,0.5680811250512551,0.9999225138543825
ABCF1,8.64344509252266,-0.04998285008049699,0.45528025540273176,-0.10978479625979645,0.912580048980211,0.9999225138543825
GNL1,6.558866263640483,0.13490202601744772,0.4184640156900309,0.3223742567087866,0.7471691842530741,0.9999225138543825
HLA-E,217.67310238780271,-0.1684916582409634,0.30665415219331027,-0.5494517424135471,0.5826954734003711,0.9999225138543825
RPP21,6.316656560924996,-0.14053863830571572,0.8025033220032277,-0.17512530409830562,0.8609811757137649,0.9999225138543825
TRIM39,5.406637957366501,-0.4640174610862672,0.4658772909547255,-0.9960078975632253,0.31924630794947684,0.9999225138543825
HCG18,16.044963286568066,-0.27485489315254863,0.5592349534086081,-0.4914837520031126,0.6230843411736864,0.9999225138543825
TRIM26,5.596375751075213,-0.17334684906207903,0.4006222640700134,-0.43269399783478996,0.6652370908869215,0.9999225138543825
PPP1R11,10.557246921856818,0.008854001848472055,0.3131401123012412,0.02827488878190889,0.9774429084397039,0.9999225138543825
ZNRD1,13.84964866037865,0.5602407312977975,0.3302935899152802,1.6961901423563759,0.08984987669644365,0.9999225138543825
PRRC2A,4.885568834820778,0.11441745871007877,0.5055933104435671,0.22630334766434715,0.8209654948677116,0.9999225138543825
NCR3,19.69641341220071,0.06007863842525384,0.3791922558426828,0.15843846360137415,0.8741113069607697,0.9999225138543825
LST1,4.325915169120823,-0.9292347260148491,0.47043165997482955,-1.9752810133241625,0.048236266674363405,0.9999225138543825
LTB,35.36705750028059,0.510979682192834,0.5684132687431973,0.898958047412663,0.3686750070951177,0.9999225138543825
TNF,27.947925834659646,-0.47861971354888627,0.7306916522813148,-0.655022829472012,0.5124530556245414,0.9999225138543825
LTA,4.181839127232676,1.4559999009975435,0.8115926393148026,1.794003334267287,0.07281263664491588,0.9999225138543825
NFKBIL1,2.452443715232452,0.25696248243015973,0.5231522719866841,0.49118105031702936,0.623298400385272,0.9999225138543825
DDX39B,6.906704206058739,0.4331663243160324,0.6995116424486958,0.61924105051304,0.5357575724637653,0.9999225138543825
MICB,2.544786740254332,0.016954598548285637,0.5786298590486157,0.029301285239863736,0.976624301870563,0.9999225138543825
MICA,2.7980780375763863,0.1925473310023406,0.502822100600658,0.3829333093599678,0.7017692130620742,0.9999225138543825
HLA-B,610.4680148195907,0.2538710655086324,0.31413710492645247,0.8081537059051657,0.4190021039932138,0.9999225138543825
HLA-C,490.86795413664294,0.1637956680990148,0.4343504758215579,0.37710484324715277,0.706095692075915,0.9999225138543825
XXbac-BPG299F13.17,2.202105185461759,0.04941593037570872,0.7398741292622865,0.06678964491565659,0.946749167162452,0.9999225138543825
IER3,22.914136728638372,0.040905179173342396,0.6077672654985677,0.06730401832317637,0.9463396779854976,0.9999225138543825
FLOT1,10.194951872969892,-0.13159637838014474,0.3869239096029073,-0.3401091923091535,0.7337742995301318,0.9999225138543825
TUBB,29.276354855642037,-0.07552914037847933,0.3940228776169253,-0.19168719551332714,0.8479872364934904,0.9999225138543825
SKIV2L,2.171248213871794,-0.23541765354812194,0.5608023320178122,-0.41978722289022974,0.6746408997126221,0.9999225138543825
NELFE,5.670093136768339,0.02307688325223078,0.3805309276892534,0.06064390979299236,0.9516428028978599,0.9999225138543825
EHMT2,2.4267953295359046,-0.3928322067500478,0.5751317777157183,-0.6830299106585286,0.4945879424071742,0.9999225138543825
NEU1,60.10718816185202,0.6087708356348338,0.770013968568492,0.7905971326293987,0.4291791206197567,0.9999225138543825
C6orf48,15.88574099582126,-0.12606955013622922,0.5221913659827727,-0.24142404173796375,0.8092264811303898,0.9999225138543825
HSPA1B,387.24375876381123,0.8374058446509872,1.147800787781136,0.7295742027410638,0.46565049567523265,0.9999225138543825
HSPA1A,897.2882296022532,0.8186987797495705,1.1169002266573353,0.7330097713381045,0.463552469731526,0.9999225138543825
LSM2,17.286357159433248,0.17190717669385924,0.38683779051780565,0.4443908555670095,0.6567600236196991,0.9999225138543825
VARS,1.0863401597561484,-1.384523395190883,0.7376131116172666,-1.8770319743303125,0.060513711677563635,0.9999225138543825
CLIC1,124.17515879581505,-0.5394216107065999,0.36325306101945937,-1.4849747148523085,0.1375505222615963,0.9999225138543825
DDAH2,8.172982773780138,0.18173178439054902,0.5023950888513313,0.36173081390197875,0.7175531980253631,0.9999225138543825
ABHD16A,2.7384016057333556,0.6938436110714791,0.8883974594918472,0.7810058478424166,0.4347990553026747,0.9999225138543825
CSNK2B,8.156226098552933,0.029206671557171757,0.814595884489485,0.03585418501773534,0.9713986274171571,0.9999225138543825
GPANK1,2.8460214391947676,0.008750152861316914,0.5457852971161492,0.016032225322945598,0.9872086829053559,0.9999225138543825
C6orf47,2.3223619432818845,-0.11339538708481842,0.5814608360385407,-0.19501809933988792,0.8453787784318639,0.9999225138543825
BAG6,4.190007383353469,0.24743174101334053,0.47363753636376127,0.5224073727621726,0.601386723736663,0.9999225138543825
PSMB8,31.053232469988167,-0.34570138381113596,0.3556969147207238,-0.9718987416086085,0.33110092589738715,0.9999225138543825
TAP2,3.8663705419194754,0.026821555698803488,0.5970647649006007,0.044922355622959494,0.9641691976195567,0.9999225138543825
HLA-DQA2,7.277794650345113,-2.174566969170159,1.3598559988930936,-1.5991156202864345,0.10979491451778509,0.9999225138543825
HLA-DQB1,7.938466550537412,0.13959906919767423,0.7280327833367708,0.191748328362157,0.8479393477659828,0.9999225138543825
HLA-DQA1,14.106747420522021,-0.9103901892849742,0.7215061425461452,-1.2617913217928682,0.20702388571242647,0.9999225138543825
HLA-DRB1,43.8731274988606,-0.31937931301547684,0.41104418597456044,-0.7769950869351141,0.43716166897737585,0.9999225138543825
HLA-DRB5,23.598607501947317,-1.7137518334523234,0.7817478246969947,-2.1922054392880126,0.028364675892975835,0.9999225138543825
HLA-DRA,41.654701917774325,-1.219074815088075,0.5677531178334702,-2.147191757819015,0.031778018616697296,0.9999225138543825
NOTCH4,0.8577560731103843,-0.743801919314381,0.8541198513874955,-0.8708402200301213,0.38384140115761944,0.9999225138543825
GPSM3,32.02456355707685,0.0422720720084019,0.30237449658616355,0.1398003882128207,0.8888177065589026,0.9999225138543825
PBX2,1.928152884252341,-0.7715022980120478,0.5901891256585006,-1.3072119842114136,0.19114072650997627,0.9999225138543825
RNF5,9.289427090483183,0.06260503779432142,0.41912193772368034,0.14937189433304207,0.8812601879784484,0.9999225138543825
AGPAT1,3.760869233548632,-0.6648413298422629,0.5286692146712394,-1.2575752689811985,0.2085454020335098,0.9999225138543825
ATF6B,9.589290599130189,-0.2355545394425226,0.4900936083741542,-0.48063173119917985,0.6307782591802497,0.9999225138543825
STK19,4.667783769591722,-0.5917934448771739,0.5789166112082171,-1.0222429852929638,0.3066659106136542,0.9999225138543825
DXO,2.4736405736558194,0.5283671812031363,0.6203729581080507,0.8516927991421417,0.39438461831333327,0.9999225138543825
WDR46,4.565200588236033,-0.05051061341282818,0.4161465100763594,-0.12137699629767387,0.9033924364499138,0.9999225138543825
B3GALT4,2.8666745644571408,-0.23199207331430327,0.5295876317146335,-0.43806172844933694,0.6613415367134539,0.9999225138543825
RPS18,866.0991671697791,-0.19000319068731716,0.3956256088681042,-0.48026009041963064,0.6310424633693316,0.9999225138543825
VPS52,1.4663577409582573,0.6378593341234741,0.694122221177076,0.9189438324590837,0.35812495157870583,0.9999225138543825
RING1,4.262139093540719,0.6849931005953018,0.5205059716242473,1.3160139132655286,0.18816937287859758,0.9999225138543825
HSD17B8,2.5568896939905352,-0.2091424822148448,0.6586018046655128,-0.3175552826203733,0.7508222988303603,0.9999225138543825
SLC39A7,3.928989568623972,0.0116919330788046,0.5446384721953239,0.021467328651383843,0.9828728654132962,0.9999225138543825
RXRB,2.9336236149960015,0.0802514319486617,0.5173021009348167,0.15513455639101278,0.8767152398975384,0.9999225138543825
HLA-DPB1,36.31610448635982,-0.3711110151719679,0.4378025489032836,-0.8476675526481489,0.39662314161630896,0.9999225138543825
HLA-DPA1,34.34201002504465,-0.5305545852725259,0.4143311188592673,-1.2805086587105596,0.20036630148665324,0.9999225138543825
BRD2,64.31457210653684,-0.10282102607229399,0.37515854969886464,-0.27407352479325664,0.7840281192502329,0.9999225138543825
HLA-DMA,8.607659270194468,-0.6215886079481273,0.5574427782868671,-1.115071595076347,0.26481974259861285,0.9999225138543825
HLA-DMB,3.410502805892498,-0.84409461964257,0.6220175493399523,-1.3570270172252739,0.17477262616880318,0.9999225138543825
TAP1,21.991342135441794,-0.22281264166238046,0.2756226504141016,-0.8083974278878088,0.41886183217333717,0.9999225138543825
PSMB9,51.729181974056864,-0.19762833840944372,0.2883963239276338,-0.6852664961812545,0.49317576957063824,0.9999225138543825
PSMB8-AS1,12.402639965603969,-0.42745838009366754,0.45119167808147037,-0.9473986353455807,0.3434356862493688,0.9999225138543825
SNRPC,11.753506680313041,-0.28103679376195745,0.43864296800322916,-0.6406959971141919,0.5217202153888063,0.9999225138543825
C6orf106,2.9722927811957662,-0.08681056431559929,0.5043562808021655,-0.17212150937731824,0.8633420030773704,0.9999225138543825
RPS10,89.62382930621247,-1.0107801090287105,0.7101984042866643,-1.423236243460665,0.15466768228821806,0.9999225138543825
NUDT3,3.687933407514998,-0.1859784722281141,0.5809282837877265,-0.3201401574313282,0.7488620850464202,0.9999225138543825
C6orf1,6.448398572134004,-0.07702715576839643,0.5506442863186348,-0.1398855080897435,0.8887504515698993,0.9999225138543825
HMGA1,9.531634170333335,0.5197886554522023,0.4486385263982431,1.1585912151262758,0.24662285141991203,0.9999225138543825
LEMD2,1.434214794619028,0.09173397141273418,0.6876126184583756,0.13340937753353235,0.8938696295033243,0.9999225138543825
UQCC2,5.140895543252017,-0.21571107290241492,0.45770761070230065,-0.47128574631177894,0.6374366930294605,0.9999225138543825
ITPR3,1.2690484564484161,-0.03210915743662591,0.6127406739322081,-0.05240252329026614,0.9582079635866225,0.9999225138543825
BAK1,5.94490624121954,-0.8171478234426084,0.535065734606724,-1.5271914656303232,0.1267134078719461,0.9999225138543825
CUTA,30.226695585023087,0.11933194979324974,0.2795370373691421,0.4268913733805734,0.6694584491290505,0.9999225138543825
PHF1,13.716353181274217,-0.02766005840362157,0.38614406463319595,-0.07163144778593523,0.9428952126370154,0.9999225138543825
DAXX,6.991723707630863,-0.5382815973178169,0.3941431917352086,-1.3657006098419242,0.17203295285696107,0.9999225138543825
TAPBP,33.68253930776747,-0.09238105483876861,0.2756035847433152,-0.335195403662141,0.737477689031041,0.9999225138543825
RGL2,2.5994829671071114,0.3738707602579783,0.5318947980650757,0.7029035847277384,0.48211583702440497,0.9999225138543825
PFDN6,5.6235577025004035,-0.6412437254041811,0.4822568478092816,-1.3296726180605196,0.18362616040041357,0.9999225138543825
C6orf89,4.684396986374097,-0.20261688245595957,0.4333429509752091,-0.4675670436082644,0.6400942373266364,0.9999225138543825
PPIL1,1.076232400848937,-0.5873404679950226,0.6745225656735219,-0.870749916881659,0.3838907166830119,0.9999225138543825
CDKN1A,33.803438931658164,0.18674128981482246,0.760461522007167,0.24556310136762255,0.8060204555418784,0.9999225138543825
SRSF3,66.16529529940198,0.04960754357985588,0.32599046932605263,0.1521748279402576,0.8790490471157338,0.9999225138543825
STK38,7.304435419708658,0.6814943373145496,0.35565577794262543,1.9161627044464566,0.05534438893201238,0.9999225138543825
KCTD20,4.8140415411095026,-0.05723714112529115,0.42747845670964735,-0.1338947968649748,0.8934857647384304,0.9999225138543825
BRPF3,1.0624333587946275,-0.8035242130585043,0.7274922469193366,-1.1045124074670696,0.2693709243498673,0.9999225138543825
MAPK13,2.2544249968704566,-0.4048678910098565,0.5625527502172667,-0.7196976476490252,0.4717111749246746,0.9999225138543825
MAPK14,2.5201914390093614,-0.12390350005883294,0.6255328840519447,-0.19807671701643728,0.842985041044385,0.9999225138543825
SRPK1,7.807127815844595,-0.6101711905248792,0.4735608189150819,-1.288474819185356,0.19758072880877287,0.9999225138543825
FKBP5,14.842831341899986,-1.2830921185347774,0.6290236208870197,-2.0398154789885647,0.04136870751659757,0.9999225138543825
RPL10A,280.051493008193,-0.10335982578054478,0.4388090252280348,-0.2355462623560034,0.8137847765415303,0.9999225138543825
PPARD,0.9595123489256778,-0.9294068578396192,0.7773867635547482,-1.1955527176584926,0.23187115217205756,0.9999225138543825
DEF6,15.977660719788345,0.18324406640131757,0.3755174875838596,0.4879774510112422,0.6255658129944389,0.9999225138543825
ZNF76,2.923208650235513,-0.5960584680964879,0.5028239072543303,-1.1854218932255327,0.23585067977582985,0.9999225138543825
TAF11,6.401870846221754,-0.7039221413674727,0.4530631648236909,-1.5536953696984024,0.12025709808313888,0.9999225138543825
TBCC,11.81864027645035,0.4667770072599225,0.46978024897850573,0.9936071349846796,0.32041416918902965,0.9999225138543825
UBR2,8.117049004116936,0.1997888750360563,0.4032985559392924,0.49538703299034387,0.6203269461499632,0.9999225138543825
TRERF1,3.018162856806783,-0.22020059441458698,0.49330763451546517,-0.4463758089429765,0.6553258041393354,0.9999225138543825
MRPS10,7.099496136717945,-0.7091365245778193,0.4508780547510827,-1.5727900639770855,0.11576743710048111,0.9999225138543825
CCND3,38.74491816980076,-0.0593731546735848,0.3920787815904498,-0.1514316955198144,0.8796351883429361,0.9999225138543825
NFYA,1.7013066950270115,-0.4188926207575649,0.5809148818935364,-0.7210912197534903,0.4708533928050682,0.9999225138543825
OARD1,6.4911793859694535,-0.5707768920585562,0.4060527695759081,-1.4056717127054452,0.15982163044323916,0.9999225138543825
SAYSD1,2.578665990221371,-0.7759808852520163,0.7228333644805697,-1.0735266568798172,0.2830348849707316,0.9999225138543825
GLO1,5.206865167346334,0.12611955397370928,0.48847396397622,0.2581909441950299,0.796259546539398,0.9999225138543825
BTBD9,2.189968731667405,-0.1864352912063812,0.7072458325304027,-0.26360747936732,0.7920823946309545,0.9999225138543825
ZFAND3,6.153149075590521,0.3564646695631991,0.40204728181931704,0.8866237521869305,0.3752815015784836,0.9999225138543825
CCDC167,6.268621908614265,-0.6681717998383909,0.5313529162071102,-1.2574915455586801,0.20857569853639746,0.9999225138543825
CMTR1,1.8279279248906064,-0.08407917032109082,0.5568899406085601,-0.15097986907289165,0.8799915960014342,0.9999225138543825
RNF8,2.8563776288333824,0.1956632638035756,0.5533288324145544,0.3536111844195108,0.7236302913061106,0.9999225138543825
PIM1,27.288592248533984,0.49584437568109424,0.31870670558974057,1.5558015158908407,0.11975529757000865,0.9999225138543825
MTCH1,12.610423934722174,0.43089487986069086,0.33999280970343915,1.267364684084177,0.20502492145556728,0.9999225138543825
POLH,2.118072192713586,0.08996803533274263,0.575473894257013,0.15633730084124703,0.8757671559836006,0.9999225138543825
XPO5,1.0501723884914584,0.248331733081067,0.7590851935773348,0.3271460636858901,0.7435574131142615,0.9999225138543825
YIPF3,8.003590378025875,-0.5797518888992295,0.41373662769190434,-1.4012583128872773,0.1611368422725128,0.9999225138543825
POLR1C,3.1381068390743025,0.4974374914082927,0.5207759587620668,0.9551852059199278,0.33948404587756564,0.9999225138543825
TJAP1,1.66553874340003,-0.16165799070632672,0.6081854225903802,-0.2658037905903661,0.7903903237364072,0.9999225138543825
ABCC10,1.6579680936106003,-0.27592779083130403,0.7868159485798796,-0.35068911774008243,0.7258215904933385,0.9999225138543825
ZNF318,0.8597616470077171,0.5883518482785961,0.8076498707201626,0.7284738964348207,0.4663235422093277,0.9999225138543825
DNPH1,5.277880863629087,0.6603561750772747,0.6434394684935448,1.0262910614161362,0.3047544093212594,0.9999225138543825
MRPL2,2.090711067313853,-0.2501090065938867,0.5318133781090099,-0.4702946877402921,0.6381444922999788,0.9999225138543825
RRP36,2.446791199263247,-0.5206733820285304,0.7219807260887103,-0.7211735205858596,0.47080276130462295,0.9999225138543825
KLHDC3,3.875077561425437,0.41830811887972424,0.5322275271325496,0.7859573162880505,0.4318924938636348,0.9999225138543825
MEA1,11.063044610188067,-0.3995052836354247,0.4049960889156677,-0.9864423251717219,0.3239161040698527,0.9999225138543825
CNPY3,11.253579516822036,-0.17640231563983877,0.3729644693281088,-0.4729735139586501,0.6362320755187738,0.9999225138543825
C6orf226,3.0550992578266345,0.22477406897295268,0.5153011861185388,0.436199401491861,0.66269206214227,0.9999225138543825
RPL7L1,8.644060839946183,-0.3057671864720555,0.5256874262830211,-0.5816520829384183,0.5608010534374746,0.9999225138543825
GLTSCR1L,1.455468794159679,-0.3635922230628257,0.6555827249396827,-0.554609218991056,0.5791619819007788,0.9999225138543825
EFHC1,1.3397575442257617,0.5261554433155976,0.6422575915397727,0.819228064014273,0.4126563060781382,0.9999225138543825
MCM3,3.6703220712765567,-0.7165480049326941,0.6684526853390752,-1.0719502227285127,0.28374239053349326,0.9999225138543825
MUT,1.3515368293477885,-0.47324117457403614,0.6923792200967019,-0.683499967702584,0.4942909705992271,0.9999225138543825
CD2AP,3.9733989063565027,0.5709367210404024,0.5022009270987855,1.1368691100167887,0.25559300710905963,0.9999225138543825
ENPP5,1.5025995198924342,-0.8879297365962348,0.79458438776438,-1.1174769480363043,0.26379045054874917,0.9999225138543825
ENPP4,1.3491590235418938,0.6285795513013909,0.6864470253334755,0.9157000148642606,0.35982425723173894,0.9999225138543825
RUNX2,4.572053020301917,-0.20463308266700314,0.5710000044575497,-0.35837667437744536,0.7200614451488672,0.9999225138543825
SUPT3H,5.007577068714414,-0.2870889018383531,0.4969617620056817,-0.5776881116158608,0.563474706923141,0.9999225138543825
CDC5L,7.151503866919564,-0.3256088099040016,0.49510747674248096,-0.6576527828792206,0.5107612693201884,0.9999225138543825
NFKBIE,2.796985289505582,-0.003449693262779815,0.7044241529829496,-0.004897181972213429,0.9960926297309488,0.9999225138543825
SLC35B2,3.3255235640085967,0.22149408795395,0.49454959160638323,0.447870328301149,0.6542467836133532,0.9999225138543825
HSP90AB1,330.4987308028333,0.4886091534445499,0.5657764090897984,0.8636082127047457,0.38780315106056895,0.9999225138543825
TMEM63B,1.1221779218739423,-0.3813283172590647,0.687988605692324,-0.5542654545496919,0.5793971886527756,0.9999225138543825
MRPL14,9.483952251910695,0.16609462521954843,0.4238557212343798,0.3918659508377922,0.6951572622926755,0.9999225138543825
MRPS18A,3.697455043923265,0.25560120479060744,0.4849333640168172,0.5270852116121739,0.5981344158276788,0.9999225138543825
MAD2L1BP,2.492146962547262,-0.19455648284406396,0.5392471991931898,-0.36079275541005174,0.7182543789032654,0.9999225138543825
MTO1,2.7880587563780725,0.3810203723021121,0.5251368049036542,0.7255640220685297,0.4681060836196371,0.9999225138543825
MB21D1,3.6469739556773844,0.7875795809990777,0.5724511738822029,1.375802194024574,0.16888288201277568,0.9999225138543825
OGFRL1,3.627350710480149,-0.4889522215848673,0.6350314709480049,-0.7699653386546912,0.44132045370611217,0.9999225138543825
SMAP1,10.906061120755503,-0.2077646193472207,0.3401938307961667,-0.6107242417094466,0.5413821545957278,0.9999225138543825
LMBRD1,8.226326368398983,0.2051599420580567,0.43276569763323,0.4740670140449308,0.6354521200649941,0.9999225138543825
PHF3,12.223126947793421,-0.0009965874008030509,0.3297027902405742,-0.003022684157679925,0.9975882506509437,0.9999225138543825
PTP4A1,35.7451461324026,0.38441428931818333,0.5698704092701695,0.6745643975627739,0.4999525588256645,0.9999225138543825
BAG2,3.16659962714557,0.5531741539455582,0.5332030640608048,1.037454942086522,0.29952388427336496,0.9999225138543825
ZNF451,3.9834026520625203,-0.011795599411610378,0.5210699999875902,-0.022637264497843475,0.9819396186657903,0.9999225138543825
KIAA1586,1.2076322433039077,1.0729673439320249,0.6275284018485475,1.70983072761539,0.08729717913453758,0.9999225138543825
DST,2.330900502483966,0.06507166560646886,0.6707692983297852,0.09701050088085017,0.9227180552880323,0.9999225138543825
GCLC,1.317831939757902,0.30860001223470646,0.7112808492323056,0.4338652060824951,0.6643863273887364,0.9999225138543825
ELOVL5,19.779807620910113,0.5126096155193001,0.4964122710097893,1.0326288157151364,0.3017776377168274,0.9999225138543825
FBXO9,4.282840696724778,-0.06408921708851063,0.40452456739596676,-0.15843096378810842,0.8741172163116451,0.9999225138543825
ICK,2.8628561944022155,-1.2374989392137155,0.6531025700448423,-1.8948002901424017,0.05811886476170094,0.9999225138543825
TMEM14A,5.304237143114081,0.07864019397350648,0.42342142378388103,0.18572559052572954,0.852659959122582,0.9999225138543825
ZNF292,10.36769974013627,0.13141527304956255,0.3361953192447701,0.3908896570742689,0.6958787994300568,0.9999225138543825
SYNCRIP,10.977359822168786,-0.29848329483575753,0.32192479812092556,-0.9271832942911015,0.3538313749955926,0.9999225138543825
SNX14,5.1102440199000965,0.13127106003261432,0.40943954048549847,0.32061158498995457,0.748504757185003,0.9999225138543825
CEP162,1.208589587782548,0.26542502971744847,0.6198586851824402,0.42820248560254837,0.668503706810323,0.9999225138543825
CYB5R4,5.192860554543412,0.29535265571630825,0.435972415875532,0.6774572082116086,0.49811591164028646,0.9999225138543825
DOPEY1,1.7110842522314664,-0.8700142986374113,0.6838365781261223,-1.2722546971989432,0.2032826391602074,0.9999225138543825
IBTK,3.9426841324785005,0.2529191498845769,0.4822815638675942,0.5244221816324985,0.5999849318356294,0.9999225138543825
FAM46A,10.249241466229128,0.05788402808964672,0.4458263582977032,0.12983536529931752,0.8966966822588903,0.9999225138543825
HMGN3,27.3270732103104,-0.3296735900315377,0.2959641215020577,-1.113897145229631,0.26532331427433187,0.9999225138543825
PHIP,11.486934091171468,-0.03634886958659729,0.3488659978226225,-0.10419149419393552,0.9170173838840808,0.9999225138543825
MYO6,3.033027937480743,0.02087955252755795,0.5357911913411012,0.038969570356869467,0.9689146495144282,0.9999225138543825
SENP6,12.659056868576657,-0.3195967410973911,0.42337673672699155,-0.7548755360724472,0.4503236657110009,0.9999225138543825
TMEM30A,5.531622011573085,0.5028205159578069,0.40353429699602295,1.2460415872972563,0.21274912778837018,0.9999225138543825
COX7A2,52.75054836893038,-0.4760192279045781,0.37136857214301683,-1.2817972860699143,0.1999137664945695,0.9999225138543825
SLC17A5,2.926473650052284,-0.8286148239076085,0.657572148924551,-1.2601124078366082,0.2076288148497063,0.9999225138543825
EEF1A1,1610.555838261984,0.061628718080049015,0.3184607165476154,0.19352062869215603,0.8465512520429145,0.9999225138543825
FBXL4,1.3783050658374063,1.2852930090087569,0.7166487187661541,1.793477020682645,0.07289668177894602,0.9999225138543825
NDUFAF4,4.649750601077286,-0.35490937251180515,0.4427469526467814,-0.8016077138196543,0.4227799141080627,0.9999225138543825
UFL1,6.331272190004459,-0.1864581950651313,0.3775250336347786,-0.49389624118413505,0.6213794593153845,0.9999225138543825
MANEA,1.3331816331960036,-0.2056478918490637,0.689463569029779,-0.29827231065805804,0.7654953358756263,0.9999225138543825
MAP3K7,4.212724541673894,0.12094263556899924,0.501203955608605,0.2413042319710751,0.8093193311531091,0.9999225138543825
BACH2,7.001100576345761,0.7424232173976253,0.598416004935403,1.2406473277361079,0.21473606017099023,0.9999225138543825
CASP8AP2,3.008057644537872,0.6867676074621358,0.445680690678345,1.5409409064073345,0.12333116883030829,0.9999225138543825
MDN1,2.8331280957415164,-0.22218868409219134,0.48916506526775394,-0.4542202619693867,0.6496703008529416,0.9999225138543825
LYRM2,4.634902516184684,-0.4357345684622881,0.45951644900468863,-0.9482458558471367,0.3430043076467423,0.9999225138543825
UBE2J1,18.831840597184804,0.5064934038263574,0.44256909750186935,1.144439154666053,0.2524415579199407,0.9999225138543825
PM20D2,1.196132915083463,-0.40867768643033825,0.8253007981120661,-0.4951863458332008,0.6204685879672058,0.9999225138543825
PNRC1,99.24065647261513,0.30748951270782443,0.3513508106764373,0.8751638059859062,0.38148478361805715,0.9999225138543825
RNGTT,3.2177838989749494,-0.22886482217082676,0.4922675552363316,-0.46491957419568636,0.6419890524098424,0.9999225138543825
AKIRIN2,13.255005934522776,0.3433991640398638,0.3761198154917702,0.9130047125830776,0.3612400630289131,0.9999225138543825
ORC3,1.8412259986180766,0.06730623103170293,0.5490027512918421,0.1225972563403856,0.9024260271779002,0.9999225138543825
RARS2,2.623514485279139,-0.3648775765684508,0.5318020061259593,-0.6861154571914649,0.4926403044066239,0.9999225138543825
FOXO3,5.1661005537112965,-0.5228372060340615,0.5962069994521297,-0.8769390606190639,0.3805197386426953,0.9999225138543825
SNX3,20.382768748109847,0.4007201546912134,0.35053103940044633,1.1431802312759844,0.25296376830500844,0.9999225138543825
OSTM1,5.341279772443775,0.09343119680678034,0.4651995645581803,0.2008411097622499,0.8408228168713807,0.9999225138543825
SEC63,5.663307228536106,0.15357205390969278,0.42860306307026064,0.3583083443445149,0.7201125742260717,0.9999225138543825
SCML4,14.028454512623702,-0.5959513198062244,0.40035750995401653,-1.4885478728116603,0.13660646692369485,0.9999225138543825
PDSS2,2.3145833145110704,-0.28406525204424077,0.5535761468471023,-0.5131457590109993,0.6078493646866779,0.9999225138543825
C6orf203,1.4651150551974463,-0.24710622530795628,0.6125161912641703,-0.40342807068977965,0.6866333398962773,0.9999225138543825
QRSL1,1.9644459882942487,-0.5435520638140218,0.5392756921795406,-1.007929843114563,0.3134881436389414,0.9999225138543825
AIM1,14.802107969385172,-0.6540961432559343,0.464638735541282,-1.4077520732186555,0.15920449647404922,0.9999225138543825
ATG5,8.686679348648962,0.20688304488003365,0.38207756661912046,0.5414687041447477,0.5881845630875813,0.9999225138543825
PRDM1,11.73908248559219,-1.3150439201695823,0.49252104171415856,-2.6700258644640535,0.007584540433448486,0.9999225138543825
PREP,3.896667936088847,0.356057122450132,0.4231321920520604,0.8414796348237297,0.4000792892396884,0.9999225138543825
HACE1,1.539418589983036,-0.6690843668107677,0.8435579866165993,-0.7931693818635722,0.42767914372793103,0.9999225138543825
ASCC3,4.706474868103926,1.3533090524663312,0.45171222857466414,2.995953987645125,0.0027358771256223153,0.9999225138543825
CCNC,7.782362934874462,0.03134209792770025,0.3764620138879362,0.08325434378893284,0.9336493025836236,0.9999225138543825
PNISR,41.921552939257545,-0.421213117236744,0.4170025241868018,-1.0100972843225668,0.3124486831998231,0.9999225138543825
HDAC2,6.4644694442447905,-0.16019807279254997,0.4448726186915818,-0.36009874751048904,0.7187732893938402,0.9999225138543825
TUBE1,1.6636674685106019,0.9492105967180952,0.621221621146879,1.5279741792722759,0.12651894894822102,0.9999225138543825
FYN,36.887082520493166,-0.5020402208019034,0.4040394196205742,-1.2425525738883594,0.2140327556276449,0.9999225138543825
REV3L,5.761973987736187,0.2506616130221724,0.4703592704604953,0.5329152177159546,0.5940922705413175,0.9999225138543825
KIAA1919,1.9378800973813113,-0.2092341315740229,0.6132588649873059,-0.3411840309529874,0.7329650442817022,0.9999225138543825
RPF2,2.8181114140530936,-0.139443394590215,0.46988023051343486,-0.2967636975019063,0.766646922734743,0.9999225138543825
GTF3C6,10.73440510948717,-0.030848760990781744,0.35941602118663873,-0.08583023341289091,0.9316013723662162,0.9999225138543825
AMD1,40.79996422637461,0.6305188998916258,0.4661265852270252,1.352677405397364,0.17615871176278752,0.9999225138543825
CDC40,8.897111751666671,-0.4707009511772302,0.4326128074610955,-1.088042108461063,0.27657651867479727,0.9999225138543825
FIG4,2.497152741910137,-0.13571075297266746,0.682580570370826,-0.1988201230207004,0.8424034543361766,0.9999225138543825
AK9,1.3580706172455874,0.040051072385941404,0.6913783745419632,0.057929310288993584,0.953804936083917,0.9999225138543825
MICAL1,3.4428131736694345,0.4414818285830914,0.6465297831776036,0.6828484009093438,0.49470264183872403,0.9999225138543825
SMPD2,1.8206046686490713,0.8036023873607785,0.6118089457157226,1.3134858406175918,0.18901928904264098,0.9999225138543825
CD164,31.844889104245,-0.07741317914050194,0.3409992121717979,-0.22701864513839584,0.8204092439255362,0.9999225138543825
CEP57L1,1.0649122280333994,-0.9981434746530038,0.6691547269237534,-1.4916482459022318,0.13579138326399023,0.9999225138543825
SESN1,6.393437285492639,-0.07579621079757984,0.4001452056223902,-0.18942176423102605,0.8497622678506922,0.9999225138543825
SERINC1,16.346324276425882,-0.1855903788670766,0.37269665266042834,-0.4979663153459332,0.6185077844642999,0.9999225138543825
HSF2,1.510979087579879,0.46517651450331904,0.5732390319090597,0.8114878586584384,0.417085562534116,0.9999225138543825
MAN1A1,2.84096557611881,-0.6147366614694098,0.6498950412164969,-0.945901449438241,0.3441988541418005,0.9999225138543825
ASF1A,4.774812194598463,0.3015884766910108,0.4125387761951437,0.7310548585821908,0.46474564552297004,0.9999225138543825
MCM9,1.182230580236575,-0.3084935183023346,0.6540256640768186,-0.47168411768333984,0.6371522752287825,0.9999225138543825
CEP85L,4.978545655633818,0.24397566336985568,0.4194397357738536,0.5816703630134804,0.5607887379768988,0.9999225138543825
NUS1,2.498469259038295,1.1180248137578053,0.5081225544280207,2.2003054263480477,0.027785232555384655,0.9999225138543825
GOPC,7.554398374283091,0.33009787458965495,0.5133200064835121,0.6430645024942306,0.5201822467234458,0.9999225138543825
DCBLD1,1.3330060966475668,0.3507534327610844,0.6666851551629029,0.5261155585133415,0.5988079192072304,0.9999225138543825
KPNA5,2.62243381345164,-0.14259564481397513,0.4827272515227106,-0.29539588735496636,0.767691474627388,0.9999225138543825
ZUFSP,1.7436997836372694,0.402762822284692,0.6064530887462832,0.6641285694781787,0.5066080262034558,0.9999225138543825
RWDD1,18.62079486722537,0.03047694457384218,0.3156979047288114,0.09653831754132888,0.9230930430296318,0.9999225138543825
FAM26F,1.5065853989394664,0.23897166417647123,0.6656981435898195,0.35897901545556576,0.719610787663157,0.9999225138543825
TSPYL1,7.98912437955266,-0.08110599740684343,0.3795967002889617,-0.21366359967065796,0.8308093990580068,0.9999225138543825
TSPYL4,3.0509736676133787,0.4834799897251871,0.555202222097812,0.8708178218350333,0.38385363269239703,0.9999225138543825
NT5DC1,5.3037169817465015,0.111763439413737,0.48296713888426385,0.23141002858275103,0.8169962749056883,0.9999225138543825
SGK1,9.738518367140871,0.6989717008712348,0.5988433686006321,1.1672028739411127,0.2431284505737905,0.9999225138543825
TBPL1,17.29014962262049,-0.20160080700916588,0.3964838645268132,-0.5084716555862063,0.6111226120526239,0.9999225138543825
RPS12,1147.6493747949173,-0.051297603081395034,0.31885049137392385,-0.16088293563655534,0.8721856026081086,0.9999225138543825
VNN2,1.5181860563952734,-0.1516430505122383,0.6331881025593296,-0.23949131371752108,0.8107246311704126,0.9999225138543825
STX7,5.3788556719945495,-0.37374301263489745,0.41747791637659415,-0.8952401982809438,0.37065870042937643,0.9999225138543825
MED23,3.7550709866739655,-0.004541367458869647,0.4808880634015165,-0.009443710094916291,0.9924651215167418,0.9999225138543825
AKAP7,3.1477570195797875,0.23464910335153336,0.4980614733798252,0.47112478256793067,0.6375516284709103,0.9999225138543825
SAMD3,23.24401249556885,0.16703214067685926,0.37822492744696173,0.4416211850560328,0.6587633511986235,0.9999225138543825
ARHGAP18,4.9411836431898575,-0.44130791228814276,0.49293860414735796,-0.8952593864127938,0.3706484454384461,0.9999225138543825
THEMIS,2.7004694740220576,-0.45955562001041733,0.7134946608367956,-0.6440911827867706,0.5195163075994015,0.9999225138543825
ECHDC1,8.918885778414632,-0.44320397201933487,0.3815004641181478,-1.1617390113635038,0.24534149419777807,0.9999225138543825
RNF146,4.667879926580711,-0.31425199754367766,0.5395676020335453,-0.5824145044278259,0.5602875140181804,0.9999225138543825
TRMT11,1.6094299920787596,0.4346053326331527,0.5548707296905355,0.783255106780533,0.4334773202268227,0.9999225138543825
HINT3,3.5871384996909694,0.2887270281952785,0.4844934543491423,0.5959358699348125,0.551218069323406,0.9999225138543825
NCOA7,9.168229904304047,-0.05055390244068591,0.4402293093144918,-0.11483538549354315,0.9085756010091302,0.9999225138543825
HDDC2,8.00762343115239,0.026904416615413478,0.5027530111597494,0.05351418294512138,0.9573222304858046,0.9999225138543825
HIVEP2,3.5789234236229306,-0.5075714898665438,0.5638808698200098,-0.9001395809518418,0.36804597449434817,0.9999225138543825
VTA1,4.64182293392939,0.48502501720669633,0.44824494183611946,1.0820535201577888,0.2792287472051349,0.9999225138543825
CITED2,42.115262293792966,0.792890777969211,0.5129201475061095,1.545836680084334,0.12214401599843881,0.9999225138543825
HECA,9.003429477500818,-0.3115351610033371,0.5508386518514006,-0.5655651794881303,0.5716894041105572,0.9999225138543825
ABRACL,28.80856044377706,-0.01860983673646444,0.31134115484327546,-0.059773134540572884,0.9523363228381058,0.9999225138543825
REPS1,2.6409488979280558,0.1574047388620226,0.5347817887062571,0.2943345158458289,0.7685023003088121,0.9999225138543825
CCDC28A,6.2993708427879245,-0.5607405075920451,0.49033003513598106,-1.1435981225105605,0.2527903406672455,0.9999225138543825
HEBP2,3.5319559226765804,-0.3319778534820593,0.5886281295765181,-0.5639857098248041,0.5727638575025429,0.9999225138543825
PERP,7.434676122377395,0.29104505086463334,0.4103210450685272,0.7093105614800388,0.47813177581039723,0.9999225138543825
TNFAIP3,183.24234763680897,0.2942500301110458,0.5068203300125588,0.5805805582103513,0.5615231785567611,0.9999225138543825
RP11-356I2.4,4.714069911133881,-0.9858844679357253,0.4522436818097606,-2.1799850558231664,0.029258569319392403,0.9999225138543825
IFNGR1,16.68659968791356,-0.27840393845480393,0.5275949992449419,-0.5276849455609639,0.5977180237694204,0.9999225138543825
MAP3K5,1.5905157501002618,-0.2026892219903961,0.6186803566301408,-0.3276154153243428,0.7432024649315832,0.9999225138543825
BCLAF1,25.004297928305743,0.09936993878128694,0.3479168208422477,0.2856140687326619,0.7751737268490353,0.9999225138543825
AHI1,10.321223419928916,0.15307504405675762,0.5004569188971061,0.3058705720246618,0.7597031929160601,0.9999225138543825
HBS1L,6.138898086161721,0.4965716663929679,0.5015735188010446,0.9900276784547296,0.32216059051248835,0.9999225138543825
GINM1,3.876787942404228,0.39835430468692806,0.46063814208493303,0.8647879285113107,0.38715519795446374,0.9999225138543825
PPIL4,8.294349663097911,-0.13805666827931543,0.46194132192241605,-0.2988619154155305,0.7650454068347028,0.9999225138543825
TAB2,4.762841610777228,-0.1368947249735157,0.4967222951701268,-0.27559609525203504,0.7828583091015809,0.9999225138543825
STXBP5,1.6279767038066757,-0.39860641945046327,0.691041705146246,-0.5768196282250515,0.5640613086337805,0.9999225138543825
RAB32,1.0050497211390879,-0.07077262762347443,0.6844543257247772,-0.10340007355280051,0.9176454537737594,0.9999225138543825
SHPRH,3.3327140590610975,-0.6537223963236891,0.6073155861668378,-1.0764130070327271,0.28174258776714467,0.9999225138543825
UTRN,17.39708058657017,-0.09491449229163099,0.3882001980321473,-0.24449882502061737,0.8068445118620855,0.9999225138543825
STX11,10.0524955039722,0.5478398674563323,0.506761394290758,1.081060778560423,0.27967007863138726,0.9999225138543825
SF3B5,25.515206578820358,-0.03745356063672881,0.3824362065238472,-0.09793413907423369,0.9219845912159331,0.9999225138543825
PLAGL1,1.18672901664886,-0.7881726124975756,0.7108850173478162,-1.1087202476683298,0.267550884375908,0.9999225138543825
LTV1,3.007214166820469,0.052740080162629654,0.4915219902204647,0.10729953331075563,0.9145513547701796,0.9999225138543825
PHACTR2,4.084838570909757,-0.06471607384234777,0.7218596147940893,-0.08965188315848374,0.9285638535696816,0.9999225138543825
FUCA2,2.7003721708322947,-0.1325091355213975,0.5271093569726069,-0.2513883196504968,0.801513897386919,0.9999225138543825
PEX3,2.292912394732934,-0.2230248206150503,0.5253773079100773,-0.42450409878232287,0.6711982167471305,0.9999225138543825
ADAT2,2.283226472520419,-0.9886107673188648,0.6658624160577941,-1.4847072660623895,0.1376213861077328,0.9999225138543825
AIG1,4.284074013592202,-1.0491722627084783,0.5449871485700065,-1.9251321163469717,0.054212831961731926,0.9999225138543825
GTF2H5,7.336000176383105,-0.3240127805709773,0.5261070821200257,-0.6158685020268503,0.5379813116324736,0.9999225138543825
SNX9,5.8464780687368325,0.6774037379497253,0.5006274905156305,1.353109349332816,0.17602069926988673,0.9999225138543825
TMEM242,3.1070861560829894,-0.40046216200838297,0.5685485194991232,-0.7043588159567805,0.481209346790218,0.9999225138543825
ARID1B,3.7939278380303567,-0.8072727293884283,0.4771301483128408,-1.6919340189317116,0.09065855478322095,0.9999225138543825
TFB1M,2.1276478457786085,0.6677472643008068,0.559635852524035,1.193181711445352,0.2327982155500905,0.9999225138543825
SCAF8,2.4577112182867435,0.5584721754368199,0.5236124639990355,1.0665754042055204,0.2861636119926445,0.9999225138543825
IPCEF1,3.951922522350098,-0.20985430064077662,0.595419938538634,-0.35244755349616186,0.7245026443703504,0.9999225138543825
MTRF1L,2.4350268524175274,0.2976030902262173,0.5320989780942994,0.5593002476570733,0.5759568263673438,0.9999225138543825
SYNE1,11.920686090729058,0.033002781106146406,0.47149352366236225,0.06999625540939515,0.9441966400793482,0.9999225138543825
ARMT1,3.60401466415773,-0.880338457850917,0.684890937354863,-1.2853702828232736,0.19866292065221192,0.9999225138543825
RMND1,1.3921620190537753,-0.13861695121320577,0.6589631823180498,-0.2103561396641156,0.8333897222125952,0.9999225138543825
ZBTB2,2.6370094850156978,0.6362164141833019,0.5002943721156798,1.2716841316699714,0.20348537089166818,0.9999225138543825
ULBP2,3.6351931692755977,-0.28473524726208016,0.5020909350547831,-0.5670989603327785,0.5706469492218622,0.9999225138543825
PCMT1,13.049230358692908,-0.27280581033965384,0.344044812496448,-0.7929368513366856,0.427814615533067,0.9999225138543825
LATS1,2.909525923419182,0.4413306074610799,0.5125927925178697,0.8609770053403442,0.38925070778325455,0.9999225138543825
KATNA1,4.901007589478949,-0.09315423018643848,0.5053082246111843,-0.18435130411367667,0.8537378686915843,0.9999225138543825
QKI,5.097062133145206,-0.3902455972572276,0.5558947444089172,-0.702013467805269,0.48267076452060154,0.9999225138543825
AGPAT4,4.159640039340643,0.29234703761108116,0.5440313281719109,0.5373716962099306,0.5910108901491016,0.9999225138543825
MAP3K4,3.228239381873756,0.11646829301846894,0.44946662935773923,0.2591255621911133,0.7955383624333465,0.9999225138543825
IGF2R,5.172538196425966,0.038848808211491316,0.5530354194708808,0.07024651015781248,0.9439974559772331,0.9999225138543825
MRPL18,40.130752826196364,-0.21306139914608063,0.5502844821385944,-0.38718409488497824,0.698619924105345,0.9999225138543825
TCP1,28.95410317874797,0.04868904152760532,0.4266742046348534,0.11411292503439074,0.9091482764586105,0.9999225138543825
ACAT2,4.953697885634739,-0.5893085749598538,0.47078403110182515,-1.2517599069378655,0.21065736350410147,0.9999225138543825
WTAP,17.633443126517655,0.12282828760910863,0.29324824565147334,0.41885429642123256,0.675322620420076,0.9999225138543825
SOD2,14.54958532244357,0.2789957922951878,0.5668173109914153,0.4922146640285185,0.6225675990724437,0.9999225138543825
TAGAP,56.863419441482094,0.7993504126164799,0.3967319080286942,2.014837718973352,0.0439216554662431,0.9999225138543825
RSPH3,0.9573472839627372,-0.3502878034318723,0.7127775627647932,-0.49144055836036815,0.6231148841407379,0.9999225138543825
EZR,79.54126997040753,0.5038070119302765,0.43773862864493246,1.1509311241045048,0.24976057213569536,0.9999225138543825
SYTL3,54.37488810981689,-1.0653450041527053,0.47023412074944865,-2.265562955012244,0.02347815539144333,0.9999225138543825
DYNLT1,21.802871524084285,-0.5758849541797666,0.39511613679381663,-1.4575080604219426,0.1449761880123694,0.9999225138543825
TMEM181,3.367509601103448,-0.31155408428274173,0.6093843593084173,-0.5112603884949075,0.6091687380585001,0.9999225138543825
TULP4,2.9509638584041498,-0.2647330826401803,0.5244083015506134,-0.5048224481904575,0.6136835475220594,0.9999225138543825
C7orf50,10.18109110771048,-0.6019808176289172,0.5038262476282812,-1.1948182939310728,0.23215803119605294,0.9999225138543825
COX19,5.981057507633627,0.08523017819182996,0.41056599131380217,0.20759190969299543,0.835547621887964,0.9999225138543825
ADAP1,2.14627011156035,0.052965700546651305,0.8059714440069475,0.06571659695947582,0.9476034585140738,0.9999225138543825
SUN1,3.101357606735655,-0.47184772347425225,0.49535778583159873,-0.9525392291596302,0.3408235806095474,0.9999225138543825
PRKAR1B,2.1633437236093376,0.24285603819699922,0.6158869798721298,0.3943191626610143,0.6933454172792641,0.9999225138543825
PDCD2,9.663553496455906,0.4748311915816114,0.496096346932029,0.9571350293507984,0.33849910496938396,0.9999225138543825
TBP,2.5894502152896863,0.4479521645008347,0.7269135315428985,0.6162385828064599,0.5377370673296831,0.9999225138543825
PSMB1,35.62666802134337,-0.5686248582612193,0.34957871897322423,-1.626600326047802,0.10382201004030338,0.9999225138543825
FAM120B,2.4733755695773127,-0.31383832918493026,0.7055588579506147,-0.44480814838965177,0.6564584052713789,0.9999225138543825
ERMARD,1.393712905098067,-1.0511097234335889,0.6539117312403305,-1.607418361251692,0.10796262491585078,0.9999225138543825
C6orf120,1.5391911687509758,0.5641417847957546,0.58212768497189,0.9691031699050631,0.33249371628317237,0.9999225138543825
FGFR1OP,1.6617055704152148,0.5126678500917796,0.5952608247288785,0.8612491008883085,0.38910086238484254,0.9999225138543825
RNASET2,11.807137028552313,0.2825442080017189,0.4587991216656384,0.6158342391240021,0.5380039271301977,0.9999225138543825
RPS6KA2,1.0879007425431895,-0.6128257225032532,0.7616621980386221,-0.8045899141133144,0.42105636423275494,0.9999225138543825
MPC1,8.129910886261841,-0.04787138488158714,0.383100868288272,-0.12495765174190455,0.9005570765015614,0.9999225138543825
SFT2D1,13.498611814607328,-0.384199534075292,0.5126682681516864,-0.7494115745849447,0.45360917678216994,0.9999225138543825
ACTB,1161.8306545910755,-0.36679963754934725,0.42776250524895953,-0.8574843120854371,0.3911772812068125,0.9999225138543825
TNRC18,1.520120989556397,-0.44147576266677463,0.7070130632236915,-0.6244237704093119,0.5323493183075336,0.9999225138543825
WIPI2,5.183653873344668,0.224359599640846,0.4567957408359019,0.491159569986981,0.6233135916738768,0.9999225138543825
RBAK-RBAKDN,1.3727540168596957,-0.6364248815857715,0.7143774786955959,-0.890880382662454,0.3729933455872909,0.9999225138543825
AP5Z1,2.079676355817403,0.41428928483278554,0.580481531123183,0.7136993386011276,0.4754131154830028,0.9999225138543825
CARD11,3.7359468372932096,-0.20704761987502443,0.522001718493508,-0.39664164415504594,0.6916317386474525,0.9999225138543825
BRAT1,2.4247623581427984,-0.29692935323556074,0.5193632288228894,-0.571718090070674,0.5675129768407692,0.9999225138543825
LFNG,3.134806612286203,0.035512243314568516,0.9105421444918889,0.03900120771936972,0.9688894257269508,0.9999225138543825
CHST12,19.19122014145351,0.21358011591113,0.4713859013753787,0.45308974088524917,0.6504841224035907,0.9999225138543825
EIF3B,2.8267125976629655,0.03664084375481925,0.6670292262538466,0.05493139177813942,0.9561931226045568,0.9999225138543825
NUDT1,4.873082876573374,-0.4091315526444555,0.48422243023818873,-0.8449248260622787,0.3981528122930744,0.9999225138543825
MAD1L1,4.445514246320517,0.1408037571089557,0.5469814110726304,0.2574196385080794,0.7968548442391904,0.9999225138543825
PSMG3,2.9052910079465293,-0.028306061429546097,0.49028261172038345,-0.05773417362329286,0.953960372469722,0.9999225138543825
MAFK,1.3133543291462308,-0.927161846314584,0.6849777075332361,-1.3535649936017762,0.17587520156713332,0.9999225138543825
INTS1,1.0385762938805785,0.5728230396717775,0.6954097705523758,0.823720148793386,0.41009858814066513,0.9999225138543825
ZFAND2A,35.05137771406725,-0.22042299635337437,0.7248756128870567,-0.30408389030425087,0.7610639797447166,0.9999225138543825
MIOS,1.88967371412592,0.26608844021415057,0.546711558716711,0.48670717853256396,0.626465857341648,0.9999225138543825
C1GALT1,7.589495946951371,0.09834312358278743,0.38822957722624424,0.25331177569059116,0.8000272971115179,0.9999225138543825
CCZ1B,1.8378203739579848,-0.4637693719406353,0.7540795835838617,-0.615013828827603,0.5385455878546082,0.9999225138543825
ZNF12,2.018394707900114,-1.2238669781527027,0.670925223515094,-1.8241481095920806,0.06812968394895977,0.9999225138543825
C7orf26,2.167864624939341,0.09980821835195745,0.5693400441844105,0.17530510873327812,0.8608398977446348,0.9999225138543825
ZDHHC4,3.7611964814853605,-0.4612496920293661,0.5480807790790905,-0.8415724645633044,0.4000273074915772,0.9999225138543825
KDELR2,12.747223728492202,0.27007319708462296,0.45223638494257984,0.5971947549485962,0.5503773606312262,0.9999225138543825
RAC1,23.13603954282969,-0.07663226407330326,0.3606888331749841,-0.21246087215604473,0.8317475004313162,0.9999225138543825
FAM220A,1.3455768505129526,0.47820477479358076,0.6491633742882938,0.7366478050580989,0.4613365554897817,0.9999225138543825
CYTH3,1.6454927251577531,0.5228448314125224,0.6402856744283391,0.8165805550457295,0.4141681711066889,0.9999225138543825
USP42,3.1960880143666937,0.18276777012542578,0.5877789252230512,0.31094644990217846,0.7558413316448018,0.9999225138543825
EIF2AK1,5.179303909623259,0.6227750947717711,0.3970340956072205,1.5685682959275933,0.11674856466080391,0.9999225138543825
PMS2,3.021508740393914,0.1814566942374062,0.5524074021304011,0.3284834590152208,0.7425461488850154,0.9999225138543825
CCZ1,3.539480038723586,0.23564200575884386,0.8526887013310532,0.2763517393757006,0.7822779202264054,0.9999225138543825
RNF216,6.696104858631037,0.07805881930000438,0.4522432446547282,0.1726036159138199,0.8629630094725289,0.9999225138543825
FSCN1,2.335554381307102,0.2582830854975138,0.6834891401433212,0.37788908459226467,0.705512991502842,0.9999225138543825
FAM126A,5.07718156560508,-0.044822319994955895,0.5099529947614876,-0.08789500298144134,0.9299601282774776,0.9999225138543825
TOMM7,91.55830445483389,-0.285732414793677,0.27838743042792563,-1.0263840373628255,0.3047105991904926,0.9999225138543825
SP4,2.835238079658406,0.6079802852147517,0.5070290672463759,1.19910341337358,0.230487737023643,0.9999225138543825
TWISTNB,10.131284468434878,0.16560523617577105,0.5020364974855257,0.32986692602074347,0.7415005152050285,0.9999225138543825
SNX13,2.084843205572126,0.8277966294113083,0.602690376070654,1.3735023193970246,0.16959624067082935,0.9999225138543825
AHR,8.959077154605291,0.5208709180729172,0.7034731755985942,0.7404275474039241,0.45904060877121144,0.9999225138543825
TSPAN13,1.0845696102379392,-0.7370799841214374,0.7158129874760826,-1.0297102693265472,0.30314603342443147,0.9999225138543825
BZW2,5.64814497393135,0.31338440270111045,0.40690402043849944,0.7701678699645,0.4412003204192714,0.9999225138543825
ANKMY2,1.6434886551264478,-0.15262729329374125,0.6709735657873372,-0.22747139541129993,0.8200572094230685,0.9999225138543825
ARL4A,27.065638049047227,0.6149314230542092,0.41736752534251803,1.4733571390096962,0.14065476101824015,0.9999225138543825
TMEM106B,6.42496298524215,0.3449054755486237,0.4206447643988199,0.8199447722630238,0.41224759171059144,0.9999225138543825
PHF14,6.620363869778075,0.02042422500681439,0.461936051841384,0.044214399212615475,0.9647335043663074,0.9999225138543825
NDUFA4,52.72537771869476,-0.27714134510278005,0.30261880388329965,-0.9158100605329714,0.3597665258760264,0.9999225138543825
GLCCI1,5.502140305431589,-0.2235115508008033,0.5530686268160313,-0.40412986736843154,0.6861172228194667,0.9999225138543825
UMAD1,4.016193865513535,-0.12885306318859516,0.5349398553514014,-0.24087392610511643,0.809652831178029,0.9999225138543825
RPA3,8.715102988857833,-0.44223721927382426,0.45442743779705846,-0.9731745543747774,0.33046655512626366,0.9999225138543825
TAX1BP1,20.323630339649988,0.23066251275883243,0.47096528912065133,0.48976542027015835,0.6242999027942331,0.9999225138543825
HIBADH,3.026821288896641,-0.10751634389214039,0.5963436534660237,-0.18029259348572252,0.8569228699404643,0.9999225138543825
HOXA10,1.310900996625363,-0.27877017611527544,0.6748178178797675,-0.4131043501357933,0.6795301623920935,0.9999225138543825
HOTAIRM1,5.569152251036547,-0.20842158812665676,0.4164570443062502,-0.5004635915664563,0.6167486862605188,0.9999225138543825
SKAP2,7.502508757062179,0.06102661618469991,0.4611766578819224,0.13232806808779313,0.8947248074621018,0.9999225138543825
SNX10,4.617058137901746,0.2943080383317946,0.4129788035974544,0.7126468374843457,0.47606432102464946,0.9999225138543825
CBX3,18.75946430131836,0.14173051849786394,0.2772694245170817,0.5111653358271113,0.6092352891860563,0.9999225138543825
HNRNPA2B1,133.70784717445758,-0.06927354062903396,0.28609416820175504,-0.24213545163976188,0.8086752089388499,0.9999225138543825
CYCS,69.98081774136267,-0.17344864479414251,0.33147522132660723,-0.523262776927875,0.6007914005475101,0.9999225138543825
OSBPL3,3.3497164061819378,0.07971451957885255,0.5993859962794909,0.13299363027107167,0.8941984180580774,0.9999225138543825
FAM221A,1.7437646691596151,0.04507587479320612,0.6797327937235552,0.06631410932269705,0.9471277503363134,0.9999225138543825
CCDC126,2.3838387536864567,0.456606659081779,0.5412907993905186,0.8435514876585892,0.3989200828128413,0.9999225138543825
TRA2A,19.650943535341654,-0.20860147730803386,0.3276356589233815,-0.636687343476297,0.5243285192797337,0.9999225138543825
MALSU1,3.8861752183974647,0.0022667233447895133,0.5287951240451078,0.004286581403114744,0.9965798133540296,0.9999225138543825
NUPL2,5.1768072917889105,-0.034112559422480204,0.39939926018964295,-0.08540967103014378,0.9319357048887204,0.9999225138543825
KLHL7,3.217119798242901,0.702950637806474,0.6003551156410851,1.1708913932645233,0.24164243509140138,0.9999225138543825
ELMO1,4.688436200969077,0.08623806905167608,0.5404161791856048,0.15957714142021975,0.8732141867078247,0.9999225138543825
AOAH,17.35459519592639,-0.3139359784778161,0.3912716734658566,-0.8023478308485601,0.4223517815826723,0.9999225138543825
SEPT7,64.71188589030774,-0.22421352723949597,0.2853852735540085,-0.7856520571201236,0.432071357783006,0.9999225138543825
HERPUD2,15.15609595698802,0.7299285933859839,0.4370583921088191,1.6700939887323931,0.09490076930606002,0.9999225138543825
DPY19L1,1.6074094987546628,-0.5481794436892253,0.6296529540261557,-0.870605688711585,0.38396948928839236,0.9999225138543825
BBS9,1.1094704609455024,0.5323437329540216,0.6839152011424596,0.778376810553059,0.4363469054702773,0.9999225138543825
RP9,2.112580324725168,-0.28097024464561465,0.5509936649431595,-0.5099337116237072,0.6100979031397438,0.9999225138543825
NT5C3A,15.070212722726861,-0.22522647262384582,0.35607687129670107,-0.6325220500945591,0.5270458046815498,0.9999225138543825
KBTBD2,4.527037221267707,0.44945933055791465,0.4575016759608093,0.982421167341071,0.3258924024178528,0.9999225138543825
AVL9,2.2622235137793414,0.2952726910333798,0.564136276153351,0.5234066723146071,0.6006912819373962,0.9999225138543825
LSM5,11.558100330415225,-0.12806594528422496,0.37418152498278273,-0.3422561958132959,0.7321580977547819,0.9999225138543825
GARS,4.745894567647091,-0.04950126495714295,0.4914715181317767,-0.10072051610500515,0.9197723246957097,0.9999225138543825
GGCT,4.414705438688552,-0.2549529661634129,0.5065410944304624,-0.5033213868858426,0.6147383322772898,0.9999225138543825
NOD1,1.1120726628254114,-0.5302298060820645,0.7864360148895364,-0.6742186217864667,0.5001723322684262,0.9999225138543825
CHN2,2.166473496124503,0.4735058744268048,0.5319648029463343,0.8901075255435144,0.37340815247988857,0.9999225138543825
JAZF1,7.911307048223209,-0.018978461600957012,0.3773287388207895,-0.05029688875612187,0.9598858030466428,0.9999225138543825
YKT6,1.9915794261744124,0.8607497160354229,0.5671385344738606,1.5177062811186828,0.12908845993305526,0.9999225138543825
POLD2,2.7072166931138866,0.15650168107129292,0.5087359532419454,0.3076285056599167,0.758365027023718,0.9999225138543825
POLM,2.581686314450222,0.07689881342312595,0.5250940564004253,0.14644769348614486,0.8835679791722064,0.9999225138543825
DBNL,10.071183462815139,-0.4992254416549454,0.5457425383881706,-0.9147636596725416,0.36031571640290216,0.9999225138543825
URGCP,1.3814017462677024,0.24688091336415507,0.666151717797203,0.3706076360210081,0.7109297937607039,0.9999225138543825
BLVRA,3.667283213292927,-0.39237995713466933,0.5588554330391906,-0.7021135233504173,0.4826083693701957,0.9999225138543825
COA1,8.241811897900739,-0.3514233223382465,0.4543300680187329,-0.773497831369058,0.43922781168926284,0.9999225138543825
STK17A,47.33586260712368,0.7455046572145699,0.37557109799749805,1.98498942327968,0.047145648254927154,0.9999225138543825
MRPL32,7.274654032532141,-0.03338940904133857,0.36446624601449285,-0.09161180056166533,0.9270064753883958,0.9999225138543825
MPLKIP,6.172866925101421,0.30798996667190226,0.4841211724299226,0.6361836337915677,0.52465673912874,0.9999225138543825
CDK13,5.124056866144584,-0.09517419868570422,0.502883754750907,-0.18925685665238237,0.8498915075929367,0.9999225138543825
RALA,11.003425029438143,0.6194496908244537,0.43324828386895287,1.4297799065531263,0.15278019783702826,0.9999225138543825
VPS41,1.9532498808012055,0.7114800731008256,0.5488373611211469,1.2963404525658342,0.1948582176038799,0.9999225138543825
TRG-AS1,13.353172036375863,0.014213398773285698,0.5112020185547539,0.02780387842260315,0.9778185726259588,0.9999225138543825
STARD3NL,19.119815675951717,-0.17341756062945576,0.3534772442846664,-0.4906045960056119,0.623706135135029,0.9999225138543825
GPR141,1.873011876399764,-1.0185216915973239,0.8301631323555053,-1.2268934284125217,0.21986264884100604,0.9999225138543825
FIGNL1,1.0975462743439606,-0.4640405556167995,0.6882934735314585,-0.6741899690489953,0.5001905461115961,0.9999225138543825
IKZF1,17.906600890464794,-0.4881980313158816,0.29250646897546023,-1.6690161862944606,0.09511417203062592,0.9999225138543825
UPP1,14.781938891947684,0.4567999331873253,0.3696310550604359,1.2358267167585175,0.21652298180331908,0.9999225138543825
HUS1,3.1707085434436935,-0.08427647313987968,0.4932052023228354,-0.17087506932807078,0.8643220001253928,0.9999225138543825
TBRG4,2.639222755722637,0.00392045895206819,0.5245678409368092,0.007473692907035182,0.9940369113298116,0.9999225138543825
CCM2,5.883685881397147,-0.057589399964313635,0.5238154027034546,-0.10994216601323668,0.9124552415728595,0.9999225138543825
SNHG15,17.017610238465718,0.28397183253150127,0.3554826297105267,0.7988346231227742,0.4243863115307567,0.9999225138543825
MYO1G,12.715116430188134,-0.5657085787049613,0.583111318958426,-0.9701553722459887,0.3319690518428142,0.9999225138543825
PURB,1.9250694666371189,-0.3569776306968835,0.6514889263433308,-0.5479412101453869,0.5837322710229247,0.9999225138543825
H2AFV,23.47456439711204,0.4487809519407044,0.336756359766078,1.3326576883431165,0.18264416446207,0.9999225138543825
PPIA,149.0762560602665,0.0022213543345830583,0.24770634595703778,0.008967692474735106,0.9928449125299454,0.9999225138543825
ZMIZ2,1.5579759300772866,-0.40271370717104515,0.6000882451227483,-0.6710908111334024,0.5021626803291261,0.9999225138543825
OGDH,3.4984966197849237,0.4376286427703987,0.5094792048687037,0.8589725323198983,0.39035567039155816,0.9999225138543825
TMED4,10.496148915822117,0.23222698458714894,0.37552716997385216,0.6184026167888701,0.5363099733001225,0.9999225138543825
DDX56,3.0664145211456293,0.21895907097902126,0.48546076104883035,0.45103350990915025,0.651965397597573,0.9999225138543825
NUDCD3,3.32269816893158,-0.04730022865229596,0.4325584136647309,-0.10934992167082803,0.9129249521894692,0.9999225138543825
KCTD7,1.6646251771252674,-0.06661015764784828,0.5910196213248544,-0.1127038007613557,0.9102653878801079,0.9999225138543825
GS1-124K5.4,1.2242177544295096,-0.6090090672377648,0.7575168385995237,-0.8039544947458647,0.4214232560226284,0.9999225138543825
CRCP,4.329596768261632,-0.25554602594372794,0.5132383539603568,-0.49790905915707667,0.6185481418095251,0.9999225138543825
ASL,4.994944917297455,-0.1555123432535658,0.4392032680737678,-0.35407829257647105,0.7232802096535651,0.9999225138543825
GUSB,7.715066767058202,-0.6963481878650554,0.4506871702590937,-1.5450810092169576,0.12232666989397831,0.9999225138543825
VKORC1L1,1.3251110837097932,-0.9859537246276431,0.6654381968050362,-1.4816608504914444,0.1384305589890723,0.9999225138543825
ZNF92,4.525720394240041,0.0549522959285029,0.5268728177577148,0.10429897705175027,0.9169320896816847,0.9999225138543825
ERV3-1,2.0797403494621998,0.1432831026164323,0.6852933981847952,0.20908285851864397,0.8343835558993266,0.9999225138543825
ZNF107,1.3553736209125151,0.371063854737094,0.6280233709415124,0.5908440225414017,0.5546249354479584,0.9999225138543825
ZNF736,1.020791761610823,-0.3285952039655507,0.7035626038194011,-0.46704472662662794,0.6404678784940507,0.9999225138543825
CHCHD2,87.24537071594575,0.24322399098927572,0.3324538974953101,0.73160216445562,0.46441142675402325,0.9999225138543825
SUMF2,7.851848281147763,-0.25693552124925734,0.3977927737595266,-0.6459029379065085,0.5183422168492081,0.9999225138543825
CCT6A,13.33512590257458,0.4344484091261414,0.3387194978736563,1.2826200199676498,0.19962523277243216,0.9999225138543825
GBAS,3.560818178024861,0.257268278550794,0.5379250550127915,0.4782604493941564,0.6324648426127848,0.9999225138543825
VOPP1,9.47531078291309,0.14367111317567266,0.3454475964734879,0.4158984304489118,0.6774843280818721,0.9999225138543825
SEC61G,35.765610962318725,-0.34743665999994067,0.3509439770628403,-0.9900060485657756,0.3221711626082886,0.9999225138543825
GTF2I,7.193619384407721,-0.2485202215272514,0.4109486137470442,-0.604747681860355,0.5453466609062232,0.9999225138543825
RFC2,2.3959569902553226,-0.16816857355457665,0.5577119589698519,-0.3015330240814637,0.7630080715248324,0.9999225138543825
LAT2,14.963864041374773,0.3571427819326976,0.3241026186756965,1.1019435245293767,0.2704862248599811,0.9999225138543825
EIF4H,15.985478004488678,0.12341764415016455,0.3166958367428883,0.3897040309069867,0.696755415491028,0.9999225138543825
LIMK1,2.0439716044837564,0.474569292131847,0.6788245186124706,0.6991045242471133,0.48448671133258114,0.9999225138543825
WBSCR22,11.574686480327102,-0.49722102843806193,0.34650701224801894,-1.4349522833961195,0.15130069542218075,0.9999225138543825
BCL7B,8.067548161559152,0.8377815748229921,0.3581477147166827,2.3392068143886657,0.01932473258938609,0.9999225138543825
BAZ1B,7.379341152989649,0.07173638369057624,0.44547628649142756,0.16103300190358547,0.8720674080706716,0.9999225138543825
NSUN5,2.8992461589550773,0.5439531484761282,0.49234497497885005,1.1048211642649448,0.2692370879443916,0.9999225138543825
POM121,2.7308286231755408,0.31539862812614183,0.6432558122005185,0.4903160175843454,0.6239102942901045,0.9999225138543825
AUTS2,4.616084062823108,-0.3595132683920839,0.47208575885071913,-0.7615422868660768,0.4463332313506816,0.9999225138543825
TYW1,3.244655467524276,-0.08636605569545225,0.5604291039859789,-0.15410701385988868,0.8775253580863638,0.9999225138543825
SBDS,20.21154943309393,0.4929002060912904,0.37326594488297865,1.3205067669535668,0.18666587821986302,0.9999225138543825
TMEM248,6.843422752107309,0.259987509797514,0.4132787409461692,0.62908512836226,0.5292933260443016,0.9999225138543825
RP11-792A8.4,2.4807912571735873,-0.5802328187632521,0.6360231848303559,-0.9122824963024191,0.36162002612068667,0.9999225138543825
RABGEF1,2.3955924133899615,0.22139368410187565,0.5535534198861145,0.39994998883291905,0.6891933523868087,0.9999225138543825
FGL2,3.458850853197113,-1.6608895316762724,0.5200375636264217,-3.193787618137143,0.00140419381027847,0.9999225138543825
CCDC146,1.5135540684659439,-0.37318160377457066,0.6905395653028814,-0.5404203068522039,0.5889072065938998,0.9999225138543825
DTX2,1.7127809113570431,0.9445862708247713,0.6811401821080485,1.3867722028986575,0.16551123578190852,0.9999225138543825
YWHAG,5.176564090203072,-0.6121368821494989,0.37560853135884104,-1.6297203898297197,0.10316060596317171,0.9999225138543825
HSPB1,62.58336792381075,0.06239582663120775,0.5678332428794439,0.10988406792600366,0.9125013179753281,0.9999225138543825
MDH2,16.017415551776796,0.06763017758068605,0.331494957234702,0.2040157055324469,0.8383412257831433,0.9999225138543825
STYXL1,3.1106666794676245,-0.02139492617918714,0.5976789148368628,-0.03579668890448798,0.9714444732480855,0.9999225138543825
TMEM120A,3.8827972737108807,-0.2981629714503828,0.4559384038907684,-0.6539545011036518,0.5131411192736892,0.9999225138543825
POR,4.0750927237159,0.04877383424266747,0.4345932391429825,0.11222869996516613,0.9106420736330797,0.9999225138543825
RHBDD2,7.357155929370366,0.373571801727824,0.5447932465902074,0.6857129820642289,0.4928941186780518,0.9999225138543825
HIP1,4.019301142254018,-0.5308668000092818,0.6226820428194135,-0.8525487544262466,0.3939095912079067,0.9999225138543825
POM121C,2.727537452616018,0.050535905500050944,0.518622579537333,0.09744254780641134,0.9223749572102111,0.9999225138543825
TRIM73,1.525269466047032,0.15864829516572562,0.7221343637156551,0.2196935960081168,0.8261097924752208,0.9999225138543825
GTF2IRD2B,1.541866679050946,0.463229829052862,0.6452169953095467,0.7179442457659143,0.4727916649256828,0.9999225138543825
WBSCR16,1.3154845195707223,-0.1076517612199182,0.6580039243666826,-0.16360352458920538,0.8700432698744737,0.9999225138543825
NCF1,7.25490144443076,0.6365552016784979,0.6224598444954623,1.02264460480091,0.3064759117420143,0.9999225138543825
AKAP9,18.155823583352614,-0.010494898347184742,0.48346198775556587,-0.02170780456992385,0.9826810380942927,0.9999225138543825
MTERF1,1.912830191796241,-0.36031652712840684,0.7374580191499268,-0.48859259479440786,0.6251301567344864,0.9999225138543825
GTPBP10,2.24366936803354,0.17641441636981198,0.5685474233847674,0.3102897121924385,0.7563406538302464,0.9999225138543825
SRI,19.17236636284558,-0.22665104777782114,0.3193012967953934,-0.7098344104848967,0.47780682768046834,0.9999225138543825
DBF4,10.247623990265618,-0.4096420910794034,0.38354417273793734,-1.0680441007750572,0.28550061914316793,0.9999225138543825
SLC25A40,2.434339207930492,0.34640620292480373,0.6020852233309918,0.5753441365133279,0.5650585770885278,0.9999225138543825
ABCB1,4.977523186399858,0.21615137470249376,0.5646835124900701,0.38278322267518794,0.701880502176137,0.9999225138543825
TP53TG1,4.534001635562301,0.39528314118590047,0.48897394064476446,0.8083930621428973,0.418864344592356,0.9999225138543825
TMEM243,16.56053717618459,0.4860236764580049,0.4394556239838225,1.105967587926231,0.2687405485561729,0.9999225138543825
DMTF1,4.049542207883565,-0.1457609380284393,0.46936407519859913,-0.31054983909189127,0.7561428653826499,0.9999225138543825
PHTF2,3.4910802686016345,0.5098654218459099,0.5489752275159238,0.9287585236824198,0.35301424367670975,0.9999225138543825
TMEM60,2.5186984440953646,-0.8258823963169091,0.5299474909505658,-1.5584230710018558,0.1191329911036457,0.9999225138543825
RSBN1L,10.94094701824094,-0.20895533703416566,0.45973711109223003,-0.4545104843455767,0.6494614475424254,0.9999225138543825
APTR,1.218407717653026,-0.7629758169324584,0.6903214821612635,-1.1052471010227412,0.26905253261418416,0.9999225138543825
PTPN12,6.468019940113877,-0.4073026266754535,0.7183443932186511,-0.5670018872848333,0.5707128993829811,0.9999225138543825
GSAP,4.171442988297945,-0.2480691967538542,0.5546347299311744,-0.4472658911652315,0.6546830913009201,0.9999225138543825
SDHAF3,2.73007548304645,0.00040930916176476815,0.5591612492817043,0.000732005592824189,0.9994159440912236,0.9999225138543825
SHFM1,24.93561232419895,-0.39701010374176054,0.40010040322874585,-0.992276190021187,0.32106281481813603,0.9999225138543825
SLC25A13,1.6000096139482618,-0.16349673363518077,0.6099642832950606,-0.26804312664335433,0.7886661226516435,0.9999225138543825
PON2,2.4624102512153616,-0.49680784517042265,0.6792572453397975,-0.7313986690298684,0.4645356780062807,0.9999225138543825
PPP1R9A,1.427484849176855,-0.6405356029429772,0.6837849368013939,-0.9367500927108335,0.34888712248344733,0.9999225138543825
BET1,3.452715962958949,-0.6599304356082076,0.48176365796885223,-1.3698219545876882,0.17074248697011174,0.9999225138543825
GNG11,0.8224339027504615,-2.1285827531291837,1.009308172546345,-2.108952261586333,0.03494870246406668,0.9999225138543825
VPS50,2.235605320211376,-0.33106195840919767,0.5619457465652805,-0.58913509076759,0.5557706553916342,0.9999225138543825
SAMD9L,10.558783428998403,-0.19045601928300024,0.4763593416302939,-0.3998158588245228,0.6892921491666826,0.9999225138543825
SAMD9,14.671960933070656,-0.5314593543169208,0.3884532164353624,-1.3681424990989985,0.17126747606323034,0.9999225138543825
CDK6,6.3426585390975525,-0.40581187872107444,0.4207926740826255,-0.9643986307646375,0.3348461084473684,0.9999225138543825
FAM133B,25.666940913544302,-0.15486836048999322,0.5881321153879387,-0.26332240059334333,0.7923020955799527,0.9999225138543825
RBM48,3.0132162895702694,0.09646823144078322,0.4554089465797002,0.2118277037930358,0.8322414544311163,0.9999225138543825
GATAD1,3.0300220296651754,0.09891399471198373,0.6595594944972487,0.14996978367718172,0.8807884547431526,0.9999225138543825
ANKIB1,2.4958265290896713,0.6309241607100755,0.4835992188167488,1.3046426382858838,0.19201456224524804,0.9999225138543825
KRIT1,5.945979836723356,-0.3782570532774694,0.3736713605464103,-1.0122719940975768,0.31140802158044445,0.9999225138543825
MCM7,3.972710987021743,-0.6340999535199217,0.520963280951752,-1.2171682279823623,0.2235402159362242,0.9999225138543825
COPS6,12.719091273985214,-0.09963181107858408,0.3968948386534281,-0.2510282356319161,0.8017922790976482,0.9999225138543825
ZNF3,1.6068949390667735,-0.24712879700289425,0.5596872424109953,-0.44154802589089587,0.6588163011724251,0.9999225138543825
ZKSCAN1,5.478942134549021,-0.9150663473926055,0.4848963899120082,-1.8871378843605295,0.05914178233403039,0.9999225138543825
TRIM4,5.00653536862976,0.31775199132702986,0.3921877760549457,0.8102037103841621,0.41782310534609723,0.9999225138543825
ZNF655,8.445929257585954,-0.2966147242453401,0.3897808082239378,-0.7609782677522908,0.44667004781896213,0.9999225138543825
FAM200A,1.11369888629531,-0.9312887505110804,0.7189571604013343,-1.295332742762057,0.19520546863335264,0.9999225138543825
ZNF394,9.11645397368215,0.4519086937623771,0.43322764078526144,1.043120639632445,0.2968924226744788,0.9999225138543825
ATP5J2,27.719183266624515,-0.7294098023220836,0.41317350768689265,-1.7653837643308878,0.07749929016116144,0.9999225138543825
BUD31,22.703913496598577,-0.03355495247763444,0.27295027817097733,-0.12293430401494393,0.9021591209708629,0.9999225138543825
PDAP1,12.34540156751858,-0.12507600009072356,0.405285962000569,-0.3086117255908014,0.7576169002572042,0.9999225138543825
ARPC1B,36.050720683171875,-0.07154922333636543,0.578284538474339,-0.123726675323415,0.9015316900852253,0.9999225138543825
ARPC1A,6.867614316699529,-0.07412233628428476,0.45279652194408027,-0.16369899655156528,0.8699681075278347,0.9999225138543825
BRI3,2.5932447989581884,-0.0025577769697584535,0.8519246133648879,-0.003002351299202259,0.9976044738511847,0.9999225138543825
TECPR1,1.6646028756491547,-0.1243995967014399,0.5809767599802984,-0.2141214679665645,0.8304523349962974,0.9999225138543825
ASNS,1.3602109679137573,-0.44735290824929047,0.6772994133792257,-0.6604950475555983,0.5089361955654614,0.9999225138543825
SLC12A9,0.8514474815926257,0.9420099193835845,0.7436382070773473,1.2667583650467331,0.2052417035151365,0.9999225138543825
POP7,3.5542558740071573,0.00898415221999383,0.6451654642876146,0.013925345848935115,0.9888895406257191,0.9999225138543825
GNB2,13.754508761797375,0.16156457874690197,0.5177761677703967,0.3120355644073336,0.7550134952505076,0.9999225138543825
MOSPD3,3.7555715123595634,0.2640428513912444,0.5160757408424091,0.5116358520558197,0.6089058888599629,0.9999225138543825
LRCH4,2.9214684923470116,0.06362373140702107,0.5842263172367324,0.10890254261045267,0.9132797899302942,0.9999225138543825
AGFG2,1.127032440779084,-0.24495806956464744,0.7155557669025203,-0.3423326048017413,0.7321006011293488,0.9999225138543825
TSC22D4,14.23667135613406,-0.0205299993678661,0.42368969394217887,-0.04845527201015146,0.961353410305905,0.9999225138543825
PPP1R35,3.105683378046187,-0.10988586373348132,0.7048510946837745,-0.1558994013945324,0.8761123171579928,0.9999225138543825
MEPCE,4.2420577729096545,-0.6202072547880474,0.5685041247723216,-1.0909459188821755,0.2752966801429413,0.9999225138543825
ZCWPW1,0.8957720449185923,0.20929367431046716,0.7095648832379526,0.2949605867688925,0.768023988086981,0.9999225138543825
PILRB,6.57670359912453,0.36129156206216684,0.4955757667550721,0.729033956659805,0.4659808914201945,0.9999225138543825
STAG3,2.8627437515189107,-0.08188967643982653,0.6846892201216681,-0.1196012351783118,0.9047990412184876,0.9999225138543825
C7orf43,1.7483652804393561,-1.2742641961212495,0.6660871783410107,-1.9130591873799374,0.05574047576602887,0.9999225138543825
LAMTOR4,29.912854563842682,-0.25877493892371994,0.32202357800829057,-0.8035900368669828,0.42163377897906973,0.9999225138543825
TAF6,2.59481301201514,1.0827401289647935,0.5466067847112679,1.980839168574765,0.04760931273395363,0.9999225138543825
AP4M1,2.1502637526972856,-0.07400254679110702,0.6391934966747208,-0.11577487439420268,0.9078309639138544,0.9999225138543825
PMPCB,9.926482000626379,-0.05496227112241593,0.36296461715590966,-0.15142597521787407,0.8796397004529302,0.9999225138543825
NAPEPLD,1.5437115251454725,0.1727214863825443,0.6693384208963601,0.25804806804790964,0.7963698101498768,0.9999225138543825
ARMC10,3.17880934059735,0.25426628437878285,0.48441094743608965,0.5248978903647286,0.5996541760406071,0.9999225138543825
FAM185A,1.7786609939824054,0.879090553974116,0.9351827298872717,0.940020090063129,0.3472072557255613,0.9999225138543825
POLR2J3,11.920795293794693,-0.0057685084471589074,0.8354902831182647,-0.006904339360631879,0.994491177989144,0.9999225138543825
POLR2J,8.415212187625006,0.3142097307437196,0.4262416881480206,0.7371633030756116,0.4610230467611591,0.9999225138543825
LRWD1,1.3090832058434898,-0.2756879433897172,0.6896505798396296,-0.39975017994449485,0.6893405285050314,0.9999225138543825
ORAI2,5.488794741560757,0.30033057176512745,0.45675617047227046,0.6575293147207968,0.5108406280890533,0.9999225138543825
PRKRIP1,2.950074393764902,0.2777411033123883,0.5287550948956979,0.52527362098927,0.5993929924479369,0.9999225138543825
CUX1,3.7636373031307713,-0.08323969615676433,0.461965262853136,-0.1801860504460206,0.8570065093297201,0.9999225138543825
FIS1,22.010175319783027,-0.41672614352104087,0.3638126151592062,-1.1454417086078212,0.25202622918902307,0.9999225138543825
ZNHIT1,13.67489676242541,0.1705525487596706,0.3903260891943394,0.43694888320609854,0.6621484195358343,0.9999225138543825
PLOD3,1.915340045792465,0.6237481494980789,0.5711436473000655,1.0921038033893709,0.27478747787772595,0.9999225138543825
AP1S1,2.0063812520616215,-0.18789246241662316,0.6405480363875538,-0.2933307913583888,0.7692693201292425,0.9999225138543825
TRIM56,7.104153301823818,-0.524084257842827,0.6347905724613856,-0.8256018292941916,0.4090299971092145,0.9999225138543825
SRRT,5.901283779009262,0.6046348118308443,0.5631755348711462,1.0736169708955554,0.28299438816545075,0.9999225138543825
CBLL1,5.165632565228864,0.12691303869708007,0.5696366363500098,0.22279648217552342,0.8236939060192405,0.9999225138543825
AC002467.7,1.3093513547765754,0.7578535580686422,0.6662128966895239,1.1375546193033632,0.2553065051750504,0.9999225138543825
BCAP29,5.208631302913654,-0.11934291804064977,0.3855758395133719,-0.30951866224624,0.7569270182510889,0.9999225138543825
COG5,2.6216861090089396,-0.018169547144782864,0.5649118188129375,-0.032163510373996,0.9743416556170517,0.9999225138543825
HBP1,16.679544364556403,0.5908512160899352,0.40722389399642805,1.4509247242135497,0.1468008224192341,0.9999225138543825
PIK3CG,3.6778940933357025,0.37842763467441437,0.5322965194391264,0.7109338890157659,0.4771252044304788,0.9999225138543825
NAMPT,11.678191290143733,0.24187448006955908,0.468219061263243,0.5165840096663044,0.6054465804287845,0.9999225138543825
SYPL1,9.975277178670796,0.5065423696707182,0.4736364144066985,1.069475138023835,0.2848556258577256,0.9999225138543825
ATXN7L1,2.3139388761939292,-0.3984426484945609,0.588846887068954,-0.6766489850661352,0.4986286913695529,0.9999225138543825
SRPK2,12.42571752782366,-0.5450913231163295,0.38810998797933455,-1.4044764113242907,0.16017703110575132,0.9999225138543825
KMT2E,49.650226926281974,0.021476996176018344,0.2929473171411722,0.07331351037998587,0.9415566409036543,0.9999225138543825
KMT2E-AS1,2.6581514411874365,0.07222044210336406,0.674988575469509,0.10699505847655114,0.9147929000161532,0.9999225138543825
RP11-325F22.2,10.611832442809405,0.21132391451698743,0.8156135817327176,0.25909808180001564,0.7955595647802494,0.9999225138543825
ORC5,1.4930751802880888,-0.06115844313095199,0.7103635160416251,-0.08609457235606156,0.9313912382380386,0.9999225138543825
PSMC2,6.572827014295291,-0.7353598039461449,0.4736555382154588,-1.5525202274984076,0.12053779661472702,0.9999225138543825
DNAJC2,7.940541513256131,0.4970703963251946,0.379403859877949,1.3101353172450536,0.19015006270032697,0.9999225138543825
FAM3C,8.130292563037468,-0.021879598326249607,0.3675167190217411,-0.05953361355774206,0.9525270931991395,0.9999225138543825
ING3,4.164416722307435,-0.5734301902082463,0.5411343753603106,-1.0596816914956322,0.28928943479524416,0.9999225138543825
LSM8,20.16205468571877,0.09362321177491102,0.3811296673977704,0.2456466126453496,0.8059558028682672,0.9999225138543825
CAPZA2,16.774043584926737,-0.1870611594131347,0.3552024847557699,-0.5266324630069922,0.598448843961259,0.9999225138543825
TES,13.94494852385872,-0.15250440117504735,0.36889394961694555,-0.41340987384966826,0.6793063416836591,0.9999225138543825
MDFIC,5.385436191750201,0.00805509459180278,0.6440222125842622,0.012507479453977484,0.9900207354375627,0.9999225138543825
LINC00998,3.1559475140328863,-0.42755621566084,0.5434529421061816,-0.7867400883024436,0.43143403160151483,0.9999225138543825
C7orf60,3.1189161446068074,0.17016655223478253,0.6040815181347865,0.28169468379069645,0.7781776312069023,0.9999225138543825
TMEM168,2.2668335877427848,0.16162215531680169,0.5736867814622296,0.2817254302162138,0.7781540534889053,0.9999225138543825
IFRD1,39.12396153474353,0.6556563450926387,0.4136728853210943,1.5849633088320887,0.11297467091708766,0.9999225138543825
ZNF277,4.185036476465554,0.10843316056868108,0.5665879265985353,0.19137922902743582,0.8482284921346182,0.9999225138543825
IMMP2L,1.9734660700209483,0.876459137809651,0.6505650627694113,1.3472274918647247,0.17790697629724794,0.9999225138543825
DNAJB9,21.007938356010804,0.5191713141074588,0.3996167615023881,1.2991730180575924,0.19388455901422086,0.9999225138543825
THAP5,2.3887292507204956,-0.1368326982282203,0.556150599172149,-0.24603533365225336,0.8056548807073202,0.9999225138543825
PNPLA8,12.284397485327766,0.31686118510765593,0.4400873744796094,0.7199960814198206,0.4715274082416009,0.9999225138543825
DLD,5.564504743360372,-0.021765113679730805,0.5256161608770585,-0.04140876042207854,0.9669700289819388,0.9999225138543825
NRF1,1.3273820622870443,1.3679922074443776,0.6659777436366372,2.054110997725421,0.039964949870452855,0.9999225138543825
TNPO3,3.485056919278714,0.052834149755006866,0.506389921595803,0.104334915648615,0.9169035704266557,0.9999225138543825
ATP6V1F,21.526313312677857,-0.43872354834341754,0.31403201579022527,-1.3970663062472164,0.16239363283063668,0.9999225138543825
CALU,4.375569007197063,-0.17766818528381068,0.4392905560717656,-0.40444344370286334,0.6858866590190691,0.9999225138543825
METTL2B,3.319055480166936,-0.7505109307725251,0.5482608937444557,-1.3688937863993234,0.1710324783342938,0.9999225138543825
HILPDA,1.8912038436885463,-0.37549632182204934,0.610370259834139,-0.6151943279872222,0.5384263931588715,0.9999225138543825
IMPDH1,4.615597143553647,0.5016933631047792,0.4683939979130269,1.071092638548147,0.28412777787388965,0.9999225138543825
RBM28,2.6200039401653945,0.23736919955864158,0.5118078244240523,0.463785796603946,0.642801220425802,0.9999225138543825
SND1-IT1,1.6662302993163123,-1.2261699536480954,0.6790299981238356,-1.8057669867841057,0.07095474420680119,0.9999225138543825
SND1,5.865769848674229,0.17318981867821695,0.39414800844998577,0.4394030033522124,0.6603695507115062,0.9999225138543825
ARF5,21.72155113135253,0.04183873202049425,0.653704163760368,0.06400254784950599,0.9489681980788695,0.9999225138543825
GCC1,1.622120943823884,0.07499518094558846,0.6286734862190887,0.11929114650057492,0.905044697483214,0.9999225138543825
ZNF800,13.529291993487217,0.2690979590868922,0.3247299133551245,0.8286823850213232,0.40728415591128475,0.9999225138543825
POT1,1.8679000933342889,0.3263363176476366,0.6380704311879649,0.511442470449635,0.6090412624053669,0.9999225138543825
WASL,1.240489372293983,0.4733400754895892,0.6685267813741858,0.7080345749449531,0.47892378668361135,0.9999225138543825
NDUFA5,16.147907747280232,0.0021809798508898902,0.340935347001033,0.00639704820891828,0.9948959288110751,0.9999225138543825
TMEM140,2.884957255290593,-0.6687988774503998,0.5266521802771027,-1.269906216088397,0.20411803868852096,0.9999225138543825
C7orf49,2.227082267022667,0.08197959614697584,0.6027705161890683,0.13600465508047788,0.8918176009397383,0.9999225138543825
BPGM,8.341431089980185,-0.6490108871469317,0.47442567944582825,-1.3679927442060782,0.17131434729301753,0.9999225138543825
AKR1B1,7.7680793769335965,-0.41627007353931067,0.41590621456234766,-1.000874858235398,0.31688731289955974,0.9999225138543825
SLC35B4,1.4256244331007233,0.19531894970044156,0.6220144027165252,0.3140103329559968,0.7535131908540035,0.9999225138543825
EXOC4,4.567460989430354,0.006664307562434527,0.4535824462300356,0.014692604658370544,0.988277419350679,0.9999225138543825
CHCHD3,5.894963646181698,-0.09240330577456327,0.41058784326789016,-0.2250512461331551,0.8219394079948009,0.9999225138543825
MKLN1,6.0224865651823,-0.18572880632042546,0.40552243991219766,-0.4579988381423204,0.64695327599285,0.9999225138543825
LINC-PINT,39.4675710159254,0.5230234853820582,0.5652568133374268,0.9252847078374664,0.35481783110194287,0.9999225138543825
RP11-138A9.2,10.310427553521603,-1.4636589182224904,0.6938112900108611,-2.1095922469056076,0.03489349273315342,0.9999225138543825
RP11-138A9.1,9.61739705691868,-0.798270110279054,0.9372001725231526,-0.8517605242537806,0.3943470204760168,0.9999225138543825
AC058791.1,3.132869624734614,0.8429875246527375,0.9158088145024079,0.9204841789066676,0.3573197969518178,0.9999225138543825
TMEM209,1.7835235795985558,-0.07572266550114286,0.6332658520009486,-0.11957484405937845,0.904819948250185,0.9999225138543825
KLHDC10,1.1467138951448053,-0.3369251354824496,0.6260340120177224,-0.5381898251766417,0.5904460038109829,0.9999225138543825
ZC3HC1,1.7455453405169885,-0.31718640399886294,0.6822485577145578,-0.46491326425283375,0.641993571278334,0.9999225138543825
UBE2H,4.99780760618097,0.30450624275018773,0.6195637105663321,0.491484955553391,0.6230834901318869,0.9999225138543825
MKRN1,8.220246216932532,-0.30262363121147945,0.3918475753270257,-0.7722993588997398,0.43993714504029213,0.9999225138543825
SLC37A3,1.5064118473035502,-0.7162216328511903,0.6248578471524242,-1.1462153129949881,0.25170607337941997,0.9999225138543825
KDM7A,2.1547697734180646,0.6762352125882329,0.5383977288787426,1.25601423690354,0.20911080836894258,0.9999225138543825
PARP12,3.847337651941137,-0.23411411929575243,0.5649144733647204,-0.41442400634795473,0.6785636107532327,0.9999225138543825
TBXAS1,3.0375453813174427,-0.4659690194898688,0.8162669785603323,-0.5708536933733476,0.5680988226584505,0.9999225138543825
HIPK2,4.361077271150171,-0.09661489389635251,0.614238476566096,-0.15729215537990826,0.8750146024055426,0.9999225138543825
LUC7L2,8.351797008083135,0.451343674081734,0.3508280457308823,1.2865096721142886,0.198265245465579,0.9999225138543825
C7orf55,2.9685960319219746,-0.5816645352242039,0.5713955519799345,-1.0179717591582336,0.308691377205631,0.9999225138543825
UBN2,1.3716916036370184,-0.23216512624576202,0.7515050346726582,-0.30893356070048006,0.7573720669247106,0.9999225138543825
ZC3HAV1,38.60496259262791,0.003961796841674896,0.3944251889800952,0.01004448233115971,0.9919857973879249,0.9999225138543825
CREB3L2,4.445071225735117,-0.19156953280165231,0.41776914892541434,-0.4585535655143694,0.6465547881979454,0.9999225138543825
AC090498.1,109.717802900699,-0.8434735367006282,0.7529103231941542,-1.120284196824753,0.2625926742093434,0.9999225138543825
MTPN,14.070280553621478,-0.542363408756586,0.3232545678723116,-1.6778213292590631,0.09338198416396597,0.9999225138543825
C7orf73,14.900144090984007,-0.3355477024628102,0.39828007065319426,-0.8424918221805558,0.3995127152845874,0.9999225138543825
NUP205,1.700800201225462,0.0456602121920923,0.6465219089274458,0.07062438497690013,0.9436967024630147,0.9999225138543825
CNOT4,11.101770654065701,-0.07003202940583125,0.36006458972114214,-0.19449851889092648,0.8457855553384296,0.9999225138543825
ATP6V0E2,4.355296309591076,0.17738277463487057,0.5075043030558987,0.3495197450874281,0.7266991499681363,0.9999225138543825
PDIA4,8.116498961964924,0.10817855998632858,0.5031412389378082,0.21500634735229926,0.8297623698184629,0.9999225138543825
EZH2,2.9674147913972844,-0.23206341658023208,0.9046830016809922,-0.2565135148433593,0.7975543461296183,0.9999225138543825
CUL1,5.001415009415286,0.512949053975235,0.4167429339144284,1.2308524325947205,0.21837806103005253,0.9999225138543825
TPK1,3.6722032697780835,0.1538753228257828,0.5047478637698123,0.3048558178662384,0.7604759671349762,0.9999225138543825
EPHA1-AS1,1.580043687304289,-0.37641333132493804,0.6910052461557197,-0.5447329574110243,0.5859371942957162,0.9999225138543825
ZYX,19.15537710707463,0.15681068617822805,0.5324747777848113,0.29449411074565457,0.7683803629475048,0.9999225138543825
CASP2,1.8172141025674586,-0.10880860363625953,0.5956743401669339,-0.1826645807938724,0.8550612085452421,0.9999225138543825
GSTK1,31.03411683361521,-0.12461387086502866,0.31355811639174735,-0.39741873786912574,0.6910587000394781,0.9999225138543825
SSBP1,23.67195091995636,-0.47862566384257826,0.37756584245479397,-1.2676614513927704,0.20491887658411634,0.9999225138543825
KIAA1147,1.9166575325066653,-0.06572292123570832,0.6786194654405199,-0.09684797531271057,0.9228471241840509,0.9999225138543825
AGK,5.712083546728487,-0.6126997154326314,0.5027481184451,-1.2187011605883078,0.22295763731370455,0.9999225138543825
MRPS33,6.3225783903233825,-0.5712817176753492,0.6058572752844416,-0.9429311835978867,0.3457161033676762,0.9999225138543825
BRAF,8.172739388272033,0.42198653765151484,0.5446725445411161,0.77475272414738,0.4384857895644385,0.9999225138543825
NDUFB2,39.729404749001404,-0.28883303613628786,0.32261890557704626,-0.8952762257365918,0.37063944590012343,0.9999225138543825
ADCK2,1.3646278992655698,-0.559302171886401,0.6818970077993131,-0.8202150258606317,0.41209353760210454,0.9999225138543825
TMUB1,9.188006923841368,0.3061276458720387,0.5165244244872405,0.5926682870339288,0.5534031689362342,0.9999225138543825
FASTK,5.046968806241765,0.37686232434757405,0.46764397386060136,0.805874437419591,0.4203152519404676,0.9999225138543825
SLC4A2,2.0617750413635867,0.3513134923316183,0.6476930904081107,0.5424073493052952,0.5875379179140561,0.9999225138543825
CDK5,1.033130986785092,0.8058581270629674,0.6768836485475751,1.1905415779981385,0.2338335982776848,0.9999225138543825
ABCB8,1.755643286130315,-0.011713929588271546,0.6698256442845419,-0.017488027949099344,0.9860472836999619,0.9999225138543825
GIMAP5,2.334351427044896,-0.23042087170967973,0.6284852486432081,-0.36662892598850794,0.7138958286691077,0.9999225138543825
GIMAP1,5.108852271364568,-0.47430515513713484,0.6870342054203746,-0.6903661439198976,0.4899639619580912,0.9999225138543825
GIMAP2,7.655779305021991,-0.5136421424998718,0.5381020905075846,-0.9545440383168926,0.3398083287884375,0.9999225138543825
GIMAP6,6.238367799554188,-0.20133716973293153,0.4939733031544729,-0.40758714782197525,0.683576801474312,0.9999225138543825
GIMAP4,22.30223984125047,-0.3899032046054439,0.4811085926531372,-0.810426607546689,0.4176950306280026,0.9999225138543825
GIMAP7,29.51905721984459,-1.0110029204589195,0.4417084458351017,-2.288846704181759,0.02208826077214609,0.9999225138543825
GIMAP8,1.1571346776108065,-0.30716383323985774,0.6925054570792132,-0.443554386611458,0.6573647899709973,0.9999225138543825
LINC00996,11.687117491814792,-1.0782283639454846,0.7325282596044058,-1.4719273281385354,0.14104050297087942,0.9999225138543825
RP11-511P7.5,1.2048422973088222,-0.0791217962410772,0.6600562241858328,-0.1198712978408354,0.9045851015027677,0.9999225138543825
REPIN1,2.123748441535402,0.19529874062704672,0.7398064900212078,0.26398624946024485,0.7917905143694001,0.9999225138543825
LRRC61,1.6462834436850675,-0.6584655592222648,0.6811662632714929,-0.9666737692788813,0.33370714397514534,0.9999225138543825
PTPRN2,1.4213416483084191,0.17672736171525952,0.6248649003946762,0.2828249139992265,0.7773110551183644,0.9999225138543825
DNAJB6,73.57006800006909,0.31165298295266164,0.42272762058542085,0.7372430089168629,0.4609745829540487,0.9999225138543825
UBE3C,1.4926188589058085,0.08712896293050203,0.640084046079266,0.13612112888017874,0.8917255245602949,0.9999225138543825
NOM1,2.471600836598849,0.07539221701939584,0.5644818443596287,0.13356003877312275,0.8937504854333528,0.9999225138543825
LMBR1,2.3670178606385073,2.0720425162559306,0.7877845290369878,2.6302147857471376,0.008533093735127608,0.9999225138543825
RBM33,7.376084597611902,0.5965412425042637,0.3737828202929541,1.5959568233679693,0.11049843346903113,0.9999225138543825
AC009403.2,1.2207194626511295,-0.9893699518306993,0.7118114693028653,-1.3899325797597355,0.1645493512527435,0.9999225138543825
INSIG1,27.742582707244317,0.14614790634563735,0.5469551268632504,0.2672027359607824,0.7893130697233001,0.9999225138543825
KMT2C,8.221048182980853,-0.31495293970776445,0.3542158954184265,-0.8891552970419869,0.3739196238667182,0.9999225138543825
GALNT11,6.146455378214305,-0.09358770190416615,0.40491170413585353,-0.2311311353765318,0.8172129273733879,0.9999225138543825
PRKAG2,3.983237883719375,0.8295626211556724,0.4735019880854339,1.7519728365026304,0.07977847883181537,0.9999225138543825
RHEB,17.08757506960953,0.06502770704073216,0.3839857191684621,0.16934928512850037,0.8655219118411153,0.9999225138543825
NUB1,9.669412612441157,0.22657655521870781,0.4001036158022498,0.5662946953488487,0.5711934658745069,0.9999225138543825
CHPF2,1.3809512560466826,0.7379458925250759,0.6862368911022692,1.0753515325294578,0.2822173725377637,0.9999225138543825
ABCF2,3.2900329741408814,-0.3219679924140473,0.5503160914432775,-0.5850601089451031,0.5585073002997362,0.9999225138543825
AGAP3,1.405522660119254,-0.7461938538025773,0.7547089719253303,-0.9887173487536127,0.3228014522434193,0.9999225138543825
TMSB4X,1918.7014647658207,-0.06697555546489266,0.4964748353490987,-0.13490221597595872,0.8926891874734258,0.9999225138543825
PRPS2,3.8308411539107263,0.4664911455789977,0.5424892706088899,0.8599085195830842,0.3898394718315561,0.9999225138543825
MSL3,4.096720537744271,0.016414157998586625,0.4263783950379971,0.03849669258481978,0.9692916684659113,0.9999225138543825
HCCS,1.749307823392446,0.03759009608891346,0.5782859068679693,0.06500261487004524,0.9481719182947845,0.9999225138543825
PRKX,14.473984820563981,0.09990352224076011,0.47302933167414285,0.21119942369574018,0.8327316604353977,0.9999225138543825
ARSD,3.00331836297781,-1.3800423666451371,0.8188556226525961,-1.6853305130575227,0.09192482184092292,0.9999225138543825
CD99,80.92733787510488,0.10219371493979663,0.41855606827441355,0.24415776687006827,0.8071086344852292,0.9999225138543825
ZBED1,1.7396224590767655,-0.14694496268997068,0.6285462105203402,-0.23378545639201725,0.8151515408542478,0.9999225138543825
DHRSX,2.8813447570745825,-0.42073507020531714,0.5503225062455301,-0.7645245568379558,0.4445547083638295,0.9999225138543825
AKAP17A,7.24148128189323,0.33378347533203956,0.5190248483801886,0.6430972936531573,0.5201609704812415,0.9999225138543825
P2RY8,6.6691083443250685,0.14796547306256624,0.5022063400913063,0.29463083448063315,0.7682759046966326,0.9999225138543825
ASMTL,4.154220570710452,0.3078359302220006,0.47296815909831547,0.6508597340016943,0.5151370361824847,0.9999225138543825
SLC25A6,61.52818213575115,0.27413746144856344,0.38736573130939583,0.7076967302241948,0.47913360838683383,0.9999225138543825
GTPBP6,2.972994557499414,-0.3026477051114398,0.7151744271709481,-0.4231802670974111,0.6721637428061139,0.9999225138543825
WDR60,2.490006078551317,-0.47435653999761573,0.6667125962281352,-0.7114857926507524,0.4767832517456725,0.9999225138543825
ESYT2,5.335900915329179,0.2995538553558458,0.5400219183412077,0.5547068464850263,0.5790951924574065,0.9999225138543825
EIF1AX,36.48769558223757,0.027557687606984082,0.28415531877147804,0.09698107262650392,0.9227414254435012,0.9999225138543825
SH3KBP1,16.618926993235217,-0.11623173517439239,0.4056936337475344,-0.2865012549019295,0.7744942324634279,0.9999225138543825
PDHA1,6.788182516128413,-0.41922738073654964,0.43533124970164383,-0.963007780911361,0.3355436185179258,0.9999225138543825
SCML1,4.2048395785894295,1.1799838642481637,0.6654377965302447,1.77324442705372,0.0761882132533016,0.9999225138543825
RBBP7,10.536200382794513,-0.13342581145930762,0.4611410514356491,-0.2893383944975604,0.7723224336139929,0.9999225138543825
TXLNG,5.925817832370152,0.20564847424189356,0.4995751920174988,0.4116466900836226,0.6805984043156914,0.9999225138543825
SYAP1,33.972699855436375,-0.4726529063998266,0.3339620518903413,-1.415289263329312,0.15698370168234077,0.9999225138543825
AP1S2,9.112752164626167,-0.023028225615652344,0.4211579050986234,-0.05467836490035674,0.956394705880622,0.9999225138543825
ZRSR2,6.136791848250916,-0.08255361420780298,0.49148140247828453,-0.16796894814641639,0.866607707756559,0.9999225138543825
CA5B,8.163466110500107,0.15000496417813092,0.4416905842375512,0.3396154899635688,0.7341461114851477,0.9999225138543825
PIGA,1.9296305993617324,-0.3887206883123315,0.5509068175467591,-0.7056015208585401,0.48043597821116735,0.9999225138543825
MOSPD2,2.1766906213342443,-0.14934887786527262,0.5917419658863204,-0.25238851809601764,0.8007407741788629,0.9999225138543825
GEMIN8,1.5983776762883006,-0.18914357457149777,0.5999165635740861,-0.3152831344489786,0.7525466892550372,0.9999225138543825
OFD1,17.23138380647601,-0.3288457036300475,0.3217607461385924,-1.0220193344790522,0.3067717495597818,0.9999225138543825
TRAPPC2,5.31137626815634,-0.47727702504264374,0.46013855449728,-1.0372463258682774,0.29962107319851483,0.9999225138543825
RAB9A,12.951123773655953,0.02197073259693755,0.37268650617055454,0.05895231577524024,0.9529900885111888,0.9999225138543825
RPGR,2.961371634633599,-0.15631750084798643,0.6561250813162396,-0.23824344671354583,0.8116922814585656,0.9999225138543825
DYNLT3,9.240282274700228,0.299130640765255,0.38646683033880996,0.7740137504246132,0.4389226598412571,0.9999225138543825
TAB3,2.0678155771052005,-0.2720347364136567,0.7083850836436685,-0.38402098335330775,0.7009628952371868,0.9999225138543825
GK,1.9387169947328338,0.47198980213579644,0.6615946491591304,0.7134123631980446,0.4755906249917766,0.9999225138543825
POLA1,0.8177153974108922,-0.5555565230930232,0.8254250204845867,-0.6730551041048763,0.5009122348155941,0.9999225138543825
PDK3,3.59387380165668,0.873124766625353,0.5506050276004402,1.5857551654231479,0.1127948597847842,0.9999225138543825
ZFX,4.330598446087799,1.1398181093984687,0.49593739722047725,2.298310463753439,0.02154412533190858,0.9999225138543825
EIF2S3,18.33096670549906,-0.139422138711151,0.32454142970510935,-0.4295973516781363,0.6674885638820663,0.9999225138543825
KLHL15,2.0255823608832135,-0.3875995144697559,0.7419857930443665,-0.5223813152532688,0.6014048627798696,0.9999225138543825
APOO,1.4766030671031463,-0.03600899977060757,0.6229677529387339,-0.057802349480758596,0.953906066695138,0.9999225138543825
SAT1,107.71415062545904,-0.20702809134264694,0.43801654244481086,-0.4726490241375576,0.6364636004503584,0.9999225138543825
ACOT9,1.960442870799979,0.3712148483870111,0.5401908658095639,0.6871920128280682,0.49196173691627165,0.9999225138543825
PRDX4,5.005445228799596,-0.7496626810349256,0.49859118893140564,-1.5035618311699879,0.1326942251934905,0.9999225138543825
SMS,7.932278562019278,0.11296136864814606,0.36841263223751386,0.3066164370154398,0.7591353409903088,0.9999225138543825
MBTPS2,0.7760096045018401,0.19794847053957998,0.8292430993191924,0.23870981947524852,0.8113306020098616,0.9999225138543825
RPS6KA3,8.684900867938245,-0.16371639431010443,0.5079603119841496,-0.322301546887807,0.7472242613656565,0.9999225138543825
RBM10,2.5025501677759987,0.3410132772999872,0.5414847255806267,0.6297745092150537,0.528842125653203,0.9999225138543825
NDUFB11,27.104003264807893,0.3258827130747034,0.40234635276895714,0.8099556783153887,0.41796564954769333,0.9999225138543825
RP2,2.2066144020632086,-0.1527778690335036,0.610905108288825,-0.25008445167767845,0.8025220397813253,0.9999225138543825
ZNF674-AS1,1.8660782538768808,-1.1222945041526673,0.711030026026914,-1.5784066257002007,0.11447222403948193,0.9999225138543825
KRBOX4,1.4575866269230966,0.0753608422801794,0.6288434481470307,0.11984038714602173,0.9046095881551979,0.9999225138543825
MIR222HG,4.201450228562414,-0.5028157684646827,0.5465311388792558,-0.9200130288930691,0.35756595072699027,0.9999225138543825
KDM6A,9.20708851117191,-0.05961034291930492,0.5340754306889274,-0.11161408949745341,0.9111294000278943,0.9999225138543825
GPR82,2.431514341322385,-1.0888406437578544,0.6981919088741702,-1.5595148410035327,0.11887457473179645,0.9999225138543825
CASK,3.300379781662969,0.28634081543822976,0.8190138600869279,0.349616568647371,0.7266264747788229,0.9999225138543825
DDX3X,60.83630729158453,0.2354629234947087,0.5217709193174356,0.4512764410150224,0.651790322304475,0.9999225138543825
USP9X,6.599641791789688,-0.19811017797005798,0.3713878048566807,-0.5334321035299182,0.5937344993861707,0.9999225138543825
MED14,2.501982399379277,0.5343915991856478,0.552519415465544,0.9671906257545322,0.3334487475504895,0.9999225138543825
CXorf38,4.846785326572633,0.15398884997242948,0.42375726322425383,0.3633892875387437,0.716314102949,0.9999225138543825
ATP6AP2,17.284438615018257,-0.38964012601862796,0.3518391102136797,-1.1074383566454304,0.26810445006320827,0.9999225138543825
BCOR,2.1568297159496215,0.5370594602189916,0.5751083663058568,0.9338404580492057,0.35038619636416957,0.9999225138543825
MID1IP1,5.2073449778426095,0.28391923398735935,0.6241695401381282,0.4548751833108169,0.6491990375553327,0.9999225138543825
TIMM17B,6.264228208269616,-0.020087347492473758,0.3654797404529151,-0.05496158957424241,0.9561690645936748,0.9999225138543825
HDAC6,0.8496969515664704,-0.1874114682079399,0.6909440656439487,-0.27123971031327326,0.7862066729125303,0.9999225138543825
WAS,13.878433523995577,0.04778884470058148,0.4366368500370373,0.10944757570628277,0.9128475004066146,0.9999225138543825
WDR13,1.7280136932119903,0.47108416418097165,0.5988915189083442,0.7865934803011754,0.43151987706118144,0.9999225138543825
RBM3,52.629750136530696,-0.1420244876436937,0.32822045192426524,-0.4327106577638402,0.665224986119544,0.9999225138543825
TBC1D25,1.881664270672612,-0.05179432072977995,0.543286709343939,-0.09533515147522315,0.9240486229559246,0.9999225138543825
EBP,9.730771885078727,-0.4052350889498588,0.41460424555880254,-0.9774021691545488,0.3283700895479005,0.9999225138543825
PORCN,1.4552143492624416,0.07003989235196495,0.6710466163378053,0.10437410851455188,0.9168724688518725,0.9999225138543825
FTSJ1,3.9448519356348064,-0.11565835209014107,0.48637700899042846,-0.23779568102985135,0.8120395686404637,0.9999225138543825
SLC38A5,1.941977005444671,-0.9918253918634997,0.5847523867221617,-1.696145948925821,0.08985824366614446,0.9999225138543825
UXT,37.011273886689544,-0.08643878460459724,0.336920400533337,-0.2565555082677294,0.7975219247939977,0.9999225138543825
TIMP1,16.775532031318328,-0.17645064795930093,0.3903466170810201,-0.4520358067370594,0.6512431873389608,0.9999225138543825
ARAF,5.159334925683173,-0.14337806705169734,0.4052393288597566,-0.3538108392764538,0.7234806497113927,0.9999225138543825
USP11,6.7011503544980355,-0.038509405529367095,0.3718225779672702,-0.1035693037789569,0.9175111486601821,0.9999225138543825
CDK16,4.9887487544297135,0.10482131051258275,0.5543639551915047,0.1890839213678175,0.8500270430626233,0.9999225138543825
UBA1,4.573778211445068,-0.21020787996386733,0.39892256372228124,-0.5269390580529012,0.5982359094128704,0.9999225138543825
HSD17B10,6.881654459489287,0.1420877310137098,0.5611469781145038,0.25320947373027886,0.8001063460401162,0.9999225138543825
SMC1A,9.284612562588398,-0.6165371237140906,0.4482331843675911,-1.3754829968333522,0.16898175355379152,0.9999225138543825
KDM5C,3.438257793167747,0.17508570669194665,0.4935772259326717,0.354728090140508,0.7227933048175532,0.9999225138543825
TSPYL2,35.67382058423412,-0.10925153879710914,0.4386451918370728,-0.24906585283553898,0.8033098427400718,0.9999225138543825
MAGED1,3.5182736109598856,-1.01766581173644,0.725265492528388,-1.4031631481441358,0.16056819397795274,0.9999225138543825
GSPT2,1.0402449880755744,-0.09010698001984184,0.7061912888543238,-0.12759571158973826,0.8984689250478372,0.9999225138543825
CCDC22,2.1541831630895927,-0.30512867798523685,0.5797570524938145,-0.526304383314927,0.5986767379789752,0.9999225138543825
PLP2,30.52970370137092,0.33790376226680385,0.41972627871970325,0.8050574371886275,0.4207865356776628,0.9999225138543825
GPKOW,2.838573622709626,-0.30024995437449237,0.5491010595746877,-0.5468027226300644,0.5845142723943464,0.9999225138543825
WDR45,6.381366595534187,0.4357189056627974,0.4475212481829612,0.9736273024619859,0.33024162499301035,0.9999225138543825
TFE3,1.3293707890291662,-0.3113556755719583,0.629882470010773,-0.49430757386633273,0.6210889770205198,0.9999225138543825
GRIPAP1,3.6850959151229605,-0.359415491981099,0.5878607076989918,-0.6113956712431513,0.540937667700619,0.9999225138543825
OTUD5,4.640680328832571,-0.08094973071069952,0.5435742830347623,-0.14892119299456022,0.8816158180951936,0.9999225138543825
PIM2,19.21795300186837,-0.1350515863109755,0.4135296332702535,-0.3265826084650031,0.7439835993196948,0.9999225138543825
SLC35A2,1.7266704468264684,-0.7460702014196553,0.681224943757762,-1.095189200360449,0.27343375603927833,0.9999225138543825
PQBP1,8.32852497802349,0.14135011342524628,0.3705164431112418,0.3814948460541281,0.7028360948406207,0.9999225138543825
YIPF6,5.93679572626522,-0.7014370705792897,0.4014809529896832,-1.747124154597975,0.08061580432177322,0.9999225138543825
MSN,41.676712332436736,-0.30664096071966895,0.3670570748162935,-0.835404033209653,0.4034902597279447,0.9999225138543825
LAS1L,1.9093292421113346,-0.18683756349766037,0.5965158932958811,-0.31321472838777503,0.7541175293729088,0.9999225138543825
ARHGEF9,3.476465442569775,-0.09433575377597954,0.5609867942668113,-0.16816038227650765,0.8664571074183235,0.9999225138543825
SPIN2B,1.3314488675454703,0.18734417256351013,0.6936447643148393,0.27008662387665083,0.7870936124414749,0.9999225138543825
LINC01420,13.698552210293053,-0.0756325439045155,0.4524750257288632,-0.16715296890183906,0.8672496890735809,0.9999225138543825
UBQLN2,3.8044881927461534,-0.12613300107167277,0.49217751047210784,-0.2562754258126974,0.7977381711382566,0.9999225138543825
RRAGB,1.7647738352766271,0.018183824475425447,0.6460504649083946,0.028146136351753552,0.9775455971461573,0.9999225138543825
MAGEH1,2.273148090296206,-0.03553065415618335,0.5187584801273367,-0.06849170763909604,0.9453942209215797,0.9999225138543825
FAM104B,2.0204532132212853,-0.6532569921286875,0.5793888248638027,-1.127493255124914,0.25953399064559624,0.9999225138543825
APEX2,1.5561441929165698,0.03909223651313687,0.6072668471271082,0.06437406668596614,0.9486723789729373,0.9999225138543825
MAGED2,10.139515567053508,-0.8221462781549266,0.42904921062438,-1.916205082765416,0.05533899666885994,0.9999225138543825
GNL3L,1.4087262935142715,-0.9824681347885506,0.62548802158948,-1.570722541243745,0.11624711095070968,0.9999225138543825
TSR2,5.923142753787804,-0.36828997773482475,0.4252046799601482,-0.8661475169307691,0.3864092702096712,0.9999225138543825
PHF8,2.4880317305000608,-0.3045812274204833,0.6145874994903561,-0.4955864342718587,0.6201862258293415,0.9999225138543825
HUWE1,5.440988635890901,0.1941541037734932,0.4626760432253155,0.4196329302464951,0.6747536281204847,0.9999225138543825
TSIX,1.2391837759827335,-0.4880838059155945,0.6751401998884997,-0.7229369633095498,0.4697186130168257,0.9999225138543825
CHIC1,1.6041257581686,-0.7110878721333821,0.7078567101484003,-1.0045647119518077,0.3151064963750586,0.9999225138543825
HDAC8,2.235014322430176,-0.18597242798419297,0.573232452108036,-0.32442759878699806,0.7456143279095828,0.9999225138543825
RPS4X,776.8148145833337,-0.09241693813140235,0.3006539909194063,-0.30738636746111164,0.758549303435067,0.9999225138543825
PIN4,7.414975575714874,-0.6131482504377773,0.4566655236478959,-1.342663763053273,0.17938087341021314,0.9999225138543825
NHSL2,2.7673923970426437,0.04331653266592316,0.5497408906997981,0.07879445280263389,0.9371961163528115,0.9999225138543825
CXCR3,9.2023708242825,0.6836673222769596,0.5366595983643835,1.2739310437391267,0.2026878553368091,0.9999225138543825
OGT,12.768731382442327,-0.11190866482193719,0.5211408121537267,-0.21473786395552197,0.8299716999764173,0.9999225138543825
TAF1,2.4511609932006264,0.39360726212550123,0.5863796583982578,0.6712498574740305,0.5020613719171343,0.9999225138543825
NONO,13.616064906840613,-0.15842887309318787,0.43100764777557354,-0.3675778699307027,0.713188018532594,0.9999225138543825
MED12,0.9826111196363531,0.00467279932427276,0.7003135882310069,0.0066724384658539285,0.994676203869058,0.9999225138543825
IL2RG,72.17577657261042,-0.4910140244146145,0.4071035680701962,-1.2061157477498448,0.22777286365129024,0.9999225138543825
SNX12,1.7747185718256302,-0.6382207029803327,0.588324822648076,-1.0848100885964205,0.2780057763181235,0.9999225138543825
PDZD11,3.268510008160966,-0.5730246788864332,0.49676997526273226,-1.1535010315053185,0.24870479442702076,0.9999225138543825
IGBP1,12.45179183583527,-0.37353628684592594,0.4874997464420854,-0.7662286792395322,0.4435402466189181,0.9999225138543825
PJA1,1.589918259484428,0.6545465224669448,0.6462972353863292,1.0127639213491055,0.3111729375132145,0.9999225138543825
ITM2A,23.007660842168157,-0.15494528493749196,0.3617758668713121,-0.4282908262441061,0.6684393970562248,0.9999225138543825
P2RY10,9.537543547197222,0.21738927285457682,0.5333902248678487,0.4075614113633908,0.6835956995265244,0.9999225138543825
CYSLTR1,4.679626391941619,-0.24482456587107104,0.5184648360319557,-0.47221055095042397,0.636776509431197,0.9999225138543825
TAF9B,1.716672604960003,-0.3778503345373906,0.5777960869111184,-0.6539510098750717,0.5131433686101066,0.9999225138543825
PGK1,54.59423697901237,-0.13703838224988196,0.37264062913479984,-0.3677494388308082,0.7130600729163258,0.9999225138543825
ATP7A,2.0126448339879834,-0.07346131485458711,0.5249140887575793,-0.13994921536296143,0.8887001156493515,0.9999225138543825
COX7B,39.16421224100336,-0.364391027838688,0.3331828415121279,-1.0936668472629736,0.27410111950527505,0.9999225138543825
MAGT1,6.437424446734249,-0.6409393781451762,0.481062177380092,-1.332342071945439,0.18274780807651192,0.9999225138543825
ATRX,25.799737535559743,-0.12359057073136723,0.3045790340740521,-0.40577504327273795,0.6849078974977427,0.9999225138543825
PBDC1,7.9321216817325055,-0.4406711253570473,0.433543080222525,-1.016441376785125,0.3094192504731811,0.9999225138543825
UPRT,1.6667842222785378,0.3900937527616764,0.6225282608571988,0.6266281826700227,0.5309029900982156,0.9999225138543825
ABCB7,2.698740328515535,0.06689195174400579,0.4840570219504363,0.13819023113118895,0.8900900754528396,0.9999225138543825
RLIM,4.180765392378038,0.04903447613883419,0.46181801179115006,0.10617705435233059,0.9154418759956805,0.9999225138543825
FTX,1.5557987492515548,-0.10155993411025292,0.6329133179402783,-0.16046420770661698,0.87251541435214,0.9999225138543825
JPX,8.605499267928515,-0.005619982829030509,0.40378822781857554,-0.013918144318847258,0.9888952860585878,0.9999225138543825
XIST,38.91385583378665,-0.31907351462644595,0.6256380360062967,-0.5099969890948808,0.6100535711878794,0.9999225138543825
BEX4,8.801792787274747,-0.0986333647085074,0.3691999651354376,-0.26715431750467433,0.7893503475067143,0.9999225138543825
ARMCX5,1.1966989785010422,-0.08932733764500778,0.624915354087134,-0.14294309951064602,0.8863351195702706,0.9999225138543825
BEX5,1.4582126184192885,-0.6296397017940154,0.6048963688104967,-1.0409050777279014,0.2979196048680761,0.9999225138543825
ZMAT1,3.450221431209107,-0.6466759641248704,0.49415024377051747,-1.308662643147831,0.19064865115144403,0.9999225138543825
ARMCX3,13.243840730783937,-0.3542633220202198,0.32887455157195783,-1.0771989511712248,0.2813913937548166,0.9999225138543825
ARMCX6,5.829897282189173,-0.6197906559335266,0.494087578572249,-1.2544145669974505,0.2096913605515056,0.9999225138543825
HNRNPH2,5.49913068425761,-0.907068662949392,0.6491231647031436,-1.397375278332906,0.16230074927532712,0.9999225138543825
GLA,17.421269504864256,-0.20421389510004076,0.7023905305501489,-0.2907412418275198,0.7712492269998685,0.9999225138543825
RPL36A,47.02427814478382,-0.5733065138812786,0.5207609419771484,-1.1009015225001957,0.27093951936651695,0.9999225138543825
TIMM8A,1.7343100269514857,-0.9344405743178311,0.7148450403189871,-1.307193197984354,0.19114710507617538,0.9999225138543825
TRMT2B,2.3693006411371296,-0.26424696096937267,0.6562254638707904,-0.4026770912099236,0.6871857889749241,0.9999225138543825
DIAPH2,1.6960627307081233,0.5210325896389082,0.6725408734907906,0.7747225636034787,0.4385036151357292,0.9999225138543825
CHM,3.2130175275609627,-0.059838087743659084,0.4904287323221066,-0.12201179050080263,0.9028896805695787,0.9999225138543825
APOOL,1.328748320236254,-1.330567244586847,0.7366569574903395,-1.806223685336327,0.07088340667082493,0.9999225138543825
SH3BGRL,30.108548827413085,-0.2294476552272633,0.29259564329118526,-0.7841800125469457,0.43293449148091745,0.9999225138543825
BRWD3,2.159036242842141,-0.22199259387812129,0.6218907786549991,-0.3569639581378552,0.72111878778092,0.9999225138543825
WDR44,1.6216016107271891,0.7194148026994316,0.6243348264392738,1.152290040910293,0.24920190803427522,0.9999225138543825
ALG13,16.197805630953987,0.3012612528252355,0.459832118054926,0.6551548728252394,0.5123680456797072,0.9999225138543825
AMMECR1,2.221192814031733,0.09036732291374928,0.6151575294181836,0.1469011084026213,0.8832100770362737,0.9999225138543825
ACSL4,2.1972759105329533,-0.16967806274575353,0.5327709178826915,-0.31848221637186697,0.7501191822222528,0.9999225138543825
NXT2,1.4883006305365727,-0.02441493349993834,0.6440526042884289,-0.037908290933646296,0.9697608025929394,0.9999225138543825
ATG4A,1.3236658065243816,-0.1059004946395572,0.5974274778788998,-0.17726083677226429,0.8593035113343708,0.9999225138543825
PSMD10,1.9824897046314185,0.40968194247218753,0.6313878489735564,0.648859402565642,0.5164292575227141,0.9999225138543825
TSC22D3,375.09242009774556,0.08183702562302926,0.457285276007857,0.17896273927180448,0.8579669590600559,0.9999225138543825
PRPS1,6.46399510941671,0.2523878510289691,0.3542385153458599,0.7124799819764116,0.47616760307062034,0.9999225138543825
FAM199X,2.7565336292315052,0.9135464746527711,0.4741362273687883,1.9267594879270944,0.05400961040534111,0.9999225138543825
MORF4L2,18.10429401195152,-0.11194020524108367,0.4297162445168719,-0.26049796038531786,0.7944796883983201,0.9999225138543825
TCEAL1,2.5543544285049147,-1.5092058923950664,0.8013730101974517,-1.883275170476743,0.05966308651069378,0.9999225138543825
TCEAL3,2.8037457540562225,-0.22240115383300682,0.504721758207168,-0.4406411061472806,0.6594728390395073,0.9999225138543825
TCEAL4,3.67414196642141,-0.5731792683418663,0.4794610470000711,-1.1954657670903166,0.23190510347557503,0.9999225138543825
BEX2,5.754532982338971,-0.3434385683071565,0.39485490031866405,-0.8697842372729515,0.38441832720111613,0.9999225138543825
TCEAL8,4.46345801236159,-0.48396044655612835,0.7893200428534015,-0.6131358894759664,0.5397864912706167,0.9999225138543825
MCTS1,9.371072497541972,-0.39266488277673856,0.4668920068969686,-0.8410186445179173,0.40033748952965353,0.9999225138543825
CUL4B,2.2767684470707104,-0.7504324180241817,0.5796033460566102,-1.2947344474972828,0.1954118523291163,0.9999225138543825
LAMP2,3.754458676602406,-0.09451615852528479,0.44598297208432913,-0.21192772917664918,0.8321634171595234,0.9999225138543825
ZBTB33,1.033938309872797,0.11858176382039581,0.680007604619469,0.17438299662362447,0.8615644763136887,0.9999225138543825
NKAP,5.649518265734144,-0.022859125006793518,0.42083867704789163,-0.05431802316067099,0.956681790345009,0.9999225138543825
NDUFA1,28.09013789607614,-0.3221987975556275,0.36629409614599556,-0.879617774202965,0.3790664067709224,0.9999225138543825
RNF113A,6.756422123349043,0.5309763518530727,0.4124304526591798,1.2874324590474788,0.19794359682383855,0.9999225138543825
UPF3B,6.462179326486348,-0.2579606759547212,0.39658118651239926,-0.6504612037279686,0.5153943541596149,0.9999225138543825
RPL39,679.987888002852,-0.44913155279228617,0.3611709211785326,-1.2435429500435147,0.21366782414176755,0.9999225138543825
SEPT6,25.007723858370564,-0.6702793946272476,0.36229149024412083,-1.8501107883477943,0.06429758333080246,0.9999225138543825
NKRF,3.258822175019554,-0.16635963527514636,0.53685844050382,-0.30987616608770185,0.7566551279973992,0.9999225138543825
UBE2A,20.885929458278564,-0.09504829480117032,0.48217767837380143,-0.19712296745409577,0.8437313106121507,0.9999225138543825
CXorf56,1.5236645385542986,-0.265333587652676,0.6138410121574857,-0.4322513198003828,0.6655587637453804,0.9999225138543825
SLC25A5,53.135644586622014,0.23768588116320202,0.24861684097788955,0.9560329068147895,0.3390556095360837,0.9999225138543825
PGRMC1,5.088305165413194,0.3848111356214626,0.46967068476868756,0.8193211714096692,0.4126031965253599,0.9999225138543825
DOCK11,3.661092036919159,0.5921317286957893,0.4509211565160943,1.313160227989114,0.18912896260875023,0.9999225138543825
FAM122B,2.2648935320741175,0.18455964988271822,0.5138439750689223,0.3591744942771064,0.7194645559219504,0.9999225138543825
HPRT1,6.854802868126919,0.4184363707012371,0.4098257528880052,1.0210104361489087,0.3072494942987837,0.9999225138543825
PHF6,4.030453154415415,0.33117105437725314,0.43421152797803175,0.7626952142873743,0.4456451853482256,0.9999225138543825
RAP2C,7.542022839205267,-0.06335465279350008,0.4739688813056776,-0.1336683805463605,0.8936648094054146,0.9999225138543825
STK26,5.851628235613129,0.058617796214427684,0.4023179359258949,0.14570018132431664,0.8841580782209949,0.9999225138543825
ENOX2,1.1085649005455656,0.07285221681569246,0.6929729664829278,0.10512995504780237,0.9162726903119469,0.9999225138543825
RBMX2,4.089033121071054,-1.0942209765735462,0.5017808955879208,-2.1806748447277613,0.029207474914845356,0.9999225138543825
RAB33A,1.3704500327817128,0.427829668823989,0.6688420906008594,0.6396572148138059,0.5223954768856159,0.9999225138543825
AIFM1,1.315617788095873,-0.41371009597399894,0.6086768542977572,-0.6796875765077426,0.4967023040425673,0.9999225138543825
UTP14A,1.9471341465126821,-0.23567821102740147,0.5575384481536819,-0.42271203323799883,0.6725053750292849,0.9999225138543825
SASH3,11.218272330741566,-0.19501209995553032,0.47501088826338045,-0.41054237865680554,0.681408122708162,0.9999225138543825
SH2D1A,17.26920363047092,-0.24640097085458867,0.4136186032694872,-0.5957202333427196,0.5513621390881029,0.9999225138543825
STAG2,9.235083609806395,-0.23462867340904223,0.488529296657847,-0.4802755433792744,0.6310314767225431,0.9999225138543825
XIAP,5.173647217100981,-0.09903628398780649,0.45548164431356336,-0.21743199802718674,0.8278716968072426,0.9999225138543825
THOC2,9.668262048552268,-0.12567965287432792,0.45574469822971453,-0.2757676685269525,0.7827265179044063,0.9999225138543825
C1GALT1C1,1.8802025713850388,-0.8948820555326716,0.676895690861776,-1.3220383400481848,0.18615538426673806,0.9999225138543825
CXorf40A,3.2705674227825137,0.5576533595499029,0.49340373104430857,1.1302171517219934,0.25838473424549957,0.9999225138543825
IDS,39.01737168979037,0.24866877458076692,0.33300182157674224,0.7467489919524651,0.45521509072354127,0.9999225138543825
FMR1,2.838580229533609,0.17106582482885457,0.5527393067799782,0.30948735277288425,0.7569508312905309,0.9999225138543825
LDOC1,1.584574323646803,0.571384520568326,0.7721200623184705,0.7400203005379898,0.45928767649074287,0.9999225138543825
ATP11C,1.6973943004012015,0.16089866739419495,0.6672222865407232,0.2411470219743247,0.8094411696309444,0.9999225138543825
RBMX,24.958819094974547,0.04682289677630975,0.33549598036547873,0.1395632124274704,0.8890051083109368,0.9999225138543825
ARHGEF6,4.598108868576477,-0.2687158370518205,0.4652524526061167,-0.5775699527140713,0.5635544979730378,0.9999225138543825
HTATSF1,7.38706880753367,-0.0745393350507207,0.43640446272662886,-0.170803329060852,0.8643784113314699,0.9999225138543825
MAP7D3,1.8894861837647325,-0.275480016814321,0.6169590280231411,-0.44651266016320973,0.6552269696356405,0.9999225138543825
FHL1,1.1698054278776124,-0.17969443803453872,0.755498596095601,-0.2378488047008894,0.8119983639725497,0.9999225138543825
MMGT1,1.9614352437626466,0.22860681362449736,0.6989362610024498,0.32707819922895104,0.7436087402672182,0.9999225138543825
DDX26B,3.4030331437249455,0.21927783945142548,0.6909728039998437,0.31734655572851617,0.7509806551628415,0.9999225138543825
FAM127B,2.1212181009738007,-0.21708470377542186,0.6391647741929714,-0.3396380910533118,0.7341290890260972,0.9999225138543825
FAM127A,3.4111109234521075,0.4089919776335885,0.5775621917667211,0.7081349566572417,0.47886145332887753,0.9999225138543825
MOSPD1,2.0644281257035053,0.016220795730267773,0.5942690551495676,0.027295373349341352,0.9782241470276163,0.9999225138543825
FAM122C,2.6378114358391613,-0.5266616067817865,0.50623166870039,-1.0403568945693278,0.2981741203548254,0.9999225138543825
EMD,27.46862779995072,0.3401650256887464,0.5539966706457814,0.6140199819111254,0.53920212304509,0.9999225138543825
FLNA,24.86842381329365,-0.11846956989497598,0.4005701191253116,-0.2957523895034087,0.7674191848456593,0.9999225138543825
MECP2,10.702733574397735,-0.13386668536375718,0.33393284206101304,-0.40087906459736095,0.6885091641971388,0.9999225138543825
IRAK1,1.7543177494993927,-0.055615100505702016,0.7372130129792029,-0.0754396619790418,0.9398649034053369,0.9999225138543825
HCFC1,3.319641176462126,-0.09570779325570274,0.5029630162804389,-0.19028793401846983,0.8490835081697107,0.9999225138543825
NAA10,7.200871035848171,-0.325497218176495,0.6465205473066384,-0.5034599743697161,0.6146409144391672,0.9999225138543825
ARHGAP4,10.165543943913638,0.219932677640011,0.4362880334086979,0.5040997249493353,0.6141913002097148,0.9999225138543825
SSR4,58.542890806426385,-0.054753423604447134,0.25263955141581956,-0.21672546241316132,0.8284223034459873,0.9999225138543825
IDH3G,7.470161514308476,-0.14383546616425713,0.40511629500294666,-0.3550473479799447,0.7225541203589725,0.9999225138543825
BCAP31,18.621229485219036,-0.1541026225911485,0.30586163598087107,-0.5038311591349308,0.6143800295760009,0.9999225138543825
FAM58A,2.025766333250888,-0.16460755244170458,0.6249909583694939,-0.26337589406275663,0.7922608686435068,0.9999225138543825
NSDHL,1.3033016453981587,-1.050133473651171,0.6643456999950614,-1.5807033501669048,0.11394588201507864,0.9999225138543825
CETN2,2.6713851305503282,-1.1719611666596559,0.6950999091346927,-1.6860326857452657,0.09178950394084238,0.9999225138543825
VMA21,6.1196313765209265,0.4163858922233427,0.3896193260251245,1.068699277500655,0.285205197207123,0.9999225138543825
MTM1,1.2403364668070975,0.3010088093417257,0.7158464278672754,0.4204935550751055,0.6741249365871493,0.9999225138543825
CXorf40B,4.364762830434496,0.35474727304047465,0.5656619035066106,0.6271365825440087,0.5305697090337358,0.9999225138543825
FUNDC2,14.028354872003803,-0.5138634982083726,0.342541829030273,-1.5001481707010988,0.13357602537688376,0.9999225138543825
DKC1,3.6994210954167146,0.03654261614006802,0.4779898531127956,0.07645061061880894,0.9390606059344093,0.9999225138543825
GAB3,2.530321650888378,-0.45487819368854954,0.5345033049023171,-0.851029712101931,0.3947528480075283,0.9999225138543825
IKBKG,4.468577138698944,-0.3455592412052104,0.46816792114834793,-0.7381096089574095,0.46044784508595293,0.9999225138543825
G6PD,7.90603330343163,-0.428275710519099,0.42558217393043485,-1.0063290634656714,0.3142573042856984,0.9999225138543825
FAM3A,2.467889043518398,0.45894431339309666,0.5045284956756907,0.9096499351903893,0.36300715499697556,0.9999225138543825
SLC10A3,3.5651776649429987,0.23371537384916868,0.5175481246497455,0.45158191618863897,0.6515702000700314,0.9999225138543825
LAGE3,6.74611756151701,0.09574503208992212,0.49284840215229664,0.19426872781122592,0.8459654707303902,0.9999225138543825
PLXNA3,1.1546348735253031,0.1683673880108047,0.7730245870974699,0.21780340602487902,0.8275822906492785,0.9999225138543825
FAM50A,8.077048668104698,0.2872129415701087,0.38981324793771166,0.7367962558727673,0.4612462604380454,0.9999225138543825
GDI1,5.739870102404368,-0.1681436432641797,0.4427091013904776,-0.37980615879833446,0.7040893102782968,0.9999225138543825
ATP6AP1,8.8544213960777,-0.3683804253354541,0.5029068704938494,-0.7325022721875091,0.46386205637076805,0.9999225138543825
CH17-340M24.3,0.8132711101363641,-0.5033886568200074,0.7524249583291578,-0.6690217426304375,0.5034816084134894,0.9999225138543825
TAZ,4.2196641613542,0.1581566238569861,0.4424308983321308,0.35747192262837546,0.7207385419929428,0.9999225138543825
DNASE1L1,1.6668142366774235,0.21565906149765138,0.6173564170887605,0.34932667018288227,0.7268440781869294,0.9999225138543825
RPL10,1482.9335158014603,-0.06122033175563755,0.2838419356266319,-0.21568459086386482,0.829233613236414,0.9999225138543825
MTMR9,3.002883187160479,0.022884232341753557,0.4981448262997685,0.04593891401369793,0.9633589380055404,0.9999225138543825
MSRA,2.5781515851022427,0.4874245587601192,0.5212343891043224,0.9351350734891049,0.3497186933414085,0.9999225138543825
TNKS,2.454769525075207,1.0000869050842343,0.5925170738566378,1.6878617498307058,0.09143777067067953,0.9999225138543825
ERI1,2.2842097444292615,-0.1895248326483814,0.5588383029345345,-0.33914073472265804,0.7345037129989129,0.9999225138543825
MFHAS1,1.3447813019117771,-1.0182499605736093,0.6484217205012553,-1.570351406159655,0.11633338092087736,0.9999225138543825
AGPAT5,7.242714479288845,0.3967740540199093,0.5326206595531483,0.744946796379979,0.45630388370997754,0.9999225138543825
MCPH1,2.6018352119710753,0.636953330352178,0.5049342910661737,1.2614578602044333,0.2071439332760051,0.9999225138543825
RP11-115C21.2,1.8271884981125865,0.5537015995323437,0.7177939088924026,0.7713935611222128,0.44047369046770546,0.9999225138543825
CTD-2336O2.1,4.092576204112252,0.4532344743726697,0.5367522925726768,0.8444015622183886,0.3984450496992554,0.9999225138543825
CLN8,4.085094345517976,-0.5899212152241735,0.4245044934038237,-1.3896701316256546,0.16462906868010885,0.9999225138543825
ERICH1,5.7388293291912875,0.3762716723767096,0.5181742320297539,0.7261489458918209,0.46774746608943196,0.9999225138543825
FBXO25,2.4598928325046288,-0.006244410284424245,0.5555205197018631,-0.011240647398183415,0.9910314498538964,0.9999225138543825
VAMP7,3.74968331117835,0.3690175531356249,0.48559895830324196,0.7599224562281381,0.44730093762829715,0.9999225138543825
RAB39B,1.668666070202452,0.7522875457447415,0.5639411278476627,1.3339824116320822,0.18220962081011016,0.9999225138543825
VBP1,8.338525396565867,-0.34882577946556337,0.38188505627642116,-0.9134313420556358,0.3610157279203864,0.9999225138543825
BRCC3,2.3479722120247275,0.08230919790475161,0.5322450250285548,0.1546453119037341,0.8771009459396039,0.9999225138543825
SORBS3,2.354592571477937,0.7014430923720334,0.8717672299515031,0.8046220003142984,0.421037842600946,0.9999225138543825
PPP3CC,15.012415362783067,0.2363785268405574,0.37248120535649537,0.6346052456910505,0.5256859060649368,0.9999225138543825
POLR3D,2.56839827396127,0.17529669730396902,0.5320097884115756,0.32949900757907724,0.7417785439481108,0.9999225138543825
REEP4,2.325893165993111,-0.30820072548355876,0.5844095158838076,-0.5273711620137878,0.5979358655732003,0.9999225138543825
NUDT18,1.8044839504268677,-0.5354266055338993,0.6680929105477186,-0.801425366263719,0.4228854349807679,0.9999225138543825
FAM160B2,1.8608493049522397,0.10553967933066352,0.6167260154049367,0.1711289562859889,0.8641223678759972,0.9999225138543825
DOK2,35.25171844682974,0.028959549999427958,0.4162067981377325,0.06957971404841055,0.9445281836452524,0.9999225138543825
ATP6V1B2,3.8985771315905207,0.19037407803080567,0.5078504951601964,0.37486244444982586,0.7077627707568449,0.9999225138543825
INTS10,4.678144637026195,0.3825653469906,0.4315133011844753,0.8865667545831927,0.37531219941876326,0.9999225138543825
ASAH1,10.062445637935559,-0.08948971883395476,0.4203668984436616,-0.21288478984733464,0.8314168264015674,0.9999225138543825
PCM1,14.76348525209899,0.2585356096484553,0.4065096685278678,0.6359888328971729,0.5247837006147669,0.9999225138543825
VPS37A,4.585981540977263,-0.4234807227669775,0.44407070115593544,-0.9536335580452363,0.3402691629113911,0.9999225138543825
CNOT7,9.459806412399335,0.18393360124542812,0.32565739488874645,0.5648070768000368,0.5722049930403087,0.9999225138543825
ZDHHC2,2.23374715352622,-0.9929672088764752,0.6788780894240124,-1.4626590905577004,0.1435606855063448,0.9999225138543825
CTSB,4.854527456118672,0.3507691705132128,0.4734293761620959,0.7409112914723613,0.4587472286731962,0.9999225138543825
FDFT1,9.555716163894258,-0.010598772132657494,0.3282153232137205,-0.03229213075391975,0.9742390846823591,0.9999225138543825
PTK2B,7.897589590214494,-0.25489341948877325,0.41577185384841436,-0.6130607859321436,0.5398361478852605,0.9999225138543825
TRIM35,1.8017705767884384,-0.49661168589496685,0.6948664835311835,-0.7146864867784063,0.47480278961381195,0.9999225138543825
BNIP3L,9.05156694203927,-0.3118409678349091,0.45120622667939037,-0.691127359056796,0.4894855084146975,0.9999225138543825
PPP2R2A,9.768229725863643,0.038978756244592086,0.3476083775336306,0.11213411057914145,0.9107170716434235,0.9999225138543825
KCTD9,3.969773460204571,-1.8745813474190978,0.5406464703085047,-3.467296006481686,0.0005257226089468272,0.9999225138543825
DOCK5,1.8488277236751307,0.11384699751329656,0.7489843329216621,0.15200184103878187,0.8791854835868218,0.9999225138543825
ADAM28,3.2045357203175926,-0.24909817080946184,0.731168088776914,-0.3406852331673134,0.7333405565719471,0.9999225138543825
SLC25A37,2.546219668952851,-0.27041653982380615,0.5723670671785313,-0.47245300320442535,0.6366034794654498,0.9999225138543825
ENTPD4,2.3718899696906606,0.5651158249616702,0.5494027298877852,1.0286003221663904,0.3036675265168347,0.9999225138543825
R3HCC1,3.6527318103225044,-0.2548644589310258,0.6059554267955172,-0.42059935048165037,0.6740476681087633,0.9999225138543825
CHMP7,3.682593785426175,0.3786967087272924,0.47213518038318064,0.8020938164784619,0.4224986916131801,0.9999225138543825
TNFRSF10B,2.0295727090715103,0.687281120193516,0.7098911772374891,0.9681499675317008,0.33296947801490173,0.9999225138543825
EGR3,4.204895395803012,-0.33545648208371204,0.7341144198093627,-0.456953947547883,0.6477041469064557,0.9999225138543825
BIN3,1.3690368198383347,0.6005097719567006,0.6034692211867669,0.9950959400642732,0.31968960505949473,0.9999225138543825
CCAR2,3.138421051095102,-0.7078696688988064,0.5374163681443138,-1.317171770080364,0.18778105420168434,0.9999225138543825
PDLIM2,12.456768886073295,-0.06527378766526186,0.4149022250367174,-0.15732330107288617,0.8749900573174839,0.9999225138543825
WRN,2.423266157766117,-1.1566456499062407,0.6156157049400247,-1.8788436367440056,0.06026584674885454,0.9999225138543825
PPP2CB,2.331560556954698,-0.3681932830755308,0.6827670249343409,-0.5392663524002768,0.5897030824184173,0.9999225138543825
GSR,1.4751798288656663,-0.25749145738088075,0.6808419484568777,-0.3781956413885526,0.7052852631066475,0.9999225138543825
GTF2E2,4.402866432442428,0.3495956349608909,0.48468719185250114,0.7212809433331984,0.4707366793144171,0.9999225138543825
DCTN6,10.068678786782083,-0.7845086420322137,0.6019174157034641,-1.3033492993641898,0.19245553734806364,0.9999225138543825
RP11-51J9.5,6.528406748398739,-1.0204408018739526,0.63187969632036,-1.614928930010427,0.10632608642244078,0.9999225138543825
LEPROTL1,44.14484732612985,0.02052762820642076,0.35447651428177385,0.057909698892218635,0.9538205574903079,0.9999225138543825
RP11-489E7.4,6.2376664847178915,0.4314063843229844,0.8708235785894187,0.49540044037597947,0.6203174839312473,0.9999225138543825
SARAF,146.08896196630556,0.2742026917225058,0.3509298899119729,0.7813603218331919,0.43459060094404545,0.9999225138543825
DUSP4,54.524947289751374,0.5377809310432503,0.6174430673103815,0.8709805964554042,0.38376474777431735,0.9999225138543825
KIF13B,4.192826989049872,-0.49000913568986515,0.532210213031936,-0.9207059986660974,0.3572039434884231,0.9999225138543825
HMBOX1,2.4385876275998446,-0.29495258137135966,0.5494377079630256,-0.536826244534364,0.5913876414161057,0.9999225138543825
INTS9,1.3085183706956365,-0.7185965287911243,0.7773428233890415,-0.9244267872162294,0.3552641533164467,0.9999225138543825
ELP3,2.0324427418183557,-1.2921251245111105,0.615908227798405,-2.0979182712493984,0.03591236568432653,0.9999225138543825
CCDC25,4.40806164942632,-0.5025554317099974,0.5417783772503342,-0.927603338953091,0.353613365088276,0.9999225138543825
CLU,4.2551615300427805,-0.7628035884666854,0.892798644409999,-0.8543959976224873,0.39288561281684053,0.9999225138543825
PLEKHA2,10.696617355750751,-0.23721698840373193,0.38694732903972456,-0.6130472304652577,0.5398451106699063,0.9999225138543825
TACC1,12.756381779832896,-0.303512553294094,0.464738341350521,-0.6530826624119115,0.5137029888661706,0.9999225138543825
RP11-350N15.5,2.2952503063617304,-0.10490301831492678,0.7797825615913212,-0.13452855126799534,0.8929846356413765,0.9999225138543825
WHSC1L1,17.87280252338255,0.34448061682096887,0.3878884154596702,0.8880920468138741,0.37449124040043735,0.9999225138543825
PLPP5,4.413757752612171,0.292222719608685,0.40440840586322446,0.7225930899851722,0.4699299147970304,0.9999225138543825
DDHD2,3.1531885501593058,0.08850240277053091,0.584439049652806,0.1514313645248499,0.879635449427944,0.9999225138543825
BAG4,2.1239238348393408,0.2492193207926704,0.6007706083921822,0.4148327453296124,0.6782643464733444,0.9999225138543825
LSM1,10.12973849977684,0.13585784809319232,0.3507226307754861,0.38736550245644474,0.6984856391550067,0.9999225138543825
ASH2L,1.5797584869546277,-0.2216534012209648,0.5712496299465041,-0.3880149580871012,0.6980049641887791,0.9999225138543825
EIF4EBP1,3.848046769796455,0.7364065858758979,0.4805268379389988,1.5324983491752069,0.12539950465789193,0.9999225138543825
RAB11FIP1,11.467397086322533,0.6917298536246208,0.4494268972189584,1.5391376393024685,0.12377069783476376,0.9999225138543825
BRF2,1.3310240377217943,-0.2395656410235771,0.6384536180246432,-0.37522794806110776,0.7074909466061335,0.9999225138543825
PROSC,5.033772458532529,-0.6766776780687879,0.436853883778456,-1.5489794258346457,0.12138666598204308,0.9999225138543825
ERLIN2,1.0455436005343604,-0.42060144746214967,0.7361364991118238,-0.5713633924817219,0.5677533385231073,0.9999225138543825
MAK16,0.7607867129020459,0.1843638798860224,0.7030306907945232,0.262241581057671,0.7931351977405086,0.9999225138543825
TTI2,1.212200743509219,-0.2637690079888973,0.7096149252814836,-0.3717072437340122,0.710110831132367,0.9999225138543825
HGSNAT,3.6417145567001867,-0.316814357223972,0.5306218836037035,-0.5970623659023186,0.5504657429818459,0.9999225138543825
FNTA,6.10371826684084,0.34947895903205123,0.38029132106521685,0.9189769518093168,0.3581076277617573,0.9999225138543825
HOOK3,6.347517635103333,0.2832644995269099,0.39065898496348966,0.725094034515508,0.46839434388025825,0.9999225138543825
RNF170,1.6182037322161695,-0.0006883741659978213,0.6935695210434065,-0.0009925092512171392,0.9992080923220146,0.9999225138543825
THAP1,3.568266215553535,-0.06594360493535366,0.5330276313239438,-0.1237151717098825,0.9015407986615241,0.9999225138543825
SMIM19,7.246339420293072,-0.32917478406540857,0.4240641913617509,-0.7762381044444372,0.43760841135533846,0.9999225138543825
SLC20A2,1.8661592785958538,0.18078251924540237,0.6132191818691616,0.29480897628537445,0.7681398089545695,0.9999225138543825
VDAC3,13.36079038828934,-0.6250456629616646,0.3455222865900464,-1.808987979126411,0.0704528708974016,0.9999225138543825
POLB,3.0597908679233217,0.7220211989238996,0.5296462347592328,1.3632140692024683,0.17281505447287804,0.9999225138543825
IKBKB,4.479488295619666,-0.2915937263298442,0.5300535521629166,-0.5501212568805129,0.5822362077460439,0.9999225138543825
AP3M2,4.550354104423403,-0.26848088201777126,0.4690459770678787,-0.5723977928477524,0.5670525108038775,0.9999225138543825
KAT6A,5.619959499007498,0.5904882064892872,0.5848049296067143,1.0097182438020742,0.31263029926286223,0.9999225138543825
GPAT4,1.9393594304748085,0.11634501532960283,0.5844637393294855,0.1990628459912284,0.8422135841625525,0.9999225138543825
GOLGA7,11.803664004566345,0.31835762357903064,0.3769637949446415,0.8445310341429011,0.3983727289525335,0.9999225138543825
ZMAT4,1.916014659743827,-0.02311256781569056,0.8287674423531054,-0.02788788100805147,0.977751574240058,0.9999225138543825
TM2D2,3.5630682182508826,0.0696255291871657,0.4503917517292834,0.15458881944404582,0.8771454848234143,0.9999225138543825
UBXN2B,1.2926999022645456,-0.46919241848006343,0.6088412626258057,-0.7706317677230583,0.4409252258619737,0.9999225138543825
IMPAD1,2.9766739998304765,-0.5888198835802044,0.5809823330167831,-1.0134901702134804,0.31082608897791064,0.9999225138543825
CHCHD7,13.125961518371094,0.12588758832922844,0.38036704445254477,0.33096344745222633,0.740672095746997,0.9999225138543825
RPS20,158.28439521007354,-1.1243209626982564,0.7945833198869114,-1.414981833318971,0.15707382255455946,0.9999225138543825
LYN,7.551968689794269,0.44979540085489694,0.3427994696029201,1.3121239696663327,0.18947830963682544,0.9999225138543825
TGS1,6.6219545487320115,-0.8057453815783385,0.3941741377518436,-2.044135584779547,0.040940154590429774,0.9999225138543825
TMEM68,1.7750884441643755,0.2626171936135958,0.6084174018520723,0.4316398459580013,0.6660031936374808,0.9999225138543825
LYPLA1,10.842286075750208,0.02716090092438798,0.35737769117963175,0.07600054954391619,0.9394186609913717,0.9999225138543825
TCEA1,20.396943147101293,-0.2680376927941517,0.3592669306354979,-0.7460683684970024,0.45562611607880865,0.9999225138543825
ATP6V1H,5.835384772218911,0.32890201436737815,0.3863095490412612,0.851394989286813,0.39454997425256566,0.9999225138543825
RB1CC1,11.68969022217716,-0.010256671518246148,0.4207838687499921,-0.02437515380215331,0.9805533668298985,0.9999225138543825
PCMTD1,12.071485069699241,0.2889432234679425,0.3561392229636099,0.8113209802152754,0.41718136474311396,0.9999225138543825
UBE2V2,8.782629181237835,-0.19757370876412195,0.4354722588766777,-0.4536998734977359,0.6500448579900546,0.9999225138543825
PRKDC,7.054884390990698,-0.14728092968736117,0.42200359487261413,-0.3490039693425345,0.7270863296127399,0.9999225138543825
CEBPD,15.01241930740847,-1.4147039613732935,0.718961920312515,-1.9677036034931537,0.04910215097866922,0.9999225138543825
SPIDR,2.760836214989844,-0.5889550311692907,0.5345770678522997,-1.1017214665332693,0.2705827815034576,0.9999225138543825
COPS5,9.103040278690715,-0.5560802370000971,0.3620134178578421,-1.5360763153217227,0.12451966440242082,0.9999225138543825
SGK3,1.6640296873181553,0.023830298395927988,0.6349854893472874,0.03752888655837406,0.9700633082217436,0.9999225138543825
VCPIP1,4.190370184328902,0.2345969360306187,0.5640078900207167,0.41594619540163114,0.6774493750530696,0.9999225138543825
MYBL1,6.149243878265625,0.19463914244194633,0.5537771932593443,0.3514755479480231,0.7252316136995375,0.9999225138543825
ADHFE1,1.2104571061188845,-1.046606638056103,0.8402927737557498,-1.2455261674787683,0.21293840291802535,0.9999225138543825
RRS1,2.06146580844087,-0.7325841748219405,0.6102085257363636,-1.2005472620001518,0.22992686893050762,0.9999225138543825
PDE7A,12.1932326006515,-0.5724334048585443,0.523763386814511,-1.0929236736841053,0.27442731309053137,0.9999225138543825
ARMC1,3.356822929833915,0.1157808954561416,0.4728220230831597,0.24487204445588637,0.8065555080999248,0.9999225138543825
YTHDF3,5.765503170217555,0.14529942235774734,0.4262735560235418,0.34085957316508486,0.7332093001100637,0.9999225138543825
ASPH,1.6317302812232295,-0.07623188809225472,0.5561632616723443,-0.13706746444026294,0.8909774693164694,0.9999225138543825
CHD7,2.5890819848197824,-0.34803543056804276,0.5437645772095467,-0.6400480008353372,0.5221413933446455,0.9999225138543825
RAB2A,16.1812500464211,0.15991168655626667,0.28544343041508347,0.5602219897782471,0.5753280297525969,0.9999225138543825
RP11-25K19.1,2.553689049797131,0.04264565191655423,0.6136752942479922,0.06949220918012174,0.9445978338368762,0.9999225138543825
TOX,7.073722246807026,-0.6804990383095703,0.514570271915883,-1.3224608483033622,0.18601473833022308,0.9999225138543825
NSMAF,2.4379250624575755,0.23021503819451056,0.5206725285023214,0.44214938486712224,0.6583811099394834,0.9999225138543825
SDCBP,63.09168881486687,0.37265500449445027,0.3551252800861955,1.0493620854139136,0.2940115013195189,0.9999225138543825
PAG1,3.330410344369518,0.9276298146323786,0.5791300412221692,1.60176428194737,0.10920774424949274,0.9999225138543825
ZBTB10,10.435966581558704,0.10828131891303984,0.5244594416897373,0.2064627124724308,0.8364294883823966,0.9999225138543825
TPD52,5.9643153699982365,-0.3861341077847748,0.46715200687209,-0.8265705853865708,0.40848049517515284,0.9999225138543825
MRPS28,3.272303066737947,-0.006507709857840154,0.49362076460295734,-0.013183622579318792,0.9894812957950477,0.9999225138543825
PEX2,6.981940317395105,-0.1268661615537707,0.3994107898288189,-0.3176332857911613,0.7507631222974689,0.9999225138543825
TMEM70,7.079511325330416,0.29685780902561393,0.4410274596556425,0.6731050471492244,0.5008804631937571,0.9999225138543825
TCEB1,21.310006619741607,-0.009510743720521516,0.24285361264567026,-0.03916245517993565,0.9687608670848981,0.9999225138543825
UBE2W,2.2182506859383304,-0.7445458653943526,0.6492992052780312,-1.1466914780459905,0.2515091537848154,0.9999225138543825
STAU2,3.309804244944203,-0.18123681011668702,0.5351954496581035,-0.33863667980074513,0.7348834470318009,0.9999225138543825
RPL7,208.65629071143013,-0.6003090346714381,0.7332758267259512,-0.8186674274424063,0.4129761854019357,0.9999225138543825
TERF1,8.82989537823393,0.04665268638969114,0.456385810536051,0.10222203520064509,0.918580437808857,0.9999225138543825
LACTB2,1.5031437701328778,-0.8228635507643239,0.7435573978739872,-1.106657741711793,0.2684419323235643,0.9999225138543825
TRAM1,17.121006768427673,0.20071014002007567,0.35440546359453345,0.5663291360815566,0.5711700574961289,0.9999225138543825
NCOA2,3.8535765324507065,0.07297553051787917,0.5502291536737888,0.13262752442438508,0.89448796337136,0.9999225138543825
ARFGEF1,7.665976198278114,-0.0629647105722796,0.47437190294476034,-0.13273279926870316,0.8944047022983237,0.9999225138543825
CSPP1,1.8802123077708937,0.49626328429523375,0.7129902252736763,0.6960309786922346,0.4864094294295298,0.9999225138543825
OTUD6B-AS1,13.171134898312049,-0.32850079603226195,0.3295046686228826,-0.9969533888705853,0.31878713519746094,0.9999225138543825
TMEM55A,1.4609265901106097,-0.0834188711509212,0.6745052018458124,-0.12367417022528793,0.9015732637962928,0.9999225138543825
TMEM64,1.880908545121442,0.42527986257530276,0.5964569067453499,0.7130102070506678,0.4758394410533493,0.9999225138543825
DECR1,11.665758280517718,-0.23827405307976232,0.410274217646266,-0.5807677958579393,0.5613969623896222,0.9999225138543825
NBN,5.936021527496453,-0.28638502563246016,0.42194461654485704,-0.6787265778564909,0.4973111227322332,0.9999225138543825
RIPK2,7.195816982293935,-0.05130139309737362,0.4332400532828516,-0.1184133200719561,0.9057401721412214,0.9999225138543825
RP11-37B2.1,1.5315442910978723,-0.2036075763052373,0.6670831815422362,-0.30522067103313105,0.7601980898855937,0.9999225138543825
CPNE3,11.132283154723499,-0.4298851821263039,0.3537769092650758,-1.2151306964022406,0.22431624759555835,0.9999225138543825
RMDN1,2.529635812239649,0.3778906383199955,0.4882829561007988,0.773917323139138,0.43897968465643267,0.9999225138543825
WWP1,3.3908174980145493,-0.1178996181466792,0.445895873185812,-0.2644106510883731,0.7914635051145309,0.9999225138543825
CA2,1.5798537478975745,-0.1887216652745371,0.7589366448581051,-0.24866590189464563,0.8036192268009138,0.9999225138543825
C8orf59,21.36186882076801,-0.22703530477370074,0.2778733470846738,-0.8170459929160401,0.4139021447734118,0.9999225138543825
LRRCC1,1.6280054395923582,-0.7903157860343337,0.7409870171374819,-1.0665717047073435,0.2861652833168613,0.9999225138543825
ZFAND1,5.957321909239415,0.008275001221884362,0.42746530292758733,0.019358299177058936,0.9845552766048323,0.9999225138543825
IMPA1,5.005604558968232,-0.10505830168731031,0.382821416158402,-0.27443162073210603,0.7837529456033246,0.9999225138543825
FABP5,18.65654103512288,-0.0798658131832463,0.5086448580153059,-0.15701684962446433,0.8752315687384166,0.9999225138543825
RPL30,841.4625163699225,-0.08641873257751773,0.28847588091625326,-0.2995700448267484,0.7645051360926148,0.9999225138543825
MTDH,24.362701303935406,-0.007172759910678419,0.387596313558453,-0.018505748532091505,0.9852353916862955,0.9999225138543825
CPQ,3.9561863456871973,0.16164726913733013,0.4894478465839122,0.3302645425156997,0.7412000821630094,0.9999225138543825
PTDSS1,7.4675150140885,-0.01953138240806141,0.5075635426043825,-0.0384806645249638,0.9693044475385827,0.9999225138543825
MTERF3,1.2604028855862146,0.0286277845265795,0.6475244745737799,0.044211123518417064,0.9647361154388658,0.9999225138543825
UQCRB,68.59149951970261,-0.07527123929243958,0.43121028142649104,-0.17455808113719842,0.8614268891748066,0.9999225138543825
PLEKHF2,3.964654795211549,0.9974335912903107,0.512683379350154,1.9455157539036987,0.05171293552046279,0.9999225138543825
TP53INP1,2.900726365772899,0.7522330202402387,0.6405275548091115,1.1743960343195814,0.24023643296549357,0.9999225138543825
NDUFAF6,1.4265019591863148,1.2368593272798953,0.6481159731522682,1.908391983095451,0.05634057224429374,0.9999225138543825
CCNE2,1.4350988665027735,-0.004826693085399102,0.6456538029374943,-0.007475667398595612,0.9940353359574895,0.9999225138543825
INTS8,2.7760033896027294,0.20676995428571868,0.5607262434378621,0.36875383791205096,0.7123112154333658,0.9999225138543825
KIAA1429,3.3479226808018128,0.1354576345719198,0.585615326167582,0.23130821294994028,0.8170753666723665,0.9999225138543825
GEM,27.053981595400888,0.23229867147856886,0.8815858024444134,0.26350092167371986,0.7921645132520787,0.9999225138543825
PDP1,2.8655638225480407,0.05215189285093492,0.5179062838621427,0.10069754794637097,0.9197905579364463,0.9999225138543825
TMEM67,1.1397451893428991,0.15902193722778202,0.7348266918537668,0.2164074046175611,0.8286701949698538,0.9999225138543825
RBM12B,1.6508673941095664,-0.1392615643193634,0.6995206062220922,-0.19908143245625698,0.8421990452683339,0.9999225138543825
ATP6V1C1,2.7041170166818547,-0.08604552719886338,0.5175604619331737,-0.1662521261331848,0.8679585394570872,0.9999225138543825
AZIN1,14.21541191992532,0.4562451402248912,0.5184785383423909,0.8799691915571592,0.3788759995740514,0.9999225138543825
KLF10,9.937087850924756,0.5087056108530829,0.4546011395814403,1.1190152565861526,0.2631336303920506,0.9999225138543825
UBR5,4.333244445199827,0.38140217186706765,0.5531756920057375,0.6894774614628436,0.4905228518965634,0.9999225138543825
RRM2B,1.8805510357518642,-0.23848112469390215,0.5893687891247356,-0.40463819783885663,0.6857434765348451,0.9999225138543825
NCALD,5.6892788342940666,0.15649710972976058,0.4426707904128138,0.35352933403132103,0.7236916413403655,0.9999225138543825
ZNF706,17.224745592408706,0.3482014739729442,0.27409598067412716,1.2703632979825454,0.2039552504710863,0.9999225138543825
YWHAZ,96.60690340172464,0.3470733560144067,0.26826316518780907,1.2937793967033198,0.19574163132124411,0.9999225138543825
PABPC1,135.25663138573586,0.4037362728622035,0.2772229828224886,1.4563593131840873,0.1452933168421468,0.9999225138543825
ANKRD46,1.4419947983939323,-0.22263719448353392,0.6710929743914382,-0.3317531295651339,0.7400756788332057,0.9999225138543825
RNF19A,34.87500393961169,0.3251867889436198,0.4466795132325585,0.7280091862514301,0.466607962978022,0.9999225138543825
SPAG1,3.7004234759849353,0.2464737102510324,0.5814677113566087,0.42388202377736567,0.6716518547047496,0.9999225138543825
POLR2K,31.350636493820357,-0.20217967488776328,0.3321488504484499,-0.6087020160232105,0.5427219705008262,0.9999225138543825
COX6C,53.459037892667084,-0.6928209307697247,0.43515912941329615,-1.5921093777897328,0.1113601303441442,0.9999225138543825
VPS13B,2.451773384134839,0.5081236884405468,0.5004113023563799,1.0154120941070879,0.30990943038583163,0.9999225138543825
HRSP12,1.778445256338322,-1.1235871841892842,0.6732620066064507,-1.668870622675827,0.09514302277625826,0.9999225138543825
SNTB1,1.3622213029413446,0.06616967356520621,0.6959792838657631,0.09507419990674418,0.9242558907209357,0.9999225138543825
MRPL13,6.996255566212005,-0.6752483592937665,0.42216440168399194,-1.5994914696744582,0.10971144251819188,0.9999225138543825
TAF2,2.9872938903828152,-0.17727997730277978,0.5104348497548978,-0.34731166453055984,0.7283571885540785,0.9999225138543825
MED30,14.427890316607135,0.15773102887539842,0.5016938088443758,0.3143970009092263,0.7532195336858138,0.9999225138543825
RAD21,15.544896431872987,-0.030562438125712608,0.30083023207782766,-0.10159363942453035,0.9190792283309102,0.9999225138543825
UTP23,4.99583623511629,0.5244001462770235,0.37557285981539223,1.396267415421831,0.16263398225754278,0.9999225138543825
EIF3H,40.27518453021186,-0.1300799111383909,0.3882037099793968,-0.335081576488011,0.7375635501439648,0.9999225138543825
TRPS1,2.5416111128424186,-0.005454904886997499,0.5485735914019835,-0.00994379782857658,0.9920661279860901,0.9999225138543825
EBAG9,3.5762787749595146,-0.18585271487860622,0.46480576635047527,-0.39985027797281797,0.6892667963850776,0.9999225138543825
ENY2,22.65009167315524,0.11343461651986134,0.3021490141434117,0.3754260686285769,0.7073436203972363,0.9999225138543825
NUDCD1,1.3773160166612886,0.3830860317359262,0.7004071357892079,0.5469476425368951,0.584414703118934,0.9999225138543825
EMC2,3.6340811311222962,-0.04913318780512541,0.43971462126833605,-0.11173880837394731,0.9110305073650186,0.9999225138543825
EIF3E,54.950358902785965,-0.2263623734940597,0.42572141207768993,-0.5317147953383909,0.5949235430971083,0.9999225138543825
OXR1,4.14160584852036,0.3065548904486505,0.44153147633028045,0.6942990633341326,0.4874946782833377,0.9999225138543825
DCAF13,5.699627178276349,-0.02193752395549207,0.4046385457625792,-0.054215111697153706,0.9567637809984076,0.9999225138543825
SLC25A32,5.744022360297148,0.09275277975203484,0.5285223358642129,0.17549453156103648,0.8606910672858405,0.9999225138543825
SQLE,4.477492777078732,0.6697257629325061,0.5041083919131412,1.3285352390005463,0.18400135014610952,0.9999225138543825
MTSS1,7.34260612546539,-0.14955923180716743,0.5831985318857956,-0.25644651628933585,0.7976060735846369,0.9999225138543825
NDUFB9,22.348518647575943,-0.40259844227072467,0.4042077673414317,-0.9960185696546805,0.31924112269186045,0.9999225138543825
TATDN1,5.931199586957093,-0.7444820289088437,0.4514454647317009,-1.6491073386932744,0.09912564644864809,0.9999225138543825
RNF139,15.176832114088239,-0.12109431198208512,0.4447826420926269,-0.27225503093456366,0.7854259307048992,0.9999225138543825
RNF139-AS1,2.9611185237169253,-0.2008432463055122,0.4777922657401135,-0.42035683854028155,0.6742247936375299,0.9999225138543825
TRMT12,1.5625683536043717,-0.23161459164180434,0.570775773724217,-0.4057891072190357,0.6848975629376897,0.9999225138543825
FAM91A1,3.2798196753264213,0.1997796579058876,0.4984564945286114,0.4007965792377096,0.6885698976088207,0.9999225138543825
FBXO32,4.206846076116976,-0.29468926167157833,0.482850238530762,-0.6103119314350384,0.5416551946859509,0.9999225138543825
WDYHV1,1.2444506608728294,-0.15215134642249684,0.6296214767164315,-0.24165526756804492,0.8090472936211452,0.9999225138543825
ATAD2,1.8019052761433203,0.8769264431843934,0.6111435787931082,1.4348943089873505,0.15131721767122602,0.9999225138543825
ZHX1,2.6528837312770857,0.19259404013949774,0.6048671593658269,0.3184071695038345,0.7501761005823062,0.9999225138543825
C8orf76,2.187495440131104,0.7431341516930948,0.5443040574956737,1.3652923241326407,0.17216119055399193,0.9999225138543825
TBC1D31,1.9258863220489753,0.14705692483048893,0.5649494132202415,0.2603010488890619,0.7946315635883089,0.9999225138543825
DERL1,12.420924786033842,-0.10577639464487076,0.3311501353872607,-0.3194212634736551,0.7494070887758485,0.9999225138543825
ZHX2,2.0222819935350502,0.6965088259835572,0.5720492014560499,1.2175680417186447,0.22338816511090553,0.9999225138543825
AGO2,10.525338045157234,-0.7639348344332351,0.5702075257473164,-1.339748775556792,0.18032703428373664,0.9999225138543825
CHRAC1,4.873586868333553,0.6193619530197206,0.41157805839767453,1.50484687019268,0.1323634504089175,0.9999225138543825
TRAPPC9,1.221362985746075,0.13268338509369515,0.7059969317352686,0.1879376228556304,0.8509255494221569,0.9999225138543825
ST3GAL1,13.83462860235216,-0.34965411870099034,0.3537168184615218,-0.9885142590103517,0.32290085461872897,0.9999225138543825
NDRG1,6.28118459044329,-0.2275702114319849,0.5821444986660709,-0.3909170523013453,0.6958585490262404,0.9999225138543825
SLA,51.51041652964957,-0.2614866643478114,0.4198084471798371,-0.6228713740859914,0.5333690506575688,0.9999225138543825
PHF20L1,12.96001467160787,0.36617640219151537,0.36352047716147723,1.0073061222046602,0.313787688638934,0.9999225138543825
TMEM71,4.909238853245245,0.020045489524819778,0.518372403355788,0.03867005534062244,0.969153447920966,0.9999225138543825
EFR3A,7.21969028291922,0.46188836650223003,0.38867852609265297,1.1883557631689827,0.2346932768940364,0.9999225138543825
ASAP1,2.4846510284632872,0.11394569341866635,0.6242983958112329,0.18251799809705058,0.8551762311428067,0.9999225138543825
FAM49B,36.90854898217682,-0.2046823711720339,0.331275145617515,-0.6178621423303423,0.5366662159862485,0.9999225138543825
PVT1,2.5446563891859415,0.29931563754217844,0.7118064680967155,0.4205014297531073,0.6741191851378677,0.9999225138543825
MYC,16.420375076728583,0.7056986810885998,0.5648993660114958,1.2492467217147465,0.21157484807832638,0.9999225138543825
LINC00861,13.895025926676754,-0.4832112056106818,0.461425616170216,-1.047213654112409,0.2950010492124736,0.9999225138543825
NSMCE2,4.69648560318944,-0.6288489994108615,0.4508406599506624,-1.3948364805421039,0.16306515524825194,0.9999225138543825
KIAA0196,1.8417540309815519,-0.939937396736555,0.6129619293073448,-1.5334351968623838,0.12516866211434186,0.9999225138543825
GPAA1,6.845658390792092,-0.1312831326834396,0.4688462388072806,-0.2800131937016639,0.7794673825331528,0.9999225138543825
EXOSC4,3.7210039808612203,-0.08771653318701128,0.7025991859782462,-0.12484576546282412,0.9006456552012209,0.9999225138543825
GRINA,4.360162531895667,0.057936376852050414,0.5693313686182169,0.10176213721134604,0.9189454797113364,0.9999225138543825
PARP10,7.502077896574137,-0.06048592690304455,0.5124982873931058,-0.11802171517628805,0.9060504519075743,0.9999225138543825
PLEC,5.291068976287007,-0.5051090806069909,0.5719949102124634,-0.8830656909505922,0.3772007799019793,0.9999225138543825
PUF60,10.20234400863678,0.28311544221790397,0.4057175678386754,0.6978141068086028,0.4852934557772548,0.9999225138543825
SCRIB,0.8472867475070629,0.36525277002602996,0.8043298633165059,0.45410817959683547,0.6497509662862171,0.9999225138543825
ZNF623,0.9426606352695034,-0.9978622867906617,0.7883822943363709,-1.2657086466288832,0.2056174115215894,0.9999225138543825
TSTA3,5.848451221794843,0.20856377360135045,0.41767585306112104,0.49934362274668065,0.6175373286117631,0.9999225138543825
EEF1D,166.80550480502,0.2389661512455925,0.3124980669186705,0.764696414291052,0.4444523418729386,0.9999225138543825
GSDMD,7.4666912202460685,-0.23010884897346784,0.4394471716099233,-0.5236325634557155,0.6005341280566657,0.9999225138543825
ZC3H3,1.257527905069068,0.08162546490806728,0.6704955293390428,0.1217390144100313,0.9031057139891098,0.9999225138543825
GLI4,1.3525758329689404,0.8875017830548773,0.6934175621491155,1.2798951620207522,0.20058200936133053,0.9999225138543825
LY6E,54.517559251227325,0.051406117267635325,0.3465850538824098,0.14832179487196384,0.8820888157740625,0.9999225138543825
DENND3,4.092972581691435,-0.8749683654744341,0.5989609319145457,-1.4608104115866887,0.1440674777588532,0.9999225138543825
PTK2,0.5893966583629653,-0.17372971048211644,0.831158598120605,-0.20902113131591216,0.8344317425487477,0.9999225138543825
ZNF250,3.010200529417218,-0.27908315164847186,0.46293980132820595,-0.6028497676107416,0.5466086354868946,0.9999225138543825
COMMD5,6.255945982497186,0.6361268039493366,0.4445592286488452,1.4309157542015838,0.15245436133642676,0.9999225138543825
ZNF7,3.2187236569604543,-0.7238018878423177,0.5719900483792315,-1.2654099313322922,0.20572441693513754,0.9999225138543825
RPL8,402.598755164953,0.14065494290525896,0.36809993536487434,0.38211075143448897,0.7023792173446097,0.9999225138543825
CYHR1,3.4795943878696534,-0.25331354955847407,0.621948976902286,-0.4072899208229938,0.683795064683888,0.9999225138543825
VPS28,27.56106679133462,-0.370773861720176,0.32389234472529327,-1.1447441341494036,0.25231516339834403,0.9999225138543825
SLC39A4,2.382552150968056,0.18723654743575585,0.543206479507402,0.3446876178751555,0.7303292278247766,0.9999225138543825
CPSF1,1.1141900250898007,-0.508224264372793,0.6473093827467897,-0.785133473913504,0.43237531538830687,0.9999225138543825
FBXL6,1.6230609583417934,-0.4924939604839193,0.6963914886408203,-0.7072084718398018,0.47943693458650094,0.9999225138543825
SLC52A2,3.597165910975346,0.5877798342641051,0.5408283724641523,1.0868139768371063,0.27711902951841494,0.9999225138543825
DGAT1,1.833724805759063,-0.27085801548850685,0.7496136659536817,-0.36133014616791026,0.7178526604615764,0.9999225138543825
HSF1,8.265285691544271,0.33870577779992256,0.4203366259994488,0.8057964898837218,0.4203602023213048,0.9999225138543825
BOP1,1.7716126725919958,0.5134914992327264,0.6495698808724129,0.790510019557981,0.42922997306024335,0.9999225138543825
MAF1,14.878015115951767,0.3109204444079424,0.35535194101901585,0.8749648123951129,0.3815930519273447,0.9999225138543825
SHARPIN,7.722604627850351,-0.14805246432254873,0.4670647319904958,-0.3169848934891565,0.7512550648861028,0.9999225138543825
CYC1,10.17532968312691,0.2733958436487802,0.3920011115034509,0.697436399096469,0.4855297289850755,0.9999225138543825
KDM4C,4.88240170462977,0.5314783914238821,0.5209009721207029,1.0203060079924908,0.30758335484954447,0.9999225138543825
UHRF2,3.099827008311297,0.5035262565458326,0.6073184934980653,0.8290975195660442,0.40704922721678594,0.9999225138543825
KIAA2026,5.525955583112699,-0.3665094875161136,0.5059056790338587,-0.7244620938354485,0.4687820906795198,0.9999225138543825
RIC1,5.405460835499927,0.07317801840108727,0.6904787656409107,0.10598156242091321,0.9155969808461701,0.9999225138543825
PLGRKT,5.147333362400904,-0.04650267470281021,0.4018848478199072,-0.11571144061556908,0.9078812388624663,0.9999225138543825
JAK2,3.2207984711956987,-0.44852049418329987,0.5415524213362183,-0.8282125174080602,0.4075501561046919,0.9999225138543825
RCL1,1.2063150113891028,0.7471009683106569,0.6618230010046954,1.128853133204049,0.2589597941770949,0.9999225138543825
AK3,5.4989407425301815,0.27970298831984675,0.4683565086041018,0.5972010278099446,0.5503731730696888,0.9999225138543825
CDC37L1,5.370335682490411,0.345632220227298,0.4151255640944744,0.8325968095490235,0.40507215895841353,0.9999225138543825
RFX3,2.080149065495768,-0.5306986948937866,0.7024111502986325,-0.755538539882458,0.44992591695438355,0.9999225138543825
PUM3,4.967924976252344,-0.015373047875379313,0.4204763891704172,-0.03656102523547092,0.9708350200952768,0.9999225138543825
SMARCA2,10.271223500877852,-0.35108174222215355,0.4176677739636358,-0.8405765637372837,0.4005851926581028,0.9999225138543825
DOCK8,15.316547900060481,-0.05708791969509344,0.403290465034766,-0.14155534197956335,0.8874312435537451,0.9999225138543825
CBWD1,1.9131678479820011,-0.7468159556646121,0.7591184527119881,-0.9837937057076868,0.3252169547682481,0.9999225138543825
WASH1,2.9288873820967427,-0.27442333233186167,0.5977623106103683,-0.45908436758358206,0.6461735820052952,0.9999225138543825
C8orf33,2.4931000309098206,-0.3453918543675759,0.5571984316379168,-0.6198722658860986,0.5353418863109038,0.9999225138543825
PLAA,6.476488954951839,-0.34500798099029917,0.5780864217729,-0.5968103868141619,0.5506339824260005,0.9999225138543825
CAAP1,4.660228892451493,-0.2486775805283074,0.4448991350135949,-0.5589527174978852,0.5761939896552499,0.9999225138543825
KLHL9,3.495785579077667,0.22933471205875774,0.6256576720467866,0.36654982797303276,0.7139548384110017,0.9999225138543825
HACD4,5.5881393621692395,0.2272238916051896,0.43580008363842804,0.5213947865914393,0.6020917824989092,0.9999225138543825
MLLT3,5.340258365755434,-0.016904789667260563,0.3987786239213823,-0.04239141381508272,0.9661866729810986,0.9999225138543825
RPS6,516.8603439594382,-0.15656166686786377,0.41954644725005763,-0.37316885387555204,0.7090227756028344,0.9999225138543825
DENND4C,5.579732865916047,0.12083331823599615,0.47367109219405246,0.255099625515026,0.7986461533948919,0.9999225138543825
PLIN2,15.80603279981221,-1.0043280607255176,0.45519130598576263,-2.206386737880558,0.027356932817464843,0.9999225138543825
HAUS6,2.867973235849447,-0.1447920453205265,0.4699020746217258,-0.3081323814905159,0.7579816022962051,0.9999225138543825
RRAGA,7.17287363849553,0.3992496617667412,0.4046513879148956,0.986650914072015,0.32381380128841364,0.9999225138543825
BNC2,1.2051745777166607,0.5047968822195879,0.8710525907283863,0.579525148759927,0.5622348825146215,0.9999225138543825
PSIP1,10.59659666797712,-0.003921565327650489,0.4021090902758118,-0.009752491108720366,0.9922187612621873,0.9999225138543825
SNAPC3,1.9257587182685112,0.40547281817634423,0.5827413926091805,0.6958023289900008,0.48655263050997544,0.9999225138543825
TTC39B,3.6227394411726874,-0.11727365669732749,0.5535884923798865,-0.2118426562538647,0.8322297887946525,0.9999225138543825
ZDHHC21,3.1592140507844673,0.28593130120715443,0.4770604749448872,0.5993607021000573,0.5489323767729397,0.9999225138543825
TMEM261,4.969515961685725,-0.30956226757842037,0.505961802520616,-0.6118293239454711,0.5406506862138856,0.9999225138543825
UBE2R2,4.306465640986331,-0.22786734928225805,0.5882434654311943,-0.38736911274522473,0.6984829667743805,0.9999225138543825
AQP3,8.047972766376962,0.12294323740577233,0.6381783393931083,0.19264714863667778,0.8472353172322665,0.9999225138543825
NFX1,2.8684590640224665,-0.35773049406092056,0.5299274184591501,-0.6750556427162797,0.4996404138773879,0.9999225138543825
CHMP5,15.737392670591369,-0.345418826794853,0.3646178462764613,-0.9473448168330981,0.34346310068053976,0.9999225138543825
BAG1,12.178099122511385,0.26827573806208016,0.36200039454719146,0.7410923913429794,0.4586374226446105,0.9999225138543825
B4GALT1,20.469640287097466,-0.4987368008496641,0.5106824838167101,-0.9766083949506804,0.32876306141659883,0.9999225138543825
SMU1,8.03062841762167,0.20684185562911717,0.3772314408772176,0.5483155252068204,0.5834752689520908,0.9999225138543825
DNAJA1,246.4598056618411,0.5353779495000578,0.6303283398705807,0.849363602483718,0.3956789997176675,0.9999225138543825
APTX,3.4151867028469733,-0.37556249023057336,0.45701433415156684,-0.8217739842401085,0.41120554288173006,0.9999225138543825
NDUFB6,14.386633324811772,-0.1565751252106164,0.4077089088869466,-0.3840365559783071,0.7009513533340453,0.9999225138543825
TOPORS-AS1,3.9161449530569516,0.05734634559582712,0.4045438139551053,0.14175558645964412,0.8872730665740394,0.9999225138543825
TOPORS,9.712304244169575,0.01228004800956563,0.4313819980309359,0.028466760471272574,0.9772898785808838,0.9999225138543825
DDX58,3.8267608697466664,0.28515333849461455,0.5779038437165643,0.49342696297148936,0.6217109346986485,0.9999225138543825
ACO1,1.1212894856257518,-0.8031652412386575,0.7037518118766107,-1.1412620581351725,0.2537608862430145,0.9999225138543825
C9orf72,1.683943662742636,-0.027453304410519158,0.6633295427752027,-0.04138712757411872,0.9669872747132197,0.9999225138543825
IFT74,1.0874511254485868,-0.7031622909540057,0.664992498774164,-1.0573988311901312,0.2903296047395094,0.9999225138543825
RGP1,2.6139262460716592,-0.9158620236018925,0.6049797352867431,-1.513872234361371,0.1300582474804171,0.9999225138543825
GBA2,1.8776031530350255,-0.8112381422031335,0.6219005460197454,-1.3044499597165116,0.19208021053058533,0.9999225138543825
CREB3,2.7878311611698074,0.9713511459271519,0.5277817127125376,1.8404410810956036,0.0657035068766078,0.9999225138543825
TLN1,16.61116409856216,-0.11582939958765173,0.36232983881383835,-0.31967943895220785,0.7492113478585034,0.9999225138543825
CCDC107,20.085965064083116,0.14632532442877214,0.44564860188533106,0.32834238413345856,0.742652800965127,0.9999225138543825
SIT1,2.361104248233818,0.3303283382657418,0.6337884815652309,0.5211964998952788,0.6022298921601335,0.9999225138543825
CD72,2.925388604916945,-0.521122976221588,0.5514323826981579,-0.9450351349910464,0.3446409388202356,0.9999225138543825
STOML2,7.559060655547886,0.06380809869270779,0.36491464387595324,0.17485759961553723,0.8611915275072568,0.9999225138543825
VCP,17.543336465814427,0.18007357145930442,0.3563438828475349,0.505336502538899,0.6133225088790076,0.9999225138543825
GALT,2.820830810339747,-0.09647171363688915,0.4901139055016713,-0.19683529186576035,0.8439564324306235,0.9999225138543825
SIGMAR1,2.498907362349625,0.5149643924662101,0.5729578897961112,0.8987822694080742,0.3687686460730393,0.9999225138543825
DCTN3,18.408817140262048,-0.3106387539791489,0.31128397031439653,-0.9979272420144348,0.31831464095024387,0.9999225138543825
NUDT2,3.623840769917467,-0.9453972406584557,0.5259040862502993,-1.7976609525876592,0.07223075281294478,0.9999225138543825
UBAP1,4.455357593414961,0.4574256097245506,0.5337991842847143,0.8569245199156617,0.3914866006463841,0.9999225138543825
DCAF12,2.8132366249106298,0.44358510423819764,0.5214473438393759,0.8506805327113479,0.39494684006736813,0.9999225138543825
UBAP2,2.4895857052398136,-0.3408527665080724,0.6441416255088231,-0.5291581121447081,0.5966957716549954,0.9999225138543825
FXN,2.3375466575538524,0.4846033791998195,0.5446047648824897,0.8898258157994325,0.37355942236707207,0.9999225138543825
FAM122A,2.5565225386874397,-0.04800052298841604,0.5218386037640144,-0.09198346508324405,0.926711176843077,0.9999225138543825
CBWD5,2.699115475064148,-0.23846239386479887,0.5643297305790398,-0.4225586229882317,0.6726173207413662,0.9999225138543825
SLC25A51,1.7534607797240094,0.7925762955505565,0.6110414811477655,1.2970908195329072,0.1945999399150894,0.9999225138543825
DCAF10,2.7850785498947457,0.7338223511608236,0.47322888200657526,1.5506711003125704,0.12098052360755109,0.9999225138543825
EXOSC3,4.4594965336355346,0.38043285379064606,0.44431138337596493,0.8562302655854611,0.39187042482921375,0.9999225138543825
TRMT10B,1.3145876192891526,0.4087066348514268,0.6407910927319095,0.6378157241683431,0.5235936425832624,0.9999225138543825
TOMM5,10.384129878488858,-0.22742901266304474,0.5725557859410191,-0.3972172114010791,0.6912072911913536,0.9999225138543825
POLR1E,2.6565283700938713,-0.31382117082672006,0.4883741768558537,-0.6425834650945234,0.5204944149798452,0.9999225138543825
GRHPR,4.634046989863548,-0.3254538967458406,0.41723082015969737,-0.780033211883224,0.43537132657611366,0.9999225138543825
ZCCHC7,7.858864616105321,0.1940094579761575,0.3776874486544258,0.5136772711599191,0.6074776453857318,0.9999225138543825
EBLN3,6.748910150909678,0.1559725817474044,0.36222290303889004,0.43059834273002445,0.666760446427155,0.9999225138543825
RNF38,1.9587657420124311,0.31391913200083577,0.5506522694137568,0.5700859679286255,0.5686193918917785,0.9999225138543825
CLTA,16.182074515704908,-0.027928183689465903,0.31988786205507275,-0.0873061688244292,0.9304281507339378,0.9999225138543825
GLIPR2,25.528470344398954,0.0423238823204362,0.2890499560484588,0.1464241091714287,0.8835865960536042,0.9999225138543825
HINT2,6.652943455096123,0.013938326712533576,0.5445799210110955,0.025594639417947967,0.9795806617957302,0.9999225138543825
CEP78,7.7511567958216,0.41620561940218614,0.6722700280776434,0.6191048269581888,0.5358473036521041,0.9999225138543825
GNAQ,2.437997927719576,0.028910928695574926,0.5350229234070868,0.054036803715748934,0.9569058419389319,0.9999225138543825
VPS13A,5.284141827037726,0.05741683215027465,0.41896405877240517,0.1370447677982453,0.8909954093269827,0.9999225138543825
GCNT1,3.3552442936154008,0.007657181719019792,0.5306643352511812,0.014429425929661153,0.9884873833346478,0.9999225138543825
RFK,3.344198407853084,0.3327918127247187,0.4353265404841527,0.7644647908547019,0.44459031098456525,0.9999225138543825
OSTF1,34.534993984390255,0.004187986022238862,0.27092065184170483,0.015458349128311726,0.987666513099794,0.9999225138543825
NMRK1,8.496999328206426,0.020718331321529063,0.41843439222522244,0.04951393027554345,0.9605097360620045,0.9999225138543825
CARNMT1,2.1795133846567776,0.18914315595267392,0.5347007229796351,0.35373648813988556,0.7235363747573564,0.9999225138543825
ANXA1,182.18103957525878,0.7610202414245628,0.4711149153693483,1.6153601098108565,0.10623273343022542,0.9999225138543825
ZFAND5,38.22002571021307,0.17254364140595463,0.2823351042461628,0.6111306699414785,0.541113076992096,0.9999225138543825
C9orf85,1.9198922777501046,0.13591709366453114,0.535800374678833,0.2536711433731302,0.7997496292290831,0.9999225138543825
ABHD17B,5.859282707415916,-0.22309001179527907,0.48459107411411007,-0.46036756290469044,0.6452524132937103,0.9999225138543825
TMEM2,32.278338121228785,-0.1904107111222759,0.3417379036800679,-0.5571834703490683,0.5774020821623103,0.9999225138543825
KLF9,8.802973170948686,-0.4717863117608762,0.5100314677583913,-0.9250141247840962,0.35495856023678063,0.9999225138543825
SMC5,7.626265085421762,0.4087803609680685,0.42725658508940667,0.956756139598242,0.33869035497334943,0.9999225138543825
PTAR1,2.5902611359533383,0.15149871082750535,0.5354284258963906,0.28294857631787645,0.777216256881972,0.9999225138543825
SEMA4D,11.455277492873856,-0.15427999656860072,0.4344023453424145,-0.35515461236055396,0.7224737651492753,0.9999225138543825
SECISBP2,7.594015775374271,0.04958424199852024,0.40415911726885756,0.12268495223759969,0.9023565802146155,0.9999225138543825
CKS2,42.58068025983243,0.15454550079816815,0.4988341320194004,0.30981340465322776,0.7567028573962333,0.9999225138543825
SPIN1,3.159130032488273,0.09692714917060224,0.6156742849330756,0.15743251186971097,0.8749039921582747,0.9999225138543825
CTSL,1.0035347852681304,-2.1965866100768827,0.8053143399905287,-2.7276139278765568,0.006379422384634577,0.9999225138543825
ZCCHC6,5.85677002468085,0.15184524489984919,0.4147899857880773,0.3660774129137951,0.7143073113205688,0.9999225138543825
ISCA1,17.41845898473159,0.5198946686251157,0.390989901793009,1.3296882252993563,0.1836210159503805,0.9999225138543825
GOLM1,2.002252016810067,-0.15311370638859942,0.8202604923295528,-0.18666473372837217,0.8519235084444573,0.9999225138543825
NAA35,3.318989820287522,-0.5033307890133436,0.5198415833800405,-0.9682387964053534,0.3329251232466286,0.9999225138543825
AGTPBP1,3.8322709492873233,0.23144786125431788,0.5602261623952396,0.4131329037986473,0.6795092433390756,0.9999225138543825
HNRNPK,51.73911525737266,-0.26299206862199315,0.32582681830688437,-0.8071529224899179,0.41957838481654863,0.9999225138543825
GKAP1,1.7991394434312156,-0.2091017441790398,0.5572376435500157,-0.3752469823232097,0.7074767918924172,0.9999225138543825
UBQLN1,7.456927860913083,0.5240813668972616,0.35538737415787325,1.4746763813405752,0.14029956887671646,0.9999225138543825
IDNK,1.29429021007059,0.5776430421626954,0.6112298772734772,0.9450504035231341,0.3446331440758206,0.9999225138543825
TLE1,4.215924375500281,-0.21002404313219378,0.5836430060695768,-0.35985018401326746,0.7189591721574897,0.9999225138543825
TLE4,17.358250426902405,0.27309292829075277,0.5981710916945748,0.45654651667819734,0.6479970288275054,0.9999225138543825
MFSD14B,1.5577646970937973,-0.07322142624848536,0.6882031594380288,-0.106395074251441,0.915268901074345,0.9999225138543825
FAM120A,6.3314741821646505,-0.674679166338607,0.4938454937719956,-1.366174592756537,0.17188417011026347,0.9999225138543825
FAM120AOS,4.8525606027751556,-0.23415024560484549,0.47836756529660673,-0.4894776790722906,0.6245035533313216,0.9999225138543825
NINJ1,18.304524896610623,0.3405021787258662,0.5457861750105285,0.6238746863078709,0.5327098857898405,0.9999225138543825
CARD19,10.219165162580207,0.16724302509669178,0.48751711943377507,0.3430505687491253,0.731560417453704,0.9999225138543825
SUSD3,3.6553799983155733,0.20042011794325876,0.6307615442569849,0.31774308336971724,0.7506798276549838,0.9999225138543825
FGD3,8.076877623722833,0.20098068411120315,0.3624934636941436,0.5544394706128605,0.5792781196795538,0.9999225138543825
ZNF484,1.358056165025915,-0.3378561960192648,0.7756488366831276,-0.43557880839997665,0.6631423488909227,0.9999225138543825
NOL8,3.4941932983596184,-0.17840062682989452,0.5092410649465743,-0.3503264742575522,0.7260936990235594,0.9999225138543825
IARS,2.7867216069044245,0.04646581043084288,0.5109164749434735,0.09094600137132736,0.9275354978117876,0.9999225138543825
SPTLC1,2.338979780560277,0.20222049699009156,0.5951629120591733,0.33977335094762434,0.7340272180849752,0.9999225138543825
NFIL3,3.064100433763735,-0.3236956811952681,0.7636906502958296,-0.4238570697047013,0.6716700545482093,0.9999225138543825
AUH,1.6350200388416276,0.8921199391088664,0.5582478901592306,1.598071313542098,0.1100271070072223,0.9999225138543825
RP11-305L7.3,1.0771705104698805,-1.1489098308552166,0.7376492472024968,-1.5575286427965704,0.11934502559296774,0.9999225138543825
SYK,2.6243284454128353,-0.42632637430521453,0.6554253523840798,-0.6504575582169225,0.5153967082549435,0.9999225138543825
GADD45G,4.420653023951274,0.10485737417494519,0.9214318663088839,0.1137982937305912,0.9093976912132398,0.9999225138543825
ERP44,9.280514024656105,0.19498678594260022,0.35189620328205157,0.5541031250806493,0.579508271529794,0.9999225138543825
STX17,5.591909591917999,0.06119857505362509,0.41418791347125616,0.14775557920251128,0.8825356671088472,0.9999225138543825
NR4A3,39.19488614543142,0.4449752685318139,0.5840448613402117,0.7618854269357428,0.44612838844418956,0.9999225138543825
SEC61B,48.66513145283989,0.0037129033494216197,0.2263777466399732,0.01640136190297251,0.9869141932546339,0.9999225138543825
ALG2,3.9188693341248375,-0.1053534945510696,0.48599734209611556,-0.2167779233044321,0.8283814175172626,0.9999225138543825
TGFBR1,4.667815553651418,-0.6700103726131842,0.5117491567086829,-1.309255450311553,0.19044783477846094,0.9999225138543825
TRIM14,2.773400227302365,0.015968606238825022,0.6130455648660439,0.026047992439704397,0.9792190589898606,0.9999225138543825
NANS,6.841057473296251,1.0108490558950127,0.47738045475875657,2.1174915014185984,0.034218155815881834,0.9999225138543825
ANP32B,24.993813743485692,0.03367244336705016,0.32759434379568486,0.10278701084061177,0.9181320145051317,0.9999225138543825
TRMO,5.1201290646204844,-1.0391872608343278,0.4820328054058641,-2.1558434388285015,0.031095892273251404,0.9999225138543825
XPA,3.7993954299920083,0.45127660025878186,0.47215643054323964,0.9557777276051616,0.3391845430970686,0.9999225138543825
NCBP1,2.0299519655353895,-0.009473114053456286,0.5603477684357178,-0.016905776353677092,0.9865117845625936,0.9999225138543825
TSTD2,1.5765414836165652,-0.5337211454306158,0.6739434888528363,-0.7919375352065463,0.4283970993799662,0.9999225138543825
AAED1,4.363623245941622,0.8823897495199172,0.5234147276880319,1.6858328641563243,0.09182799588215126,0.9999225138543825
ERCC6L2,1.3679191638151371,0.22316448223818655,0.6390659415676111,0.34920415519370385,0.7269360469387929,0.9999225138543825
FBP1,3.2963342082718876,-1.3623059573185992,0.8085415277802048,-1.6848929962307768,0.09200921809481058,0.9999225138543825
KIAA0368,3.5575031417942737,0.14316651514849546,0.5341429377150524,0.2680303436397208,0.7886759621354312,0.9999225138543825
TXN,34.182358222134205,-0.1742791440789885,0.29949604413468506,-0.5819080000957013,0.5606286515295629,0.9999225138543825
TMEM245,3.231003710431054,-0.4582474430729509,0.5560279914993204,-0.8241445576099401,0.40985742501745814,0.9999225138543825
FAM206A,1.0018899576897737,-0.1922708150388968,0.7704197722559766,-0.24956630393308968,0.8029227596895305,0.9999225138543825
IKBKAP,1.7904470883635435,-0.07679540178454482,0.6186735327282084,-0.12412912096933373,0.901213041263105,0.9999225138543825
KLF4,3.682998193337587,0.45125093922901777,0.6531172873404337,0.6909186879229025,0.48961664136909044,0.9999225138543825
RAD23B,5.202608093578247,-0.45215030760601527,0.4821323719953516,-0.9378136251974689,0.3483401977571049,0.9999225138543825
TMEM38B,2.513037562339705,-0.11874138111058752,0.6060451506363422,-0.19592827528759216,0.8446663056855496,0.9999225138543825
SLC44A1,3.152068694275606,0.11709291629189165,0.5345816586370049,0.2190365389460562,0.8266215848275817,0.9999225138543825
NIPSNAP3A,2.874372068787751,-0.2611082620665287,0.5710678453360428,-0.45722809329753195,0.6475071077559766,0.9999225138543825
SMC2,2.5044159986048937,-0.7241951458570091,0.625532103338013,-1.1577265850825285,0.24697563132332567,0.9999225138543825
RNF20,2.5332803494085736,-0.3568886712282823,0.6446994448677185,-0.553573721940322,0.5798706141979559,0.9999225138543825
ZNF189,0.7839305477067686,-1.1292364641038057,0.7784607928781533,-1.4506015902596097,0.1468908322358863,0.9999225138543825
MRPL50,5.696292021593808,0.37909257777813754,0.4256758427196747,0.8905663411766258,0.37316186310219757,0.9999225138543825
MSANTD3,0.8166205722781058,0.15221583309828832,0.7599845990282316,0.2002880496432716,0.8412553081969429,0.9999225138543825
TEX10,1.4362868009080438,0.15630959340732373,0.6501165772143436,0.24043317596528296,0.8099944616673751,0.9999225138543825
DFNB31,4.182863628958252,0.16433495310778942,0.5416438394373373,0.303400391811899,0.7615847471150405,0.9999225138543825
AKNA,24.71355110209715,-0.4761635487778417,0.39635562654010414,-1.2013543315491761,0.22961378318574144,0.9999225138543825
RGS3,3.9025510998202937,0.49610424663958275,0.559613286206791,0.8865126308960791,0.37534135085736875,0.9999225138543825
POLE3,6.800305714189452,0.2912603425105495,0.36437251056964126,0.7993477390904382,0.42408880470662613,0.9999225138543825
HDHD3,1.7843788074573945,0.7968323977336716,0.8222492595968817,0.9690886169047194,0.332500976664875,0.9999225138543825
PRPF4,3.94376893686632,-0.7821892950397009,0.49342609420683503,-1.5852207741405377,0.1129161821191241,0.9999225138543825
CDC26,10.593203161200229,-0.059068668579063295,0.43325137037278943,-0.1363380998154441,0.8915540057747662,0.9999225138543825
SLC31A1,1.3264187738596194,0.34462251895760815,0.6808128143652994,0.5061927620720373,0.6127213355968224,0.9999225138543825
FKBP15,2.3924396994954247,-0.9316163862379023,0.6005855901097765,-1.5511800509026852,0.12085854148087341,0.9999225138543825
SLC31A2,0.9115018955958439,-0.7737519179954271,0.6944389145493265,-1.1142116344352229,0.26518840536436605,0.9999225138543825
INIP,4.421427021392011,0.3016817648060035,0.4999334125685792,0.6034438931697125,0.5462134298361332,0.9999225138543825
HSDL2,1.4642526242769152,0.5545023312615251,0.6340072755443505,0.8745993187309034,0.38179195860523185,0.9999225138543825
PTBP3,8.736675814022067,0.33004255713375674,0.3612019611217133,0.9137341228957037,0.360856569320937,0.9999225138543825
UGCG,5.810750764653447,0.28651407123512557,0.427717146146382,0.6698680981497733,0.502941877942519,0.9999225138543825
GNG10,2.7665206866221044,0.6443334889016681,1.205783084901514,0.5343693214557708,0.5930860399385177,0.9999225138543825
DNAJC25,1.8922194359850786,0.907413083940379,0.6210887865414001,1.4610038107327725,0.14401439564550178,0.9999225138543825
PDCL,4.143624319481205,-0.39290075686411025,0.4662153348199867,-0.8427452456402267,0.3993709365701703,0.9999225138543825
MRRF,2.227951461680976,-0.1996105869273782,0.5982238361223621,-0.33367207201444476,0.7386270262083687,0.9999225138543825
RBM18,5.71482101321507,0.3824706865233238,0.4128329009146382,0.9264539858038291,0.3542100995062418,0.9999225138543825
NDUFA8,4.987014069891135,-0.1719951620459744,0.504542943181883,-0.340893008950423,0.7331841279891753,0.9999225138543825
STOM,21.718706055247438,-0.06245218347780096,0.2847293445657572,-0.21933876739346006,0.8263861650496143,0.9999225138543825
GSN,7.867488935714373,-1.0473516557553064,0.6234875180247379,-1.679827784000242,0.0929908277014744,0.9999225138543825
RAB14,9.072581998028955,0.5523012495239258,0.3272038448192232,1.6879424195918806,0.09142228266770641,0.9999225138543825
CNTRL,7.669027852097256,-0.07433695276097789,0.3939623944381783,-0.18869047861024474,0.8503354145059845,0.9999225138543825
TRAF1,7.059864136569335,0.5117430499650133,0.5522389240580742,0.9266696490796397,0.3540980805029278,0.9999225138543825
PHF19,1.6797553401044374,0.6757968540894852,0.6897972475091543,0.9797036107780593,0.32723244324879297,0.9999225138543825
PSMD5-AS1,9.178653893378035,-0.3204279726240157,0.6214297980854557,-0.5156302024962635,0.6061127117767418,0.9999225138543825
PSMD5,2.1318053061533457,0.8535289488561375,0.5238031157248065,1.6294842913927245,0.10321053763867075,0.9999225138543825
FBXW2,4.458682141281197,0.0477291574581947,0.44667490979911223,0.106854350694693,0.9149045286364192,0.9999225138543825
MEGF9,2.0933232891667073,-0.8435493657842462,0.7150665505649602,-1.1796795209030184,0.23812770195813937,0.9999225138543825
CDK5RAP2,2.656859038270251,-0.43874540260048156,0.5399579852436598,-0.8125547072009587,0.4164734086818964,0.9999225138543825
ATP6V1G1,49.393188660710386,-0.07185867529808457,0.2745685105389255,-0.26171491828046745,0.7935412381913327,0.9999225138543825
ZBTB43,5.825091889565949,-0.067010821116694,0.5087403556753303,-0.13171909868982204,0.8952064785715953,0.9999225138543825
MVB12B,1.966876661274958,0.89851491165281,0.6656446813176079,1.3498416450564106,0.17706678328994152,0.9999225138543825
PBX3,1.7759187249967698,-0.08888737380817774,0.6251047360107478,-0.14219596923138567,0.8869252155267191,0.9999225138543825
MAPKAP1,3.2996463225156774,0.1601393294223938,0.5358380296933085,0.29885771548176776,0.7650486115357439,0.9999225138543825
GAPVD1,3.53986252402762,0.07752423844669863,0.5616518361954961,0.13802899492295884,0.8902175022341419,0.9999225138543825
HSPA5,63.648056419921204,0.25918711946388956,0.3910275872456509,0.6628358916811241,0.5074356638475874,0.9999225138543825
RABEPK,3.6496693470397363,0.03972103097878726,0.6098726302107422,0.06513004357165791,0.9480704598972218,0.9999225138543825
PPP6C,10.674832191735751,0.37889833280493046,0.4734709878214318,0.8002567053756435,0.42356208168163056,0.9999225138543825
SCAI,2.520543167525372,-0.10319261219822287,0.48295532921088274,-0.2136690620369234,0.8308051390796711,0.9999225138543825
ARPC5L,22.750523271192062,-0.04081290467749149,0.4135431511202249,-0.09869080062609088,0.9213837732430082,0.9999225138543825
RPL35,264.0023798739442,-0.13562874011388573,0.32698888717228014,-0.41478088532845836,0.6783023137292894,0.9999225138543825
PSMB7,14.242074826086416,-0.7351290765556465,0.49533919989899833,-1.4840922678954995,0.13778444421431038,0.9999225138543825
NEK6,3.0648087909170467,0.17608243959374406,0.7118584830393134,0.24735596159780487,0.8046327528922428,0.9999225138543825
DENND1A,1.1195733168997188,-0.4713043544420759,0.7000859143895364,-0.6732093086789865,0.5008141399244326,0.9999225138543825
RABGAP1,2.6244582718445453,0.13042123398509392,0.5489576965958644,0.2375797530371605,0.8122070556687235,0.9999225138543825
RC3H2,3.839605982697143,-0.23015951690010192,0.45356205790074045,-0.5074487887398885,0.6118399602967634,0.9999225138543825
CIZ1,1.465011864892893,0.14239369822123937,0.6347194696252821,0.2243411539042658,0.822491855987278,0.9999225138543825
C9orf16,31.34013362207222,0.1016641438701847,0.37979230291792015,0.26768352883696045,0.7889429293613256,0.9999225138543825
PTGES2,3.7583423726127507,0.3231923549172201,0.43894915478577545,0.7362865411483722,0.4615563351366918,0.9999225138543825
SLC25A25,2.911470756486468,0.47616837942885837,0.5202676148001834,0.9152374006822201,0.36006701414240894,0.9999225138543825
FAM102A,6.853429130954335,0.5366862587558489,0.5505484892697154,0.9748210543048546,0.3296490314701648,0.9999225138543825
DPM2,4.170571296308329,0.03676721037778319,0.4675777119879709,0.07863336817630237,0.9373242457364033,0.9999225138543825
ST6GALNAC6,4.331238729567123,0.7778110960287251,0.6187771250437673,1.2570133325043475,0.20874880783151617,0.9999225138543825
FPGS,4.752043799589351,-0.0037722179356446807,0.4817295363299348,-0.007830572242639285,0.993752171155996,0.9999225138543825
CDK9,3.244883544922951,-0.16276415595463606,0.5391438932770759,-0.30189372073808984,0.7627330826940177,0.9999225138543825
SH2D3C,2.593198204690833,-0.25889825228746466,0.6896512663414196,-0.3754045920352072,0.7073595902696621,0.9999225138543825
TOR2A,1.8163758443738511,0.8493323630890305,0.602032515190522,1.4107749027812009,0.1583109969102452,0.9999225138543825
TTC16,1.6240733507766147,-0.3896252446172173,0.7714392809193603,-0.505062749919712,0.6135147634073874,0.9999225138543825
PTRH1,3.188160133248488,-0.5429443237100429,0.6593802036262485,-0.823416172830381,0.41027136916156504,0.9999225138543825
RPL12,441.1025761271337,-0.20715543543180606,0.3286323493797937,-0.63035618928799,0.5284615678572873,0.9999225138543825
SLC2A8,1.4809548090776758,-0.7884390384267934,0.678658421959607,-1.1617612231941334,0.24533246916588536,0.9999225138543825
RALGPS1,1.1199197070686435,0.18908787486772197,0.7290915493848771,0.25934723153388956,0.7953673401747426,0.9999225138543825
ASB6,1.608118708840547,0.022867864666696505,0.6706042185999351,0.03410038892155982,0.9727970983521947,0.9999225138543825
NTMT1,4.598782242832005,0.5767494715248321,0.4425311316304718,1.3032969441038944,0.19247340399156931,0.9999225138543825
PPP2R4,3.2814042390031446,0.3274053297505117,0.4850212702342537,0.6750329312204859,0.4996548428398909,0.9999225138543825
FAM73B,1.3659923980886821,0.7454650593514108,0.6554234015051277,1.1373793758958095,0.25537972520159624,0.9999225138543825
NUP188,1.2609127619252105,-0.5718014218638555,0.6416093627015005,-0.8911986874011343,0.37282258847656946,0.9999225138543825
C9orf114,1.7072669125057078,0.21230130300323305,0.6317842873752657,0.3360344776620423,0.7368448672538848,0.9999225138543825
ZDHHC12,4.221801279460949,0.4973618002937096,0.5435226037019534,0.9150710511506959,0.3601543312323555,0.9999225138543825
SET,24.028340661076218,-0.07850034889029657,0.3488269331716591,-0.2250409627964887,0.82194740774694,0.9999225138543825
SPTAN1,12.288123875539519,0.023762017272560974,0.48791251045779,0.0487013896205817,0.9611572684345981,0.9999225138543825
GLE1,2.2002817138581388,-0.3757318873917909,0.53293332934676,-0.7050260636773125,0.48079401641320196,0.9999225138543825
ODF2,3.8568978982221345,-0.9832522707089744,0.5444857981929118,-1.8058363945805014,0.07094389873143606,0.9999225138543825
URM1,4.571151864227358,-0.0046508192161794195,0.46487629157645066,-0.010004423328210478,0.9920177582419892,0.9999225138543825
COQ4,3.619395793772692,0.4101907680308632,0.5032640863329816,0.8150606792145764,0.41503757769451943,0.9999225138543825
TRUB2,1.2484109781363357,0.12940131774782954,0.6951553734542696,0.18614733150205895,0.8523292253359285,0.9999225138543825
SWI5,2.8669167523208077,-0.42415428425625795,0.5104398109376372,-0.8309584698676233,0.40599709094847236,0.9999225138543825
GOLGA2,4.1323559871802145,-0.15638902439550173,0.49934046055997927,-0.3131911726522645,0.7541354245267332,0.9999225138543825
MED27,2.064467725449114,-0.37047930009415553,0.566072924017893,-0.6544727443675527,0.5128072813347988,0.9999225138543825
RAPGEF1,3.486048981226428,-0.07139866998586988,0.5087908529350258,-0.1403300974732494,0.8883991852564435,0.9999225138543825
UCK1,2.000642625739866,-0.6860510657650957,0.6600819199446472,-1.0393423074254575,0.2986455651955422,0.9999225138543825
POMT1,1.4796735465379587,0.10205778812571469,0.6376039794452826,0.16006454071146994,0.872830233391112,0.9999225138543825
PRRC2B,8.231616660251984,0.08023759289450513,0.3861466394440874,0.2077904730959681,0.8353925716330131,0.9999225138543825
FAM78A,2.102642054099165,-0.3308063265560086,0.713298909065559,-0.46376956750063436,0.6428128490528779,0.9999225138543825
NUP214,2.599951729160857,0.6336319013074895,0.5251552855351829,1.2065610282523553,0.22760124293153883,0.9999225138543825
ABL1,1.6302008540457547,-0.9702360578229471,0.7129091775831597,-1.3609532438790504,0.17352846576311198,0.9999225138543825
EXOSC2,1.5591281006966597,-0.21112095233078348,0.6384770787611284,-0.3306633226997481,0.740898809478278,0.9999225138543825
FUBP3,1.4473986179876026,-0.14794736905042638,0.6920422841851637,-0.21378371297734375,0.8307157265009129,0.9999225138543825
GPR107,2.013925528420233,-0.4963497269749193,0.6866942347168247,-0.7228103890803764,0.4697963836892607,0.9999225138543825
FNBP1,18.58820597154618,0.1742967631145739,0.3632114647228221,0.47987682119997277,0.6313149837620992,0.9999225138543825
USP20,2.6922256526666204,0.10529958647129087,0.5370412648796676,0.19607354845420463,0.8445525996655676,0.9999225138543825
C9orf78,17.96484557010617,0.11134887936556243,0.384185202970133,0.28983125457390096,0.7719453359288272,0.9999225138543825
TOR1A,5.953783900364187,0.35077361328674483,0.475496697038866,0.737699368830891,0.46069715575596193,0.9999225138543825
TOR1B,2.832630858610629,0.18877624957591024,0.6560684207451696,0.2877386620156113,0.7735467929607347,0.9999225138543825
MRPS2,3.2994357528927623,0.023862941142697193,0.5996569053783759,0.03979432393535096,0.9682571014921018,0.9999225138543825
RXRA,2.225005684027832,0.15310361043662107,0.7358307496333721,0.20806905733812428,0.8351750470760879,0.9999225138543825
WDR5,1.8046017557299565,-0.262198584766029,0.691449895990774,-0.3792011341477264,0.7045385094268839,0.9999225138543825
BRD3,3.7210248630150713,-0.5323085716540579,0.519834523873953,-1.0239961895703746,0.30583707468848786,0.9999225138543825
LINC00094,1.0361404085572368,-0.540677695889672,0.8413960867883414,-0.642595924059346,0.5204863285419907,0.9999225138543825
REXO4,2.389381706778659,0.022482476018965546,0.5604563952349918,0.04011458555939744,0.9680017735667489,0.9999225138543825
SURF4,13.405608673957925,0.19012718738824627,0.36677652101553415,0.5183733867746506,0.6041977792636257,0.9999225138543825
SURF2,5.0573091441534475,0.32877250247998047,0.49401061054619366,0.6655170870044254,0.5057198183052847,0.9999225138543825
SURF1,5.52363527529441,0.2702649860745677,0.49434631437647275,0.5467118459565284,0.5845767145260211,0.9999225138543825
RPL7A,493.51029843089594,-0.10501388487559689,0.273429597382837,-0.38406187874593467,0.7009325851022209,0.9999225138543825
MED22,1.84062657835147,-0.705238227625206,0.7293274874406162,-0.966970585600791,0.3335587382975902,0.9999225138543825
SURF6,1.7429281438081867,0.5088740566521638,0.6922518355954514,0.7350996132996132,0.4622788298311994,0.9999225138543825
RALGDS,7.545028991681069,0.11702896943483901,0.4148717722776189,0.28208467592855885,0.7778785831382152,0.9999225138543825
GTF3C5,1.9025312309024032,0.8612070047354635,0.5862781856109602,1.4689391928133915,0.1418492829614418,0.9999225138543825
TTF1,2.8923940006321756,-1.009141498241982,0.5332768369933045,-1.8923407660675353,0.058445592680294575,0.9999225138543825
SETX,7.8371999820577205,0.38046781734609625,0.3959010320195784,0.9610174931983533,0.3365433722340725,0.9999225138543825
ABCA2,2.0079629908601833,0.3665668635980846,0.5623473335267144,0.6518513412328127,0.5144970774472473,0.9999225138543825
CLIC3,37.63345213094303,-0.06964239583458724,0.593641723576402,-0.1173138495303628,0.9066113504754827,0.9999225138543825
C9orf142,36.2710024448547,0.05165705325151187,0.45970889139645343,0.11236905402154332,0.9105307912088964,0.9999225138543825
PTGDS,41.46671420066057,-1.8804375712921226,1.4317645344862289,-1.313370687706617,0.18905806974073336,0.9999225138543825
FBXW5,8.561310710291872,0.11525165512791093,0.4586088168356442,0.2513071072709331,0.8015766806485742,0.9999225138543825
TRAF2,2.0614558286465874,0.7736955136791651,0.5734650007770772,1.3491590814274008,0.17728587464739054,0.9999225138543825
EDF1,58.21519765275936,-0.02541836161500619,0.20479006316909196,-0.12411911604333384,0.9012209627808397,0.9999225138543825
PHPT1,11.608188903641286,0.1925494020205753,0.4106306085630427,0.4689114693480378,0.6391329178174155,0.9999225138543825
C9orf172,1.8064240619135754,-0.22477009646471913,0.7007669413811087,-0.32074871571671215,0.7484008263688993,0.9999225138543825
RABL6,1.3282980921517038,-0.18148003410179517,0.6998444303726439,-0.2593148223029554,0.7953923439205053,0.9999225138543825
TMEM141,6.678353998314994,-0.48627472784503545,0.4714356351268599,-1.0314763917118452,0.30231747361143413,0.9999225138543825
SNHG7,9.748006201033531,0.232319833826643,0.5088633103000234,0.4565466386045171,0.6479969411725466,0.9999225138543825
AGPAT2,4.256074565881783,0.05392794326549336,0.48109735174022866,0.11209361903661458,0.9107491768114137,0.9999225138543825
NOTCH1,2.0954561995991194,0.15591589403443248,0.566642465423435,0.2751574468001109,0.7831952780403642,0.9999225138543825
SEC16A,1.7407434986310888,-0.2879424787320972,0.6273711052949099,-0.45896675237655926,0.6462580417268784,0.9999225138543825
PMPCA,3.5484409698053385,0.4134560260634292,0.5095356644522746,0.8114368726433974,0.4171148314026012,0.9999225138543825
SIRT3,1.995204725279388,0.23784518666366974,0.739754862893722,0.32151892281354305,0.747817174555053,0.9999225138543825
RIC8A,7.415405299027695,-0.26642031733791316,0.41909700386588405,-0.6357008398541804,0.5249714289027815,0.9999225138543825
BET1L,3.5816382640264997,0.46742464294859226,0.558583537194079,0.8368034713242654,0.40270304585490213,0.9999225138543825
EHMT1,5.214533467481005,0.21388033960059216,0.48378624262330244,0.4420967790254609,0.6584191750987661,0.9999225138543825
ARRDC1,7.678698307647725,-0.058895918219809225,0.4360045631797853,-0.13508096747951615,0.8925478579973636,0.9999225138543825
DPH7,2.468685120066271,0.30624479375534863,0.5571280912892299,0.5496847108295664,0.5825356452914121,0.9999225138543825
MRPL41,16.70281453218695,-0.14227768777749208,0.43231372596417567,-0.3291074958588804,0.7420744386864896,0.9999225138543825
EXD3,1.3661462088223242,-0.4045937922253775,0.6805007365916732,-0.594553055521745,0.5521422676999275,0.9999225138543825
NELFB,1.5939966394471496,-0.20812188883133687,0.7822372592585085,-0.2660598001028715,0.7901931543109272,0.9999225138543825
TUBB4B,86.46835651848967,0.13332832030457864,0.632627737094163,0.21075320047931045,0.8330798588413593,0.9999225138543825
SSNA1,9.344686464475226,0.5997224799574652,0.3781994694968628,1.5857306218734397,0.1128004296311088,0.9999225138543825
ANAPC2,1.7305164409766463,-0.1660619903919156,0.6610098761975048,-0.2512246735967036,0.8016404093730428,0.9999225138543825
DPP7,18.37651220176631,-0.0010405390197583526,0.4094847425018254,-0.002541093505464893,0.9979725029064109,0.9999225138543825
MAN1B1,2.9147696379902213,0.13672884245219952,0.48219467326904575,0.2835552734857985,0.776751217277112,0.9999225138543825
MAN1B1-AS1,0.9849678542197708,-1.4181317555871362,0.7322637499311173,-1.936640664952399,0.052789283468780424,0.9999225138543825
NPDC1,1.4242512632970514,-0.5996263494396941,0.7220498488246221,-0.8304500726865143,0.4062843650580312,0.9999225138543825
SLC25A22,2.293322324220688,0.005104890920849058,0.6030787329105662,0.008464717195733199,0.9932462134911433,0.9999225138543825
PDDC1,1.2492591159586994,-1.0439136966021914,0.7042537446992854,-1.482297686678173,0.13826110357470783,0.9999225138543825
TALDO1,12.010033108953884,-0.36709983466604557,0.325893685553815,-1.1264404649086894,0.25997912705601833,0.9999225138543825
TMEM80,2.301279332697867,-0.010906112694196333,0.5814546200329721,-0.018756601664937995,0.9850352745805006,0.9999225138543825
EPS8L2,2.734876942054638,0.2794659278942946,0.6164162839623626,0.4533720720320204,0.6502808432492821,0.9999225138543825
DEAF1,1.1750417107802205,-1.2114184491453066,0.6832447038895197,-1.7730374523930335,0.07622250108837739,0.9999225138543825
IRF7,18.56367093176286,0.029312817724655892,0.4529902210458172,0.06470960379008067,0.9484052161323807,0.9999225138543825
PHRF1,2.950633127652502,-0.24223755135945055,0.6850575161643296,-0.35360177159393913,0.7236373464928815,0.9999225138543825
RASSF7,4.1762502332919365,0.269432249172437,0.5799446544720747,0.4645826926669442,0.6422303288081865,0.9999225138543825
RNH1,12.296922182575363,0.06808404513860764,0.435950504702795,0.15617379588773103,0.8758960311243768,0.9999225138543825
SIGIRR,26.619092660423732,-0.4014182477944876,0.48885658907417723,-0.8211370302990392,0.4115682194402078,0.9999225138543825
IFITM3,77.996028302079,-0.9598124108075575,0.749844152366197,-1.2800158643349926,0.20053955656044897,0.9999225138543825
IFITM1,186.63445124823278,-0.1656997989135103,0.8489265690743695,-0.1951874342844302,0.845246215859889,0.9999225138543825
IFITM2,210.86476606470492,-0.21487364635138104,0.3329109301678969,-0.6454388452881791,0.5186428369466287,0.9999225138543825
ATHL1,2.808514508376369,0.5185380939024846,0.7253091675557384,0.7149200880087265,0.4746584235340553,0.9999225138543825
PSMD13,13.514834685489625,-0.44306882980634305,0.43244802028959295,-1.0245597367046282,0.3055709707574581,0.9999225138543825
KCNQ1OT1,7.9738099233217214,-1.2190716291711645,0.7053494160884279,-1.7283230146154012,0.08393032914001924,0.9999225138543825
TSSC4,6.245038000353852,-0.34225163670075864,0.4806488990426919,-0.712061626235743,0.4764266154660577,0.9999225138543825
TSPAN32,6.002366083426865,0.2680250503590168,0.5428064934897792,0.49377642598902255,0.6214640836611052,0.9999225138543825
C11orf21,5.123178594601011,0.043008716915732936,0.41116834630992266,0.1046012352403087,0.9166922345046014,0.9999225138543825
MRPL23,2.423740348028245,-0.3618512983512144,0.7112556520448745,-0.5087499794355018,0.6109274848778465,0.9999225138543825
LSP1,54.81811693061299,-0.24135589206268654,0.3345893775945624,-0.7213495353553894,0.47069448704380634,0.9999225138543825
CTSD,46.2036432768197,0.028143242594953155,0.44090013666241584,0.06383133107645553,0.949104530529246,0.9999225138543825
MOB2,7.049672278760082,-0.14202234275728629,0.44916120080001776,-0.31619459228518626,0.7518548120872041,0.9999225138543825
TOLLIP,3.7286823287546196,0.029496828358651823,0.4819478087352249,0.06120336647252389,0.9511972487038309,0.9999225138543825
AP2A2,2.5443413245937814,-0.7358522664370497,0.5362173204862057,-1.3723023078960384,0.1699693474832118,0.9999225138543825
CHID1,2.992867758314611,0.5242102125019932,0.6151868967073155,0.8521153738932676,0.3941500598855383,0.9999225138543825
TSPAN4,1.4343585035951165,0.22553467442550992,0.6278163941204603,0.35923667578237245,0.7194180419874863,0.9999225138543825
POLR2L,41.53139925369109,0.02630937066115563,0.40159761147079576,0.06551177076178615,0.9477665347568343,0.9999225138543825
CD151,4.422815316200357,-0.49335109906426394,0.5744058198764188,-0.8588894506159539,0.3904015101559093,0.9999225138543825
PNPLA2,11.051701196187345,0.3620045988700912,0.5080597064427234,0.7125237334893869,0.47614052009314234,0.9999225138543825
RPLP2,371.40259052646707,-0.029541910646413184,0.37533892401364966,-0.07870729294609172,0.9372654445466677,0.9999225138543825
SMPD1,4.175021972487137,-0.24508358190824,0.5286096786435922,-0.463638090276974,0.6429070595546208,0.9999225138543825
FAM160A2,1.1470566582805826,0.7467423871777128,0.6754336554717862,1.1055747387300652,0.268910628660743,0.9999225138543825
TRIM22,13.635493735164868,-0.2882038849976766,0.36944600448872505,-0.7800974472481328,0.43533351892084715,0.9999225138543825
TRIM5,1.2380662282975956,-0.8409216583071564,0.6342608809319201,-1.325829297672575,0.1848962462435203,0.9999225138543825
TRIM21,1.9425180928754775,0.0551401020682765,0.5703650205364832,0.09667511169673751,0.9229844052203601,0.9999225138543825
RRM1,2.14937224156207,0.2463442551812688,0.5339177044751707,0.46138993540852846,0.6445188710470904,0.9999225138543825
STIM1,4.108930258256625,0.6544167792575031,0.4481882824318337,1.460138082385131,0.1442521281499757,0.9999225138543825
RHOG,22.490929631807738,-0.0010759742186905073,0.37562760599128864,-0.002864470559481352,0.9977144862912289,0.9999225138543825
PGAP2,2.037509751392939,-0.17580281648211615,0.5728723650177243,-0.30687955505879033,0.7589350514054279,0.9999225138543825
NUP98,7.926875750609254,0.23701298451359826,0.5236272474001782,0.4526368436523756,0.6508102638919451,0.9999225138543825
ZNF195,3.0046028412447354,-0.09456225417962284,0.496872914982884,-0.1903147692863884,0.8490624809382352,0.9999225138543825
OSBPL5,2.181367134226109,0.7547253352455553,0.6442421482735802,1.1714932611410858,0.24140056497659723,0.9999225138543825
CARS,2.8880027706955675,-0.5727464069015924,0.5237941052679423,-1.093457144976095,0.2741931351460811,0.9999225138543825
NAP1L4,13.620514006788543,-0.3576014769272797,0.41725476021319957,-0.8570339059632548,0.39142614649147656,0.9999225138543825
SLC22A18,1.9165784524977292,-0.8485509443169794,0.7470078553601103,-1.1359330939136085,0.2559845666571635,0.9999225138543825
CDKN1C,3.7311993286786476,0.004315312436531199,1.1575004706256047,0.00372813017881441,0.9970253893803254,0.9999225138543825
IPO7,5.064273356562858,0.14527820826183888,0.4730075468377074,0.30713718889496905,0.758738952154794,0.9999225138543825
TMEM41B,3.9461761579554744,-0.1217667652386797,0.4742717062511651,-0.25674473858281227,0.7973758324558986,0.9999225138543825
NRIP3,1.5775899657141597,0.4660048981899842,0.6886570254432048,0.6766864795869518,0.49860489664620367,0.9999225138543825
TMEM9B,11.210565488248815,0.39227868743155586,0.40451933409238794,0.96974026794468,0.3321759732565066,0.9999225138543825
AKIP1,2.5569456024928323,-0.1973761802038263,0.7710728845372237,-0.2559760356795402,0.7979693417379938,0.9999225138543825
RPL27A,247.34898018983594,-0.3012381479994333,0.6915349296400591,-0.4356080005332868,0.6631211650831379,0.9999225138543825
RIC3,2.8035534433084988,0.5509797581536542,0.6121713483397532,0.9000417279376854,0.3680980447330485,0.9999225138543825
EIF3F,46.05515393439938,0.14923425768578039,0.3107290157184061,0.4802713944841954,0.6310344264695245,0.9999225138543825
MRPL17,2.7411021533019837,0.016932948354394677,0.46913857504042833,0.03609370291695896,0.9712076434023371,0.9999225138543825
TPP1,6.907125722943187,-0.6664993261970386,0.3900817878630475,-1.7086143135475929,0.08752241552483497,0.9999225138543825
TAF10,5.9072997455184995,-0.4828829838139147,0.6047531015940226,-0.7984795489946562,0.42459225643011633,0.9999225138543825
ILK,12.265748971196075,-0.2046160097151905,0.4327144365297936,-0.4728661501477364,0.6363086761434984,0.9999225138543825
RRP8,2.977394278296601,-0.04045312923921893,0.5104844957704179,-0.0792445795599874,0.9368380866960434,0.9999225138543825
TIMM10B,2.084091020333488,0.26690788610395993,0.7080459859863981,0.37696405514131026,0.706200317556616,0.9999225138543825
ARFIP2,3.1603607955815125,-0.6609297239708657,0.5344220369117632,-1.2367186948168267,0.21619153573806604,0.9999225138543825
APBB1,2.1480882894065303,-0.4975088606656114,0.58720761526964,-0.8472452463634351,0.3968584385618833,0.9999225138543825
RRAS2,6.391237933012691,0.29184262971361885,0.5037688887139777,0.5793184856227135,0.562374294564593,0.9999225138543825
FAR1,4.340444701189522,0.22913971090252525,0.4719497095771284,0.48551721984920104,0.6273095007748635,0.9999225138543825
BTBD10,3.1186743073004357,-0.19945353781724798,0.4664104572622132,-0.42763521853266767,0.6689167208471978,0.9999225138543825
ARNTL,7.251011938515335,-0.46941213142379984,0.5728419186571079,-0.8194444507905869,0.41253288275069333,0.9999225138543825
MICAL2,1.0212399683724014,0.4505237448918834,0.7052214959328917,0.6388400630016458,0.5229269826875778,0.9999225138543825
USP47,10.290447740136175,0.1988539227040799,0.37470437766464226,0.5306954883832522,0.5956298129444579,0.9999225138543825
ZBED5-AS1,1.0802064693365265,0.20908948416579456,0.725372282015239,0.28825127365619674,0.7731544028171289,0.9999225138543825
ZBED5,1.998221743443064,0.443791565098831,0.5960555296697123,0.7445473500510025,0.4565454065280866,0.9999225138543825
EIF4G2,42.64903524873908,0.18912065627735478,0.33159095181453785,0.5703432353701009,0.5684449219503024,0.9999225138543825
CTR9,8.18594646212181,0.4890800728944662,0.42848781408776826,1.141409526279519,0.253699542257283,0.9999225138543825
MTRNR2L8,11.27928078978041,-0.11884376856120413,0.7551095085816438,-0.15738613699148582,0.874940538375853,0.9999225138543825
ADM,1.21014680195147,-0.25271798775734905,0.6990258278899365,-0.3615288272254515,0.7177041591452937,0.9999225138543825
SBF2,2.053197182914314,-0.15969483595223777,0.5782058798186261,-0.27619026634999194,0.7824019329187615,0.9999225138543825
SWAP70,1.696030989160558,-0.18289841541426793,0.554533892794855,-0.3298236911948854,0.7415331851652518,0.9999225138543825
ZNF143,3.0863964007088716,0.1442190461393559,0.4770427818331202,0.30231889388446254,0.7624089765655229,0.9999225138543825
CTD-2371O3.3,0.9744763357185374,0.031163951161940425,0.7498081712985808,0.04156256540652001,0.966847415917245,0.9999225138543825
SPTY2D1,8.816468861552428,0.26709435078269433,0.5561190358743519,0.4802826976831647,0.6310263902287607,0.9999225138543825
UEVLD,1.0370221273737115,0.3448459654386501,0.6571292432950647,0.5247764712303438,0.5997385897729892,0.9999225138543825
TSG101,6.77640133913982,-0.08465444906346521,0.4382672434185656,-0.19315714403646697,0.8468359007356813,0.9999225138543825
LDHA,98.1308582475338,-0.08889025151101783,0.3975253511983703,-0.2236090132190348,0.8230615497143798,0.9999225138543825
GTF2H1,4.513232767701686,-0.7170287651418545,0.5060507063373163,-1.4169109066788013,0.1565089773135117,0.9999225138543825
HPS5,1.9627660857587856,-0.21043451849071665,0.5536044651227787,-0.38011709035628233,0.7038585000055637,0.9999225138543825
SAAL1,1.4016903714524644,-0.018621835170060816,0.6157920207860288,-0.030240461944100773,0.9758752793106494,0.9999225138543825
SERGEF,1.5971707458834248,0.7731645448885304,0.6491796251673799,1.1909870780204832,0.23365865774456174,0.9999225138543825
NUCB2,16.070027870417327,-0.133463531673744,0.43123043499401104,-0.30949469435198274,0.7569452474865785,0.9999225138543825
PIK3C2A,3.665357751891781,-0.060285947046956466,0.46993695955408116,-0.12828517915288307,0.8979232935141571,0.9999225138543825
RPS13,461.93472929648203,-0.05318404886738518,0.29574972338880695,-0.17982789048112433,0.8572876870998999,0.9999225138543825
C11orf58,33.37849937434974,-0.4510554673125747,0.35327581188072865,-1.2767799326857339,0.2016799521466267,0.9999225138543825
CYP2R1,4.989617510799167,-1.2301550138677741,0.5482698634903056,-2.2437035040309588,0.024851484516489792,0.9999225138543825
PDE3B,5.281076552382372,-0.16486043719456994,0.45294065752662666,-0.36397800562842697,0.7158744335048943,0.9999225138543825
PSMA1,15.2247148819109,-0.358984745840685,0.7504435680127947,-0.47836341217673617,0.6323915701335767,0.9999225138543825
COPB1,10.246781663391584,-0.29734009462086286,0.38763287688664505,-0.7670662432170675,0.44304213104697754,0.9999225138543825
CD59,6.221977983139582,-0.7784964526648701,0.5657085129272583,-1.3761441358492923,0.16877701346641705,0.9999225138543825
HIPK3,3.8109777471262567,0.9127353254952344,0.45371099134684256,2.011710853170598,0.04425042587341833,0.9999225138543825
CSTF3,1.5040849163818348,-0.6320434531709285,0.6407911076762298,-0.9863486643299031,0.32396204703793885,0.9999225138543825
TCP11L1,1.2981101653589306,0.6876658650413663,0.6376110810613721,1.0785036293545474,0.2808090629709744,0.9999225138543825
EIF3M,22.5863579887638,-0.45994490633256446,0.3571652328036749,-1.2877650568676293,0.19782775943556385,0.9999225138543825
RCN1,2.7805338997601186,-1.155575285131216,0.5346642246216026,-2.1613102802025894,0.030671379345895585,0.9999225138543825
ELP4,1.161497522043156,0.7421598624533017,0.6458574686475125,1.1491078116777926,0.2505115276722044,0.9999225138543825
IMMP1L,3.6954798471413755,-0.23167179091496803,0.5008036721478151,-0.4626000243196875,0.6436510912132449,0.9999225138543825
DNAJC24,1.917966035208819,-0.12380033929280401,0.5765026606657487,-0.21474374315955216,0.8299671159707087,0.9999225138543825
ARL14EP,4.94330406813804,-0.473799122551834,0.5257376394390405,-0.9012082967036094,0.3674775804939411,0.9999225138543825
METTL15,7.464790783255614,-0.5215001940814977,0.4018604992277102,-1.297714493172903,0.19438546151148628,0.9999225138543825
LIN7C,1.6025283098470562,-0.12782020932069416,0.6074601848424851,-0.2104174273641293,0.8333418920470708,0.9999225138543825
SVIP,8.171062368710068,-0.3460217941840805,0.42177625523607476,-0.8203918307122497,0.41199277105961374,0.9999225138543825
PRMT3,1.4252318822674992,0.1968030873905604,0.675472033719466,0.29135638126551333,0.7707787707829848,0.9999225138543825
HTATIP2,5.177552324285332,0.33912266536752317,0.41481043938529194,0.8175364773125513,0.4136219122695226,0.9999225138543825
ZDHHC13,1.2120410104457864,0.5711880420872042,0.6790184189848227,0.8411966835025888,0.4002377581730523,0.9999225138543825
TP53I11,2.084755069715562,0.6399659794198781,0.8136916432566382,0.7864969300391758,0.4315764169106462,0.9999225138543825
CD82,8.808491456149392,0.9235601144192732,0.6115467073315778,1.510203723357672,0.13099144891883155,0.9999225138543825
ALKBH3,2.5057986986218963,-0.22194347307205553,0.6350686049960509,-0.34947952288309964,0.7267293412390448,0.9999225138543825
HSD17B12,4.687036969208364,0.15177682592544542,0.4540952892282269,0.33424003623425136,0.7381984349291031,0.9999225138543825
TTC17,6.452946744596943,0.20654691115809176,0.4162902394542633,0.49616083103189007,0.6197809436010817,0.9999225138543825
API5,4.5416460436498385,0.08071074394497398,0.45507730506044725,0.1773561174057082,0.8592286740606809,0.9999225138543825
TRAF6,1.8591246751936765,1.2682440575587701,0.5902427390284852,2.148682183954091,0.03165960192127806,0.9999225138543825
PRR5L,3.6217655315087263,0.3522547035789085,0.5153861889581305,0.683477188806713,0.49430535961060695,0.9999225138543825
COMMD9,2.336609353516768,0.551836447500529,0.530817171247267,1.0395979583777832,0.2985267258414339,0.9999225138543825
TRIM44,5.696702385578992,0.26943015615236443,0.4803564018381208,0.5608963576239833,0.5748681932174399,0.9999225138543825
CD44,89.45531795852561,0.20262699553475133,0.43997066682835484,0.4605466018801702,0.6451239296247842,0.9999225138543825
PDHX,2.8671589919921625,-0.5785402386194946,0.5662350970402857,-1.021731506301054,0.3069079949579464,0.9999225138543825
APIP,3.905300050230425,0.10362610421877577,0.5647855073625531,0.18347868857806052,0.8544224389751254,0.9999225138543825
CAT,5.075422101155607,-0.6305678444995031,0.43460543518848377,-1.450897281636693,0.14680846498198402,0.9999225138543825
CAPRIN1,7.0166957304685,-0.21274598030211245,0.37996258766796503,-0.5599129682947184,0.5755388027377539,0.9999225138543825
FBXO3,4.763424474860681,-0.5420940244783915,0.5010143120783477,-1.0819930916337173,0.27925559765770824,0.9999225138543825
NDUFS3,8.399922104249907,-0.3443149013058533,0.45491864271618765,-0.756871380891424,0.4491269227560518,0.9999225138543825
CELF1,7.598500983859053,-0.10720223695192181,0.43932680793645534,-0.24401478583894576,0.8072193685554797,0.9999225138543825
PSMC3,9.100430510281477,-0.3663554859224454,0.39498690979802065,-0.9275129803916383,0.35366025545944535,0.9999225138543825
SLC39A13,2.026850605244559,-0.6066133217944757,0.6204576621003489,-0.9776868896114395,0.3282292079453172,0.9999225138543825
MADD,2.4516226672090933,0.5536078514633861,0.5736092891026612,0.9651305548580553,0.3344794245737355,0.9999225138543825
ACP2,1.4038524742316911,-0.21897098554687794,0.8396253115997185,-0.26079607477492267,0.79424977160378,0.9999225138543825
DDB2,5.314481938543143,-0.6211379299162576,0.4269995054427917,-1.4546572583781974,0.14576417086082777,0.9999225138543825
ARFGAP2,7.866351346625104,-0.11474881846696498,0.43022306086173034,-0.26671935771440247,0.7896852483818951,0.9999225138543825
C11orf49,2.2677042252740507,-0.46504745071923204,0.5770720607932958,-0.8058741400163015,0.42031542344008865,0.9999225138543825
CKAP5,2.1793437549376753,0.09494604194227889,0.6322299613564408,0.15017643538843595,0.880625416874252,0.9999225138543825
ARHGAP1,2.3697608330530646,-0.02409875345434663,0.5043506740517134,-0.04778174134426888,0.9618901882301535,0.9999225138543825
ATG13,3.468225117793811,-0.03733751663067813,0.4561400600534728,-0.08185537711005057,0.9347617192119964,0.9999225138543825
DGKZ,10.478816581543633,0.22058850188751988,0.3995184528111147,0.5521359535095373,0.5808552106279257,0.9999225138543825
PHF21A,2.467531512616034,0.2943380347438393,0.5295090833163485,0.555869661197088,0.5782999596535409,0.9999225138543825
PEX16,4.729737547300297,0.5127592866453685,0.47839815522671497,1.0718253844485868,0.2837984692331289,0.9999225138543825
CRY2,1.4818248029729957,0.6993928069334026,0.6435827330463386,1.086717792478509,0.27716154827692707,0.9999225138543825
C11orf31,24.716410270666632,0.3438678236944827,0.41552304810578056,0.8275541519587226,0.4079230423515904,0.9999225138543825
TMX2,6.673366831413423,-0.6328926748613917,0.5664399485786645,-1.117316454196907,0.26385904259003823,0.9999225138543825
MED19,6.592986671211569,0.26244827543487415,0.401067314414319,0.6543746299000429,0.5128704752677444,0.9999225138543825
ZDHHC5,2.2296284271895885,0.3407857946661784,0.5603665350589258,0.6081480126759226,0.5430893108752644,0.9999225138543825
CLP1,2.1110366893978685,-0.48155742992292516,0.522603647345069,-0.9214582262663744,0.35681124133196607,0.9999225138543825
UBE2L6,19.472810527237417,-0.6390442862055984,0.422102517022806,-1.5139551659462651,0.13003721101686802,0.9999225138543825
TIMM10,6.315779218706372,-1.2295341066892125,0.505693247224551,-2.431383281144039,0.01504129368643346,0.9999225138543825
SLC43A1,1.1351534748582932,0.4690847227607251,0.6802611464478067,0.6895656546169006,0.4904673721515581,0.9999225138543825
SLC43A3,0.860979662666373,-0.7640290410592537,0.7483289647134133,-1.0209801799558207,0.30726382915159556,0.9999225138543825
SSRP1,4.466173763042025,-0.006062647015973273,0.45517093107277734,-0.013319495165660996,0.9893728946744952,0.9999225138543825
PTPRJ,2.44493441528086,-0.08759112752666319,0.5615760584090983,-0.15597375674241187,0.8760537071106912,0.9999225138543825
NUP160,3.891842298830333,-0.44513233667708724,0.6420252523394793,-0.693325278180363,0.4881054429113091,0.9999225138543825
FNBP4,14.387208955526562,0.15346679017394488,0.29326643682584125,0.5233015814390053,0.6007644006509769,0.9999225138543825
MTCH2,6.320442965043658,-0.36694573818421533,0.4407424554786196,-0.8325627214327118,0.4050913907157906,0.9999225138543825
KBTBD4,2.599456407290028,-0.566284991409599,0.5499560997751675,-1.029691263795614,0.30315495789362323,0.9999225138543825
PTPMT1,4.79843082173098,0.06292377169525978,0.5456472305452797,0.11531951079890644,0.9081918741493751,0.9999225138543825
TMEM216,3.0619076214870176,0.694215453362262,0.5343966288289436,1.2990640582511517,0.1939219463946419,0.9999225138543825
TMEM138,3.602400391778493,0.2658094908649674,0.4677897993939869,0.5682242135448844,0.569882731947169,0.9999225138543825
CYB561A3,2.1851508189648783,-0.11070647676631272,0.5229614441023431,-0.21169146982974818,0.8323477433792483,0.9999225138543825
TKFC,0.8203152117109053,-0.8602176258772569,0.8460912978790877,-1.0166959854493007,0.309298076122667,0.9999225138543825
DDB1,5.505158585500895,-0.18624547685730622,0.5471241619763685,-0.3404080642034423,0.7335492465793334,0.9999225138543825
CD5,1.9665100243045113,0.21642260113687029,0.6660194495157181,0.324949370914374,0.7452193901088162,0.9999225138543825
CD6,6.349619382795766,0.26049032064305117,0.5192842097897371,0.5016334325831437,0.6159253975561141,0.9999225138543825
TMEM109,10.200161485840152,-0.24752127440062463,0.3746568274233412,-0.6606613206622269,0.5088295342503364,0.9999225138543825
PRPF19,3.3975575826782167,-0.940730671489787,0.574657449977141,-1.6370285837714413,0.10162449722009637,0.9999225138543825
MS4A1,3.933768526175627,0.005277948544071315,0.6551327146453276,0.00805630435800884,0.9935720686688098,0.9999225138543825
MRPL16,5.390790974341016,0.1384049198420324,0.4629312861890823,0.29897508328158556,0.7649590571831806,0.9999225138543825
PATL1,2.3414772212313633,-0.2751514680759698,0.5855982135602346,-0.46986391301152375,0.638452248111689,0.9999225138543825
OSBP,2.4775511296961352,0.35685906403525497,0.7171431074359285,0.4976120670129117,0.6187574968446361,0.9999225138543825
FAM111A,6.177669321379724,0.009222265803412765,0.37553297395532625,0.024557805686884517,0.9804076753238953,0.9999225138543825
ZFP91,2.1072166845223133,-0.4097493929309848,0.6986154173634112,-0.5865163904876124,0.5575285503169363,0.9999225138543825
LPXN,15.789989545837772,-0.2672683726652349,0.333545931516902,-0.801294057012629,0.42296143056146396,0.9999225138543825
HNRNPUL2,1.9366503009274394,-0.12184426338987027,0.6609428723524432,-0.18434916009639282,0.8537395505467475,0.9999225138543825
UBXN1,35.05043953149732,0.2726388124586816,0.32808653588029985,0.8309966507072757,0.40597552144146876,0.9999225138543825
UQCC3,2.72952379762935,-0.17497129733846684,0.6357408005396218,-0.27522426937196703,0.7831439424352364,0.9999225138543825
METTL12,6.790013073346506,-0.3361002443464649,0.4213307420765636,-0.7977111821700141,0.42503811321374463,0.9999225138543825
GANAB,3.4053355842651674,-0.6526569803917329,0.6256476714486254,-1.043170158182752,0.29686949190076384,0.9999225138543825
B3GAT3,7.2466134569393565,0.06961368971865085,0.48123326554712015,0.14465685292870636,0.8849818071155006,0.9999225138543825
MTA2,2.030726463831291,0.0413360597500391,0.6113485901227873,0.06761454989490838,0.9460924727653777,0.9999225138543825
EEF1G,4.836004083087952,-0.3559468420542743,0.8481676739784975,-0.4196656545334197,0.6747297186794181,0.9999225138543825
SCGB2A2,4.325986569760856,-0.48205501917423743,1.3287226137561783,-0.36279582674634525,0.7167574095721885,0.9999225138543825
FTH1,738.0258964632297,0.3022247199039378,0.4484048361649145,0.6739996885153697,0.5003115117110837,0.9999225138543825
BEST1,1.4016944272521132,-1.0487001730002237,0.7715295572811157,-1.3592482142821103,0.17406794780747814,0.9999225138543825
FADS3,1.2488743876179542,0.34168666507307577,0.7897262633191748,0.432664685149239,0.6652583891030066,0.9999225138543825
FEN1,1.2504136802024386,0.04444539152702595,0.6899337717307845,0.06441979411375845,0.9486359693373582,0.9999225138543825
TMEM258,29.143998044810715,-0.4348946070163327,0.43193407271991435,-1.0068541346547997,0.3140048754991167,0.9999225138543825
SDHAF2,6.339774279353065,-0.7059832112315176,0.7314765049654854,-0.9651481714574404,0.33447060209155643,0.9999225138543825
CPSF7,3.1771071848245658,0.0708856473612299,0.4919124638250102,0.14410215754656364,0.8854198010298493,0.9999225138543825
OTUB1,14.212221610700631,-0.09931875748118787,0.4251630410647414,-0.2336015784261553,0.8152943022427277,0.9999225138543825
COX8A,37.395727589985846,0.07463225502631066,0.3441163873855896,0.21688085125304904,0.8283012009257016,0.9999225138543825
NAA40,1.0524751718843453,-0.17668453997644218,0.6898983982811593,-0.25610226145855847,0.7978718758135217,0.9999225138543825
MARK2,3.0169711106618737,0.11049679932456437,0.6472010412897543,0.17073025578630757,0.864435871425905,0.9999225138543825
RTN3,6.233886998067353,0.7883552429447966,0.4229035704821387,1.8641489407290135,0.06230079135217059,0.9999225138543825
ATL3,3.4907590360993863,-0.09430096679672634,0.4910379925047547,-0.19204413555803063,0.8477076336301632,0.9999225138543825
PLA2G16,10.254372294803884,0.06392437065301243,0.37877307922997006,0.1687669323885637,0.8659799693117893,0.9999225138543825
RARRES3,66.91656458916712,-0.4464564177058751,0.37093133172342363,-1.2036093463217201,0.22874060533538587,0.9999225138543825
SLC3A2,16.88101421968831,0.20490266970342885,0.4727530011569601,0.43342436579349924,0.6647065022839314,0.9999225138543825
WDR74,7.060116822259546,-0.013976469419098176,0.49141771103577886,-0.0284411186353855,0.9773103295253571,0.9999225138543825
STX5,8.349141479714454,-0.08846421404267786,0.3320385005767466,-0.2664275796000062,0.7899099271238046,0.9999225138543825
NXF1,7.439707472346033,-0.48503900177329606,0.45463724177175646,-1.066870368742916,0.28603037693400335,0.9999225138543825
TMEM179B,11.352067615611372,-0.11657289805967931,0.45878174670461064,-0.2540922756779499,0.7994242707045324,0.9999225138543825
TMEM223,2.340734933281515,-0.05851456319399595,0.6420976559543026,-0.09113031740791835,0.9273890430559149,0.9999225138543825
POLR2G,12.934816396070495,0.009975105979450857,0.479631985168313,0.020797416118840326,0.9834072589328168,0.9999225138543825
TTC9C,3.5406467716062138,-0.882939112482142,0.5383865687124822,-1.6399723986310346,0.10101090601519919,0.9999225138543825
MAP4K2,1.639928037991388,0.3644498938487747,0.5942016716842361,0.6133437706692393,0.539649057266481,0.9999225138543825
SF1,39.83338932391771,0.46923363979047117,0.36275762227078723,1.2935183466391862,0.1958318428428779,0.9999225138543825
RASGRP2,8.386808119233853,-0.5691272374187383,0.6595119894731395,-0.8629520713844697,0.3881638193009055,0.9999225138543825
RPS6KA4,1.8964429482468914,-0.27067529113049527,0.6524041168138738,-0.414888999248478,0.6782231633072489,0.9999225138543825
CCDC88B,4.490249397786079,-0.01904769929694998,0.5932198033885855,-0.03210900780477297,0.9743851199261111,0.9999225138543825
PRDX5,27.22758047120177,0.033490573023289234,0.3560450768640697,0.09406273306251953,0.9250593237919775,0.9999225138543825
TRMT112,43.01644928642272,-0.20505143775923146,0.2434087766824688,-0.8424159578548182,0.39955516375698386,0.9999225138543825
GPR137,1.6802544254853509,0.34654942975145603,0.6009235848536351,0.5766946721451512,0.5641457321977461,0.9999225138543825
BAD,4.8358113256507576,0.41270587799715464,0.5351206383345292,0.7712389476915534,0.4405653125458834,0.9999225138543825
PPP1R14B,5.249528491533335,0.42866670039429744,0.807650375019585,0.5307577556487887,0.5955866574765338,0.9999225138543825
FKBP2,11.948522121063741,0.15880108532844134,0.367998005703317,0.43152702696021694,0.6660852052833987,0.9999225138543825
DNAJC4,8.477046340774042,0.5217810169545396,0.5193020722939716,1.0047736082577476,0.31500587481275055,0.9999225138543825
NUDT22,5.668074888770604,-0.21850774845777904,0.4969868729924744,-0.43966503006828467,0.6601797337898441,0.9999225138543825
TRPT1,5.4738450603676805,-0.05517586609010106,0.4960121425316027,-0.11123894227364728,0.9114268717750951,0.9999225138543825
FERMT3,12.024034601066122,-0.46308287969107753,0.46433856161807047,-0.9972957621210323,0.3186209701667658,0.9999225138543825
STIP1,15.52294223335162,0.3366379895678885,0.44958755399857997,0.7487707045576973,0.4539954197195364,0.9999225138543825
SLC25A45,3.138652089828413,0.21584170221586574,0.5457484955108691,0.39549665091393194,0.692476392777066,0.9999225138543825
DPF2,5.690388894098379,0.08528817902657172,0.41741926466320095,0.20432257503828286,0.8381014297453552,0.9999225138543825
POLA2,0.9661302759607021,-0.6426073906882771,0.7147383374023979,-0.8990806244194635,0.36860971766063866,0.9999225138543825
CAPN1,4.651941557607279,0.004579746903060529,0.5880578926800591,0.007787918434677319,0.9937862029331076,0.9999225138543825
MRPL49,3.7173600224393324,0.4335551551439443,0.44669091897381463,0.9705931701946233,0.33175090835806076,0.9999225138543825
SYVN1,2.026298018066505,-0.28121800837604904,0.6466904637962559,-0.4348572062207625,0.663666078355249,0.9999225138543825
FAU,444.05838387871825,0.0016981307872745868,0.22749652245251958,0.007464425253484922,0.9940443056412388,0.9999225138543825
ZNHIT2,1.5815353254096918,0.43608199756958343,0.7671750335393912,0.5684256897121671,0.5697459506719498,0.9999225138543825
TM7SF2,2.4613273451780278,0.22908431606071336,0.6355752272701557,0.3604361942246366,0.7185209638910419,0.9999225138543825
VPS51,9.42297790667434,-0.27732293833379434,0.48224291820666604,-0.5750689701470061,0.5652446527250341,0.9999225138543825
ZFPL1,2.229934391653198,-0.13501272336215503,0.521266673021757,-0.25900893026498895,0.7956283502034347,0.9999225138543825
NAALADL1,3.632779152547149,-0.3661324801300518,0.4802284628242132,-0.7624131189076852,0.4458134788445449,0.9999225138543825
ARL2,2.267073552554533,-0.0329139475238351,0.7258506056335772,-0.04534534691901968,0.9638320429754135,0.9999225138543825
PPP2R5B,1.8920892401140053,0.3775303633002727,0.6599167692555201,0.5720878463600502,0.5672624624787608,0.9999225138543825
ATG2A,5.010466343989782,-0.0830786663251348,0.5537186179847641,-0.15003769717459772,0.8807348738311848,0.9999225138543825
EHD1,10.77014994280976,-0.2705086018594569,0.39895119656885203,-0.6780493558759682,0.4977403998308465,0.9999225138543825
FIBP,8.819101758627856,-0.27370521194681036,0.4091030207641403,-0.6690373770293163,0.5034716354087723,0.9999225138543825
CTSW,174.386430122695,-0.2088007646697444,0.4200867613015426,-0.4970420015684928,0.619159432782211,0.9999225138543825
MUS81,3.101249213239631,0.001110051040985554,0.517104471779858,0.0021466668759695536,0.9982872089579516,0.9999225138543825
CFL1,212.86990407595766,-0.037281360649215896,0.31206310716291674,-0.11946737628858081,0.9049050848476052,0.9999225138543825
RNASEH2C,13.23655242100577,0.17223354660160228,0.4120267510723316,0.4180154471848032,0.6759358232415128,0.9999225138543825
KAT5,4.300531108412216,-0.3061809061097839,0.44456624004635115,-0.6887183023116218,0.49100055629608474,0.9999225138543825
RELA,5.641687903573674,0.9029769186464048,0.49021952189491286,1.8419848217304853,0.06547737009323777,0.9999225138543825
MAP3K11,4.905700125877558,-0.11594617846943082,0.3926626263216828,-0.29528193084116877,0.7677785185656755,0.9999225138543825
SIPA1,5.171235628024389,0.38530446499883086,0.5696333129849319,0.6764078859429752,0.49878171179809594,0.9999225138543825
EHBP1L1,2.858556184308095,-0.2725341021518946,0.8465362302319366,-0.3219402695584865,0.7474979452110839,0.9999225138543825
SSSCA1,5.3961077339244925,-0.10120736296587607,0.4411018507235602,-0.2294421635272236,0.8185252683335764,0.9999225138543825
LTBP3,4.8948006199491765,-0.4446877678728742,0.5378620719535637,-0.8267691496775892,0.4083679190068866,0.9999225138543825
SCYL1,3.527780360182976,0.3859481424713612,0.5379402637362505,0.717455391404927,0.47309315187896983,0.9999225138543825
AP000769.1,6.195097339283468,-1.131052668226946,0.6551688236172944,-1.7263530062102448,0.08428392469337082,0.9999225138543825
MALAT1,8171.569622212887,-0.39369819161455333,0.47585154453641504,-0.827355077723038,0.40803583440361735,0.9999225138543825
FRMD8,2.1983759212020684,-0.5820437513343252,0.5329280031746646,-1.0921620704242916,0.27476187082101877,0.9999225138543825
CTSF,2.727895625030363,-0.7914617953473926,0.6564833253804588,-1.2056083753364308,0.22796852831091652,0.9999225138543825
ZDHHC24,4.998161484841684,0.28821608393439635,0.4558190264978576,0.6323037591230322,0.5271884076764417,0.9999225138543825
DPP3,1.5764351885550942,-0.5996775351683541,0.5847566356126075,-1.025516426231085,0.3051195788077774,0.9999225138543825
MRPL11,7.9156546495751146,0.020957290266837247,0.38337887288847294,0.05466469789777341,0.9564055942862166,0.9999225138543825
BRMS1,5.971966891952554,-0.08690628069883764,0.4128674635372462,-0.21049437985320327,0.8332818376355567,0.9999225138543825
YIF1A,5.167639790163192,0.8749949670781231,0.5198196217582183,1.6832665225652181,0.09232350808226797,0.9999225138543825
RAB1B,12.873892814510361,-0.3259391936872731,0.5193549588869235,-0.6275846376547992,0.5302760749982394,0.9999225138543825
KLC2,0.8852402505684459,-0.19825259295391617,0.7407101718121509,-0.26765204596676495,0.7889671651211148,0.9999225138543825
PACS1,3.379548860566374,-0.4191700560337142,0.47355411276481224,-0.8851576720270034,0.3760715980165288,0.9999225138543825
SF3B2,18.898086594041217,-0.013926031137363352,0.31696978365869993,-0.04393488545380821,0.9649563075672736,0.9999225138543825
CATSPER1,3.901918949440082,-1.588788539989171,0.6309434861332118,-2.518115449176265,0.011798464129401972,0.9999225138543825
BANF1,24.867359782741648,-0.1845309911583608,0.3124400004189923,-0.5906125685280332,0.5547800416247192,0.9999225138543825
EIF1AD,4.507890055977279,0.3028561440745181,0.5105840883476697,0.5931562518029267,0.553076587490068,0.9999225138543825
SART1,2.501446831996351,-0.10812662381684947,0.5763913482753542,-0.18759237823464886,0.8511962014611621,0.9999225138543825
DRAP1,33.93447532815292,-0.08594212286423046,0.3763686833644428,-0.22834557353702983,0.8193775977006859,0.9999225138543825
CCDC85B,25.772474695860236,0.1273903876578327,0.43145016684063897,0.2952609535202377,0.7677945420903334,0.9999225138543825
TMEM134,9.922645834574844,0.23809417232834815,0.41526111749326083,0.573360139676964,0.5664008733327199,0.9999225138543825
CORO1B,9.353127426561237,0.11415552292724573,0.6941684075698066,0.1644493204853407,0.8693774398911336,0.9999225138543825
RPS6KB2,6.168344161931036,0.5306549796743406,0.5087485811588556,1.0430593800686097,0.29692079205022404,0.9999225138543825
TBC1D10C,25.75951523209955,-0.033505908028781624,0.4136318277927453,-0.0810041824092176,0.9354386263562933,0.9999225138543825
PPP1CA,35.14100956337476,-0.3936275096682847,0.4764552194371321,-0.8261584585709918,0.4087142097465133,0.9999225138543825
CLCF1,1.395459683103416,-0.01014991254151866,0.7778004160117603,-0.013049507730483386,0.9895882947575521,0.9999225138543825
POLD4,11.075911317684216,-0.061461925030461786,0.7701256815176845,-0.07980765543273267,0.9363902355935365,0.9999225138543825
RAD9A,3.2405426533270982,0.11474434988921761,0.7288037451831959,0.15744204204161283,0.8748964818376738,0.9999225138543825
ANKRD13D,5.150866755380693,0.3118749935319457,0.5586967485097416,0.558218737380942,0.5766950274636358,0.9999225138543825
ADRBK1,9.959363100933269,0.15146981514807742,0.6803705706925536,0.22262840527316655,0.8238247270035599,0.9999225138543825
KDM2A,7.898381049688122,0.35863222362410824,0.4500165362721158,0.7969312118949573,0.4254909826675741,0.9999225138543825
RCE1,3.475139541233403,0.7572710379210067,0.46647030256939215,1.623406750118578,0.10450248269970025,0.9999225138543825
RBM4B,3.4105199537475452,-0.4633304045257381,0.48581617979920944,-0.9537154664491314,0.3402276890780309,0.9999225138543825
RBM4,7.499893204975288,-0.3184353225918465,0.42489591686393413,-0.7494431223113404,0.4535901682204426,0.9999225138543825
RBM14,2.8578260058789353,0.24877509712277518,0.6341324109644254,0.39230780956996597,0.6948307940101315,0.9999225138543825
CCS,5.6032171456767434,0.42660726125440274,0.4215129640287205,1.012085742694583,0.3114970586688567,0.9999225138543825
FADD,2.0158139910885984,-0.1723373592822742,0.6458210848532026,-0.2668500043188387,0.7895846518668328,0.9999225138543825
ORAOV1,1.9400011797015346,-0.05894251281041336,0.5316440181782253,-0.11086838334491296,0.9117207174363253,0.9999225138543825
TPCN2,1.013998586078353,-0.7753882498333452,0.7398585613511865,-1.0480222711990677,0.29462834599462984,0.9999225138543825
MRPL21,5.130154448320424,-0.3518308977450787,0.4638842881743897,-0.7584453854423576,0.44818439646788866,0.9999225138543825
CPT1A,3.374457057896694,-0.20085615223087064,0.46892024536645394,-0.42833755679263685,0.668405379382027,0.9999225138543825
PPP6R3,5.957918627440735,0.06789714293878615,0.42878417434422694,0.15834806180201624,0.8741825379955924,0.9999225138543825
C11orf24,1.2533101275308696,0.3519103453925183,0.6725323173096823,0.5232616133604676,0.6007922101577132,0.9999225138543825
KMT5B,4.623346838418169,-0.2677694988627912,0.46604122541099713,-0.5745618290026766,0.5655876737094725,0.9999225138543825
CHKA,2.325057273463807,0.20208720215420384,0.6445919039981837,0.31351185284941663,0.7538918170046505,0.9999225138543825
TCIRG1,13.132041274149723,0.2254640838846921,0.47788352049994026,0.47179715184323934,0.6370715840624113,0.9999225138543825
NDUFS8,17.320480167574637,0.0964457270534356,0.37809712422154435,0.25508188471945015,0.798659855367699,0.9999225138543825
UNC93B1,2.3567931548011405,-0.5533231536537649,0.673579877640107,-0.8214662759706205,0.41138072585409957,0.9999225138543825
NDUFV1,13.256901536489535,0.20596845726648624,0.39777526307012306,0.5178010710791144,0.6045970709540063,0.9999225138543825
GSTP1,61.84133862063571,-0.5247441353264837,0.3539633117732488,-1.4824817089027527,0.13821216697498767,0.9999225138543825
CDK2AP2,30.86455432649721,-0.04258070339112237,0.4659304449981239,-0.09138854060350965,0.9271838669193401,0.9999225138543825
AIP,10.059929946452822,0.008601944058437077,0.3744994986308016,0.022969173763613654,0.9816748622321346,0.9999225138543825
PLEKHB1,0.946973962402522,-0.519982242015728,0.7719225633670906,-0.6736196954103654,0.5005531282697913,0.9999225138543825
RELT,3.4356274746249182,0.537090997551631,0.5781808016613667,0.928932603795099,0.35292401500745807,0.9999225138543825
FCHSD2,2.1529628099713864,-0.012273145387229985,0.545162650439688,-0.02251281406995026,0.9820388904414478,0.9999225138543825
ATG16L2,4.5466592149764,-0.6982746432717826,0.5211870644041574,-1.3397773869734833,0.1803177294696161,0.9999225138543825
STARD10,2.636449568809764,-0.7632130033899573,0.8189470676456801,-0.9319442410167634,0.35136534230707206,0.9999225138543825
ARAP1,2.3684160976885,0.43836734036156366,0.623621720047472,0.7029378969164093,0.48209445264953077,0.9999225138543825
INPPL1,1.588749660502682,-0.5769163654409464,0.7029239436527901,-0.8207379626918994,0.4117955420739927,0.9999225138543825
ANAPC15,5.058468939347138,-0.6075610108776431,0.4482725539020133,-1.355338410949086,0.17530976239859353,0.9999225138543825
LAMTOR1,15.765691420494436,-0.028488654829164385,0.4354366790618626,-0.06542548250768052,0.9478352354342696,0.9999225138543825
NUMA1,6.261528673728875,0.07355530007838842,0.40920527672973966,0.1797515923211522,0.8573475882253562,0.9999225138543825
IL18BP,1.4207915232276525,-1.2638791938271876,0.9018976667413425,-1.4013554313691983,0.1611078128504655,0.9999225138543825
RNF121,1.1985545472453079,0.12942864009579505,0.6671424506857261,0.19400450377990652,0.8461723553983806,0.9999225138543825
NADSYN1,4.187823115410707,-0.32175693801342165,0.4466937565882579,-0.7203076677653291,0.4713355847227594,0.9999225138543825
RP11-660L16.2,3.618863873998436,-0.002012565677197846,0.6113545276958048,-0.0032919780356959255,0.9973733862949713,0.9999225138543825
DHCR7,1.435455413908379,-0.19505846630407833,0.6340161532566838,-0.30765535752069106,0.7583445925780626,0.9999225138543825
PPFIA1,3.1742719706462563,-0.4853503691224933,0.6680458949605971,-0.7265224931157168,0.4675185234959578,0.9999225138543825
EMSY,2.603365159272573,0.3496790217895676,0.527538671312843,0.6628500256092118,0.5074266107551259,0.9999225138543825
PRKRIR,3.409286077562736,-0.17159896416629544,0.46470138652175447,-0.3692671662778915,0.7119285963276448,0.9999225138543825
UVRAG,5.572604276964831,0.8461038782686979,0.4523479102572015,1.8704715089489634,0.06141836986355962,0.9999225138543825
SERPINH1,9.545833253926682,0.1388124082689402,0.7013088929344474,0.19793333532120952,0.8430972223006884,0.9999225138543825
RPS3,826.9072575376105,0.041592958416956316,0.2879724669398377,0.14443380250531307,0.8851579261025189,0.9999225138543825
ARRB1,1.6195907800725515,-0.06939249160126594,0.6748566354972309,-0.10282553056641121,0.9181014421996005,0.9999225138543825
SPCS2,30.46455641818291,-0.3394817787722587,0.34016719947357305,-0.997985047640175,0.3182866092361355,0.9999225138543825
XRRA1,1.5166820897450455,0.44930092104754515,0.7233563912598192,0.6211335469989131,0.5345117583009646,0.9999225138543825
PGM2L1,3.1521335217987576,0.9377828450695147,0.4774571959065017,1.9641191987672053,0.04951627026183508,0.9999225138543825
PPME1,2.2434252411053537,-0.04265120784079327,0.5578259497534802,-0.0764597055042744,0.9390533704437842,0.9999225138543825
C2CD3,2.3320066446353094,0.5240235117819009,0.6728950504827974,0.7787596467025842,0.43612131269576226,0.9999225138543825
UCP2,37.243445716439034,-0.15465405157287165,0.4860675268654675,-0.3181740046906618,0.7503529501997683,0.9999225138543825
PAAF1,1.9869682763090377,-1.219581131836582,0.6215845904356668,-1.9620517474247245,0.049756459897610794,0.9999225138543825
COA4,7.288557310190333,-0.24280850798860915,0.36130621617038366,-0.6720296997993144,0.5015647890413819,0.9999225138543825
MRPL48,5.155157343000023,-0.5364988569307664,0.44126196624312397,-1.2158284601287601,0.2240502748351072,0.9999225138543825
RAB6A,12.652719768455803,0.3599049410183539,0.3993148793663923,0.9013061110806299,0.3674255854739791,0.9999225138543825
CREBZF,6.819772948192768,0.09504734441402836,0.3718348870557037,0.25561707016423535,0.7982465361283559,0.9999225138543825
TMEM126A,8.791194613990548,-0.19849928341447923,0.44415639784380984,-0.446913034188202,0.6549378525835106,0.9999225138543825
TMEM126B,7.596633078728591,-0.21735580540086474,0.45283793244504444,-0.47998586211026534,0.6312374460259258,0.9999225138543825
CCDC90B,5.352801348141706,0.2526358104171933,0.40007760978998713,0.6314670059886868,0.5277352159017852,0.9999225138543825
ANKRD42,2.055556908392121,-0.14611029681747517,0.6658792381899535,-0.21942461701410595,0.8263192956369916,0.9999225138543825
PCF11,11.550308139263512,-0.3280123232151848,0.44024052513626627,-0.7450752588341479,0.45622622493052656,0.9999225138543825
RAB30-AS1,1.9914020523200264,-0.30669074969041604,0.7495618061959921,-0.4091600547883625,0.6824222065811443,0.9999225138543825
RAB30,1.8851336555030318,0.7754571608350077,0.6387411861476385,1.214039704425399,0.22473256280912324,0.9999225138543825
PRCP,6.694398534497178,0.024401481180900398,0.42883788649694554,0.05690141181374888,0.954623729672325,0.9999225138543825
ALG8,1.929104297249097,-0.709987812262371,0.6148744579115766,-1.1546874376175054,0.24821844572602547,0.9999225138543825
NDUFC2,8.539226708376642,0.11570183537527805,0.9221637967957176,0.1254677702348674,0.9001532390040903,0.9999225138543825
INTS4,1.7357131461533721,-0.22205831142948296,0.6208163658361004,-0.35768759273995654,0.7205771191972454,0.9999225138543825
AAMDC,1.8538616501227532,-0.2663030921589687,0.6150518040471701,-0.43297668652727855,0.6650317068261518,0.9999225138543825
RSF1,15.792849537112188,-0.16350517215730925,0.36252000217299263,-0.45102386399988337,0.6519723495957408,0.9999225138543825
CLNS1A,10.781034082822258,-0.10286922760757922,0.3776912701333904,-0.27236326529667626,0.7853427153898147,0.9999225138543825
PAK1,4.098609418053713,-0.10029169453232253,0.6418654543016248,-0.15625033854087675,0.875835699544156,0.9999225138543825
SRSF8,5.830999370781632,0.9898185864219309,0.47271001949650904,2.0939234321206106,0.03626680153926369,0.9999225138543825
CWC15,8.139718992544157,-0.15902233142311828,0.41309091049463625,-0.38495722704889457,0.7002691058197694,0.9999225138543825
ANKRD49,4.70388497845611,-0.3834765209171898,0.4364756757756911,-0.8785747802227174,0.37963187504308105,0.9999225138543825
MRE11A,3.7598436718453283,-0.25203304019591605,0.4397655324757879,-0.5731077621682236,0.5665717318930109,0.9999225138543825
MED17,5.409077334312,0.4844982097026058,0.411452760579746,1.1775305846045052,0.23898379754847032,0.9999225138543825
C11orf54,2.0408589793218574,-0.04797206706506196,0.5535333245122113,-0.08666518336061566,0.9309376519073613,0.9999225138543825
TAF1D,28.93426514807032,-0.22350828853024404,0.36451897299995784,-0.613159547473733,0.5397708496583686,0.9999225138543825
SLC36A4,1.0221310921194906,0.0591180208254609,0.7562602654996575,0.07817152840418227,0.9376916097370553,0.9999225138543825
CHORDC1,29.25131392328768,0.24488741094039468,0.5878532362194192,0.41657916611177626,0.676986250758228,0.9999225138543825
CTSC,42.67171358286141,-0.8033987371123879,0.423027976738434,-1.899162186167049,0.05754315485003384,0.9999225138543825
TMEM135,2.4116738695484865,0.6327073611472773,0.6846626303897699,0.9241155177216038,0.3554261748329406,0.9999225138543825
PRSS23,10.72585277410376,-1.009991598880841,0.8830036573550479,-1.1438136076425471,0.25270094528669884,0.9999225138543825
C11orf73,11.29780027765383,0.0727154579438577,0.3421077882753161,0.21255130820155108,0.8316769539255039,0.9999225138543825
EED,3.74825117955235,0.3472051583237406,0.49386574077338885,0.7030355209090243,0.48203361329975536,0.9999225138543825
PICALM,4.713960734725117,0.14811241684867404,0.5294893814792209,0.2797268878837498,0.7796870479502372,0.9999225138543825
SYTL2,5.710269994143543,-0.28879982913310953,0.4865953571537569,-0.5935112715057268,0.5528390419253842,0.9999225138543825
MSANTD4,1.6281464076903427,-0.3844027998474143,0.6210072392487499,-0.6189989029957804,0.5359170815661651,0.9999225138543825
CARD16,19.37325196165639,-0.737346515693121,0.4852507634487057,-1.5195164464095965,0.12863255147948405,0.9999225138543825
CASP1,9.708166162676559,-0.6146384540780286,0.42143284076951615,-1.4584493532960752,0.14471672554379605,0.9999225138543825
CASP4,20.953163771220378,-0.20955298756666585,0.30684672432769733,-0.6829239843631946,0.49465487750206627,0.9999225138543825
PDGFD,3.9392367830730417,0.26287466475437493,0.5334284658849162,0.49280209356335414,0.6221524313109985,0.9999225138543825
DCUN1D5,5.535751731830373,0.16759828654930087,0.470567809456101,0.35616181808742275,0.7217193842619614,0.9999225138543825
TMEM123,22.614178754627687,0.34716926856304287,0.322374256411004,1.0769137474812103,0.2815188008055498,0.9999225138543825
BIRC2,16.375994635865478,-0.15960777122448624,0.34786892476027687,-0.45881583511512275,0.646366422400556,0.9999225138543825
BIRC3,55.16877446861597,-0.31305712751035775,0.5628818418767803,-0.5561684606249719,0.5780956978370217,0.9999225138543825
CCDC82,5.24695017907756,-0.35245527878548416,0.4613556390156758,-0.7639557187107635,0.4448936314017512,0.9999225138543825
MAML2,6.209533939212252,-0.05687781384225718,0.5487241228218971,-0.1036546626558978,0.9174434067276473,0.9999225138543825
MTMR2,2.5283798128592787,0.5341941266353355,0.5587620482436431,0.9560315134402346,0.3390563134764708,0.9999225138543825
CEP57,7.662454643299621,-0.3648311007203357,0.40253600206609996,-0.9063316047453246,0.3647603620738258,0.9999225138543825
FAM76B,2.862014646550384,-0.097120129207725,0.4775784403687531,-0.20335953426359774,0.8388540259045407,0.9999225138543825
SESN3,1.8438490226229713,0.016862535046410044,0.5917713985016361,0.02849501528648723,0.9772673436416417,0.9999225138543825
ENDOD1,1.581605742725475,0.4378492713577232,0.6581068483194725,0.6653163881758801,0.5058481507790966,0.9999225138543825
C11orf1,2.604203610932979,-0.2778315315567261,0.5094913939121577,-0.5453115300405398,0.58553927544126,0.9999225138543825
PPP2R1B,1.5265909073569104,-0.36093573461289513,0.663019562312825,-0.544381727371415,0.5861788173020605,0.9999225138543825
SIK2,3.1955138083696797,0.16565887946837776,0.8327929361998809,0.1989196500924901,0.842325598122079,0.9999225138543825
LAYN,1.2785353232544294,-0.1716948256532548,0.6986868533121373,-0.24573931059291076,0.805884039621395,0.9999225138543825
FDX1,16.517470402383392,0.26767957981958307,0.4301559713362379,0.6222849330396655,0.5337545266849163,0.9999225138543825
RDX,4.6618538410172645,-0.11517647457640139,0.41954542528376815,-0.2745268274549756,0.7836797899226414,0.9999225138543825
DDX10,2.123491727107095,0.6836543634539803,0.6321039763819142,1.081553650978648,0.27945090892237723,0.9999225138543825
KDELC2,1.192129623013404,0.27436007716178207,0.6808668652391238,0.4029570113761161,0.6869798495034151,0.9999225138543825
ATM,19.549557825221903,-0.0028517995144647524,0.2806346248684864,-0.01016196599333097,0.9918920637718438,0.9999225138543825
NPAT,3.41656284506022,0.17117008151307747,0.434751185487724,0.39371964292875006,0.6937880373961833,0.9999225138543825
ACAT1,2.0480455882667985,0.5823343839067838,0.6101295592697592,0.9544438145297496,0.3398590368486566,0.9999225138543825
CUL5,5.814546983258468,-0.03621103777139923,0.39348279099606587,-0.09202699228531515,0.9266765938426619,0.9999225138543825
ALKBH8,0.9589595666746459,-0.18277518760147338,0.7101331720717373,-0.2573815655847288,0.7968842321816149,0.9999225138543825
CWF19L2,5.58969661536187,-0.3897486041927914,0.6244507173556406,-0.6241462990758638,0.5325315101785395,0.9999225138543825
AASDHPPT,6.788698987997581,0.10587100555380552,0.4845751906027594,0.21848210062531964,0.8270535030981075,0.9999225138543825
KBTBD3,2.8522144718966076,0.384391224183936,0.52608453347838,0.7306643699300713,0.464984183770746,0.9999225138543825
PAFAH1B2,4.040748107852954,-0.009318201374473653,0.5317538219859598,-0.017523524964376633,0.9860189655189361,0.9999225138543825
SIK3,6.306489678535801,0.5118389737321369,0.6848262941492481,0.7473997101235557,0.45482232031925784,0.9999225138543825
ZPR1,9.961144129027371,-0.19250561129760024,0.41922292013953755,-0.4591962940230585,0.6460932116341329,0.9999225138543825
BUD13,2.280983634715228,0.09754046685988864,0.6140521364824932,0.15884720704439653,0.873789255114283,0.9999225138543825
REXO2,6.502752066386053,-0.03304309099006974,0.478168112252577,-0.06910350176721065,0.9449072336869024,0.9999225138543825
RBM7,7.1840140416412686,-0.5250787992407422,0.5519760599171689,-0.951270965120366,0.3414668421103808,0.9999225138543825
ZBTB16,6.320565595854597,-0.5064880182543272,0.7164527518948435,-0.7069384783780779,0.4796047106171558,0.9999225138543825
USP28,4.461052454188261,-0.19422382521668274,0.5664405329991856,-0.34288475824339,0.7316851586101418,0.9999225138543825
NCAM1,6.19360244036964,-1.0228623975740159,0.5330871138075002,-1.9187528099645181,0.05501562460439673,0.9999225138543825
PTS,5.259904185441361,0.2868354932270116,0.38752929837679656,0.7401646647839257,0.4592000853554973,0.9999225138543825
BCO2,6.706580935725757,-1.2877948491581979,0.8627264871356625,-1.4927035026289786,0.1355148161153808,0.9999225138543825
IL18,3.4324109913348346,-1.1401408850218266,0.6110406397429637,-1.8659002541981997,0.062055322042298716,0.9999225138543825
SDHD,9.014949551294304,-0.7569812636297344,0.4770063011684329,-1.586941853337156,0.1125258145889313,0.9999225138543825
TIMM8B,8.123278574430847,-0.282615902081413,0.3688532133606183,-0.7662015453423926,0.4435563890231272,0.9999225138543825
C11orf57,3.3935674526067086,0.011386535744606267,0.5015345427713903,0.022703392834492124,0.981886869443766,0.9999225138543825
DLAT,1.268835828985919,0.23519300668581414,0.6498390011136135,0.3619250403296348,0.7174080471744282,0.9999225138543825
DDX6,19.189823420421632,0.014758873600354909,0.3313803694356068,0.04453756155046723,0.9644759118814465,0.9999225138543825
ARCN1,4.717966654606602,0.16336592055339186,0.4822101581238381,0.3387857302488374,0.7347711518638504,0.9999225138543825
KMT2A,10.96336511203815,-0.5051857407474122,0.4576103969731101,-1.1039647352616808,0.2696084354076508,0.9999225138543825
ATP5L,98.66395582307311,-0.2773200954316519,0.3399380696773108,-0.8157959351092995,0.4146168585177952,0.9999225138543825
UBE4A,5.073352966624834,0.4296253734346937,0.4826372234907091,0.8901621187180647,0.3733788419300711,0.9999225138543825
CD3G,19.19802731791332,-0.5405937938206127,0.5192761930970881,-1.0410525285135475,0.29785116984843774,0.9999225138543825
CD3D,42.32879550565509,0.07403111096807392,0.42711932023003346,0.17332653303578735,0.8623947689679965,0.9999225138543825
CD3E,57.75699186463785,0.5867942875351598,0.5426514500325239,1.0813465761493684,0.27954297639401704,0.9999225138543825
MPZL3,6.526608287030331,0.03611048071787381,0.5217436946732107,0.06921114924156635,0.9448215485789535,0.9999225138543825
JAML,3.148695590356214,0.1815134200385878,0.5067398963012137,0.3581983999355234,0.720194844575856,0.9999225138543825
IL10RA,17.684441756166596,0.6944121654719041,0.26505518198968486,2.619877718515718,0.008796130137985721,0.9999225138543825
FXYD2,2.3890103946284955,0.4416949364100656,0.7895921565495142,0.5593963070001285,0.5758912811951518,0.9999225138543825
CEP164,2.819746251091519,-1.0128221422491899,0.5240315921540704,-1.932750157458847,0.05326698307659421,0.9999225138543825
RNF214,1.9843626181013436,0.7378532836330952,0.5818016367694846,1.2682213954056645,0.20471889851013103,0.9999225138543825
PCSK7,12.638753003508223,0.044390945377243224,0.5586144765561155,0.07946615642851844,0.9366618497148055,0.9999225138543825
TAGLN,2.9470626180498147,-0.9312823733448965,0.8215571333480073,-1.1335576499101618,0.25698014601139096,0.9999225138543825
CRTAM,45.192997175341034,-0.7903082577968544,0.8357387956628243,-0.9456402669090659,0.3443320987898306,0.9999225138543825
UBASH3B,2.61521992096756,-0.624253981360783,0.5695355262778532,-1.0960755783586273,0.2730457010782431,0.9999225138543825
SORL1,8.02822683427786,0.010553389309728241,0.48106873378658077,0.021937383514119835,0.9824979042113501,0.9999225138543825
SC5D,9.583568602949589,-0.1601880371547915,0.484554117176273,-0.3305885379496583,0.7409553052547491,0.9999225138543825
ARHGEF12,2.5076924913131373,-0.20945535829553122,0.60916608426074,-0.3438394941992183,0.7309669969800958,0.9999225138543825
CBL,2.2380128444225726,0.5856195230158087,0.5181985356817179,1.1301064798367189,0.2584313596529966,0.9999225138543825
HINFP,3.328734924073017,-0.5362308247977624,0.5097226221702811,-1.0520051523603475,0.2927971857398928,0.9999225138543825
DPAGT1,1.3632833584201147,0.24555774948681092,0.6376034877006932,0.3851261077199154,0.7001439859194118,0.9999225138543825
H2AFX,36.076770044731894,-0.02864064598106394,0.6173858883085444,-0.04639018565767819,0.962999258803386,0.9999225138543825
VPS11,1.8298236029167712,-0.22756020966174662,0.5951418675484725,-0.38236296599182296,0.7021921560615123,0.9999225138543825
HYOU1,2.804247767194465,0.31451639677649523,0.5370235414720407,0.5856659391772121,0.5581000273885759,0.9999225138543825
SLC37A4,1.2431323825640097,-1.8980165975040417,0.7877417833445662,-2.4094400444845134,0.015977020953743086,0.9999225138543825
TRAPPC4,9.918106563137393,-0.31808366377651714,0.4043957476306023,-0.786565303023593,0.431536377235924,0.9999225138543825
RPS25,428.2984326691481,0.03948413714238338,0.34778588666623417,0.11353001561065593,0.9096103678931378,0.9999225138543825
CCDC84,2.173363231773,-0.2481637025777039,0.5490706980118761,-0.45197039921503196,0.6512903071020835,0.9999225138543825
BCL9L,2.634310766258389,0.12028716571154052,0.5074707118019229,0.23703272506983866,0.8126314026360324,0.9999225138543825
APLP2,10.18973097429138,-0.6725964431823817,0.5218333462197977,-1.2889104309924304,0.1974292272660927,0.9999225138543825
FLI1,10.214682716761127,0.08362939354310951,0.44816051964719084,0.1866058920338315,0.8519696467243398,0.9999225138543825
ETS1,18.266272888436223,0.07366115919204118,0.44319634653624973,0.16620434660107541,0.8679961389319253,0.9999225138543825
DCPS,3.447828802493307,-0.1597554010499633,0.5927146474788513,-0.26953172446385937,0.7875205325940083,0.9999225138543825
FOXRED1,1.8022150135046326,-0.7625175923780575,0.5699086906964436,-1.337964492954548,0.18090801171930515,0.9999225138543825
SRPRA,8.340375403053065,0.5059941114701894,0.39487704857461114,1.2813966101516354,0.20005439422647542,0.9999225138543825
RPUSD4,1.959206384803847,-0.42709233233335747,0.5440471070920251,-0.7850282204719363,0.4324370227877504,0.9999225138543825
PUS3,1.7683375111117514,-0.464345378948437,0.6226284225221635,-0.7457824958704127,0.45579881549776846,0.9999225138543825
STT3A,2.373200003050109,0.7007927922077539,0.5787536080483314,1.2108655263004962,0.22594694676130955,0.9999225138543825
EI24,4.131018544147318,-0.3376297068253292,0.5154748303370696,-0.6549877645908584,0.5124756317458947,0.9999225138543825
FEZ1,2.57641515675479,0.5447891219079108,0.6675594325002034,0.8160908158656643,0.4144481963159401,0.9999225138543825
TMEM218,2.8873099779480627,0.2986031316400207,0.48100077288465837,0.6207955339639845,0.5347341620954531,0.9999225138543825
TBRG1,17.971926741586266,0.12153150689544669,0.5321036724091861,0.22839817350854388,0.8193367092612334,0.9999225138543825
VWA5A,0.9790609370185023,-0.6236226749628563,0.8291965338857477,-0.7520806581769711,0.4520025547764641,0.9999225138543825
HSPA8,416.01072271681886,0.27216092191055385,0.4797082089162529,0.5673468096896118,0.5704785800745212,0.9999225138543825
C11orf63,1.1598733871766946,-0.40495601102382955,0.7548208128370318,-0.5364929055172474,0.5916179377610473,0.9999225138543825
GDI2,15.346629240796869,0.364371134900574,0.31244308173747193,1.1662000415382354,0.24353357578990353,0.9999225138543825
FAM208B,3.3935729756709208,0.2542958788792954,0.5152096395946777,0.49357748639826177,0.6216046038809904,0.9999225138543825
KLF6,239.10565068522035,0.8730027613369454,0.513156745496198,1.701239960302565,0.08889793698026795,0.9999225138543825
PITRM1,2.086560295132928,0.0955413446735448,0.5708635304255298,0.16736284520107092,0.8670845580323929,0.9999225138543825
PFKP,3.6965896284391824,0.06712863115126738,0.5387563181552895,0.12459924624386201,0.9008408251577608,0.9999225138543825
WDR37,4.060187568177471,0.5513584044891607,0.6301740000859164,0.8749304230482214,0.3816117643724003,0.9999225138543825
IDI1,28.11542737547308,-0.2202514275103161,0.4004968689329995,-0.5499454417636476,0.5823567949619193,0.9999225138543825
GTPBP4,5.403674924214882,-0.06276952847158122,0.43443224190234375,-0.1444863488877311,0.8851164353511134,0.9999225138543825
LARP4B,1.6511326668517148,0.15727888176292282,0.5962393406884964,0.263784810947409,0.7919457392715477,0.9999225138543825
ZMYND11,3.4593398425352353,-0.2901569714049454,0.5258558740238345,-0.551780413109532,0.5810988084538917,0.9999225138543825
ACAD8,1.680517940212927,-0.13043461128561212,0.6050838140783433,-0.21556453544256282,0.8293272024512761,0.9999225138543825
THYN1,6.178560835298213,-0.010569298768008273,0.46421090136398524,-0.022768312284249744,0.9818350846031313,0.9999225138543825
VPS26B,4.615020443494816,-0.040918185414629334,0.5297988406191095,-0.07723343706606338,0.9384378421466202,0.9999225138543825
NCAPD3,1.4823301273083513,-0.20732938964779282,0.6320878693426957,-0.3280072276397163,0.7429061978209411,0.9999225138543825
SNX19,1.7969291052034413,-0.012827549971880032,0.5851261455553656,-0.02192270858056584,0.9825096102990387,0.9999225138543825
ZBTB44,5.1847501470554676,-0.12284322910301872,0.4929704944325801,-0.24918982066951892,0.8032139530531873,0.9999225138543825
CAMK1D,3.5902854055162163,0.03399195813560121,0.5043584638535006,0.06739642649374622,0.9462661139674041,0.9999225138543825
CDC123,7.848743508499232,-0.10965523398354339,0.38725063040968577,-0.28316347443394824,0.7770515261314684,0.9999225138543825
NUDT5,8.027628710235387,-0.47079127716034586,0.42144896905740453,-1.1170777762567514,0.26396107179171635,0.9999225138543825
UPF2,7.211337139051034,-0.5255521998818263,0.5300430377501087,-0.9915274090056067,0.321428115437304,0.9999225138543825
CELF2,30.574259369966846,-0.5314348930104155,0.28876146506685557,-1.840394087512248,0.06571040087526495,0.9999225138543825
GATA3,16.791731250454447,0.23139413248761279,0.3137013350382489,0.7376255904661656,0.46074200026753365,0.9999225138543825
TAF3,5.163325438440202,0.16980368720939998,0.43313348277084984,0.39203546704154235,0.6950320081910647,0.9999225138543825
ATP5C1,22.444718845465477,-0.3087252782999296,0.391618413225613,-0.7883318758101183,0.43050260720073985,0.9999225138543825
KIN,4.610306789083011,-0.12992827129040097,0.56734645011421,-0.22901045959527142,0.8188607865662209,0.9999225138543825
SFMBT2,3.7316781255544886,-0.35775881184687774,0.5118087297115014,-0.6990088114529442,0.484546524182211,0.9999225138543825
PRKCQ,4.5441570787701595,-0.046366424662686166,0.4830117162687793,-0.09599440986827917,0.9235250123389804,0.9999225138543825
PFKFB3,13.46045426901686,0.14799585005484478,0.5839196348044563,0.25345242946729446,0.799918617002465,0.9999225138543825
RBM17,16.172329284864038,-0.01733972577432751,0.30380987173501683,-0.057074267124049304,0.9544860348605749,0.9999225138543825
IL2RA,2.509224610490232,-0.6547112483399398,0.8066023442588623,-0.811690237450914,0.41696939755586804,0.9999225138543825
IL15RA,1.311824116791911,0.8294841659247342,0.7784022861107995,1.0656240105218082,0.28659364084482075,0.9999225138543825
FBXO18,1.6272842150782705,-0.4497574330187463,0.6552068460103087,-0.6864357962030057,0.4924383380013039,0.9999225138543825
NSUN6,5.1331168847571425,-0.32600747159167953,0.5364355655877169,-0.6077290405502977,0.5433671989457403,0.9999225138543825
STAM,4.485999885152501,0.27989511326860916,0.5521872358946197,0.5068844317184195,0.6122359098135431,0.9999225138543825
VIM,292.5429713678971,0.8106556460903778,0.48885280371499135,1.658281674831106,0.09726062602158496,0.9999225138543825
VIM-AS1,5.156656215686041,-0.3442398361923587,0.4549468930575136,-0.7566593847445848,0.44925395358739284,0.9999225138543825
TRDMT1,1.492610966365915,0.5768280777206037,0.6643310046869455,0.8682841439749209,0.3852388001951973,0.9999225138543825
RSU1,7.193524742714834,0.3078872956717333,0.37268975127282944,0.8261222494587538,0.40873474751408057,0.9999225138543825
PTER,0.9665540653872575,-0.5678253091796954,0.7212876822018671,-0.7872383283273343,0.43114236406645934,0.9999225138543825
FAM188A,2.030245093901917,0.27562606256910266,0.5522536156204313,0.49909326942015503,0.6177136789091682,0.9999225138543825
NMT2,3.082558160600496,-0.48432300560897146,0.5882943029166318,-0.8232665235882894,0.410356446212627,0.9999225138543825
RPP38,2.1352413497341645,0.335543324616333,0.5749853361097609,0.5835684904358674,0.5595106647108214,0.9999225138543825
DCLRE1C,2.1451677962989124,0.5085037585127773,0.5941167625190652,0.8558986896055797,0.39205381985455956,0.9999225138543825
HSPA14,4.2746995158323875,0.41537832321444534,0.4457291868478246,0.9319073901172614,0.35138438809198447,0.9999225138543825
FAM107B,24.773242442096485,0.3861650680816862,0.5098755128356495,0.7573712766358337,0.4488274594612347,0.9999225138543825
PRPF18,5.42135244278096,0.14449610875723484,0.3869928676564705,0.37338183939219916,0.7088642738630268,0.9999225138543825
PHYH,3.9855745661722723,0.5226714221221949,0.7021228159061632,0.7444159487220658,0.4566248732549133,0.9999225138543825
OPTN,18.22388769897337,0.022097296612455533,0.285495101397804,0.07739991510980618,0.9383054083141226,0.9999225138543825
WAC,13.35659679511458,6.858038296936423e-05,0.40443583633346897,0.0001695704900710572,0.999864702324653,0.9999225138543825
WAC-AS1,3.8188947749754814,-0.42116051658030057,0.5338137430419999,-0.7889652937376026,0.4301322915384732,0.9999225138543825
RAB18,11.435575514632026,-0.36511926462864247,0.4139226354195095,-0.8820954289165536,0.3777252039397725,0.9999225138543825
ACBD5,2.702835293472322,0.058260974506053526,0.5085781299267463,0.11455658644709164,0.9087965920846087,0.9999225138543825
MASTL,1.8892644680621704,0.5976821962713407,0.7164601664151868,0.8342155283549783,0.4041595422767531,0.9999225138543825
YME1L1,21.29702496631891,-0.3317801321261222,0.34177892034457236,-0.97074486569163,0.33167534400297105,0.9999225138543825
ANKRD26,1.8194256584416943,-0.45375967089140423,0.5504885748641531,-0.8242853559737926,0.4097774373614492,0.9999225138543825
ABI1,12.011471662010903,0.4840688671662468,0.2979197427729745,1.6248297701274688,0.10419883583917704,0.9999225138543825
APBB1IP,15.55276983613618,0.3231546018066432,0.41429902240763833,0.7800032931013868,0.43538893682135216,0.9999225138543825
OTUD1,1.6666517725006738,-0.5856587269361287,0.7499550828613964,-0.7809250718077575,0.43484656507596264,0.9999225138543825
PIP4K2A,13.466436970651621,-0.20563134286852333,0.6875409724798911,-0.2990823108720805,0.7648772427923121,0.9999225138543825
BMI1,2.9173038332872374,-0.583510847751329,0.5565086101724267,-1.0485207903082325,0.2943987287039884,0.9999225138543825
COMMD3,4.48864303150062,-0.6026811277309108,0.8869074896494679,-0.6795309936655379,0.49680147641479244,0.9999225138543825
DNAJC1,16.28752320972279,0.009369916506504707,0.3761412302616578,0.02491063396582886,0.9801262451890316,0.9999225138543825
MLLT10,3.793548849624265,-0.10920488594679313,0.4651933571281184,-0.23475160226055666,0.8144015338360214,0.9999225138543825
ARL5B,11.485028668653268,0.5808036437208494,0.514761820142383,1.128295885581023,0.25919498051941814,0.9999225138543825
ZNF33B,1.6299263945885418,-0.20109153525006881,0.6303332544930114,-0.31902415716875104,0.749708194392005,0.9999225138543825
ZNF37A,3.714034894571299,-0.8168449260343423,0.5464659615674536,-1.4947773209722859,0.13497256703356575,0.9999225138543825
ZNF33A,3.048128927433704,-0.5020309861057198,0.5759187332911369,-0.8717045601847692,0.3833695718707464,0.9999225138543825
CCNY,2.4930143669859057,-0.4136532854507289,0.6971553585820833,-0.5933444824867184,0.5529506351100166,0.9999225138543825
CREM,125.31168950757413,-0.3368045229724361,0.4608342990465822,-0.7308581927804623,0.46486577447614796,0.9999225138543825
CUL2,3.5576223799837106,0.3666198732229702,0.4376099655571161,0.837777706356003,0.4021555617382049,0.9999225138543825
ITGB1,32.84084314311395,-0.3391130915997768,0.33248159237850206,-1.0199454627663276,0.30775432650623724,0.9999225138543825
EPC1,36.051265160276394,0.2015952269678471,0.35496412738096683,0.5679312680277806,0.57008163929518,0.9999225138543825
KIF5B,16.68254249901868,0.2814154608967699,0.26689369894275,1.054410283987764,0.29169511592935393,0.9999225138543825
ARHGAP12,2.30424941073585,0.5584151053608454,0.5326900868598438,1.0482926548392295,0.29450379272984706,0.9999225138543825
ZEB1,3.7418489774174,0.22277327084505708,0.4999250002454057,0.4456133834789239,0.6558765413642793,0.9999225138543825
MAP3K8,36.77337125607462,-0.11438601029589722,0.41688542925326944,-0.27438236567967106,0.7837907933330849,0.9999225138543825
MTPAP,1.0756576288299238,-0.3150583067456429,0.7490563931415017,-0.4206069257673718,0.6740421355732213,0.9999225138543825
SVIL,3.7327921194228204,-0.1990616730635798,0.8500409319276897,-0.23417892666904344,0.8148460742864001,0.9999225138543825
SVIL-AS1,1.235375261751467,0.17136457047867834,0.6382860372946657,0.26847613838616313,0.7883328396872182,0.9999225138543825
BAMBI,1.530625504523188,-0.22508896568022901,0.7179772270496464,-0.3135043246499302,0.753897535586737,0.9999225138543825
PARG,1.4457146144036037,0.33067037307802744,0.7000602345889366,0.4723456021926333,0.6366801254869492,0.9999225138543825
C10orf128,1.5733744192997148,-0.34035226184167616,0.7689760888319286,-0.44260447988528456,0.6580518438542677,0.9999225138543825
MAPK8,2.445706851710513,0.6416909170501574,0.6000702074691044,1.0693597333495277,0.2849076041762446,0.9999225138543825
NCOA4,7.9876460856017575,-0.23626340199227094,0.44090931511210113,-0.5358548660560755,0.5920588595675325,0.9999225138543825
TIMM23,2.962595751271576,0.8760346663882094,0.5819298140862409,1.5053957456429319,0.13222236222162467,0.9999225138543825
FAM21C,2.7102309772982687,0.36525124048026303,0.46059948291844194,0.7929909911447682,0.4277830715614601,0.9999225138543825
ZFAND4,0.7547367296189754,0.5375749091810351,0.7302222868317185,0.7361798165781271,0.46162127361968,0.9999225138543825
MARCH8,2.757452987365372,0.07014084480614706,0.5744221640249112,0.12210678695731043,0.9028144468895819,0.9999225138543825
ZNF22,7.333357756280623,-0.513739464193279,0.4592297177608664,-1.1186982120804239,0.26326890821520743,0.9999225138543825
RASSF4,3.416372020710983,-0.880622089117606,0.7424718118144734,-1.1860680433988693,0.23559542937364075,0.9999225138543825
ZNF32,4.31712967810282,-0.07681492086109942,0.4991420059133193,-0.15389392187208353,0.8776933766571298,0.9999225138543825
ZNF487,1.2022757427618038,-0.577246207569043,0.6635692600971489,-0.869911013485664,0.3843490362287374,0.9999225138543825
HNRNPF,35.12565357361975,-0.1000690136013754,0.2974231213220573,-0.33645337711663026,0.7365290039373319,0.9999225138543825
RASGEF1A,1.0365996771527377,-0.36550459348430403,0.6797737631130363,-0.5376856438390165,0.59079409209488,0.9999225138543825
CSGALNACT2,4.027675840308651,0.4793685978965867,0.5306745524449044,0.903319361533462,0.36635642361138765,0.9999225138543825
BMS1,4.217707094775134,0.019287640589968177,0.5016260951361947,0.038450233703913386,0.9693287098650721,0.9999225138543825
JMJD1C,20.107481656633592,0.1156613798344387,0.38858805974207794,0.2976452233535121,0.7659739547884402,0.9999225138543825
NRBF2,9.869172690866131,-0.26244170941764877,0.35437341064511013,-0.7405795737888273,0.45894839679868804,0.9999225138543825
EGR2,11.050530828658713,0.526718154424805,0.5321269789706824,0.989835462662803,0.322254548246908,0.9999225138543825
ADO,1.4685674031938674,-0.12823092611110773,0.6517986048737071,-0.19673396836428306,0.8440357266265608,0.9999225138543825
ARID5B,18.152175546017478,0.29150603803091163,0.5399002754140942,0.5399257072194148,0.5892482684353333,0.9999225138543825
ANK3,1.3702307951547197,0.5112990930486326,0.6810248382736653,0.7507789206994686,0.4527857174448956,0.9999225138543825
CCDC6,2.69438858619896,0.48236864653468764,0.5404431944273084,0.8925427343864315,0.37210209783305603,0.9999225138543825
TFAM,5.4613698840984775,-0.12629970866633314,0.43514059375671504,-0.29025034776908604,0.7716247212176397,0.9999225138543825
UBE2D1,10.955763155447036,0.13678809236335437,0.4706442993434783,0.2906400705461978,0.771326610459147,0.9999225138543825
CISD1,4.110253589814276,-0.2718221474068225,0.5210573955938059,-0.5216740990635961,0.6018972613903493,0.9999225138543825
IPMK,1.720967860956063,0.7196543503821476,0.6414874026840861,1.1218526620647553,0.2619250908081916,0.9999225138543825
CSTF2T,2.619356834356779,-0.5714549834769219,0.6280781377143407,-0.9098469587821063,0.36290322568191824,0.9999225138543825
SGMS1,3.0407263021937525,0.6043630525711411,0.525924235889045,1.1491447081717001,0.25049631574815523,0.9999225138543825
FAM21A,2.1345124702044034,0.24041784992600232,0.529522936164702,0.4540272639884727,0.6498092036209095,0.9999225138543825
AGAP6,0.6325359441054472,-0.5575273566491434,0.8060762442366084,-0.6916558584072252,0.4891534738615676,0.9999225138543825
TIMM23B,1.737257284332593,0.7861222502877826,0.6253143707729362,1.257163255845337,0.2086945255828312,0.9999225138543825
PPA1,10.399932609139908,0.32314340159253857,0.3492919596098469,0.9251383912572284,0.354893925380097,0.9999225138543825
SAR1A,12.851474639219845,-0.2668135136001408,0.3652551618754739,-0.7304852646849253,0.4650936167674433,0.9999225138543825
TYSND1,1.727565295697729,0.1326513528301816,0.5822316316019316,0.22783261099231136,0.8197763734193424,0.9999225138543825
HK1,4.108817457550799,-0.43628380971280095,0.45567088321184085,-0.9574537803197163,0.33833826458137006,0.9999225138543825
SUPV3L1,4.2174000109930345,-0.3487992547615927,0.44679971589805334,-0.7806613172537883,0.4350017175893963,0.9999225138543825
VPS26A,12.576696802264724,-0.5537177447410637,0.3079156150988721,-1.798277572130482,0.07213303203982183,0.9999225138543825
SRGN,566.0222553445853,-0.31017141421957956,0.38882053499699243,-0.7977238502127435,0.42503076016861185,0.9999225138543825
KIF1BP,1.8651206311639794,-0.06763700057427803,0.5433076779899476,-0.12449115540665975,0.9009264028677715,0.9999225138543825
DDX21,16.97087269410631,-0.4621212436742649,0.35430329562972607,-1.3043097520527067,0.19212799161703342,0.9999225138543825
DDX50,4.805704814125101,-0.3152831218270692,0.5241930295847963,-0.601463781532538,0.5475311280745951,0.9999225138543825
CCAR1,9.15672041995176,-0.013837693551975944,0.4137236162372361,-0.03344670937044401,0.9733183617894218,0.9999225138543825
SLC25A16,1.4279571770912514,-0.27035791468694703,0.5804395725174162,-0.4657813276141417,0.6413720318940079,0.9999225138543825
HNRNPH3,21.228863504924504,-0.2032946802542071,0.3375629619511277,-0.6022422575011059,0.5470128907854066,0.9999225138543825
HERC4,4.065511127026414,0.417230456984046,0.5258998776295667,0.7933648109306746,0.427565306478803,0.9999225138543825
SIRT1,4.621058934175683,0.37001991768756565,0.5978131686523589,0.6189557826598164,0.535945488602984,0.9999225138543825
REEP3,2.9087826304381967,0.8452019396501628,0.5145245974009851,1.6426851970139544,0.10044808309471219,0.9999225138543825
MRPS16,5.3618281031622566,0.08625116619455446,0.4064183478820081,0.21222261899355738,0.831933361221367,0.9999225138543825
DNAJC9,6.443964856845465,0.5935695748367703,0.3940979793240759,1.5061472171331896,0.13202938578885395,0.9999225138543825
ECD,3.8831654049094615,0.19724823770557434,0.5120375563821582,0.3852222073303516,0.7000727915066103,0.9999225138543825
P4HA1,6.727120901062548,-0.0031884693278162145,0.5690570266491766,-0.005603075225326942,0.9955294161766284,0.9999225138543825
MICU1,1.7058023778341354,-0.19116002629457504,0.6331626207823076,-0.3019129999468166,0.7627183854047233,0.9999225138543825
DNAJB12,3.6618492053186062,0.21037856034881686,0.4934104198768885,0.4263764036464992,0.6698335925958926,0.9999225138543825
DDIT4,123.4231876124034,-0.5521902080534016,0.3711779201589155,-1.4876698695250727,0.13683797737465261,0.9999225138543825
ANAPC16,35.271705081981096,-0.20822731839569777,0.3107944592010197,-0.6699840110760075,0.5028679827729754,0.9999225138543825
ASCC1,2.8654385986648596,-0.010297784481010779,0.5831226837758063,-0.017659721989086566,0.9859103128291915,0.9999225138543825
SPOCK2,14.7550224529809,0.26459807651333495,0.33587419563795795,0.7877892376065346,0.43081999733616927,0.9999225138543825
PSAP,19.350552647941242,-0.015016781225076412,0.4562181640367445,-0.03291578987606232,0.9737417411185532,0.9999225138543825
C10orf54,17.69537685281532,0.5696237695402195,0.44764641508427255,1.2724859405675881,0.20320051631533664,0.9999225138543825
PCBD1,4.09365184591749,0.13418593529677725,0.4317981131954482,0.310760818994222,0.75598245776943,0.9999225138543825
SGPL1,1.1415190071259174,-1.4268431491399953,0.708370105869273,-2.014262230037293,0.04398200920475071,0.9999225138543825
PRF1,100.58753100056877,-0.9139652082891909,0.6438046062915564,-1.419631359200447,0.15571503089998548,0.9999225138543825
EIF4EBP2,4.143200746433278,-0.020436364727889098,0.5002240121688247,-0.04085442567877342,0.9674119501284777,0.9999225138543825
RPS24,611.2297814221026,-0.06920388618143672,0.3171228556107725,-0.21822421486509186,0.8272544189736908,0.9999225138543825
POLR3A,0.9653310506352071,0.22484103850270717,0.7917414125180604,0.2839829203674228,0.7764234696108043,0.9999225138543825
COMTD1,6.051969857290517,0.13961607111298405,0.43750923750177445,0.3191157103566705,0.7496387708572272,0.9999225138543825
VDAC2,18.670366091777055,0.37433376866003165,0.3735295904107744,1.0021529171179526,0.31626974357924553,0.9999225138543825
SAMD8,2.2972094755387613,0.9189149284504345,0.6127149895867549,1.4997428560874544,0.133681024707356,0.9999225138543825
KAT6B,8.129304312212463,0.04280181024791849,0.39372406797261417,0.10871016970924827,0.9134323754030982,0.9999225138543825
ADK,4.984241078168591,0.6706344145874056,0.5522310580245653,1.2144090862734007,0.2245915474046014,0.9999225138543825
AP3M1,3.1069021077596415,0.32371905413200164,0.4836511597484261,0.6693234319967019,0.5032891826242527,0.9999225138543825
VCL,4.719925387797971,-0.9254695823784641,0.6251512369993792,-1.4803931074671826,0.1387683683526373,0.9999225138543825
CAMK2G,4.0619447468395204,-0.090597790017479,0.41712758313694726,-0.21719443565959246,0.8280568208899166,0.9999225138543825
ZSWIM8,1.8345117744005728,-0.39090042426372457,0.6246341366340524,-0.6258070145992312,0.5314415303237775,0.9999225138543825
CHCHD1,5.186704393829668,-0.07170573285379069,0.4044249878327687,-0.17730292393169653,0.8592704542165847,0.9999225138543825
FUT11,2.340310894856914,0.36432473327069936,0.5625312997672806,0.647652376714719,0.5172098126758442,0.9999225138543825
SEC24C,2.608830883924554,-0.7012287637315511,0.5459643124583355,-1.2843857148356455,0.19900702876571308,0.9999225138543825
PPP3CB,2.0186293932467163,0.06213949373238453,0.5608272196444264,0.11079971077684495,0.91177517470719,0.9999225138543825
ANXA7,11.734760849388126,-0.33995904369436813,0.39807375595162486,-0.8540101893471245,0.39309934371389943,0.9999225138543825
ATAD1,6.347293064277292,0.4090297493403092,0.4190407509057275,0.9761097183417599,0.3290100959036243,0.9999225138543825
MINPP1,1.0472226572378969,0.0887250206693024,0.6832801124223189,0.1298516070587221,0.8966838319911304,0.9999225138543825
LINC00863,1.803507114499645,0.6594957447468992,0.8506982208988162,0.7752405360035907,0.4381975394529164,0.9999225138543825
NUTM2A-AS1,5.499628438807934,0.22188352365100275,0.4922413775121684,0.4507616258763572,0.6521613614002377,0.9999225138543825
FAM35A,3.032321139803877,-0.15524729639557563,0.590058547561634,-0.26310490211034426,0.7924697256869906,0.9999225138543825
GLUD1,17.710309238577633,0.4831509327241462,0.4284917279859655,1.1275618668185141,0.25950499886309275,0.9999225138543825
BMPR1A,0.7599388673620331,-0.7545039559459349,0.7692529690609978,-0.9808268362836915,0.32667814193196165,0.9999225138543825
WAPL,7.84042853477772,0.4925184197484571,0.3918416875886256,1.2569321625256138,0.20877820104642486,0.9999225138543825
CCSER2,13.997970106261011,0.1274421190146901,0.30371635533183927,0.4196090094504372,0.6747711056491008,0.9999225138543825
GHITM,23.53741662833903,-0.37891703847333374,0.4065294468319736,-0.9320777164512448,0.3512963631860758,0.9999225138543825
TSPAN14,11.75739351072,-0.26896654085782357,0.37409872637572755,-0.7189720838228301,0.47215812028742177,0.9999225138543825
ANXA11,26.26735168070285,-0.052870266709754234,0.40335162528983787,-0.13107736127693312,0.8957141097153637,0.9999225138543825
TMEM254,1.8069190490320148,-0.7684214723793704,0.7097054732036198,-1.0827329101897802,0.27892699188270464,0.9999225138543825
RP11-182L21.6,3.1388605822142677,0.15130177444982518,0.682234426889111,0.22177387784392397,0.8244899155617234,0.9999225138543825
NUTM2B-AS1,9.361952879484056,0.24322689975703712,0.33672952463029066,0.7223212755818963,0.4700969752846085,0.9999225138543825
PPIF,5.644469106656398,-0.23118651850057054,0.4446184588450671,-0.5199660830571372,0.6030872149036794,0.9999225138543825
MARCH5,6.35255460774293,0.2512611577498391,0.41499232220576543,0.6054597743262738,0.544873544649616,0.9999225138543825
BTAF1,6.1427881830087125,-0.27497930530744374,0.499731349410472,-0.5502542628791129,0.5821449899882535,0.9999225138543825
FGFBP3,0.933009964793014,0.016152726302929903,0.7422181786901108,0.02176277375937723,0.9826371893855017,0.9999225138543825
TNKS2,4.237826142368205,0.6141002814215736,0.4346454311377246,1.4128764216251148,0.15769206293637617,0.9999225138543825
PCGF5,8.832849890916203,0.09341099984740071,0.4351520261476076,0.21466290913170388,0.8300301426363871,0.9999225138543825
RPP30,3.834632115367582,-0.01665219350406802,0.45209778299505154,-0.03683316780221921,0.970618027901988,0.9999225138543825
KIF20B,2.431610447606902,-0.4760960684969296,0.6364456981947014,-0.7480544999320309,0.4544272850663741,0.9999225138543825
IFIT5,1.599957927259042,-0.14075440695082234,0.6505638276085369,-0.2163575670480074,0.8287090394919499,0.9999225138543825
IFIT1,2.6984118445975565,-1.4720423865602397,0.761638950443382,-1.9327299184256554,0.05326947755511169,0.9999225138543825
IFIT3,3.6697649459836836,-1.2651532146534916,0.6065967094843506,-2.0856578924223967,0.03700962323258818,0.9999225138543825
IFIT2,3.6239356836051972,-0.8514788102364195,0.6616220915941365,-1.2869564379037515,0.19810947209913343,0.9999225138543825
LIPA,4.653603318170314,-0.3134813362654352,0.5066822969887924,-0.6186940773902136,0.5361179124106078,0.9999225138543825
FAS,4.581919694114257,0.44093543141109537,0.5072885666658108,0.8692004125170296,0.3847375218351249,0.9999225138543825
ACTA2,4.031277015043887,-1.294558218225047,0.5471706519493401,-2.365913108850187,0.01798566506629808,0.9999225138543825
STAMBPL1,3.160276710601605,1.117215163979941,0.5616199054052733,1.9892727327279147,0.04667110766057548,0.9999225138543825
PTEN,4.4154234714849485,-0.5271693816958536,0.5701944687260805,-0.9245431350353979,0.35520360409744856,0.9999225138543825
MMS19,1.1144768349206184,0.1189281280489923,0.6915644070723824,0.1719697064116614,0.8634613449438756,0.9999225138543825
ZDHHC16,1.2080461116293053,-0.7235602530267061,0.7749176847800511,-0.9337253068783402,0.35044560735296904,0.9999225138543825
EXOSC1,7.133454646967958,-0.5865069379029072,0.4729420917409534,-1.2401242100146102,0.21492945556238208,0.9999225138543825
PGAM1,20.4927589855815,0.2074507261288719,0.39224619234892366,0.5288788780499711,0.5968894751938837,0.9999225138543825
RRP12,1.687299042864578,-0.197017901708278,0.658528176706107,-0.29917915235418185,0.7648033552317136,0.9999225138543825
LCOR,4.91036143342738,0.20525260475024296,0.5964765532959756,0.34410842071841724,0.7307647503725053,0.9999225138543825
PIK3AP1,4.893560442275019,0.006212376782453618,0.4808761775503118,0.012918869913874339,0.9896925198684251,0.9999225138543825
TM9SF3,6.43071428571231,-0.23456515696579597,0.452163440805201,-0.5187618807661415,0.6039268032920624,0.9999225138543825
ZNF518A,2.1729156169322446,0.16136073864274902,0.6525499505218507,0.2472772214812172,0.8046936861216676,0.9999225138543825
TCTN3,6.33652968604786,-0.391876407766734,0.4656181722441684,-0.8416261029460754,0.39999727352746395,0.9999225138543825
ALDH18A1,1.0569368350591657,-0.5435951995907462,0.6633238967033701,-0.8195019089351985,0.41250011328152103,0.9999225138543825
PDLIM1,3.5873407885536914,-0.7011907745775025,0.6982644022000979,-1.0041909230488968,0.31528659641151535,0.9999225138543825
NOC3L,2.8616722713916176,0.13438743299748032,0.5391888937356603,0.24923998724529436,0.8031751498190653,0.9999225138543825
FRA10AC1,2.612554551861524,0.06985958712155683,0.5891577268370772,0.1185753558670978,0.9056117907489561,0.9999225138543825
EXOC6,2.3881159791299824,-0.05491204000598157,0.5960973850607759,-0.09211924323469887,0.9266032995684221,0.9999225138543825
HHEX,2.6026136739833485,0.8887039335395686,0.5844091823209577,1.5206878338394965,0.12833819321067147,0.9999225138543825
MRPL43,9.50464129961683,0.19590957608821888,0.3821990357492955,0.5125852180766001,0.6082414954659789,0.9999225138543825
SLF2,2.3753224675747178,0.6567864674532591,0.5452026109504106,1.204664934212866,0.22833267815645564,0.9999225138543825
HIF1AN,1.8090052686838825,0.23942606459267665,0.6068099302943329,0.3945651721232431,0.6931638209354005,0.9999225138543825
NDUFB8,13.119335448094056,-0.35815245129757145,1.3097092786022906,-0.27345950521155993,0.7845000165610596,0.9999225138543825
SCD,0.8118919973189208,-0.17519482940674586,0.8086306599730483,-0.21665617948815485,0.8284763005099841,0.9999225138543825
BLOC1S2,11.740721118338977,0.02786945609387225,0.33436255580397084,0.08335100809018663,0.9335724427713041,0.9999225138543825
CWF19L1,1.7236032716881777,-0.3853126449472562,0.6015501065016002,-0.6405329178446937,0.5218261955166823,0.9999225138543825
ERLIN1,1.6550590285784599,-0.6519879145219376,0.7415107271328785,-0.8792696999042896,0.3792550606411935,0.9999225138543825
COX15,1.5308670517743015,-0.7048513530277042,0.630196317717294,-1.118463141106293,0.26336924022344255,0.9999225138543825
CUTC,5.0965639496056925,-0.5108474490970443,0.39543718693969354,-1.291854853233496,0.19640741496046377,0.9999225138543825
GOT1,3.9238972348834835,-0.4399053221551436,0.5297818291410565,-0.8303518504369409,0.4063398803510404,0.9999225138543825
HPS1,7.612340742911046,0.34279025035983146,0.427741071446295,0.8013966234310292,0.4229020692885159,0.9999225138543825
PYROXD2,1.2349685775917778,0.41106263716064695,0.6428420327559499,0.6394457988354719,0.5225329630425656,0.9999225138543825
R3HCC1L,1.8199842451144712,-0.3351845922931798,0.6317685127094887,-0.5305496958936136,0.5957308626758753,0.9999225138543825
ZFYVE27,3.445565605452627,0.03984269548878547,0.4519977432874878,0.08814799648998245,0.9297590491332451,0.9999225138543825
AVPI1,4.568714911493659,-0.04281444063080464,0.42505893884693013,-0.10072589167739568,0.9197680573111467,0.9999225138543825
ARL3,1.7867398361550357,-0.7370682547932482,0.5800479336257575,-1.2707023196962184,0.20383457003853234,0.9999225138543825
TRIM8,1.8552606397121136,0.1971306456983431,0.5909817210128718,0.3335647088381766,0.7387080526296149,0.9999225138543825
ACTR1A,5.946223211203149,-0.12819442200940004,0.4066930356523386,-0.3152117463820723,0.7526008875201007,0.9999225138543825
CUEDC2,6.709462837101551,-0.5331227718317323,0.4309164992635516,-1.2371834746240957,0.2160189751483016,0.9999225138543825
FBXL15,4.80283898255974,-0.0097758771809235,0.5428441931311379,-0.018008624398349028,0.9856319732525729,0.9999225138543825
NFKB2,10.30331829541405,0.09003808744397766,0.6288806007570299,0.14317199057435098,0.8861543501856721,0.9999225138543825
GBF1,2.172251662059475,0.21591542820033688,0.5259857917446384,0.4104966932360826,0.6814416287148946,0.9999225138543825
NOLC1,7.052936174531278,-0.5102196370292527,0.39781484924991456,-1.282555535549462,0.1996478365391151,0.9999225138543825
PPRC1,1.9026576562201438,-0.3030914066747987,0.5944373125906266,-0.5098795116913023,0.6101358765404141,0.9999225138543825
C10orf76,1.91592081427973,-0.05912552511136776,0.563632205711735,-0.10490089904764424,0.916454445569079,0.9999225138543825
MGEA5,12.78557769804866,-0.08228986088144802,0.4304042171326185,-0.19119204135514412,0.848375138682832,0.9999225138543825
NPM3,1.8727850562957464,-0.25379718023319864,0.7142530352404184,-0.355332309015348,0.7223406535860316,0.9999225138543825
FBXW4,2.3510335689384334,0.538081209226332,0.6369786546965548,0.8447397809313785,0.39825614330905545,0.9999225138543825
POLL,2.268330213578825,-0.5741363592387653,0.5516368996837633,-1.040786719611941,0.29797454496608244,0.9999225138543825
SFXN3,2.84175127335329,-0.3098379534129169,0.5634651511432305,-0.5498795316520958,0.5824020040731877,0.9999225138543825
LZTS2,1.10718980816458,-1.1684473555398756,0.7573111957272283,-1.5428893196512734,0.12285763263270118,0.9999225138543825
SMNDC1,7.614281320028094,0.4116020998609029,0.43142225200288653,0.954058577066973,0.34005399226631783,0.9999225138543825
MXI1,1.1955792934105283,0.3481541352475153,0.6855077738456111,0.5078777346235113,0.6115390902558946,0.9999225138543825
ADD3,16.788393392812832,-0.515951814285741,0.35018777780878296,-1.4733575726548402,0.14065464415033774,0.9999225138543825
XPNPEP1,2.645760734899765,-0.27555422406268204,0.5206176967806954,-0.5292832452039299,0.5966089766539432,0.9999225138543825
ITPRIP,6.75116822556897,0.13115283094450883,0.40149438879930877,0.3266616784775713,0.74392378761755,0.9999225138543825
GSTO1,8.380983412249938,-0.12333448913200067,0.3392494022295688,-0.3635510875522212,0.7161932572586078,0.9999225138543825
SFR1,2.0986840043892547,-0.6933630984743311,0.5981556336344174,-1.1591683827525445,0.24638755638469712,0.9999225138543825
SLK,3.6690945205875494,0.0909823664623903,0.5686586329033556,0.1599946983972947,0.872885250486048,0.9999225138543825
OBFC1,6.2652036963818425,-0.38331740479362747,0.3972789177053499,-0.9648571512619825,0.3346163657079576,0.9999225138543825
CALHM2,4.627120711981437,0.13898256265568273,0.686513485909897,0.20244695189268838,0.8395673259135612,0.9999225138543825
USMG5,29.844167510361334,-0.28941139031574487,0.40121228781167684,-0.7213422896249637,0.47069894393318146,0.9999225138543825
TAF5,1.032336757474575,0.7398217372460033,0.6984271593628273,1.059268282065291,0.28947761564798213,0.9999225138543825
PCGF6,2.1003100036279903,0.12260173827080555,0.6955664191921261,0.17626172697239006,0.8600883286832097,0.9999225138543825
NT5C2,3.4947857173583103,-0.005717657144994746,0.4436690939416238,-0.012887210813352378,0.9897177780732522,0.9999225138543825
BORCS7,5.079847883216166,-0.9154366152929239,0.4783235026047434,-1.9138441040589707,0.05564007822791195,0.9999225138543825
WBP1L,1.7187057520894833,-0.037325791314266096,0.638904799118935,-0.058421522839927416,0.9534128713024258,0.9999225138543825
FAM204A,8.506742929933594,0.06200118672343136,0.3924163908752841,0.15799846327809552,0.874458009632918,0.9999225138543825
PDZD8,3.7893366127135923,-0.12742340046831296,0.6174803673527285,-0.2063602459372183,0.8365095216230949,0.9999225138543825
FAM160B1,3.8582692151479328,-0.5300170920653275,0.491813392750792,-1.0776792577787604,0.28117691819263535,0.9999225138543825
ABLIM1,13.752981173860471,-0.2220303182383729,0.5202342474839903,-0.4267891230002225,0.669532929593064,0.9999225138543825
CCDC186,9.61561959869157,-0.02964364490618694,0.44902022225302135,-0.06601850749047745,0.9473630907514234,0.9999225138543825
NHLRC2,1.9832684146626107,0.3832989047979069,0.6210327984232228,0.6171959126330965,0.5371055113898238,0.9999225138543825
CASP7,1.6006100134733272,0.6886648872783809,0.7119843798084419,0.9672471852032274,0.3334204791464449,0.9999225138543825
VTI1A,4.733144519426397,0.17007692340554884,0.5349111989628889,0.3179535663775633,0.7505201591545057,0.9999225138543825
ZDHHC6,5.120488786418125,0.2755980934803148,0.4258820068289269,0.6471231211019913,0.517552262348884,0.9999225138543825
ACSL5,4.812085378491227,-1.20543389370704,0.5569260362444057,-2.164441622869357,0.030430472309557716,0.9999225138543825
SHOC2,9.756765258245855,-0.03040575291744725,0.45711296784721256,-0.06651693357255663,0.9469662765243131,0.9999225138543825
BBIP1,4.276635767230561,-0.23540686011850714,0.47742117066068573,-0.4930800613486331,0.6219560185401132,0.9999225138543825
PDCD4,29.44333929202749,0.11765445163571277,0.33595347382691104,0.3502105523585993,0.7261806879919595,0.9999225138543825
PDCD4-AS1,1.5724953219934332,0.45706475258099677,0.6955333795254142,0.6571428000951838,0.5110891007954571,0.9999225138543825
SMC3,7.718918377508158,-0.005171079714529518,0.4794933176229665,-0.010784466695311953,0.991395407320101,0.9999225138543825
DUSP5,9.292163480025383,0.34053441233563225,0.8706738389716224,0.3911159346855386,0.6957115427454019,0.9999225138543825
ACADSB,1.5298597508385359,-0.7128393897765591,0.6949435987590388,-1.0257514293958199,0.3050087656908037,0.9999225138543825
IKZF5,2.6734445209798463,0.5910038182318917,0.5262090526781015,1.123135026324656,0.2613801521790451,0.9999225138543825
C10orf88,0.9950291132725585,-0.3021525616490651,0.8492350754069157,-0.35579378478248447,0.7219950039521774,0.9999225138543825
PLEKHA1,5.522856335839143,0.08032508201737472,0.4847985052784314,0.16568756120904726,0.8684028354667265,0.9999225138543825
NSMCE4A,5.122475902274713,-0.23493161688729197,0.5298215186842262,-0.44341652538146775,0.6574644850752844,0.9999225138543825
ATE1,3.1370361776466504,0.27596378184648734,0.5591482564944654,0.4935431321499952,0.6216288712702864,0.9999225138543825
WDR11,2.546896669863266,-0.2601009043313635,0.5919325626797468,-0.43940969078277564,0.6603647059432747,0.9999225138543825
SEC23IP,1.9681168447363828,-0.1879289308138665,0.5811013636440925,-0.3234012903280114,0.746391352460717,0.9999225138543825
MCMBP,1.9925484965473985,0.2491656321048374,0.5920547872883419,0.42084894414254437,0.673865389108772,0.9999225138543825
BAG3,11.615824509521268,0.3651928863089378,0.8010242403843714,0.4559074094108564,0.6484565612137385,0.9999225138543825
TIAL1,13.187929199709657,0.2064533820694241,0.3373562401329468,0.611974398303894,0.5405546962991925,0.9999225138543825
RGS10,17.84259273048617,0.7247648210598949,0.5253281534706233,1.379642069955088,0.16769687748417328,0.9999225138543825
PRDX3,9.99040317540535,-0.6342382757728522,0.4099648028174922,-1.547055433573896,0.12184987921301847,0.9999225138543825
FAM45A,3.0758656800706166,-0.6989343284418342,0.4555169569387015,-1.5343760924708871,0.12493715568850089,0.9999225138543825
EIF3A,17.334824744074353,0.28668595094482713,0.3900148301464546,0.7350642303452246,0.4623003774673934,0.9999225138543825
CACUL1,5.424120233193362,0.3622854728361159,0.39303365198370716,0.9217670573692609,0.35665009412909054,0.9999225138543825
BNIP3,4.39460560528857,0.21189606172804,0.4824560766339462,0.4392028041317674,0.6605145933994029,0.9999225138543825
PPP2R2D,1.6396419790690993,-0.184576890851195,0.6980919138500633,-0.2644019894647262,0.7914701786881362,0.9999225138543825
GLRX3,8.350696528265107,-0.4920878848048205,0.3907755679646218,-1.259259598464382,0.20793658101627066,0.9999225138543825
MGMT,8.597885649692156,-0.27754069780535734,0.4392228165542476,-0.6318904377115363,0.5274584721708162,0.9999225138543825
PTPRE,8.852125266899176,-0.1403650579281122,0.6088746855585663,-0.2305319325262223,0.81767845303571,0.9999225138543825
BCCIP,6.412485670933375,-0.22421217734842477,0.5073579906375417,-0.4419210527593774,0.6585463356134299,0.9999225138543825
UROS,5.0275713772050725,0.38172659242243473,0.5079629142044944,0.7514851611170186,0.4523607278520696,0.9999225138543825
EDRF1,2.784676888427055,0.75108242177208,0.4957963208665106,1.514901160338185,0.12979743649110773,0.9999225138543825
CTBP2,4.871374810366292,0.11358176262970478,0.5892672541140688,0.1927508474918885,0.8471540995268226,0.9999225138543825
ZRANB1,3.6926808084230185,0.012096201917812625,0.5059589801400269,0.02390747549231152,0.9809264114077417,0.9999225138543825
FAM175B,2.345569944560529,-0.16785737155751093,0.5534671597894856,-0.3032833449799559,0.7616739376238109,0.9999225138543825
METTL10,2.438129638105079,-0.4170120052444951,0.5188741509176107,-0.8036862204583213,0.4215782141571788,0.9999225138543825
FAM53B,1.6641401387690986,0.940861783119656,0.6969306099338205,1.3500078339348571,0.17701347002301482,0.9999225138543825
LHPP,2.483144281329842,-0.29945482703538984,0.5876122529086615,-0.5096129727606908,0.610322633547303,0.9999225138543825
OAT,19.02207294601514,-0.0670031912352487,0.3698150866619194,-0.18118025373178523,0.8562260933339862,0.9999225138543825
BUB3,24.029208048259704,-0.1327643268942047,0.3130876312012903,-0.4240484569281751,0.6715304743411376,0.9999225138543825
RHNO1,1.685992751648217,0.21460027910470378,0.6946556084359662,0.30893046352548925,0.7573744229583786,0.9999225138543825
ITFG2,3.703821411731003,-0.1950788345682493,0.5615082726282666,-0.34741934193620805,0.7282763044737217,0.9999225138543825
FKBP4,15.258895077329978,0.18591586936377932,0.6582767820966862,0.2824281129460714,0.7776152610253659,0.9999225138543825
DCP1B,0.9263881732945175,0.36609584021494423,0.7545143519325173,0.48520725851969926,0.6275293337246646,0.9999225138543825
ADIPOR2,3.330293417730309,0.6581464595226721,0.48647773865276506,1.3528809382836728,0.17609366993936715,0.9999225138543825
ERC1,2.394023940731268,0.31022270839162647,0.575265339575559,0.5392689026258983,0.5897013229958039,0.9999225138543825
WNK1,8.13667357094511,0.043227961625220336,0.5035196971448611,0.08585158012752732,0.931584402789034,0.9999225138543825
NINJ2,1.4704799440148804,-0.32613380240309137,0.7751318336086523,-0.42074623730103367,0.6739403939058098,0.9999225138543825
KDM5A,11.927344571740473,-0.17157470277046472,0.3925898744642204,-0.4370329290958358,0.6620874672671582,0.9999225138543825
MTG1,2.31217348608037,-0.1577264067407719,0.691015334106285,-0.22825312110441823,0.8194494665284783,0.9999225138543825
ECHS1,5.649045054814195,0.011646592351829188,0.47792340770037056,0.024369160757095425,0.9805581471680462,0.9999225138543825
FUOM,2.7049352562030053,0.3011600652910663,0.5407531331403441,0.5569270834218262,0.5775772493879375,0.9999225138543825
ZNF511,5.2778134328392134,-0.3352494214100089,0.4728152811385252,-0.7090494634664477,0.4782937822959531,0.9999225138543825
TUBGCP2,3.990498906980419,-0.22576739163942516,0.44201564088772116,-0.5107678795845453,0.6095136032080832,0.9999225138543825
ADAM8,11.742007403095519,0.30992381909312355,0.36278722458583923,0.854285371947524,0.39294689026296503,0.9999225138543825
STK32C,0.9558416673652902,-0.35243379152323673,0.7164683508465045,-0.4919042008022233,0.6227870684828186,0.9999225138543825
IFFO1,3.961686110338271,-0.7620236970005762,0.5191337411219301,-1.467875494576258,0.1421380457806322,0.9999225138543825
GAPDH,271.78235807049026,-0.15668958877382866,0.3003789597782234,-0.5216396943697925,0.6019212202622906,0.9999225138543825
MRPL51,14.541458071611716,-0.1766443681402673,0.3804245036266367,-0.46433488499371983,0.6424078341310087,0.9999225138543825
VAMP1,2.2043930041707243,-0.3335942912853166,0.5772581158639462,-0.5778945018140574,0.5633353475810396,0.9999225138543825
TAPBPL,7.570063572255941,-1.1088979705181157,0.4956503067014789,-2.237258719555246,0.025269435546335477,0.9999225138543825
CD27,7.682443860505179,0.9429379477665112,0.6741920961449507,1.398619107459516,0.16192723338836612,0.9999225138543825
LTBR,1.317825655756034,-1.5722054670437073,0.8327015082838395,-1.8880780824859469,0.059015468770243724,0.9999225138543825
TNFRSF1A,5.311609906538169,0.5626343737215524,0.4452485586243094,1.2636410895072443,0.20635887844138567,0.9999225138543825
CD9,11.017931044822522,-0.12311967118232023,0.5878543693669915,-0.20943906790196515,0.8341054971888131,0.9999225138543825
NDUFA9,3.6502258831644,-0.47325592080490614,0.8830894412758292,-0.5359093866202016,0.5920211768422352,0.9999225138543825
DYRK4,3.1224172716565475,-0.8520784665804556,0.5423381887933499,-1.5711201685358869,0.11615473868120359,0.9999225138543825
C12orf4,2.316293732108792,-0.26742248564319393,0.806051772564501,-0.3317683736273833,0.7400641671078079,0.9999225138543825
TIGAR,3.181887528295185,0.5154264690123181,0.47216151060881073,1.0916316926123881,0.27499502008232013,0.9999225138543825
CCND2,17.32243105467898,-0.13096148789847822,0.4113861520117724,-0.31834199391021445,0.7502255333010612,0.9999225138543825
PARP11,2.2992925108813984,0.34453069451087504,0.5273602371055195,0.6533118545339586,0.5135552515317472,0.9999225138543825
CRACR2A,2.1755783287861044,0.25320577254427024,0.545203244699503,0.46442455177211645,0.6423436032104969,0.9999225138543825
LPCAT3,2.1564048037826344,0.43632386759277575,0.5287220118639939,0.8252424862254718,0.40923393700699784,0.9999225138543825
PHB2,15.483113672672637,0.05161709926335378,0.4633544692881976,0.11139872966510427,0.9113001673727569,0.9999225138543825
PTPN6,12.98215827293363,-0.34875548036324494,0.5474375885369601,-0.6370689329085023,0.5240799436838396,0.9999225138543825
C12orf57,51.552226810906305,-0.0850211969943226,0.4305239003319646,-0.19748310588277496,0.8434495006700132,0.9999225138543825
ENO2,2.428548344903059,-0.5512704950708539,0.6053684858706158,-0.9106362619422443,0.3624870575970929,0.9999225138543825
LRRC23,2.3867775899531245,-0.7698491642763091,0.591460107148458,-1.3016079275200803,0.1930504484368929,0.9999225138543825
TPI1,80.21511751203647,-0.4708653811757207,0.23547529336765302,-1.9996381549912656,0.04553935076068555,0.9999225138543825
USP5,1.3442812486476179,-0.12194153075766724,0.6773830243427789,-0.18001858088483877,0.8571379810580263,0.9999225138543825
LAG3,4.742689408848289,-0.31961866929066296,0.5447310750325273,-0.5867457979546655,0.5573744443627415,0.9999225138543825
PTMS,7.236433941033257,0.10032524810274003,0.6225480650334325,0.1611526141316531,0.8719732016557673,0.9999225138543825
MLF2,11.995040092150978,0.12921676834803594,0.42091013606955474,0.3069937197394626,0.7588481524883504,0.9999225138543825
COPS7A,2.061762206259591,-0.02914946354140145,0.5744846678121688,-0.05074019408109259,0.9595325476383779,0.9999225138543825
ZNF384,1.15635365407347,0.1050946759540387,0.6466852747314227,0.1625128637692979,0.8709019991071849,0.9999225138543825
ING4,3.3027359482094814,-0.21714571662821044,0.5190680282332043,-0.41833768372775276,0.6757002413223305,0.9999225138543825
CHD4,11.458272790197316,-0.07894285746359299,0.5063956379326705,-0.15589166167756188,0.8761184179711013,0.9999225138543825
NOP2,3.6778326062126085,-0.11627259394438212,0.44965682819639796,-0.2585807368049071,0.7959587476655237,0.9999225138543825
KLRK1,5.908956461685561,0.19568754174906905,0.6502163476712913,0.300957585040597,0.7634468381064057,0.9999225138543825
KLRD1,167.23738807756655,-0.6445981106165585,0.3201554683669609,-2.013390912560402,0.04407352086712662,0.9999225138543825
GABARAPL1,30.525740708884516,-0.07845545310959734,0.4355828530999296,-0.18011602741304059,0.8570614803245415,0.9999225138543825
CLEC2B,85.01763480857365,0.1386031054418862,0.43798763073731867,0.31645438298921474,0.7516576444383156,0.9999225138543825
KLRF1,39.08164874354966,-0.4562618295901304,0.7104817073598046,-0.6421865965918088,0.5207520346570493,0.9999225138543825
CD69,364.91144355810644,0.6129910110539518,0.56379152710527,1.0872653837160189,0.2769195423094165,0.9999225138543825
CLEC2D,21.02957022437463,-0.020301523298199838,0.4259945738673743,-0.04765676500029869,0.9619897914562207,0.9999225138543825
KLRB1,145.54906923449988,-0.7632307494710404,0.4211261992362823,-1.8123563693143983,0.06993114983414658,0.9999225138543825
KLRG1,10.907010974964233,0.32177348023944197,0.384714437981995,0.836395644331137,0.40293236215718864,0.9999225138543825
M6PR,15.051132024193016,-0.20689085885067152,0.3655445989170595,-0.5659797996293584,0.5714075126327954,0.9999225138543825
PHC1,1.4322539116193567,-0.8612355034764566,0.7265279459359945,-1.1854127680758608,0.2358542859081738,0.9999225138543825
RIMKLB,0.7949701655224818,0.5732191454768437,0.7215984795542127,0.7943741037688516,0.4269776753151441,0.9999225138543825
NECAP1,7.130847159292517,0.2001496674828508,0.4312771763547889,0.46408592537760046,0.6425861851623089,0.9999225138543825
SLC2A3,63.23009651611354,0.5422486780675849,0.3895066487985734,1.392142290099904,0.1638793142203978,0.9999225138543825
CLSTN3,3.3435605888051714,-0.13703222556230135,0.5831361906868062,-0.23499180423171387,0.8142150944082021,0.9999225138543825
C1RL,1.1324444013045618,-0.2537800653525386,0.7169044238528127,-0.3539942800027163,0.7233431699477264,0.9999225138543825
EMP1,2.9959081596467976,-0.7940315350809398,0.6468389476544144,-1.2275567789482673,0.2196133950817294,0.9999225138543825
HEBP1,1.8222347193878332,0.18365117597426858,0.6296933073436565,0.29165178322919755,0.7705528784808053,0.9999225138543825
CDKN1B,17.682345838330786,0.6428360932997144,0.31301181635609165,2.053711903861178,0.04000358373388321,0.9999225138543825
CREBL2,1.4472210652818114,0.40041993936304326,0.6098064219312133,0.6566345072177856,0.5114159552900956,0.9999225138543825
DUSP16,2.6645319296692525,0.38249351245923147,0.6672284780004103,0.5732571751216474,0.5664705769381735,0.9999225138543825
BORCS5,6.9948371337788116,0.17614704482838806,0.46457301367219295,0.3791590119194462,0.7045697868168872,0.9999225138543825
SMIM10L1,4.510868165276518,0.48676267833065534,0.46179118858809676,1.0540752841536618,0.29184845088186306,0.9999225138543825
PRR4,3.038123512437474,-0.9135511336753473,0.684311558833559,-1.3349929894981432,0.18187864093940742,0.9999225138543825
YBX3,4.620796668678137,-0.5651534627434617,0.5890433266325944,-0.9594429428040466,0.3373356504794963,0.9999225138543825
STYK1,1.8476715656665368,-0.1777739352655183,0.667705838216994,-0.2662458901665984,0.7900498427873097,0.9999225138543825
MAGOHB,2.8313497993140953,0.140269897937687,0.5313615688407323,0.26398201556750295,0.7917937768462476,0.9999225138543825
RP11-291B21.2,29.241710248218094,0.8819094078424798,0.920029598100379,0.9585663435865461,0.3377772544946821,0.9999225138543825
KLRC1,69.9541671934059,-0.3531269384839067,0.5921641887642306,-0.5963328164454466,0.5509529123234425,0.9999225138543825
KLRC2,18.986991595152354,-0.3112209515694839,0.8007942609248658,-0.388640337169804,0.6975422232126394,0.9999225138543825
KLRC3,18.253308866950974,0.984233873487133,0.8340440699205071,1.1800741819085658,0.23797071211022702,0.9999225138543825
KLRC4,2.427280126313787,-0.09150584319360439,0.6826051543990468,-0.13405384152741195,0.8933599992278656,0.9999225138543825
C2CD5,1.5432206049435775,-0.2655171816763687,0.645138272670289,-0.41156631519839565,0.6806573254854781,0.9999225138543825
CMAS,2.8675624798691786,0.4598614145271634,0.49629580037952165,0.9265873581350142,0.3541408211131889,0.9999225138543825
LDHB,37.64270312732087,-0.22794081749438008,0.44509072639368696,-0.5121221449416681,0.60856552688835,0.9999225138543825
GOLT1B,6.832250219597213,0.23422938101456967,0.490850853547469,0.47719053419536916,0.6332264509715102,0.9999225138543825
RECQL,7.036556417504928,-0.18854071002006817,0.39872456872315176,-0.4728595246183048,0.6363134033729854,0.9999225138543825
PYROXD1,2.5915929565620526,0.34675104764109077,0.5032143389332121,0.6890722716212434,0.49077778837881303,0.9999225138543825
AEBP2,2.27200562575747,0.24123385325307717,0.523809074048466,0.4605377516441358,0.6451302805672918,0.9999225138543825
PLEKHA5,2.688648852097619,-0.08249091131663712,0.5780979779763141,-0.1426936513519806,0.886532130895062,0.9999225138543825
DERA,3.454163421921811,0.12123503477078759,0.5445356534630554,0.22263929643499994,0.823816249827768,0.9999225138543825
STRAP,23.901834791967982,0.2605075248082591,0.299445135512629,0.869967462861898,0.3843181856426261,0.9999225138543825
ARHGDIB,136.37578667526492,-0.27611849675754674,0.33906698945404207,-0.8143479175078246,0.4154456662692527,0.9999225138543825
MGP,20.040113743315228,-2.7935157878196337,1.1225936608549203,-2.488447855381803,0.012830205046099942,0.9999225138543825
WBP11,9.552745977479962,0.12923882971811135,0.3979091971372835,0.32479477892922987,0.7453363963183357,0.9999225138543825
H2AFJ,22.523770558891613,-0.7702305767023543,0.5948958154092049,-1.2947318786778552,0.1954127387956478,0.9999225138543825
HIST4H4,1.9730690000466964,-0.21732460476398144,0.6808138813437143,-0.3192129460331367,0.7495650405898255,0.9999225138543825
ATF7IP,11.970108014794127,-0.10416153596895042,0.40946108297247885,-0.2543869009791864,0.7991966696936948,0.9999225138543825
IPO8,1.8455480766142982,0.05033934052763135,0.5596150234273434,0.0899535187946345,0.9283241516459004,0.9999225138543825
ERGIC2,10.432886151067061,-0.10030042431398362,0.32211646350149076,-0.3113793788237074,0.7555122285625256,0.9999225138543825
CCDC91,7.166747071826472,-0.13188299915674975,0.34858333236225597,-0.37833994604106275,0.7051780742716662,0.9999225138543825
KLHL42,1.4336071361703937,-0.2038769917732966,0.629574448245333,-0.32383301504931733,0.7460644595014625,0.9999225138543825
MRPS35,4.2804201795616015,-0.6990000996702095,0.41671659386793075,-1.6773992443692856,0.09346443704391416,0.9999225138543825
STK38L,3.806260663723376,-0.7895434244548696,0.4820001036769074,-1.6380565448677031,0.10140989879366386,0.9999225138543825
MED21,10.433868277574847,0.06848963728489792,0.3731626471609891,0.1835382983960617,0.8543756713470547,0.9999225138543825
TM7SF3,4.46350120325998,-0.5019653005198883,0.43761363175163687,-1.147051335011368,0.2513604050897672,0.9999225138543825
FGFR1OP2,24.064571434366655,0.30721004305428445,0.32530734736445927,0.9443685964771664,0.3449813232862047,0.9999225138543825
ASUN,1.562328911341758,0.2252676527052382,0.5823485125828726,0.38682618369902844,0.6988848915652358,0.9999225138543825
ITPR2,4.181057251956125,0.1811890700923706,0.4638209259618913,0.3906444490761453,0.6960600655128868,0.9999225138543825
RP11-707G18.1,2.665515426045214,-1.1997899804264607,0.6117605515812358,-1.9612084782605346,0.04985470825993935,0.9999225138543825
KRAS,13.324338659498798,0.386427974013521,0.2924259405819996,1.3214558641563543,0.1863494096038345,0.9999225138543825
LYRM5,4.706777125862718,-0.27437906390412314,0.4159814251881049,-0.6595945090097477,0.5095140789215659,0.9999225138543825
LRMP,6.94360864463886,-0.34602475855792925,0.5654471189887502,-0.6119489284457977,0.54057154807139,0.9999225138543825
ETNK1,10.42409106509217,0.1852650574033795,0.34709051993960693,0.5337658240726807,0.5935035615281614,0.9999225138543825
ZCRB1,7.5251061495423635,-0.5349368842511413,0.41062530859021035,-1.3027372474622345,0.19266448105232648,0.9999225138543825
PPHLN1,10.319045343155187,-0.2228273595182922,0.5184961947698719,-0.4297569813741668,0.6673724287847095,0.9999225138543825
YAF2,6.97192639248102,-0.08351928117198695,0.41927395013114793,-0.19919978607271527,0.8421064667576683,0.9999225138543825
GXYLT1,5.03540912472683,-0.7570804394276114,0.4281686163251408,-1.7681829320547469,0.0770303266093458,0.9999225138543825
SLC2A13,1.144061175101979,0.3546311678207753,0.6678137199763278,0.5310330668758139,0.5953958650874706,0.9999225138543825
KIF21A,5.569932816729408,-0.06480704351206826,0.4792977587542745,-0.13521249020756096,0.8924438720258225,0.9999225138543825
CPNE8,1.4002396574732674,0.06052784051132281,0.7183966598818663,0.08425406727430505,0.9328544314951451,0.9999225138543825
YARS2,2.6717136724242407,-0.09548499365059705,0.5552790124751995,-0.1719585856936412,0.8634700877628124,0.9999225138543825
DNM1L,6.85939680509677,-0.040888921483365745,0.42691960524740724,-0.09577663096467522,0.9236979778079719,0.9999225138543825
BICD1,1.0503599644201538,0.8193080579891004,0.6874298697220605,1.1918423886939338,0.2333230513963538,0.9999225138543825
KIAA1551,26.24812909527868,0.01665102097481228,0.34713687689716577,0.04796673036770132,0.9617427573929902,0.9999225138543825
H3F3C,14.058081534781147,-1.1182764069919435,0.9408728641728449,-1.1885520877202262,0.23461597129039913,0.9999225138543825
RP11-467L13.7,1.7305427511984728,-1.1298151319010301,0.8661291222005321,-1.3044419162705945,0.19208295140399667,0.9999225138543825
FAM60A,6.801067771630668,-0.2700291198754172,0.4575347293900352,-0.5901827829231847,0.5550681136179991,0.9999225138543825
DDX11,1.124050357820276,-1.4126167316223348,0.7306207939482592,-1.9334472045184812,0.05318113094868207,0.9999225138543825
CAPRIN2,1.9781958577142633,0.24083284141156183,0.6094591758991647,0.39515828284355464,0.6927260779981632,0.9999225138543825
HDAC7,3.615256526768865,-0.15004936335784536,0.4757418861876144,-0.31540078289148504,0.7524573724864749,0.9999225138543825
RPAP3,1.8411128323795791,0.06625129928928775,0.5657539673635525,0.11710266849390871,0.9067786951351213,0.9999225138543825
PCED1B,3.607693561641045,0.5950904864616763,0.5289940205058752,1.1249474727381479,0.2606112935313921,0.9999225138543825
AMIGO2,0.8339216765871889,-0.2974602413999473,0.7203616154033053,-0.41293183179035675,0.6796565584451957,0.9999225138543825
RP11-446N19.1,1.7602800582249352,-0.30809382849955214,0.858474300376679,-0.3588853252384696,0.7196808780936654,0.9999225138543825
SLC38A2,34.65743654672168,0.013087804959829386,0.4810915953585436,0.027204393271670905,0.978296711680239,0.9999225138543825
SLC38A1,27.164747217535062,0.0028794956034725043,0.41906926994437255,0.006871168587128162,0.9945176438093993,0.9999225138543825
SCAF11,22.210397038266716,-0.08830939157931944,0.2988958598785561,-0.2954520401025303,0.7676485842884659,0.9999225138543825
ARID2,3.4915571905526623,0.3145918902891896,0.5220481729709983,0.6026108443188946,0.5467676044974055,0.9999225138543825
RP11-352M15.2,2.957169819218249,-0.827345677646895,0.4969017479331536,-1.6650085878912924,0.09591104248768961,0.9999225138543825
ANO6,3.3502140049019435,0.3505856168595612,0.5299087749840843,0.6615961716619827,0.508230061706251,0.9999225138543825
NELL2,3.3710503139393864,1.1457303847841487,0.7084224329605121,1.6172982834494913,0.10581390965424554,0.9999225138543825
TMEM117,1.0631251392775771,-0.15432833581576524,0.8540024984396709,-0.18071180833514555,0.8565937896800548,0.9999225138543825
TWF1,6.587900263726145,0.15534078963643197,0.5140570969865486,0.3021858671868444,0.7625103772902116,0.9999225138543825
IRAK4,8.223188852144311,-0.16823409749575666,0.34530856789680575,-0.48719931428412405,0.6261170912392563,0.9999225138543825
PUS7L,4.574602523186708,-0.11948358846877422,0.45659564306656325,-0.2616835930941104,0.7935653906901879,0.9999225138543825
MCRS1,4.458019489270838,-0.12452128006388351,0.449878385250459,-0.2767887592433659,0.7819423129196968,0.9999225138543825
TUBA1C,13.424874119547063,0.13381461837239908,0.5089837638339316,0.2629054753425482,0.7926234360191814,0.9999225138543825
TUBA1A,64.03344748539345,0.09036898096591599,0.41924911790784625,0.21554960310203844,0.8293388431281128,0.9999225138543825
TUBA1B,78.60715464743164,-0.1255417577726072,0.3709792616022832,-0.33840640371751324,0.7350569490409142,0.9999225138543825
LMBR1L,4.814284847760737,-0.10579479457867962,0.47371266666819317,-0.223331149920005,0.8232777852958407,0.9999225138543825
RHEBL1,1.89898800635653,-0.1641199478283393,0.5683162556779955,-0.2887827792864131,0.7727476110645479,0.9999225138543825
PRKAG1,5.081396368048448,-0.32656198230772754,0.5093350838767896,-0.6411535208258387,0.5214229441211684,0.9999225138543825
ARF3,4.2886469424261975,-0.8214137612529709,0.6290726106405873,-1.3057534970669313,0.19163639885279593,0.9999225138543825
FKBP11,9.83024473824554,-0.17942325665524272,0.46934841278417383,-0.38228158819352204,0.7022525099859263,0.9999225138543825
DDX23,4.39972889597213,-0.35944540285440707,0.5146082022543036,-0.6984836255617631,0.48487479462222405,0.9999225138543825
CCNT1,9.719762617110389,-0.6803706825457518,0.4100524866207626,-1.6592282811224437,0.09706980080017448,0.9999225138543825
KANSL2,6.849270411736453,0.7084246959483638,0.4127664391908632,1.7162846314178857,0.08610995979112972,0.9999225138543825
ZNF641,1.8728143808722473,0.38332272401866224,0.6875031988781395,0.5575577315773428,0.5771464264476212,0.9999225138543825
ASB8,5.235847285340238,-0.7367408910402006,0.44697570491092514,-1.6482794991889345,0.09929532962026676,0.9999225138543825
SENP1,2.6692164215786685,-0.6188441537985879,0.5174419063890368,-1.1959683708596114,0.23170890218557527,0.9999225138543825
TMEM106C,3.9887705715196415,-0.14237254499071972,0.48496165066138136,-0.2935748523549332,0.7690827943332843,0.9999225138543825
DAZAP2,52.125757232591,-0.10437113442606558,0.34192269274681913,-0.3052477552384874,0.7601774634112151,0.9999225138543825
TFCP2,1.2792090514691388,0.13843390433100614,0.8015796850616072,0.17270136320928156,0.8628861722080945,0.9999225138543825
CSRNP2,1.818949809607055,-1.0026601147962055,0.7373719939602915,-1.359775151495922,0.17390108798863702,0.9999225138543825
LETMD1,7.371124471961414,-0.8318932792910523,0.3998608460522117,-2.080456957724808,0.03748363963752108,0.9999225138543825
METTL7A,1.6043465056480706,-0.2426622754945979,0.5641849834494704,-0.4301111915651176,0.6671147593557134,0.9999225138543825
ATF1,5.623771819461548,-0.3402552190365148,0.39491015954376907,-0.8616015840909337,0.3889067990052446,0.9999225138543825
DIP2B,2.000080628065118,0.3455965066665524,0.7136986812318391,0.484233074481874,0.6282204665543751,0.9999225138543825
LARP4,2.3968528785228616,-0.16282567832573872,0.5459108887250066,-0.2982642070137557,0.7655015203408867,0.9999225138543825
LIMA1,2.86006423995801,-0.7838427295192503,0.5663440996197787,-1.3840397208084125,0.16634629259275557,0.9999225138543825
CERS5,2.9304175132535955,-0.19356009063750987,0.5578445161785898,-0.3469785666505379,0.7286074209721924,0.9999225138543825
COX14,17.252988315769496,-0.37721970737091165,0.3399627440692667,-1.1095913124352648,0.2671751765750878,0.9999225138543825
SMARCD1,2.4995430760544806,0.2523981619130024,0.5849445982255272,0.4314907132721132,0.6661116036845998,0.9999225138543825
BCDIN3D,1.8038494437998105,-0.7923673626518702,0.6794987252115923,-1.1661057383222186,0.24357169687940838,0.9999225138543825
NCKAP5L,1.9588681365233425,0.16314311036707768,0.8597146798198301,0.1897642487636334,0.8494938721504521,0.9999225138543825
TMBIM6,52.869227769539165,-0.3545097818990097,0.30369696521776657,-1.1673142062674473,0.24308350366191722,0.9999225138543825
FMNL3,2.6013083256909395,-0.06129733222283385,0.5632314555042047,-0.10883151433358866,0.9133361274476254,0.9999225138543825
RARG,1.2825967297915402,0.32657164616347195,0.7094786105860306,0.4602980855106022,0.6453022751809132,0.9999225138543825
ITGB7,13.877628684629517,-0.04055349728755828,0.576792789592329,-0.07030860652093286,0.9439480324484515,0.9999225138543825
CSAD,1.7436827728079936,-1.1893281180457673,0.6605998183136107,-1.8003760901447146,0.07180127357041283,0.9999225138543825
SPRYD3,3.1727227479906674,0.16884568937624456,0.5214004938451187,0.32383108832727714,0.7460659182737496,0.9999225138543825
EIF4B,24.8883331342359,-0.0289699314402071,0.2744724639699958,-0.10554767870402465,0.9159412391045761,0.9999225138543825
KRT18,4.424715155640562,-1.3055827789342194,0.6856806461319749,-1.9040682952030268,0.05690129019811621,0.9999225138543825
KRT8,2.469476228618193,-1.2848033653380995,0.7926306721316803,-1.6209357150951311,0.10503142623529536,0.9999225138543825
KRT81,9.30601971535899,0.0351663510008869,0.6158654262569162,0.05710070658555982,0.9544649735695921,0.9999225138543825
KRT86,14.048504422483791,-0.012131381934331028,0.687674409647742,-0.017641171118386204,0.9859251119770827,0.9999225138543825
ATG101,6.196295110599177,0.8221084482463072,0.4249309826259836,1.9346870006179615,0.053028716529407965,0.9999225138543825
NR4A1,101.528957205196,0.21654234114542859,0.6322826499361254,0.3424771202678172,0.7319918595065643,0.9999225138543825
GRASP,8.481380647998801,0.26044310813858057,0.8577368923989898,0.30363985791744563,0.7614022821290194,0.9999225138543825
SLC4A8,1.4674005396606187,0.408974044007745,0.7519715256699323,0.5438690562696368,0.5865315840017551,0.9999225138543825
GALNT6,2.8830687194093403,0.07822982115437982,0.513552687818328,0.15233066248122534,0.8789261419550375,0.9999225138543825
BIN2,36.035247298219026,-0.4867099382653343,0.42409951321940004,-1.1476314475596767,0.2511207418785455,0.9999225138543825
SMAGP,2.5477829217462977,-0.9573094447902226,0.4918003260802999,-1.9465408907311614,0.05158980104844423,0.9999225138543825
NCKAP1L,8.707467690754868,-0.6672627409467639,0.4075862922369493,-1.6371079048920818,0.10160792518136877,0.9999225138543825
GTSF1,0.9119412810529227,0.0810606123043629,0.6937652386352788,0.1168415593491237,0.906985609685099,0.9999225138543825
ITGA5,4.300472660864515,0.13662569103445749,0.6392581321443306,0.2137253859816528,0.8307612135739977,0.9999225138543825
COPZ1,9.95938137471129,-0.33653033356477835,0.4978171503417556,-0.6760119319588477,0.4990330694231636,0.9999225138543825
HNRNPA1,161.58748270681414,-0.018764701583504982,0.37528856553789963,-0.05000072825722683,0.9601218079839458,0.9999225138543825
CBX5,3.963580151014911,-0.4894687344690833,0.5509237313212135,-0.8884509899314916,0.37429820773409683,0.9999225138543825
SMUG1,2.069585706526808,0.4115152690659738,0.685205259530913,0.6005722567682776,0.5481249209189393,0.9999225138543825
CALCOCO1,3.0535425269696534,0.022094006744500932,0.5301545771168661,0.04167465056069973,0.9667580623218585,0.9999225138543825
ATP5G2,95.73322216111973,-0.29058078555556555,0.3411689437516275,-0.8517210926651919,0.39436891079931946,0.9999225138543825
ATF7,1.8636458798168964,-0.27360246037937286,0.5755891443614658,-0.4753433296294978,0.6345422799817717,0.9999225138543825
TARBP2,1.9750470350082976,0.7539424268866354,0.630727372145598,1.195353904368993,0.23194878733686142,0.9999225138543825
PCBP2,76.15927854907714,-0.01126244237333943,0.4283073763698859,-0.026295233271007676,0.9790218568969461,0.9999225138543825
PRR13,40.149308987520016,-0.4353810070445936,0.372806075790636,-1.1678484748974398,0.24286789083676508,0.9999225138543825
AAAS,1.671994011919108,0.3522150568107953,0.5794940507893391,0.607797537060194,0.5433217630097684,0.9999225138543825
C12orf10,4.235306964264385,0.8321491526392321,0.4913588439588789,1.693567059737045,0.09034758189226326,0.9999225138543825
PFDN5,151.0708609701822,-0.04752431409527221,0.25462627406414745,-0.18664340225667175,0.8519402345767382,0.9999225138543825
RNF41,3.4011924454830673,-0.017779024390228028,0.4289008455837658,-0.04145252818522533,0.9669351373180607,0.9999225138543825
SMARCC2,4.453009500622236,0.5608247508890093,0.4691269103372103,1.1954648913358779,0.23190544544649416,0.9999225138543825
MYL6,186.37606345617544,-0.4564446320532469,0.32083899888565154,-1.4226594448885121,0.154834902485157,0.9999225138543825
ESYT1,3.8991919845555616,-0.2567950084342874,0.4879698035489876,-0.5262518429759917,0.5987132377342701,0.9999225138543825
RPL41,821.6165433215683,-0.5526975199206177,0.47512708139646226,-1.1632625071510667,0.24472301255748097,0.9999225138543825
PA2G4,15.747773091704824,-0.038390207099926896,0.37864103935538646,-0.10138945098313673,0.9192413102172162,0.9999225138543825
RPS26,317.34981634699983,0.12144007055195377,0.6611069616651588,0.18369201595771642,0.8542550726733511,0.9999225138543825
RAB5B,3.7866207816118096,-0.2942778015468805,0.5105595247608401,-0.5763829431734296,0.564356370883568,0.9999225138543825
DGKA,2.7320245437877206,0.6563569780181329,0.6939493541238928,0.9458283578155064,0.34423613918275764,0.9999225138543825
PYM1,4.7146589954909155,-0.5746512646627816,0.540191450859198,-1.0637918533304698,0.2874230026707082,0.9999225138543825
ORMDL2,6.654316880094653,-0.08773895598570698,0.45301194992057436,-0.19367912038764112,0.8464271417799221,0.9999225138543825
SARNP,1.9418118008325564,-0.24578529217365352,0.6834719427377837,-0.3596128484647246,0.7191366738634428,0.9999225138543825
GDF11,1.4686278726142028,0.21185502038906087,0.8324249914082152,0.2545034358359007,0.799106650050658,0.9999225138543825
CD63,62.30223852222454,-0.25870038607106516,0.39456811212913895,-0.6556545704494098,0.5120464052863429,0.9999225138543825
BLOC1S1,15.180057077444193,-0.1953584706136865,0.6039991809012772,-0.3234416151395701,0.7463608174206089,0.9999225138543825
TESPA1,4.7138278931947895,0.224392093093523,0.5268527476001649,0.4259104543264468,0.67017309682435,0.9999225138543825
MARS,4.62806296558328,0.30750844359661195,0.47126093785596046,0.6525226660958711,0.5140640557394928,0.9999225138543825
ARHGAP9,24.90559118950359,0.2460488306464328,0.2696775855998935,0.9123814650709701,0.36156794314375706,0.9999225138543825
R3HDM2,3.093517667084018,0.2570830240253813,0.6456704639819002,0.3981644482232162,0.6905089702797007,0.9999225138543825
SHMT2,2.4181305686675,0.2556500433783003,0.5851806923892889,0.4368736814170728,0.662202959729798,0.9999225138543825
STAT6,3.0912718882982593,0.12045769905885913,0.6933581639328331,0.17373084406420586,0.8620769960631507,0.9999225138543825
PRIM1,1.210562731265811,-0.28611088009941815,0.6638108880979904,-0.431012635118427,0.666459183337917,0.9999225138543825
NACA,265.29403501542754,-0.1808110726867179,0.2674956976027354,-0.6759401153256864,0.49907866692650893,0.9999225138543825
PTGES3,57.69378202887215,0.31169358106477474,0.4303045075824555,0.7243558353965132,0.46884730627945004,0.9999225138543825
ATP5B,33.004752130390244,-0.13042791787148214,0.23412706786429413,-0.5570817550539753,0.577471572516824,0.9999225138543825
BAZ2A,5.368245308980536,-0.20686860571943455,0.46387099929514186,-0.44596149798925594,0.655625057985129,0.9999225138543825
STAT2,2.5206271848110986,-0.7218202150455356,0.5586299338767458,-1.2921259160537495,0.19631354225423536,0.9999225138543825
CNPY2,6.8644076806898555,-0.08997732613134271,0.7325515402067447,-0.12282729772972537,0.9022438574651716,0.9999225138543825
RP11-977G19.11,1.7145991835133125,0.17368812383974708,0.6546106159554921,0.26533044164923286,0.7907549155933247,0.9999225138543825
CS,3.9455295119322638,-0.5397507959379723,0.4682772920785749,-1.1526307277086678,0.24906198538627622,0.9999225138543825
COQ10A,4.016671216504225,-0.04718488988244122,0.5221590014299298,-0.09036498413936299,0.9279971814264689,0.9999225138543825
NABP2,2.8640021313759076,-0.03107416855501707,0.5521284216838329,-0.05628069002542885,0.9551182015768154,0.9999225138543825
TMEM5,2.4162335031611177,-0.09387925472919041,0.5817907295860438,-0.1613625827210885,0.871807835095958,0.9999225138543825
MON2,6.443222322370535,0.677386393292147,0.47224221085316814,1.434404586723323,0.15145683950229477,0.9999225138543825
USP15,24.068680732924562,0.26502158513028024,0.39464342424219434,0.6715469430136389,0.5018721650694314,0.9999225138543825
SLC16A7,7.0465375288046,-0.03039992828706628,0.36733682052348954,-0.08275763982424501,0.9340442520580784,0.9999225138543825
XRCC6BP1,1.7240377354971883,0.9665707496548143,0.7909177467445221,1.2220875731178031,0.2216745119579796,0.9999225138543825
RP11-620J15.3,1.8992885934326909,0.2596728744738094,0.5563641128368246,0.4667318910088806,0.6406917101352292,0.9999225138543825
CTDSP2,4.178905058800855,-0.4487737251755923,0.4501598006687392,-0.9969209256555388,0.3188028936108044,0.9999225138543825
TSFM,1.1690270576663726,-0.4443028684683977,0.6990620697987096,-0.6355699839305141,0.5250567387045382,0.9999225138543825
CDK4,3.7280283250145727,0.6202394613522654,0.44652839835728686,1.3890257901491512,0.1648249078212557,0.9999225138543825
TSPAN31,4.529489681155863,-0.5573613858338259,0.5281580957448928,-1.0552927055823047,0.29129147618706264,0.9999225138543825
AGAP2,3.30783692255043,0.40678220005172394,0.48173366449667954,0.8444130647932491,0.3984386242426,0.9999225138543825
OS9,8.646238810093779,-0.4299658991754296,0.3787517593253214,-1.1352182229894774,0.25628389605026625,0.9999225138543825
PIP4K2C,1.9476260679702748,0.2820092127343835,0.6792538244609534,0.4151750090743798,0.6780137920495327,0.9999225138543825
DCTN2,6.609224595178626,0.2390505960750876,0.3676767579371069,0.6501650999543966,0.5155855818906305,0.9999225138543825
MBD6,3.0189235328885897,-1.050010298122932,0.6397553163002244,-1.6412685777982392,0.10074167573159519,0.9999225138543825
DDIT3,21.992657288418023,-0.07142588931203421,0.41813406707487166,-0.17082054521820292,0.8643648737637846,0.9999225138543825
MDM2,3.565261440793146,0.315038092804083,0.5271379593845302,0.5976387911276806,0.5500809750383369,0.9999225138543825
SLC35E3,2.397555221161434,-0.3021774460914829,0.5943986253136876,-0.5083750756186758,0.6111903287530274,0.9999225138543825
NUP107,3.8427953999663815,-0.5583072719760024,0.5121995978030676,-1.0900189581770474,0.27570479304429707,0.9999225138543825
RAP1B,41.448829653331174,0.08197913509780075,0.38990154300242946,0.21025599043933496,0.8334678820281551,0.9999225138543825
RP11-81H14.2,5.366228619712008,-1.1422705247538243,0.7069463536394044,-1.615781054493518,0.10614165910478486,0.9999225138543825
MDM1,1.4039970523267127,0.34327058947496614,0.6465504600402582,0.5309262164218272,0.5954699098039661,0.9999225138543825
IFNG,65.33416768931339,0.6702396808499663,0.7337103573761513,0.9134935524787128,0.3609830230376688,0.9999225138543825
DYRK2,2.983497342589424,0.7605995897144795,0.5934887567421506,1.2815737131898735,0.19999222636071878,0.9999225138543825
CAND1,9.79545476569044,-0.0735016248186531,0.3462998990068184,-0.2122484731570941,0.8319131919881132,0.9999225138543825
HELB,7.4475194865084635,-0.26207034908933535,0.4286023584339892,-0.6114533528160645,0.5408994909601254,0.9999225138543825
TMBIM4,11.574185030279615,-0.9579455733116709,0.7823742693095506,-1.2244083310115284,0.22079822810435512,0.9999225138543825
LLPH,5.6741235286689315,-0.7609031022442695,0.6607268915731629,-1.1516151558968506,0.24947925063980148,0.9999225138543825
LEMD3,3.591648743200638,0.9851737955548042,0.49660827138960917,1.9838046450537181,0.04727762211979324,0.9999225138543825
GNS,2.404661584224909,-0.5016126307116303,0.577399680890859,-0.8687442118736569,0.3849870532767242,0.9999225138543825
TBK1,6.217833218051035,-0.5692262589734655,0.46635842287166585,-1.2205767732645993,0.22224630496448716,0.9999225138543825
XPOT,2.133109890657476,0.36777832538805627,0.5697407481307253,0.6455187321509092,0.5185910831066587,0.9999225138543825
PHLDA1,45.397000681744466,0.7955038347656822,0.4703776667358225,1.6912023912318521,0.09079815447332995,0.9999225138543825
KRR1,9.718752152363242,-0.35070522266538384,0.4434493450458698,-0.7908574600084421,0.4290271748306157,0.9999225138543825
GLIPR1,23.450171554713528,-0.15924768254766886,0.3342540079123431,-0.4764271445607646,0.6337700999922775,0.9999225138543825
ATXN7L3B,5.435141716211931,-0.15268548420914194,0.45195954521819587,-0.3378299801930919,0.7354913158481876,0.9999225138543825
TBC1D15,5.173557930414574,-0.5219296537612464,0.5281613721794381,-0.988201109080589,0.3230541651186448,0.9999225138543825
RAB21,9.021364967956703,-0.4577883809171002,0.6149017911657497,-0.7444902381064965,0.45657994479207165,0.9999225138543825
TMEM19,2.0721039688644685,-0.6346029776777945,0.6025422305008571,-1.0532091288444416,0.2922451554863883,0.9999225138543825
THAP2,7.558095096341844,0.1680014603920743,0.5199832250239536,0.32309015427244825,0.7466269664999932,0.9999225138543825
ZFC3H1,7.552462006311952,-0.08600332439227647,0.4126716567711618,-0.2084061819636132,0.8349118297935935,0.9999225138543825
CNOT2,27.21362720525053,-0.12624938486084017,0.4384200712953824,-0.28796442755874774,0.77337396849499,0.9999225138543825
LINC01481,3.797517164245011,-0.0511493806098213,0.4687564537531086,-0.1091171763082784,0.9131095515120445,0.9999225138543825
RAB3IP,2.6761954331986173,0.1745877619618466,0.5733727424567044,0.30449260844489795,0.7607526231856956,0.9999225138543825
CCT2,15.256777013829954,0.24120488093969883,0.4540204160369492,0.5312643934498069,0.5952355758990646,0.9999225138543825
YEATS4,1.754723806705902,1.135135583562239,0.6123093840463375,1.8538595245117717,0.06375925987442398,0.9999225138543825
LYZ,1.5279990311491154,-0.46938939177647276,0.7895509409334673,-0.5945017191943623,0.5521765927660425,0.9999225138543825
CPSF6,7.025214327805062,-0.32489810753539466,0.36159831411341914,-0.8985055926822905,0.36891606493839524,0.9999225138543825
EEA1,4.232200399189023,0.5190967537998359,0.47193738776172406,1.0999271667408603,0.27136385693209975,0.9999225138543825
RP11-756G20.1,1.1617779985758505,-0.011711383368212615,0.8580494103168791,-0.013648844958575965,0.9891101354497126,0.9999225138543825
RP11-796E2.4,10.422125818572253,0.4163589765195495,0.47568872932470807,0.8752761014763087,0.38142369427898004,0.9999225138543825
BTG1,573.5417662580909,0.3352077608791707,0.3073710976342884,1.090563697950555,0.27546491053461275,0.9999225138543825
LINC00936,6.889985045566399,0.16974289828862504,0.5670243732055985,0.29935732273553894,0.7646674214051069,0.9999225138543825
ATP2B1,15.563404523164934,0.13428419348744947,0.4236180839183812,0.3169935339996536,0.7512485085676568,0.9999225138543825
POC1B,4.235126236281085,0.20099212676881056,0.41120853828502185,0.48878393334696874,0.6249946739037382,0.9999225138543825
DUSP6,7.350959974024867,0.18159782933392662,0.4948970145504863,0.3669406442042724,0.713663293209072,0.9999225138543825
CEP290,2.5867915394359744,-0.03923683125422239,0.5733645243063676,-0.0684326106532131,0.9454412631199431,0.9999225138543825
C12orf29,3.7870062281568866,0.12069524837923719,0.4903631999013323,0.24613439263697337,0.8055782003755385,0.9999225138543825
CCDC59,15.795398255612453,-0.13711118340903003,0.34751894410970163,-0.39454304789136335,0.6931801516170369,0.9999225138543825
PPP1R12A,19.424975774028365,0.11483058159950828,0.35451036975904204,0.323913181094132,0.7460037644725234,0.9999225138543825
PAWR,1.0968784103143034,-0.04304589924895749,0.7754093191569059,-0.05551377599609046,0.9557291552168703,0.9999225138543825
ZDHHC17,2.1288574334207886,0.24060489387933445,0.545729952735669,0.44088636270231324,0.6592952668661751,0.9999225138543825
OSBPL8,15.106850973072065,0.22700082219205853,0.3438379824543246,0.6601970514476634,0.5091273842119418,0.9999225138543825
NAP1L1,42.49939102732018,-0.627317686569372,0.3611110606355607,-1.7371876825519654,0.08235404835944007,0.9999225138543825
TMPO,5.271354953400919,0.3819830638329365,0.3827566947217774,0.997978792011977,0.3182896427033527,0.9999225138543825
NEDD1,2.97624094824399,0.2537800180572678,0.5260161226204126,0.48245672925961297,0.6294815300474683,0.9999225138543825
CDK17,14.26990631196268,0.22019468958192193,0.46014208208308366,0.47853630032074174,0.6322685440575815,0.9999225138543825
ELK3,2.090810347586837,0.2475546411087789,0.5592617352425773,0.4426454118149227,0.6580222324176128,0.9999225138543825
LTA4H,7.030883891665721,-0.5454771793589465,0.42277603374380784,-1.2902272972490503,0.19697175104269493,0.9999225138543825
SNRPF,20.129093935164438,-0.2940545030646567,0.43714009237720425,-0.6726779542584708,0.5011521958467836,0.9999225138543825
METAP2,8.658999486542276,-0.34755700581890864,0.5306632065138553,-0.6549483769605083,0.5125009916380487,0.9999225138543825
VEZT,5.142918840347874,0.03513082296363435,0.3880465613980051,0.09053249392822724,0.927864073543503,0.9999225138543825
NDUFA12,18.5566180203346,-0.33997467971636813,0.4309461926004519,-0.7889028504112409,0.4301687896138361,0.9999225138543825
CEP83,2.318424618551717,0.7238301370180503,0.5884431818161555,1.2300765127128164,0.21866845442002902,0.9999225138543825
PLXNC1,1.556628699338117,-0.1034352437134213,0.6471338798407391,-0.15983592721011133,0.8730103220748944,0.9999225138543825
CRADD,1.346657364145895,0.24666493647753124,0.5987330219501852,0.41197817296613687,0.6803554216573342,0.9999225138543825
SOCS2,2.119136918133943,0.2943545359004516,0.7150087400200476,0.41167963330378093,0.6805742548840275,0.9999225138543825
MRPL42,8.214783143962007,0.032052282022844936,0.41757227552336595,0.07675864491403811,0.9388155502093635,0.9999225138543825
UBE2N,22.44359453021367,-0.11640622427054091,0.32448679302006583,-0.35873948269858397,0.7197899888000542,0.9999225138543825
NUDT4,11.153540210493661,0.46869867887422917,0.47408001079609946,0.9886488951246147,0.3228349546762044,0.9999225138543825
TDG,7.80620522199147,0.01555699754757473,0.4245852747650461,0.036640454750070044,0.9707716869471241,0.9999225138543825
C12orf73,1.6810761149411728,-0.08262920433602516,0.5766248740520853,-0.1432980227775631,0.8860548173129734,0.9999225138543825
HSP90B1,41.45094671005243,-0.025041984308552194,0.31427571696035195,-0.07968157562651082,0.9364905133734338,0.9999225138543825
NUP37,3.0441974159752885,-1.249022462715363,0.5853512011011116,-2.133800119254579,0.03285914614452105,0.9999225138543825
CCDC53,7.012218437246095,0.059277547875499326,0.38594038715038465,0.15359249731073463,0.8779310530204163,0.9999225138543825
DRAM1,1.7576728904595207,-0.12454877150389242,0.7270885530147913,-0.171297940240518,0.8639894999774571,0.9999225138543825
GNPTAB,13.287373042060775,-0.0662604020103248,0.5588268806169426,-0.11857053464782079,0.9056156105782487,0.9999225138543825
CHPT1,3.2171117482035583,-0.8565244727890536,0.5711957866863021,-1.4995286953323637,0.13373653019236606,0.9999225138543825
ARL1,5.854052769942606,-0.6191418460647803,0.4339351706853615,-1.42680724654538,0.15363546185682103,0.9999225138543825
UTP20,1.111347690380015,-0.26810486179769716,0.6840934158807485,-0.3919126475622057,0.6951227576440737,0.9999225138543825
SCYL2,4.222726620040425,0.04959789745421057,0.43014416775069136,0.11530528872114608,0.9082031465318072,0.9999225138543825
ACTR6,4.438437481937942,0.07171452040655765,0.4383391206508668,0.16360511081026155,0.8700420210783899,0.9999225138543825
UHRF1BP1L,2.739495195685313,0.9600648184775888,0.6588077601108336,1.4572761230318139,0.14504017503302083,0.9999225138543825
APAF1,2.437546817094506,0.06758142888827498,0.6085020415992181,0.1110619591524503,0.9115672142664965,0.9999225138543825
IKBIP,3.1083068901685182,0.38057698535065476,0.4676048985921169,0.8138857965271767,0.4157103782144691,0.9999225138543825
SLC25A3,64.32530113601443,-0.012912690348705364,0.38223159595666645,-0.03378237300447887,0.9730506922271068,0.9999225138543825
SELPLG,23.32317262703299,-0.8415706928779881,0.5650970859899322,-1.4892497479503575,0.1364216151350268,0.9999225138543825
ISCU,17.380456586550586,0.18169882122745898,0.39649061642299044,0.45826764544060766,0.6467601659163258,0.9999225138543825
SART3,3.152323512962016,0.26367294209197234,0.5311642681779869,0.49640564678123017,0.6196082418709957,0.9999225138543825
PRDM4,1.2661099430142493,0.14811916767804295,0.6713873875352704,0.22061654780528886,0.82539101523215,0.9999225138543825
PWP1,5.144154471299864,-0.04955901480934369,0.4100678465838526,-0.12085564674773795,0.9038053733481425,0.9999225138543825
CRY1,6.918683779373508,0.10088860322608073,0.6615298878835426,0.1525080046630356,0.8787862774802807,0.9999225138543825
TMEM263,6.065127575837706,0.007338640724407409,0.438974151723669,0.016717705804753236,0.9866618219453216,0.9999225138543825
TCP11L2,2.0956365672140564,-0.5821862629581728,0.6438072000833982,-0.9042866604827609,0.3658434182491459,0.9999225138543825
C12orf75,35.72491082353769,-0.1955011939285912,0.5522479154393068,-0.3540098359141334,0.7233315119710305,0.9999225138543825
APPL2,1.5676387404221779,0.3474228470515971,0.6890279982986447,0.5042216686541873,0.6141056150928164,0.9999225138543825
KIAA1033,4.593491940874928,0.14220189675071024,0.4335413089845061,0.32800080131647213,0.742911056749209,0.9999225138543825
C12orf45,2.1552678060333617,-0.5657909278703143,0.5735020671717456,-0.9865542955416723,0.3238611853939276,0.9999225138543825
CHST11,7.099633225795237,-0.037421143892177065,0.4665169852361083,-0.08021389376259881,0.9360671401452033,0.9999225138543825
EID3,1.98316781753222,0.16045553276906757,0.5953865738372329,0.26949807036282447,0.7875464269344551,0.9999225138543825
TXNRD1,4.9333021868202085,-0.4363916554574676,0.49383047326932455,-0.8836871742005054,0.37686510583764876,0.9999225138543825
NFYB,3.5597578734601276,0.35383612549320403,0.5276753571140542,0.6705564713660188,0.5025031201481855,0.9999225138543825
ATP2A2,5.794998425382588,-0.4001919205895131,0.6145114691413152,-0.6512358852288297,0.5148942288444898,0.9999225138543825
C12orf76,2.828219386380605,0.2960878186305615,0.5241218448308901,0.5649217286985918,0.5721270036091943,0.9999225138543825
ANKRD13A,4.381134228350301,-0.544390996160012,0.49494134580125065,-1.0999101222362182,0.2713712839615836,0.9999225138543825
GIT2,5.322500874516015,0.49182058248861016,0.4274588817046103,1.1505681681647126,0.2499099348577729,0.9999225138543825
TCHP,2.2482888707283792,0.016908440038223234,0.7375905894484768,0.022923882544198793,0.9817109898842065,0.9999225138543825
GLTP,7.463928217691034,0.27188555798511005,0.41617560186726216,0.6532952839263919,0.5135659322103168,0.9999225138543825
FAM222A,1.785117438698289,-0.9263181604015243,0.7648078428347105,-1.211177642959552,0.22582732927526894,0.9999225138543825
MVK,1.879980341567915,-0.029977453457498898,0.6039873390447416,-0.04963258585007898,0.9604151788700208,0.9999225138543825
MMAB,3.1541343945647458,-0.9618001603485786,0.6763114732209758,-1.4221260446284385,0.15498966320770324,0.9999225138543825
KCTD10,1.881361043764449,0.07809377563285008,0.6050503019820002,0.1290698895232901,0.8973023473642752,0.9999225138543825
ACACB,1.2217478383180012,-0.5785585085879734,0.7806228442178471,-0.741149856007181,0.4586025832557473,0.9999225138543825
UNG,1.8715957603515443,0.3644302844260689,0.5909145306777467,0.616722496243386,0.5374177802753836,0.9999225138543825
ALKBH2,1.6013682581183482,-0.37774328773356286,0.6085520232909523,-0.6207247257034615,0.5347807580043693,0.9999225138543825
USP30-AS1,1.3211901220712783,0.021963623884658487,0.6508081885467152,0.033748229157509954,0.9730779195501487,0.9999225138543825
SSH1,1.548463543954363,-0.2946991429211605,0.6215604009855298,-0.4741279245812528,0.6354086865832691,0.9999225138543825
CORO1C,1.456087361355961,-0.11817927171739666,0.6295718784045709,-0.18771370795163306,0.8511010839023344,0.9999225138543825
TRAFD1,2.2094341314815713,0.30209261364372864,0.49697028843282326,0.6078685601031927,0.5432746531407011,0.9999225138543825
NAA25,1.6855611128624577,0.035575602171720386,0.5848098151570027,0.06083277203917905,0.9514923903307396,0.9999225138543825
ERP29,25.907005515204908,0.28773487974600837,0.24842086775955685,1.1582556744971322,0.2467597142603407,0.9999225138543825
TMEM116,3.150832721503314,0.33530631116325865,0.5458971933534464,0.6142297766791436,0.5390634992546488,0.9999225138543825
MAPKAPK5,3.202887274707353,0.27351114560846135,0.4623619963077093,0.5915519610016462,0.5541506505126691,0.9999225138543825
MAPKAPK5-AS1,5.077813468381376,0.1520194551775688,0.39334198764199074,0.38648163672761215,0.6991399999384325,0.9999225138543825
BRAP,2.612569977254313,-0.05343135031872573,0.552068882040126,-0.09678384719181142,0.9228980517810902,0.9999225138543825
ATXN2,3.3976814063787186,0.0013554282242561459,0.49587967081457457,0.0027333813100859795,0.9978190799696403,0.9999225138543825
SH2B3,1.8264407240345728,-0.17394512890212513,0.6483199414765324,-0.26830137062569676,0.7884673512809292,0.9999225138543825
PPP1CC,11.560467500033912,0.5267115285500523,0.38443034416807503,1.3701091408116606,0.17065283486163307,0.9999225138543825
HVCN1,2.2270809307361805,-0.1821740271849296,0.6190041853432992,-0.29430176967849747,0.7685273204960845,0.9999225138543825
PPTC7,2.60492628091361,-0.034549519522472816,0.6031000247915953,-0.057286549663816716,0.9543169345710504,0.9999225138543825
VPS29,24.356459515940024,-0.37850533997101976,0.27119050352113133,-1.3957175308741088,0.1627995730285432,0.9999225138543825
GPN3,2.7169241946311704,0.4850098007822196,0.5162050676432501,0.9395680732011147,0.347439159303491,0.9999225138543825
ARPC3,89.33128945091644,-0.4447423096577382,0.35162027295253184,-1.264836938789868,0.20592978682709473,0.9999225138543825
ANAPC7,3.292229318608344,-0.37376517247694846,0.5073624605236834,-0.7366827496286579,0.4613152996028367,0.9999225138543825
RFC5,1.097239598025411,-0.4615742368555965,0.7731762668994215,-0.5969844867414176,0.5505177380342299,0.9999225138543825
FBXO21,4.948431862617555,0.3175077424963557,0.4498523468707623,0.7058043482600131,0.4803098176098556,0.9999225138543825
TESC,3.6784288971252286,-0.2618142034590932,0.7646526452282097,-0.34239625677480656,0.7320527051161755,0.9999225138543825
C12orf49,2.307601083596274,0.26615617944557746,0.5608665514089295,0.4745445753129289,0.6351116190494168,0.9999225138543825
MAP1LC3B2,7.075543441698229,-0.9986970918329267,1.1550180483931072,-0.8646592953437753,0.38722581700004954,0.9999225138543825
MED13L,3.6355087064742833,-0.48050342993599915,0.5196915272389284,-0.9245935420361153,0.3551773735304624,0.9999225138543825
RBM19,1.6424532369523288,-0.014488896718662585,0.6221890959838049,-0.023286966634721806,0.9814213680148735,0.9999225138543825
SLC8B1,1.7375873947891265,0.056338643065698316,0.6392177261155958,0.08813685973331419,0.9297679005289448,0.9999225138543825
RITA1,1.2309516363597175,0.0527948852714913,0.6738183664593888,0.07835180502559552,0.9375482096323048,0.9999225138543825
DDX54,4.3992587446391616,0.4594667816331756,0.4948448289817864,0.9285067858112085,0.3531447494800468,0.9999225138543825
OAS2,4.020171075882851,-0.9423118308243803,0.608808266490736,-1.5477973652624821,0.12167109105619135,0.9999225138543825
OAS3,2.6638948481289098,-0.6169097689072938,0.5362927316021396,-1.1503228228812947,0.25001093407509667,0.9999225138543825
OAS1,3.8019283544148976,-1.1608879850773146,0.587731034518903,-1.9752028000828281,0.04824513829343263,0.9999225138543825
PTPN11,3.837788363946404,0.27822585538197214,0.46989591802401887,0.5921010264399669,0.5537829396354121,0.9999225138543825
RPL6,416.99596525603175,-0.11854425947298211,0.2855517181968367,-0.4151411177686107,0.6780386006169283,0.9999225138543825
HECTD4,3.0406539128351526,-0.6276639418938982,0.5623249434583125,-1.1161943804835495,0.2643389394047032,0.9999225138543825
MLEC,6.116074163566939,0.26949114354254333,0.4852633020304248,0.5553503477698524,0.5786550474269576,0.9999225138543825
POP5,8.122683228913917,0.020801019313576245,0.3660611771342414,0.05682388795342841,0.9546854848444252,0.9999225138543825
RNF10,11.571640003086031,0.3799456945405685,0.3730943759926331,1.0183634999313702,0.30850524144288727,0.9999225138543825
COQ5,2.4616014131651887,-0.3732002353747267,0.6489795729932872,-0.5750569831549797,0.5652527593530272,0.9999225138543825
DYNLL1,111.26391278402426,-0.2233937451852178,0.4766116859658025,-0.4687122698901818,0.6392753153946539,0.9999225138543825
SRSF9,11.542121679539765,0.5320907042714971,0.6144018198360003,0.8660304821582816,0.38647344591138244,0.9999225138543825
TRIAP1,5.796650031089961,-0.08993319372190242,0.46721749088988507,-0.19248678715047954,0.8473609167209933,0.9999225138543825
COX6A1,43.322191210622606,4.5742942145279215e-05,0.24202837606738462,0.0001889982608177466,0.9998492012065727,0.9999225138543825
PXN,9.129835145103483,-1.3200135356733973,0.5269551637733217,-2.504982636893226,0.012245740474272694,0.9999225138543825
RPLP0,312.13062353544245,0.009917052842776818,0.441310537793474,0.022471824245034987,0.9820715873181021,0.9999225138543825
RAB35,3.9997704096466338,0.4820664757437038,0.4795395508883578,1.005269481632255,0.3147671061618281,0.9999225138543825
PRKAB1,1.7901441460681131,-0.44374830664169407,0.5923631207187766,-0.7491153502318771,0.45378768379615464,0.9999225138543825
SUDS3,4.9333404241068814,0.07455231188199109,0.5334613045159132,0.1397520518374678,0.8888558984929041,0.9999225138543825
TAOK3,16.490012328997643,-0.16668916425289446,0.39837943925209446,-0.41841809046629425,0.6756414622073558,0.9999225138543825
PEBP1,19.028067068117668,-0.09591755642887183,0.33766151135721206,-0.2840642276442359,0.7763611603869642,0.9999225138543825
WSB2,1.7049564415277279,-0.9174916374463176,0.6594383540433258,-1.3913228307403505,0.16412755364913845,0.9999225138543825
MLXIP,2.5253755987622264,-0.40670474549326,0.6336439654466869,-0.6418505780395996,0.5209702060771888,0.9999225138543825
PSMD9,7.5830990275089425,-0.15183329058271985,0.49818661780678775,-0.3047719171003616,0.7605398714982606,0.9999225138543825
SETD1B,1.0055301823251521,-0.04572587792285682,0.7599409279658668,-0.06017030566474586,0.9520199954965973,0.9999225138543825
LINC01089,2.1472370389652613,-0.39088790600200846,0.5606840055808135,-0.6971625766229714,0.4857010562140035,0.9999225138543825
RHOF,20.514739580384024,0.4032588328095125,0.2945909936760134,1.3688769903570452,0.17103772938569828,0.9999225138543825
TMEM120B,3.166458611079524,-0.4555955321776377,0.741544701093038,-0.6143871455167695,0.5389595280961701,0.9999225138543825
ORAI1,8.30595805659162,0.4298914398352838,0.43027579961392576,0.9991067129989953,0.3177429995519241,0.9999225138543825
KDM2B,6.168383871653143,-0.7197546155458476,0.4258984684136292,-1.6899676071312557,0.09103415200881637,0.9999225138543825
RNF34,6.257439061685484,-0.26725635034176404,0.5221415460367549,-0.5118465526643826,0.6087584066842298,0.9999225138543825
ANAPC5,10.742157137122808,0.24320449275063427,0.3403299428407118,0.7146138559558477,0.47484768053611426,0.9999225138543825
P2RX4,1.358357366277638,0.47861905050736897,0.6526391666251882,0.73335937372916,0.4633392708770103,0.9999225138543825
P2RX7,0.6441324326306168,-0.08482600565468222,0.7586173548102744,-0.11181658990110593,0.9109688331778558,0.9999225138543825
OASL,17.749004107556924,-0.4868603569529065,0.5967042256263466,-0.8159157184480477,0.4145483414497645,0.9999225138543825
C12orf43,2.209116769643963,0.16836788859228147,0.5715774155058324,0.29456707704813684,0.7683246154658881,0.9999225138543825
SPPL3,2.2177187607365303,-0.25663860480655565,0.6261554989728657,-0.40986401177908854,0.6819057062968207,0.9999225138543825
ACADS,1.233661112933869,0.43253719069947333,0.6747930339570929,0.6409923768225747,0.521527635814748,0.9999225138543825
DDX55,2.9044554745822597,-1.2616165129387498,0.5297378803144343,-2.3815863652980553,0.017238248034244553,0.9999225138543825
TMED2,21.7041841261423,0.1124256589222241,0.37196432101845156,0.30224850226064326,0.7624626326678747,0.9999225138543825
SNRNP35,2.942468685039273,0.10654716279351577,0.4579508682249168,0.23266068520954622,0.8160249001169164,0.9999225138543825
RILPL2,15.32791645300104,0.257795157280476,0.5469071569850137,0.47136914188808116,0.6373771482197573,0.9999225138543825
SBNO1,6.332219391316985,0.5591524885577066,0.4509889086190846,1.2398364524524912,0.2150358923606729,0.9999225138543825
C12orf65,8.020531678955765,-0.6827075577995481,0.4022387071182996,-1.6972696702676147,0.0896456885906037,0.9999225138543825
MPHOSPH9,3.623373514661298,-0.6999895352809684,0.5270860053681957,-1.328036654648023,0.1841659981136753,0.9999225138543825
ARL6IP4,28.243160227201503,0.1868094698285517,0.3858520706656023,0.4841479002725106,0.6282809087288457,0.9999225138543825
OGFOD2,1.0831025161018866,0.45839290520715287,0.7232379102204581,0.633806523039459,0.5262070956412648,0.9999225138543825
VPS37B,40.36693580477096,0.2917156526061786,0.284656172563222,1.0248000244624544,0.3054575548776911,0.9999225138543825
DENR,7.5833682573215375,-0.006146882671204146,0.3458101677629402,-0.01777530924254939,0.9858181020183795,0.9999225138543825
RSRC2,31.645660399891955,-0.0012301780654502045,0.3742059891917559,-0.003287435532785712,0.997377010668299,0.9999225138543825
ZCCHC8,3.3868131018992065,0.289272684273507,0.4793689715396624,0.603444739746934,0.5462128668035234,0.9999225138543825
CLIP1,4.72863037379449,-0.356124163147635,0.5939944237161168,-0.5995412564981161,0.5488120068111623,0.9999225138543825
VPS33A,1.0041316834012277,0.4734790975114668,0.7803289694811145,0.6067685758562958,0.5440045051829212,0.9999225138543825
DIABLO,3.263963705133194,0.6250802142120058,0.8317205161314525,0.7515507939126183,0.4523212438919718,0.9999225138543825
PXMP2,0.7720374935533444,-0.5697854873909463,0.824446413425631,-0.6911128220249619,0.4894946431523538,0.9999225138543825
NOC4L,3.1122214772981533,6.672180849289446e-05,0.6870428301393796,9.711448190116282e-05,0.9999225138543825,0.9999225138543825
DDX51,1.0217724450859975,-0.23155132658691469,0.7066584056306788,-0.3276708021045326,0.7431605821591009,0.9999225138543825
EP400,3.2806143167228865,0.219855454116717,0.4851891459150812,0.45313349642655965,0.6504526165977541,0.9999225138543825
SFSWAP,4.406658194986733,0.600850761806998,0.5367395258536234,1.1194457141038998,0.2629500378517021,0.9999225138543825
RAN,62.0711104031487,0.09444858956734213,0.3166683402726293,0.29825712758663686,0.765506923165663,0.9999225138543825
SLC15A4,3.420426235425182,-0.26775148279241157,0.7479510745901956,-0.3579799426574971,0.7203583236818087,0.9999225138543825
AACS,0.9938629942916845,-0.09512573328982185,0.7175659868753368,-0.13256722730692655,0.894535652426254,0.9999225138543825
BRI3BP,1.4984903287756453,-0.1209832246021867,0.6739971750513184,-0.17950108558388986,0.8575442650011839,0.9999225138543825
UBC,249.07427486682263,0.0008872795449383977,0.47366727171431594,0.0018732126915315878,0.9985053933884043,0.9999225138543825
NCOR2,4.199805198992496,-0.5726624976588234,0.5333123516236451,-1.0737844265473668,0.2829193114395053,0.9999225138543825
ZNF664,2.0658726882450233,0.34989889430229437,0.6281464871630128,0.5570339108041381,0.5775042603479806,0.9999225138543825
CCDC92,1.4355256494659723,0.028426943669401822,0.6365549771140021,0.04465748394315166,0.9643803227636333,0.9999225138543825
ATP6V0A2,2.2900977145319,0.7043549858341476,0.5783349867628327,1.2179013927147968,0.22326144691308747,0.9999225138543825
GTF2H3,2.0852163495991842,0.05521129175691973,0.5588042533008455,0.09880256177505403,0.921295034446058,0.9999225138543825
EIF2B1,3.863017647833918,0.20115140352146932,0.45662494657429675,0.440517770723112,0.6595621443715658,0.9999225138543825
LATS2,1.8867231853363793,0.736726984965369,0.5927681393519937,1.2428586087146136,0.21391994066668196,0.9999225138543825
XPO4,3.6247867021578135,0.6263976558031239,0.5504892330158934,1.1378926566308318,0.2551653079833228,0.9999225138543825
IFT88,2.3510222140758197,-0.9681156589515865,0.7586503278625432,-1.2761026040537025,0.2019192512104343,0.9999225138543825
CRYL1,2.018612038879731,0.7700138229097453,0.6628640256284478,1.1616467226136022,0.24537899512793038,0.9999225138543825
ZMYM2,10.770174591629633,-0.049138324681299715,0.39716402962863845,-0.12372299859895591,0.9015346013190699,0.9999225138543825
ZMYM5,6.253132473810074,0.29673750880971284,0.4338453294810492,0.683970734834601,0.49399364578641136,0.9999225138543825
PSPC1,6.653008530585215,0.2975551542706033,0.40341396342323643,0.7375926002799938,0.46076205339624543,0.9999225138543825
MPHOSPH8,19.95618543916585,-0.31290376456673913,0.4058025915027283,-0.7710738450634942,0.44066316246055826,0.9999225138543825
ZNF10,9.584800740877272,0.5469417636666166,0.7894234042695236,0.6928370259971172,0.4884118332610736,0.9999225138543825
ZNF140,1.9109353144004753,0.6533139182738876,0.5895125377285654,1.108227351348885,0.2677636413215979,0.9999225138543825
ZNF84,3.8894847459394324,-0.46304894400227053,0.5514089695952722,-0.8397559153637693,0.40104525578446504,0.9999225138543825
ZNF26,2.615879375916155,0.2795599279138818,0.5817131956479231,0.4805803444126838,0.630814787894125,0.9999225138543825
ZNF605,1.4895855648958862,-1.680272972852314,0.7337845812618348,-2.2898722809940675,0.022028721515707103,0.9999225138543825
CHFR,3.7742046919180128,0.49736249593284626,0.43767166724784956,1.1363826657099882,0.25579644726009887,0.9999225138543825
GOLGA3,2.576785307605924,-0.5723422272557253,0.5732348824679775,-0.9984427758331645,0.3180646999486607,0.9999225138543825
ANKLE2,4.169145616666169,0.3582334050372613,0.5157306070789645,0.6946134282513342,0.48729759461038125,0.9999225138543825
GTF3A,26.507977256412214,0.3687456096424173,0.32981318129905757,1.1180438822669667,0.26354825201443455,0.9999225138543825
RASL11A,4.276824550650265,0.5950802554199865,0.885990414035824,0.6716554107050702,0.5018030939333993,0.9999225138543825
RPL21,506.17697928275885,-0.31483698735788984,0.49885098478394396,-0.6311243176040798,0.5279592421159776,0.9999225138543825
USP12,2.5845703773486526,0.8877064727094264,0.7087782499655652,1.252445983990838,0.21040739930375207,0.9999225138543825
CDK8,1.6845243090871802,0.858807205025359,0.6912709019786067,1.2423598368848123,0.21410382713533282,0.9999225138543825
RNF6,4.396680556023495,0.26152395611167895,0.4265765870995695,0.6130762072289617,0.5398259515168273,0.9999225138543825
NUP58,6.95094990112845,0.16868469042360815,0.4897216799547085,0.3444501179510958,0.7305078034347188,0.9999225138543825
MTMR6,2.714698754622628,-0.26327797195875263,0.6480801866793229,-0.4062428961264102,0.6845641384981578,0.9999225138543825
PARP4,2.3569497246013458,-0.11699321046406459,0.5515598157689305,-0.21211336852189663,0.832018590427435,0.9999225138543825
SPATA13,5.443710159629804,-0.2944510441612254,0.4920818429413607,-0.5983781933533238,0.5495876128279767,0.9999225138543825
SACS,2.1060821747381806,0.06300161728662884,0.5637513534632033,0.11175426347023577,0.9110182527352116,0.9999225138543825
MICU2,8.297089039479621,-0.3918055046271711,0.3833526087416113,-1.022049923993754,0.3067572721635998,0.9999225138543825
ZDHHC20,5.506329526668148,-0.1943149367658248,0.3844632580138762,-0.5054187434441694,0.6132647568671852,0.9999225138543825
LINC00539,2.0319189685962664,0.16928502420295305,0.611891719530759,0.2766584655415382,0.7820423670972589,0.9999225138543825
MRPL57,14.794592066576053,-0.013279366274575391,0.37963679308126574,-0.03497913404755999,0.9720963793076979,0.9999225138543825
SAP18,70.12198206766683,-0.3600656199629511,0.4007041677251431,-0.8985821685037542,0.3688752601484613,0.9999225138543825
BRCA2,1.3515305678956857,-1.0225686909664595,0.790601895820714,-1.2934053110319745,0.1958709142050563,0.9999225138543825
B3GLCT,1.9909242628665826,-0.7067289322236434,0.8497619555583338,-0.8316787161403209,0.4055903174409048,0.9999225138543825
HSPH1,140.56766009219783,0.5374718483890107,0.8681701754515356,0.6190858239393808,0.5358598216443307,0.9999225138543825
ALOX5AP,53.745882207111286,-0.6050517811977789,0.38904753636916894,-1.5552129871955869,0.11989535225431641,0.9999225138543825
USPL1,3.5048124174543416,-0.12202961036068634,0.5153666231086019,-0.23678213700496342,0.8128258101405131,0.9999225138543825
HMGB1,114.25925365128411,-0.4619415659704116,0.3659982591535916,-1.2621414294119833,0.20689789985295803,0.9999225138543825
LINC00426,2.8528710731020674,-0.49513926980769013,0.7285278555353873,-0.6796435661939344,0.4967301770853725,0.9999225138543825
KATNAL1,2.190125619718657,-0.14212191661763438,0.5532904883087144,-0.2568667266485447,0.7972816572186594,0.9999225138543825
UBL3,6.9239076801843975,0.2532100225408196,0.46242949013974527,0.5475646080969016,0.5839908965241547,0.9999225138543825
SLC7A1,1.6261507621897848,-0.03841474711742049,0.6326806120556688,-0.06071744002492117,0.9515842421748892,0.9999225138543825
SLC46A3,2.617229467633591,-0.2112192426005858,0.6137634048068875,-0.34413788920348404,0.7307425896899217,0.9999225138543825
POMP,35.80177688149047,-0.5055708454440709,0.4093359226705232,-1.235100115684222,0.2167932463632446,0.9999225138543825
PAN3,2.8309662731137664,-0.6186814250211202,0.5464399402973003,-1.1322038881061944,0.25754872586575095,0.9999225138543825
POLR1D,24.20883181087901,-0.07916854137624925,0.30148947302573864,-0.2625913952540907,0.7928655329739764,0.9999225138543825
LNX2,1.2310532176268696,-0.6437613050127137,0.7412048365993528,-0.8685335999239968,0.3851022866277273,0.9999225138543825
MTIF3,8.328345043090206,-0.09958702662661824,0.5640465155649973,-0.17655818071469395,0.8598554448867077,0.9999225138543825
MTRF1,1.8909045707004053,0.19174311032455582,0.6305565433382452,0.3040855135836729,0.7610627430734198,0.9999225138543825
WBP4,3.3812842657522566,-0.9708988643200144,0.4999140736590557,-1.9421314891450188,0.052121184320895395,0.9999225138543825
ELF1,80.05201848280753,-0.2012144845406894,0.43890635132604167,-0.45844514195971886,0.6466326661728581,0.9999225138543825
MRPS31,4.2344554855901775,0.0398040347738608,0.5007848492610483,0.07948330472176847,0.9366482104986978,0.9999225138543825
FOXO1,2.917870767961112,-0.4702683932565136,0.6190924931556425,-0.7596092642949978,0.4474881797919642,0.9999225138543825
COG6,1.1088844822748094,0.06729412424654464,0.6780204475201944,0.0992508773041691,0.9209390799922094,0.9999225138543825
NHLRC3,6.392402843160698,-0.2724469807440157,0.4813561315965392,-0.565998774837201,0.5713946133722532,0.9999225138543825
PROSER1,1.653096776424712,-0.09011860899069886,0.6064831720797258,-0.1485921013796113,0.8818755060015382,0.9999225138543825
UFM1,17.235433917817197,-0.06889399142397103,0.31782864998971766,-0.2167645724392684,0.828391822605597,0.9999225138543825
SUPT20H,6.616316333619323,-0.02598743699092079,0.431915241797568,-0.06016790906189112,0.9520219042507326,0.9999225138543825
EXOSC8,6.375122451149602,0.0985426678399734,0.4474061872642042,0.22025325229081277,0.8256739254121432,0.9999225138543825
ALG5,5.130706423762257,0.2915435362562856,0.4149367247501897,0.7026216742608352,0.48229155152395253,0.9999225138543825
SPG20,3.2379496905099594,0.3867009507802634,0.6202330537246745,0.6234768502871865,0.5329712102619597,0.9999225138543825
PDS5B,4.524314412230925,0.10711579533154188,0.4528056639993263,0.23656019314215387,0.8129980049595931,0.9999225138543825
N4BP2L2,46.724680417989475,-0.20365483034705437,0.3492246257769508,-0.5831628565539029,0.5597836729220602,0.9999225138543825
N4BP2L1,11.734116598957419,0.02199255513891614,0.35557917123699756,0.061849953309716925,0.9506823226151746,0.9999225138543825
ZC3H13,9.80469387460829,-0.2476384888119403,0.4618253614873596,-0.5362167378906892,0.5918087668913057,0.9999225138543825
COG3,3.992239364692854,0.19375916579512345,0.4900355462934702,0.3953981854187489,0.6925490480161065,0.9999225138543825
SLC25A30,1.2163877124801723,-0.4286263237398273,0.6641987348758196,-0.6453284254146682,0.5187143756607921,0.9999225138543825
TPT1-AS1,2.193542253951472,0.04833953462603746,0.4900131680738146,0.0986494604135938,0.9214165977842571,0.9999225138543825
TPT1,820.5668548421132,0.21663594780435286,0.43222416686803283,0.5012120200823855,0.6162219157065894,0.9999225138543825
GTF2F2,4.466697671104841,0.28158147275121115,0.4077669335772252,0.6905451363625189,0.48985143557211974,0.9999225138543825
GPALPP1,2.048984296298438,0.18908662871871812,0.572004341229234,0.3305685203583806,0.7409704276839038,0.9999225138543825
NUFIP1,1.386569400828891,0.16916540901796237,0.6223588179529578,0.27181330791516006,0.7857655721126231,0.9999225138543825
TSC22D1,7.795216744765756,-0.5453499076050731,0.40035805225579285,-1.3621554619229777,0.17314882817945876,0.9999225138543825
DNAJC15,11.705711178947114,0.2606934356461461,0.34851171824590793,0.7480191396669258,0.45444861300403383,0.9999225138543825
EPSTI1,8.078201397975295,-0.3901394549767449,0.5021237138424327,-0.7769787489048393,0.4371713082904478,0.9999225138543825
TNFSF11,2.583449453011383,-0.15166345132758077,0.6533766512262393,-0.232122545308197,0.8164428344283767,0.9999225138543825
AKAP11,2.271226982730949,0.6055851963178133,0.537004328090297,1.1277100847052848,0.2594423772422265,0.9999225138543825
VWA8,1.8461680464089487,0.8112923276904815,0.7027387239699,1.154472209966376,0.24830662550502247,0.9999225138543825
RGCC,233.92577486603884,1.5209535681408508,0.6220749558310749,2.444968333613269,0.014486486067875934,0.9999225138543825
NAA16,4.293609565123579,0.495569220978703,0.4965617177434324,0.998001262019876,0.3182787466784154,0.9999225138543825
SPRYD7,1.9091096191875059,0.15375082548700153,0.6732848514502596,0.2283592526340394,0.8193669642459629,0.9999225138543825
KPNA3,4.5062330887600845,0.10184176912477684,0.45911809251236463,0.22182042220876783,0.8244536808480788,0.9999225138543825
PHF11,7.752047610487716,0.01511731959536056,0.3604004688886368,0.041945893250299265,0.9665418310476983,0.9999225138543825
SETDB2,3.0833909960195727,0.1481092031586637,0.5288044839588383,0.2800831075596409,0.7794137444647306,0.9999225138543825
CDADC1,2.923165396725857,0.7436755144515933,0.5145339425962839,1.445338106751685,0.14836293914117982,0.9999225138543825
FNDC3A,3.778973150420919,0.7372250606423002,0.4696659659540528,1.5696795469195708,0.1164896818576823,0.9999225138543825
RCBTB2,3.0469258968711044,-0.46574445033241474,0.593335446648309,-0.7849597608963991,0.4324771616218662,0.9999225138543825
LPAR6,2.7499008836932304,-0.8623058606366464,0.5822807504468295,-1.4809108148860008,0.1386303407340601,0.9999225138543825
RB1,4.090261735247563,0.4834634757635012,0.5032356512916445,0.9607099070238874,0.33669804851334695,0.9999225138543825
ITM2B,98.10980921406012,-0.16696422329710411,0.3153328281495024,-0.5294857001629552,0.5964685616820381,0.9999225138543825
MED4,9.652493953736201,-0.042677249824939596,0.4812143664166901,-0.08868656632745828,0.9293310089810886,0.9999225138543825
NUDT15,3.3738955538769337,0.012120352750357005,0.5387327571579259,0.022497894529929254,0.9820507914978143,0.9999225138543825
SUCLA2,2.939681345360304,-0.01834514162374142,0.4711887895440509,-0.038933739577066806,0.9689432166607245,0.9999225138543825
ESD,9.737166595796701,-0.8491664839381391,0.39794009449624423,-2.133905318118563,0.032850532069997086,0.9999225138543825
LRCH1,5.014357688961383,-0.11537460508387082,0.6146012343758545,-0.1877227031622172,0.8510940321096683,0.9999225138543825
LCP1,54.86493789567236,-0.04446661778418975,0.24610707483883287,-0.18067996547157134,0.8566187851958067,0.9999225138543825
PIBF1,3.299744125855518,-0.2977572084096486,0.5597130513640725,-0.5319818926572942,0.5947385367011957,0.9999225138543825
DIS3,4.420475241993457,0.3536704309283747,0.5418888207820654,0.6526623494796406,0.5139739802155614,0.9999225138543825
MZT1,9.045673462029178,0.14297738706345492,0.4611209744149054,0.31006480944587733,0.7565116723323597,0.9999225138543825
TDRD3,2.1544002302920684,-0.579798104785569,0.5097132925357853,-1.137498498226556,0.25532995203903797,0.9999225138543825
SUGT1,11.261926687573483,0.1574521234793386,0.35601077920441654,0.4422678544486759,0.6582953895557566,0.9999225138543825
HNRNPA1L2,2.534037261459676,0.49525993424688675,0.7409906204131015,0.6683754430937059,0.5038939667867016,0.9999225138543825
CKAP2,3.3411308143625886,0.2815091090387421,0.5011452581814102,0.5617315627415121,0.5742989263753744,0.9999225138543825
VPS36,8.348212665774657,-0.6972548282688674,0.3450680146544001,-2.020630132778887,0.04331806724110372,0.9999225138543825
RP11-327P2.5,0.9502306046655977,-0.7956555475689249,0.7408891528254028,-1.0739198226005453,0.2828586181181175,0.9999225138543825
DHRS12,1.5175800030433522,-0.17323209131382772,0.6213416305134803,-0.278803290825158,0.7803957888479829,0.9999225138543825
WDFY2,7.2315838663959715,-0.5166005860709535,0.4527261525118257,-1.1410884553603502,0.253833114977445,0.9999225138543825
INTS6,20.52989493931383,-0.5041602046260321,0.56940852254921,-0.8854103594532358,0.3759353471207578,0.9999225138543825
RNASEH2B,8.10018301236715,0.24570315415134714,0.3640256137819974,0.6749611698985842,0.4997004353648541,0.9999225138543825
DLEU1,1.8101774918908844,-0.47245804540114994,0.6326737493865122,-0.7467641037095036,0.4552059671731177,0.9999225138543825
TRIM13,3.830760825178569,-0.28446248814829145,0.5088593681377278,-0.5590198509842484,0.5761481724910389,0.9999225138543825
DLEU2,2.807162102980635,-0.10586202927896547,0.592458001190574,-0.17868275737053163,0.8581868089113664,0.9999225138543825
DNAJC3,11.066749570629137,0.3051440825228369,0.3604366556026536,0.84659558837775,0.3972205737515564,0.9999225138543825
DNAJC3-AS1,1.4410204735149674,-0.4424913954715585,0.6529025486980317,-0.6777296188442533,0.49794314309065246,0.9999225138543825
ABCC4,1.5090278207469638,-0.9504733890412471,0.8301089081735596,-1.144998420909033,0.2522098115028686,0.9999225138543825
GPR180,1.6078917479944714,0.10302570454813229,0.6140700419485879,0.16777516815705193,0.8667601585033401,0.9999225138543825
TGDS,1.6638869321116243,-0.5446451891805045,0.6538190276358712,-0.833021319599514,0.40483270555082773,0.9999225138543825
SPRY2,7.311097815929325,0.7082816995787404,0.6438399316604888,1.1000897346519867,0.27129302604380723,0.9999225138543825
NDFIP2,4.43875653147413,0.5640655626378847,0.6535289193032546,0.8631072718851535,0.388078490130199,0.9999225138543825
RBM26,5.9704103791965535,-0.12351945132757654,0.5306273331706524,-0.23278003903325517,0.8159322137260572,0.9999225138543825
RNF219,2.645250960616802,0.059071354759186,0.5368183842407162,0.1100397387521245,0.91237785929533,0.9999225138543825
MYCBP2,14.29356581551085,-0.1435685583856484,0.325030408330953,-0.44170808240028975,0.6587004602473989,0.9999225138543825
FBXL3,5.20730114537193,-0.29531383291981605,0.5711521476114466,-0.5170493259192248,0.6051217263169422,0.9999225138543825
CLN5,2.449300129093652,-0.49857786371594204,0.8306142910602311,-0.6002519690331071,0.5483383236328248,0.9999225138543825
LMO7,1.091524593782799,-0.6786715631990633,0.7041876643404724,-0.9637651972144288,0.335163658921352,0.9999225138543825
UCHL3,3.067239241692295,0.18012601534276193,0.4711309636246669,0.3823268459303852,0.7022189443089593,0.9999225138543825
COMMD6,84.27454622806493,-0.15455141217278953,0.29172888096956157,-0.5297775511945803,0.5962661715216062,0.9999225138543825
KLF12,6.85810229709479,0.09953770277667799,0.36576166959486,0.27213814636982614,0.7855157994283326,0.9999225138543825
ING1,5.0182952277634,-0.9437957083807105,0.7160100274321988,-1.318131970533166,0.18745947382500894,0.9999225138543825
CARS2,1.8376678515093192,-0.1408169549492341,0.7828918626025997,-0.17986769524096274,0.8572564370012785,0.9999225138543825
CARKD,1.1051344508410177,-0.09790386005743061,0.7308190461535546,-0.1339645710832497,0.8934305900313684,0.9999225138543825
IRS2,10.447555959412613,-0.7279928366541589,0.4745057689217685,-1.534212825922845,0.12497730330342023,0.9999225138543825
ABHD13,3.911661038070639,0.3380487943090031,0.4726588306498138,0.7152067673087835,0.4744812880365271,0.9999225138543825
ARGLU1,32.928219344640794,0.21301501474020176,0.38682587130392426,0.5506741677389994,0.581857055962225,0.9999225138543825
ERCC5,4.829619829269519,-0.2183591006172005,0.4464779526307863,-0.4890702874141065,0.6247919362438942,0.9999225138543825
TEX30,5.452171801997593,-0.5460463519815205,0.5516151623639867,-0.9899045371439745,0.3222207816283216,0.9999225138543825
TPP2,5.430982464305874,-0.10732879065603401,0.44415200561588125,-0.24164878082044697,0.8090523203631503,0.9999225138543825
GGACT,1.5213961606255524,0.7028461106930911,0.6611864958838408,1.063007358844439,0.28777861416725126,0.9999225138543825
TM9SF2,7.812360965216369,-0.3784589699076526,0.3605609700876602,-1.049639315690883,0.2938839739157434,0.9999225138543825
GPR183,21.603508008545017,0.38379635371689574,0.6785634020366281,0.5656013167892289,0.5716648324923532,0.9999225138543825
GPR18,4.495042391029639,0.839116421130405,0.6704779381536027,1.2515198090502542,0.21074489110538752,0.9999225138543825
UBAC2,14.850828284324537,0.2407224373046354,0.3499766993316615,0.6878241830508569,0.4915635053567493,0.9999225138543825
IPO5,1.6161948471497865,1.0569507590829839,0.6317819137517777,1.6729677378802772,0.0943336473726319,0.9999225138543825
MBNL2,5.248528017720384,0.3778962573490848,0.5383526312028325,0.7019493087732428,0.4827107767278628,0.9999225138543825
APEX1,11.343738214701268,-0.33338938605695206,0.3418846798816368,-0.9751515808557848,0.3294850757357798,0.9999225138543825
OSGEP,4.3654714648914865,-0.10657069834486081,0.3980664398196524,-0.2677208819541372,0.7889141749044049,0.9999225138543825
PARP2,1.5285071482581318,-0.36738044012213655,0.7321958856208091,-0.5017515767800916,0.6158422790936573,0.9999225138543825
CCNB1IP1,4.573723121559038,-0.1587348802549163,0.44800375605970755,-0.35431595853352843,0.7231021093331391,0.9999225138543825
TTC5,2.186219829922666,-0.1908751613684138,0.5795115501588366,-0.32937248846221856,0.7418741597510288,0.9999225138543825
UPF3A,6.8192780507327795,-0.06720738997198795,0.39233646931052585,-0.1713003894083442,0.8639875742857155,0.9999225138543825
CDC16,2.2269743934561066,0.44527215274674875,0.5022317418677177,0.8865870386663625,0.37530127461423446,0.9999225138543825
RASA3,6.251183516240264,-0.2623407747461755,0.54038740762949,-0.4854679643572417,0.6273444318903091,0.9999225138543825
TFDP1,2.901053534304526,-0.037479409625115395,0.5482147363851542,-0.06836629360284804,0.9454940528380374,0.9999225138543825
TMCO3,1.9803960632354611,0.24201818622127858,0.6188632393928702,0.39106893222274464,0.6957462841433998,0.9999225138543825
LAMP1,17.63594951929685,0.13975471196602077,0.3685768222669438,0.3791739022178737,0.704558730135066,0.9999225138543825
CUL4A,5.238052219713205,0.7202808609303866,0.4315295116563829,1.6691346512215592,0.09509069742524984,0.9999225138543825
PCID2,7.433596463822175,-0.27798160668441485,0.4880978261067293,-0.5695202719948815,0.5690031174308001,0.9999225138543825
TUBGCP3,1.8972615822307333,0.24657884442672248,0.6297323727606232,0.3915613284191969,0.6953823661523413,0.9999225138543825
ARHGEF7,4.653417723492135,0.12409001247599556,0.5623500215699221,0.2206633017094431,0.8253546080734591,0.9999225138543825
ANKRD10,13.110098845870466,0.028787089150632147,0.4724064030643685,0.06093712736300426,0.9514092810140723,0.9999225138543825
PSMB5,5.590184276704601,0.15276108845279038,0.5983672002970416,0.25529656100293713,0.7984940558869156,0.9999225138543825
RBM23,6.6965961025239285,-0.0435504129163212,0.618204820666562,-0.07044657605446071,0.9438382209733062,0.9999225138543825
LRP10,10.535343013155465,0.2228239753875589,0.38866286763092095,0.573309142562997,0.5664353961813573,0.9999225138543825
MRPL52,9.358909377234935,0.48596488860458636,0.39915667488375245,1.2174790481610143,0.22342200332766815,0.9999225138543825
OXA1L,8.666062974620809,-0.34627395476638967,0.38513171938198254,-0.8991052602004643,0.368596596523049,0.9999225138543825
ABHD4,1.248261437443576,-0.16942059667032516,0.7452065346875925,-0.22734716992430848,0.8201537969404815,0.9999225138543825
DAD1,29.281367759426402,-0.3053911312921682,0.3176670619333369,-0.961355985205212,0.3363732071324377,0.9999225138543825
METTL3,1.5310237198719852,-0.43171150169346084,0.5948861677402456,-0.7257043869978932,0.4680200118208895,0.9999225138543825
TOX4,11.547445400922461,-0.4851974293258632,0.4378945213456893,-1.1080235209036362,0.2678516579850675,0.9999225138543825
RAB2B,1.9209462503454335,1.062780849888564,0.5615315699177947,1.8926466592860478,0.05840487434404477,0.9999225138543825
CHD8,2.0911598557977387,0.6670107670290977,0.543507466369121,1.2272338620939935,0.21973470564380015,0.9999225138543825
SUPT16H,7.551199317697492,-0.4864733376411775,0.40046355200139633,-1.2147755649919452,0.22445170279927584,0.9999225138543825
HNRNPC,54.84315486513745,-0.17284908528679174,0.3242068696013309,-0.533144425654336,0.5939336082689848,0.9999225138543825
METTL17,3.1167001197022235,0.4872055795600863,0.49926464447652186,0.9758463471230183,0.32914061331026845,0.9999225138543825
PNP,13.540490262673861,0.4605548778394682,0.5231913306606775,0.8802800253931712,0.37870763066431046,0.9999225138543825
TMEM55B,4.184759967769317,-0.06865086210990715,0.520217053350758,-0.13196580478806236,0.8950113389771682,0.9999225138543825
IRF9,6.169037613523799,-0.47517578957173073,0.6963298849475031,-0.6824003964838513,0.4949858051261835,0.9999225138543825
PSME2,50.02214892639957,-0.6493587442611575,0.3697525335952977,-1.7561982278988113,0.07905456719319189,0.9999225138543825
EMC9,2.1837465121674193,0.22799524396747378,0.5707143393011204,0.39949100323406966,0.6895314515507912,0.9999225138543825
PSME1,83.2886675732892,-0.39853612548194517,0.39955207357572875,-0.997457282389523,0.3185425987467676,0.9999225138543825
DCAF11,7.995904605832236,-0.6299899714703461,0.44699319993967523,-1.4093949786157094,0.1587184080226739,0.9999225138543825
PCK2,1.1140934097373907,0.027729413216759386,0.7018958064328641,0.03950645232899206,0.9684866093198483,0.9999225138543825
DHRS4L2,2.208767828628503,-0.008153819110262188,0.6503900152661469,-0.012536814709441,0.9899973311251609,0.9999225138543825
DHRS4,4.160904369292639,-0.6606165120679328,0.6655802184739169,-0.9925422867624203,0.3209330620922478,0.9999225138543825
DHRS4-AS1,1.646596476980337,-0.5538445777338672,0.6761720037475073,-0.8190883010008219,0.4127360361486031,0.9999225138543825
AP1G2,6.25130646996429,-0.43912084816369895,0.4340535893073677,-1.011674270138895,0.3116938217553469,0.9999225138543825
THTPA,1.3832692186971003,0.28276962798785577,0.7190612402622846,0.3932483245581597,0.6941360809506723,0.9999225138543825
NGDN,10.10976895365365,-0.09679325624171933,0.36048940307061716,-0.268505136121181,0.7883105219275257,0.9999225138543825
PABPN1,8.1107123744623,-0.4976409068735766,0.46610415249235165,-1.0676603162889489,0.285673765224599,0.9999225138543825
PPP1R3E,1.0297948100605239,0.3244366282248127,0.6958243247121194,0.46626226865385956,0.641027782917091,0.9999225138543825
C14orf119,9.85343291670653,-0.5807701997989579,0.4077544536773407,-1.4243135655816184,0.15435572230176325,0.9999225138543825
ACIN1,7.783748721089668,0.28728543339851936,0.38023914093501565,0.7555388240465691,0.4499257465215595,0.9999225138543825
GZMH,84.84726536905258,-0.8330474955544114,0.6514645043149003,-1.278730445076926,0.2009919947117944,0.9999225138543825
SDR39U1,4.266633239015833,0.06146786212964544,0.5314300665787571,0.115665006546136,0.9079180407895259,0.9999225138543825
KHNYN,1.2067317038980567,0.24417134290501563,0.6743908855832371,0.3620620446165247,0.7173056661690767,0.9999225138543825
RIPK3,1.1211966301396452,-0.14128631544522144,0.6481160523415637,-0.2179953959399267,0.8274326986749936,0.9999225138543825
LTB4R,1.6824323151109775,-0.925625216398674,0.6980487808418459,-1.3260179543360442,0.18483375036036054,0.9999225138543825
CIDEB,2.4985928352243545,-0.19244735411499955,0.5187418298847148,-0.37098869423691755,0.7106459524934969,0.9999225138543825
NOP9,1.051144269150113,-0.900718748158515,0.777890380178426,-1.15789932760438,0.24690512196806802,0.9999225138543825
DHRS1,3.102968696098385,-0.2641118570330732,0.5320602845468628,-0.4963946092274263,0.619616027702004,0.9999225138543825
RABGGTA,3.3140672417972863,-0.6927392007495937,0.5394497817772544,-1.2841588302572238,0.19908638701773484,0.9999225138543825
TINF2,8.325560968631654,0.10712804856292456,0.4505495482359948,0.23777195867214945,0.812057968739394,0.9999225138543825
GMPR2,4.355309860792094,-0.18893092300525938,0.42664330994444244,-0.4428310923939297,0.6578879120235496,0.9999225138543825
NEDD8,28.81956499368597,-0.5090332749377223,0.5352850050216592,-0.9509574715569054,0.34162596524712696,0.9999225138543825
MDP1,1.3475195302149745,-0.373129726012564,0.7313812091354959,-0.5101713324760001,0.6099314342899149,0.9999225138543825
CHMP4A,11.444511651142697,-0.4029688200179909,0.8731471895573286,-0.46151304709838153,0.6444305629415915,0.9999225138543825
TM9SF1,2.582089298800999,0.06777659672242367,0.6216491246381358,0.10902709267366326,0.9131810015756143,0.9999225138543825
REC8,1.3175478535985918,0.22219488838289816,0.6355238175066887,0.3496248012460361,0.7266202955526078,0.9999225138543825
PPP2R3C,9.579814062697283,-0.47015817816230077,0.33863324809639317,-1.388399340009486,0.16501547724436905,0.9999225138543825
FAM177A1,64.96069783224065,0.2523581044388182,0.37636671007145023,0.6705112266462409,0.5025319521746503,0.9999225138543825
SRP54,15.108559401215883,-0.25960572626837125,0.3447925281286328,-0.752933155707827,0.45149008300751403,0.9999225138543825
BAZ1A,18.116460118257468,0.08183219921552587,0.3028782114177639,0.27018186231512586,0.787020345755403,0.9999225138543825
CFL2,2.312700342818655,0.7435549730942305,0.6113509702913776,1.2162489457403538,0.22389010353810346,0.9999225138543825
SNX6,20.55008405344841,-0.2739584433856946,0.3039126532160145,-0.9014380957378925,0.36735543388231084,0.9999225138543825
EAPP,10.540746990204848,-0.7357736774689511,0.517624333426386,-1.42144337109992,0.15518790541225005,0.9999225138543825
SPTSSA,8.78195404565207,-0.5887780648645844,0.4514155452530002,-1.3042928429383132,0.19213375463044602,0.9999225138543825
ARHGAP5,2.7263680555517658,-0.4914637061200934,0.6295124050189193,-0.7807053557670925,0.4349758098960549,0.9999225138543825
NUBPL,1.14477241748476,-0.003134403598535676,0.6675413308573108,-0.00469544499141382,0.9962535907015649,0.9999225138543825
HECTD1,9.393051419426039,0.06379007102156325,0.325146729664815,0.19618856719648609,0.844462576229035,0.9999225138543825
AP4S1,1.39093870940304,-1.4770786026705442,0.7094062001290171,-2.08213376539691,0.03733025313194209,0.9999225138543825
STRN3,1.1392252030800223,0.1583431155357882,0.6319246276230762,0.25057278766200425,0.8021444229187378,0.9999225138543825
SCFD1,6.253744489763144,-0.40206821021339356,0.5453073924880091,-0.7373239676413057,0.46092536026748676,0.9999225138543825
G2E3,3.7404282407425202,-0.37325552991073274,0.4542428909812694,-0.8217091281371838,0.4112424627584078,0.9999225138543825
GZMB,226.018682149279,-0.45249490930643205,0.6231837881313742,-0.7261018626033978,0.4677763272776265,0.9999225138543825
FKBP3,5.388214007949187,-0.5985661255367339,0.49200844323539344,-1.2165769383968879,0.22376522149380118,0.9999225138543825
PRPF39,2.0457184927493595,-0.28088731204254186,0.6438250371834128,-0.43627895129919086,0.6626343516112383,0.9999225138543825
FAM179B,2.517435205152097,0.3347611976608151,0.5192181421507035,0.6447409489086195,0.5190950750354026,0.9999225138543825
KLHL28,8.357114642697708,-0.3267930801659872,0.39231634130426946,-0.8329836047092816,0.4048539759645332,0.9999225138543825
FBXO33,5.523826120903734,-0.2288801365500255,0.4567267223646822,-0.5011314760936448,0.6162785959418657,0.9999225138543825
CTAGE5,4.639933913755914,-0.07787862880055248,0.4770502232212682,-0.16325037702462272,0.8703213030540978,0.9999225138543825
PNN,22.013377162987513,-0.2737269736629935,0.4833859775513969,-0.5662699920456195,0.5712102562824842,0.9999225138543825
TRAPPC6B,5.2753289760997255,0.8321761463955457,0.4311105412001944,1.930308046003238,0.053568680704974274,0.9999225138543825
GEMIN2,1.1672695173808674,-0.6592953857315659,0.7989319628443171,-0.8252209404470136,0.4092461669202808,0.9999225138543825
SEC23A,4.123091491999502,-0.40480981311971154,0.4490612661320063,-0.9014578714538105,0.36734492354656256,0.9999225138543825
MBIP,2.2460259016434714,-1.3408232077903446,0.6753544162159525,-1.9853623158386229,0.04710417547194727,0.9999225138543825
BRMS1L,2.639375110872177,-0.1617449630440237,0.7298778445169483,-0.22160552516985993,0.8246209809720155,0.9999225138543825
RALGAPA1,37.783576104405334,0.3169550541503108,0.47062896116265057,0.6734712062073255,0.5006475611347676,0.9999225138543825
NFKBIA,203.71421635406574,0.10535873609074713,0.4096695533000596,0.25717980563124215,0.7970399725961498,0.9999225138543825
PSMA6,13.411202834421411,-0.48468304953712904,0.6174957970860364,-0.7849171635245925,0.4325021381624904,0.9999225138543825
KIAA0391,0.9560877321958167,0.5085730699326675,0.8576585290285342,0.5929785021886576,0.5531955394945745,0.9999225138543825
NIN,4.6994476513711705,0.6793671114729349,0.4411003670406148,1.5401644664929095,0.12352026895812308,0.9999225138543825
SAV1,1.8339248575627143,-0.7228713468089305,0.7788597879580419,-0.9281148648129623,0.3533479896609186,0.9999225138543825
MAP4K5,3.9933500420039723,-0.06917540940114486,0.45792888845067387,-0.15106146641062185,0.8799272289639593,0.9999225138543825
ATP5S,4.4209656331761575,-0.49865724660563004,0.5062889710019732,-0.9849261492280988,0.32466034778414576,0.9999225138543825
SOS2,2.7960305022401,0.41179070391347844,0.5785243076441355,0.71179499024055,0.4765917354032996,0.9999225138543825
VCPKMT,2.9531005855751737,0.5379259990582121,0.5201375134123735,1.0341995822011316,0.3010428694341206,0.9999225138543825
ARF6,26.64278947381878,-0.006533206067665429,0.4799654494436641,-0.013611825757954405,0.9891396697546819,0.9999225138543825
RP11-596C23.2,4.776232218360518,-1.266772884275981,0.5658600118316235,-2.238668323947443,0.025177505034275176,0.9999225138543825
NEMF,11.900628873724814,-0.4937129472712457,0.3960373118837024,-1.2466324067370351,0.21253231350402102,0.9999225138543825
KLHDC2,6.003241911962178,0.20686469555781062,0.42390093444867405,0.4880024523344329,0.6255481040419515,0.9999225138543825
DNAAF2,4.595861715427208,1.4954066923286815,0.5278086217673787,2.8332365760174194,0.004607926940296079,0.9999225138543825
MGAT2,3.8283240570155646,0.18646390599520724,0.44822672133345276,0.4160035471345531,0.6774074076096844,0.9999225138543825
RPL36AL,142.97317319799438,-0.034677230137707696,0.32073942275790507,-0.10811651975779155,0.9139032640956427,0.9999225138543825
LRR1,2.0131044463732928,-0.567859320689823,0.6014490519857398,-0.9441519922842723,0.3450919837454509,0.9999225138543825
RPS29,299.70510287358377,-0.6570168341813671,0.6365746307337132,-1.0321128151527061,0.3020192711293269,0.9999225138543825
MIS18BP1,7.336415345481967,0.2751050864608445,0.3713227012684341,0.740878716871036,0.45876698114875025,0.9999225138543825
MAPK1IP1L,16.40785319075668,-0.11930598925435681,0.3230595017197145,-0.3693003568050642,0.7119038596291961,0.9999225138543825
SOCS4,4.59791626742666,-0.8479941218003966,0.472689187210062,-1.7939782519788208,0.07281664014549331,0.9999225138543825
GCH1,7.281252241314452,0.273944535881962,0.3946423303432163,0.6941590265892544,0.4875824848698529,0.9999225138543825
CGRRF1,3.5159035851697023,-0.15486368991680674,0.5572973009025362,-0.2778834379172605,0.7811018380138641,0.9999225138543825
GMFB,4.851241699531115,0.1645817476403267,0.4082703588334241,0.4031195115672767,0.6868603074878252,0.9999225138543825
CNIH1,9.081040278011095,0.5007119662030357,0.4601283540368969,1.0882006331713359,0.27650654528173546,0.9999225138543825
DDHD1,5.983916489483222,0.4951895579867708,0.3686363383359936,1.3433009893219758,0.17917453189602306,0.9999225138543825
GNPNAT1,1.5578261555348216,-0.18486433058431867,0.6041402942429621,-0.3059956972675842,0.7596079218377235,0.9999225138543825
STYX,2.5158386102508783,1.1011464945058884,0.5349352600820293,2.0584668401500283,0.03954534123793513,0.9999225138543825
PSMC6,11.17669593840934,0.03511122394699559,0.4027371369480957,0.0871814906692369,0.9305272516378243,0.9999225138543825
ERO1A,2.58049702334341,-0.4541837772238312,0.6354807365414464,-0.7147089614323959,0.47478889917964473,0.9999225138543825
PTGER2,13.150351410021882,0.1129624317514679,0.46227998332680453,0.24435934028233744,0.8069525291244042,0.9999225138543825
PTGDR,15.453937240147527,-0.06936233998037175,0.43127628772462573,-0.16083040490429257,0.8722269773083117,0.9999225138543825
C14orf166,25.960854764085735,-0.1552169996731383,0.2655845543397638,-0.584435341351095,0.5589274551845299,0.9999225138543825
GNG2,33.00414343487243,0.4469824917313361,0.4334372970468199,1.0312506440419524,0.3024232969583226,0.9999225138543825
TMX1,8.960194446781063,0.2678780363582256,0.35380454267329076,0.757135661216167,0.44896859111034537,0.9999225138543825
PCNXL4,8.209339441066785,-0.35125040206222374,0.4488064832228423,-0.7826321926990083,0.4338431312464245,0.9999225138543825
JKAMP,6.204155420941433,-0.13235713292916768,0.4108283544671643,-0.3221713678960452,0.7473228741431746,0.9999225138543825
DAAM1,4.101261594019897,-0.6070869233050027,0.5651069067334255,-1.074286858064151,0.2826941333238572,0.9999225138543825
KIAA0586,2.819027845997744,-0.7931242679274008,0.5948792421415412,-1.3332525523536263,0.1824489386677981,0.9999225138543825
TIMM9,4.057689676225908,-0.26714250713198867,0.516091592995902,-0.5176261554295652,0.6047191292551599,0.9999225138543825
ARID4A,11.368492145496202,-0.2638174367475298,0.4032246866638856,-0.6542690600871842,0.512938475598961,0.9999225138543825
PSMA3-AS1,11.507770671827688,-0.4047734724368043,0.5812132808451754,-0.6964284640024055,0.4861605424964338,0.9999225138543825
PSMA3,17.19445660691861,-0.32218910686218155,0.365405056629234,-0.8817313855322413,0.3779220842664617,0.9999225138543825
ACTR10,6.758953022356351,-0.2545297283940473,0.394594362293596,-0.645041472246544,0.5189003104211517,0.9999225138543825
NAA30,2.383996043806479,0.6039741492175597,0.5035393368629236,1.1994577285269314,0.23035001208656292,0.9999225138543825
AP5M1,3.279579734081109,0.3766747130880101,0.4484219298685184,0.8400006511689888,0.4009080214186075,0.9999225138543825
EXOC5,3.1628778503466055,0.06927395041327694,0.4778565181617248,0.14496809770382163,0.88473606001073,0.9999225138543825
KTN1,17.96822679778935,0.16076735812505016,0.3784962783991554,0.42475281079384297,0.6710168811159962,0.9999225138543825
ATG14,2.3041489936232202,0.4760325761656927,0.5528894607193736,0.8609905053106255,0.3892432724037771,0.9999225138543825
FBXO34,10.930375743554285,0.8277397712339176,0.46916628951972184,1.7642780176752721,0.07768518308141416,0.9999225138543825
LGALS3,15.158762857052105,0.2952538391534721,0.4787854129033156,0.616672586917544,0.5374507061428595,0.9999225138543825
PLEKHG3,2.144127725215263,0.08190519757542024,0.7921091547042833,0.10340140255795649,0.9176443990346461,0.9999225138543825
HSPA2,5.644705243820519,-0.13103459008419743,0.7763466002534725,-0.1687836206681596,0.8659668422911148,0.9999225138543825
ZBTB1,14.706555464764977,-0.04053709451377435,0.37362673508283845,-0.10849623623637825,0.9136020659404885,0.9999225138543825
AKAP5,3.4844125721316517,-0.34994083941271503,0.5817533144832809,-0.6015278825244613,0.5474884463912086,0.9999225138543825
ZBTB25,3.8386218547292574,-0.4519970538829563,0.48162688952527755,-0.9384796898040175,0.3479979497154039,0.9999225138543825
MTHFD1,1.939502084408819,-1.1556394251596411,0.7205953024761336,-1.6037287797860942,0.10877384922866366,0.9999225138543825
SYNE2,23.326346277908403,0.49146945610944226,0.3903937212816799,1.2589071732402004,0.20806386257544218,0.9999225138543825
WDR89,1.3461826649450719,0.16351495394432639,0.6505578028706561,0.25134577315466683,0.8015467888600468,0.9999225138543825
PPP2R5E,6.580288758155935,0.17616964227148904,0.39702226865293194,0.4437273578361738,0.6572397135042634,0.9999225138543825
SNAPC1,5.828655574807836,0.39137572665884773,0.395611036230507,0.989294258289621,0.3225191924561768,0.9999225138543825
HIF1A,16.191304893309614,0.21091923233380672,0.4724837527709943,0.44640525964505723,0.6553045342135011,0.9999225138543825
RP11-902B17.1,1.1905820627957227,0.6068748213989368,0.6313400018018838,0.9612488036032536,0.33642708297087587,0.9999225138543825
PRKCH,24.088025810726986,0.09304267539614688,0.2753704086189098,0.3378818946552472,0.7354521919794015,0.9999225138543825
MNAT1,5.506131644233089,-0.22597960437263304,0.4708819045240827,-0.4799071746047009,0.631293399397836,0.9999225138543825
PPM1A,5.248837757731583,0.017486874630704873,0.5111262854877051,0.03421243463153004,0.9727077509444004,0.9999225138543825
DHRS7,31.079378321134108,-0.10847673156288282,0.4263403707667713,-0.2544369217669626,0.7991580298249881,0.9999225138543825
SUSD6,4.476017838916456,-0.4060639256672394,0.4972274485655871,-0.8166562944959329,0.41412487446880875,0.9999225138543825
SLC39A9,1.368667700320727,0.6523983136260838,0.6496877454131562,1.004172109189475,0.3152956631462329,0.9999225138543825
ERH,25.54961701913732,-0.21856101446308876,0.34886451673395824,-0.626492532141817,0.5309919336251172,0.9999225138543825
DCAF5,5.821582121991924,0.3651274491344102,0.3748298095079774,0.9741152914537319,0.3299992978017411,0.9999225138543825
ACTN1,1.3123237425268468,-0.5097586538395428,0.8328769435145291,-0.6120455822543133,0.5405075998358153,0.9999225138543825
ZFP36L1,102.27601303714012,0.6581620419129289,0.449889477515125,1.462941621902686,0.14348335367116108,0.9999225138543825
RDH11,3.782130446808705,-0.43511943573399153,0.5737083070724783,-0.7584332148759031,0.4481916799860718,0.9999225138543825
VTI1B,9.04878433206709,0.16954643138528752,0.4588313014991465,0.3695180142054953,0.7117416484046093,0.9999225138543825
ARG2,4.803643983868142,-0.05085951004338133,0.7933850300108227,-0.06410444881054479,0.9488870594959509,0.9999225138543825
PIGH,3.4161278836419524,0.24108947162790634,0.464879848796697,0.5186059844322065,0.6040355349938016,0.9999225138543825
EIF2S1,7.059210697203186,-0.07720491073169755,0.3896125779891558,-0.19815815785558755,0.8429213234810424,0.9999225138543825
ATP6V1D,7.597200972584636,0.0036123739712143796,0.47559546137196707,0.007595476123328925,0.9939397451399258,0.9999225138543825
GPHN,2.6452433224451806,-0.1250551433796772,0.9323211843222055,-0.13413311365502426,0.89329731532367,0.9999225138543825
FUT8,4.8998833571479175,0.1392793299651664,0.4340551890543971,0.3208793109203251,0.7483018530486352,0.9999225138543825
MAX,9.310535431658177,0.2548651252788486,0.3332393305795336,0.7648110588735576,0.44438406157481913,0.9999225138543825
CHURC1,11.25707120080802,-0.2901681905784076,0.49600861375949434,-0.5850063537789788,0.5585434444993593,0.9999225138543825
PNMA1,2.473795007180013,0.7625011123655793,0.6058309758304531,1.2586037076106382,0.2081735071920342,0.9999225138543825
DNAL1,1.3774133685871832,-0.09736514962910557,0.7425467823715352,-0.13112325302675498,0.8956778067161629,0.9999225138543825
ACOT4,1.4192573757981435,-0.2133331375850642,0.7141376663685958,-0.2987283091646285,0.7651473551972247,0.9999225138543825
ACOT2,2.1196254201390325,0.07847300490128511,0.7372202674652122,0.10644444864639874,0.9152297284543371,0.9999225138543825
C14orf169,1.8508851561243438,0.7606627495241529,0.5751277757731631,1.3225978322844327,0.18596915551836768,0.9999225138543825
NUMB,3.573737038039054,0.3422935353354545,0.4920550851518535,0.6956406826479987,0.4866538817866214,0.9999225138543825
PSEN1,3.627837596564885,-0.025190059884662004,0.6178561327578523,-0.04077010577239733,0.9674791716731235,0.9999225138543825
RBM25,35.87567320924177,-0.07258438438081041,0.3118894243036552,-0.23272473743817082,0.8159751588692883,0.9999225138543825
ZFYVE1,1.154688294302033,0.15440969038877983,0.780098038101475,0.1979362629401899,0.8430949317116352,0.9999225138543825
DCAF4,1.3059312699044467,0.17944109474816958,0.7499668085756143,0.23926538174266113,0.8108998072446209,0.9999225138543825
SIPA1L1,5.704725403745188,-0.26156533712016683,0.5381953283424616,-0.48600447336794605,0.6269639942944167,0.9999225138543825
RP6-91H8.3,3.9698685840718317,-1.3509145924837662,0.7795338479100347,-1.7329774660915997,0.0830996740384705,0.9999225138543825
PCNX,3.3815633445080753,-0.49282102945661577,0.5827484546836901,-0.8456839747848219,0.39772906529291774,0.9999225138543825
MED6,5.28294314110086,-0.9584552311577607,0.6368328098824644,-1.505034314005674,0.13231525495532503,0.9999225138543825
COX16,4.922416274873583,0.45932237093259237,0.5945211686332122,0.7725921214690501,0.4397638086130866,0.9999225138543825
SRSF5,69.09736443910019,-0.2427025361351961,0.3343792806113619,-0.7258300684523612,0.4679429513708505,0.9999225138543825
C14orf1,6.559272791836999,-0.11233497385422248,0.4239793953950469,-0.2649538517067634,0.7910450125999412,0.9999225138543825
BATF,12.304131034607163,-0.0011350142838204914,0.631727556662776,-0.001796683193331672,0.9985664549906508,0.9999225138543825
FOS,600.8152921839995,0.8395129018414201,0.5399049576043398,1.5549271960133455,0.11996340945713022,0.9999225138543825
TMED10,19.591710182455472,0.0019268229694273371,0.29741903193266456,0.0064784790566582455,0.9948309577412787,0.9999225138543825
NEK9,2.9580995264890593,-0.5786981611941836,0.5483025873852492,-1.0554357657764941,0.29122607258773403,0.9999225138543825
ACYP1,3.368360830858695,0.09547121904873848,0.4944632774523691,0.1930805044626091,0.8468959205520387,0.9999225138543825
MLH3,1.3539018837880283,0.0988106121176771,0.6105139288033699,0.16184825186765123,0.8714253544297923,0.9999225138543825
EIF2B2,2.975261559699251,-0.214207998782945,0.5022665519892725,-0.42648270710951125,0.6697561462468152,0.9999225138543825
DLST,4.921540200186363,-0.024041749783403836,0.5203761862568511,-0.04620071098245286,0.9631502757994529,0.9999225138543825
YLPM1,3.108632001599931,0.3867344722966604,0.47368912377725625,0.8164309731513181,0.4142536878211147,0.9999225138543825
FCF1,1.6742943547947595,-0.5289890105934514,0.6658155586168181,-0.7944978211268995,0.4269056769083286,0.9999225138543825
ISCA2,2.8836478561198637,0.933754997577944,0.589247482028997,1.584656746198864,0.11304434436701628,0.9999225138543825
NPC2,9.23203803856148,-0.166339133148298,0.4631804361418074,-0.35912383202940723,0.7195024538180428,0.9999225138543825
ABCD4,4.036742850898117,-0.18704811217722067,0.4947691707254219,-0.3780512676304669,0.7053925091271687,0.9999225138543825
ZNF410,3.128336055538016,0.0993252992366351,0.770783583250418,0.12886275913892362,0.8974662448196794,0.9999225138543825
ELMSAN1,4.1105467346829085,0.47469264455388616,0.6283296810267566,0.7554834012905273,0.44995898806475987,0.9999225138543825
ZC3H14,2.0175686079264357,0.08922625486101977,0.5371803279083264,0.16610112140265657,0.868077371664412,0.9999225138543825
GPR65,47.34018246904363,-0.6313130373667842,0.3275461571623865,-1.9274017525835303,0.05392958138751781,0.9999225138543825
GALC,2.9583006665706297,-0.17201546966581527,0.4885989052616942,-0.3520586473145771,0.7247942801385707,0.9999225138543825
CTD-2341M24.1,2.509762407282689,-1.3433279700768592,0.5884629143892472,-2.28277421946134,0.02244367130424258,0.9999225138543825
SEL1L,3.8722188288365755,0.5738405009931717,0.46926507524081945,1.2228493686615947,0.2213865949469106,0.9999225138543825
GTF2A1,2.735333094151545,0.15356301199605824,0.5729701371725833,0.268012243629032,0.7886898943460392,0.9999225138543825
SNW1,10.287848186605732,-0.31386291186779314,0.5205297567978766,-0.6029682410446078,0.5465298169852388,0.9999225138543825
SLIRP,8.835755112603007,-0.6791385987357138,0.5791306164698281,-1.172686401688618,0.2409215865258475,0.9999225138543825
ALKBH1,1.575661515721758,-0.8770233877411513,0.676622320405792,-1.2961786232756445,0.1949139524897795,0.9999225138543825
SPTLC2,4.9071833081162115,-0.22912893827578548,0.4220999777938807,-0.5428309650081844,0.587246191171677,0.9999225138543825
AHSA1,28.29049466526474,0.34855263705695383,0.5102254533626948,0.6831345530878181,0.4945218233454409,0.9999225138543825
VIPAS39,1.300434563902369,-0.07577005166242973,0.6360795237073442,-0.1191204068648671,0.9051799635136972,0.9999225138543825
TMED8,0.9681056886871776,-0.179838602715695,0.7445435430452596,-0.24154208896921814,0.809134999661989,0.9999225138543825
IRF2BPL,4.90994936885318,-0.3537638782894234,0.5692411292196394,-0.6214657728165054,0.5342932078418572,0.9999225138543825
GPATCH2L,5.239060520370868,-0.05645445105146439,0.5109430849461288,-0.11049068421665134,0.912020237553226,0.9999225138543825
IFT43,3.26478849735264,-0.22376976266471463,0.48492845212801927,-0.4614490275477593,0.6444764835861516,0.9999225138543825
RIN3,10.409635193814609,0.3999431107899106,0.3937492991160281,1.015730343362611,0.30975781437264993,0.9999225138543825
CPSF2,2.6503281049025444,0.18030787820830463,0.6464628143625956,0.27891453955644147,0.7803104102025218,0.9999225138543825
NDUFB1,15.406782674058336,-0.8899194129288842,0.44870419207758055,-1.983309781012739,0.04733283753243104,0.9999225138543825
ATXN3,4.124424410427919,-0.45455380898164477,0.4366753878673552,-1.0409421314116296,0.2979024064837521,0.9999225138543825
TRIP11,3.578744327082809,0.006931039365312353,0.5991154347628161,0.011568787854808454,0.9907696486774319,0.9999225138543825
FBLN5,1.0500688758689665,0.2188715323035649,0.6542203862172714,0.33455321312912445,0.7379621434124823,0.9999225138543825
TC2N,12.081407877037844,0.4244550914967832,0.41978259994900446,1.0111307413607575,0.31195385871882486,0.9999225138543825
PPP4R3A,7.915976771197325,0.16546125275389348,0.49915908031427936,0.3314800016253659,0.7402819443387003,0.9999225138543825
CCDC88C,7.718570011662385,0.3014643108763161,0.42063706244103755,0.7166850898179559,0.4735684279702199,0.9999225138543825
GPR68,2.3083191832759455,0.3252721417020257,0.5743475742400906,0.566333273249021,0.5711672456127597,0.9999225138543825
C14orf159,2.064453716208231,-0.11476011011235841,0.6003746256873659,-0.19114750224656835,0.8484100322801369,0.9999225138543825
RPS6KA5,6.679543101897415,-0.10103219853586914,0.3951612445057321,-0.25567334838779615,0.798203076210785,0.9999225138543825
CALM1,193.15159010964715,0.094302383986904,0.3330473975691187,0.28315004013004796,0.7770618239409515,0.9999225138543825
PSMC1,9.01555345574803,-0.10340998655854412,0.4265553666090208,-0.2424303962709942,0.808446683899825,0.9999225138543825
TDP1,1.9073076746383426,0.7114390519533556,0.6227565617555574,1.1424031405591315,0.2532864864520866,0.9999225138543825
FOXN3,11.855126442328308,0.07823369763145954,0.3513317763635201,0.2226775455417724,0.8237864786579717,0.9999225138543825
VRK1,3.4782740678746213,0.0942809472408478,0.4646170627987542,0.20292183561430022,0.8391961269777315,0.9999225138543825
PAPOLA,24.637961119668187,0.6080677592456712,0.2851759453025298,2.132254733479013,0.03298591112832028,0.9999225138543825
GSKIP,3.7252453792177533,0.27028642995033053,0.5231360597361837,0.5166656454281423,0.6053895818995434,0.9999225138543825
ATG2B,1.7845825341597445,0.6357955288660116,0.6070228274362649,1.047399702497626,0.2949152688775316,0.9999225138543825
GLRX5,3.3587731237752703,0.2983576960880624,0.6171761775492557,0.4834238697819003,0.6287948031021611,0.9999225138543825
SYNE3,1.2120797603063378,-0.3093949863957097,0.8066638970147928,-0.3835488206930822,0.7013128789992367,0.9999225138543825
DICER1,2.736661312995571,0.2045886897612237,0.5493667381894725,0.37240822121025935,0.7095889337895878,0.9999225138543825
IFI27L2,9.046263819320691,-0.370249438421763,0.43590732070499244,-0.8493765092610948,0.39567182009769597,0.9999225138543825
DDX24,46.080438922721484,-0.5860097944037289,0.4089140122172791,-1.433088074498041,0.1518326690531491,0.9999225138543825
BTBD7,2.593212442125858,0.43701231590029915,0.6878865427037798,0.6352970857411977,0.525234673924211,0.9999225138543825
UBR7,2.1141864706615716,0.6290369737327193,0.6117530989777222,1.028253023619953,0.3038308222239511,0.9999225138543825
C14orf142,2.4555645846233407,0.49545677065679705,0.49331123881537225,1.004349245816043,0.31521030462956257,0.9999225138543825
MOAP1,4.914028704144711,0.15213452224265653,0.47529253077392786,0.32008607834617764,0.7489030788104425,0.9999225138543825
ITPK1,2.78617576279163,0.30587073308580165,0.478493017187682,0.6392376107880133,0.5226683682046057,0.9999225138543825
GOLGA5,1.6724505708827502,0.8909939555473823,0.6300774772791055,1.4141022138975754,0.15733189322131957,0.9999225138543825
BAG5,4.651410285488564,-0.4130993851446138,0.44852776798715116,-0.9210118405789489,0.3570442451875574,0.9999225138543825
TRMT61A,0.8335197748657358,0.4074968344286245,0.7729649703016923,0.5271866773853624,0.5980639594313486,0.9999225138543825
MARK3,6.653555358437985,-0.10958812924242542,0.5095540433360087,-0.215066744490851,0.8297152812615721,0.9999225138543825
EIF5,57.59981693220909,0.6164230041907048,0.46384114870783466,1.328952823413644,0.18386353475918893,0.9999225138543825
RCOR1,1.7416137374426197,1.0101846145881297,0.7360159106543327,1.3725037733084542,0.1699066650452541,0.9999225138543825
CINP,2.783352305661307,0.21394965771550875,0.5545932399107144,0.3857776155907583,0.6996613746322885,0.9999225138543825
WDR20,3.8742572480549677,-0.16716793274646014,0.4145277657598233,-0.40327318591082495,0.6867472653432742,0.9999225138543825
HSP90AA1,847.5058974384457,0.5629175498791547,0.7019336663843797,0.8019526300522254,0.42258036018178935,0.9999225138543825
DYNC1H1,11.47331478116919,0.24225351457490157,0.3556153060672235,0.6812235312759776,0.49573006064739455,0.9999225138543825
PPP2R5C,48.23233940139746,0.03411694602515428,0.3014744737395741,0.11316694777490809,0.9098981991500513,0.9999225138543825
WARS,2.052865574195978,-0.2711440667597968,0.548503589362662,-0.49433417031027044,0.6210701966987864,0.9999225138543825
YY1,10.701624852621388,0.31310236240825806,0.4437979941271018,0.7055064839220226,0.48049509831562454,0.9999225138543825
EVL,67.48080491616163,-0.14572958019196422,0.27952851176617977,-0.5213406649331865,0.6021294776300125,0.9999225138543825
CCNK,7.452010324060977,0.17387808368374538,0.4115510298846584,0.4224945901179656,0.6726640486139519,0.9999225138543825
SETD3,3.6902540329160782,-0.14757797111741075,0.4929704574450654,-0.2993647365447984,0.7646617652490951,0.9999225138543825
BCL11B,3.604376597584729,-0.23239818805674645,0.5590883637378399,-0.41567344829541014,0.6776489729357158,0.9999225138543825
SNRPN,12.567741035818198,-0.33724192297209876,0.3408707806805735,-0.9893541543771234,0.3224898968179031,0.9999225138543825
TUBGCP5,0.9877456846720754,0.013384895356289951,0.7161297438397298,0.018690601069749027,0.9850879262064614,0.9999225138543825
NIPA2,5.944769099263937,0.29204282888618255,0.40752895366326825,0.716618601601227,0.4736094635074586,0.9999225138543825
C14orf80,1.3430009371252292,-0.19670459731040008,0.6790082637982444,-0.28969396662431113,0.7720503724387531,0.9999225138543825
CRIP1,34.065826009842986,0.18647849205117345,0.5343028860029728,0.3490126984830396,0.7270797762903852,0.9999225138543825
CRIP2,2.331920357280359,-0.7819792490398783,0.7975243969283029,-0.9805082478375616,0.3268353003557798,0.9999225138543825
BRF1,1.8878105832064895,-0.7385468955652303,0.7809481116194962,-0.9457054631115811,0.3442988352702917,0.9999225138543825
NUDT14,8.307165304570423,0.8393894733672516,0.6225784898733925,1.3482468267381833,0.17757900812555538,0.9999225138543825
JAG2,0.9900319751847261,-0.19072605969089587,0.7690212865861157,-0.2480114179122117,0.804125572531337,0.9999225138543825
GPR132,4.166575406224465,0.32702035312131106,0.45792809912637295,0.7141303487276598,0.47514658116006603,0.9999225138543825
CDCA4,1.5155065081562795,0.9915572629765397,0.6331759684400255,1.5660058378707404,0.11734725046465752,0.9999225138543825
AKT1,3.5015023078849548,0.10264530886775929,0.6904788061253155,0.14865816004369886,0.8818233777462634,0.9999225138543825
SIVA1,15.752024077779385,0.3670566605620811,0.36259096001703894,1.0123160835141403,0.311386947185301,0.9999225138543825
C14orf2,26.81844342444724,-0.5415117258728771,0.45533228451757113,-1.1892671446449572,0.23433455985736562,0.9999225138543825
ZFYVE21,1.9198961824957455,-0.8540817838205791,0.6329947112235582,-1.349271595286581,0.1772497457133989,0.9999225138543825
KLC1,4.193693589610722,-0.25255507001346694,0.5129630695669658,-0.49234552153368344,0.6224751047016592,0.9999225138543825
AQR,2.88834895861626,0.46250162137284406,0.5828382082641284,0.7935334623142095,0.4274670813923326,0.9999225138543825
GOLGA8B,3.523615666906295,-0.20613162263208804,0.5518825135403197,-0.3735063488599343,0.7087716209716134,0.9999225138543825
GOLGA8A,2.5502637063833,-0.12539243760866695,0.6922944246210424,-0.1811258810545903,0.8562687704222055,0.9999225138543825
LPCAT4,3.9156144628585055,0.2382727048915945,0.6024698847292952,0.39549313738504355,0.6924789852739401,0.9999225138543825
NOP10,24.15023807601592,-0.2830608567435036,0.41246657096297445,-0.6862637524361045,0.4925468021339373,0.9999225138543825
SLC12A6,1.133112331171794,-0.39433949054635736,0.6611372621460507,-0.5964563081293163,0.5508704336936723,0.9999225138543825
EMC4,12.206770488197156,-0.22456408105384862,0.353295715666184,-0.6356263919883786,0.5250199633415393,0.9999225138543825
KATNBL1,7.278270946381378,0.22993848310730264,0.44443747255579813,0.5173697028403346,0.604898105019556,0.9999225138543825
EMC7,12.478356599443199,-0.6415539822447118,0.31257943044890596,-2.0524510564350136,0.040125846972347175,0.9999225138543825
RP11-1000B6.3,5.612089107746281,-0.6211587330866111,0.9033310695096353,-0.6876313170804601,0.4916849816845875,0.9999225138543825
KLF13,6.779190469899569,-0.114043736279772,0.6577914113685704,-0.1733737083044272,0.8623576898742141,0.9999225138543825
MTMR10,1.0741326762456171,-0.16148848258278814,0.6575896067472102,-0.2455763913021626,0.806010166665541,0.9999225138543825
NSMCE3,6.412622241995999,0.5919527817860895,0.6197734946796665,0.9551114832557397,0.339521322438602,0.9999225138543825
APBA2,5.6803670176385355,-0.1680769891906231,0.4980683540257525,-0.33745767590352216,0.7357719125651538,0.9999225138543825
HERC2,5.444237247158969,-0.3934941448920562,0.4387707823551001,-0.896810272507158,0.36982016553893404,0.9999225138543825
UBE3A,10.110001392523248,0.5537887858075169,0.3657213015560514,1.5142371621540391,0.1299656994881237,0.9999225138543825
INO80,2.7856194652457256,0.01170669336365832,0.5077848173908381,0.023054437554496172,0.9816068495800174,0.9999225138543825
VPS18,0.9688271261458865,-0.18399010961081538,0.7340328485706437,-0.25065650667963,0.8020796899289648,0.9999225138543825
ZFYVE19,1.3823318379449547,-0.3886236896508819,0.6131305269476847,-0.6338351665273407,0.5261884003753168,0.9999225138543825
DNAJC17,3.658302248056782,-0.06619235866277974,0.71160812919032,-0.09301799114927839,0.9258892683189003,0.9999225138543825
GCHFR,7.250379576849449,0.646428428131938,0.45924400216813244,1.4075925326843486,0.15925175986478834,0.9999225138543825
RMDN3,4.141179236024574,-0.4525022131696968,0.5508304409681832,-0.8214909335336352,0.4113666862981896,0.9999225138543825
C15orf57,7.972268540104152,-0.5377450773150629,0.4054671296933392,-1.3262359336545173,0.18476156029034985,0.9999225138543825
IVD,2.234303795522071,0.47962765294713605,0.6062493725573045,0.7911392154089203,0.4288627573541762,0.9999225138543825
PLCB2,1.5822846422898982,0.5981808093032918,0.7398568718726789,0.8085088238610453,0.4187977285044794,0.9999225138543825
SRP14,104.01082983751914,-0.47668449969168636,0.2961477412626281,-1.609617205450693,0.1074814497496748,0.9999225138543825
EIF2AK4,1.7672030864305583,-0.12760836836721098,0.6098342375134096,-0.20925090871829743,0.8342523725450119,0.9999225138543825
THBS1,2.069447313713142,-0.5279321064160984,0.5596411537048951,-0.9433403939669576,0.3455068207738665,0.9999225138543825
RASGRP1,7.065383784342442,-0.1077752666683941,0.4743153662972147,-0.22722280222492336,0.8202504977631295,0.9999225138543825
C15orf41,1.0489653790741902,-0.4961432854664323,0.7403303424816556,-0.6701647318726857,0.5027527836545749,0.9999225138543825
DPH6,4.022685016730852,-0.9779322249508857,0.6943434907319636,-1.4084271516968763,0.159004624019511,0.9999225138543825
ZNF770,2.816498006259649,0.7271124563315939,0.5851308331192328,1.242649361776889,0.21399707164463588,0.9999225138543825
UBR1,5.228377133309507,0.4942482522279371,0.48632916735154064,1.0162833846045516,0.3094944584984831,0.9999225138543825
STARD9,1.8041665563782532,0.01091844236047637,0.7044174948125981,0.015499959102209821,0.987633317121234,0.9999225138543825
HAUS2,2.9609610436471483,0.29583552841996574,0.49278596579039385,0.6003326980821511,0.5482845312605309,0.9999225138543825
LRRC57,1.6956734137487648,0.5692233873167326,0.5917296099987868,0.9619653600195868,0.33606700465971584,0.9999225138543825
SNAP23,8.390041450847482,-0.4132548180688637,0.3538243654848648,-1.1679659695073803,0.24282049201043543,0.9999225138543825
ZNF106,3.4849916795657245,0.37231885162566347,0.5402107925307703,0.68921031710868,0.49069092521635815,0.9999225138543825
TMEM87A,6.0501894470272095,0.17471773073023555,0.3989581544776308,0.43793497831620787,0.6614334187057103,0.9999225138543825
VPS39,2.2253122212369845,-0.41975427084874467,0.6919448958067473,-0.606629622376718,0.5440967370726393,0.9999225138543825
EHD4,4.899470472094506,0.9525269203707908,0.5033353566067966,1.892429983047864,0.05843371431350108,0.9999225138543825
MAPKBP1,1.224049350156374,0.3360322763946852,0.7857013648882588,0.4276844758217712,0.6688808537797355,0.9999225138543825
MGA,3.4164937754215257,0.03683890968722408,0.4537611896305029,0.0811856776848235,0.9352942894670531,0.9999225138543825
RPAP1,1.244610919761059,0.14624964247483008,0.7280529904609283,0.20087774432770317,0.8407941704479538,0.9999225138543825
RTF1,9.393613532516575,-0.26433699738765576,0.45867561366605286,-0.5763048863114645,0.5644091206874149,0.9999225138543825
NDUFAF1,1.62972768009618,-0.15581705200819113,0.6773157337106203,-0.23005083781910665,0.8180522660550819,0.9999225138543825
NUSAP1,1.6774344738427212,-1.3364410484590032,0.8028870268621016,-1.6645443303302263,0.09600369979508447,0.9999225138543825
CHP1,2.779062291090353,-0.14864229869021642,0.6803468156202189,-0.21848018580745596,0.8270549948693244,0.9999225138543825
TRIM69,3.2882146656448517,0.27113062407632627,0.46992407830471544,0.5769668688917777,0.5639618368351345,0.9999225138543825
B2M,3083.652687960143,-0.14278356587897545,0.3133930126401486,-0.4556054542381444,0.6486737203113021,0.9999225138543825
PATL2,5.09285234845571,-0.7171304706213611,0.47121534500085305,-1.521874188159265,0.12804060786678023,0.9999225138543825
SPG11,4.622310225016629,0.019495897573819195,0.4172471667866235,0.04672505681456005,0.9627323597023685,0.9999225138543825
EIF3J,9.220814724152133,0.08519219281205595,0.5444068548176321,0.15648626033666313,0.8756497484882341,0.9999225138543825
EIF3J-AS1,3.8754334722557933,-0.6014983155158926,0.5176434334865394,-1.1619935202588323,0.24523809700360621,0.9999225138543825
CTDSPL2,2.8710640841712443,0.6640623120105368,0.5491403737574908,1.209276068096565,0.22655680193817862,0.9999225138543825
CASC4,5.506147968082377,-0.0010407948782072886,0.38472174740107407,-0.0027053185457755146,0.9978414707332278,0.9999225138543825
MFAP1,6.521773212158724,-0.3039433779793933,0.42224373776714996,-0.7198292142511432,0.47163015523948926,0.9999225138543825
HYPK,1.1049009566646926,-0.608862191726302,0.7291461963337136,-0.8350344482187213,0.40369831292157154,0.9999225138543825
SERF2,194.2293623153663,-0.17025920697297184,0.25007558440802546,-0.6808309870633972,0.49597844037987016,0.9999225138543825
PDIA3,41.6121782816696,0.2250598857614886,0.4320506025384376,0.5209109406148,0.6024288135657637,0.9999225138543825
TP53BP1,4.097045554064846,0.3679902696902414,0.5935930915278935,0.6199369146009496,0.5352993211532484,0.9999225138543825
TUBGCP4,1.3502713334463314,-0.7191847213058123,0.7105367269127152,-1.0121710730290785,0.31145626459986775,0.9999225138543825
CCNDBP1,13.323810467813326,0.09165657598469908,0.2964644042351675,0.3091655344632653,0.7571956099446334,0.9999225138543825
TMEM62,2.330613746285061,-0.2901970501071875,0.7962033723352635,-0.364476037392356,0.7155025644331023,0.9999225138543825
TRPM7,4.20161402586853,0.6080401089295409,0.46527981751767084,1.306826743901154,0.19127156009401647,0.9999225138543825
USP8,10.30491621441143,-0.18461629853990674,0.3826852494853293,-0.4824233460479491,0.629505239826518,0.9999225138543825
GABPB1-AS1,15.060055997396377,-0.6463403314022822,0.37147966135111427,-1.7399077221387251,0.08187522252573644,0.9999225138543825
GABPB1,20.91584743037255,0.05805693628410089,0.3130589740771418,0.1854504776783524,0.8528757195268887,0.9999225138543825
ATP8B4,5.752219380513965,0.9272250017637405,0.5209604357952585,1.7798376576300068,0.07510253276616134,0.9999225138543825
DTWD1,2.1375280923798794,0.4141908282670157,0.5873660190264918,0.7051664802698342,0.4807066385529366,0.9999225138543825
GALK2,3.197248177455381,0.008951552801450394,0.5208443421031823,0.01718661810802015,0.986287737816825,0.9999225138543825
COPS2,8.007990276871256,0.4272413159765491,0.4525483681937192,0.9440787902557698,0.34512938689239137,0.9999225138543825
SECISBP2L,5.403461698052624,0.4439648886309644,0.4462736756183256,0.9948265221242049,0.31982064452956616,0.9999225138543825
EID1,20.62051030878688,-0.5608195094566448,0.34562454248091834,-1.6226264067679952,0.1046692920087052,0.9999225138543825
CEP152,0.9608906026113675,0.2852993762520196,0.729600120687216,0.39103526460946025,0.6957711696139374,0.9999225138543825
DUT,15.855924039346393,-0.036518088277239596,0.3491453859058215,-0.10459278498696811,0.9166989400496423,0.9999225138543825
SQRDL,3.5645313104535443,-0.2797089744947806,0.5304740179087302,-0.5272811957830995,0.5979983305846376,0.9999225138543825
BLOC1S6,5.32168998767606,-0.17179529351695666,0.3950655202772938,-0.43485266291114116,0.66366937635114,0.9999225138543825
C15orf48,2.7795188987569657,-1.3324375432654896,0.908768830711795,-1.4662007523099743,0.14259360372347726,0.9999225138543825
SPATA5L1,0.7653304182597115,0.1447982711983563,0.7997106656968564,0.18106332378621107,0.8563178721120677,0.9999225138543825
POLR2M,2.93888539837812,0.3634339066191622,0.4909414964334633,0.7402794615232081,0.4591304406016504,0.9999225138543825
TCF12,4.386945580208435,0.6122557988885818,0.4302967542649217,1.4228687360993504,0.15477421081517465,0.9999225138543825
ZNF280D,2.803465994612622,0.03141893481847547,0.4551626677269735,0.06902792572022169,0.9449673909993314,0.9999225138543825
CCPG1,9.077221771093088,-0.11674053952996163,0.342270977075202,-0.34107636156457405,0.7330460961302276,0.9999225138543825
PIGB,1.5179433866790362,0.40749120037002445,0.5937622704485189,0.6862867862287912,0.49253227985193726,0.9999225138543825
PIGBOS1,2.9852053687041336,-0.7523002116560487,0.6490375741388585,-1.159101170150586,0.24641494897887906,0.9999225138543825
RAB27A,11.965832121373683,0.22476346207879924,0.3326780775481533,0.6756184950187046,0.4992828958399156,0.9999225138543825
RSL24D1,35.43599018290571,0.08706494772548266,0.31072052042135306,0.2802034046783203,0.7793214547043968,0.9999225138543825
FAM214A,4.023739161598089,-0.4004351371618593,0.5312829463903307,-0.7537135153358786,0.4510212646071141,0.9999225138543825
ARPP19,13.24934051197995,0.014777506438004465,0.3168415048587005,0.04664005886663959,0.9628001043957716,0.9999225138543825
MYO5A,2.5772585201081246,-0.005241540551129793,0.49812448419890565,-0.01052255152556765,0.9916043735308004,0.9999225138543825
GNB5,3.377939763214139,0.3586507064887877,0.4514758876479634,0.79439614894438,0.4269648454128404,0.9999225138543825
MAPK6,2.329921242561301,0.40747432731838373,0.5724464118597832,0.7118121781820022,0.47658109046464303,0.9999225138543825
TMOD3,8.640719834011138,0.5807292440053082,0.40894302721077685,1.4200737153197371,0.15558622156350002,0.9999225138543825
LYSMD2,11.796844400019506,0.20189132718959993,0.4548382229700267,0.4438750241157818,0.6571329427814185,0.9999225138543825
SPPL2A,12.744353183683343,0.08022596968554463,0.29582073545799265,0.27119792519391167,0.7862388086620857,0.9999225138543825
USP3,8.244426827998208,-0.06774964237635539,0.3446518482262902,-0.19657414496693076,0.8441608051435996,0.9999225138543825
APH1B,2.5291440320453638,-0.6028509748008716,0.5960812185681216,-1.0113571037333,0.31184554426073574,0.9999225138543825
RAB8B,16.064921882287106,0.45241791153745736,0.4633351524754405,0.9764377019968028,0.32884760577654026,0.9999225138543825
RPS27L,24.058690875799392,0.03471918731362787,0.35663732361149686,0.0973515249667173,0.922447239273879,0.9999225138543825
LACTB,2.4899273138694498,0.1906123168431252,0.6282255818466934,0.3034138092288648,0.7615745231513158,0.9999225138543825
TPM1,3.634477071657972,-0.8559626428033594,0.6289760488909616,-1.36088273045155,0.1735507518575532,0.9999225138543825
VPS13C,8.110207222950175,0.11122546097376348,0.3817286434334349,0.29137310727681554,0.7707659799721327,0.9999225138543825
RORA,21.200002722103832,0.41858749487924496,0.4247451948864441,0.9855026023099674,0.32437725380740945,0.9999225138543825
ICE2,4.853619842545993,-0.04027878181615738,0.6065302869668067,-0.06640852514981117,0.9470525830996028,0.9999225138543825
ANXA2,22.48087878752222,-0.35807276199987825,0.3979073223940528,-0.8998898533595572,0.36817887039159125,0.9999225138543825
BNIP2,12.088517659022418,0.10450509108145016,0.4155056726633067,0.25151303088497884,0.8014174887428457,0.9999225138543825
GTF2A2,13.031208678612984,-0.12057904941456221,0.3435197620991704,-0.3510105173505342,0.7255804581108493,0.9999225138543825
SLTM,20.478469487032825,-0.18837846697939897,0.3299588806830242,-0.5709149776161508,0.5680572776681198,0.9999225138543825
RNF111,1.4618382406828976,1.072995382249471,0.621253827436406,1.727144904164485,0.0841416427992143,0.9999225138543825
FAM63B,5.470309518710255,0.10548741378357354,0.4181878384057637,0.2522488797993693,0.8008486986636554,0.9999225138543825
ADAM10,8.786038619324396,-0.0883456980482167,0.3579049207085726,-0.24684125010997823,0.8050310850810292,0.9999225138543825
VWA9,1.8969711264662716,0.23482581756955898,0.5222821865508624,0.44961483201321184,0.6529881915275801,0.9999225138543825
HACD3,4.135281578189499,-0.20035810974889612,0.48346627343789067,-0.4144200345644906,0.6785665190019101,0.9999225138543825
DPP8,5.3186812026583175,-0.07494665355932789,0.39710763622269574,-0.18873133307690468,0.8503033926425257,0.9999225138543825
CLPX,2.8811178198467426,0.06362771459861416,0.5285109839674879,0.12039052456576439,0.9041737971098613,0.9999225138543825
PDCD7,5.307079696168495,-0.15155393918352897,0.6395929873549335,-0.23695372241382334,0.8126926920554909,0.9999225138543825
MTFMT,0.9426882238277259,0.23369001318495877,0.7372444822314252,0.3169776360721573,0.7512605717432325,0.9999225138543825
SPG21,5.170636859650366,0.4626797999475184,0.430870035675581,1.0738268193146951,0.2829003072937074,0.9999225138543825
PLEKHO2,2.1269084014618085,-0.3842332835166108,0.8203359343122495,-0.4683852888131044,0.6395090863857273,0.9999225138543825
OAZ2,3.761219205725808,-0.08152026829799035,0.6178889144821174,-0.13193353430902127,0.8950368639204096,0.9999225138543825
ZNF609,1.6250386138615118,-0.4598187186502389,0.8291799142224444,-0.5545463786124505,0.5792049745098158,0.9999225138543825
TRIP4,1.3708029773789667,-0.010160889619363084,0.6419182413105371,-0.0158289466873829,0.9873708552102943,0.9999225138543825
PPIB,63.37683175149887,-0.20294636522123868,0.28937448785660985,-0.7013277733101412,0.4830984850414778,0.9999225138543825
SNX1,5.507812165879144,0.32148853895768,0.4190473537026275,0.7671890446677797,0.44296912552620527,0.9999225138543825
FAM96A,6.534950956312162,0.3219228432110235,0.3773986949445938,0.8530046540258578,0.3936567233123678,0.9999225138543825
DAPK2,2.587617951756368,-0.24039960196306134,0.6751722182558476,-0.35605671480985773,0.7217980922936515,0.9999225138543825
HERC1,9.062184993787392,0.4842132208864717,0.4360411730607733,1.1104759155828259,0.26679400085880045,0.9999225138543825
ANP32A,13.422848075218015,-0.10390732909670668,0.29962373060621783,-0.34679272194653854,0.7287470452690182,0.9999225138543825
FEM1B,2.577439629022466,0.6501643356090112,0.5477374339952534,1.1870000026593863,0.23522761945839832,0.9999225138543825
CLN6,1.4458506089880536,-0.17550713516798525,0.6567642198306008,-0.2672300497935984,0.7892920407826025,0.9999225138543825
PIAS1,11.081909458148939,0.23287395014762316,0.41290436833282385,0.5639900374217253,0.5727609122932231,0.9999225138543825
MAP2K5,1.7110550928493977,0.46551605597763757,0.5683766668108935,0.8190273865209899,0.41277078865451966,0.9999225138543825
C15orf61,5.277012397714405,0.908960586509825,0.5586787081315081,1.626982688403911,0.10374077456103117,0.9999225138543825
AAGAB,2.818110475075874,0.09925397409385717,0.5022891492408522,0.1976032614757202,0.8433554828345863,0.9999225138543825
SMAD3,1.4614638237121906,0.4360405568177427,0.6328800799947882,0.6889781660079006,0.4908370077360529,0.9999225138543825
ZWILCH,1.7213879249397763,-0.3935454666644573,0.6172168321580812,-0.6376129848702224,0.5237256409771957,0.9999225138543825
RPL4,142.31496777147757,-0.07997049266727758,0.4411056533514453,-0.18129555143915171,0.8561355976099693,0.9999225138543825
SNAPC5,4.041152282097212,0.02463840625856702,0.5465884942553482,0.045076701243288095,0.9640461722558398,0.9999225138543825
MAP2K1,5.712796105519128,-0.06526398024740726,0.4170523761719409,-0.15648869057276502,0.875647833037632,0.9999225138543825
TIPIN,1.988041055994994,0.003893122571966816,0.5675290773261089,0.006859776401782109,0.9945267332439842,0.9999225138543825
DIS3L,1.936469692433421,-0.28074621258844185,0.7191504855098244,-0.3903859042651047,0.6962512094272313,0.9999225138543825
RAB11A,15.983267167329545,-0.04072100512410029,0.31347377087807377,-0.12990243174105562,0.8966436203418613,0.9999225138543825
DENND4A,9.78324967374534,0.20268284382184112,0.5229074465654439,0.3876074918288137,0.6983065238855717,0.9999225138543825
CLK3,6.397441285905381,-0.15911038386402399,0.4536033566538784,-0.3507698554916846,0.7257610138540552,0.9999225138543825
ARID3B,1.6567747612715171,0.04363190948581885,0.6266943621136731,0.06962231052894755,0.9444942787932797,0.9999225138543825
UBL7-AS1,1.8195122330270332,-0.030732400066469,0.7186014715064488,-0.04276695955275845,0.965887302337491,0.9999225138543825
UBL7,4.7873340857543765,0.2081457381359939,0.45193088392123854,0.460569847163331,0.6451072488983882,0.9999225138543825
SEMA7A,1.0492270794784802,0.4033669114572402,0.689366132616691,0.5851272529535836,0.558462155231982,0.9999225138543825
PML,4.228003429943217,-0.11905580057314818,0.4540301496855822,-0.2622200324264695,0.7931518099584722,0.9999225138543825
NPTN,2.5907027340723547,-0.6924140131415667,0.6800318405577079,-1.0182082247409237,0.3085790116213176,0.9999225138543825
ADPGK,6.109044149899299,-0.3936402351750527,0.3840705957729635,-1.0249163552414882,0.3054026567540985,0.9999225138543825
BBS4,1.70030333271756,0.2638081020311586,0.578869564415728,0.4557297848219551,0.6485843010442834,0.9999225138543825
ARIH1,9.909182471232233,-0.23676489005085138,0.6241747045141076,-0.37932471203741325,0.7044467509285638,0.9999225138543825
HEXA,6.05524465012664,-0.47541504763426773,0.5938779209188799,-0.8005265575434761,0.42340578288365294,0.9999225138543825
PARP6,2.0484602530413554,-0.09645198894502947,0.5545817453217684,-0.17391843449349026,0.8619295647841716,0.9999225138543825
PKM,18.162754553566632,-0.2586888823176828,0.34005535039339624,-0.7607258113081182,0.4468208546070971,0.9999225138543825
MYO9A,2.451238552094587,-0.09198245668200687,0.567425955779593,-0.16210477463201542,0.8712233463168059,0.9999225138543825
TLE3,4.022725702472887,0.17933866037657475,0.4552194220703849,0.39396091572921915,0.6936098952495903,0.9999225138543825
RPLP1,1203.3048473672525,0.17395281830124196,0.31938044898095413,0.5446570660673579,0.5859893985999454,0.9999225138543825
UBE2Q2,5.720534525093425,0.238650792472928,0.3854157365955457,0.6192035503816689,0.5357822732470443,0.9999225138543825
IMP3,12.795429749100618,0.08602809963582587,0.43579222357747266,0.1974062293484966,0.8435096552229591,0.9999225138543825
SNUPN,2.050910636553318,-0.4731399370359661,0.6063769370921412,-0.7802736352488794,0.4352298279005443,0.9999225138543825
PTPN9,0.9710140762869701,0.5679465744055426,0.6726895688209196,0.8442922273955147,0.39850612837205923,0.9999225138543825
SIN3A,3.2266530311506836,-0.37329723199459036,0.4676921126410198,-0.7981687565492838,0.4247725656437533,0.9999225138543825
MAN2C1,1.572656363070197,0.011381200027380802,0.6995079957420935,0.016270292972572417,0.98701875717767,0.9999225138543825
NEIL1,3.5290186432785577,-0.36768455942100703,0.5723134194064945,-0.6424531505871495,0.5205789989334708,0.9999225138543825
COMMD4,4.589011534689079,-0.2639915878850797,0.4910779026879808,-0.5375757826611345,0.5908699531014232,0.9999225138543825
C15orf39,1.129363263824769,0.31506619019312615,0.6815247732503882,0.462296019982494,0.6438690533855335,0.9999225138543825
PPCDC,1.611211352221076,0.09317371568234238,0.5656245135044026,0.16472715283337372,0.8691587440595455,0.9999225138543825
COX5A,31.673006731502007,-0.022122724016049623,0.41625233509722964,-0.0531473871753347,0.9576144752728883,0.9999225138543825
FAM219B,2.2455762803206856,0.49134029375963034,0.5053500283862424,0.9722771666376471,0.33091267998905893,0.9999225138543825
SCAMP2,11.394211018260618,-0.0663364006767397,0.43883480664302343,-0.15116485673549138,0.8798456719412379,0.9999225138543825
ULK3,4.7129746404170065,0.2539142765515921,0.4844465913449706,0.5241326517473249,0.6001862796358304,0.9999225138543825
CSK,12.200510126329695,-0.05530075609496172,0.4566491000585828,-0.12110120459641173,0.9036108750699063,0.9999225138543825
EDC3,1.162975584929238,-0.49323764974538686,0.6534580660973773,-0.7548114796273481,0.45036210495573326,0.9999225138543825
CTSH,1.6855966534354883,-0.1583783611511594,0.7463326566736668,-0.21220880492759975,0.8319441378334546,0.9999225138543825
MORF4L1,42.252621688875415,-0.062096545907534675,0.3913169852600231,-0.15868604800344313,0.8739162309673056,0.9999225138543825
PSMA4,18.561130852845235,-0.6669230094820445,0.5224802527093523,-1.2764559158430882,0.20179440093796674,0.9999225138543825
IREB2,4.9055323970060805,0.03636474036286403,0.4323101259920615,0.08411725327833704,0.932963207127667,0.9999225138543825
WDR61,4.831057875213417,-0.4316936432628501,0.48267786962558185,-0.8943721484428512,0.37112280909934503,0.9999225138543825
DNAJA4,8.201410141729271,-1.0570229346061617,0.7433905947708416,-1.4218944146475256,0.15505690488758705,0.9999225138543825
IDH3A,5.00570455082142,-0.21487364151267457,0.4591409817629755,-0.4679905520252596,0.6397913461680442,0.9999225138543825
TBC1D2B,2.590162455470418,-0.015700781113423642,0.7216077379343042,-0.02175805536449646,0.982640953228704,0.9999225138543825
HMG20A,2.7440143108840336,-0.458488387960691,0.5457933667717253,-0.8400402347734119,0.400885827762706,0.9999225138543825
PEAK1,2.7455627904071327,-0.8684652595036219,0.6137997734200821,-1.414899934981318,0.15709783707073585,0.9999225138543825
TSPAN3,2.2755377239128602,-0.11513400658675893,0.5219674087941105,-0.22057700279170764,0.8254218091373126,0.9999225138543825
PSTPIP1,17.91347891445202,0.21539275884283424,0.46544214601627204,0.462770208255494,0.6435290877153663,0.9999225138543825
RCN2,14.469464063340462,0.0654176081718176,0.4530919110421368,0.14438043712003915,0.8852000638628659,0.9999225138543825
SCAPER,3.544515819314356,-0.3899347359505881,0.5307292383950358,-0.7347150067137422,0.46251307896522764,0.9999225138543825
ETFA,9.89410085468375,-0.11550862927639156,0.35963649583231655,-0.32118161147429375,0.7480727664482407,0.9999225138543825
FBXO22,3.2489848091418385,0.009830063519021307,0.581403013270057,0.016907486364291204,0.9865104203665066,0.9999225138543825
WDR73,1.9840557872930171,-0.097344362438674,0.6401894773598888,-0.1520555489917103,0.8791431232117553,0.9999225138543825
RP11-382A20.3,2.02377585935606,-0.34948903716794255,0.5456064468190552,-0.6405515169505448,0.5218141079788788,0.9999225138543825
TM6SF1,2.7924187466603727,-0.7406922656456395,0.6340904911890477,-1.1681176045657016,0.24275933010463568,0.9999225138543825
BTBD1,2.4044480311889767,0.25775067707551097,0.5322138917640866,0.484299040412428,0.628173656863801,0.9999225138543825
C15orf40,5.339184943898574,-0.19198768142450784,0.48577522101454446,-0.395219173640723,0.6926811435989344,0.9999225138543825
FAM103A1,10.294666862788505,-0.09982159834154042,0.3888043008657574,-0.256739954057262,0.797379526187413,0.9999225138543825
WHAMM,4.6576074637220275,0.20327191894066432,0.4792730434196556,0.424125499507131,0.6714742897799566,0.9999225138543825
SNHG21,1.6652407699669998,-0.3040377040959456,0.6271566193225131,-0.4847875231300003,0.6278270741036702,0.9999225138543825
EFTUD1,1.3504216200281085,0.2932836240854074,0.6409819426862315,0.45755364473500204,0.6472731534282812,0.9999225138543825
IL16,10.975156847484886,0.2807264209873737,0.45417794666360173,0.6180978690171867,0.5365108269273295,0.9999225138543825
MESDC1,2.092099756866629,0.17251600498045536,0.6324744338080995,0.27276360238269937,0.7850349400392012,0.9999225138543825
MESDC2,6.875439174715043,0.46745234625661014,0.4874692206509367,0.9589371522419462,0.3375904070713597,0.9999225138543825
ZFAND6,13.602674486475443,0.06292268178537899,0.33203941457608804,0.18950365234715238,0.8496980928032347,0.9999225138543825
BCL2A1,8.857124042158855,0.24347510864201716,0.49201683543573926,0.49485117399771716,0.6207051783254791,0.9999225138543825
MTHFS,4.030482495619468,0.4429345078517598,0.5541451968420329,0.7993112822703482,0.42410993850046574,0.9999225138543825
TMED3,6.367815871160959,-0.1231480085454334,0.5198353928656504,-0.23689808396186013,0.8127358564627549,0.9999225138543825
CRTC3,4.086913485352656,0.10117804609341223,0.44334750921927735,0.22821385930775603,0.8194799875395868,0.9999225138543825
IQGAP1,25.814696809906643,0.07663396023456653,0.4203059948457708,0.18232897263977163,0.8553245628725167,0.9999225138543825
NGRN,8.938123306667386,0.31724284274472486,0.8244126479006634,0.3848107419901577,0.7003776399014943,0.9999225138543825
CIB1,34.21243905872589,0.3456942191011974,0.36123130394959146,0.9569885425805671,0.3385730380327683,0.9999225138543825
IDH2,11.568543015850752,0.21216836074923515,0.3875024995638389,0.5475277217257836,0.584016230524543,0.9999225138543825
POLG,3.81899381609059,0.28212258099596316,0.49457781092233716,0.5704311329087598,0.5683853187255068,0.9999225138543825
ABHD2,6.439255532460909,-0.6043792872012177,0.4720837170068212,-1.2802375202288219,0.2004616139629659,0.9999225138543825
MFGE8,5.281842238443756,-0.48268171313060554,0.6836176756091554,-0.7060696795185984,0.4801448062713364,0.9999225138543825
HAPLN3,5.177757730234735,0.07725144652107295,0.6257983434906974,0.12344463248362898,0.9017550157107848,0.9999225138543825
ISG20,68.84846103730334,-0.6371892331738569,0.39011474896420817,-1.6333379726494703,0.10239793463846592,0.9999225138543825
AEN,1.8162885329164646,-0.2597350774995553,0.709676843151337,-0.36599063363290185,0.7143720647127283,0.9999225138543825
MRPS11,3.8509604250058747,0.3604822631920936,0.4967508802115678,0.7256801699849289,0.46803486107160386,0.9999225138543825
AKAP13,38.26919558590886,0.05850035519889915,0.4180208460294856,0.1399460236362776,0.8887026374622066,0.9999225138543825
PDE8A,1.5121960633828913,1.5195076271298766,0.7645175195362338,1.9875380070447952,0.04686280842399089,0.9999225138543825
SEC11A,36.94021091566337,-0.34651579527707166,0.3286566261501105,-1.05433990282248,0.2917273260567135,0.9999225138543825
NMB,2.6395225785746663,0.1325031787002205,0.6472308481789042,0.20472321285835043,0.8377883832705872,0.9999225138543825
VIMP,14.64376269549627,0.04182867761131232,0.39706334814137606,0.10534509872822372,0.9161019784251677,0.9999225138543825
CHSY1,1.4341207083257868,0.26596138767068656,0.7281555690404202,0.36525352408026823,0.7149221676411669,0.9999225138543825
LINS1,3.3537647702322895,0.42405743159211473,0.5244696554542067,0.8085452174060825,0.41877678681046693,0.9999225138543825
MEF2A,5.528710238671663,0.3060569800209739,0.46836043408920575,0.6534646348087574,0.5134567815916986,0.9999225138543825
LRRC28,2.34676362856454,0.22972878174254122,0.5412835915948806,0.4244148267374044,0.6712633095586746,0.9999225138543825
MCTP2,11.605698772673842,-1.007377635454689,0.42583009372545827,-2.365679763591736,0.01799700387705961,0.9999225138543825
CHD2,27.420176201038966,0.48883277650494883,0.5046513384176694,0.9686544734780262,0.3327176146235652,0.9999225138543825
RP11-437B10.1,2.8307991700170674,0.7472578816979795,0.7018267072521596,1.0647327523680243,0.2869968842166747,0.9999225138543825
SLCO3A1,1.8782050625287547,0.37893025787798107,0.7418364824304089,0.5108002462166966,0.6094909367437926,0.9999225138543825
VPS33B,1.1361668509923812,-0.8609412535007828,0.8117213600228294,-1.0606364399189507,0.2888551554826676,0.9999225138543825
UNC45A,3.524436984134266,-0.26862866802856206,0.5065389678673657,-0.5303218213586696,0.5958888196674809,0.9999225138543825
HDDC3,2.157536592660308,0.5898279140278789,0.56212709675906,1.0492785660547728,0.2940499279424694,0.9999225138543825
MAN2A2,0.9768206551117907,-0.6539256869520503,0.6928418677018167,-0.9438310781089879,0.34525597651820683,0.9999225138543825
FES,3.224323252099837,-0.20895686031635388,0.4696497325568269,-0.4449206415572065,0.6563771050313505,0.9999225138543825
FURIN,4.703638617394004,0.14830779087024182,0.5740333208277791,0.25836094437231627,0.7961283554583418,0.9999225138543825
BLM,2.372394006465449,-0.7616676043791312,0.5298196411434439,-1.4375979016846536,0.15054817663620623,0.9999225138543825
C16orf13,14.05067301735089,0.1654601661100186,0.47461719725531654,0.34861814335187397,0.7273760048812499,0.9999225138543825
PIGQ,1.2579752603363115,-0.29027906250407276,0.6863622587195554,-0.42292398630076705,0.6723507217104423,0.9999225138543825
CAPN15,2.6131869565172656,-0.33019257582873585,0.5832642936483349,-0.5661114171131096,0.5713180425144047,0.9999225138543825
NME4,2.2493317511555544,-0.32659573049373986,0.7371351445423818,-0.443060859208514,0.6577217151581479,0.9999225138543825
TMEM8A,1.6661971415707169,-0.952686592832221,0.7541797878744836,-1.2632088636546364,0.20651412826347693,0.9999225138543825
MRPL28,5.093215093670816,0.4398088097356662,0.4937829485429264,0.8906925827096113,0.3730941150825918,0.9999225138543825
AXIN1,2.4669978823731937,0.687925713556687,0.6237345376001043,1.1029142561249954,0.2700644026439686,0.9999225138543825
FAM234A,0.831650365616558,-0.23146623622361695,0.7926598522102977,-0.2920120598743375,0.7702774031993043,0.9999225138543825
LUC7L,8.785814730803652,0.23473288890761743,0.45476283912628773,0.5161655014701676,0.6057388228513811,0.9999225138543825
NPRL3,2.0454442609326025,-0.2898343145906643,0.5692025587851673,-0.5091936255684607,0.6106165107432475,0.9999225138543825
MPG,15.846542649007644,-0.019668760057910326,0.4055319752269585,-0.04850113248629182,0.961316861912137,0.9999225138543825
SNRNP25,3.0600336657638536,0.32135235530258205,0.5621586706784824,0.571639951607852,0.5675659233748306,0.9999225138543825
POLR3K,4.670095362000328,-0.338782134653287,0.4978557155780528,-0.6804825656363754,0.49619895733045705,0.9999225138543825
TARSL2,10.214424840140405,-0.594249043789208,0.627243263183502,-0.947398049001219,0.3434359849178211,0.9999225138543825
TM2D3,10.736486581653832,0.11125990333338749,0.33494220218686377,0.33217642508756107,0.7397560440940507,0.9999225138543825
SNRPA1,10.663263174977768,-0.1882438945438921,0.374426074148703,-0.502753166888509,0.6151378244008705,0.9999225138543825
MRPS34,9.79565332075491,0.03078747420598764,0.4585742198356005,0.06713738556219971,0.9464723316479022,0.9999225138543825
NME3,10.008495077934477,0.15993657902510847,0.5096037881896774,0.3138449570660946,0.7536387973995267,0.9999225138543825
MAPK8IP3,2.6510113231034262,0.1714806583347311,0.5596095940230196,0.3064290894335118,0.7592779627604749,0.9999225138543825
TMEM204,1.1162450915373883,0.054822262338094487,0.6854373849472548,0.07998143016712332,0.9362520252286585,0.9999225138543825
C16orf91,3.8869963692769245,0.3300292815623761,0.5113508337295106,0.645406753628081,0.5186636279328627,0.9999225138543825
UNKL,1.1990415691246261,-0.12273524041166614,0.6479148867741098,-0.1894311165201808,0.8497549384877441,0.9999225138543825
GNPTG,5.374343285791493,0.36932846248575435,0.5495374648452098,0.6720714894111621,0.5015381858699695,0.9999225138543825
TSR3,2.4325075531224454,0.11105987724636483,0.6814319305274483,0.16298014852400772,0.8705340648582482,0.9999225138543825
UBE2I,24.379168098231176,0.0261248642971528,0.25292537250054903,0.1032908009143926,0.9177321763752709,0.9999225138543825
NARFL,2.4138944899401107,-0.27935983055775304,0.591113105875985,-0.4725996222732414,0.6364988520156782,0.9999225138543825
HAGHL,3.7771348501377315,0.29220728179142785,0.6755209634860494,0.4325658233957419,0.665330222759011,0.9999225138543825
FAM173A,9.543985637921255,0.6659848497394523,0.5028101988332964,1.324525340346677,0.18532863291203838,0.9999225138543825
JMJD8,1.0958042646287836,-0.25149643728216053,0.7216225583104308,-0.3485152097670022,0.7274532932330603,0.9999225138543825
STUB1,9.404975915261009,0.03290120899297342,0.5571254609679254,0.05905529597554616,0.9529080651038343,0.9999225138543825
RHOT2,5.288785438803723,-0.0981861552571441,0.45693222427351665,-0.21488122316882272,0.829859924684008,0.9999225138543825
FAM195A,2.066239100374109,0.3803743329474831,0.6656701804845023,0.5714156110622695,0.5677179494166124,0.9999225138543825
PGP,2.29364712743765,0.525602573838892,0.6525269076758446,0.805487969394199,0.4205381460203249,0.9999225138543825
MLST8,1.9896221093286677,0.8140053270706986,0.5968677727701212,1.3637950718847176,0.172632071761334,0.9999225138543825
TRAF7,1.758328485009354,-0.012500682797950184,0.5917762630153446,-0.02112400172026847,0.9831467385610851,0.9999225138543825
TSC2,1.5283810111311786,-0.17785030067267926,0.6283044424676412,-0.2830638917244945,0.7771278602894333,0.9999225138543825
NTHL1,1.7995508561096925,-0.32117672158986754,0.6638920054388638,-0.4837785648247935,0.6285430290767029,0.9999225138543825
ZNF598,1.478947490938169,-0.1852193283040769,0.7539169502433248,-0.2456760366566872,0.8059330237339074,0.9999225138543825
GFER,4.092129659698264,0.1191757273190975,0.49330619422395255,0.24158571028401432,0.8091011957007903,0.9999225138543825
TBL3,1.2993248290591828,0.056406578346688385,0.647634533878314,0.08709631033555536,0.930594958168143,0.9999225138543825
SNHG9,7.721879016614175,0.03800361973427218,0.3965966144655576,0.09582436750118199,0.9236600639440219,0.9999225138543825
RPS2,287.2947960705524,0.17207951851872022,0.7100140874062699,0.2423607102604661,0.8085006756053231,0.9999225138543825
NDUFB10,19.3841708905241,-0.028908163942355333,0.434908357619072,-0.06646955257566112,0.9470039976088823,0.9999225138543825
MSRB1,1.9266246389543011,0.29673041470988726,0.6224838362702306,0.47668774258914515,0.6335844924891954,0.9999225138543825
FAHD1,1.434972967092373,-0.19897015444064148,0.7105315400228989,-0.28003001025715074,0.7794544807381993,0.9999225138543825
HAGH,6.736938575440672,-0.21562064955110372,0.4770365312042323,-0.45200028812634196,0.651268774873335,0.9999225138543825
NUBP2,5.668327278782891,0.3620405034208134,0.4797405613965867,0.7546589397545764,0.4504536491681357,0.9999225138543825
SPSB3,14.71861687315803,0.2197784438962056,0.40943054323288935,0.5367905436678494,0.5914123043627622,0.9999225138543825
ZNF200,1.859629529681322,-0.24159504472177395,0.6858646739999266,-0.3522488529884539,0.7246516423464238,0.9999225138543825
RP11-473M20.9,1.6401076578554519,-1.04837819663062,0.7022346684512436,-1.4929171738883031,0.13545886905131083,0.9999225138543825
IL32,140.644181778255,0.2694224661369309,0.4264680279027232,0.6317530236953327,0.5275482742098994,0.9999225138543825
MMP25-AS1,5.265967321614581,0.3662359562243868,0.5352268650038671,0.6842630297000146,0.49380908778276666,0.9999225138543825
THOC6,2.563816136049576,0.39303624815448374,0.5291364773365386,0.7427880423834528,0.4576100160964428,0.9999225138543825
HCFC1R1,5.588493080883013,0.5098822174496619,0.5393411152734754,0.9453798403467234,0.34446499054518775,0.9999225138543825
TNFRSF12A,3.857782035385364,0.22207237303629193,0.6609901609776954,0.3359692566494732,0.7368940499430578,0.9999225138543825
FLYWCH1,1.3948449353670178,0.3135953666704806,0.6232060808109826,0.5031968979866125,0.6148258455363298,0.9999225138543825
FLYWCH2,2.6948261990709375,0.792800465537522,0.5667065987270614,1.398961062599789,0.16182465970928073,0.9999225138543825
TCEB2,40.51702160517472,-0.19519820680726885,0.2822739008269654,-0.6915205629546525,0.489238462913299,0.9999225138543825
SRRM2,21.09546056300724,0.11161088001221542,0.5115473476855039,0.21818289258501458,0.8272866137455757,0.9999225138543825
KCTD5,3.3595326615823384,0.3770056981890448,0.5655800648075857,0.6665823667552794,0.5050389354843601,0.9999225138543825
PDPK1,4.9503617114177985,-0.14076625195617748,0.5496088906981272,-0.2561207694027158,0.7978575850682065,0.9999225138543825
ATP6V0C,40.96623104424421,-0.008330325738990922,1.7740355173023294,-0.004695692762486714,0.9962533930110307,0.9999225138543825
RNPS1,22.933134306501977,0.05332988707456354,0.31173610903552973,0.1710738202242889,0.8641657208274034,0.9999225138543825
E4F1,2.726503874489299,0.14818556119286638,0.6360935299660571,0.23296190609071873,0.815790986494038,0.9999225138543825
ANKS3,0.99995544670515,0.5329223850953024,0.6570103034074747,0.8111324622024785,0.4172896054821048,0.9999225138543825
NUDT16L1,6.146085900479685,0.1448091074776596,0.44660236989861896,0.32424616893665836,0.7457516707821212,0.9999225138543825
MGRN1,3.49529176288703,-0.24399076565967967,0.46248751268320204,-0.5275618453871861,0.5978034808157882,0.9999225138543825
UBALD1,4.262712713864953,0.053967365906289894,0.5918758735381654,0.09118020909296273,0.9273494002947628,0.9999225138543825
CDIP1,5.347854159251921,-0.13489930444810427,0.43256275893763424,-0.3118606529591552,0.7551464265793513,0.9999225138543825
HMOX2,13.496328145500597,-0.23940093082437594,0.37152375768823886,-0.6443758329588906,0.519331751920777,0.9999225138543825
NMRAL1,3.9021469495220824,0.3150179638223622,0.46048490232515754,0.6841005258407403,0.49391168984631817,0.9999225138543825
DNAJA3,2.197386827989469,0.1702538139142338,0.5549573281359078,0.3067872163903367,0.7590053392081606,0.9999225138543825
CORO7,3.065871714970165,-0.4353966505872704,0.705339637444637,-0.6172865205260001,0.537045756166011,0.9999225138543825
CREBBP,5.050291291951536,0.21309136950643787,0.49812895519640793,0.42778354336462493,0.6688087192875138,0.9999225138543825
TRAP1,1.8265158475894805,0.44056685665207956,0.6426565713486265,0.6855401100583814,0.4930031590541375,0.9999225138543825
DNASE1,2.2241663183920903,-1.0780696083175838,0.6971673088955723,-1.5463570861138387,0.12201835218297052,0.9999225138543825
NLRC3,5.086271923264834,0.3313570308473569,0.4540071907602563,0.7298497415701369,0.4654820358283843,0.9999225138543825
NAA60,3.991694449178461,0.5096271000734439,0.4603005437011141,1.1071616296077176,0.26822405374288927,0.9999225138543825
ZNF75A,3.341911751383545,0.09197500746977225,0.5011690219771405,0.18352093492715404,0.8543892940208914,0.9999225138543825
ZNF263,2.141660569914733,0.07500202340526789,0.5987562196659868,0.12526303851525317,0.9003153126506922,0.9999225138543825
TXNDC11,3.9245209776802437,0.25802723116471726,0.4809680581441535,0.5364747758101278,0.5916304643444941,0.9999225138543825
LITAF,111.49894440181018,-0.2771625791651782,0.3150847859535175,-0.8796444370565906,0.3790519580693623,0.9999225138543825
SOCS1,52.33453235627226,0.5493395269057544,0.5224167368000404,1.0515350834098927,0.2930129050009377,0.9999225138543825
CLEC16A,1.7603588216660826,-0.4688083526258932,0.7304336537510291,-0.6418219508622042,0.5209887954168022,0.9999225138543825
DEXI,1.5440738550127753,-0.7778738248503835,0.7661620000052227,-1.0152863556859788,0.30996934649175767,0.9999225138543825
NUBP1,3.2048290740108607,0.05006771461213841,0.5246093383689822,0.09543809259629202,0.9239668606338011,0.9999225138543825
ATF7IP2,3.5459377832921697,-0.38347672702167795,0.5234855262753838,-0.7325450423627318,0.46383596109710634,0.9999225138543825
C16orf72,8.65284070293332,-0.20770632606539158,0.5126647465417027,-0.405150397928709,0.6853669628887558,0.9999225138543825
USP7,4.15717577931897,-0.6131062775401479,0.6687876417668932,-0.9167428332263455,0.35927741513929234,0.9999225138543825
CARHSP1,8.619544090332873,0.7529728393746007,0.3700199108023298,2.034952221197767,0.041855680719067014,0.9999225138543825
PMM2,3.16146179762277,-0.16671141830435293,0.5248296919967045,-0.3176486026735693,0.7507515024292781,0.9999225138543825
METTL22,1.4479344222091481,-0.5745538306272086,0.6460800453742678,-0.8892920230872866,0.3738461574385058,0.9999225138543825
ALG1,1.8848506034489803,-0.6019341940736151,0.8327608283057294,-0.7228176129492833,0.4697919449549246,0.9999225138543825
NAGPA,2.6561773384193823,-0.06055835446701255,0.5346296538356725,-0.11327159657632119,0.9098152349375074,0.9999225138543825
UBN1,4.001480348602812,0.3034179477258373,0.5648220893299852,0.5371920706673563,0.5911349478888368,0.9999225138543825
GLYR1,3.7387487409614324,-0.7773626211197755,0.4657171181946067,-1.6691733903475354,0.09508302201940126,0.9999225138543825
ARL6IP1,19.36432564550711,-0.883858339339883,0.47410681086944506,-1.8642599496071601,0.06228520820963403,0.9999225138543825
RPS15A,705.5585387617425,-0.3663683277569704,0.37161982840166957,-0.9858686209848228,0.32419758684272126,0.9999225138543825
FOPNL,5.798243168560666,0.3481819063848545,0.44805879447292435,0.7770897718779064,0.4371058079938589,0.9999225138543825
NDE1,4.948757027417231,0.10846360265181443,0.45143079617444826,0.2402662901400736,0.8101238262378898,0.9999225138543825
KIAA0430,2.177853880451106,0.5059793607959432,0.5381661147847472,0.940191786319215,0.3471191941737486,0.9999225138543825
RRN3,5.2884877091505444,-0.34283717146884196,0.5680160819479478,-0.6035694804504832,0.5461299087216809,0.9999225138543825
NTAN1,2.424534184554089,0.162960691191015,0.5327583548001519,0.30588106169098894,0.7596952058838486,0.9999225138543825
PDXDC1,4.233577079460772,0.00014781807885655968,0.4558180795815995,0.0003242918293022593,0.9997412525607404,0.9999225138543825
BFAR,9.803265735376932,-0.3569683609859903,0.4177609796220538,-0.8544799021415014,0.3928391405363617,0.9999225138543825
PARN,2.7918168316286627,0.09574308717739774,0.5325287558424702,0.1797895158279865,0.8573178146557451,0.9999225138543825
ERCC4,2.195330003266711,-0.5012990987250021,0.6679157465387885,-0.7505424169482277,0.4529280871164688,0.9999225138543825
CPPED1,0.9267830238366662,0.14639781688781647,0.7497555556353641,0.19526072969710082,0.845188838462616,0.9999225138543825
SNX29,1.8184199139990194,0.3728075760294129,0.6955442736641444,0.5359940267575685,0.5919626786926768,0.9999225138543825
GSPT1,14.122412655410127,-0.24821163543440947,0.48532616154031977,-0.5114326304739882,0.6090481510730692,0.9999225138543825
RSL1D1,21.10372514744441,-0.03001826052500089,0.44996734955431694,-0.06671208600964788,0.9468109125040691,0.9999225138543825
ZC3H7A,4.429216964645714,-0.010374328479074693,0.5485186635214161,-0.018913355495459166,0.9849102253023934,0.9999225138543825
COG7,1.5247745373420014,-0.6862175457088011,0.6775817635816452,-1.0127450037638377,0.3111819757560019,0.9999225138543825
NPIPB5,3.508728362163318,0.4252905542138662,0.7469183261736287,0.5693936529748542,0.5690890231809205,0.9999225138543825
CDR2,2.6756444599598104,-0.1311776664927933,0.6384535756287106,-0.2054615582090169,0.8372115294720769,0.9999225138543825
POLR3E,3.88349572334211,-0.729880569959572,0.5342092631902621,-1.3662821299667736,0.17185042769667502,0.9999225138543825
EEF2K,1.86169802651973,-0.18575823929632057,0.8258873482214958,-0.22491958460962141,0.8220418333039581,0.9999225138543825
UQCRC2,13.768342694405963,-0.13146838185522017,0.47751353786098083,-0.27531864843902026,0.7830714385057493,0.9999225138543825
METTL9,12.68765983519086,0.21406974934469328,0.3380352119837725,0.6332764805430086,0.5265531093546783,0.9999225138543825
TMEM159,1.7653262350298689,0.3659796471774461,0.5757924180149109,0.635610396606453,0.5250303914336254,0.9999225138543825
LYRM1,2.844119376242284,0.001259424453915358,0.501536250494237,0.0025111334478300678,0.9979964074975669,0.9999225138543825
DCUN1D3,1.214090640151903,-0.5562367598166175,0.7897848656617058,-0.7042889576651806,0.4812528415890097,0.9999225138543825
THUMPD1,6.810985282812554,0.46137106765198155,0.3855693299212846,1.196596907088466,0.2314637065883548,0.9999225138543825
KNOP1,1.9314873549330176,-0.6189899067542006,0.6966134545210815,-0.8885701284362263,0.37423415095509416,0.9999225138543825
C16orf62,1.5305065029493718,-0.292732616950716,0.6890902789788611,-0.4248102547383288,0.6709750015272666,0.9999225138543825
GDE1,3.426699109133398,0.1375852701275108,0.476442754178112,0.28877607838711367,0.7727527392588498,0.9999225138543825
COQ7,4.981604111446497,0.1077552725582835,0.5473581421255411,0.1968642909738044,0.8439337384708561,0.9999225138543825
SMG1,14.397906131536095,0.21236432374032213,0.4579675734997959,0.4637103935491118,0.6428552496607807,0.9999225138543825
XPO6,2.3499531931437097,-0.38289407761824856,0.5344011802004985,-0.7164918263739481,0.4736877127081167,0.9999225138543825
KIAA0556,1.46205401055565,0.2613871294555984,0.7712214847814647,0.3389261510649768,0.7346653634804073,0.9999225138543825
GTF3C1,4.078186189247442,0.10981026693053474,0.5271032569743322,0.20832780954696706,0.8349730190901654,0.9999225138543825
IL21R,7.868717056766242,1.2042026780164374,0.5609109433163041,2.1468696454677185,0.031803660796594184,0.9999225138543825
IL4R,8.084700265260288,0.2812310740375342,0.4863906880034959,0.5781999552497865,0.5631291289972314,0.9999225138543825
CTD-3203P2.3,2.2792158298777725,0.11889902231009598,0.7001973546373493,0.16980787134175465,0.8651612363999355,0.9999225138543825
NSMCE1,10.577531855992612,-0.24914507277126663,0.45437982665848625,-0.5483189572994074,0.5834729127455976,0.9999225138543825
LCMT1,6.909124864011927,-0.2748406860414711,0.41068580736611365,-0.6692237255631753,0.5033527738365413,0.9999225138543825
ARHGAP17,4.264306364658883,-0.6707964888027872,0.5386678472137618,-1.2452877822065223,0.21302598509674386,0.9999225138543825
TNRC6A,2.9149006094605032,-0.33980908012605904,0.6655409604252104,-0.5105757576647978,0.6096481545650353,0.9999225138543825
RBBP6,13.718358478688856,-0.07509982460422743,0.5515243047975746,-0.13616775172182344,0.8916886680756202,0.9999225138543825
PRKCB,6.662044394063951,-0.2642717309095424,0.562076854339666,-0.47017010017253197,0.6382334942445724,0.9999225138543825
DCTN5,2.2407940186278337,0.028767976642171667,0.5718970350358831,0.05030272038456477,0.9598811559627884,0.9999225138543825
NDUFAB1,14.370692369055147,-0.03366252277541494,0.40586964159036193,-0.0829392477927433,0.9338998463062503,0.9999225138543825
UBFD1,1.307777601280127,0.017333071086902532,0.6611077743378044,0.02621822304882759,0.9790832809872143,0.9999225138543825
GGA2,3.9686076270365294,0.17983379590674273,0.5170637288494098,0.347798125981329,0.7279917971581475,0.9999225138543825
AC009133.12,1.1984373713964351,-0.732930130272209,0.7137544784162728,-1.026865893575175,0.3044836162204261,0.9999225138543825
MAZ,11.35687934145306,0.04646686319978554,0.42739684075858647,0.10872065202286363,0.9134240610064644,0.9999225138543825
KIF22,4.158991669548194,-0.001262537922817287,0.4874228149435513,-0.002590231487140179,0.9979332965985276,0.9999225138543825
C16orf54,10.030294069457721,-0.6506859914413298,0.45128604177370346,-1.441848254122637,0.14934518667706476,0.9999225138543825
SPN,17.7596078162447,-0.32417945033855783,0.45498737362642183,-0.7125020805626423,0.4761539235407207,0.9999225138543825
RP11-345J4.5,3.7164913965393978,-0.28110239713443136,0.8004898952197355,-0.3511629551017236,0.725466100094444,0.9999225138543825
LAT,18.559253064234124,0.28565807361485257,0.38793606308894313,0.7363534891298801,0.461515602038418,0.9999225138543825
SPNS1,5.647984485185429,-0.5612983659437669,0.5677187558701913,-0.9886908969273294,0.32281439797244316,0.9999225138543825
NFATC2IP,4.890424478802333,0.27561261589728764,0.6152553007082683,0.44796463448589313,0.6541787201615183,0.9999225138543825
RABEP2,2.280471105988944,0.4248824777967737,0.5890082693627147,0.7213523135362445,0.47069277817537714,0.9999225138543825
SH2B1,2.408905608495843,0.13653925294465938,0.5227941340928571,0.2611721211860569,0.7939597762614834,0.9999225138543825
TUFM,19.777253743382804,-0.2656855767476103,0.42475610922493207,-0.6255014842103541,0.5316419745974554,0.9999225138543825
ATXN2L,5.533973881542779,0.29842238956571315,0.42707495982696614,0.698758807321839,0.4847027756681619,0.9999225138543825
SGF29,4.045603404302485,0.7729729679751793,0.5637193768886704,1.3712017001108598,0.17031208837692724,0.9999225138543825
APOBR,3.214865396469959,-0.37995519390622623,0.6683050611711497,-0.5685355625474181,0.5696713650920378,0.9999225138543825
CLN3,6.545482183281226,-0.3194355714841829,0.43109453322306024,-0.7409872936590872,0.4587011445803564,0.9999225138543825
DCTPP1,3.6056813637169536,0.02886729393692434,0.482289370265847,0.05985471734741353,0.952271345515015,0.9999225138543825
SEPT1,21.05119315650653,0.030645320787627772,0.4722512458802848,0.06489198505025508,0.948260002148338,0.9999225138543825
CD2BP2,8.285590515477987,-0.4904879677116462,0.532530836884447,-0.9210508269929096,0.3570238912880829,0.9999225138543825
RP11-455F5.5,1.8535839197306416,0.924670416099858,0.6337719373569479,1.4589955180976601,0.14456634126845772,0.9999225138543825
CORO1A,92.04370782575312,-0.05285346595295962,0.3586338796757339,-0.14737443657232874,0.8828364818472318,0.9999225138543825
YPEL3,8.962956484416555,-0.2919855683061101,0.659888117201244,-0.4424773847186344,0.6581437918871955,0.9999225138543825
PPP4C,13.42299812824727,0.2914256588411649,0.40611530557596925,0.717593389955725,0.4730080345023785,0.9999225138543825
ALDOA,61.83814303909771,-0.1517554763503805,0.347920593689652,-0.43617848182262997,0.6627072389442858,0.9999225138543825
INO80E,6.603580811698583,0.3538955928860523,0.485462262989316,0.7289868232123344,0.466009722773729,0.9999225138543825
HIRIP3,2.135513792097923,-0.4888041410580702,0.5966079467396304,-0.8193054479567509,0.41261216508342047,0.9999225138543825
TAOK2,1.113014970649345,-0.3077212653345873,0.7161099114304386,-0.4297123394367078,0.667404906248504,0.9999225138543825
TMEM219,15.438097820676727,-0.1391755311958011,0.386192355387037,-0.3603787834078723,0.7185638906163353,0.9999225138543825
KCTD13,2.704392482314751,0.6297578541630733,0.5957152178794448,1.0571458228057515,0.2904450410425454,0.9999225138543825
CDIPT,4.710322136524032,-0.34066587557843386,0.4858656811856193,-0.7011523735266382,0.4832079284580486,0.9999225138543825
MVP,6.965079762574119,-0.19693573606099335,0.5660574407547598,-0.3479076890119253,0.7279095105948183,0.9999225138543825
PAGR1,2.184445667187869,-0.21269734643135305,0.9165580394939616,-0.2320609686090199,0.8164906599247514,0.9999225138543825
ITGAM,5.218912304407667,-0.31936588975981,0.481280022084619,-0.6635760370366233,0.5069616985286366,0.9999225138543825
PYCARD,11.17583455134988,-0.01204585990987715,0.46577994202669243,-0.025861697387533356,0.9793676508773392,0.9999225138543825
FUS,104.06516711426045,0.08901759220247697,0.3412907152638887,0.2608262933072992,0.7942264669563434,0.9999225138543825
KAT8,3.4736701325508483,0.06153201805540084,0.526489237740595,0.11687231883307385,0.9069612341677057,0.9999225138543825
BCKDK,1.9431269663270259,0.06439479199855241,0.6111148467348968,0.10537265187158354,0.9160801158773695,0.9999225138543825
VKORC1,3.664729040701125,0.239556987975059,0.6321895381663948,0.3789322244557718,0.7047381938980708,0.9999225138543825
STX4,5.812092242549435,-0.003989834417172748,0.41979903363330673,-0.0095041534103622,0.9924168968928095,0.9999225138543825
BCL7C,4.25023674840562,-0.6107551328490147,0.5482918958983295,-1.113923327005125,0.2653120810682883,0.9999225138543825
RNF40,2.5247306997085177,0.5381436708005878,0.632184129251959,0.8512451450455646,0.3946331896238382,0.9999225138543825
PHKG2,3.4895368193693925,0.43970496893027505,0.5273677734684535,0.8337729210079948,0.40440895735476146,0.9999225138543825
FBRS,3.010926081503041,0.3166109789001399,0.5135143673605975,0.6165571968852254,0.5375268344112661,0.9999225138543825
PRR14,4.128972872053629,0.40552548945860634,0.510632377349703,0.7941632913356864,0.4271003757702131,0.9999225138543825
ZNF689,1.6290905576824337,-0.07916063094871456,0.6213331704868027,-0.1274044823434965,0.8986202687553588,0.9999225138543825
ZNF688,2.0798793325355533,0.313885115736105,0.7500195452445446,0.4185025813344137,0.6755796996335182,0.9999225138543825
ITGAL,8.347479495260538,0.030135807073903505,0.4071480419602946,0.07401682918284148,0.9409969942402535,0.9999225138543825
SEPHS2,5.343763685984578,-0.2363482575348459,1.3025814971824803,-0.18144604237514023,0.8560174820083257,0.9999225138543825
PAPD5,7.1099594842953575,-0.24345793772231475,0.6036185811345132,-0.4033307544388887,0.6867049200007912,0.9999225138543825
CNEP1R1,1.758275574856117,-0.5197552087545704,0.5656721498159852,-0.9188276441109011,0.35818573066247494,0.9999225138543825
N4BP1,5.806102057774776,0.12373368687348825,0.6119886288353559,0.20218298354490585,0.8397736755868033,0.9999225138543825
SIAH1,1.8295150182127704,0.46158714857290206,0.5522073662053472,0.8358945874714273,0.4032142076164349,0.9999225138543825
LONP2,4.236183597894839,-0.13574996473636322,0.44708559709974804,-0.30363305285827946,0.7614074671683619,0.9999225138543825
PHKB,3.010517035023702,0.33716761048299926,0.5115016186666407,0.6591721280607334,0.5097852427286298,0.9999225138543825
ITFG1,4.9287242270082965,0.43706376158569177,0.4310126689015674,1.014039245527389,0.31056402600692723,0.9999225138543825
DNAJA2,13.31972517439842,0.07590349991191515,0.3931865170705844,0.19304705684576934,0.846922115128242,0.9999225138543825
C16orf87,2.8334798771307024,0.05568576943678709,0.48684720979319623,0.11438038118867186,0.9089362654630428,0.9999225138543825
ORC6,0.7489083926898036,-0.9800686382719908,0.8495073438469943,-1.1536906012298254,0.24862703856917556,0.9999225138543825
VPS35,5.876557132740165,0.00046965880473858086,0.3926203216949835,0.0011962162394218772,0.9990455577588074,0.9999225138543825
ZNF267,11.043417632956308,0.6976681171314041,0.5919765690221414,1.1785400869562281,0.23858136085346893,0.9999225138543825
ZNF720,4.815152685776504,-0.027913700274461998,0.4549458266432489,-0.06135609701141594,0.95107561595752,0.9999225138543825
C16orf58,1.9147888031981926,-0.8225076706016861,0.626575322055151,-1.3127035835115275,0.18928284962906028,0.9999225138543825
ARMC5,1.7791751872554518,-0.2330204436457511,0.7034034333952872,-0.3312756699536923,0.7404362672950855,0.9999225138543825
ITGAX,5.282507413167855,-0.3447043876737789,0.5992268920634096,-0.5752485281273102,0.5651232269684698,0.9999225138543825
HERPUD1,51.47754690148809,0.021389596040580782,0.3454766343064049,0.0619132928729711,0.9506318816258206,0.9999225138543825
NUP93,1.9466320255281213,-0.09165227449430798,0.6186367500561389,-0.14815200436442044,0.8822228086890791,0.9999225138543825
MT1X,14.149282844249422,-1.089025107004658,0.5966055783930373,-1.8253686295357097,0.06794541995694699,0.9999225138543825
MT1F,2.7807415089827687,-0.6302196239147672,0.531645195998033,-1.1854139351935362,0.23585382467731175,0.9999225138543825
MT1E,5.183771282688907,-2.5170032635287547,0.7747416564530625,-3.2488291323486442,0.001158810629113908,0.9999225138543825
MT2A,72.8484640845475,-0.8603259930704192,0.501325139980946,-1.7161038305462162,0.08614304027839338,0.9999225138543825
BBS2,2.82385262533426,-2.4456177553588123,0.8651761244348724,-2.8267282074574984,0.004702622295099777,0.9999225138543825
NUDT21,7.262712591296317,0.35719511320734176,0.4316639007888615,0.8274843287904575,0.40796260084723945,0.9999225138543825
AKTIP,2.7692192892934373,0.5904897128449189,0.5081789269630497,1.1619720565230247,0.24524681571500384,0.9999225138543825
RBL2,12.264271521790814,-0.07544076105557206,0.3244718805762019,-0.23250323239598836,0.816147176911082,0.9999225138543825
CHD9,12.627706526049439,-0.28652242102500064,0.39560602557322694,-0.7242620245984225,0.46890488637253314,0.9999225138543825
CYLD,15.167602231204835,0.37472475245146153,0.5288684670883552,0.7085405460349714,0.47860964235009684,0.9999225138543825
NOD2,1.1225414890272363,-0.505477591522954,0.7675679024790705,-0.6585444621777121,0.510188336614819,0.9999225138543825
SNX20,4.924036958114439,-0.5278661564151548,0.4035873936432083,-1.3079351950269666,0.19089529078977185,0.9999225138543825
BRD7,3.5310822708811385,-0.1932351217741394,0.6170643999761416,-0.3131522767827972,0.7541649737791423,0.9999225138543825
ADCY7,5.694344596804906,-0.3145266572296354,0.41032583112983523,-0.7665290200316756,0.44336159133178465,0.9999225138543825
CNOT1,6.872222055024046,0.25948846022805216,0.3955132579736567,0.6560803082998938,0.5117724537060715,0.9999225138543825
SETD6,2.1198860780031343,0.028325666342382035,0.7383044830990334,0.03836583278417197,0.9693960024033192,0.9999225138543825
CSNK2A2,1.790597195066272,-0.8449254292804956,0.8095490026883376,-1.0436989317196124,0.2966247042588178,0.9999225138543825
CFAP20,8.133630838559345,-0.07343322752993522,0.39012521605056694,-0.1882298926312341,0.8506964403566514,0.9999225138543825
USB1,4.929200911889214,0.1098875888996848,0.4797607073052624,0.2290466626933778,0.8188326484162827,0.9999225138543825
KATNB1,1.9579652329029964,0.30601590086296704,0.6249125192375432,0.48969398346561777,0.6243504599383413,0.9999225138543825
ADGRG3,4.252913870652819,-0.07258592505687594,0.6574292874204481,-0.11040871839111542,0.9120852391267367,0.9999225138543825
ADGRG1,12.714877300975807,-0.8977747386314402,0.5848172093179825,-1.5351373460408777,0.12475009444004262,0.9999225138543825
ADGRG5,3.0684176630429096,-0.6614634171376975,0.7190750834795779,-0.9198808752166746,0.35763501398797726,0.9999225138543825
POLR2C,10.009660746229253,-0.12315486697752584,0.31293585530948514,-0.3935466802157554,0.6939157536648923,0.9999225138543825
COQ9,1.5909092290054192,-0.037805539028526916,0.6029019255337448,-0.06270595171023537,0.9500006579437184,0.9999225138543825
CIAPIN1,2.806113691670544,-0.2671273077217282,0.5600481952024758,-0.4769719999278863,0.6333820602454232,0.9999225138543825
ARL2BP,11.094422794468946,0.07509018843649211,0.43148012769106614,0.17402930892394575,0.8618424284896384,0.9999225138543825
RSPRY1,2.8177060462528245,0.33222278621580603,0.531146653690162,0.6254822164606993,0.5316546165558855,0.9999225138543825
FAM192A,4.46494703466971,0.36841755465676895,0.4900555443413699,0.7517873410695083,0.4521789559114493,0.9999225138543825
NLRC5,6.7271262060129935,-0.3200935342424222,0.4217313878422906,-0.7589986030684618,0.447853392431104,0.9999225138543825
ACD,4.48507154067764,0.7466443647617412,0.45524563304771604,1.6400912179282399,0.10098620213534558,0.9999225138543825
CTCF,4.623741113538074,0.23655133421737354,0.5087994788368,0.46492055133029836,0.6419883526356236,0.9999225138543825
ATP6V0D1,11.389265309186364,-0.13278264827042416,0.3443884443197776,-0.38556069595392833,0.6998220466683973,0.9999225138543825
FHOD1,1.5336885745135078,0.3072870129301862,0.5815287854068408,0.528412385837799,0.5972131427296274,0.9999225138543825
TMEM208,9.223003050155635,-0.2187026282169115,0.34845604513653244,-0.6276333307152676,0.5302441688523227,0.9999225138543825
E2F4,3.1526131956263734,0.24535795492399193,0.5194639445723336,0.4723291336918316,0.6366918784674351,0.9999225138543825
TRADD,6.3260740082878755,-0.40461642436678413,0.4809926841004578,-0.8412111820858338,0.4002296372196896,0.9999225138543825
CBFB,4.8936545676220256,0.12133899183397158,0.3940259677546208,0.3079466881978075,0.7581228988382964,0.9999225138543825
CES2,1.0979810353715038,-0.06761529810793963,0.7422125288182778,-0.09109964529377333,0.9274134144869032,0.9999225138543825
FAM96B,24.21550569799194,0.19882205849906745,0.31812285777214755,0.6249851390479833,0.5319808117115117,0.9999225138543825
NAE1,5.19577744692094,0.22963584629577993,0.47694142766888387,0.48147599049668716,0.6301782398402931,0.9999225138543825
DYNC1LI2,3.0402918649492543,0.3242361825441808,0.5921912356839598,0.5475193873305124,0.5840219547576571,0.9999225138543825
CMTM3,6.668941460051122,0.40835031245773856,0.473511681662352,0.862386986999239,0.38847459901923953,0.9999225138543825
CKLF,23.901622147666036,-0.32952059347629337,0.5280689843258562,-0.6240105047960092,0.5326206862559728,0.9999225138543825
TK2,1.1230852582983626,-0.9882392327480476,0.7398124061282514,-1.3357970541747441,0.18161561610746302,0.9999225138543825
GOT2,1.8574158694093226,0.1901837489008885,0.5687458821733449,0.3343914300955298,0.7380842053887815,0.9999225138543825
NIP7,4.086051641220544,0.2853240697748144,0.4323229327865787,0.6599790298787318,0.5092672865415482,0.9999225138543825
COG8,1.1279319534726127,0.06439881100955372,0.6709954665746458,0.09597503145334528,0.923540403015856,0.9999225138543825
VPS4A,5.952767825348887,-0.349029742061948,0.48422079201459695,-0.720807011631641,0.4710282608438239,0.9999225138543825
SNTB2,4.0892211090198,-0.8834831360041384,0.4839336177837683,-1.8256287712561792,0.0679061989512614,0.9999225138543825
CHTF8,2.878246704375104,0.36275881540531013,0.647763902461722,0.5600170278502767,0.5754678232001776,0.9999225138543825
ZFP90,2.46664775087781,0.5009229554266357,0.5157846114986729,0.9711863135488766,0.3314555080789471,0.9999225138543825
PRMT7,1.9193002389632052,0.5285003469252675,0.6244818633149712,0.8463021553897501,0.3973842057660941,0.9999225138543825
SLC7A6OS,2.524148067131608,0.19654177658778993,0.558149605258063,0.35213099630683775,0.7247400235306659,0.9999225138543825
SLC7A6,3.9331281412242385,0.10879367959953347,0.5022810035633254,0.21659923195924177,0.8285206843377806,0.9999225138543825
NFATC3,9.289882371504481,-0.18968587455941827,0.36773755601839475,-0.515818608828547,0.6059811043057945,0.9999225138543825
DDX28,0.9555861666821371,-0.09828066521863549,0.7871954559718686,-0.12484912669789047,0.9006429941434801,0.9999225138543825
PSMB10,17.988888156147258,-0.1263656333857982,0.6759315487052229,-0.18695034079687098,0.8516995686824922,0.9999225138543825
NUTF2,11.655746111529902,-0.08507071069999288,0.3561532026222573,-0.2388598784838682,0.8112142374346909,0.9999225138543825
THAP11,1.9330557558395294,0.11433459445292542,0.5961977055285994,0.19177295281865325,0.8479200582315535,0.9999225138543825
CENPT,3.175620668641647,0.6978500297930184,0.5679750519667995,1.2286631734553906,0.2191981190515233,0.9999225138543825
PARD6A,3.2380933267508802,-0.1355787868519118,0.6631386401553278,-0.20445013854139915,0.8380017526355839,0.9999225138543825
TXNL4B,2.0989694314367897,-0.29643292103969254,0.6106585758277965,-0.485431520613387,0.6273702776803973,0.9999225138543825
ZNF821,1.996331586867022,0.41784850103042587,0.592691864054827,0.7050012432628445,0.4808094624584587,0.9999225138543825
IST1,8.587411078315728,-0.2839441372885879,0.37238394482343357,-0.7625037041358494,0.44575943323086553,0.9999225138543825
ATXN1L,1.9326435620359212,-0.0345049272106067,0.6147372745042324,-0.05612955101581227,0.9552386027341734,0.9999225138543825
AP1G1,4.184862058448416,0.5608289615752735,0.4768361744195218,1.1761460049837884,0.23953653678206654,0.9999225138543825
CMTR2,3.6197538875825184,0.18159348256784152,0.534577000896423,0.33969565144652786,0.7340857368643652,0.9999225138543825
SF3B3,4.1631296592020535,0.1808448738266844,0.46246492123887445,0.3910456026420944,0.6957635282056234,0.9999225138543825
COG4,2.3836546838091124,-0.8690075092489123,0.5472591804779355,-1.5879267817672527,0.11230289662450461,0.9999225138543825
DDX19B,2.0447067786916024,-0.017079931747861005,0.6656472431950228,-0.02565913390684154,0.9795292195335944,0.9999225138543825
AARS,1.453346426319101,-0.06709925003608921,0.6051550173588628,-0.11087944098842148,0.9117119487759472,0.9999225138543825
EXOSC6,2.52652097581188,-0.31434660528453745,0.8071889393799851,-0.38943373719415947,0.6969553192169164,0.9999225138543825
PDPR,1.4677177507005572,-1.4961210767818598,0.6522285313850424,-2.293860211243391,0.021798529534625775,0.9999225138543825
WWP2,2.9145265012320696,-0.7019138804358971,0.6268948882582408,-1.1196675767864186,0.26285544671777406,0.9999225138543825
NOB1,3.7874324385341205,0.3882771992442034,0.45441221001664156,0.8544603130932239,0.39284999004414833,0.9999225138543825
NFAT5,12.927459442331797,0.04219042487058692,0.4470122199784148,0.09438315774146891,0.9248047942522126,0.9999225138543825
CYB5B,17.670900509287712,-0.11964628877514442,0.3890529717071134,-0.307532129237189,0.7584383715161293,0.9999225138543825
ATMIN,1.769499987932553,-0.579468604339955,0.6128858411694887,-0.9454755933572098,0.3444161254211534,0.9999225138543825
CMC2,16.70589499707704,0.4623295895671162,0.3771144105286246,1.2259663822420368,0.22021132615046113,0.9999225138543825
MAF,2.1234291878825697,-0.24737349150131074,0.7401053912435822,-0.33424089923957273,0.7381977837588332,0.9999225138543825
WWOX,1.0163942404782034,-0.8343804350763523,0.8171558357765122,-1.0210787202950982,0.3072171440972271,0.9999225138543825
MON1B,1.494409386743083,0.46840847868152646,0.5879824498124775,0.7966368364071306,0.42566197733602984,0.9999225138543825
TERF2IP,28.204810837897437,0.07741424684747648,0.2671840810864057,0.28974123957048625,0.7720142042969056,0.9999225138543825
KARS,5.98969879319013,-0.5829928109228145,0.5649800359540665,-1.0318821441864408,0.30212733166170913,0.9999225138543825
GABARAPL2,20.329411408312883,0.23171073487748411,0.3433730951769013,0.6748074853043154,0.49979808409294413,0.9999225138543825
TMEM170A,7.11774495486841,0.15119074120449674,0.3583482687860168,0.4219100645209993,0.6730906635451721,0.9999225138543825
CFDP1,5.612745192425999,0.08611100088395625,0.48788667932953483,0.17649795440673227,0.8599027556031962,0.9999225138543825
WDR59,1.8246088730707133,-0.17898132317723295,0.6312516171494683,-0.28353404302622737,0.7767674892924753,0.9999225138543825
RFWD3,1.3420571809452204,-0.22123729065195744,0.6323651276982392,-0.3498568800864214,0.7264461090706416,0.9999225138543825
GLG1,7.084418632081941,-0.33497210257739624,0.4795633658675318,-0.6984939351475077,0.48486834939767587,0.9999225138543825
PSMD7,11.024956596168385,-0.1802809080467994,0.31842574102371873,-0.5661631106430266,0.5712829044298071,0.9999225138543825
ZFHX3,1.1965511634107016,-1.4077024736546397,0.7638437040896572,-1.8429195215169423,0.06534076159935567,0.9999225138543825
DHX38,3.287565790282365,-0.18459047213143356,0.6031923387184372,-0.30602257403272176,0.7595874581902994,0.9999225138543825
IRF8,10.154539332368712,0.2135529586051609,0.5561418066523688,0.3839901191579504,0.7009857709392364,0.9999225138543825
COX4I1,112.75790139745338,-0.2512744355345516,0.2951247003975938,-0.8514178420038482,0.39453728402489174,0.9999225138543825
EMC8,3.20812806054429,0.31020862841375296,0.49337580215799204,0.628747147827116,0.5295146061168101,0.9999225138543825
GSE1,5.505987596158123,0.32034474084102105,0.5024110201853366,0.6376148770041862,0.5237244089780663,0.9999225138543825
KIAA0513,1.5610580662384062,-1.2442100610678786,0.6575640743926695,-1.892150300663915,0.058470957994080516,0.9999225138543825
ZDHHC7,2.1967213716793523,-0.015649423148215855,0.5318727930029021,-0.02942324434355954,0.9765270345229352,0.9999225138543825
USP10,6.073740809319743,0.055443175610619726,0.4625409148368261,0.11986653252108262,0.9045888764598294,0.9999225138543825
KLHL36,2.9320272052360585,0.29365881162005225,0.495718383979929,0.592390399691011,0.5535891935364421,0.9999225138543825
COTL1,45.459440282465174,-0.1463634147532058,0.4486317356845352,-0.3262440061889075,0.7442397490125344,0.9999225138543825
MBTPS1,4.088612998406831,0.44383664131309897,0.4791640577764846,0.9262728163975421,0.3543042191342549,0.9999225138543825
HSBP1,14.509195587779894,-0.2556996661921764,0.37254875269998206,-0.6863522272965289,0.49249102200089256,0.9999225138543825
MPHOSPH6,3.4148404580259797,-0.4208446443363957,0.528683599691211,-0.7960236417059258,0.42601829413594805,0.9999225138543825
PLCG2,8.198045918905603,-0.6111545203608101,0.464181197316279,-1.3166292040571128,0.18796294472571817,0.9999225138543825
CMIP,5.708703259533033,-0.32430748206644183,0.5097505464647636,-0.6362082087318754,0.5246407235285472,0.9999225138543825
GAN,2.5077257514088207,0.06697147892513293,0.6475819466781195,0.10341776707747087,0.9176314116636534,0.9999225138543825
GCSH,1.8603858033757783,0.2881514871187812,0.5668267695588338,0.5083589953647601,0.6112016036887034,0.9999225138543825
ACSF3,2.805342800083314,-0.6044719116417859,0.5836820121429861,-1.0356185372622153,0.3003801403538784,0.9999225138543825
TRAPPC2L,8.683219609974348,-0.5382839279966123,0.45205181768200575,-1.1907571365530185,0.2337489403894093,0.9999225138543825
APRT,36.17386011197557,0.1473506385554845,0.34290692718967203,0.4297103000021358,0.6674063899727911,0.9999225138543825
PIEZO1,1.5538772877139626,-0.13303740499533648,0.5994096664630547,-0.22194737996194192,0.8243548463422676,0.9999225138543825
CTU2,1.9903574721184543,0.1989124790711934,0.5549880388909054,0.35840858745118614,0.7200375660925667,0.9999225138543825
RNF166,10.326195275762272,-0.017453336868358076,0.4747893266402135,-0.03676017106758571,0.9706762314525323,0.9999225138543825
SNAI3,3.5331856613089707,0.3659662536324053,0.6211387242530255,0.5891860213231951,0.5557364932993386,0.9999225138543825
MVD,5.641729350277999,-0.0014494016946852216,0.46321895454112777,-0.0031289775180314513,0.997503441221024,0.9999225138543825
CYBA,88.3434036760181,0.35604908400567936,0.7071163127112315,0.5035226561815734,0.6145968555020087,0.9999225138543825
ZC3H18,5.204706974659401,-0.11673071473033164,0.4233700750836434,-0.2757179158382171,0.7827647339745147,0.9999225138543825
BANP,8.36039964681678,-0.8636423631949548,0.5739829206706138,-1.5046481909007274,0.1324145495664571,0.9999225138543825
SLC7A5,20.087209694363253,0.3565553310309457,0.722441652360777,0.49354204573587784,0.621629638705647,0.9999225138543825
KLHDC4,5.127412495285026,0.13594804079762998,0.44412704184864465,0.30610169610874566,0.7595272165653479,0.9999225138543825
MAP1LC3B,50.14487077757776,0.14371445263366806,0.4219944930584279,0.3405600191416949,0.7334348320617077,0.9999225138543825
FBXO31,1.1755584105332324,-0.05150652345604933,0.6633350073246207,-0.07764782935818015,0.9381081948762705,0.9999225138543825
RP11-542M13.3,1.651897720911146,-0.10724719940659655,0.6641370427616923,-0.16148353803701224,0.8717125759402738,0.9999225138543825
ABR,1.7462114333597192,-0.36355962761948635,0.5896846122944154,-0.6165323293835073,0.5375432413891326,0.9999225138543825
TIMM22,3.89142664992479,0.2616032791406451,0.5544196083170209,0.4718506979483643,0.637033360857101,0.9999225138543825
RNMTL1,2.893707401446178,-0.22114859978391635,0.5504181291715412,-0.40178291386727566,0.6878437977434821,0.9999225138543825
GLOD4,7.13658763601447,-1.0643233710274955,0.43654496789061464,-2.4380612521324116,0.014766271706285451,0.9999225138543825
VPS53,3.6774819588849064,0.12492025801501597,0.4811873380860175,0.25960836482502186,0.7951658833172377,0.9999225138543825
DEF8,2.85743763813854,-0.03754672064173246,0.5827109795283629,-0.06443455153723408,0.9486242190292795,0.9999225138543825
TCF25,25.60362283768176,-0.39470240456911165,0.43679145789760815,-0.9036403927606961,0.36618611551952807,0.9999225138543825
FANCA,1.842426221435545,-0.16359726101277056,0.5594113226200386,-0.29244538749511245,0.7699461099613041,0.9999225138543825
ZNF276,4.763841300835839,0.578376783267166,0.491294407862121,1.177250898873419,0.239095378544959,0.9999225138543825
SPATA2L,3.728663060995984,0.6292347458647839,0.4841558566094249,1.2996532775031493,0.19371983064682607,0.9999225138543825
CDK10,3.2368491425888832,0.7968471123549538,0.4797759371053757,1.6608734426377414,0.09673886703262553,0.9999225138543825
SPATA33,1.6979276000732975,0.13573266153512925,0.6069021193247491,0.22364835648645948,0.8230309335346517,0.9999225138543825
CHMP1A,5.746188798235966,-0.14638579070059735,0.5180650678025783,-0.28256255786846707,0.7775121855535841,0.9999225138543825
RPL13,935.4469288056488,0.3031078309064463,0.39256210353016213,0.7721270804815658,0.44003916453268854,0.9999225138543825
SPG7,6.961266230724897,0.030089148601384567,0.37479749342908014,0.08028108279512304,0.9360137033880591,0.9999225138543825
ANKRD11,12.347957422599155,-0.05326615723769902,0.6440288043490668,-0.08270772499304006,0.9340839422648329,0.9999225138543825
ITGAE,10.072596202513514,0.2906525898846383,0.4333020308944518,0.6707852009939886,0.5023573764476837,0.9999225138543825
EMC6,10.391335022468926,0.08790983268785292,0.41513828015116194,0.21176036248895863,0.8322939933428031,0.9999225138543825
TAX1BP3,1.5955736152944378,-0.6789174837695281,0.6983888797939543,-0.9721195503139014,0.3309910771388753,0.9999225138543825
RAP1GAP2,1.9977222733988542,-0.6256284065274199,0.7294149776141959,-0.8577125857406357,0.3910511886458172,0.9999225138543825
PAFAH1B1,12.317725898445135,0.5328075421954641,0.29358685185784583,1.814820857350412,0.06955144402399989,0.9999225138543825
METTL16,2.247847394022613,0.15752405645731843,0.6621809294270182,0.23788673073630068,0.8119689474668181,0.9999225138543825
TSR1,2.144149523363601,0.12129682988172721,0.6250251000079425,0.194067134072193,0.846123315571518,0.9999225138543825
SMG6,1.7372675689412096,1.0618986389275333,0.6897214253306725,1.5396051216162066,0.12365663630326448,0.9999225138543825
RPA1,5.9507099849425895,-0.4813222426520269,0.47174591491809975,-1.0202997576260724,0.30758631825692984,0.9999225138543825
SMYD4,0.9009305935874277,0.543544291454338,0.7959980521540228,0.6828462582081346,0.4947039959369136,0.9999225138543825
MIR22HG,6.319525441217029,-0.5381933703931632,0.5300596368555681,-1.01534494040302,0.309941429107792,0.9999225138543825
PRPF8,7.0677145777189265,-0.16207081013736319,0.43349498147170973,-0.3738700955363657,0.7085009659896724,0.9999225138543825
PITPNA-AS1,2.3440403817783735,0.20696382578504868,0.6425903030358489,0.3220774182356477,0.7473940451619483,0.9999225138543825
INPP5K,4.276162983545561,-0.11892867629628072,0.5981417761447527,-0.19883024566988194,0.8423955357052599,0.9999225138543825
CRK,4.501191395013891,-0.8001308237660036,0.5085399881136212,-1.5733882142366225,0.11562895432653295,0.9999225138543825
YWHAE,18.118995715105697,-0.053329185232359494,0.32324789434715245,-0.1649792192461633,0.8689603385520713,0.9999225138543825
SPAG7,6.559332453744129,0.07856155131253066,0.505130139497344,0.15552734863674422,0.8764055951626061,0.9999225138543825
PFN1,305.8794727682826,-0.024579401008511696,0.439804773974112,-0.05588707186238616,0.9554317698927889,0.9999225138543825
RNF167,13.229046209843537,-0.014056979411258847,0.41618979440149884,-0.03377540631786387,0.9730562476684761,0.9999225138543825
SLC25A11,6.480473957093424,-0.04606697003602879,0.48187099888460955,-0.0956002128010616,0.9238380961850139,0.9999225138543825
CHRNE,2.2948104846612005,-1.7204107883211113,0.6897595909663881,-2.4942180012469692,0.012623498811298125,0.9999225138543825
MINK1,2.5964213179036326,0.34163410514039416,0.691454551780491,0.49408034737885304,0.6212494366004866,0.9999225138543825
PSMB6,22.803960529172205,-0.46319219900241443,0.3844489983224181,-1.2048209281948978,0.22827243895589755,0.9999225138543825
CXCL16,1.4983119608855524,1.2506172166672167,0.8735959116968138,1.431574026300217,0.15226576742853126,0.9999225138543825
MED11,3.3352539372766534,0.31142825969747717,0.5048983939573293,0.6168137261371385,0.5373575972813425,0.9999225138543825
ARRB2,11.530206170891331,0.19879951563640155,0.34311702802772776,0.5793927418266641,0.5623242004507658,0.9999225138543825
PELP1,2.226669638757682,-0.5807286262409324,0.6257782197267087,-0.9280102885245023,0.3534022327401418,0.9999225138543825
RP13-580F15.2,0.7680360342116578,-0.03860794057052053,0.788012675493461,-0.048994060338361775,0.9609240294202059,0.9999225138543825
UBE2G1,9.28767425397813,0.22592652260169843,0.33824848527070434,0.6679306262698759,0.5041778766966922,0.9999225138543825
ZZEF1,3.0475042340094256,0.295693594775705,0.48737882819343964,0.6067017639476634,0.5440488513464963,0.9999225138543825
ATP2A3,4.594593030362705,0.013479272768589614,0.43735729276225116,0.030819819382586565,0.9754132343455674,0.9999225138543825
NCBP3,5.280910744154098,0.3550032486532722,0.4339800822351797,0.8180173772603949,0.41334726480376094,0.9999225138543825
C17orf49,3.8737518489330776,0.5562532928180355,0.6114315041946675,0.9097556946312266,0.36295136491392166,0.9999225138543825
RNASEK,5.576372386970347,0.11060222381210592,0.6505339929459755,0.17001759325633126,0.8649963006647772,0.9999225138543825
ALOX12-AS1,1.8675198837079259,-0.38354144249389516,0.6101792158079089,-0.6285717909713893,0.5296294329684177,0.9999225138543825
XAF1,12.017582830463255,-0.5820353870886192,0.45719921413432035,-1.2730454670414706,0.20300190827602282,0.9999225138543825
MED31,6.413536465103926,-0.2880620058600834,0.4707221061178645,-0.6119576754866815,0.540565760685608,0.9999225138543825
TXNDC17,8.892862995559172,0.06845980086277245,0.37802885193722047,0.181096761561844,0.8562916264709068,0.9999225138543825
NLRP1,4.899793664329037,-0.5309915149894575,0.4202930728777501,-1.2633839319638422,0.20645123582195912,0.9999225138543825
MIS12,3.4946565309063944,0.12763022354416423,0.5567634436720778,0.22923599779179435,0.8186854952158413,0.9999225138543825
DERL2,9.496046866254973,-0.02431763834748361,0.3709833228475141,-0.06554914156472455,0.9477367811234114,0.9999225138543825
DHX33,0.9804376731237691,0.4280751924418271,0.6845106485207967,0.6253740440223721,0.5317255934989707,0.9999225138543825
C1QBP,15.540063385276227,-0.09251616861895501,0.43723341756491285,-0.2115944593947232,0.83242343222678,0.9999225138543825
RPAIN,11.270983074635499,-0.15441844861355974,0.33051472719808284,-0.46720595455044356,0.640352533839279,0.9999225138543825
NUP88,2.3580053531280303,0.03156675591483381,0.5202320291137548,0.06067822461567697,0.9516154739589568,0.9999225138543825
RABEP1,4.535161615722428,0.531668475795119,0.4236362106796088,1.2550118766811786,0.20947444855321118,0.9999225138543825
ZNF232,1.2381555341089288,0.10464152749483752,0.8275568192422059,0.12644633584272533,0.8993786257696172,0.9999225138543825
CAMTA2,1.028203142104925,-0.5022979397518796,0.730135569661651,-0.6879516087466433,0.4914832553228118,0.9999225138543825
EIF4A1,27.91677912136889,-0.6068700863639425,0.4179674761963493,-1.4519552858195408,0.1465140385585398,0.9999225138543825
TNFSF12,2.8557792018849555,-0.24825525066632959,0.7806569057587672,-0.31800814011250617,0.7504787622769039,0.9999225138543825
POLR2A,18.221255863710272,-0.1506961845429737,0.39521709039289526,-0.3812997671562301,0.7029808264090605,0.9999225138543825
ZBTB4,3.0879774180487947,-0.33970080443554884,0.5670968279703991,-0.5990172889016412,0.5491613555448764,0.9999225138543825
CHRNB1,1.093335476986707,-0.0887897999510114,0.664564927728087,-0.13360590703236838,0.8937142129361932,0.9999225138543825
TMEM102,1.6053273538866966,-0.6082063315216595,0.8341642468836321,-0.7291205944079568,0.46592789801784396,0.9999225138543825
TMEM256,8.656880852100183,0.35721430729650905,0.3623411847030099,0.9858506909428386,0.3242063866220589,0.9999225138543825
ACAP1,35.98182845540048,0.13975313786817894,0.3018800767438927,0.46294256770956743,0.6434055343990692,0.9999225138543825
GPS2,4.502750872466172,0.22305862828825593,0.5002058134627272,0.4459336982593408,0.655645139511824,0.9999225138543825
EIF5A,26.971472177270392,0.2446834911614913,0.3690685652665724,0.6629757020481013,0.5073461159561554,0.9999225138543825
ELP5,6.505477642579425,-0.3595798308870017,0.41279391378026287,-0.8710880148257516,0.38370609766259767,0.9999225138543825
CTDNEP1,4.540146084257985,-0.4426999534125202,0.7183882933304618,-0.6162404893322452,0.5377358092132734,0.9999225138543825
GABARAP,29.326516284982652,-0.11364160407111248,0.9190640837923085,-0.12364927111741358,0.901592979086971,0.9999225138543825
PHF23,1.5902629493521754,0.10942249656940667,0.6189895594002376,0.17677599711928949,0.8596843436271351,0.9999225138543825
DVL2,1.5039155257312111,0.7877772079547095,0.6148549343409001,1.2812407674652153,0.20010911081542537,0.9999225138543825
ACADVL,11.540818446974985,-0.43650355732296053,0.4303160069193734,-1.014379084914558,0.31040190035765325,0.9999225138543825
PIK3R5,4.672556823463257,-0.3230734056229808,0.4527400573475441,-0.7135958048770021,0.47547715239169197,0.9999225138543825
NDEL1,5.630141192964118,0.7594548645419962,0.4028910677216219,1.8850129113975354,0.05942809466556112,0.9999225138543825
RPL26,342.0106316300336,-0.5081289701877282,0.5849349901321279,-0.8686930663404999,0.3850150348940543,0.9999225138543825
RANGRF,5.7004589211414345,0.15443101185069621,0.3898724038054711,0.39610654753535823,0.6920264282949385,0.9999225138543825
LINC00324,2.063065546363501,-0.1426814606582515,0.5515187285525834,-0.25870646502378536,0.7958617309804425,0.9999225138543825
BORCS6,3.251455881854191,0.47664555936967773,0.47748803211984536,0.99823561494007,0.3181651201931739,0.9999225138543825
TMEM107,5.630921794264525,-0.9626044275121877,0.48300672588578375,-1.9929420770422441,0.04626779010703631,0.9999225138543825
VAMP2,21.46938787631957,0.29527504470665944,0.5873449336150149,0.5027285123399097,0.6151551605849455,0.9999225138543825
PER1,11.330565639747586,-0.007332812927383414,0.49803858940206325,-0.014723383053885574,0.9882528644001617,0.9999225138543825
TRAPPC1,28.39454872442099,-0.2628321851362339,0.3904009761922885,-0.6732364957171066,0.5007968463600838,0.9999225138543825
CHD3,3.531450741968681,-0.03012744167614469,0.5498103032574017,-0.054796066020683674,0.9563009345563284,0.9999225138543825
NAA38,12.220342500334812,-0.32914224389291924,0.45038810360661047,-0.7307969310406277,0.4649031983817139,0.9999225138543825
KDM6B,34.212727752010885,-0.10094144162075507,0.5082270521300509,-0.19861485373062157,0.842564033499889,0.9999225138543825
TP53,2.6817319199333265,-0.5322663683085432,0.633121225429196,-0.8407021387534704,0.40051482211834255,0.9999225138543825
SAT2,9.442541348837091,-0.055862931326469994,0.34311057454483934,-0.16281320213046815,0.8706655131751403,0.9999225138543825
MPDU1,4.033326805118382,-0.302477715762848,0.4474558481608141,-0.6759945523253917,0.4990441038211719,0.9999225138543825
MPRIP,2.821460378409429,-0.12176267287236006,0.6498628134403535,-0.1873667339538206,0.8513731031475219,0.9999225138543825
TRPV2,6.6623309234129175,-0.7836668028283487,0.50568110392839,-1.5497253046246402,0.12120746187642376,0.9999225138543825
UBB,324.88132219782045,-0.031463333237852525,0.42237706788629725,-0.0744911019798129,0.9406196210888247,0.9999225138543825
PIGL,1.9885950833251151,-0.32755187251603773,0.598802518161447,-0.5470115147841185,0.5843708212920231,0.9999225138543825
NCOR1,21.21448890072059,0.12168373651252387,0.40450494000637777,0.3008213855450203,0.7635507000026175,0.9999225138543825
TTC19,9.100869451080882,0.019550523478027326,0.4569924233218984,0.04278084817230381,0.9658762309551575,0.9999225138543825
ZSWIM7,3.983775980741626,-0.3015911669668945,0.4709626671980957,-0.6403717066602216,0.5219309725159149,0.9999225138543825
HS3ST3B1,2.7423251502332935,-0.47319698878461786,0.5356370769134011,-0.8834283681619034,0.37700486915123654,0.9999225138543825
COX10,1.5105399646890767,0.6925244990934896,0.6527272317404077,1.0609707476842476,0.28870319529894906,0.9999225138543825
ELAC2,2.3237212732635584,-0.10367958902032244,0.5158148450372534,-0.20100156096289637,0.8406973535061624,0.9999225138543825
MAP2K4,2.195377412587237,-0.24763506013084344,0.5323121849007096,-0.46520644680909184,0.6417836224589419,0.9999225138543825
ZNF18,1.025944348246535,-0.4449869173007009,0.7690664131775321,-0.5786066192413212,0.5628546373772272,0.9999225138543825
ADPRM,1.0276787399139753,-0.03627892134736097,0.6738915929236955,-0.05383495168705691,0.957066662465913,0.9999225138543825
SCO1,2.2322266428398407,-0.33852306846470187,0.5228361001290618,-0.6474745496363731,0.5173248608602351,0.9999225138543825
GAS7,2.4163172892753138,0.37046161267412087,0.7226091680868707,0.5126721733339324,0.6081806578513025,0.9999225138543825
STX8,8.433541604674579,0.22723533529053072,0.4347725268251495,0.5226533906129651,0.6012154789997826,0.9999225138543825
SPECC1,3.049753699952457,0.7082760356324207,0.613609427883979,1.1542782810148433,0.24838609787445565,0.9999225138543825
AKAP10,2.408477376192338,-0.20726226734182418,0.5365735173786532,-0.38627002755255585,0.6992966957724615,0.9999225138543825
ALDH3A2,2.620943936587349,-0.5994238857160568,0.5201216753301019,-1.1524685744650514,0.24912857610004735,0.9999225138543825
RP11-160E2.6,4.155317383010709,-0.8579551026019069,0.7056508731163003,-1.2158351038566702,0.22404774347076162,0.9999225138543825
PRPSAP2,4.211576170113079,0.42287151551695407,0.46190590292553035,0.9154927720963342,0.35993299521522526,0.9999225138543825
TVP23B,4.990302017548853,0.05710954196929548,0.5811449463356538,0.09827073663703603,0.9217173144656183,0.9999225138543825
SHMT1,1.3535375227516677,0.35384382011857346,0.7162300628322936,0.4940365372535704,0.621280375885516,0.9999225138543825
TOP3A,1.1495824704168336,0.22501492244023708,0.6604167760831664,0.3407165453530225,0.733316981793259,0.9999225138543825
FLII,2.898375457062474,0.137807281429921,0.5005524287770517,0.2753103841022435,0.7830777872630252,0.9999225138543825
ALKBH5,6.721407158434731,-0.44964225150411674,0.5126017407646541,-0.8771765988023763,0.38039072452848244,0.9999225138543825
DRG2,3.787173765748202,-0.42480092982530754,0.475758341384597,-0.89289223724173,0.37191488462397393,0.9999225138543825
ATPAF2,1.788029128065768,-0.1730827859809043,0.5977935294997175,-0.28953606461039166,0.7721711855592934,0.9999225138543825
PEMT,2.6719832402124277,0.29418976845159184,0.6657279374210751,0.44190689907236963,0.6585565780529166,0.9999225138543825
RASD1,5.005905395804477,-0.36891087700705166,0.6926626669462088,-0.5325981817866628,0.5943117610306643,0.9999225138543825
MED9,1.7714291907040902,-0.8843297289927972,0.7530228802870892,-1.17437298672206,0.24024566039663064,0.9999225138543825
COPS3,7.540542133984401,-0.03383997826912948,0.3489149389080218,-0.09698632673922314,0.9227372529372557,0.9999225138543825
SUPT6H,5.134560641079972,-0.09348426012215884,0.4944117029792501,-0.18908181088521336,0.850028697149509,0.9999225138543825
SDF2,11.570549917260527,-0.16835285088352142,0.3921468175942677,-0.42931076660605894,0.6676970825721442,0.9999225138543825
KIAA0100,1.950970891302625,0.02798584058095584,0.5486029112225878,0.05101292758105869,0.9593152192413708,0.9999225138543825
ALDOC,2.7811750223716234,-0.49054811339323184,0.6155328133052963,-0.7969487617712532,0.4254807896913535,0.9999225138543825
PIGS,2.8557819583337625,-0.02876621373090582,0.5564257566827091,-0.05169820660783895,0.9587691662502382,0.9999225138543825
UNC119,5.545096247175699,0.12142376016913325,0.4944117047906512,0.24559240607086302,0.805997768306367,0.9999225138543825
TMEM199,3.028586350208604,0.11881591776260042,0.4916839093591799,0.24165101908145672,0.8090505858781497,0.9999225138543825
POLDIP2,3.0074418952924744,-0.07585598293680527,0.6140191026841093,-0.1235401025883562,0.9016794202209198,0.9999225138543825
IFT20,4.998958146240764,-0.002400144523748443,0.5251750405918337,-0.004570180108033421,0.9963535365453874,0.9999225138543825
LYRM9,1.2058702308393343,-0.17831192659618567,0.6548954057688597,-0.2722754275346367,0.7854102487184503,0.9999225138543825
LGALS9,3.2126238634245206,-1.054527847792833,0.6207146968799,-1.698892990762985,0.08933934792450296,0.9999225138543825
WSB1,38.94141619035526,0.06021600219100937,0.28721749248624784,0.20965297645961642,0.8339385291347914,0.9999225138543825
MAP2K3,15.851924891355457,0.004456648484506497,0.3626363431221814,0.012289580371719497,0.9901945803882211,0.9999225138543825
TMEM11,3.3474097729742422,0.6035508765502159,0.4930621564914183,1.2240867983968275,0.22091948562861052,0.9999225138543825
DHRS7B,2.1910736652883847,-0.5864917082153215,0.6842363515591561,-0.8571478362394723,0.391363186912577,0.9999225138543825
USP22,3.859962643400461,-0.2304207455801318,0.44680300145490487,-0.5157099321844816,0.6060570166387448,0.9999225138543825
GOSR1,6.261942686945286,-0.6732592944204212,0.43310515005020656,-1.5544938552274787,0.12006666126093922,0.9999225138543825
CPD,6.760765000123109,0.41969162457031034,0.42490227068619385,0.9877368362671525,0.3232815489874108,0.9999225138543825
BLMH,2.876727459203968,-0.3389075096722634,0.4930317912924571,-0.6873948407745372,0.4918339479011591,0.9999225138543825
NSRP1,5.940453316037385,-0.6077259224675802,0.5513410893523029,-1.1022685125491305,0.27034495412866955,0.9999225138543825
SSH2,13.223047470311872,-0.26655607393802966,0.38670749542188376,-0.689296372823668,0.49063678006136646,0.9999225138543825
GIT1,1.7801541067783186,0.23701015894942556,0.6971749737039203,0.3399579271904275,0.7338882121071648,0.9999225138543825
TP53I13,3.967626759365907,0.30395992613092443,0.494683316845997,0.6144535620665618,0.538915650724699,0.9999225138543825
ABHD15,3.5126553648044094,-0.2124809682284902,0.5820250838976613,-0.36507183986910635,0.715057780856714,0.9999225138543825
TAOK1,4.59939496779439,-0.01792226190429093,0.4290743071092732,-0.041769599361554485,0.9666823700484181,0.9999225138543825
NUFIP2,11.798148738300494,-0.058852022474257436,0.6166801117052634,-0.09543363140335102,0.9239704039775788,0.9999225138543825
PHF12,2.779846365424691,0.6424767623166278,0.4856755883386402,1.3228516683623328,0.18588471081155822,0.9999225138543825
DHRS13,1.0218927271555953,0.9186869484253809,0.7440080671004438,1.234780896940671,0.21691205881411801,0.9999225138543825
FLOT2,5.694746160211971,-0.17331027892246764,0.5403853654755039,-0.3207160852144208,0.7484255564785389,0.9999225138543825
ERAL1,2.20316623852641,0.01769881427762957,0.5721527737172881,0.030933721010631503,0.9753223973063495,0.9999225138543825
TRAF4,8.117864639991733,0.1984136700127428,0.6013635801473036,0.3299396181660044,0.7414455871686936,0.9999225138543825
RPL23A,412.76340486296544,-0.038621266303367666,0.487879038117916,-0.0791615611368678,0.9369041183764061,0.9999225138543825
RFFL,2.7056314259742895,-0.24530010481642645,0.49940433808480056,-0.49118537046983696,0.623295345112279,0.9999225138543825
LIG3,2.1618840551779397,-1.2155332384825388,0.6747036143516101,-1.80158103888426,0.07161134668330996,0.9999225138543825
ZNF830,6.382267542572678,-0.5997366905101071,0.37595750190285376,-1.5952246928831793,0.11066199880259087,0.9999225138543825
PSMD11,7.210087254681711,-0.21036878491567917,0.4177002928336747,-0.5036357132731207,0.6145173913838888,0.9999225138543825
ZNF207,20.482090645000387,-0.17337819124449821,0.29656391875994736,-0.5846233485498235,0.5588010045966725,0.9999225138543825
C17orf75,2.560356693022283,-0.30997022879704544,0.5127141471915614,-0.6045673412659583,0.5454665120551725,0.9999225138543825
RHOT1,1.5471269818209854,0.9879236033667631,0.602576838080297,1.6394981368917407,0.10110955837478136,0.9999225138543825
SUZ12,5.038396183573484,0.04780257274707553,0.4918284601797334,0.09719358804410504,0.9225726599380335,0.9999225138543825
UTP6,4.090584628570517,-0.7840046300394498,0.4403467822517424,-1.7804254774620816,0.07500635531136263,0.9999225138543825
COPRS,1.163836496516256,-0.4833792858007178,0.8393008830705125,-0.5759308676434545,0.564661910521959,0.9999225138543825
RAB11FIP4,2.304726702698122,-0.12697036616921814,0.5175750457280012,-0.24531778959827263,0.8062103784168189,0.9999225138543825
EVI2A,12.766802628680123,-0.590605788791655,0.4933009554354357,-1.1972524729256375,0.23120816298996327,0.9999225138543825
EVI2B,11.044316690489609,-0.6877607778015519,0.7288990080678733,-0.9435611383593888,0.3453939589345366,0.9999225138543825
NF1,3.0735889189656045,-0.4446529251616808,0.5348377065208126,-0.8313791636984698,0.4057594660982382,0.9999225138543825
TEFM,1.6061146781371776,-0.5020014793805694,0.5978435682506988,-0.839687011854012,0.4010838981680982,0.9999225138543825
CRLF3,5.398491114742693,0.19471179693913887,0.457377158542551,0.42571386284263757,0.6703163593138118,0.9999225138543825
CCL4L2,132.41293931282445,0.09804902289707802,0.6020521495728366,0.1628580231241513,0.8706302221894813,0.9999225138543825
CCL3L3,7.045320537936349,1.288896425219468,1.201372053594384,1.0728536770630046,0.28333677276986524,0.9999225138543825
CCL4,981.4844816697248,-0.20038523365932448,0.43566604376238505,-0.4599514617407636,0.6455510607095967,0.9999225138543825
CCL3,91.9378146826708,0.3691972261621776,0.5659811571848259,0.6523136353135042,0.5141988656141322,0.9999225138543825
AC069363.1,1.832931003606493,-0.5186520590554152,0.7003638658579547,-0.7405465706316241,0.45896841406156474,0.9999225138543825
CCL5,392.8416248700959,0.060117007370625475,0.28799997116312553,0.20873962982647215,0.8346515014135509,0.9999225138543825
TAF15,9.352131158801974,0.061801783042134587,0.3483849327665923,0.17739510877050463,0.8591980490260591,0.9999225138543825
AP2B1,5.939544582687202,-0.40775127608622436,0.450650696746515,-0.9048056044958898,0.36556838202992525,0.9999225138543825
RP11-1094M14.11,3.4132307715961248,-0.7662765648547506,0.5503034801997835,-1.3924617823179306,0.16378260690131685,0.9999225138543825
SLFN12L,7.02773119079472,-0.2021511333005418,0.4089909629533989,-0.49426797071693546,0.6211169421145788,0.9999225138543825
SLFN13,3.6263949332093275,-0.4433889204503482,0.6578264701237237,-0.67402109916154,0.5002978997087952,0.9999225138543825
SLFN12,1.52624542272207,0.24131017351017098,0.632068724442823,0.3817783797527541,0.7026257567114275,0.9999225138543825
SLFN11,1.4402985546574307,0.3363570614740143,0.622299908784936,0.5405063647378064,0.5888478728312836,0.9999225138543825
RP11-47L3.1,4.661935148335021,-0.23504915131913928,0.443176391726522,-0.5303738098580505,0.5958527808445229,0.9999225138543825
SLFN5,17.804236527857537,-0.26381356260278405,0.4896096716452785,-0.5388242469072723,0.5900081313666056,0.9999225138543825
RAD51D,1.0766926471926632,0.22436870412644347,0.6862503817344106,0.3269487494628129,0.7437066486958517,0.9999225138543825
RPL19,732.8862419794101,-0.05962013918538517,0.288763700433594,-0.20646687618929374,0.8364262362758852,0.9999225138543825
LASP1,12.478969455176392,-0.17852879938003954,0.33079065017907566,-0.5397032814663649,0.5894016766063359,0.9999225138543825
RPL23,112.30354188847507,-0.651190596750961,0.638932162955147,-1.019185814248444,0.30811475999861027,0.9999225138543825
CWC25,8.098822801619228,-0.13530676094202804,0.56657520080267,-0.238815184198564,0.8112488955744591,0.9999225138543825
PSMB3,22.92154278317031,-0.40029317021538674,0.4363473575194369,-0.9173727382949853,0.35894735321809623,0.9999225138543825
CISD3,8.654325003647754,-0.27734681981355014,0.6557472813354059,-0.42294772347167525,0.6723334025489216,0.9999225138543825
MLLT6,7.445444238678396,-0.19849582028084126,0.5914828681601518,-0.3355901429542265,0.737179958144751,0.9999225138543825
MRPL45,2.9473698900611325,0.20281025104641992,0.5347484166211575,0.3792629295246719,0.7044926248642153,0.9999225138543825
DDX52,3.889731088850047,-0.3592617464975871,0.49132887612893467,-0.7312042176884176,0.4646544243562526,0.9999225138543825
SYNRG,10.12442497858418,-0.04207627334287344,0.34183521190607097,-0.12308934795879105,0.9020363462329619,0.9999225138543825
DUSP14,3.452015645833831,0.25774475530970886,0.476578385714275,0.5408234259793637,0.5886292945261777,0.9999225138543825
TADA2A,0.8392219726112501,0.20312701334716188,0.7154997102829026,0.2838953118050141,0.7764906093880505,0.9999225138543825
AATF,4.76656861286842,0.49852209530813585,0.43577879844840517,1.143979691263386,0.25263205947182477,0.9999225138543825
GGNBP2,14.291035147665381,0.20872005389145426,0.37141878364759207,0.5619534150687734,0.5741477590825874,0.9999225138543825
MYO19,1.7804613132807718,0.12637271514557338,0.5650905204186406,0.22363269348767637,0.8230431221490573,0.9999225138543825
ZNHIT3,8.335079703178916,-0.020077817641565833,0.47842697615441415,-0.04196631595264737,0.9665255504246234,0.9999225138543825
IGFBP4,5.4814363263714,-0.28499981012526493,0.8621027015868181,-0.330586842612468,0.7409565860051928,0.9999225138543825
RARA,7.109388466929351,1.0962043322272288,0.606816162924935,1.8064850595662738,0.07084260578445443,0.9999225138543825
WIPF2,4.629109321456218,-0.42802749446720717,0.49355344724889744,-0.8672363588038202,0.3858125185263316,0.9999225138543825
CASC3,2.6383745499296576,-0.16037235529051128,0.5133292066730418,-0.31241619063506415,0.7547242473792177,0.9999225138543825
MSL1,3.4526575500760948,-0.3305513729112565,0.5779799306885558,-0.5719080462144523,0.5673842726370253,0.9999225138543825
THRA,1.072029293278218,0.09607049095242819,0.7101232971583644,0.1352870569616075,0.8923849180453146,0.9999225138543825
MED24,1.0898850725637377,0.17521589353373476,0.7146212862859639,0.24518706186932712,0.8063115938276142,0.9999225138543825
PSMD3,5.6717320056881295,-0.02306263283648437,0.4186049014428669,-0.055094034391358085,0.956063548794105,0.9999225138543825
ORMDL3,6.183271334508456,-0.25348201040953555,0.4480135482724958,-0.5657909484812274,0.571535900339795,0.9999225138543825
IKZF3,10.050151473565318,-0.7078690941945578,0.3902668391841625,-1.813807946568892,0.0697072986670555,0.9999225138543825
MIEN1,12.648282926668474,0.1599329844135356,0.4144894980397354,0.3858553357079351,0.6996038107341433,0.9999225138543825
PGAP3,1.3955491964684883,-0.010767126652449709,0.64530146493852,-0.01668542105893953,0.9866875778530991,0.9999225138543825
STARD3,7.2315946062161505,-0.5865643690099521,0.47380209454990074,-1.2379944617323242,0.2157181143803787,0.9999225138543825
CDK12,8.3051436317521,0.0847930162638506,0.4778882458790289,0.17743273034029558,0.8591685000719752,0.9999225138543825
MED1,3.27997566295945,-1.0974119642273827,0.51511231891736,-2.130432381298654,0.03313593280729819,0.9999225138543825
FBXL20,2.1346616027799192,0.5421778754624218,0.5123195315741147,1.0582807057864192,0.28992748655845635,0.9999225138543825
STAT3,30.97308272537571,0.5395219811894757,0.308680880649902,1.747830899191284,0.08049331312270476,0.9999225138543825
STAT5A,3.3556196819351425,0.6488757057374466,0.5516471856044343,1.1762512755802061,0.23949447997848827,0.9999225138543825
STAT5B,2.464162137004639,0.44950398959065907,0.6459652328809169,0.6958640600298758,0.4865139667157742,0.9999225138543825
GHDC,1.273043681008196,-1.0842664555113068,0.6586131186813936,-1.646287364700709,0.0997046096242647,0.9999225138543825
RAB5C,9.688252077136887,-0.6114339429306521,0.5834953065282183,-1.047881510082177,0.2946932021168407,0.9999225138543825
NKIRAS2,2.459075247056616,0.5177344698047255,0.544439863931886,0.9509488634166186,0.3416303352382797,0.9999225138543825
DNAJC7,10.010091516749826,-0.14610191264254557,0.5765163092184844,-0.2534219939772368,0.7999421335141842,0.9999225138543825
CNP,2.840185937084845,0.2510492188413915,0.49716978445449267,0.5049567103456399,0.6135892413938488,0.9999225138543825
ACLY,2.7648986273237797,-0.3552429694801237,0.5234450766821062,-0.6786633121699349,0.4973512171989919,0.9999225138543825
NT5C3B,2.122383198411399,-0.11259452911763358,0.7137896199881594,-0.15774189756290002,0.8746601842932957,0.9999225138543825
EIF1,479.29646465208486,0.24052659782271166,0.31592738801926784,0.76133506287857,0.44645696292454795,0.9999225138543825
KRT19,1.6650870326196043,-2.019579954631418,0.8133523804320761,-2.4830319591104653,0.013026939957608999,0.9999225138543825
TMEM99,2.344795047549128,-0.45113700119706474,0.5805838459348014,-0.7770402231407015,0.4371350395968233,0.9999225138543825
KRT10,19.84773714692749,0.3593745877421397,0.448815241917637,0.8007183227705295,0.4232947326839086,0.9999225138543825
SMARCE1,8.927822329554846,-0.6854776161254402,0.4332332490310435,-1.5822368612255844,0.11359550837023089,0.9999225138543825
CCR7,6.9625644225389465,-0.027453881155594922,0.8328353831793653,-0.03296435491343943,0.9737030128417663,0.9999225138543825
ARL4D,3.942937113223506,1.005328208028137,0.6348000067766087,1.5836928123756622,0.11326364125930177,0.9999225138543825
NBR1,6.2545770139950045,-0.4691714332695956,0.4224634663937612,-1.1105609611040304,0.2667573744437348,0.9999225138543825
RP11-242D8.1,1.9053223502199008,-0.15733875072681414,0.6314376573420846,-0.24917543148931182,0.8032250829979953,0.9999225138543825
VAT1,2.26049258117334,-0.5789379675441612,0.659781524834642,-0.8774692011711872,0.38023184035066193,0.9999225138543825
IFI35,7.890396845295995,-0.8486811259125159,0.4545888504209179,-1.8669202404033793,0.061912726887298083,0.9999225138543825
RPL27,235.4280946501375,-0.29382522746830847,0.4494915935079655,-0.6536834764254641,0.5133157509223393,0.9999225138543825
RUNDC1,2.1067512905534618,0.3976057706271929,0.5349825680899863,0.7432125724147219,0.4573529928165888,0.9999225138543825
AARSD1,2.2309031250337217,-0.7265784615391084,0.729263916015673,-0.996317582129613,0.3190958636674033,0.9999225138543825
PSME3,3.958696246598284,0.775561794935923,0.4286123563663654,1.8094713869447927,0.070377801477181,0.9999225138543825
BECN1,6.334983715743265,-0.4692399883366898,0.4151789214926071,-1.130211492071245,0.2583871184812331,0.9999225138543825
COA3,5.743911641630176,-0.5246767721541891,0.4543236286078691,-1.154852486457495,0.2481508392859999,0.9999225138543825
VPS25,3.233519111955015,-1.073352908204566,0.592504982042699,-1.8115508573516346,0.07005562407758693,0.9999225138543825
EZH1,3.00781287394986,-0.28992031817849956,0.47531975528993375,-0.6099479665044746,0.5418962766281837,0.9999225138543825
FAM134C,3.45222318486319,0.017202816991486798,0.5078230812180077,0.033875610675722034,0.9729763418842293,0.9999225138543825
MLX,5.547316417144342,0.24836174849464485,0.38055191556048745,0.6526356545304751,0.5139911939514814,0.9999225138543825
COASY,3.0686476533249762,-0.15738974131353806,0.46000546652676017,-0.34214754555396604,0.7322398580453455,0.9999225138543825
NMT1,4.037095173291073,-0.49119217069397525,0.5463504187783962,-0.8990423614797419,0.3686300972659212,0.9999225138543825
DCAKD,1.240230832703635,0.052419617402912504,0.689204508880119,0.07605814635207274,0.9393728380179451,0.9999225138543825
EFTUD2,2.9567560998780666,-0.43224216867380477,0.5427601226571744,-0.7963779036633896,0.42581241743664033,0.9999225138543825
CCDC43,2.7005355959220223,0.044833322835875274,0.4830188413998167,0.09281899378075129,0.9260473612961813,0.9999225138543825
GPATCH8,11.123476103511937,-0.6544902197966316,0.4841377138947955,-1.3518678694361213,0.17641758777329852,0.9999225138543825
GRN,2.9253138831347782,-0.15311711261320402,0.5298114709077354,-0.28900301526289296,0.7725790701251066,0.9999225138543825
SLC25A39,11.101623067011676,0.20747210118883455,0.41147451271654567,0.5042161659518309,0.6141094815150737,0.9999225138543825
UBTF,5.2237003063421295,0.3052743640195974,0.51376941199701,0.5941855565768364,0.552388012022272,0.9999225138543825
ATXN7L3,1.5128112847902762,-1.108358933781777,0.628775260486954,-1.7627266901744991,0.07794659695612866,0.9999225138543825
TMUB2,5.169229134751938,-0.42672009084434953,0.4075407772665424,-1.047061090932904,0.2950714031752255,0.9999225138543825
ASB16-AS1,1.8819448801655996,0.13602461834838916,0.6969269603668151,0.1951777246166442,0.8452538168810063,0.9999225138543825
HDAC5,2.5293049121430053,0.07834674216936852,0.5731971500020613,0.13668376084753173,0.8912807660167555,0.9999225138543825
LSM12,5.141587855609204,0.18240648935716944,0.3908975875807266,0.46663498356714606,0.6407610533461274,0.9999225138543825
TMEM101,3.2664112616941083,-0.7438670798293578,0.4756411306223372,-1.5639250517634358,0.11783517049713144,0.9999225138543825
DUSP3,1.7184494004414104,0.5516063188065796,0.7407085880222899,0.7447008550007258,0.4564525821841635,0.9999225138543825
DHX8,2.4428048739895947,-0.7282738432394401,0.5672694102574617,-1.2838235767179913,0.1992036922105469,0.9999225138543825
MRPL10,8.94516503495094,-0.7204807408576241,0.43273561751136824,-1.6649443949195994,0.09592384996312328,0.9999225138543825
OSBPL7,1.8118953832854967,0.09842583768096633,0.603544282199235,0.16307972850362476,0.8704556604304287,0.9999225138543825
TBX21,8.79623168743476,0.1682713469239505,0.4717299912505308,0.3567111484217321,0.7213080586617525,0.9999225138543825
KPNB1,12.569397448482972,-0.3711433749848709,0.34583843193579095,-1.0731698409209132,0.28319491965109667,0.9999225138543825
NPEPPS,5.590212974271693,0.25524046089851404,0.42577215450820766,0.5994766407242673,0.5488550826267221,0.9999225138543825
CDC27,4.578146434330497,-0.01778945725135041,0.4508841632075384,-0.03945460653307991,0.9685279440529115,0.9999225138543825
GOSR2,1.9348800606405958,-1.6140376941951216,0.7315552073190678,-2.206310170506597,0.027362289757677603,0.9999225138543825
NSF,2.2239956053408956,-0.14664127116371498,0.5792585261790245,-0.25315340998259955,0.8001496674783022,0.9999225138543825
KANSL1-AS1,3.6364594750751005,0.6482096296787139,0.7694665397156489,0.8424143172206751,0.3995560817732725,0.9999225138543825
KANSL1,7.317148169479653,0.07388661003341057,0.36567274836573255,0.20205664863905,0.839872438168024,0.9999225138543825
PLEKHM1,3.7912868930624515,0.566440511305909,0.5182176219048112,1.0930552867419774,0.27436952620341226,0.9999225138543825
ARHGAP27,2.3696636923843126,0.1462538075890551,0.5282108003034994,0.2768853031877057,0.7818681779340011,0.9999225138543825
MAP3K14,0.7933454712959609,-0.17183800295007032,0.7161754479060247,-0.2399384165604887,0.8103779984859326,0.9999225138543825
FMNL1,14.20352913106952,0.08734399915301731,0.5052899727376197,0.17285915784117914,0.8627621356275395,0.9999225138543825
CTD-2020K17.1,6.6362793168755445,-0.7554016669111908,0.7770506040827331,-0.9721396044764707,0.3309811016853158,0.9999225138543825
HEXIM1,13.16563051708922,-0.6836518969805425,0.49242996691743857,-1.388323097516046,0.16503868192882853,0.9999225138543825
ZNF652,3.1801972741868823,0.25600019746752234,0.4924771463746453,0.5198214766960448,0.6031880089384735,0.9999225138543825
ABI3,11.268015360740966,0.04962170360430499,0.5482604688279075,0.09050753505972844,0.9278839064186287,0.9999225138543825
GNGT2,1.8998585831123092,-0.214081097227514,0.582943047562429,-0.3672418740092916,0.7134386071593826,0.9999225138543825
SNF8,5.554800080110661,0.07749760578694653,0.6318006927593657,0.12266147643567574,0.902375170784819,0.9999225138543825
UBE2Z,2.424308566426638,-0.4030727440376553,0.7395651121060133,-0.5450131941592679,0.5857444431250254,0.9999225138543825
ATP5G1,15.564780397229898,-0.7122766191137211,0.3821730872385271,-1.8637539975941981,0.06235625861100628,0.9999225138543825
CALCOCO2,8.957368828018653,-0.10658617860102283,0.3655384687177898,-0.29158676233146774,0.7706025979439407,0.9999225138543825
HOXB-AS1,2.053575621014807,-0.5100977211596849,0.6922595781385721,-0.7368590298617389,0.46120808119626744,0.9999225138543825
HOXB2,4.828869807856999,-0.24557529973569217,0.4747381515750865,-0.5172857899052822,0.6049566721966848,0.9999225138543825
SKAP1,21.08282957033287,0.020056506591456774,0.33501176914479797,0.059868065658278416,0.9522607141690468,0.9999225138543825
SNX11,2.845612232312425,-0.2576015400075737,0.6243583187458048,-0.41258606199888087,0.6799099147659121,0.9999225138543825
CBX1,3.2217288764057845,-0.3445341064011146,0.6725206734900822,-0.5123026250079962,0.6084392283800508,0.9999225138543825
NFE2L1,1.5716126272743702,0.1252411231032605,0.6349291434683658,0.1972521255192634,0.843630241541787,0.9999225138543825
CDK5RAP3,7.711915745423519,0.141724783135836,0.3734283507033292,0.3795233620289037,0.7042992592459055,0.9999225138543825
PNPO,1.1132275594299756,-0.5040921650949094,0.6915767340554835,-0.7289027236917824,0.4660611685966526,0.9999225138543825
SCRN2,4.483388259883095,-1.6480091550507316,0.5903735271077296,-2.7914685862091644,0.005246945054173119,0.9999225138543825
SPAG9,6.24395059688088,0.9141863201572391,0.5686629841376284,1.6076065185491075,0.10792138367163329,0.9999225138543825
TOB1,24.922060819113593,-1.0333110705400745,0.5036210796654482,-2.051762946909401,0.040192705921050606,0.9999225138543825
LUC7L3,23.317579773920915,-0.32707369380310575,0.34641164111551564,-0.9441763930041791,0.3450795165818964,0.9999225138543825
ANKRD40,1.0651701302081442,-0.009111746774178938,0.7080456902111555,-0.012868868351506534,0.9897324120268396,0.9999225138543825
SPATA20,1.817420631753847,-0.30172431575059366,0.6087198989079393,-0.4956702028172491,0.6201271133229702,0.9999225138543825
RSAD1,3.2126872666304367,-0.13950183851929196,0.4696986009554142,-0.29700288277531844,0.7664643082563232,0.9999225138543825
LRRC59,6.16879036458084,0.3316672127517084,0.4588698363345345,0.7227914900684596,0.46980799637024595,0.9999225138543825
MRPL27,6.646801275839968,-0.7196355710069936,0.416366199139094,-1.7283717374151868,0.08392159915712802,0.9999225138543825
COL1A1,2.5636000384520736,-0.5074112576659507,1.1653207152746132,-0.4354262745139452,0.6632530422878531,0.9999225138543825
PPP1R9B,1.1129634404143398,-0.27419495904331614,0.644574004631581,-0.42538941544817294,0.6705528207077361,0.9999225138543825
PDK2,1.7303973056617294,-0.010214547739006433,0.5895234652840269,-0.0173267873808639,0.9861759155694405,0.9999225138543825
KAT7,3.7872746174109646,0.6614589745799202,0.4634150374819036,1.4273575975741837,0.1534768463861606,0.9999225138543825
FAM117A,3.9833573109454505,0.3170680006918075,0.6187669888962888,0.5124190630424066,0.6083577521707086,0.9999225138543825
SLC35B1,6.143914471533245,0.531179056035158,0.4068646695530476,1.3055423480703627,0.1917082369134987,0.9999225138543825
SPOP,8.84568525082886,-0.8136777672638495,0.4061450453362511,-2.0034167020065414,0.04513258022202737,0.9999225138543825
PHB,10.567421080829376,-0.1283189080705277,0.39124164756598867,-0.3279786517330951,0.7429278040768905,0.9999225138543825
DYNLL2,5.370958590941507,-0.2183012530243793,0.6385156845252846,-0.34188863063979247,0.7324347060808452,0.9999225138543825
SRSF1,12.461707526847928,-0.1600293849436295,0.36575325202990533,-0.43753373088407954,0.6617243191910995,0.9999225138543825
VEZF1,3.4762748768802796,0.15365932048111205,0.5062313022814104,0.3035357943861281,0.7614815733529694,0.9999225138543825
MRPS23,3.9272888804734447,-0.7085211968034234,0.5736310307178791,-1.2351514455498231,0.21677414588146748,0.9999225138543825
MSI2,7.102356846366958,-1.0926973816337868,0.6052247049331086,-1.8054408102104083,0.07100572988685726,0.9999225138543825
SCPEP1,3.84276862046308,-0.3024033761857214,0.524357752544763,-0.5767119389732033,0.5641340659192182,0.9999225138543825
COIL,3.067298558780384,-0.32307996168715447,0.5023736137067584,-0.6431069484388569,0.5201547061477407,0.9999225138543825
TRIM25,1.8550651175692707,-0.696606255819202,0.6366518028687088,-1.0941714963820766,0.27387977010576436,0.9999225138543825
DGKE,2.3668089264064425,0.4867655943832987,0.5968672514972367,0.8155340960025048,0.4147666559840152,0.9999225138543825
C17orf67,2.1691450231018687,1.0447916012762388,0.7806029591123441,1.338441763613495,0.18075247239365333,0.9999225138543825
MMD,3.5784187111208188,-0.3299188063154832,0.5619326647103003,-0.5871144836998755,0.5571268207777383,0.9999225138543825
STXBP4,1.0171609188310802,-0.5504011790398523,0.8306743952626978,-0.6625955755694021,0.5075896045937306,0.9999225138543825
COX11,4.067055329655993,-0.30489473141153334,0.6530278688845161,-0.46689390443986095,0.6405757866057791,0.9999225138543825
UTP18,3.6246363237337755,1.1190288708722331,0.44479730220583125,2.515817576506791,0.01187566329551597,0.9999225138543825
MBTD1,1.1455545102552842,-0.13512248759524711,0.6995316773649954,-0.1931613563294634,0.8468326019297845,0.9999225138543825
NME2,9.738031632588406,0.330011752323851,1.2860422291480496,0.2566103545001553,0.7974795808783458,0.9999225138543825
RPS6KB1,2.86797797664337,0.1946738676770335,0.5353092652812226,0.3636661651555057,0.7161073120707776,0.9999225138543825
TUBD1,2.701169281689764,-0.3003160758919648,0.5516262636776805,-0.5444194659800349,0.5861528534227654,0.9999225138543825
VMP1,20.925628611213185,-0.16543638460966587,0.48175992608638546,-0.34340005395135564,0.7312975189456825,0.9999225138543825
PTRH2,2.3955837057288436,-0.15679984433356617,0.5836540541249233,-0.2686520263594456,0.7881974722836269,0.9999225138543825
CLTC,4.597357481354735,0.321441630814524,0.46535476382964686,0.6907453319467782,0.4897255959775765,0.9999225138543825
RP11-758H9.2,3.7986129511611373,-0.11044548953104426,0.5601854242034924,-0.1971588062793364,0.8437032656730253,0.9999225138543825
DHX40,2.4548062549905505,-0.1658123805635349,0.5311585305092449,-0.3121711712029991,0.7549104401418826,0.9999225138543825
YPEL2,2.885035662340979,-0.07382880337786406,0.6623275119402497,-0.11146872513507237,0.9112446647412278,0.9999225138543825
SKA2,5.011945730626148,-0.4992575770430584,0.4359568069723403,-1.1451996368868127,0.2521264687545708,0.9999225138543825
TRIM37,1.9644883798449806,0.4879515110388345,0.5605004021428152,0.870564069487509,0.3839922221564481,0.9999225138543825
RAD51C,4.150248804305297,-1.234462352612187,0.49939239575430044,-2.4719286138660763,0.013438634828351566,0.9999225138543825
MTMR4,1.3578845945730886,0.356190089356452,0.6133714112208717,0.580708658474123,0.5614368251864792,0.9999225138543825
SUPT4H1,16.02394486639265,-0.07699514961408228,0.35829212355713014,-0.21489489874818668,0.8298492621945722,0.9999225138543825
RP5-1171I10.5,18.099493202587652,-0.16877353222788521,0.4184226060210782,-0.40335662987430265,0.6866858872797242,0.9999225138543825
BZRAP1-AS1,2.936223000339128,-0.435366508493893,0.4931197482526365,-0.8828819166877998,0.37730007492505513,0.9999225138543825
BZRAP1,1.8453050431370208,-0.006974028458851029,0.7142657269787442,-0.009763913058449982,0.9922096482987338,0.9999225138543825
DDX42,2.721382075276904,-0.38073081347842874,0.5922746947889975,-0.6428280945112251,0.5203356511475192,0.9999225138543825
CCDC47,5.436560709733834,0.2779818945992041,0.42648730806850405,0.651794061253878,0.5145340332761204,0.9999225138543825
LIMD2,47.99767696319666,0.26613257634863824,0.37404053505426205,0.7115073137996404,0.47676992022648057,0.9999225138543825
MAP3K3,1.8841248202948828,-0.5920131591762898,0.6050578683294308,-0.9784405594308565,0.3278564763084352,0.9999225138543825
TACO1,1.882063023415809,-0.24708353655669069,0.6580767893233362,-0.37546307750916563,0.7073161011066853,0.9999225138543825
DCAF7,6.569392554448601,0.13650834457231817,0.37888495432314756,0.3602896948393772,0.7186305049178301,0.9999225138543825
CYB561,1.9126979863917455,0.059400226082539,0.5984387930820008,0.09925864895326016,0.9209329095822886,0.9999225138543825
TLK2,2.154515257325153,-0.018891981650477264,0.7691128139991933,-0.024563342732834878,0.9804032587327121,0.9999225138543825
METTL2A,1.8297679916220573,-0.21033721119765292,0.5551325111040175,-0.3788955015071007,0.7047654648649921,0.9999225138543825
MED13,5.199962354954007,-0.49339978806916307,0.4557041002027182,-1.0827196592035844,0.2789328752691552,0.9999225138543825
NACA2,2.4223653825745535,-0.8289471265856097,0.6447480926642353,-1.2856914755035955,0.19855075744444506,0.9999225138543825
PPM1D,3.708132251407808,0.4253625830916291,0.5784588648518797,0.7353376513653179,0.4621338831399271,0.9999225138543825
APPBP2,3.3874468128453787,-0.27935643545728234,0.45440560332099694,-0.6147733069654557,0.5387044397963283,0.9999225138543825
USP32,1.5170261568158667,-0.2206866187849275,0.6989301242632072,-0.3157491873991971,0.752192888940747,0.9999225138543825
HEATR6,1.5457804040311884,-0.006515299648621136,0.6620302630738515,-0.009841392474069325,0.9921478316393612,0.9999225138543825
RNFT1,3.0215922145544014,0.23509405302174377,0.5554122636828389,0.42327846969542465,0.6720921009296903,0.9999225138543825
PITPNC1,11.249841075912778,0.2991705353019275,0.4261008408945825,0.7021120509263261,0.4826092875496245,0.9999225138543825
PSMD12,6.602001642001084,0.11718800128880232,0.4257318890666479,0.27526244638549185,0.7831146138458116,0.9999225138543825
HELZ,10.48022467433238,-0.140806569112384,0.4381322485182755,-0.32137914884964386,0.7479230825218868,0.9999225138543825
PRKCA,2.6238640130004374,0.15185235546181336,0.8457018378594607,0.17955779290507856,0.8574997424173937,0.9999225138543825
RGS9,2.7356742800277525,-0.3338308472493388,0.5743796609662041,-0.5812024170350647,0.5611040388583092,0.9999225138543825
GNA13,7.642626152940648,0.05348083206006244,0.47279385179397354,0.11311659797845142,0.9099381161658239,0.9999225138543825
SMURF2,4.138554716436315,0.7423983469511483,0.6890120021837604,1.0774824598093862,0.2812647827106701,0.9999225138543825
CEP95,3.741882675869278,0.03386729381711115,0.4838420119104649,0.0699965959619445,0.9441963690225622,0.9999225138543825
DDX5,177.21409927542678,-0.18594392840994767,0.4619420798728031,-0.4025264995584463,0.6872965900439474,0.9999225138543825
POLG2,2.5543066079222148,-0.6008604137314653,0.7114508680619935,-0.8445564419201864,0.39835853754179384,0.9999225138543825
PECAM1,3.779493766959734,-0.3037037405673078,0.4695360442960331,-0.646816669895163,0.5177506022379121,0.9999225138543825
ERN1,10.71873044789076,-0.46851109806894764,0.4636432174440539,-1.0104991951607296,0.3122561848369213,0.9999225138543825
ICAM2,10.651876720392034,-0.2777178321025512,0.45090210218409954,-0.6159160286841185,0.5379499420797094,0.9999225138543825
CD79B,1.7688919932744653,0.07188924998707742,0.7772635658531741,0.09249018369742726,0.9263085900660293,0.9999225138543825
PSMC5,15.414597592739858,-0.703919293359174,0.3818941129290602,-1.8432315909775034,0.06529520430742904,0.9999225138543825
FTSJ3,2.152395340880929,0.037353947206222975,0.665970007391747,0.05608953375020395,0.9552704816711265,0.9999225138543825
CD300A,16.740878901665763,-0.036501609062507795,0.4862632352787442,-0.07506553326324107,0.9401625708967567,0.9999225138543825
RPL38,145.4547220154719,-0.6526082396937289,0.5661308696909148,-1.1527515538059734,0.24901237438971457,0.9999225138543825
CDC42EP4,0.6734411671929693,-0.6360062983588199,0.7990924497405978,-0.7959107842469053,0.4260838926040086,0.9999225138543825
FAM104A,4.143465387067264,-0.10369620329678778,0.5434198760788748,-0.1908215136424947,0.8486654329396519,0.9999225138543825
SLC39A11,1.3596337905302665,-0.48397313208929826,0.6975501113675734,-0.6938184428649157,0.48779607511659173,0.9999225138543825
MAP2K6,1.6404180545228078,0.18043862543876585,0.5807084440448805,0.3107215458792614,0.7560123162466397,0.9999225138543825
ABCA5,2.598418300209514,0.3870339264984112,0.5989343145968149,0.6462042949717302,0.5181470583914666,0.9999225138543825
PRKAR1A,25.948225444413406,-0.17636383644020867,0.32334104661633273,-0.545442152444929,0.5854494559998011,0.9999225138543825
WIPI1,2.648162829975859,-0.1885360532765838,0.5719731471157307,-0.329623959144425,0.7416841167217777,0.9999225138543825
ARSG,2.4381444753034827,-0.005198019092708224,0.6292737288041127,-0.008260346578565527,0.9934092719493826,0.9999225138543825
AMZ2,7.687273182056644,0.18035184542053473,0.35187334171822465,0.5125476244942648,0.6082677983826337,0.9999225138543825
RP11-147L13.15,1.9909333013852548,-0.3211121129945779,0.5996454285734989,-0.535503311946318,0.5923018680231358,0.9999225138543825
KPNA2,18.575256007752024,-0.035698536855567606,0.5522978755746558,-0.06463638271000759,0.9484635160516002,0.9999225138543825
C17orf58,1.0333438494927825,-0.502845413458228,0.7322086306841183,-0.6867515519291388,0.4922393047098216,0.9999225138543825
BPTF,18.434388798994583,-0.5750666970314346,0.5430299928390031,-1.0589961965543397,0.289601511894403,0.9999225138543825
NOL11,3.977185409958112,-0.4978107423492322,0.4596773285945078,-1.0829569164773032,0.27882754673475074,0.9999225138543825
TSEN54,15.551966508610567,-0.025151644540517264,0.3819623945387185,-0.06584848377781262,0.9474984554960048,0.9999225138543825
GRB2,13.939970466121041,0.08098535418767208,0.2843210106600781,0.28483774026990455,0.7757684567909422,0.9999225138543825
SLC25A19,3.4945211216733343,-0.015371660770564639,0.5581967595462864,-0.027538068804016408,0.978030576836593,0.9999225138543825
MIF4GD,4.933045706415082,-0.4579616063786841,0.4685453915908622,-0.9774113983359375,0.32836552227178506,0.9999225138543825
MRPS7,8.043725098693022,-0.23864352869221275,0.3657848126312205,-0.65241508245125,0.5141334371842838,0.9999225138543825
GGA3,2.103094276533164,-0.14923145174195276,0.6578210609728866,-0.22685721177921306,0.8205347746638649,0.9999225138543825
NUP85,1.0248461310906254,-0.14454403471613028,0.6835048475402954,-0.21147477627451475,0.8325168127492535,0.9999225138543825
SUMO2,82.19611865553746,-0.1752905027484191,0.2869262517335342,-0.610925287210073,0.5412490431848185,0.9999225138543825
HN1,34.43725751500714,-0.26676089748065557,0.4261747211360977,-0.625942563579378,0.531352615215658,0.9999225138543825
NT5C,11.692890148579512,0.43670444270434206,0.42436981638902443,1.0290657484084833,0.30344878000569897,0.9999225138543825
ARMC7,1.8699077362368839,-0.6113612914002602,0.7710639388662014,-0.7928801498604987,0.42784765348461506,0.9999225138543825
ATP5H,18.259267782381706,-0.20073224967416362,0.43314792140234176,-0.4634265565081813,0.6430586469290394,0.9999225138543825
ICT1,2.161764882862013,-0.48963972330577543,0.5641140551268654,-0.8679800101695015,0.38540527596111107,0.9999225138543825
NAT9,1.4273311927129564,-0.27772632329418256,0.5865013772737224,-0.4735305560323802,0.6358347063811356,0.9999225138543825
SLC9A3R1,36.73487939355285,-0.025047383669636034,0.36276975947360823,-0.06904485011645038,0.9449539194260739,0.9999225138543825
RAB37,6.690568139830931,-0.037637740192475136,0.45629784857435046,-0.08248502663352429,0.9342610247731331,0.9999225138543825
RHBDF2,5.038372201112949,-0.36513275899702435,0.4477155332905699,-0.8155463276277509,0.4147596575909557,0.9999225138543825
UBE2O,1.540677378548493,-0.18042143905846983,0.6032855180350072,-0.29906476065616483,0.764890633384839,0.9999225138543825
PRPSAP1,3.299019334282905,0.06155132764832052,0.4777262800160489,0.12884224758632232,0.8974824753723356,0.9999225138543825
UBALD2,6.2808701811154135,0.07877664225005827,0.7498765067767276,0.10505282074867518,0.9163338956613543,0.9999225138543825
EXOC7,6.066907147952697,-0.5789880214148476,0.50902610569917,-1.1374426869906442,0.25535327093884796,0.9999225138543825
SRP68,3.4139731744302635,-0.010834382356917112,0.4420824129302144,-0.024507607722063784,0.980447715454042,0.9999225138543825
ACOX1,2.1359236275558877,-0.12000275592989551,0.523958891990309,-0.22903086055864674,0.8188449302877491,0.9999225138543825
FBF1,1.2644828854188572,-0.1618749609162951,0.7329322644760654,-0.22085937372672626,0.8252019313315087,0.9999225138543825
MRPL38,1.7690218587043438,-0.3796032251408628,0.8608041596489662,-0.4409867458071579,0.659222592404492,0.9999225138543825
WBP2,9.185089398105008,0.08239685732350714,0.40189943180532783,0.2050185962029888,0.8375575959523337,0.9999225138543825
UNC13D,4.750228446622872,-0.538271564828582,0.5768735175632487,-0.9330842003326415,0.3507764960609485,0.9999225138543825
UNK,2.5835856951151546,-0.19671788894410053,0.5198420712312649,-0.378418561772361,0.7051196813288472,0.9999225138543825
H3F3B,702.7369629885183,0.20457660168839945,0.3930581523300583,0.5204741346176497,0.6027331511124221,0.9999225138543825
GALK1,1.4926332235625575,0.5834264531589225,0.6423394840937587,0.9082836531247128,0.36372837687500303,0.9999225138543825
SAP30BP,8.362570982247556,-0.41268038679405217,0.4160287469395324,-0.991951613512018,0.3212211295355394,0.9999225138543825
LLGL2,4.3740436642085,-0.21720217778148093,0.7292220307146927,-0.297854656926103,0.7658140964968214,0.9999225138543825
LGALS3BP,2.3490861373507794,-1.7992621637707282,0.7434817413375101,-2.4200488912261497,0.015518420477115111,0.9999225138543825
USP36,8.168305155144315,0.3006164934067928,0.47177909725798695,0.637197568001628,0.5239961616226188,0.9999225138543825
CYTH1,10.588671635435663,-0.16197752105531502,0.37957351737486267,-0.42673556937152646,0.6695719400272884,0.9999225138543825
SOCS3,19.493919420484737,0.47145445528181495,0.5801539507057992,0.8126368090887884,0.41642632089223075,0.9999225138543825
SYNGR2,14.112901021844285,-0.40529419477264605,0.5728505526465996,-0.7075042398059418,0.4792531788443857,0.9999225138543825
TMC8,10.428654840688173,0.22996211587873283,0.3441143574918216,0.6682723660671386,0.5039597494788115,0.9999225138543825
TMC6,14.596848594702784,0.3749708125689738,0.3999641735212829,0.9375110007172203,0.3484957677955316,0.9999225138543825
TNRC6C,4.540403873803703,-0.19929114433168155,0.5453624666568836,-0.3654287863874324,0.7147913564079537,0.9999225138543825
SEPT9,23.01556818483328,0.10765401830968337,0.26720504552478874,0.40288916737426,0.6870297607379594,0.9999225138543825
SEC14L1,12.955206948807822,-0.2944498465861371,0.40782924588341174,-0.7219929653360686,0.47029880255300627,0.9999225138543825
MFSD11,5.792904690009324,-0.28527965993778165,0.40157747812328537,-0.7103975583267148,0.47745763688130194,0.9999225138543825
SRSF2,110.70317517211991,0.23822818321878494,0.44275122680493506,0.5380632933259882,0.5905333529002514,0.9999225138543825
METTL23,7.747333207522272,0.10368833260355569,0.38306581768785897,0.2706802011972942,0.7866370056885738,0.9999225138543825
JMJD6,20.53928849974127,0.3891484080484174,0.36447375577640484,1.0676993936626533,0.28565613204850726,0.9999225138543825
MXRA7,2.5398869919147966,0.15472222060921131,0.9600852898910459,0.16115466223502892,0.8719715885883699,0.9999225138543825
PRCD,1.291233736590209,-2.1188578539286613,0.797559924913401,-2.656675426813511,0.00789153805932223,0.9999225138543825
ARL16,6.011867252968116,0.22549545712318517,0.4856056110545469,0.4643592495430532,0.6423903808312701,0.9999225138543825
CCDC137,3.347784673883264,-0.47963843002325124,0.5994161267106717,-0.800176052411691,0.4236088025570274,0.9999225138543825
OXLD1,4.219801032316426,-0.1694732476686405,0.6290814877053218,-0.26939792535752727,0.7876234824947437,0.9999225138543825
PDE6G,1.3329434805693656,-0.37725010756871724,0.8023193117768066,-0.47019946052808287,0.6382125195414745,0.9999225138543825
NPLOC4,1.7927734395041997,-0.49072955004172747,0.6325848906276681,-0.775752878882093,0.43789491120222657,0.9999225138543825
ACTG1,368.09004384612797,-0.2398242057780717,0.25253513812634465,-0.9496666782983935,0.3422816462261523,0.9999225138543825
SLC38A10,2.9054405983876452,-0.0900481398282057,0.5264973011691632,-0.1710324813218241,0.8641982254743472,0.9999225138543825
C17orf89,9.00405230406194,0.4097317076557451,0.45807127028308364,0.8944715249278455,0.37106965852278573,0.9999225138543825
BAIAP2,4.498861299600575,-0.4570561975674917,0.7906440170935067,-0.5780808906234185,0.5632095079127554,0.9999225138543825
CHMP6,2.9195880255194364,0.43135179878278507,0.5486155534489816,0.7862551399992318,0.43171802803758275,0.9999225138543825
RPTOR,1.2461755546611597,0.117219007721865,0.7495422739744196,0.15638745377270802,0.8757276259385369,0.9999225138543825
ENDOV,2.8873282678704473,-0.25893740437874135,0.6231975488801662,-0.41549811106290485,0.6777772976701038,0.9999225138543825
RNF213,27.56282204380873,-0.22098441460186555,0.38477006350391973,-0.5743285030791236,0.565745524671746,0.9999225138543825
EIF4A3,34.7858332705327,0.028440048500164995,0.6975283436465396,0.040772606244910525,0.9674771782422428,0.9999225138543825
GAA,2.0387197358766285,-1.177423767398617,0.6488310687383245,-1.8146846292181418,0.06957238851836574,0.9999225138543825
CBX4,4.921513824757588,-0.19107947079066817,0.7214352705862354,-0.264860173297873,0.7911171800070584,0.9999225138543825
CD7,178.24304246226603,0.4802418658343952,0.40760217582512687,1.1782122233823227,0.23871201073121184,0.9999225138543825
CSNK1D,13.066476616326858,0.36835995998017806,0.4269595143508782,0.8627514965680267,0.388274112180895,0.9999225138543825
SLC16A3,14.755507863702105,0.11192544712455306,0.4455193683269646,0.2512246494352441,0.8016404280522411,0.9999225138543825
CCDC57,4.314834308906521,0.26664944915492633,0.44628419176183637,0.5974879999720588,0.5501816164122909,0.9999225138543825
DUS1L,1.8521175373229324,1.315372379409937,0.7560126576905183,1.7398814239806002,0.0818798411227774,0.9999225138543825
GPS1,5.366356944840173,0.13352478387750621,0.45108012538411163,0.2960112325139682,0.7672215033035172,0.9999225138543825
DCXR,20.29248758741608,0.6582899031920144,0.4757846105222949,1.3835880535719165,0.16648462837359224,0.9999225138543825
STRA13,7.916576375017434,0.3046062206565859,0.46467843770180645,0.655520454452543,0.5121327213939588,0.9999225138543825
ASPSCR1,2.4826676922340183,0.27901397988634397,0.5483156145426815,0.5088565280400659,0.6108527931361263,0.9999225138543825
SIRT7,7.249533614539847,0.18872225027952133,0.5397951557789603,0.34961827326364675,0.7266251953260006,0.9999225138543825
PCYT2,2.019419852865718,-0.31058915507492624,0.764852421888691,-0.40607723292288445,0.6846858535266429,0.9999225138543825
ANAPC11,20.122611848457687,-0.5156393807749918,0.3952154555258725,-1.3047044936258467,0.19199349076407557,0.9999225138543825
ARHGDIA,23.668134655153057,0.030302233296239985,0.4016814517408332,0.07543846788273194,0.9398658534491222,0.9999225138543825
P4HB,24.32284655660443,0.0470590417060424,0.4166042680828574,0.1129586163929625,0.9100633644918363,0.9999225138543825
FAM195B,9.371936813896845,0.0027856460203098416,0.40639325796995074,0.006854557662262734,0.9945308970977786,0.9999225138543825
HGS,3.5885798347100746,-0.5833410279775602,0.4470449801542123,-1.3048821793644372,0.19193297025508338,0.9999225138543825
METTL4,2.722182427964199,-0.2195018343331807,0.5080322220851883,-0.43206281962244125,0.6656957564578243,0.9999225138543825
YES1,9.694003636614806,-0.22142871571188974,0.4783400484536924,-0.46291067709612027,0.6434283939687857,0.9999225138543825
ENOSF1,3.093513972303523,-0.19115941493543048,0.4995304460632291,-0.3826782059871363,0.7019583757386838,0.9999225138543825
THOC1,4.498344083944022,-0.7539618308632522,0.4983395813731261,-1.5129479155273677,0.13029288943068695,0.9999225138543825
USP14,8.315482048951818,-0.14027672233145463,0.3367566291127437,-0.4165522225977948,0.677005961973133,0.9999225138543825
METRNL,26.011726692358003,0.38876280266257635,0.8120562237637353,0.47873877606741355,0.6321244765763594,0.9999225138543825
B3GNTL1,2.765266422035579,-0.823981263800178,0.7232654791703499,-1.1392514747770877,0.2545982814568313,0.9999225138543825
TBCD,6.536117000980823,0.17961310553617862,0.560327966500537,0.3205499569438437,0.7485514663170586,0.9999225138543825
FN3KRP,2.7079180387912625,0.017423435038418915,0.5479490385145076,0.031797546512087924,0.9746335032482903,0.9999225138543825
RAB40B,1.400902499698278,-0.8231948084922617,0.7411769829935342,-1.1106588944080082,0.2667152019535566,0.9999225138543825
WDR45B,4.979925621234977,0.38030849081584006,0.42246799193290857,0.9002066383202735,0.3680102941010017,0.9999225138543825
FOXK2,1.7527522400432602,0.1139304487040305,0.7976531826833658,0.1428320618251153,0.8864228150073667,0.9999225138543825
NARF,17.503346668363907,-0.153099842545723,0.4315709408464787,-0.3547501188227238,0.7227768003010233,0.9999225138543825
C17orf62,9.68679793509669,0.42303764179228653,0.4415071262019211,0.9581671884471743,0.3379784597141363,0.9999225138543825
HEXDC,3.316356816254442,-0.058491709063730205,0.5071172358652147,-0.11534159150385602,0.908174373075781,0.9999225138543825
OGFOD3,2.4625913493222837,-0.23982402970855513,0.5881036626344586,-0.40779210357956913,0.6834263113640213,0.9999225138543825
RAB31,1.1525339848040559,-0.8513188029504677,0.8053991209339955,-1.0570148151679388,0.2905048260472738,0.9999225138543825
PPP4R1,1.349210297662816,0.15324732286232298,0.685742948303238,0.2234763379506988,0.823164797061109,0.9999225138543825
RALBP1,5.063889634802046,-0.373453537677313,0.5085182046375687,-0.7343956111531562,0.4627076608801698,0.9999225138543825
TWSG1,2.2204402123614346,0.3448410361262504,0.6103317491022903,0.5650058949636189,0.5720697545745093,0.9999225138543825
ANKRD12,27.87928361367899,0.37175645630008347,0.38466030260078493,0.9664539173565472,0.3338170955516252,0.9999225138543825
NDUFV2-AS1,3.0147219950542943,1.0137995278084517,0.6759363422175363,1.4998446813534123,0.13365464021995535,0.9999225138543825
NDUFV2,19.250535592207243,-0.22502585714953038,0.27189797182433195,-0.827611385402004,0.4078906183016978,0.9999225138543825
L3MBTL4,2.091394550831896,-0.24823695475901905,0.7809496521567533,-0.3178655039713016,0.7505869603606207,0.9999225138543825
ZBTB14,0.9604265520572604,0.2066347788963848,0.6948768930798263,0.2973689022533765,0.7661848828245098,0.9999225138543825
LINC00667,3.2352412731572935,0.2910494464781328,0.461775487669002,0.630283447801273,0.5285091505448554,0.9999225138543825
DLGAP1-AS1,4.341818041240987,-0.7466225175841789,0.455439871739785,-1.6393437727181706,0.10114168460026082,0.9999225138543825
TGIF1,13.868527189672058,0.07077784798404056,0.44342659752844193,0.15961570275337575,0.8731838085705522,0.9999225138543825
MYL12B,81.98107969784327,-0.29897333977008156,0.3159605237565666,-0.9462363722387898,0.344028038387741,0.9999225138543825
MYL12A,188.11597033797253,-0.4957262894398357,0.37115244142700055,-1.3356406535650842,0.1816667555948478,0.9999225138543825
LPIN2,8.01260028570373,-0.6671204644081539,0.5287195163382926,-1.26176629345626,0.20703289426502658,0.9999225138543825
SMCHD1,26.875591634287993,0.2127930618424773,0.3055043195882107,0.6965304521039214,0.48609669336468675,0.9999225138543825
SNRPD1,15.074995398455398,-0.14385137466023248,0.48310076407938757,-0.2977668125496765,0.7658811459081047,0.9999225138543825
ESCO1,6.820077478804686,-0.2978025905183965,0.38331592952280163,-0.7769115958450707,0.437210929367876,0.9999225138543825
ROCK1,19.22222938916419,0.17814950070718236,0.3572217813069899,0.49870839357940466,0.617984830601235,0.9999225138543825
ZNF519,0.7434348510895626,0.19549114458991,0.7536695744613658,0.2593857457090848,0.7953376267332182,0.9999225138543825
RNMT,19.457572791587843,-0.6185745943039145,0.4741683463275374,-1.304546368594218,0.19204736061394811,0.9999225138543825
FAM210A,2.5229344312065662,0.7618724485601404,0.5981594608570647,1.2736945554091907,0.20277168676593926,0.9999225138543825
LDLRAD4,53.00380137445576,0.48657738306194814,0.7125973548680875,0.6828223255922988,0.49471912049097844,0.9999225138543825
CEP192,1.2776698063121166,0.3103932020621836,0.6732331358766328,0.46104861083228366,0.6447637296457627,0.9999225138543825
SEH1L,2.1349407257872186,0.8265601770595562,0.6899710548949614,1.1979635539716789,0.23093120589795835,0.9999225138543825
PTPN2,13.95654830373761,-0.3943986997738661,0.3120712445767012,-1.2638098082661708,0.20629829989421533,0.9999225138543825
PSMG2,11.127164460435369,-0.026913203318923294,0.36847721745692646,-0.07303898869153108,0.9417750918595236,0.9999225138543825
AFG3L2,5.0670425251657125,0.022620588137769716,0.4755742373413868,0.047564788757747035,0.9620630947515432,0.9999225138543825
MPPE1,6.284719416067593,-0.44491661015182,0.49099722484293756,-0.9061489304631853,0.36485702960947497,0.9999225138543825
CHMP1B,41.94051404166906,-0.06157361393835991,0.35667434711495666,-0.17263258329737585,0.8629402386355987,0.9999225138543825
NAPG,3.7308144412589237,0.2814128760476071,0.44849556453847317,0.6274596635915376,0.5303579687620543,0.9999225138543825
VAPA,28.77395169507246,-0.007348710446658649,0.2926629756766116,-0.025109805672101373,0.9799673788540088,0.9999225138543825
ZNF24,8.893439745338105,-0.45433760475096313,0.38487410717955567,-1.180483686160266,0.23780789512907807,0.9999225138543825
ZNF397,1.7425401414031614,0.0906109927923172,0.6048826934059878,0.14979928138149015,0.8809229763350519,0.9999225138543825
MAPRE2,26.26411664052599,0.4912775510189504,0.4906473219202409,1.001284484945812,0.31668929158474,0.9999225138543825
RNF138,11.722222686538434,0.5074684800804745,0.492012105509145,1.0314146225230272,0.3023464265993323,0.9999225138543825
RNF125,23.057461038719495,0.10136068985691486,0.28242920228048396,0.3588888437827059,0.7196782457988675,0.9999225138543825
TRAPPC8,3.239356906344821,-0.14168185389324073,0.4570070960872933,-0.31002112463080433,0.7565448921258296,0.9999225138543825
TAF4B,3.641540433821174,0.39197151685150844,0.6682322786578018,0.5865797408631842,0.5574859922184401,0.9999225138543825
SS18,5.809234279882433,0.32954927725985517,0.37326559450263475,0.8828814712991957,0.3773003155924253,0.9999225138543825
IMPACT,1.497531391342507,-0.703533648186676,0.6813763785225116,-1.0325184000540344,0.3018293324808967,0.9999225138543825
TTC39C,7.41394589301433,0.8033054930364234,0.3887229925398539,2.0665242562261463,0.038779004480534104,0.9999225138543825
NPC1,1.6374042297726819,-0.29930850793420194,0.6239921131356939,-0.47966713301889763,0.6314641020166907,0.9999225138543825
C18orf8,4.00451693578129,0.10410969595989959,0.46794127602707075,0.22248453234092724,0.8239367129573281,0.9999225138543825
RIOK3,10.319616364703437,-0.22042900430273105,0.32591870367376524,-0.6763312501493434,0.49883035611560644,0.9999225138543825
RBBP8,4.729548548739824,-0.20198016633135207,0.7023008185206221,-0.287597794285386,0.7736546334849768,0.9999225138543825
MIB1,3.1880035379102867,-0.38736136913325847,0.49019206026044293,-0.7902236705495602,0.4293971545767288,0.9999225138543825
ABHD3,7.402846199385356,0.5608804103309316,0.4398072314656086,1.2752869216403289,0.2022077050814527,0.9999225138543825
PIAS2,3.1771966200645894,0.2592846473369964,0.5300013498137194,0.4892150697882708,0.6246894416439381,0.9999225138543825
C18orf25,3.2413042836856887,0.022154125268700624,0.4951499984040297,0.04474225051016445,0.9643127563637642,0.9999225138543825
HAUS1,3.547796651800268,-0.7530473366401814,0.5976783941380563,-1.2599540890652252,0.20768592473906267,0.9999225138543825
ATP5A1,18.336207228501515,0.07535343457797662,0.3820023104526955,0.1972591068590091,0.8436247785608644,0.9999225138543825
PSTPIP2,2.270331835029902,-0.7397639069125957,0.7555006660934432,-0.9791704231549928,0.3274957799871695,0.9999225138543825
EPG5,2.0319069735975144,0.09208266638825405,0.6084363976928749,0.15134312598230737,0.8797050514386143,0.9999225138543825
SETBP1,1.9022221124533836,-0.9702788390386626,0.7994124507033418,-1.213739963875955,0.22484703840338094,0.9999225138543825
PIK3C3,5.4261755196106245,-0.8994972671882433,0.498086197547162,-1.8059068322267113,0.07093289372419108,0.9999225138543825
KIAA1328,1.1286059647847637,0.1672436451000673,0.6232329744725266,0.26834851805075627,0.7884310632157123,0.9999225138543825
TPGS2,4.985775025522181,-0.5946178481286208,0.4309008560893971,-1.3799412085764298,0.16760474724222207,0.9999225138543825
ELP2,6.043596295104143,-0.1300655904189448,0.44828424676419065,-0.2901408902003258,0.7717084546955459,0.9999225138543825
SLC39A6,3.4935329973358202,0.7227614763176204,0.4756477433332142,1.519530968974431,0.12862889889084086,0.9999225138543825
RPRD1A,2.6797469782372705,0.23448954270200417,0.5119187139066911,0.45806011058377766,0.6469092560260896,0.9999225138543825
C18orf21,1.7576270755406445,0.30789548927170085,0.6183925818306029,0.4978964792240071,0.6185570089999375,0.9999225138543825
GALNT1,4.022621922664792,0.047630148045296784,0.6956961861113249,0.06846400626619942,0.9454162716583266,0.9999225138543825
INO80C,2.471918971005491,-0.6292447458939973,0.5098526794972266,-1.2341697341171278,0.21713966284530928,0.9999225138543825
RAB27B,2.3799150451208413,0.09477187120816034,0.5611446742899874,0.16889026226271248,0.8658829587586112,0.9999225138543825
MBD2,3.649037268851489,0.38551977662142306,0.8312891452372382,0.4637613504641651,0.6428187368331575,0.9999225138543825
MEX3C,4.039327641246598,-0.23418726588100028,0.5770061826465248,-0.4058661292100294,0.6848409661857298,0.9999225138543825
SMAD4,2.201256604440949,-0.47268016521426054,0.5933210658388326,-0.796668435404344,0.42564362042140125,0.9999225138543825
ELAC1,1.4182833891571722,-0.4632458835704798,0.6914420919572299,-0.6699706149783177,0.5028765225704683,0.9999225138543825
ME2,4.45847290600677,0.3154902614215263,0.41060799596783204,0.7683490446353668,0.44227984438682033,0.9999225138543825
CXXC1,3.4964666415683276,0.3916033610892187,0.4764638143771386,0.8218952820187313,0.4111364983925362,0.9999225138543825
MBD1,4.779690164069314,0.03126696908875647,0.4054842593962302,0.07711019198455023,0.9385358851122895,0.9999225138543825
ACAA2,8.63070025993236,-1.2600234447580687,0.6929423233235334,-1.818366987189735,0.06900806058769864,0.9999225138543825
RPL17,40.57618173539841,-0.054717465256712956,0.3341341809187033,-0.16375895787215503,0.8699209022948049,0.9999225138543825
C18orf32,6.491232091235885,-0.27794771699837095,0.7551307432087133,-0.3680789313613576,0.7128143801337163,0.9999225138543825
DYM,4.402595795814809,0.9706486043247278,0.5329855702382517,1.8211536268999455,0.06858350737500361,0.9999225138543825
SMAD7,7.551964218648882,0.26864963415076076,0.47207726901335173,0.5690797921963969,0.5693019913957214,0.9999225138543825
SMAD2,5.163643053383158,0.004583482459024907,0.4257290270594032,0.010766196730074881,0.9914099837970441,0.9999225138543825
IER3IP1,5.977535887904564,-0.5673543878920448,0.5538374154548582,-1.024406029748072,0.30564353512299625,0.9999225138543825
HDHD2,2.6954899695001884,-0.011815944659594546,0.5517322691747025,-0.021416084067856292,0.9829137432774999,0.9999225138543825
VPS4B,8.397158672249505,-0.28181453462376455,0.49863452320005747,-0.5651725292007059,0.5719564196973201,0.9999225138543825
KDSR,4.103147625261155,-0.26871157803840706,0.4600342079644981,-0.5841121668481318,0.5591448495744051,0.9999225138543825
BCL2,5.750570927035564,-0.018294965828626376,0.5550707328790997,-0.03295970179103501,0.9737067234799491,0.9999225138543825
ZCCHC2,5.0099248541428345,-1.0207692406882327,0.6847762707085356,-1.4906609419044943,0.13605053550168902,0.9999225138543825
KIAA1468,3.497077365464451,0.19038809254310232,0.7268523213955049,0.26193504091391034,0.7933715237443174,0.9999225138543825
PIGN,0.9852864505864471,-0.12796719932351114,0.7208138826043573,-0.17753154095916632,0.8590908925954012,0.9999225138543825
PMAIP1,25.576095018502,0.08810140287957102,0.4536313928833368,0.19421363746364131,0.8460086050237173,0.9999225138543825
LMAN1,9.076173035694193,0.15628768039957555,0.33290082523933506,0.46947219276856517,0.6387321565437996,0.9999225138543825
SEC11C,12.225190631890344,-0.00702874087907114,0.4234582471505186,-0.016598427179935798,0.9867569793148596,0.9999225138543825
MALT1,5.047448888813798,-0.2771653353399087,0.5226777360573132,-0.5302795895433295,0.5959180958143138,0.9999225138543825
RP11-35G9.3,1.5066808620459455,-0.5043003341043497,0.6311323377610741,-0.7990405560477892,0.4242668960890964,0.9999225138543825
NARS,5.403298145947121,-0.1644699853075564,0.4496003177260679,-0.3658137657450779,0.7145040472332813,0.9999225138543825
FECH,1.3479825834180685,-0.18363233199774656,0.6010063853879829,-0.3055413993300615,0.7599538443060092,0.9999225138543825
WDR7,1.712356329727861,-0.4773646851739878,0.6066014163548342,-0.7869495063868285,0.4313114252367939,0.9999225138543825
TXNL1,13.310686558137494,0.18298629693848584,0.31332196228050596,0.5840200144497523,0.559206846559644,0.9999225138543825
TCF4,2.9692875318553584,-1.648267717234451,0.7025640686261978,-2.3460746013633935,0.01897230967041816,0.9999225138543825
TXNL4A,5.46050645358736,-0.02556294870741227,0.7441396244551223,-0.03435235521308263,0.9725961760580119,0.9999225138543825
PQLC1,0.970132450060844,-0.20362234589992953,0.7988278938294316,-0.2549013967499333,0.798799257445334,0.9999225138543825
CTDP1,3.647179410051769,0.5929193361875552,0.46063782460859753,1.2871703201780202,0.19803492968197578,0.9999225138543825
NFATC1,3.5826103107873504,0.9535150262839669,0.5534818330260621,1.7227575855033856,0.08493237185024641,0.9999225138543825
ATP9B,2.6615342059588687,0.5945572939702741,0.471651387720951,1.26058633441791,0.20745792472538682,0.9999225138543825
MBP,31.410527920761773,-0.029701881800161405,0.357671958815707,-0.08304224322898487,0.9338179503517605,0.9999225138543825
TSHZ1,2.694927942337591,-0.9442932057901704,0.5875475341137496,-1.6071775489867932,0.10801542553616503,0.9999225138543825
ZADH2,1.2487887985126698,-0.8573870665620816,0.7112848558084344,-1.2054060473248653,0.22804658809766876,0.9999225138543825
ZNF407,1.3049311514391875,0.18910689300120856,0.8143931068875243,0.23220591063687146,0.8163780871910885,0.9999225138543825
LINC00909,2.993447183532583,-0.9374626298294121,0.543132803396291,-1.7260283745841118,0.08434230815086777,0.9999225138543825
CNDP2,5.9621885448087655,-0.5783235684469554,0.4299805888091929,-1.3449992476371784,0.1786254775331727,0.9999225138543825
CYB5A,6.815886045298582,0.19766900260549986,0.39454333145108106,0.5010070804605871,0.6163661398532354,0.9999225138543825
TIMM21,2.011110149005607,0.24396380185239655,0.7399289975233649,0.3297124489903409,0.7416172463567581,0.9999225138543825
RTTN,0.5975241874712034,-0.9040101271498621,0.811659423266211,-1.11378011668,0.26537352899974265,0.9999225138543825
CD226,9.30667134160094,-0.041093960466363225,0.4411060738653151,-0.09316117573776739,0.9257755174794385,0.9999225138543825
TMX3,5.4850069869592595,0.07783641674484285,0.5086558925714076,0.1530237197319321,0.878379569939912,0.9999225138543825
VPS16,2.810190848223507,0.08052037987943005,0.531688209683423,0.15144285393759882,0.8796263867194232,0.9999225138543825
PCED1A,1.7300829070173103,-0.010975304343840645,0.6183929131714601,-0.017748108217400534,0.9858398018731965,0.9999225138543825
IDH3B,7.6896164879622955,0.03960698085319187,0.4132600159717158,0.09584034100192901,0.9236473773242959,0.9999225138543825
NOP56,12.82109651738365,-0.2338278909996418,0.489591565006569,-0.4775978748663786,0.6329364437299421,0.9999225138543825
SNRPB,30.28267480060824,0.08621501758035902,0.2967062925880397,0.29057360674201743,0.7713774482494329,0.9999225138543825
STK35,1.322843232159569,-0.10220342900688281,0.7298831642562653,-0.14002710846334676,0.8886385719375602,0.9999225138543825
SIRPG,2.9247624448330876,-0.04838590148402919,0.6413260629422401,-0.07544664762577562,0.9398593455050542,0.9999225138543825
NSFL1C,4.7687571435868925,0.330543537515569,0.40483924933879784,0.8164809564671113,0.41422511094847614,0.9999225138543825
FKBP1A,21.425264398817372,-0.04495317607401329,0.3188669855800505,-0.1409778312177381,0.8878874555414967,0.9999225138543825
PSMF1,8.47386668028706,0.10976104173655445,0.39703082621912406,0.27645470952922074,0.7821988411396168,0.9999225138543825
FAM110A,5.7339185955731455,-0.23031676916528704,0.5267365220675037,-0.43725232543448145,0.6619283658779271,0.9999225138543825
CSNK2A1,3.172258960915527,-0.253955047720506,0.4783461805237369,-0.5309022169727642,0.5954865414051091,0.9999225138543825
TBC1D20,3.283677924735044,0.5189596092688009,0.4769883374122188,1.0879922391484176,0.2765985336695016,0.9999225138543825
RBCK1,14.420427435674922,0.07848729986667088,0.40546145902609515,0.19357524154131628,0.8465084858701847,0.9999225138543825
ADNP2,1.3452363424232758,0.12598266107798284,0.6767138261054852,0.1861682977618738,0.8523127840476086,0.9999225138543825
RBFA,2.795143759384087,0.5891610097154133,0.5223941950891258,1.1278092583224368,0.2594004825252747,0.9999225138543825
GPCPD1,14.457727454982956,0.7747437154193747,0.526750774906122,1.4707974858840032,0.14134589257351524,0.9999225138543825
CDS2,6.273382526611211,-0.05884646868894419,0.4160132472705618,-0.1414533529281396,0.8875118083977127,0.9999225138543825
PCNA,8.350785867180472,-0.46896064336037024,0.3616682165372404,-1.2966598166971692,0.1947482611646859,0.9999225138543825
TMEM230,18.464290906641597,0.08974507317277948,0.4520357352458115,0.19853535058235433,0.842626229409346,0.9999225138543825
RASSF2,1.9692540819744229,-0.5233912674854364,0.7905739790657643,-0.6620395830684148,0.5079458540334678,0.9999225138543825
PRNP,28.436399739403562,0.8267395648255147,0.49229005730533104,1.679374898105548,0.09307900226589304,0.9999225138543825
RNF24,2.6625838773767216,0.2527855855225922,0.6098587814986376,0.41449855801274044,0.6785090228698509,0.9999225138543825
PANK2,4.3524174209629765,-0.10273428495217145,0.4381828388968346,-0.23445529087997696,0.8146315386221923,0.9999225138543825
MAVS,1.7413743609521004,-0.9484249881353227,0.6466341770452092,-1.4667102695826328,0.14245488802133657,0.9999225138543825
CDC25B,4.55968951740953,0.3217002060908137,0.44096493697063166,0.729536929400441,0.4656732865751039,0.9999225138543825
C20orf27,2.495546714729577,0.6357731211596824,0.5702316886049771,1.114938250301464,0.2648768839887491,0.9999225138543825
C20orf194,1.947469965103293,-0.9217139859355414,0.8670948490827827,-1.062990959882342,0.2877860509853838,0.9999225138543825
ITPA,7.85369455982001,-0.20073231015175133,0.3565403354333162,-0.5630002841271639,0.5734346904658789,0.9999225138543825
DDRGK1,8.449107131207638,-0.2642819285213016,0.4952281896887171,-0.5336568758079377,0.5935789502645163,0.9999225138543825
MRPS26,5.263069068274601,0.7904160047369455,0.5007772874542069,1.5783783021693534,0.11447872688725681,0.9999225138543825
PTPRA,6.9241370673344385,-0.1385454521821513,0.4627410416678199,-0.2994016949151586,0.7646335690933885,0.9999225138543825
SEC23B,3.6581789623920504,-0.31524293366031203,0.4856676900881268,-0.6490918380901757,0.5162790170982197,0.9999225138543825
MGME1,1.6942907271799628,-0.48650982276287175,0.7576800222282483,-0.6421045936147337,0.5208052735242956,0.9999225138543825
SNX5,6.158700870398183,0.46180949941613253,0.37165223066543734,1.2425850332965043,0.21402078793954038,0.9999225138543825
RRBP1,9.323702579918178,0.2832983542317018,0.5451473932474993,0.519672950363138,0.6032915431736012,0.9999225138543825
DSTN,25.477244975855733,-0.3920956909984898,0.380169708943277,-1.0313701533148507,0.30236727173285904,0.9999225138543825
SNRPB2,19.12962949406569,-0.5306527345538002,0.457532347272021,-1.1598146835251109,0.24612426447663138,0.9999225138543825
NDUFAF5,2.979538521862226,-0.2857808473834006,0.5748364415701502,-0.49715158385365743,0.6190821607743926,0.9999225138543825
ESF1,5.954872877681339,-0.5133825269246441,0.401762237773589,-1.2778267309780325,0.2013105269353359,0.9999225138543825
TASP1,2.406641004748897,0.035744424837149166,0.5496578144263891,0.06503032231871618,0.9481498576253629,0.9999225138543825
JAG1,1.8075943531247234,-1.323670557921211,0.727096250382952,-1.820488769160962,0.06868460502322311,0.9999225138543825
MKKS,5.722180844964514,-0.29509624303949017,0.42869882138247195,-0.6883532874848153,0.49123033250904913,0.9999225138543825
PLCB1,3.050570401120675,0.3052491725072584,0.6001255605907526,0.5086421784914089,0.6110030586438838,0.9999225138543825
TMX4,21.168714914435537,0.26576101999127516,0.35125724843197287,0.7565993902692215,0.44928990675216773,0.9999225138543825
CRLS1,3.499692487677558,-0.2576469353081783,0.4768470222142124,-0.5403136085694931,0.588980774986575,0.9999225138543825
TRMT6,1.9123718766566298,0.40469191708450747,0.5920153547260817,0.6835834811611491,0.4942382185931268,0.9999225138543825
C20orf196,2.7568405718429148,-0.4558269701425527,0.48160782419357023,-0.9464691959808037,0.3439093266068034,0.9999225138543825
HM13,12.797434478948752,-0.12291668094714991,0.37730209191680325,-0.32577789410786934,0.7445924050528662,0.9999225138543825
ABHD12,4.168721239845191,0.3602570421355598,0.55695864011348,0.6468290752472351,0.5177425725414134,0.9999225138543825
PYGB,2.0828680074264723,-0.28201272364303287,0.6692577956698788,-0.4213813054814826,0.6734766680045396,0.9999225138543825
ENTPD6,2.106587510004045,-0.22193619783800034,0.6810404456856314,-0.32587814606894316,0.7445165508339963,0.9999225138543825
ACSS1,2.563890184968767,0.25305165195890245,0.6420406186377771,0.3941365150631812,0.6934802533100044,0.9999225138543825
APMAP,24.14334782414425,-0.1398249352290962,0.4489082019237464,-0.3114777912942822,0.7554374237445229,0.9999225138543825
CST7,165.36666301187012,-0.38122559011947504,0.4542239904361867,-0.8392898617120331,0.401306671014931,0.9999225138543825
CST3,13.48891759658048,-1.3405424321006905,0.8485891242870007,-1.5797308658970117,0.11416851387446639,0.9999225138543825
GZF1,1.8386108538820118,0.7336217198618864,0.6531248987708418,1.123248740390294,0.26133186743050774,0.9999225138543825
NXT1,19.234331456449898,0.6041164653843629,0.5426302750007855,1.1133113893866105,0.26557471658097953,0.9999225138543825
XRN2,11.181647599832361,0.11723013690834458,0.309570973646047,0.3786858164628237,0.7049211871318445,0.9999225138543825
KIZ,2.600353159681182,0.2685438182031844,0.5177086483410622,0.518716113906349,0.6039587230062174,0.9999225138543825
CRNKL1,4.045057034584397,-0.0001779894927980624,0.5365977167841243,-0.0003317000561701391,0.9997353416512176,0.9999225138543825
NAA20,6.9590440334946875,-0.12162071329097175,0.42858587397011666,-0.28377209954300037,0.7765850372744229,0.9999225138543825
DTD1,6.772827896531396,0.37581372320986867,0.3972693159605398,0.9459923233718802,0.3441525016944199,0.9999225138543825
LINC00493,17.29124825253364,-0.48733214493490257,0.3975224179388631,-1.2259236786234575,0.22022739723553963,0.9999225138543825
ITCH,5.624316022194541,0.42388781791516894,0.42341368241970406,1.0011197925696576,0.31676889723972534,0.9999225138543825
AHCY,2.720749293165729,-0.17086051013367148,0.4979854355093518,-0.3431034282336212,0.7315206521450361,0.9999225138543825
EIF2S2,12.918352050733034,-0.306080446857784,0.34726398028549194,-0.8814056862625078,0.37809828107044496,0.9999225138543825
RALY,26.08230180499891,-0.0965160900031204,0.3948823613326008,-0.24441732387693815,0.806907626064685,0.9999225138543825
CHMP4B,5.835005312771309,-0.36498601674226205,0.44634869023898854,-0.8177149944068112,0.41351994650778034,0.9999225138543825
NECAB3,1.444200373093234,-0.8415807977940635,0.7196849031897549,-1.1693739775060545,0.2422529895177965,0.9999225138543825
CDK5RAP1,3.018388302587287,-0.13076838057548174,0.5598220944838036,-0.2335891738893579,0.815303933247171,0.9999225138543825
MAPRE1,14.245272676152151,0.07888245068668948,0.3602477006750713,0.21896725652619287,0.8266755543195816,0.9999225138543825
COMMD7,15.500787614204773,-0.15628783569949653,0.33626416945002396,-0.46477695186826684,0.6420911946917922,0.9999225138543825
ASXL1,2.5221383373434927,0.1270418333338685,0.6542450031082687,0.19418082328531716,0.8460342978816837,0.9999225138543825
KIF3B,1.7330784806699606,-0.28925955943620363,0.5834166053510559,-0.4958027536123164,0.6200335819191303,0.9999225138543825
PLAGL2,0.7539460374288758,-0.768128008848008,0.7526954261133837,-1.02050309089071,0.30748992411371245,0.9999225138543825
TM9SF4,2.030475123323932,-0.7148571430317726,0.5492637573717478,-1.3014824543538002,0.19309336640722097,0.9999225138543825
PDRG1,2.5805479058211396,-0.30536564097712343,0.6282822412391016,-0.4860325836599801,0.6269440640695669,0.9999225138543825
BCL2L1,5.112124481889838,-0.6486677095325777,0.6624541217985089,-0.979188879935561,0.32748666204567034,0.9999225138543825
ID1,7.732014409659709,-0.0008054798652653385,0.5573596859545081,-0.0014451706601023922,0.9988469210439501,0.9999225138543825
NFS1,0.9738233083406366,0.01470831006705336,0.7618209745675752,0.019306780146611333,0.9845963751628585,0.9999225138543825
RBM12,4.202820771999221,-0.18775168924102745,0.47875122561217015,-0.39216962630425206,0.6949328849371255,0.9999225138543825
CPNE1,8.94752768617692,-0.2604546730077344,0.4904715572187614,-0.531029106936706,0.5953986091521699,0.9999225138543825
SPAG4,2.1499492674801144,0.09319194417601476,0.7017759087958908,0.1327944476405777,0.8943559456103405,0.9999225138543825
ERGIC3,16.373354968179974,-0.5327316846645491,0.46308237092056115,-1.1504037253794226,0.24997762647776678,0.9999225138543825
RP3-477O4.14,3.5428522928432717,-0.3488455895179254,0.5333988133262642,-0.6540051848682066,0.5131084652049969,0.9999225138543825
CEP250,1.8167946493140805,-0.4121610084373231,0.5613821529347582,-0.7341897249184959,0.46283311492849055,0.9999225138543825
EIF6,12.692067632891685,-0.6323547940218066,0.3594821464754149,-1.759071487198471,0.07856536713210842,0.9999225138543825
MMP24-AS1,5.4759749943239315,-0.8220152754549138,0.6104793600771858,-1.3465078907024515,0.17813877735480144,0.9999225138543825
EDEM2,2.7164713499301,0.3654400035538981,0.5509613512522403,0.6632770206536556,0.5071531510083478,0.9999225138543825
TRPC4AP,6.468133375826772,0.17096399251924052,0.4134271693205046,0.4135286822107781,0.6792193126303407,0.9999225138543825
GSS,2.795491334671632,-0.19861166852300935,0.6402214874948502,-0.310223371758679,0.7563910985792497,0.9999225138543825
TP53INP2,1.956034047806271,-0.3519306003434309,0.5697706727282117,-0.6176706123856721,0.5367924875888641,0.9999225138543825
NCOA6,2.1854434746860743,0.16183322023608177,0.8226442196754313,0.19672322051923244,0.8440441378156297,0.9999225138543825
MAP1LC3A,6.150342404676218,0.4201012753461565,0.6457010477127234,0.6506126586510701,0.5152965568037258,0.9999225138543825
DYNLRB1,18.919834827509092,-0.12189550196737728,0.3049281489297885,-0.3997515558835614,0.6893395149695201,0.9999225138543825
BLCAP,4.625946450486326,-0.42684245973786616,0.5319497886878441,-0.8024111839404141,0.4223151457820342,0.9999225138543825
RPN2,15.137950060599946,-0.484066987814534,0.3462714202766553,-1.3979409199517137,0.16213080930238488,0.9999225138543825
SAMHD1,7.828202621187413,-0.12784580267528892,0.4100236975475191,-0.31180100916111664,0.7551917570561926,0.9999225138543825
DSN1,0.9132940354668574,-0.5839336127502739,0.7871416892138301,-0.7418405361472934,0.4581839572649463,0.9999225138543825
NDRG3,3.5016440951136163,-0.7012557267315506,0.46875977079520353,-1.4959810342554378,0.1346585975672471,0.9999225138543825
SLA2,15.819188841656866,-0.38370802545243454,0.4148821908202625,-0.924860198732094,0.35503863226448407,0.9999225138543825
C20orf24,15.33878545095651,0.5767163023247159,0.36629355302970695,1.5744647907519775,0.11538003526407804,0.9999225138543825
TGIF2,4.900446911514639,-0.7470264211579709,0.40828728855975527,-1.8296587772622737,0.06730097866969306,0.9999225138543825
DLGAP4,2.9530995038874646,0.764465034060435,0.6258804602874813,1.2214233908329692,0.22192575532640446,0.9999225138543825
AAR2,1.916470088996762,-0.21285570168294174,0.5934407476131409,-0.35868063077748175,0.7198340199207325,0.9999225138543825
LINC00657,8.03390953742119,0.4928562086952142,0.4289365270729205,1.1490189750415616,0.2505481564584813,0.9999225138543825
CNBD2,4.447313419971439,0.3719597359444741,0.4813872351990249,0.7726830060017919,0.43971000642836133,0.9999225138543825
SCAND1,18.18125948538781,0.13036438955707716,0.42950886436330954,0.30351967182406175,0.7614938581657542,0.9999225138543825
PHF20,21.971034963371576,-0.6186258873785032,0.4967298659495589,-1.2453970050621486,0.21298585365337508,0.9999225138543825
RBM39,75.37230254035967,0.06534273986387357,0.21743256307840658,0.3005195677167769,0.7637808729321103,0.9999225138543825
ROMO1,15.226392504093639,-0.06550011316859554,0.4638053285140213,-0.1412232873185186,0.8876935498185662,0.9999225138543825
ADA,3.9753277970020844,0.1210206650669411,0.49525360108164834,0.2443609997032398,0.8069512440438705,0.9999225138543825
SERINC3,11.785361902959467,-0.33842675258486166,0.39591726220623447,-0.854791606455831,0.3926665257336689,0.9999225138543825
OSER1-AS1,1.822349716817866,-0.24147031258396784,0.6176576881881062,-0.39094520670878247,0.6958377376663677,0.9999225138543825
OSER1,11.438614726670162,0.12365028861587331,0.3736307274852665,0.33094250424237187,0.7406879154817099,0.9999225138543825
IFT52,2.154335160345289,0.35594664866823716,0.5702234137385753,0.624223137970663,0.5324810534392994,0.9999225138543825
SRSF6,8.834778674012467,-0.34718694493218,0.49772249183860534,-0.6975512471812527,0.4854578797415744,0.9999225138543825
CHD6,7.703884406129922,-0.6318033455643681,0.4288636478786451,-1.4732033099320847,0.14069622285628516,0.9999225138543825
PLCG1,2.1137166026529566,0.07483084818502861,0.5754750521034704,0.13003317504643802,0.8965401796180682,0.9999225138543825
TOP1,15.458729280171001,0.2619170372525066,0.4551026320865052,0.5755120247309882,0.5649450605777828,0.9999225138543825
FAM83D,1.3146837557936697,-0.14018433320109244,0.7407293697652565,-0.18925175499051436,0.8498955058814359,0.9999225138543825
PPP1R16B,5.489989398466507,0.09188029937289274,0.530005802389354,0.17335715752295752,0.862370698519782,0.9999225138543825
ACTR5,2.2480775420951304,-1.1435717436847697,0.7168689532892621,-1.5952312322044857,0.11066053700646118,0.9999225138543825
RALGAPB,3.3269590321602256,0.42751761830003904,0.49406529748473366,0.865305902836151,0.38687091182290134,0.9999225138543825
RPRD1B,2.3249551138809017,0.172849540198395,0.6231998848979705,0.27735810674402434,0.7815051461437198,0.9999225138543825
TTI1,1.5933950105251116,-1.0194419279868592,0.7107264503644249,-1.4343661017036025,0.15146781589728414,0.9999225138543825
CTNNBL1,6.319158950005986,-0.5929662244738089,0.5120589472846794,-1.1580038345549093,0.24686247158323782,0.9999225138543825
ZMYND8,2.9920356688410323,0.09841885653242939,0.5617699063517,0.17519424842742212,0.8609270035318386,0.9999225138543825
TP53RK,3.49989183348602,0.9804262954251612,0.48714260761221145,2.0126063294500955,0.04415606057693898,0.9999225138543825
ELMO2,3.0388752798093055,-0.8403345208355678,0.6552664725324902,-1.2824317374087857,0.19969123682487155,0.9999225138543825
SLC35C2,4.793682732117085,-0.4370195402376761,0.4950834069224831,-0.8827190209307535,0.3773881025585477,0.9999225138543825
CD40,1.4276576247345796,-0.0954516119741776,0.7713189760876691,-0.12375115216059258,0.9015123093365515,0.9999225138543825
ZNF335,2.3476990666636532,0.4177381080912163,0.5655408761912076,0.738652369223229,0.4601181154207832,0.9999225138543825
PCIF1,4.705756763616868,0.5786269732735524,0.5092586738028765,1.1362142719193564,0.2558668989179925,0.9999225138543825
CTSA,19.612806460134365,0.5606740124235211,0.5530003122063912,1.0138764844209815,0.31064169350676085,0.9999225138543825
ACOT8,3.34006838017469,0.3608215797012463,0.5405401394485355,0.6675204177609457,0.5044397721905775,0.9999225138543825
DNTTIP1,3.2895287771607147,0.8719149004610912,0.5100848537134094,1.7093526579226281,0.08738564469334868,0.9999225138543825
PIGT,6.384170578914835,0.08874395429528724,0.40835176943705226,0.2173223209431132,0.8279571631529743,0.9999225138543825
SYS1,4.3024061001646645,-0.44380049519964443,0.5986232510959126,-0.7413686227308565,0.4584699640390061,0.9999225138543825
SDC4,1.8794475206106636,-0.4404957184096651,0.6222116089624341,-0.7079516229923957,0.4789753001413295,0.9999225138543825
STK4,56.10893492176244,-0.0401187630140147,0.2761085618312853,-0.14530068444066965,0.8844734743551215,0.9999225138543825
TOMM34,1.660234598751597,0.9873739455249338,0.6801844906522677,1.4516266676090845,0.1466054395891923,0.9999225138543825
YWHAB,52.37177552049789,-0.4154256161771015,0.2982159517021877,-1.3930362001291094,0.16360884416060906,0.9999225138543825
CEBPB,14.62955627466648,-0.07690671881868244,0.7057258827521111,-0.10897534113212654,0.9132220487596215,0.9999225138543825
TMEM189,2.431959934944342,-0.2504567001181936,0.6783091763951284,-0.36923678586989606,0.7119512389270899,0.9999225138543825
UBE2V1,2.244926821116011,0.3606435559492396,0.6079338572450871,0.5932282791149875,0.5530283895879021,0.9999225138543825
SNAI1,2.3981199054197266,-0.7596444804221939,0.7400673955782813,-1.0264531108394734,0.3046780545754104,0.9999225138543825
RNF114,13.04692458946687,0.5435628930387973,0.4490570064530607,1.21045409653488,0.22610469469264294,0.9999225138543825
SPATA2,2.4940048414038336,0.1307945332790293,0.5472186210952312,0.2390169636721251,0.8110924288151928,0.9999225138543825
SLC9A8,1.9345284732297408,-0.04887288412814608,0.5590311395902704,-0.0874242607736778,0.93033428589552,0.9999225138543825
B4GALT5,2.5369514180862494,-0.5400985097442335,0.6691007274220936,-0.8072006016569749,0.41955091916916143,0.9999225138543825
ZFAS1,87.13859830551331,-0.2956608141630082,0.4796615452324788,-0.6163946580702222,0.5376340781522412,0.9999225138543825
ZNFX1,6.8019099772726594,-0.7874501351416969,0.46863778022983754,-1.6802958881281442,0.09289976069739102,0.9999225138543825
DDX27,11.649946091940782,-0.6727689473626938,0.5585856139466076,-1.204415098715737,0.22842917912187977,0.9999225138543825
STAU1,10.411388615703125,0.352870684808938,0.3532047915786706,0.9990540706759974,0.3177684987817456,0.9999225138543825
CSE1L,1.6185991038686571,-0.1461018859189583,0.6082484841030399,-0.24020098650045796,0.8101744489493291,0.9999225138543825
ARFGEF2,2.2372382926485117,0.1740357745271485,0.5738088422767719,0.3032992204104164,0.7616618402485763,0.9999225138543825
PREX1,10.398507442473361,0.20718796464285194,0.45172459398463893,0.4586599166878601,0.6464784025250294,0.9999225138543825
NCOA3,4.692104508674057,0.04964695043343312,0.3909258377381714,0.12699838598717778,0.8989416760020921,0.9999225138543825
ZBP1,4.085700673213819,0.08848417763174794,0.4341330993277688,0.20381808659316883,0.8384956584553583,0.9999225138543825
RBM38,8.544581095583647,0.07343878186851155,0.5317874068191998,0.13809800857785204,0.8901629596223493,0.9999225138543825
RAE1,3.445921634043985,-0.31970928308004415,0.45821632929293016,-0.6977256431986719,0.4853487881715064,0.9999225138543825
RTFDC1,12.901610344491981,-0.44945372788527355,0.397007286475845,-1.132104480688466,0.25759051134257493,0.9999225138543825
CASS4,3.139957493777437,0.45876479300321543,0.6233352334800248,0.735984055388579,0.46174040129669747,0.9999225138543825
CSTF1,2.6209603946297078,-0.7497720695698726,0.6309281205108181,-1.188363690245467,0.23469015514469904,0.9999225138543825
AURKA,1.7786202656354104,-0.09163402931479395,0.661989168260214,-0.1384222487440679,0.8899067143178391,0.9999225138543825
FAM210B,1.564832919478773,0.7275545687185956,0.6861813835877788,1.0602948230896214,0.2890104936860243,0.9999225138543825
PFDN4,7.669588361915799,-0.12677148663654872,0.5015238675396271,-0.2527725893853538,0.8004439504793528,0.9999225138543825
ZNF217,6.301915904150691,0.16702880879823923,0.44275325728935827,0.3772503218176862,0.7059875867516667,0.9999225138543825
ZFP64,0.927516696851834,-0.37527164337318286,0.7148757770544429,-0.5249466486603354,0.5996202795223773,0.9999225138543825
NFATC2,12.745819368959529,-0.13063095251922108,0.5187130182652279,-0.25183665710974495,0.8011673219786393,0.9999225138543825
DPM1,7.077928498453023,-0.4405387738110502,0.5488721039922431,-0.8026255490245796,0.42219119663900295,0.9999225138543825
ADNP,3.82428467347217,0.37095439282072906,0.6757951160206795,0.5489154686483081,0.5830634620555653,0.9999225138543825
BCAS4,5.955721381984802,-0.1942850706627941,0.6095937531476004,-0.31871237141065656,0.7499446324914943,0.9999225138543825
PTPN1,11.832087030702617,-0.25335996750498585,0.3687635669012359,-0.6870526002175318,0.4920495822829589,0.9999225138543825
OSBPL2,3.801093244427866,-0.13502742633500284,0.5547833146791746,-0.24338768445674644,0.8077050833978457,0.9999225138543825
MTG2,1.3957816224410216,0.1242845884366709,0.5990555813552654,0.20746754108441376,0.8356447396378982,0.9999225138543825
SS18L1,1.0917651605129002,-0.5022793027967005,0.7036568579345281,-0.7138128437645884,0.47534291655100724,0.9999225138543825
PSMA7,49.35861988197753,0.12023752128458158,0.20964615374183626,0.5735260062659924,0.5662885957803071,0.9999225138543825
LSM14B,1.0817549300662987,-0.4633502459286771,0.8253159307780696,-0.5614216673266587,0.5745101166212481,0.9999225138543825
FAM217B,2.477921012180954,0.3067868215666218,0.5428766822426594,0.565113278211297,0.5719967175375503,0.9999225138543825
ZNF831,1.499645472888391,-1.0208594468802072,0.8545605861091717,-1.1946016039988423,0.23224272226604703,0.9999225138543825
PRELID3B,7.441701330983743,0.29471231245910495,0.4239811197386771,0.695107160999887,0.4869881473720993,0.9999225138543825
ATP5E,142.7004116452741,-0.33925854523234206,0.32715719901761015,-1.0369893930228953,0.2997408004999961,0.9999225138543825
CTSZ,3.602346150078845,-0.32579695580874557,0.746470919929058,-0.4364496286602942,0.6625105380684538,0.9999225138543825
NELFCD,4.7841276199124865,-0.2432024884867402,0.44709465491722045,-0.5439619682587552,0.5864676443756277,0.9999225138543825
GNAS,30.15851118447221,0.16796646097974405,0.63919009906317,0.2627801357153754,0.7927200470134265,0.9999225138543825
STX16,4.608557548842768,-0.10454147671085498,0.439714798789617,-0.23774837007674424,0.8120762651893424,0.9999225138543825
VAPB,1.7237305197523414,0.6188212908648496,0.6025704555599429,1.0269691870136672,0.3044349734747377,0.9999225138543825
RAB22A,3.9386559273659265,-0.00739218086596456,0.5036513436077565,-0.01467717888532347,0.9882897260098189,0.9999225138543825
PMEPA1,4.775220561239236,0.23073941536257062,0.8570859015615906,0.2692138733610817,0.7877651048605501,0.9999225138543825
UCKL1,3.3816739380969407,-0.052315622805723716,0.5126785297251386,-0.10204371701263087,0.9187219750133003,0.9999225138543825
DNAJC5,1.782426319071282,-0.27539672892500205,0.5613699463633008,-0.4905797517467635,0.6237237104436961,0.9999225138543825
TPD52L2,4.851803568990798,0.14755376198716819,0.5236398327643664,0.2817848313949144,0.7781085026181512,0.9999225138543825
SLC2A4RG,2.9678118465534,-0.23604886258249894,0.5683297500124294,-0.4153378607706821,0.6778945888446244,0.9999225138543825
ARFRP1,4.745939764926345,-0.7283240529961673,0.47155759310087564,-1.544507105074574,0.12246553134904452,0.9999225138543825
STMN3,2.6375652921494503,0.2336193666758915,0.5496050361321768,0.42506773285772326,0.6707872992991526,0.9999225138543825
CTD-3184A7.4,1.963090207444029,-0.24974083219322282,0.56509281791067,-0.44194656926731973,0.6585278705309767,0.9999225138543825
HELZ2,3.726951166069297,0.026108167130228316,0.5336993687447104,0.04891923929315512,0.960983656478471,0.9999225138543825
PPDPF,90.90460764993536,0.09929580883092419,0.586600722584819,0.16927324670413543,0.8655817183375453,0.9999225138543825
ARFGAP1,1.700439319453119,-0.08717235098375316,0.6387609046398227,-0.13647101810795215,0.8914489343723381,0.9999225138543825
YTHDF1,1.4877257655581302,-0.4139049470477353,0.788970533618763,-0.5246139486975283,0.5998515880725555,0.9999225138543825
GID8,8.528604724227048,0.4384425140538516,0.39061153586688646,1.1224515248399245,0.26167050741095954,0.9999225138543825
DIDO1,3.436583758884294,-0.07160216766106511,0.46527194967076696,-0.15389315369588005,0.8776939823579544,0.9999225138543825
OGFR,5.382463289269452,0.4991171122317386,0.430473007093699,1.1594620429315283,0.24626789978008579,0.9999225138543825
RPS21,265.16445493144596,-0.22088959514261441,0.3422770565287564,-0.64535320416388,0.5186983215865707,0.9999225138543825
ADRM1,16.12120474200219,0.07158305324360768,0.3816857295101447,0.18754448413745345,0.8512337490796612,0.9999225138543825
CNN2,30.34178218648135,0.3509086040660573,0.5178377772603169,0.6776419555996503,0.49799873748315404,0.9999225138543825
TMEM259,7.873334774916564,-0.38068988835282724,0.567625658013629,-0.6706706840649664,0.5024303424290899,0.9999225138543825
WDR18,3.0840258767772015,-0.1568535412407553,0.5196262810910913,-0.30185836811679395,0.7627600335919821,0.9999225138543825
R3HDM4,6.606631612371195,0.5335790529804809,0.4910741038431194,1.0865550612518968,0.2772334945194712,0.9999225138543825
PTBP1,16.317547682150874,-0.05407628351841109,0.4198376297154521,-0.1288028506521954,0.8975136498277251,0.9999225138543825
PRSS57,1.7344862846190239,-2.2778830854350973,0.8403048162341359,-2.710781898934643,0.006712476276655216,0.9999225138543825
RNF126,6.428439056141928,0.08269141527516422,0.5209946513359486,0.15871835740179802,0.8738907744037089,0.9999225138543825
POLRMT,2.0919360148995505,0.5600048413401635,0.6267062744153242,0.8935682698607275,0.37155292964797026,0.9999225138543825
BSG,27.703312376373805,0.021632152030534244,0.4072392332793833,0.05311902749726884,0.9576370711040719,0.9999225138543825
GZMM,45.12987144358074,-0.2365459311376146,0.5381972424690916,-0.4395153160807941,0.660288186650041,0.9999225138543825
CDC34,2.6106338260499466,-0.09158024613767658,0.7974260336198334,-0.11484481604137937,0.9085681259747922,0.9999225138543825
TPGS1,4.876292840821965,0.3355885988074507,0.6316514260594501,0.5312876453094013,0.5952194654728342,0.9999225138543825
PCMTD2,2.4369213809162824,-0.6912157621650066,0.5660690485592104,-1.2210802974024573,0.22205561876404445,0.9999225138543825
RGS19,11.50267763989885,0.40470338621027285,0.5418393912277862,0.7469065423487047,0.45511997653321445,0.9999225138543825
PRPF6,7.193995110568429,-0.2461926158863937,0.46791195563045046,-0.5261515824161432,0.5987828915108924,0.9999225138543825
SAMD10,1.1945207871131522,-0.6084899187271334,0.7233949645597392,-0.8411586319203406,0.40025907211453404,0.9999225138543825
MBD3,1.7252138429750923,-0.4592140353673564,0.642076154240183,-0.7152018219875785,0.47448434337987244,0.9999225138543825
C19orf25,6.312221934153894,0.22005800684260168,0.5024232184564132,0.4379933067557713,0.6613911354086,0.9999225138543825
RPS15,489.2529565884866,0.15352648669975474,0.35829829452032,0.4284879081138017,0.6682959352062963,0.9999225138543825
DAZAP1,5.762880992045932,-0.17133058420646827,0.4763130785054083,-0.3597016163068108,0.7190702832003577,0.9999225138543825
GAMT,2.4905636962169706,-0.7204455833810121,0.6806411759329908,-1.0584807514671137,0.28983632169915663,0.9999225138543825
NDUFS7,15.18129817902299,0.13452188444910973,0.39127523610630655,0.3438037269819988,0.7309938971808916,0.9999225138543825
MUM1,4.506883261811192,0.056259769497065605,0.45688558733773543,0.1231375448389395,0.9019981810187252,0.9999225138543825
C19orf24,10.035924057731735,0.06495027084537039,0.43004508610769177,0.15103130565502046,0.8799510208056991,0.9999225138543825
CIRBP,73.7406659528387,0.16202033703338742,0.23099928003723058,0.701388926438534,0.483060330763012,0.9999225138543825
MIDN,19.28994949595287,-0.1365108589423182,0.48367475645924185,-0.2822368898092817,0.777761873638998,0.9999225138543825
ATP5D,34.95481244565062,0.06321516285153748,0.3698631623160732,0.17091500125529083,0.8642906009297655,0.9999225138543825
SBNO2,1.834195690236181,0.18262115691886002,0.7668225746238859,0.23815307864199584,0.8117623679768995,0.9999225138543825
GPX4,41.07863241407676,0.03419783100579764,0.38767741427456354,0.08821207980297202,0.9297081164517618,0.9999225138543825
POLR2E,12.710743819586055,0.2895435509653902,0.39969971051456404,0.7244027037013326,0.46881854046661187,0.9999225138543825
HMHA1,11.50696077306667,0.023472142680379428,0.5199107509313521,0.045146484542456865,0.9639905498649818,0.9999225138543825
ABCA7,1.0778007785931283,0.15917297898530713,0.7707520525790434,0.2065164516301867,0.8363875151704507,0.9999225138543825
TIMM13,8.811604602514857,-0.062319017123484644,0.4979728452167656,-0.12514541249002728,0.9004084318990012,0.9999225138543825
LSM7,22.667577732867596,-0.08611527921698628,0.4142108122066157,-0.2079020553766483,0.8353054442801642,0.9999225138543825
OAZ1,179.66890853381258,0.20682129620714515,0.38622448927336667,0.5354950344973041,0.5923075902829278,0.9999225138543825
SF3A2,9.450676949052621,0.2932698929032639,0.6363926482764232,0.4608316794632098,0.644919371376638,0.9999225138543825
PLEKHJ1,6.371785835578297,0.8449328892177803,0.41863641833572635,2.0182976258414875,0.043560273838982186,0.9999225138543825
DOT1L,1.2539606573266924,-0.4588054056180772,0.8273877687874078,-0.5545228282628437,0.5792210870038788,0.9999225138543825
AP3D1,3.5489960230531414,0.08972156188776323,0.5016963138347192,0.17883639846180222,0.8580661641393539,0.9999225138543825
IZUMO4,0.8520520902097497,-0.23743779520756678,0.7441165777210418,-0.319086823646306,0.7496606750370565,0.9999225138543825
MOB3A,7.605852496990793,0.20192145807659545,0.3798715951019056,0.5315518735282835,0.5950364046688081,0.9999225138543825
MKNK2,14.13210039309364,-0.1978496012044554,0.6430258261143763,-0.3076853108684682,0.7583217980792378,0.9999225138543825
BTBD2,1.4889823578985344,-1.0981641841154923,0.9196228955215977,-1.194146197820171,0.23242078463291027,0.9999225138543825
CSNK1G2,4.184357768143775,0.2721660804268247,0.6630101326005262,0.41050063497417016,0.6814387377918729,0.9999225138543825
SCAMP4,4.776302200414074,-0.05196385854691344,0.47742241205001096,-0.10884252024069227,0.9133273978608291,0.9999225138543825
ABHD17A,10.00661739697009,0.44936050071996686,0.6901007837691219,0.6511519929968717,0.5149483765119119,0.9999225138543825
CTB-31O20.2,4.107099669172612,-0.5007649299824265,0.6424846939483029,-0.7794192370639108,0.43573279549692634,0.9999225138543825
UQCR11,33.82864680903572,-0.263201675975722,0.4168465657339922,-0.6314114055666284,0.5277715603588403,0.9999225138543825
DAPK3,3.2640271828346687,-0.2633246046546842,0.5856859794409883,-0.44960032149995477,0.652998656237116,0.9999225138543825
MATK,32.25894081583012,0.63958856317043,0.47268932180941714,1.3530844333909129,0.17602865809097457,0.9999225138543825
MRPL54,15.063292211682867,0.09963134095504327,0.27570549913762277,0.3613687114209887,0.7178238345804389,0.9999225138543825
APBA3,1.702360813861806,0.4558331964327043,0.583838516476992,0.7807521832977045,0.4349482624113422,0.9999225138543825
PIP5K1C,1.2169384899425588,-0.2967078220224496,0.6780443861058287,-0.4375935087767833,0.6616809775616668,0.9999225138543825
HMG20B,5.068016615054869,-0.05845208151263924,0.4222698424451316,-0.1384235283632274,0.8899057030642876,0.9999225138543825
DOHH,1.9639778798702958,0.3379233328667193,0.5595318815219902,0.6039393715109306,0.5458839515378421,0.9999225138543825
SMIM24,0.9510551077419402,-0.8639407366072346,0.7924705674085538,-1.090186528229552,0.2756309864456664,0.9999225138543825
NFIC,2.65561119433526,-0.34827575692946405,0.5736701692240774,-0.607101041005021,0.5437838593715627,0.9999225138543825
NCLN,2.6153772681134315,0.5057431310077722,0.6051407102109333,0.8357446829704877,0.4032985521370437,0.9999225138543825
S1PR4,6.7148509867012685,-0.24312171432491755,0.7027599394314196,-0.3459527225208931,0.7293782452871203,0.9999225138543825
GNA15,5.185750581793083,-0.15834638859066777,0.6978568067748258,-0.2269038390876664,0.8204985167508096,0.9999225138543825
AES,26.880434652975225,-0.12254766429141474,0.4806522010458569,-0.2549612048478334,0.7987530632230568,0.9999225138543825
SGTA,2.59289616063945,0.8625119244491902,0.5476604649642531,1.5749026625566045,0.11527891400074576,0.9999225138543825
GADD45B,143.36206233942886,0.4198154513457401,0.5558722146656196,0.7552373374126582,0.45010658943134607,0.9999225138543825
LMNB2,1.000253968292816,0.8465868443543086,0.753785752640159,1.1231133533488935,0.2613893555589939,0.9999225138543825
KDM4B,1.572900466034589,0.674843786952538,0.7461682014417634,0.9044124175334587,0.3657767561555504,0.9999225138543825
PLIN3,2.528807743143014,0.265885977463384,0.5565527720786053,0.47773722601426793,0.6328372452695719,0.9999225138543825
TICAM1,2.1858040741362763,-0.04578620774107069,0.5914063767509414,-0.07741919861028589,0.938290068336143,0.9999225138543825
FEM1A,2.335838640023688,-0.20362524510909463,0.4885833956988871,-0.41676660914319824,0.676849128151486,0.9999225138543825
DPP9,2.8186622161637294,0.020900836179628016,0.5351715323992382,0.039054461820730746,0.9688469674496238,0.9999225138543825
MYDGF,15.40026580749599,-0.15309866798720154,0.4276088466035748,-0.3580343793240915,0.7203175856528485,0.9999225138543825
CTB-50L17.10,1.6529515712014684,0.17040927026729089,0.6344029199167834,0.2686136285275042,0.788227023586917,0.9999225138543825
UBXN6,1.8395549480837319,-0.5962430565260975,0.6108040474840833,-0.9761609455307921,0.328984713428476,0.9999225138543825
SH3GL1,2.298153470918538,-0.16277480566962146,0.5146047986300991,-0.3163103144450562,0.7517669829781164,0.9999225138543825
FSD1,1.1642187300701992,-0.13573668389808258,0.8174850162588585,-0.1660418003980898,0.8681240547653071,0.9999225138543825
TMIGD2,13.752805481369618,-0.15631369704914455,0.5597452752151862,-0.2792586270407587,0.7800463545404155,0.9999225138543825
CCDC94,3.1169864751666485,0.8216814822253443,0.5893220027566459,1.3942827153607036,0.16323224835122652,0.9999225138543825
SIRT6,1.529912174841786,0.19904075863727236,0.6536631344087819,0.30450051128751293,0.7607466032770185,0.9999225138543825
MAP2K2,6.068320673970714,-0.02750523235093447,0.7629495470432605,-0.036051181179054925,0.971241548774137,0.9999225138543825
ZBTB7A,4.497788024264071,0.40566937272070075,0.71565137978104,0.5668533369485279,0.5708138295693603,0.9999225138543825
EEF2,93.45210862658841,0.21519556931047018,0.290951036279761,0.7396281245877779,0.4595256714046665,0.9999225138543825
GPR108,6.288672226389031,-0.1397629647604563,0.4611587246036774,-0.3030691111407887,0.7618371935155563,0.9999225138543825
TNFSF14,10.570403666981768,0.004124474997850685,0.5015400869795617,0.008223619816094107,0.9934385746708371,0.9999225138543825
TNFSF9,6.488493532557976,0.604575583317676,1.2539120185143517,0.4821515181216491,0.6296983145541226,0.9999225138543825
DENND1C,5.498663071346856,-0.16651372800470352,0.42422527704625895,-0.39251250930657366,0.6946795703422344,0.9999225138543825
KHSRP,1.9008459523368515,-0.4509577418149583,0.7124206779542166,-0.6329936170717645,0.5267378112221166,0.9999225138543825
GTF2F1,6.057322469360846,0.057637176513972925,0.47055247080950724,0.12248830914609321,0.9025123042243581,0.9999225138543825
ALKBH7,13.165595496808221,-0.09705129312443163,0.42197425160135665,-0.2299934006781934,0.8180968977702112,0.9999225138543825
CLPP,11.443604926821239,-0.1744679347872575,0.40690496542680915,-0.42876826190669676,0.6680918780813947,0.9999225138543825
RANBP3,2.972681092713742,0.278330386238061,0.4625439002503634,0.6017383130280342,0.5473483426855176,0.9999225138543825
VMAC,0.9133707920725777,-0.1938460113748774,0.7033426141848348,-0.27560680593702186,0.7828500816821621,0.9999225138543825
NDUFA11,11.78333132650795,-0.21636771671611466,0.7249571640149297,-0.2984558639545478,0.7653552573516119,0.9999225138543825
DUS3L,2.3557527111645893,0.8108547574398182,0.6543299189304072,1.2392139408286154,0.2152662791526112,0.9999225138543825
C19orf70,11.334845951166598,0.11242779167990918,0.36648963114891947,0.3067693656910726,0.7590189273144061,0.9999225138543825
RPL36,286.4276693702804,-0.04115626212902342,0.3231060754238809,-0.12737693673828562,0.8986420693545071,0.9999225138543825
SAFB,7.861116371629951,0.3666928447780845,0.45779505448613644,0.8009978290169344,0.4231329026747427,0.9999225138543825
SAFB2,10.035545192100654,0.3025230730720409,0.42698122025379587,0.7085161096598639,0.47862481167449433,0.9999225138543825
HNRNPM,21.930571066485907,-0.13647214282476253,0.41298177945517944,-0.33045560267768115,0.7410557340086922,0.9999225138543825
MARCH2,2.1833956133592642,0.3482868642248965,0.7103759344884394,0.4902852803927081,0.6239320414824032,0.9999225138543825
RAB11B,14.383732448740892,-0.17312133124985304,0.4251805544197897,-0.4071713286279003,0.6838821580687107,0.9999225138543825
RPS28,499.45895810940306,-0.07703261272981778,0.35767565623946457,-0.21537001857975008,0.829478843230562,0.9999225138543825
NDUFA7,1.3257415227162617,0.4259352437244241,0.7287375780918437,0.5844837106379369,0.5588949214602512,0.9999225138543825
CD320,7.092531590922272,0.37627596650725287,0.4124617419334944,0.9122687712644241,0.36162724938511104,0.9999225138543825
CERS4,3.901941442510056,0.59079675358181,0.4435102849822362,1.3320925660280305,0.1828297728684818,0.9999225138543825
ELAVL1,8.50047807665196,0.3521358865955455,0.4316215328345479,0.815844112973225,0.41458929957315016,0.9999225138543825
TIMM44,1.6383040961024222,0.68897580896131,0.5926585288528621,1.1625173272961713,0.24502539052439787,0.9999225138543825
SNAPC2,2.9590911834813443,0.7761111676945205,0.5638688459536851,1.3764037032084377,0.16869668211761435,0.9999225138543825
MAP2K7,3.967528594680589,0.32196708805725976,0.46012413359840426,0.6997396236083374,0.4840899263687817,0.9999225138543825
STXBP2,5.791834039146853,-0.18162023833710958,0.5799443476021904,-0.3131683912224126,0.7541527315706826,0.9999225138543825
PET100,13.733744839411601,-0.639424805484613,0.39835951392905883,-1.6051450589893126,0.10846188507253482,0.9999225138543825
XAB2,2.712966778427559,0.6330808813379274,0.5124519339733355,1.235395632970464,0.21668329728570257,0.9999225138543825
ZNF557,1.120461814672832,-0.41507778517934574,0.7014615674048904,-0.5917327541050568,0.554029559599834,0.9999225138543825
VAV1,5.051692652899424,-0.08204108473555825,0.5193668871781929,-0.1579636414275488,0.8744854488897708,0.9999225138543825
MRPL4,6.8792595207125755,0.4399608987486189,0.41825299768615176,1.051901363965253,0.29284480607997276,0.9999225138543825
DNMT1,8.6163781283427,0.04550719628981835,0.4533099675926382,0.1003886954692178,0.9200357441375615,0.9999225138543825
EIF3G,41.071853533085466,-0.106296880570651,0.38995319541892,-0.2725888178873828,0.7851693085690976,0.9999225138543825
C19orf66,13.53231071179249,-0.07330776694679095,0.3932721254595351,-0.1864046857150922,0.8521274181602216,0.9999225138543825
PIN1,13.779076775404436,-0.2584948598158564,0.48410141101995585,-0.5339684081300903,0.593363391454661,0.9999225138543825
UBL5,53.45326538367668,-0.18026104026492454,0.30695008793199324,-0.5872649898209592,0.5570257504581357,0.9999225138543825
FBXL12,2.749749525494415,0.7042295905387648,0.5170078511489498,1.362125524735748,0.17315827422991747,0.9999225138543825
ZNF562,1.542353176290388,0.12849307810078273,0.7127970332808836,0.18026601136280115,0.8569437375307867,0.9999225138543825
ZNF121,2.7329737974589885,-0.12017650012385842,0.5602913474055815,-0.21448930218239748,0.8301655084745535,0.9999225138543825
ZNF426,3.003194433387458,-0.12242484032449819,0.4440443104052026,-0.2757041075760709,0.7827753404794455,0.9999225138543825
ZNF266,2.601356867166573,0.624320237581121,0.6026219555025357,1.0360064579135533,0.300199129735507,0.9999225138543825
ZNF559,1.4802746771055781,0.016380981690709537,0.7893060242429477,0.020753650913055095,0.9834421709795798,0.9999225138543825
ZNF699,1.8338928778471195,0.5758453393561884,0.70763196304545,0.8137638905935102,0.4157802249200895,0.9999225138543825
ZNF317,1.5880567706704072,0.17235514266162263,0.5656473102525817,0.3047042557042478,0.760591408075536,0.9999225138543825
MYO1F,17.317036678787204,-0.00262463776420064,0.5907402688663119,-0.004442964027554064,0.996455039261095,0.9999225138543825
ZNF414,1.7809988702917334,-0.8053099742668812,0.6977375618021816,-1.1541731710513787,0.24842917952682697,0.9999225138543825
TMED1,3.4218888052260303,0.3058421956517286,0.5158743586283102,0.592861789961709,0.5532736514249963,0.9999225138543825
DNM2,5.326721273270109,-0.11729227957728602,0.5192319098648929,-0.22589574590630637,0.8212825065902309,0.9999225138543825
QTRT1,4.3907486939509734,-0.46034675650816065,0.5164686990367422,-0.891335249099793,0.37274934371285784,0.9999225138543825
ILF3,11.452040113479152,0.17788859924468614,0.39262679969184877,0.4530729929396087,0.6504961817848797,0.9999225138543825
ILF3-AS1,11.106167783104276,-0.3978606017833662,0.49553424387024536,-0.8028922455004849,0.4220370184599965,0.9999225138543825
SLC44A2,6.8476279466733265,-0.3536536178546509,0.5166498018507312,-0.6845132168594683,0.49365114633668605,0.9999225138543825
CDKN2D,8.118101971981499,0.3417188345637871,0.4844149685484584,0.7054258368351872,0.4805452699632268,0.9999225138543825
KRI1,3.0504238895437865,0.19586358153557115,0.5355953515813306,0.3656932065547045,0.7145940159195339,0.9999225138543825
ATG4D,2.5305378033266845,0.9140790775764106,0.6271238439998439,1.457573470251656,0.1449581466207063,0.9999225138543825
S1PR5,12.927871609878906,-0.6387332787284766,0.7491335512845421,-0.8526293844845667,0.39386486202730087,0.9999225138543825
KEAP1,2.575724356381727,-0.153967149381684,0.5886244864796027,-0.26157109144833257,0.79365213389321,0.9999225138543825
PDE4A,6.6064366509772325,-0.3768418402245932,0.43040244945542244,-0.8755569135384844,0.3812709573163352,0.9999225138543825
CDC37,27.972925837500057,0.08348016473107954,0.39053867682009596,0.2137564591830048,0.8307369806595264,0.9999225138543825
TYK2,2.284203520175898,0.2063563820505618,0.5060842780729766,0.4077510228855707,0.6834564741255675,0.9999225138543825
ICAM3,24.469347640251797,0.6102206073541453,0.4027517492137634,1.5151283850297228,0.12973989460550384,0.9999225138543825
ICAM1,10.104774309942274,-0.5803548300342706,0.38290777293546496,-1.515651734058904,0.12960743817735867,0.9999225138543825
ZNF490,1.303394479283109,-0.36152520078686023,0.7480647103266136,-0.4832806517888194,0.628896476108084,0.9999225138543825
ZNF44,3.2831987613260596,0.10345429552464816,0.5448134627465915,0.18988938893525056,0.8493958075923315,0.9999225138543825
ZNF136,2.2827722543810354,-0.35418844394237825,0.5312238924646439,-0.6667404252077228,0.5049379522148083,0.9999225138543825
ZNF700,1.614025871791649,-0.9252602209655805,0.6790675974365342,-1.3625450904422745,0.1730259242135026,0.9999225138543825
ZNF439,1.0861722823335325,-1.3967794227459482,0.81182100211501,-1.7205509824295822,0.08533233477328493,0.9999225138543825
ACP5,3.8042359208714016,0.8642063970591447,0.5075476368508854,1.702709921813789,0.08862236717732457,0.9999225138543825
ELOF1,5.472698512461843,0.22302367433370882,0.43104121402641576,0.5174068443488588,0.6048721828516372,0.9999225138543825
ECSIT,4.244419602123541,-0.11530825009651427,0.4714091496138447,-0.24460333489701916,0.8067635816171889,0.9999225138543825
PRKCSH,6.192263226422693,0.009717028992347164,0.522385326972054,0.01860126709276234,0.9851591920178308,0.9999225138543825
EPOR,4.012907568513113,0.8894683717383262,0.6589373018121649,1.3498528149676308,0.17706319961590933,0.9999225138543825
CCDC159,2.9038897530229937,0.3292810422606715,0.543944245988075,0.6053580761067384,0.5449411007560868,0.9999225138543825
TMEM205,5.04321428533493,-0.05131068420668438,0.46446247618350733,-0.11047326067824632,0.9120340549383124,0.9999225138543825
LDLR,3.639750444469261,0.6570067253144437,0.6788198227516414,0.9678661454687977,0.33311122396212045,0.9999225138543825
SMARCA4,3.3133665970662616,-0.2921889124863127,0.5070763351913655,-0.576222734543594,0.5644646403379536,0.9999225138543825
C19orf52,2.945467307200376,0.6326654387854829,0.5441565192377288,1.1626534212467767,0.24497014696664177,0.9999225138543825
YIPF2,2.451978537582093,-0.31041236516560133,0.6741362238376433,-0.4604594059617838,0.645186502673964,0.9999225138543825
RAD23A,15.511311896049014,0.4634133288009128,0.33704549477635193,1.3749281209304185,0.16915373007873713,0.9999225138543825
CALR,69.18329004318143,0.06310999392828502,0.29983160926834135,0.21048479205474047,0.8332893199862849,0.9999225138543825
FARSA,3.065711387362708,0.1630560002423521,0.5311436955187964,0.3069903711896394,0.7588507012661573,0.9999225138543825
GCDH,4.086730953298823,-0.4107868159143783,0.5130818944424553,-0.8006262165239006,0.42334806878234577,0.9999225138543825
DNASE2,4.545338883829563,-0.7135882272571387,0.5375723598573252,-1.3274273019664349,0.18436737330106423,0.9999225138543825
RNASEH2A,2.4535291663201866,0.21647002291758946,0.49975960356133975,0.4331483004528602,0.6649070350591245,0.9999225138543825
PRDX2,15.48770498259683,-0.3658225527292967,0.29329479667396235,-1.2472862010435153,0.21229257525709389,0.9999225138543825
JUNB,431.9342547483657,0.6311853546031897,0.5336282716119934,1.1828184303213438,0.23688111465636663,0.9999225138543825
HOOK2,3.1950493322697135,-0.6085667365250096,0.6097631689633005,-0.998037873556179,0.3182609937495503,0.9999225138543825
ASNA1,7.920914834902375,-0.2045555334998275,0.4068909787390296,-0.5027281119226402,0.6151554421456149,0.9999225138543825
C19orf43,39.81303792869107,0.6172565679349847,0.4845052421419834,1.2739935799375701,0.20266569145040725,0.9999225138543825
TNPO2,1.320043141151746,-1.141813414172568,0.6532279406944635,-1.7479555650339706,0.08047172204473267,0.9999225138543825
DHPS,8.43866959208862,0.3354663515401211,0.3942748390247699,0.8508439249379689,0.3948560577911565,0.9999225138543825
WDR83OS,36.23335551318845,-0.18061893328954323,0.24982809263544803,-0.7229728706014836,0.46969655188908244,0.9999225138543825
WDR83,2.9840591743277622,-0.7282083097532475,0.5327731180538968,-1.3668263001204572,0.17167975708912997,0.9999225138543825
ZNF791,5.760961186694358,0.04997751951864878,0.43856160491128227,0.11395780879805668,0.9092712391960245,0.9999225138543825
PKN1,5.652052370314797,0.13812377450518631,0.45686319349894894,0.30233071184252464,0.7623999684243032,0.9999225138543825
DDX39A,11.380214937672937,0.24176588431396384,0.3212627192570812,0.752548832535087,0.4517210749749456,0.9999225138543825
ADGRE5,64.83170716877616,-0.05544821942320324,0.29934289568799755,-0.18523312302355902,0.8530461901915759,0.9999225138543825
ASF1B,0.8324425445798593,-0.08026355729123419,0.7957352497397765,-0.1008671631896189,0.9196559101066805,0.9999225138543825
PRKACA,1.0778171420399152,-0.6762634365473716,0.764938317837577,-0.8840757754940521,0.37665530907171163,0.9999225138543825
SAMD1,0.7907605292262144,-1.090666030817372,0.807366853605756,-1.3508927520945184,0.17672979030648828,0.9999225138543825
IL27RA,14.34154742541037,0.4997192858026709,0.37591325621652244,1.3293473362238584,0.18373340393338378,0.9999225138543825
RFX1,3.389855815134827,-0.27996131063729934,0.5727357617053913,-0.48881409081856536,0.6249733211840622,0.9999225138543825
CC2D1A,3.30913720111228,-0.36202575368759693,0.5848151817744294,-0.6190430155885298,0.5358880216299022,0.9999225138543825
CTD-3252C9.4,50.55029405695454,-0.556774008744027,0.581621450270348,-0.9572790145295168,0.3384264445808134,0.9999225138543825
C19orf53,27.573632929331744,-0.04624297269800195,0.3233144443783397,-0.14302785879831842,0.8862681792451444,0.9999225138543825
CCDC130,4.055593151130677,-0.013321396437063666,0.5141481376499943,-0.025909646387034448,0.9793294059264408,0.9999225138543825
IER2,155.95178743594872,0.10044803431866971,0.3923916877387429,0.25598920022370275,0.7979591765162184,0.9999225138543825
STX10,6.5535263431191035,-0.07605365556306073,0.46570267331504545,-0.163309467436986,0.8702747800377848,0.9999225138543825
TRMT1,3.0481907196522275,0.104876340297345,0.5356067562030263,0.1958084715749753,0.8447600790741603,0.9999225138543825
GADD45GIP1,14.24977512282459,-0.052884793289914966,0.46681334132101676,-0.11328895001213624,0.9098014774536902,0.9999225138543825
CTD-2562J15.6,1.1719186249050393,-0.6418135606463035,0.7090174942420022,-0.9052154084469448,0.3653512804151351,0.9999225138543825
AP1M1,5.708543078034188,-0.1734714556647736,0.46963044144761756,-0.3693786440462731,0.7118455138245672,0.9999225138543825
FAM32A,10.692485418889934,0.09999223076374605,0.3175337707139153,0.3149026654359699,0.752835557767543,0.9999225138543825
HSH2D,14.216628171902016,-0.3625779850895151,0.46001594920188527,-0.7881856829498579,0.43058810232995526,0.9999225138543825
RAB8A,10.910979149369764,0.08562442666228175,0.32612146525102836,0.2625537898781772,0.7928945210183128,0.9999225138543825
TPM4,24.099778927639832,0.5759166656463924,0.39233638506385715,1.4679155122272318,0.14212717399809985,0.9999225138543825
RASAL3,12.373847054440189,-0.0841341746567205,0.44935812818190857,-0.1872318967437514,0.8514788170412687,0.9999225138543825
WIZ,0.9079389306932936,-1.2755288412894814,0.7765633275114026,-1.6425303592136888,0.10048013980759644,0.9999225138543825
AKAP8L,4.112279303629723,0.15343792975921894,0.6436170081289763,0.23839943292559954,0.8115713072087956,0.9999225138543825
AKAP8,3.33305247539457,0.8575035630116622,0.5976086890244379,1.4348913909057914,0.1513180493377775,0.9999225138543825
BRD4,7.403630085607125,-0.061625177339093395,0.44139947960171527,-0.1396131626496234,0.888965640194435,0.9999225138543825
ILVBL,1.6547282397988132,0.26731127346196926,0.6099367489803516,0.43826064572898915,0.6611973505752522,0.9999225138543825
NDUFB7,19.534973858754668,0.13072756793325274,0.4765617772351108,0.2743140012019021,0.7838433256501396,0.9999225138543825
TECR,14.651581576340549,-0.09204588809803035,0.33252197383000254,-0.2768114450838897,0.7819248925453017,0.9999225138543825
DNAJB1,521.6600546542703,0.6947917363001616,0.840514589902127,0.8266266221280775,0.4084487232324501,0.9999225138543825
GIPC1,2.500247452087058,-0.14006610768709218,0.5892265475199854,-0.23771180758338356,0.8121046250217772,0.9999225138543825
BISPR,2.266379756872065,-0.42250945783800775,0.5092893747673414,-0.8296058758952565,0.40676165352062155,0.9999225138543825
BST2,38.78617437120731,-0.541046044822234,0.23665342616452745,-2.2862379539186772,0.02224034149530415,0.9999225138543825
GTPBP3,2.15994086099684,0.2010276180314831,0.5698210012894758,0.35279081953204233,0.7242452667724704,0.9999225138543825
DDA1,4.1084495947079684,0.6904449854339498,0.46464406256127155,1.485965368045357,0.1372882816122369,0.9999225138543825
MRPL34,5.959523065695695,0.2917573465541021,0.4605269646778049,0.6335293455796278,0.5263880236246468,0.9999225138543825
BABAM1,3.9223171496151865,-0.15537014399413843,0.6775428710718276,-0.22931411520624992,0.8186247834126924,0.9999225138543825
OCEL1,2.886531315380696,-0.38447804631085974,0.5772152362551479,-0.666091298638049,0.5053527459227667,0.9999225138543825
USE1,4.165663337213036,0.1162531440614714,0.4318337114536023,0.26920812566983215,0.7877695276456846,0.9999225138543825
MYO9B,3.6159853125045,0.4699591817457447,0.6214302875610922,0.7562540660677783,0.4494968825024048,0.9999225138543825
SIN3B,2.0913799751203173,-0.30334454601607197,0.692814444614327,-0.43784385324837816,0.6614994790090303,0.9999225138543825
SMIM7,6.527466276803567,-0.6585873677436044,0.5401011302335555,-1.2193778736563872,0.22270080398732683,0.9999225138543825
MED26,2.6279388488847397,-1.1153841600913057,0.6370429071767935,-1.7508776057713205,0.07996699502932897,0.9999225138543825
CTD-3222D19.8,0.9247311259833849,-0.5452306736358413,0.7473735501997869,-0.7295289932191085,0.4656781392578504,0.9999225138543825
SLC35E1,3.4662186162920703,-0.65865763830672,0.6669038065124281,-0.9876351459907966,0.323331367095104,0.9999225138543825
CHERP,3.544296928693862,0.4162020961125583,0.49284507929700794,0.8444886914691878,0.3983963799574566,0.9999225138543825
EPS15L1,3.2799549367408347,0.28662965837627397,0.5188609616125884,0.5524209365943553,0.5806599895339462,0.9999225138543825
ELL,4.247117410819272,0.22801354539415683,0.5369186143895243,0.42467059119082307,0.6710768252114736,0.9999225138543825
ISYNA1,2.8496429315276677,0.06100446837635408,0.6906595738699717,0.08832784005950695,0.929616112258743,0.9999225138543825
SSBP4,6.527666224980297,-0.6391122245579337,0.7276674788258889,-0.8783025807188174,0.3797795356814173,0.9999225138543825
PGPEP1,3.321622823087561,-0.01081884809512634,0.5698331862696029,-0.01898599161265357,0.9848522804705825,0.9999225138543825
LSM4,16.078290796283248,0.15870637944752566,0.45038363064569925,0.3523804344753691,0.7245529732121684,0.9999225138543825
IL12RB1,4.794348228792692,-0.0348992783128463,0.518368929016872,-0.06732517394326772,0.9463228364427709,0.9999225138543825
ARRDC2,4.965788145899652,0.6124683929535538,0.45793019267740653,1.3374710878367728,0.18106891360739785,0.9999225138543825
CCDC124,6.258949828626447,0.3197337675648876,0.4459546751011848,0.7169647173052769,0.4733958674546995,0.9999225138543825
RPL18A,526.5772508363742,0.24861639533420107,0.2867947873743848,0.8668790587523988,0.38600827864391907,0.9999225138543825
JAK3,4.737668197078071,-0.345767397164842,0.5429271601217823,-0.6368578007541269,0.5242174722627844,0.9999225138543825
FCHO1,1.3987835585423094,0.405201155363444,0.6116436435135933,0.6624791406900948,0.507664198805382,0.9999225138543825
MAP1S,1.3341886833072116,0.6531282602982117,0.7144334378391826,0.9141904979610282,0.3606167561713822,0.9999225138543825
COLGALT1,1.4073027906258686,0.03661638135017612,0.5878081367113149,0.06229308351367584,0.9503294363381957,0.9999225138543825
PGLS,15.502612437544105,-0.14919069981572716,0.4463804382901398,-0.334223202941424,0.7382111363250041,0.9999225138543825
CTD-3131K8.2,0.8610214472967538,-0.23286233945685098,0.7822400924871745,-0.29768653089162517,0.7659424244198291,0.9999225138543825
MVB12A,2.3189595397083433,0.3466417200830111,0.5364928259816244,0.6461255459451084,0.5181980524951638,0.9999225138543825
MAU2,2.372118796747626,-0.4991002362155306,0.5594597204110872,-0.8921111172200122,0.37233337664967125,0.9999225138543825
SUGP1,1.2369236294241874,0.3824397826812412,0.6822527824912082,0.5605543758792503,0.5751013612895886,0.9999225138543825
NR2C2AP,2.485863727868757,-0.6961826442082084,0.5591066611796702,-1.2451696474860785,0.21306939714635753,0.9999225138543825
RFXANK,4.291426788480336,-0.5529693056723706,0.4373664157402963,-1.2643158819965685,0.20611667135893308,0.9999225138543825
BORCS8,1.747626346555029,-1.19846678879917,0.6623558758324175,-1.8094001012567358,0.07038886745533789,0.9999225138543825
TMEM161A,1.3333132297728854,0.6227693104650786,0.6612225088907646,0.9418452972960747,0.3462718500841456,0.9999225138543825
SLC25A42,1.694195506207501,0.16378626324537054,0.6590175977507556,0.2485309403032292,0.8037236339644236,0.9999225138543825
SUGP2,3.8894494594070608,-0.06416736251433597,0.6082316616182046,-0.10549822800019691,0.9159804759951963,0.9999225138543825
DDX49,2.7009835919818044,-0.4101894013824073,0.5722154279877345,-0.7168443584698309,0.4734701376822099,0.9999225138543825
COPE,22.0899302829012,-0.13716900986301744,0.4155654973070143,-0.330077955826248,0.7413410593486132,0.9999225138543825
UPF1,1.5489469887889213,0.4946748210133534,0.7212952232651296,0.6858146360294468,0.4928300056753203,0.9999225138543825
KLHL26,1.1398295042011457,-1.4816113009902643,0.8686768325051584,-1.7055955051978047,0.08808341683153063,0.9999225138543825
C19orf60,24.597710340654285,0.34908851312073574,0.3953237473388565,0.8830446323314605,0.37721215726150725,0.9999225138543825
UBA52,218.80383593933988,-0.18883830765059853,0.40926718413540447,-0.46140593473070174,0.6445073944379378,0.9999225138543825
KXD1,7.730770231010286,0.09009207838026846,0.4705310285435501,0.19146894235462725,0.8481582107903876,0.9999225138543825
FKBP8,16.26606199512119,-0.23100085893186265,0.6003070740788388,-0.3848044924113706,0.7003822704913731,0.9999225138543825
ZNF493,4.337016157743433,-0.04094365733463345,0.4703067078427045,-0.08705735353518959,0.9306259235792012,0.9999225138543825
ZNF738,1.5465647451934978,-0.19112347758229772,0.6759672351829794,-0.28274074190971993,0.7773755824558467,0.9999225138543825
ZNF708,2.423702879798977,0.19555925074020006,0.6309017660558315,0.30996782900571895,0.7565854209977184,0.9999225138543825
ZNF431,4.460427059518919,-0.6141014920899184,0.46587385562962924,-1.3181711844721555,0.18744634934582016,0.9999225138543825
ZNF430,7.02963353316598,-0.03728237966984659,0.4525732889096528,-0.08237865685725274,0.9343456077156831,0.9999225138543825
ZNF626,2.293131510454286,-0.4480069439065989,0.7123420146556395,-0.6289211287406296,0.5294006927680697,0.9999225138543825
ZNF90,2.7957398383967433,-0.5193427991826164,0.6501191350736966,-0.7988425061873382,0.4243817399737275,0.9999225138543825
ZNF253,1.3866886431587013,-0.4679860687081304,0.6391108829183985,-0.7322455010797911,0.46401873675290684,0.9999225138543825
ZNF506,4.874330006709312,0.19530349938237682,0.4371357386508567,0.4467799864297233,0.6550339229488201,0.9999225138543825
ZNF14,1.2590705929190085,0.22111059773074268,0.6268481585983624,0.3527339032552122,0.7242879398989619,0.9999225138543825
ZNF101,2.3176251872483897,-0.14018294163904668,0.5556169825459123,-0.25230139834227067,0.8008081073708895,0.9999225138543825
GMIP,3.205137091332802,-0.03579831713475874,0.5067321591539728,-0.07064544155738349,0.9436799436021515,0.9999225138543825
LPAR2,2.951747983093611,1.5522070835148665,0.8010998386907794,1.9375950518871727,0.05267264663363843,0.9999225138543825
PBX4,3.7225072283451364,0.1709569454384059,0.779794623762364,0.21923329583060014,0.826468319978009,0.9999225138543825
NDUFA13,11.661343295248928,-0.22080736259371478,0.5951853881860488,-0.37098921945424623,0.7106455612991919,0.9999225138543825
GATAD2A,4.201920912044587,0.35354340841437265,0.4908737063951483,0.7202329312170854,0.4713815912477728,0.9999225138543825
GPATCH1,0.8082758499509263,-0.4644425758962115,0.7391391165509024,-0.6283561044143802,0.5297706857988425,0.9999225138543825
CEP89,1.6408065029306924,-0.8602444684522973,0.6642666939699687,-1.295028753151951,0.19531031075220173,0.9999225138543825
ANKRD27,1.9690937098393533,0.20913150652124032,0.5300199756205661,0.3945728767606952,0.6931581339022135,0.9999225138543825
PDCD5,12.293445439656601,-0.17556602843115132,0.3991291100247784,-0.4398727730489314,0.6600292565340946,0.9999225138543825
ZNF507,1.6126008293683307,-0.608732794819062,0.6007000885107825,-1.0133722409267387,0.3108823933631729,0.9999225138543825
URI1,3.303091347864815,-0.09907141634342312,0.6764894424178092,-0.14644931632537622,0.8835666981449601,0.9999225138543825
C19orf12,3.651422177846089,0.03866627257650462,0.633131939285951,0.06107142947189273,0.9513023226442325,0.9999225138543825
PLEKHF1,6.28632877514535,-0.309127056465135,0.5853651823821141,-0.5280926603921983,0.5974350247775952,0.9999225138543825
POP4,3.767351759571753,-0.04927287304794534,0.46452998986325106,-0.10607038108013295,0.9155265110180729,0.9999225138543825
UQCRFS1,15.737587644034853,0.666349870818858,0.3788910548457713,1.7586846200158979,0.07863109112801575,0.9999225138543825
LINC00662,1.8766499327362938,-0.141409784589276,0.5851515153210345,-0.24166353651445927,0.809040885820388,0.9999225138543825
CTD-2017D11.1,1.5803155639170958,-1.5794233166270952,0.8404167668824346,-1.87933341987695,0.06019898115575792,0.9999225138543825
ZNF254,1.9674329804328574,-0.2655416118194167,0.5898549322564596,-0.4501812179540501,0.6525797779872349,0.9999225138543825
ZNF675,2.7976107238893535,0.2315599167884984,0.49534202410595113,0.46747480633496363,0.6401602129317387,0.9999225138543825
ZNF91,4.804960798386218,-0.2886293718196576,0.4759512574002998,-0.6064263248219665,0.5442316920534931,0.9999225138543825
ZNF43,1.5145022437328317,-0.11835190106159804,0.5761182403532782,-0.20542988013888286,0.8372362770920864,0.9999225138543825
TMEM147,8.937083651604615,0.5188467540751135,0.38881586425764625,1.3344279433292443,0.18206364727775814,0.9999225138543825
DMKN,2.2361951837669958,-0.16387659796211276,0.5967613954201211,-0.27460991816795277,0.7836159455981844,0.9999225138543825
USF2,5.01693375003079,0.20933326068285527,0.6443618509943241,0.3248691094294768,0.745280136975623,0.9999225138543825
LSR,3.4017839931422875,0.1490121961265737,0.621642798764485,0.23970710578926585,0.8105573259070513,0.9999225138543825
FXYD5,115.40875332909474,-0.24380404182447585,0.38453150216598286,-0.6340287868514813,0.5260620355805776,0.9999225138543825
FXYD7,9.590988780827223,-0.3326613987570265,0.7726414753978149,-0.4305507914725222,0.6667950279546787,0.9999225138543825
FXYD1,1.8653224738734124,0.12058969804924309,0.7891585759689237,0.15280794218219557,0.878549734340914,0.9999225138543825
GRAMD1A,4.02438417717447,0.5870661960309992,0.5746743559249929,1.0215632383422788,0.3069876642862349,0.9999225138543825
CTC-523E23.11,1.5653235264799854,0.10461216489316859,0.6266464966128666,0.16693967884383865,0.8674175120013767,0.9999225138543825
ZNF302,4.234815986204637,-0.549404749109138,0.5143262706814786,-1.068202774050761,0.2854290537209775,0.9999225138543825
UBA2,8.46476669305515,0.10297461299156414,0.35758468474022564,0.28797266042412323,0.7733676664144548,0.9999225138543825
GPI,9.379812978394131,0.021746388901496938,0.4087154487272198,0.05320667219508667,0.9575672395047548,0.9999225138543825
KIAA0355,2.2210761172301137,-1.2944514001124143,0.6342893147254964,-2.040790172655862,0.0412716878024713,0.9999225138543825
LSM14A,15.488560452658792,0.014408935932170535,0.31558368229586037,0.04565805122541833,0.9635827991895949,0.9999225138543825
PEPD,3.8504051537869706,0.12031878474944291,0.6126412038744613,0.19639355627490232,0.8443021394031466,0.9999225138543825
CEBPG,6.435140977555071,0.36900978401060797,0.43009380949113,0.8579751111675049,0.39090620679699684,0.9999225138543825
ZNF566,1.1513600974401998,0.34715045165058134,0.7003822696919966,0.4956585377343231,0.6201353448132543,0.9999225138543825
ZFP14,2.971875183268833,-0.4723062267661733,0.5025994847236104,-0.9397268423900275,0.3473576928370984,0.9999225138543825
ZNF146,3.548766084384068,-0.35416711273219087,0.5301506607365716,-0.6680499317686868,0.5041017201869908,0.9999225138543825
CAPNS1,6.461535697643482,-0.45107153705435316,0.6132832289531918,-0.7355028080977911,0.4620333304260178,0.9999225138543825
TBCB,21.003600212140622,-0.2455764761145192,0.45780130888825327,-0.5364258933878737,0.5916642398900136,0.9999225138543825
POLR2I,8.293161205059686,-0.18029881735430783,0.4135881788217167,-0.4359380334998121,0.6628816893399831,0.9999225138543825
ALKBH6,4.438404212528964,0.27470499958552813,0.6087690645046451,0.4512466477071324,0.6518117926768876,0.9999225138543825
SDHAF1,3.5488552046951596,0.1808245333160507,0.5501606519126828,0.3286758743785074,0.742400691561691,0.9999225138543825
TYROBP,120.29352830020362,-0.07921051278096145,0.37141271137933846,-0.2132681794513506,0.8311177917188557,0.9999225138543825
HCST,131.72344643791112,0.005139236365528497,0.4174170536000559,0.01231199425419884,0.9901766980503773,0.9999225138543825
NFKBID,22.801307025872415,0.7471425149563176,0.427840323205035,1.746311589705542,0.08075682306608976,0.9999225138543825
PSENEN,6.557872998692813,-0.5120614858136419,0.7300532423631207,-0.7014029335122766,0.48305159178726487,0.9999225138543825
U2AF1L4,3.608949477124466,-0.19645036401685573,0.46680469188634993,-0.4208405944314808,0.6738714866183539,0.9999225138543825
IGFLR1,3.0202358204425184,0.593260975413671,0.494006533692333,1.200917265161423,0.22978329627531235,0.9999225138543825
COX6B1,49.21257164644424,-0.5187119397510623,0.3926930569449811,-1.3209093733066368,0.18653158400285963,0.9999225138543825
RBM42,8.42727666066129,-0.39784320410443136,0.4747090987518969,-0.838077898971052,0.4019869545863405,0.9999225138543825
FAM98C,3.232670350058166,-0.11497468769389402,0.48654837672685325,-0.2363067953640311,0.8131946143058061,0.9999225138543825
PSMD8,22.58783752140379,-0.09143209895532343,0.38033314700698995,-0.24040002738347452,0.8100201569780388,0.9999225138543825
KCNK6,3.289069160694753,0.19459186190024746,0.7290082241783856,0.26692684039272446,0.7895254905335751,0.9999225138543825
YIF1B,3.11179276042066,0.9845845354606326,0.6307327364753204,1.5610170180205287,0.11851973558598575,0.9999225138543825
SPINT2,4.7797531534159985,0.879688180884627,0.7046738393261525,1.2483621950913244,0.21189844704470506,0.9999225138543825
ZNF571,1.733744457131625,-0.09531507721336337,0.7323996902828522,-0.1301407939926255,0.8964550356090082,0.9999225138543825
ZNF540,0.7096263754462416,-0.1562294232860146,0.8171521604159493,-0.19118767697620748,0.848378557886789,0.9999225138543825
ZNF570,1.0669768799110346,0.7202212465553031,0.704214780496207,1.0227295230125923,0.3064357484754915,0.9999225138543825
ZNF569,1.749139473845313,1.158821416523263,0.5847090166236066,1.9818771107975377,0.047492996325143054,0.9999225138543825
ZNF383,1.3909534699698256,-0.25109778869602484,0.6034095073036903,-0.41613164137576264,0.6773136775657251,0.9999225138543825
ZNF420,0.859687659434878,0.06597321003983535,0.7676601151057155,0.08594065100119223,0.9315135962070799,0.9999225138543825
ZNF568,1.4798438019421218,-0.16608223998191263,0.6498374580004715,-0.2555750487097838,0.798278986901956,0.9999225138543825
ZNF567,2.548835213660781,0.6711101323631524,0.4869834294582974,1.378096443876275,0.1681735133710377,0.9999225138543825
LINC01534,1.304178154713911,-0.9891338909855742,0.7624596682949355,-1.2972933941509892,0.19453025643532396,0.9999225138543825
ZNF529,1.6143632821116782,0.29509899176916926,0.6202110776280425,0.47580412929378246,0.6342139277743896,0.9999225138543825
ZNF260,3.308337040503886,-0.1962976600477112,0.5679494006680231,-0.34562526136452565,0.729624358851069,0.9999225138543825
ZFP36,522.7757292193377,0.6221447077300046,0.5649682846903666,1.101202889771014,0.27080836429730004,0.9999225138543825
MED29,7.6087650394388895,-0.16430330850581396,0.36617181394858406,-0.44870550448452756,0.6536441133038515,0.9999225138543825
PAF1,8.235810160489656,0.5160202545537945,0.6215540493841656,0.8302097863654276,0.4064201830869977,0.9999225138543825
SAMD4B,2.3804699676099603,-0.38418127274363023,0.7289326776677773,-0.527046302784531,0.5981614345662836,0.9999225138543825
GMFG,50.46274242513868,-0.5777113397825033,0.5079753617550581,-1.1372822055512832,0.25542033110869855,0.9999225138543825
MRPS12,8.227929294974013,0.5326838139187327,0.5337796427580119,0.9979470389061351,0.3183050406505149,0.9999225138543825
SARS2,1.4079616991286892,-0.07358093053552472,0.7008896282958648,-0.10498219343668785,0.9163899382119225,0.9999225138543825
NFKBIB,8.300440023204354,0.2523430622018885,0.38253025691298276,0.6596682422935529,0.5094667507278003,0.9999225138543825
SIRT2,9.041364552283541,-0.0935747585792265,0.407703560303465,-0.2295166579109003,0.8184673750149528,0.9999225138543825
RINL,2.8438160633360505,0.3898668199960963,0.5558861294268819,0.7013429538133082,0.4830890135639272,0.9999225138543825
HNRNPL,8.994383992950723,-0.404966590751395,0.42386505461079965,-0.9554139609910575,0.33936839663111595,0.9999225138543825
ECH1,14.329793224773917,-0.5719177011787154,0.631462353425244,-0.9057035594861034,0.3650927779910389,0.9999225138543825
CAPN12,6.586442146848245,-0.14317332822559373,0.40121139117002735,-0.35685260034134725,0.7212021558437465,0.9999225138543825
ACTN4,16.716432061828932,-0.20707395052893673,0.35874946911712385,-0.577210472362627,0.5637972834968226,0.9999225138543825
EIF3K,76.48987712638807,-0.3015455242109431,0.32018008409329396,-0.9417997533009544,0.346295171512208,0.9999225138543825
MAP4K1,6.549158449354767,-0.0248065845888559,0.46882217455217773,-0.05291256671583704,0.9578015716324376,0.9999225138543825
RAB4B,2.993129127327808,0.14791564956731804,0.7720920209296482,0.19157774663856536,0.8480729752268449,0.9999225138543825
SNRPA,7.68102735603547,-0.2326449017933787,0.3987828856294493,-0.5833873773849797,0.559632553226812,0.9999225138543825
ADCK4,2.2118650390037704,0.14227004546702912,0.5855157395732101,0.24298244411112085,0.808018997531951,0.9999225138543825
LTBP4,2.7892883184736896,-0.16618748758003937,0.4971924302787713,-0.334251845883614,0.7381895241167306,0.9999225138543825
SHKBP1,10.031322566972596,-0.351113265049427,0.5206102660596355,-0.6744263183799901,0.5000403151526243,0.9999225138543825
BLVRB,3.413350520580173,0.11787689803202683,0.5092744039253273,0.23146048009377396,0.8169570841769898,0.9999225138543825
SERTAD3,5.3366377447866675,0.21229482405621675,0.5012284303889148,0.4235490470711971,0.6718947216522351,0.9999225138543825
SERTAD1,61.568766494290884,-0.06413397147980483,0.5527701151644608,-0.1160228632488998,0.9076344219086618,0.9999225138543825
PLD3,5.504939814350096,0.00027057942810093715,0.43174981923705147,0.0006267042070314707,0.9994999624217517,0.9999225138543825
AKT2,3.918293402278607,-0.39028883029486033,0.4702259754789837,-0.8300027022056843,0.40653725586057743,0.9999225138543825
ZNF780B,0.9266720007357917,0.04989759380314479,0.7784046891676094,0.06410238080207739,0.9488887061412637,0.9999225138543825
PSMC4,11.20120607197686,-0.2844197227105552,0.3452148125700863,-0.823892001021282,0.41000092586211345,0.9999225138543825
FBL,13.26041939745827,-0.09270724894976133,0.32372180415071394,-0.28637937809898023,0.7745875674793398,0.9999225138543825
TIMM50,3.7703771995441318,0.1911133940979668,0.5294344952274955,0.3609764679497249,0.7181170385677363,0.9999225138543825
SUPT5H,6.05981351080123,-0.1603914285203046,0.4104026902153906,-0.39081475912384195,0.695934164697124,0.9999225138543825
RPS16,261.58691224290067,-0.012597843461122226,0.34045466940071784,-0.03700299802995055,0.9704826152968926,0.9999225138543825
ERF,3.4733482707375285,-0.2568592466195113,0.5815461389413205,-0.4416833496429233,0.6587183600497101,0.9999225138543825
GSK3A,2.4463286373188624,0.5452329344956328,0.7837356008639204,0.6956847869289294,0.48662625482467425,0.9999225138543825
DEDD2,23.512504364568482,0.24998605057086112,0.5720833346304236,0.43697488711562754,0.6621295605840665,0.9999225138543825
POU2F2,2.8377764827418184,-0.712927897640899,0.6229396907040949,-1.1444573339597168,0.2524340225269127,0.9999225138543825
ZNF574,2.4512629401305395,0.35318308218941596,0.6006508511556014,0.5880006354938507,0.5565318662706362,0.9999225138543825
RABAC1,25.78690365932447,0.26098669212027087,0.36692642872950765,0.7112779884074966,0.4769119889367399,0.9999225138543825
ARHGEF1,29.606721479675404,-0.14507964848554175,0.35016169894216065,-0.4143218659374447,0.6786384022816561,0.9999225138543825
RPS19,795.1619069145229,0.070456519146209,0.33176303310280897,0.21237001147254236,0.8318183795498338,0.9999225138543825
AC006129.2,10.248674616398619,-0.15317335498535048,0.3716569580838678,-0.4121363845172125,0.6802394615633751,0.9999225138543825
ATP5SL,3.8944325180677484,-0.8688233205224798,0.5438686305430004,-1.5974874661460865,0.11015708937653515,0.9999225138543825
EXOSC5,2.019189881255185,-0.1874220136394746,0.5692266012487378,-0.329257299691052,0.7419612162018396,0.9999225138543825
B9D2,2.39558861388138,0.7616847202002772,0.5811400115058921,1.310673340537239,0.18996814929905248,0.9999225138543825
CCDC97,3.089179075751327,0.5167671766785861,0.4502084191818117,1.1478398774010827,0.25103467173684335,0.9999225138543825
TGFB1,43.716473348413984,0.07352398542005581,0.42956071339671315,0.1711608699936068,0.8640972746236288,0.9999225138543825
HNRNPUL1,17.80115979159829,-0.3990527130745489,0.33996458593165446,-1.1738067127814702,0.24047245462419164,0.9999225138543825
EGLN2,3.4362190220066586,0.7774272645129108,0.7348036240521153,1.0580068457280396,0.2900523214208115,0.9999225138543825
APOC1,1.4147046125991087,0.18616629829700174,0.9472407322848568,0.1965353599691037,0.8441911590517884,0.9999225138543825
TOMM40,3.3603084973898154,0.0633301069742208,0.5350683617516225,0.11835890794757639,0.9057832835650016,0.9999225138543825
BCL3,4.266839628960838,0.16578559709831384,0.49320796498464664,0.3361373069136762,0.7367673266558369,0.9999225138543825
ZNF227,1.4227449761254034,0.32386374916956434,0.6774599609005902,0.47805592634438765,0.6326104001861582,0.9999225138543825
ZNF226,2.1864736383702126,-0.03746530001722842,0.5305498962101581,-0.07061597841193036,0.943703393226473,0.9999225138543825
ZNF224,4.433966373648502,-0.5486113087498319,0.4727871156682668,-1.1603770292563713,0.2458953349310885,0.9999225138543825
ZNF230,1.2884464500107862,-0.6421700423799946,0.6633001341794355,-0.968143995891723,0.33297245996043534,0.9999225138543825
SMG9,1.5715075933978153,0.44008643183783136,0.618527614097673,0.7115065225985794,0.47677041034131595,0.9999225138543825
PLAUR,3.6978431192870214,0.912546271275842,0.671362958134877,1.3592442958291888,0.17406918907166946,0.9999225138543825
ZNF428,10.846242777453826,-0.0506710271917563,0.5337870624346247,-0.0949274172375847,0.9243724790437331,0.9999225138543825
ZNF576,2.0009864688702472,-0.6181484077430937,0.5882331126090229,-1.0508561903313904,0.2933246439581422,0.9999225138543825
IRGQ,0.8962191761051804,-0.07870487890338494,0.7197326865892512,-0.10935293112274826,0.9129225653078409,0.9999225138543825
XRCC1,3.934238600213939,-0.46745523608612594,0.664584484124668,-0.7033797015315769,0.481819152974427,0.9999225138543825
ETHE1,8.274345343163116,-0.09128155134886472,0.44263914271869037,-0.2062211461648269,0.8366181705884123,0.9999225138543825
PAFAH1B3,3.523490757751667,-0.02019439598823257,0.5395001905398076,-0.03743167535868091,0.9701408170768477,0.9999225138543825
CIC,1.3801395624846557,0.7392615004426136,0.6510001798206,1.1355780280219527,0.25613320879896684,0.9999225138543825
PRKD2,4.634528379942236,-0.3623423167195748,0.6030122546088467,-0.6008871527073919,0.5479151506891453,0.9999225138543825
CALM3,24.187473816142067,-0.14713675157628117,0.3591669919332736,-0.4096611183123876,0.6820545559880051,0.9999225138543825
PPP5C,2.978069622248847,0.9961125878956585,0.6205579467166642,1.6051886744276371,0.10845228913831327,0.9999225138543825
SYMPK,2.958905526732421,-0.62498871744356,0.5436557892259578,-1.1496037195398983,0.2503071255051581,0.9999225138543825
SNRPD2,63.69046022093315,-0.20486648543354938,0.41624170566439966,-0.4921815441500369,0.6225910102321912,0.9999225138543825
EML2,3.817085192301556,0.32522862615933484,0.4593044746351154,0.708089391939205,0.47888974679535257,0.9999225138543825
OPA3,1.5951411511273013,-0.008088474695774898,0.5804876640766489,-0.01393393037669596,0.9888826918280418,0.9999225138543825
VASP,15.066627214341368,0.2130768166391475,0.5499280348243629,0.38746309179745736,0.6984134036268408,0.9999225138543825
FOSB,156.85926930116494,-0.001770317938475017,0.5697020681194648,-0.0031074451674691595,0.997520621467571,0.9999225138543825
ERCC1,5.2188470588715505,-0.2525434547083731,0.41041100604567393,-0.6153427929276047,0.5383283625480999,0.9999225138543825
TRAPPC6A,9.059621607291,0.07836820752840565,0.4861952257990554,0.16118670725243864,0.8719463502964776,0.9999225138543825
GEMIN7,2.689517802276719,-0.18723206427884007,0.5694668342282734,-0.3287848440420101,0.7423183194977669,0.9999225138543825
ZNF296,6.380740189929648,0.43301758422161835,0.5556257501837094,0.7793331825935848,0.4357834726652705,0.9999225138543825
CLASRP,3.194865465324015,-0.08739922001327292,0.5457641930645432,-0.16014099335193455,0.8727700098292173,0.9999225138543825
RELB,11.934472412106983,0.9623618699834863,0.5518972434380526,1.7437337863629065,0.08120552105026957,0.9999225138543825
CLPTM1,5.869398640462736,-0.3763729166483547,0.5237371775377297,-0.7186293675347134,0.4723693136997913,0.9999225138543825
CYTH2,3.935038842655689,0.4800069937821599,0.5155723192564553,0.9310177754973602,0.3518443693425478,0.9999225138543825
GRWD1,3.1486611315756927,0.7839357606335384,0.5143494225242753,1.524130729623867,0.1274760576841373,0.9999225138543825
KDELR1,13.593156264174286,-0.2073229561296893,0.5046467258349878,-0.4108279029981875,0.6811987314006176,0.9999225138543825
EMP3,62.63167680097455,-0.33205053373300303,0.454550974227159,-0.7305023035041672,0.46508320546188375,0.9999225138543825
CARD8-AS1,1.5864520794035846,0.2509265884763974,0.6208895222191371,0.4041404782924252,0.6861094204297222,0.9999225138543825
CARD8,7.383252072209593,-0.17235464572396791,0.36178356435030135,-0.4764026415447757,0.6337875531271915,0.9999225138543825
LIG1,1.9416314839213955,-0.18626353768190884,0.5649409844027393,-0.3297044166105745,0.7416233162175168,0.9999225138543825
SEPW1,34.89869985994239,-0.3652804474820237,0.28018439583318205,-1.3037144570303147,0.19233095833037617,0.9999225138543825
GLTSCR2,42.677738148538694,0.2774318614456291,0.5316444354063333,0.5218372336269996,0.6017836629744713,0.9999225138543825
NAPA,15.2081111031419,-0.1504619792273649,0.3941615128308302,-0.3817267143784826,0.7026640827283084,0.9999225138543825
BBC3,2.037980208411216,0.7330031953184629,0.7072631661910682,1.0363938493588127,0.3000184386366961,0.9999225138543825
SAE1,5.154150910795583,0.13400492641652728,0.42493633389562213,0.31535294990671037,0.752493686104492,0.9999225138543825
TMEM160,10.867368638871774,0.2963717264796634,0.5537639097065118,0.5351950917797024,0.5925149599416291,0.9999225138543825
ARHGAP35,1.1669351144483933,-0.5215257965192811,0.687253995731202,-0.7588545134094202,0.4479395915214378,0.9999225138543825
AP2S1,13.171055151608265,0.10199074584834715,0.4428721457752588,0.23029388237955173,0.8178634140266264,0.9999225138543825
SLC1A5,13.307836266041958,-0.5370687349327639,0.46924123291091874,-1.1445471907936988,0.25239677879710287,0.9999225138543825
FCGRT,2.35559985175156,-0.5160603035582747,0.6948452569977487,-0.7426981739618419,0.45766443554516933,0.9999225138543825
RPS11,183.39067833206343,-0.6790024930301163,0.5839513748076162,-1.1627723168796629,0.24492189174158085,0.9999225138543825
RPL13A,343.02653622619215,-0.6630346668393104,0.8351327029679488,-0.793927317757974,0.4272377452891767,0.9999225138543825
FLT3LG,10.643631833621063,0.2936847138698903,0.6384910443315894,0.45996684914717484,0.6455400157205587,0.9999225138543825
ALDH16A1,2.4673051330206532,-0.4984564247422175,0.5445498437595503,-0.9153550046050777,0.3600052917079376,0.9999225138543825
PIH1D1,8.242095076146894,0.19493395141591605,0.3728526655780902,0.5228176419596741,0.6011011614279826,0.9999225138543825
CD37,61.8529080550783,0.15774104057485128,0.26727986991679514,0.5901717949202699,0.5550754794945951,0.9999225138543825
SNRNP70,9.499262810809736,0.5734125397025902,0.41204598782295915,1.391622674770381,0.16403668883168043,0.9999225138543825
RUVBL2,3.3387179357644,0.01630289666615247,0.6029965487412899,0.027036467621885305,0.978430647698191,0.9999225138543825
FTL,327.46424626007155,-0.14672128113089858,0.2736872052139371,-0.5360911227699111,0.5918955750632041,0.9999225138543825
BAX,16.824430907998995,0.5192132341415262,0.44119408084476186,1.1768363554365457,0.2392608287977901,0.9999225138543825
NUCB1,9.311356973585442,-0.050994344847658316,0.39963767738153794,-0.1276014443427303,0.8984643880577468,0.9999225138543825
PPP1R15A,113.91730313039548,0.5157851095131998,0.5650217160144679,0.9128589130191812,0.36131674903396516,0.9999225138543825
BCAT2,1.88174817052373,-0.27058750644921065,0.6040732235304483,-0.4479382563388388,0.6541977577297614,0.9999225138543825
SPHK2,1.3757028058344052,-0.10628338490556426,0.6526988906844914,-0.16283677883089992,0.8706469494091991,0.9999225138543825
RPL18,422.1480817797563,0.05876737766910392,0.33890223024042826,0.17340510750670607,0.8623330107135087,0.9999225138543825
EMC10,9.469577240386213,-0.13761048780879223,0.3606729447077649,-0.38153814925123114,0.7028039690968071,0.9999225138543825
NR1H2,10.149265400184248,0.20216297106288048,0.5206074983233028,0.3883212817986251,0.6977782899709379,0.9999225138543825
VRK3,3.8980997625407636,0.1261182835865802,0.4778220968348604,0.2639440168673652,0.7918230573637317,0.9999225138543825
ATF5,2.560675934064141,-0.11570531502162414,0.6111307632313989,-0.18932988156221062,0.8498342767325121,0.9999225138543825
NUP62,2.334823124246429,-0.08225034801861932,0.5693700000012643,-0.14445852085363942,0.8851384083953086,0.9999225138543825
TBC1D17,3.072059759121478,-0.5322530954940985,0.6750858085835958,-0.7884228771018369,0.4304493936591832,0.9999225138543825
AKT1S1,2.8706518625631534,-1.5497409745481836,0.5924067716104386,-2.616008203848283,0.008896442004134858,0.9999225138543825
PNKP,7.697913267294824,-0.1636951669482953,0.43033796329389606,-0.38038746499457904,0.7036578180601054,0.9999225138543825
PTOV1,2.873081341378103,0.44540339556349434,0.6470106658081043,0.6884019369405507,0.49119970442400196,0.9999225138543825
MED25,1.944735997023246,0.17382205988924312,0.6107595086212597,0.2845998423858065,0.7759507320165288,0.9999225138543825
FUZ,1.408512997934176,0.3174170371386999,0.6942523229232261,0.4572070220841039,0.6475222515758001,0.9999225138543825
AP2A1,5.193898256681583,-0.5697626357533437,0.5023429424630101,-1.1342104916608797,0.25670626414539655,0.9999225138543825
PRMT1,9.886009045051878,-0.01111311993997978,0.40135001754697797,-0.027689347088863624,0.9779099202389594,0.9999225138543825
BCL2L12,2.8945568277548177,0.12337633638955531,0.5357794615765665,0.23027447903007012,0.8178784905524088,0.9999225138543825
IRF3,7.700394986388997,-0.3061691211827885,0.387963159393531,-0.7891706049136109,0.43001229999222623,0.9999225138543825
NOSIP,12.855278372514404,0.05702446899124257,0.364478481384206,0.15645496758732275,0.8756744127065228,0.9999225138543825
ZNF701,1.857522237536425,-0.4280451571737798,0.633845011005791,-0.6753151791706207,0.4994755420863005,0.9999225138543825
ZNF808,1.781988319143259,0.3117758031768438,0.5615466301893883,0.5552091071612231,0.5787516403752152,0.9999225138543825
ZNF880,3.274287536302232,-0.5276174288352389,0.5770983873741337,-0.914259059423058,0.3605807375605219,0.9999225138543825
ZNF480,1.9494017770470833,-0.6903709132994429,0.6438491500924541,-1.0722556878428875,0.283605203959301,0.9999225138543825
ZNF766,1.7275010237575075,-0.3535958595654024,0.5953026620417858,-0.5939766141018576,0.5525277545236149,0.9999225138543825
PPP2R1A,12.631634122368599,-0.12280753425837365,0.41983929116822366,-0.2925108174526867,0.769896090250319,0.9999225138543825
ZNF836,1.4711040024564292,0.17430639575784126,0.5878779650505297,0.2965009851030208,0.7668475147690187,0.9999225138543825
ZNF616,1.2077066308127498,-0.04419323887520452,0.8477785954631745,-0.05212827867051778,0.9584264804717602,0.9999225138543825
ZNF615,0.8111170833410295,-0.15882604862017952,0.8479607560936335,-0.18730353672480762,0.851422650155556,0.9999225138543825
ZNF350,2.776271017651326,-0.21585927599761032,0.5110925658809483,-0.42234869064382297,0.6727705232158401,0.9999225138543825
NKG7,539.5936213156542,-0.4043601850150115,0.40412598112912546,-1.0005795318708084,0.3170301296371941,0.9999225138543825
ETFB,6.4525748945306285,-0.5473584164940299,0.5084789535449277,-1.0764622855637367,0.28172055924325734,0.9999225138543825
SIGLEC7,2.023218760861764,-0.3719411744417345,0.8258459343191135,-0.4503759829590848,0.6524393595269389,0.9999225138543825
C19orf48,2.359430744834861,0.3848250388762959,0.5287220807338701,0.7278399236554598,0.46671158220479747,0.9999225138543825
CLEC11A,2.442695643642792,0.6532207379965073,0.5926172653253226,1.1022641023425395,0.27034687088563125,0.9999225138543825
JOSD2,5.295820499003953,0.3579398358663058,0.42332285257422453,0.8455481051629392,0.3978048859796086,0.9999225138543825
TSEN34,8.089269326780933,-0.019519912120064577,0.43676151356876014,-0.04469238134232155,0.9643525064400792,0.9999225138543825
MBOAT7,3.572297500646866,-0.4491694510618763,0.6169286425742961,-0.7280735891716735,0.466568540132114,0.9999225138543825
LENG1,5.221464422979756,0.3245780958109746,0.4339430493014443,0.7479739480410529,0.4544758716576308,0.9999225138543825
CNOT3,1.9376396368989106,0.6698743196787518,0.5900995647174864,1.1351886354965506,0.2562962901058623,0.9999225138543825
PRPF31,5.690116605541811,-0.10954815372197087,0.3893914480341608,-0.2813316889084846,0.7784560071576252,0.9999225138543825
TFPT,2.2118037805168598,0.5531313624262261,0.6188918226089369,0.8937448229554921,0.3714584372594064,0.9999225138543825
NDUFA3,17.650082925415354,-0.5449850156709172,0.5094743295812347,-1.0697006385363335,0.284754078836558,0.9999225138543825
MYADM,60.49428161943426,0.15937413973286566,0.49056988646107014,0.3248755052671033,0.7452752961511724,0.9999225138543825
ZNF331,93.7844658874643,-0.09106110521970806,0.318051284605729,-0.28630950298657526,0.7746410803189587,0.9999225138543825
ZNF525,1.310256451715604,-0.48981086760482917,0.7834832950782062,-0.6251707862589935,0.5318589733117637,0.9999225138543825
ZNF677,2.9821009480323775,-0.2521419502168059,0.525950556793385,-0.4794023829047065,0.6316523985959124,0.9999225138543825
ZNF160,3.8652503765347332,-0.3289493428739365,0.43606386696413446,-0.7543604682590959,0.45063280224793534,0.9999225138543825
ZNF468,1.2021403642957742,-0.43956335400891416,0.7090267479451932,-0.6199531333377734,0.5352886428932482,0.9999225138543825
ZNF600,5.947486858489682,0.2537679552003288,0.4217779993648386,0.6016623806421423,0.5473988960893169,0.9999225138543825
ZNF611,2.4875973240474365,-1.2494866837155378,0.6838160004544731,-1.8272264510995833,0.06766572837349343,0.9999225138543825
ZNF83,3.4160411663066035,-0.35384798158521225,0.6580229206367203,-0.5377441582776776,0.5907536887115058,0.9999225138543825
ZNF524,3.5278964222248335,0.42259144421647205,0.5323428180409081,0.7938332779085184,0.42729249676403525,0.9999225138543825
ISOC2,3.190615334624918,0.2526910366817991,0.5816191693286576,0.43446132797423337,0.6639534714677608,0.9999225138543825
RPL28,789.6273605139081,0.23674229317400416,0.3463321603330512,0.6835700529409118,0.49424670044264396,0.9999225138543825
KMT5C,6.327919286526217,0.2157276983971529,0.5393552711469677,0.3999732828018839,0.6891761951770969,0.9999225138543825
HSPBP1,2.8882274503943863,-0.23235050923002754,0.547306415601454,-0.42453459818242684,0.6711759786406966,0.9999225138543825
PPP6R1,4.494575506388085,-0.04852330474720437,0.5359420902895601,-0.09053833544028624,0.927859431753844,0.9999225138543825
RDH13,1.4238958545353848,-0.500361823012079,0.6738614987843619,-0.7425291753791036,0.4577667817714446,0.9999225138543825
NCR1,7.99729811202098,-1.1598622250429909,0.6054261611416987,-1.9157781732717816,0.05539333711099278,0.9999225138543825
KIR3DL2,7.788323749250176,0.5221732187492056,0.46239462463507414,1.1292804693854503,0.2587795371533501,0.9999225138543825
KIR3DL1,5.298846680682004,0.4697001318787218,0.8415579902041439,0.5581316288908179,0.5767545040800761,0.9999225138543825
KIR2DL4,9.536050032483821,0.23052266346248543,0.523035427075053,0.44074005608305866,0.6594011943828485,0.9999225138543825
KIR2DL3,5.545636812565177,0.8194444371285157,0.5352933065626002,1.5308325867001762,0.12581077365339619,0.9999225138543825
LILRB1,1.5832904118759556,0.2124597595802084,0.6585694283354139,0.32260799004475077,0.7469921418518857,0.9999225138543825
LENG8,4.651650972348102,-0.40588697242813665,0.4946357907797448,-0.8205774430279209,0.41188700059676175,0.9999225138543825
LAIR1,8.050695852283386,-0.38889670764787443,0.49125636018613267,-0.791636992751656,0.4285723705179971,0.9999225138543825
RPS9,347.0671588857341,0.10202325115798463,0.31833543086165894,0.32048977671706774,0.7485970790082862,0.9999225138543825
ZNF586,1.7057880745220364,0.24315407380429088,0.5910606838649679,0.4113859717657032,0.6807895386271992,0.9999225138543825
ZNF211,1.4427781158914477,0.8864718939231907,0.6590797039760674,1.3450147054678236,0.1786204857036685,0.9999225138543825
ZNF134,1.6405895667780286,-0.012966662222675724,0.5453230297798005,-0.023777947224989958,0.9810297306409843,0.9999225138543825
ZNF550,1.719748297619109,-0.8866755268396749,0.7144793606897807,-1.2410092937935262,0.2146023156199186,0.9999225138543825
ZNF419,0.8427615258136711,-0.48880710433653274,0.7468070261396592,-0.6545293325147716,0.5127708356744833,0.9999225138543825
ZNF17,1.3297608571523296,-0.9592297920633489,0.7462157436183618,-1.2854590649777675,0.19863191253944124,0.9999225138543825
ZNF548,1.679876302884009,-0.3068611869899378,0.5663569197905415,-0.5418159048951424,0.5879453335271492,0.9999225138543825
TRAPPC2P1,8.662320265832452,-0.7747272995959833,0.45694379603287394,-1.6954542469381662,0.08998928265553548,0.9999225138543825
CTC-444N24.11,1.937733498836369,-0.14949231828835274,0.710952422980576,-0.2102704955440275,0.8334565616557875,0.9999225138543825
ZNF264,2.3675903656834953,0.527393452229385,0.620270521208832,0.8502636094998667,0.39517854375183536,0.9999225138543825
ZNF667-AS1,4.30820259762764,0.6650024962475571,0.7751613909838392,0.8578890847537339,0.39095371200232476,0.9999225138543825
ZNF667,0.8881348982722798,-0.4235223953146793,0.7024671170650878,-0.6029070756851348,0.5465705086284518,0.9999225138543825
EPN1,4.376406681683535,-0.1157323408590072,0.5310539615368368,-0.21792953116117442,0.8274840175522907,0.9999225138543825
U2AF2,6.270640103210952,-0.05019163278054409,0.43154179762091216,-0.11630769732445458,0.9074086854340127,0.9999225138543825
ZNF581,3.4498072991152444,-0.017643912005062767,0.6446237994642614,-0.027370866573226734,0.9781639346463671,0.9999225138543825
ZNF580,4.4079481908382006,-0.06650219042846607,0.5818985725404325,-0.11428484888377216,0.9090119926422976,0.9999225138543825
MZF1-AS1,2.14937826729602,-0.25894499425217105,0.694772622246998,-0.3727046604322209,0.7093682674674682,0.9999225138543825
CHMP2A,10.085948665875014,-0.4641920467482526,0.4746081535301186,-0.9780532493923852,0.3280479883428197,0.9999225138543825
TRIM28,7.150470474195305,0.4828013853410716,0.652462654715008,0.7399678462086946,0.45931950479311945,0.9999225138543825
ZBTB45,1.216282026673153,-0.2778682703059542,0.7993017061657743,-0.34763878040355967,0.7281114781586344,0.9999225138543825
ZNF324,1.2992619293414873,0.2240030862844971,0.621267569617382,0.36055815117221257,0.7184297782322355,0.9999225138543825
RPS5,297.69784056155663,0.08780282414210959,0.2460571806217368,0.35683910512284006,0.7212122592700481,0.9999225138543825
A1BG,4.926841516658349,1.0481442071508993,0.5469046291236428,1.9165027160776464,0.05530113781938984,0.9999225138543825
LLNLR-245B6.1,3.4276412170646955,-0.35181463212100583,0.4856757054144277,-0.7243817802679712,0.46883138227760723,0.9999225138543825
ERVK3-1,3.714489969223072,-0.7648115641864311,0.46113668075147823,-1.6585355191004927,0.09720942445744712,0.9999225138543825
CTD-3138B18.5,0.8378953334113148,-0.912853212951251,0.7578129681446845,-1.2045890626365816,0.22836198109111572,0.9999225138543825
ZNF544,2.81631523037445,0.08341652122255454,0.6851611492635639,0.12174730180223098,0.9030991504280711,0.9999225138543825
ZNF274,3.2968561761062767,-0.3365037238075698,0.5006087093907163,-0.6721891119655582,0.5014633116317282,0.9999225138543825
ZSCAN18,2.3653415417744363,-0.22040897357166686,0.55949583061429,-0.39394211987187133,0.6936237724361884,0.9999225138543825
ZNF606,0.9241390983954595,-0.8082735520884216,0.7950584259262928,-1.0166215786553452,0.3093334848513275,0.9999225138543825
ZNF587,1.583292724111314,-0.974630093397909,0.669621496698457,-1.4554940338732927,0.1455325407103133,0.9999225138543825
ZNF552,1.1461866408855035,-0.19646251973636472,0.6700786966002255,-0.29319320362392587,0.769374478670645,0.9999225138543825
MRPL40,6.610494933980025,-0.44999715826782377,0.4299188963121559,-1.0467024411532018,0.29523683750219387,0.9999225138543825
C22orf39,7.598911863165976,0.22194975948916326,0.5022971793970658,0.4418694123578027,0.6585837059515502,0.9999225138543825
SLC25A1,3.2643429548440244,0.19629309579359946,0.605380876459834,0.3242472688293172,0.7457508381361468,0.9999225138543825
DGCR14,1.75048525199502,-0.6741583999851453,0.6366676467545921,-1.0588859091892953,0.2896517422702155,0.9999225138543825
DGCR2,1.4352502078582685,-0.4566045401875997,0.6333280439307591,-0.7209605583761575,0.47093378190157265,0.9999225138543825
TMEM191B,1.3713856760846805,-0.2299524809578565,0.7569743125730297,-0.3037784468223572,0.7612966881815055,0.9999225138543825
USP18,2.081022555560998,-1.113200076165725,0.6529640452193093,-1.7048413068315842,0.08822402529951459,0.9999225138543825
PEX26,2.087480133412347,-0.11358660448195487,0.6082339215655606,-0.18674822375836786,0.851858044061968,0.9999225138543825
MICAL3,1.673132248914869,-0.11444232956708841,0.6043631844369627,-0.18936019352950045,0.8498105209619905,0.9999225138543825
BID,6.730245541082876,0.18077114468879937,0.3930050176243537,0.459971594717872,0.6455366093938371,0.9999225138543825
BCL2L13,3.635837078503362,0.12090621559748618,0.4711151167672187,0.2566383698895971,0.7974579518871924,0.9999225138543825
ATP6V1E1,7.3857309080548506,-0.6235471585236333,0.5816703103571415,-1.0719941303876757,0.2837226685239662,0.9999225138543825
CECR1,3.1034410028004333,0.006778224539134046,0.4787164754571111,0.014159162858687357,0.9887030000364105,0.9999225138543825
CECR5,1.85239161740287,-0.6340014805123071,0.6425749065104928,-0.9866577018316143,0.3238104725738358,0.9999225138543825
IL17RA,2.517696690136267,0.07288208380187407,0.5632337187821953,0.12939936188383255,0.897041652579494,0.9999225138543825
MZF1,3.941241458255998,-0.6674278678322773,0.6424728209500946,-1.038842182997374,0.2988781393748172,0.9999225138543825
YDJC,5.924208718034221,0.16007913663885828,0.47989794963306087,0.3335691197706884,0.7387047236650133,0.9999225138543825
UBE2L3,20.483839015291654,-0.3198320213471599,0.46929503301843634,-0.6815158883955101,0.4955451167777336,0.9999225138543825
HIC2,0.6572420562400086,-0.11866917166819145,0.7737265738462585,-0.153373524549218,0.8781037221942101,0.9999225138543825
THAP7-AS1,1.3584353757076904,-0.3495231892351618,0.6910135091830695,-0.505812382233128,0.6129883652388082,0.9999225138543825
THAP7,3.762206956304348,0.3272683410373305,0.4912439819857214,0.6662032575227415,0.5052811910753796,0.9999225138543825
CRKL,3.05411416014586,0.012323767920250335,0.5372696521613438,0.022937770392714208,0.9816999118972054,0.9999225138543825
SNAP29,5.362648011401894,0.071662029139723,0.46181164401735747,0.15517588191654502,0.8766826614015993,0.9999225138543825
MED15,4.943101356047887,0.5674810164485047,0.41858770099045567,1.3557039901214007,0.17519336936799512,0.9999225138543825
KLHL22,1.4168367001426176,0.10765790498526227,0.6992890606866533,0.15395336640837723,0.8776465053304159,0.9999225138543825
DGCR6L,8.823341329521444,0.0021648384603794456,0.5035270590684953,0.004299348806366652,0.9965696265339631,0.9999225138543825
RANBP1,15.896867126672662,0.13432831684555718,0.39522284455893764,0.3398799403801302,0.7339469435901431,0.9999225138543825
TRMT2A,2.3078868192896342,-0.5909370575766763,0.5733167623465554,-1.0307339613759101,0.3026655941339472,0.9999225138543825
TANGO2,3.1642199350479805,0.10141808050180977,0.5088644636015246,0.19930273728296147,0.8420259380849884,0.9999225138543825
COMT,6.899213275509908,-0.11885657159885493,0.46953455073558636,-0.2531370085814788,0.8001623412440042,0.9999225138543825
TXNRD2,1.4114212202826728,-0.8267886136396734,0.6436743759353807,-1.2844827206896237,0.1989731057285914,0.9999225138543825
UFD1L,7.685245187540791,-0.022968446235642162,0.37623998268761377,-0.06104732961013478,0.9513215157401688,0.9999225138543825
HPS4,2.7136769118227098,-0.8198247246520612,0.637438329096561,-1.2861239860081772,0.19839979427130705,0.9999225138543825
KIAA1671,2.1965454744333774,0.027388413164832093,0.5544460531809778,0.049397796246720124,0.960602284360172,0.9999225138543825
SNRPD3,19.97334491996916,-0.14865749167487569,0.30969348089048304,-0.48001492071266894,0.6312167834730336,0.9999225138543825
GUCD1,2.0398250332917027,0.14332183995363473,0.5423187499738323,0.26427601841269593,0.7915672380944244,0.9999225138543825
CABIN1,7.6606906345778425,-0.08128511021644264,0.4175374145274099,-0.19467742862863022,0.845645483163311,0.9999225138543825
DDT,12.570278471745192,0.26062997428220375,0.4812198413775877,0.5416027184916118,0.5880922186896176,0.9999225138543825
MIF,55.8406402882332,0.31213243122326656,0.6464841594120808,0.48281528120831746,0.6292268995558612,0.9999225138543825
SLC2A11,1.2839308050742768,0.3995083962541189,0.6325011919082719,0.6316326377959732,0.5276269545362903,0.9999225138543825
SMARCB1,5.928153037481062,-0.1567454338840829,0.4700778233392002,-0.3334457106924146,0.7387978632913228,0.9999225138543825
CHCHD10,13.643924044220263,0.6431459729484095,0.5277469867356498,1.2186634677472132,0.22297194913043716,0.9999225138543825
RGL4,4.037321840664687,-0.3081331663970622,0.430736112989807,-0.7153641338736645,0.47438406867337457,0.9999225138543825
BCR,2.2891170001461587,-1.720406281395881,0.5964247322634867,-2.8845320932060967,0.0039199580152614495,0.9999225138543825
MAPK1,11.625631532309173,-0.6750981608166796,0.501163611909699,-1.3470614082379158,0.17796045593619858,0.9999225138543825
YPEL1,2.5861891591170436,-0.2037843207402587,0.6922043573500379,-0.29439907243636126,0.7684529756095817,0.9999225138543825
PPIL2,2.97711925230116,-0.9415955130238605,0.5480992778226405,-1.7179287605785747,0.08580961013946883,0.9999225138543825
SDF2L1,12.19192639509069,0.3890738930714737,0.48803555488018224,0.7972244833001877,0.4253206692152506,0.9999225138543825
UQCR10,32.2363955684297,-0.6408259099790721,0.3437033962715818,-1.8644736040743541,0.062255225016866735,0.9999225138543825
ZMAT5,2.780488781989574,-0.2695451433783794,0.5955067765515452,-0.45263152997058875,0.6508140907907255,0.9999225138543825
NF2,2.0506007150149936,-0.5946169520114113,0.6260543179290253,-0.9497849227817674,0.34222154841184704,0.9999225138543825
NIPSNAP1,2.173165175070077,0.29975743280239286,0.5417602763874966,0.5533027168422181,0.5800561409981005,0.9999225138543825
THOC5,1.833810727742571,0.3679942897081227,0.6286050180592914,0.5854141776408993,0.5582692580120588,0.9999225138543825
AP1B1,1.579787141797111,0.49288548175170027,0.5869182112342499,0.839785633359706,0.40102859006377223,0.9999225138543825
EWSR1,21.654697412014077,0.016518952332120793,0.29827984481256525,0.05538071921185645,0.9558351561009254,0.9999225138543825
CTA-292E10.6,1.8120199158066472,0.049599294619032785,0.5673510744638361,0.08742257986539571,0.9303356219508803,0.9999225138543825
XBP1,49.028375577803175,0.09896182325215075,0.4197784575659973,0.23574774138235052,0.8136284215233228,0.9999225138543825
CCDC117,4.560622294920538,-0.11270359377951115,0.5307155194087129,-0.21236159422109574,0.8318249457964221,0.9999225138543825
HSCB,2.586741448085168,0.5596933195942518,0.5032258303388452,1.1122110310144144,0.2660474261129503,0.9999225138543825
PITPNB,5.909449075177836,-0.355394299537608,0.48211939586954494,-0.7371499727710041,0.46103115230845115,0.9999225138543825
MIATNB,1.2928826179303259,-0.14779141247898406,0.6124657432874628,-0.24130559806610713,0.8093182724433645,0.9999225138543825
MIAT,3.387503180307179,0.2787003311026961,0.7325066518002721,0.3804748126419574,0.7035929898516482,0.9999225138543825
TPST2,26.68593464398016,0.1750123212722362,0.330856305599425,0.5289677673065946,0.596827809978993,0.9999225138543825
TFIP11,2.9692773521725306,0.13060716796147764,0.5380124815944678,0.2427586207189968,0.8081923926501424,0.9999225138543825
SFI1,3.960949039560316,-0.013519123183209598,0.4211299527414991,-0.0321020224166007,0.974390690587726,0.9999225138543825
DRG1,4.273533648425574,-0.2053031654569706,0.5310727635457397,-0.38658198941751687,0.6990656936112114,0.9999225138543825
PIK3IP1,16.086688319073783,-0.06316554555924617,0.49874147370322747,-0.12664987551613238,0.8992175197950893,0.9999225138543825
LIMK2,1.17637603110968,-0.1562969505004771,0.6369651016864603,-0.24537757262785287,0.8061640927315744,0.9999225138543825
RNF185,1.5094738019669915,-1.145055310674358,0.7102468359246082,-1.6121934695896398,0.10691984590107632,0.9999225138543825
SELM,8.494665539253484,-0.1789219047278564,0.5580253351177846,-0.3206340168947538,0.74848775582359,0.9999225138543825
TUG1,2.675142308791655,-0.49772001450555553,0.6756868996830296,-0.7366133851922245,0.46135749274722104,0.9999225138543825
DUSP18,1.394066202182302,-0.2668736817001771,0.6363063642917558,-0.4194106749147831,0.674916023867337,0.9999225138543825
PES1,1.6472198038147912,0.16948516754605436,0.6292970265616707,0.26932459616420085,0.7876799062185089,0.9999225138543825
RP4-539M6.22,1.3815147804768002,-1.3679195065358825,0.7696869565870385,-1.7772413769378903,0.07552853434160023,0.9999225138543825
MTFP1,4.128454094740176,0.7952315515383249,0.6812218675380353,1.1673605758023087,0.24306478514913554,0.9999225138543825
SF3A1,9.88423982541787,0.4146581277030782,0.4860412917260009,0.8531335398080458,0.39358525373928277,0.9999225138543825
TBC1D10A,5.859128106435389,0.08051575754026169,0.6200801879582452,0.12984733120627207,0.896687214987075,0.9999225138543825
OSM,2.9476537721153857,0.6371365437365015,0.540183591688037,1.1794814828519562,0.2382065058793439,0.9999225138543825
MTMR3,3.1854067925655998,0.06833063651616457,0.7066433323849254,0.09669748992826166,0.922966633237754,0.9999225138543825
ASCC2,6.048528284624458,0.2807247072164463,0.43031487921542483,0.6523704402884696,0.5141622286569709,0.9999225138543825
MPST,4.841092096856576,0.6094009094611285,0.4638067163319988,1.3139113514365572,0.18887603823029642,0.9999225138543825
NCF4,1.5708523564940629,0.15234734817387247,0.7000399952097246,0.21762663450140557,0.8277200305049103,0.9999225138543825
IFT27,2.378107996891697,0.009232208560745156,0.5065571631146205,0.01822540323777072,0.9854590371472366,0.9999225138543825
EIF3D,21.043578358983055,-0.025811338256577294,0.4069917893006269,-0.0634198009275111,0.9494322201287688,0.9999225138543825
TXN2,8.481223432540919,-0.03964068872641785,0.3435050026419295,-0.11540061548314452,0.9081275911376337,0.9999225138543825
MYH9,23.97403505338368,-0.3626554103088685,0.3304837072994844,-1.097347319395174,0.2724895929250174,0.9999225138543825
APOL2,2.165750193287364,-0.3448382614656735,0.5767364564996521,-0.5979130633748684,0.5498979428862802,0.9999225138543825
APOL3,3.4672167783933943,-0.325909756035204,0.6099669864424829,-0.5343072056014229,0.5931290077479363,0.9999225138543825
APOL6,10.147204928229343,-0.3732122017199122,0.39472321076556316,-0.9455035618403832,0.34440185324880224,0.9999225138543825
MCM5,3.5550377958262436,-0.33713325546647993,0.49358432115125817,-0.6830307224511005,0.49458742945208534,0.9999225138543825
TOM1,2.935691635106747,0.9742979101608602,0.5331905593078534,1.8272977515311188,0.0676550131269892,0.9999225138543825
HMGXB4,4.2877031849418925,-0.5774093963171462,0.5901766827575714,-0.9783670097219518,0.327892838631348,0.9999225138543825
FBXO7,13.783810090691905,-0.19903093886482953,0.3654045785820695,-0.5446864941790197,0.5859691552696784,0.9999225138543825
RTCB,5.798848609222314,-0.35687809596212416,0.4858020846612483,-0.7346162300043991,0.4625732507591692,0.9999225138543825
YWHAH,6.271988003415387,0.08432284603385574,0.5745821088728222,0.1467550846636607,0.8833253379767558,0.9999225138543825
PISD,2.447790823176541,0.18650365599912055,0.5455966369519136,0.3418343211223975,0.7324755792361806,0.9999225138543825
TOMM22,19.019855413289296,-0.07018073124730904,0.3465800210739596,-0.20249502850694498,0.8395297445880486,0.9999225138543825
DDX17,33.38950498835333,-0.07970004985284329,0.27532369246876304,-0.28947762954285416,0.7722158964772385,0.9999225138543825
CSNK1E,3.138375164362332,-0.49980159648399836,0.49868792092978315,-1.0022332114083268,0.31623097106138653,0.9999225138543825
MAFF,31.436207788204964,0.5071426905987584,0.41405763283416275,1.2248118386984979,0.22064612338009004,0.9999225138543825
PLA2G6,2.3825932475133333,0.21744049177118072,0.579044760024199,0.3755158612644964,0.707276852499588,0.9999225138543825
POLR2F,9.736048907917203,0.3264097928054058,0.36998031195658254,0.8822355737775316,0.37764942826936754,0.9999225138543825
EIF3L,27.27566535942749,-0.03224058831361528,0.40237795660489023,-0.08012513554581595,0.9361377317396814,0.9999225138543825
ANKRD54,2.606037978979236,0.05831869734014002,0.4832609973062183,0.12067743448202667,0.903946533025225,0.9999225138543825
NOL12,1.2684400230913526,0.16816396477870504,0.7412649612242764,0.22686080359304278,0.8205319816158929,0.9999225138543825
LGALS1,67.49633817522849,0.05204154030895995,0.4257199467068128,0.12224360336303483,0.9027060948902532,0.9999225138543825
SH3BP1,10.506033226953571,-0.1258787671072504,0.47038627835079433,-0.2676072260198358,0.7890016682192329,0.9999225138543825
GGA1,6.313460843404871,-0.47821980895484495,0.4688067334289926,-1.0200787976252013,0.3076910913779265,0.9999225138543825
MFNG,7.586838184407125,-0.07359339628750532,0.4222054292334022,-0.17430708179458693,0.8616241339758378,0.9999225138543825
CYTH4,6.838265267925718,-0.3284002112937131,0.34205542125737703,-0.9600789547101223,0.337015479427632,0.9999225138543825
RAC2,88.96934552322085,-0.04101402726810638,0.3847464284455086,-0.10660015073776095,0.9151061989959668,0.9999225138543825
IL2RB,37.012675968902,0.24745455030125535,0.25626865807500365,0.9656059861554798,0.33424137877555293,0.9999225138543825
RPS19BP1,15.459615307317382,-0.10473717169890442,0.40192795859199626,-0.26058692723395455,0.7944110720186008,0.9999225138543825
ATF4,24.794017783814674,-0.10722175847076872,0.32402232407630593,-0.3309085532190629,0.7407135610758829,0.9999225138543825
MIEF1,1.9751902246307458,-0.42121944941147127,0.6495162888698905,-0.6485125263669083,0.5166535116362969,0.9999225138543825
SYNGR1,9.051383915712886,-0.37100257842626344,0.7192409219066096,-0.5158251805845337,0.6059765139680497,0.9999225138543825
RPL3,518.814525646853,0.010185111728713607,0.35140480081908765,0.02898398571952683,0.9768773627736567,0.9999225138543825
CBX7,1.9650251385448638,-0.40681079526919595,0.7330869860527452,-0.5549284096006666,0.5789436289328456,0.9999225138543825
APOBEC3H,3.941420999129238,-0.3801122760695298,0.5232845645392387,-0.7263968819799326,0.4675955021158097,0.9999225138543825
APOBEC3G,43.6335119996598,-0.013191859265780101,0.4803773973800154,-0.027461448722876376,0.9780916877048563,0.9999225138543825
APOBEC3F,1.7414138168370548,0.7020508559411789,0.6895048537852043,1.0181956690907978,0.3085849772343302,0.9999225138543825
APOBEC3D,1.5853542521899855,-0.07098779017026091,0.6642517274900813,-0.10686880776131802,0.9148930592402706,0.9999225138543825
APOBEC3C,10.461109001813634,-0.37639664734825445,0.5988429377942361,-0.628539845079688,0.5296503530811192,0.9999225138543825
CBX6,3.4203213477164267,-0.1411180636887436,0.6202924750515839,-0.22750245950832812,0.8200330569636991,0.9999225138543825
DNAL4,1.37842943542299,0.13919817517012062,0.6836261935038648,0.20361738109634572,0.8386525095371961,0.9999225138543825
SUN2,15.716381765865739,-0.017351569954780488,0.42451830139796,-0.04087354985083305,0.9673967039816763,0.9999225138543825
GTPBP1,6.047077857545589,0.06418172356337014,0.4603355612254327,0.13942377902006026,0.8891152829296448,0.9999225138543825
JOSD1,13.407786939208778,-0.6879040358113726,0.418496403257316,-1.6437513690850267,0.10022757033194941,0.9999225138543825
PMM1,2.2200734367795394,-0.21017250599068776,0.5500570523882966,-0.38209219403357936,0.7023929816208838,0.9999225138543825
POLR3H,1.233218086200484,-0.08748958391175791,0.6214563894369182,-0.1407815341492095,0.888042531378899,0.9999225138543825
ACO2,5.409998522468101,-0.22373598406331466,0.41139358226027023,-0.5438489896562532,0.5865453937499988,0.9999225138543825
PHF5A,10.464860133289557,0.10765975357849669,0.42488873247335057,0.25338340452520525,0.7999719505874848,0.9999225138543825
TOB2,9.305077519300527,0.025645642668073836,0.43414421636393097,0.05907171327275223,0.9528949888240521,0.9999225138543825
ZC3H7B,1.8178997116289088,-0.665981514528553,0.5972794865333453,-1.1150249247533335,0.26483974096955953,0.9999225138543825
RANGAP1,3.2974022762981523,0.42037981755575643,0.5342042705584678,0.786927100220077,0.431324542234489,0.9999225138543825
L3MBTL2,1.534179021498874,-0.10094248139271547,0.6231880949236566,-0.16197755094323713,0.8713235321550307,0.9999225138543825
EP300,4.882054482705793,0.3956541672262632,0.5660572700664747,0.6989649071723781,0.48457396218882887,0.9999225138543825
RBX1,24.896563215034703,-0.4740398571460569,0.33394268828877344,-1.4195245884112182,0.15574613352483727,0.9999225138543825
ST13,24.298885640285086,0.16790221840359437,0.25184538700561293,0.6666876864409365,0.504971645738007,0.9999225138543825
MKL1,2.719478249368451,0.7683131821885156,0.6209885413057278,1.237242124585768,0.21599720700002178,0.9999225138543825
SGSM3,2.6060090709369184,-0.4111506481415966,0.6821982898293948,-0.6026849587154752,0.546718289600697,0.9999225138543825
ADSL,7.168026888081822,-0.4200230972825332,0.4465991191691056,-0.9404924444633547,0.3469650234035414,0.9999225138543825
TNRC6B,18.307110611807403,-0.31492098641472516,0.319865017334483,-0.9845433834529398,0.32484841146175103,0.9999225138543825
GRAP2,4.307238184145721,-0.06968214484738725,0.5592416473148851,-0.12460113652471272,0.9008393285942906,0.9999225138543825
PACSIN2,2.8271857132279954,0.2981344120761795,0.50379237607779,0.59178031711648,0.5539977051801878,0.9999225138543825
ARFGAP3,9.543234446202076,0.19575896636485673,0.3851452574955301,0.5082730802342248,0.611261846063486,0.9999225138543825
CYB5R3,7.778063912401718,-0.2557050207596193,0.47643693969793355,-0.5367027605410681,0.591472948894304,0.9999225138543825
RNU12,3.1817920016219152,-0.2268147704819474,0.5934380193820465,-0.38220464997866516,0.7023095730156423,0.9999225138543825
POLDIP3,4.91371273375579,-0.5753077593052573,0.4816656092499456,-1.1944131950818166,0.232316377807137,0.9999225138543825
RRP7A,6.992013912587983,0.1808867793769302,0.43054275831102967,0.4201366203127617,0.6743856519590276,0.9999225138543825
NDUFA6,21.338885354878492,0.031824026333342983,0.37150565988487316,0.08566229204476997,0.9317348784909056,0.9999225138543825
SMDT1,26.005458376676685,-0.2601522654329229,0.36858950037737453,-0.7058048728099149,0.4803094913581658,0.9999225138543825
NAGA,0.7745467782183285,-0.01921857664775961,0.7549769000428729,-0.02545584725396002,0.979691365850621,0.9999225138543825
CENPM,0.980393785774615,0.1510974962974534,0.687020209547769,0.2199316616856341,0.8259243774965884,0.9999225138543825
RP5-821D11.7,1.56398393418655,-0.5455050786206325,0.6654711373607686,-0.8197276305386939,0.4123713949091007,0.9999225138543825
MEI1,4.623170771773894,-0.09601971540258454,0.44957435428623865,-0.2135791654642514,0.830875248055778,0.9999225138543825
C22orf46,1.3295837195474216,-1.1432980762603946,0.6775594188660836,-1.687376847588864,0.09153091279305005,0.9999225138543825
SNU13,34.64363697721283,-0.2086469249774274,0.35495699684238613,-0.5878090214688014,0.5566604879870122,0.9999225138543825
XRCC6,21.057604314253123,-0.4253726044975694,0.29545082520548777,-1.4397407900340786,0.1499407484217875,0.9999225138543825
DESI1,3.9731606935878094,0.32554882355906484,0.4681706507449181,0.6953635881298325,0.48682747343702915,0.9999225138543825
TBC1D22A,3.202482957582235,0.32757382876477587,0.49740223931155503,0.6585692682408599,0.5101724027265305,0.9999225138543825
CTA-29F11.1,7.550970279501769,0.30690907091124536,0.4053525144566174,0.757141154835718,0.448965300191862,0.9999225138543825
CERK,2.0643007415958063,1.2312308104595622,0.5424520230449281,2.269750610474885,0.02322271876723199,0.9999225138543825
TRMU,1.5452119331300134,0.3559111938741195,0.5952622908143659,0.5979065016653496,0.5499023214106236,0.9999225138543825
TTC38,11.199323345204492,-0.5493024541936788,0.7606429757067035,-0.7221554286797023,0.4701989229518154,0.9999225138543825
PRR34-AS1,2.1131381025781466,-1.111526138617637,0.6039135504119788,-1.8405384973716423,0.06568921772503664,0.9999225138543825
ATXN10,8.461848348145182,0.08046938858396716,0.41016561438334564,0.19618755391025908,0.8444633693040297,0.9999225138543825
FAM118A,4.9001529168269995,0.10895103855186992,0.44197376667458055,0.24651019306331168,0.8052873149312838,0.9999225138543825
NUP50,4.9299358464894505,0.30854779184815734,0.405824463512904,0.760298650252134,0.44707608849697267,0.9999225138543825
PRR5,3.7060855299321256,0.039355445407437246,0.8142801532987224,0.048331578815969896,0.9614519876977861,0.9999225138543825
PARVG,6.567585896587052,-0.5123336152527829,0.3627517251519272,-1.4123533528013075,0.1578459442013852,0.9999225138543825
PARVB,1.738468527601784,-0.1607170956563179,0.6422812040682215,-0.2502285519774403,0.8024106061596779,0.9999225138543825
SAMM50,4.66081924299115,-0.22509244462613257,0.39553931300653783,-0.5690773008507806,0.5693036820344847,0.9999225138543825
TSPO,29.45623697339481,0.15789060134516528,0.35154905483679166,0.44912822029479427,0.6533391639906238,0.9999225138543825
MCAT,1.2285924584907417,-0.6922881157130754,0.7169376310033283,-0.9656183268609337,0.3342352013079538,0.9999225138543825
BIK,2.2914322242123135,0.19382063913924902,0.7317253810584644,0.2648816675716253,0.7911006212198901,0.9999225138543825
ARSA,3.4719444767687677,0.2675170933153434,0.5682568122230823,0.4707679478030145,0.6378064558153094,0.9999225138543825
CHKB,2.4972434446323644,0.3249697358158004,0.5853284154836914,0.5551921403768835,0.5787632442880135,0.9999225138543825
ODF3B,1.7479717408729596,-1.5253698389876063,0.6811536506720763,-2.239391710640564,0.025130440254297646,0.9999225138543825
TYMP,8.947551324307437,0.38032590219771234,0.5167433918381279,0.7360053523758483,0.4617274404870051,0.9999225138543825
SCO2,3.3856587161856693,1.2034688018530997,0.5185010083621951,2.321053927463966,0.020283933523430157,0.9999225138543825
NCAPH2,1.6701960090722252,0.6276155715308323,0.5449896522919819,1.1516100698267622,0.24948134156843582,0.9999225138543825
LMF2,6.605520729602631,0.14519066680277296,0.4941177809425776,0.2938381746267209,0.7688815629238152,0.9999225138543825
SBF1,1.8105893945392602,0.7747268298136251,0.6778802480107454,1.1428667999799051,0.25309389876098154,0.9999225138543825
PPP6R2,4.114338842623036,-0.19222558098967993,0.4821342268774365,-0.39869723050909983,0.690116308770111,0.9999225138543825
HDAC10,3.3548190369638418,-0.17280241711626862,0.4870264942119099,-0.3548111225363452,0.7227310952533499,0.9999225138543825
TRABD,18.622489823817478,0.10938838319013772,0.42331128061209755,0.25841121699370934,0.7960895606052124,0.9999225138543825
MLC1,2.425241530524838,-1.2084471292586254,0.7725512940775108,-1.56422898844744,0.11776380178314011,0.9999225138543825
PIM3,25.301327035880607,0.6527774435221539,0.44601626736178684,1.4635731727530297,0.14331060702940354,0.9999225138543825
CRELD2,8.285527955606904,0.4520798202735709,0.4272368452234004,1.0581480163237797,0.28998796647556246,0.9999225138543825
ALG12,2.0740900228197057,-0.3028651261509146,0.5942149448452364,-0.5096895134971672,0.6102690008152445,0.9999225138543825
BRD1,2.9046625333526443,0.47268967095418823,0.8520378069644804,0.5547754654669844,0.5790482506368919,0.9999225138543825
USP16,14.759950257060192,-0.2810795869507827,0.4281519223026114,-0.656494978322484,0.5115056975453092,0.9999225138543825
LTN1,4.059387454532654,-0.3036351892458276,0.4973844355187743,-0.6104637933214269,0.5415546207195301,0.9999225138543825
N6AMT1,1.50216014015923,-0.68015789328565,0.7247305774048869,-0.9384975803299999,0.34798875986657885,0.9999225138543825
AF131217.1,1.5071634476187705,0.16110474114788131,0.65384915006612,0.2463943573706408,0.8053769737917693,0.9999225138543825
APP,2.731372791530453,-1.2375978810126051,0.639403996065567,-1.9355491811560355,0.05292293960295511,0.9999225138543825
GABPA,1.8548634646824778,0.42441047692923095,0.5721608132519876,0.7417678161442256,0.45822802326104184,0.9999225138543825
ATP5J,29.9732121021104,-0.5466066499918827,0.3483036870345317,-1.5693392586386568,0.11656890923522317,0.9999225138543825
MRPL39,1.8109232308380254,0.3658611476468577,0.5749650646411667,0.6363189176983999,0.5245685770973052,0.9999225138543825
MIR155HG,5.77458129226891,-0.5711922601785158,0.6550769239187505,-0.8719468497860886,0.38323737366868527,0.9999225138543825
AP000476.1,2.8655672607696214,-0.39530266488759125,0.7886442964799978,-0.5012432939057174,0.6161999083783953,0.9999225138543825
C21orf91,6.676507657595163,0.4010678786470869,0.3798086031548081,1.055973654403014,0.29098025150727314,0.9999225138543825
BTG3,13.13604001849031,0.48691051309117894,0.3914486867456024,1.2438680459991325,0.2135481314742329,0.9999225138543825
USP25,3.307660268801443,-0.19933277402747374,0.4828769864130834,-0.4128023899174849,0.6797514003118745,0.9999225138543825
NRIP1,2.531429146332725,-0.04760115061242787,0.6470839041330173,-0.07356256322926984,0.9413584606096356,0.9999225138543825
SAMSN1,40.096154464903776,0.23773439839287333,0.48387257517256965,0.49131612451498635,0.6232028770752778,0.9999225138543825
HSPA13,2.825390375189765,-0.38599080707098066,0.5372813896850988,-0.7184146231031943,0.47250167302011903,0.9999225138543825
CRYZL1,4.203330597419906,-0.22662410689235882,0.6386415428366817,-0.3548533750024352,0.7226994395476887,0.9999225138543825
SON,42.671264533440514,-0.5382056179332126,0.37057725736506064,-1.4523438965468383,0.14640600762818534,0.9999225138543825
GART,3.156845652881806,-0.48039759084645195,0.5374472007599301,-0.8938507636976949,0.3714017442279288,0.9999225138543825
TMEM50B,9.95765800395083,0.6411607676811876,0.3853279483631245,1.6639352800772496,0.09612536370319635,0.9999225138543825
IFNAR1,4.081826124453575,0.5044511385026975,0.40881383422190554,1.2339385223174217,0.21722581353986625,0.9999225138543825
IL10RB,3.7282571302185357,0.5570658823896357,0.4729737625858068,1.1777944707632126,0.23887855349971732,0.9999225138543825
IFNAR2,5.88510571666458,0.5870247373567782,0.45594052042728206,1.2875028892072398,0.19791906322108888,0.9999225138543825
PAXBP1,3.115044386604756,0.5716231318092262,0.5457785159541988,1.0473536702151836,0.2949364911799246,0.9999225138543825
C21orf59,4.926458579292149,0.03176938304585327,0.42461402636768925,0.07481943853249673,0.9403583754536213,0.9999225138543825
EVA1C,1.130805952176092,0.5320714949020183,0.6376166037667859,0.8344693217816963,0.4040165678670824,0.9999225138543825
MIS18A,1.3449146217683499,-1.1176447182291414,0.7398533018521956,-1.5106301687525876,0.1308827030904355,0.9999225138543825
SCAF4,5.1877006252789934,0.47236150475924127,0.507262634942432,0.931197120033981,0.3517516073633482,0.9999225138543825
SOD1,84.8058055429393,-0.0939599654057886,0.41220376783905,-0.22794543072317675,0.8196886636588989,0.9999225138543825
TIAM1,2.564257906443723,0.16787549522535172,0.5998774041319479,0.2798496727315072,0.7795928402874341,0.9999225138543825
BACH1,4.029124225111602,0.4771905974631877,0.5772828923877474,0.8266148256870047,0.4084554115049447,0.9999225138543825
CCT8,18.78792398344265,-0.44792168139684,0.38032966502266435,-1.177719548566236,0.23890843092123615,0.9999225138543825
ETS2,4.210850163317048,0.7613595028556958,0.6275983071187663,1.213131861924568,0.22507941001127574,0.9999225138543825
DYRK1A,3.128776826703492,0.04126971114739551,0.5657517986332493,0.07294667245794963,0.9418485535957309,0.9999225138543825
DSCR3,5.961253864424999,-0.22615135266345815,0.40621812181810274,-0.5567239384872266,0.5777160586824504,0.9999225138543825
TTC3,15.008109262348519,0.3270409148567165,0.281317109639237,1.1625347469128913,0.24501831902721738,0.9999225138543825
PIGP,4.612359249874056,-0.6973927784154639,0.49223389166507314,-1.4167914689019125,0.15654390467588059,0.9999225138543825
HLCS,0.9978946232437325,-0.22574915430231907,0.674118892698688,-0.33488032563303716,0.7377153639320864,0.9999225138543825
MORC3,5.902427607185213,0.20364299601599167,0.3826396244183437,0.5322057179142189,0.5945835231746035,0.9999225138543825
DOPEY2,2.320686362935546,0.36093017560583085,0.6891086903018454,0.5237637845602195,0.600442845247606,0.9999225138543825
CBR3,1.2860124288718386,-0.30491460132383397,0.6776016366119375,-0.4499909457840619,0.6527169691670793,0.9999225138543825
CBR1,5.584716430476174,0.2842337457846129,0.5241709364870785,0.5422539213820369,0.5876435939647482,0.9999225138543825
SETD4,1.8781282380545405,0.3421624880846166,0.6293559757484866,0.5436708337879628,0.5866680063825933,0.9999225138543825
RUNX1,3.84837986856221,-0.233201433410066,0.52026719788976,-0.44823397353503597,0.653984346354866,0.9999225138543825
RCAN1,1.1730367122178846,-0.9508872537750748,0.7359189928961394,-1.2921085920516173,0.19631954080616287,0.9999225138543825
SLC5A3,14.515028542143364,0.2783969302436939,0.6718242107316321,0.4143895468436798,0.6785888431058353,0.9999225138543825
MRPS6,42.42678664768079,-0.12569026717013806,0.5114808348971209,-0.24573797998789024,0.8058850697139401,0.9999225138543825
ATP5O,15.594304053524153,-0.8450744005366906,0.9033751074016472,-0.9354634565561084,0.34954950761178016,0.9999225138543825
CSTB,23.715953964848385,0.06632594941892002,0.3754099735921676,0.1766760450828465,0.8597628581049888,0.9999225138543825
PDXK,2.6019441516610144,0.33738160993718125,0.6767831840242439,0.49850767262133316,0.6181262626436326,0.9999225138543825
RRP1B,5.854135809558016,-0.6430487018246265,0.5639468081218288,-1.140264813212152,0.2541759924681045,0.9999225138543825
U2AF1,4.507744123440619,-0.675411473734902,0.6726806094552065,-1.004059674444767,0.31534985102755353,0.9999225138543825
PKNOX1,2.5585986320575076,0.6130394656271364,0.5893293393481996,1.0402323873865844,0.29823194792093743,0.9999225138543825
NDUFV3,3.322263773356476,-0.147125539995272,0.5184471539370974,-0.28378117013083765,0.7765780856098949,0.9999225138543825
WDR4,0.8265459583270903,-0.48348404702308423,0.7430438892391439,-0.6506803353408348,0.5152528597788463,0.9999225138543825
SLC37A1,2.071875408338052,-0.053694803200910884,0.5902906790569951,-0.09096332553766519,0.9275217321846642,0.9999225138543825
ABCG1,3.2965972569321504,0.8371185622295821,0.5339650814950668,1.5677402722397233,0.11694175898089049,0.9999225138543825
ZBTB21,2.5910298585892964,0.5121504846859289,0.6258931512344087,0.8182714312752066,0.41320221525284506,0.9999225138543825
MX1,9.566047531861953,-0.8954351664922954,0.5828467801685707,-1.5363131391638092,0.12446159852910152,0.9999225138543825
MX2,5.909147809178362,-1.229669704217999,0.5417287565236146,-2.269899261226307,0.023213695958852597,0.9999225138543825
WRB,1.9333713393022705,0.2692502333123856,0.5885150636191815,0.45750780219045173,0.6473060956129784,0.9999225138543825
HMGN1,44.18103848095623,0.10732979889957235,0.26032768174716786,0.41228730720927265,0.6801288508360768,0.9999225138543825
BRWD1,8.780023320210951,0.5637448294228046,0.36857007421113447,1.5295458553693233,0.126129180400208,0.9999225138543825
PSMG1,2.2523591623688994,0.37985299983753357,0.5511433622126021,0.6892090622530374,0.49069171477923224,0.9999225138543825
TPRG1L,1.4694785496414418,-0.8749231998298062,0.7318189688018206,-1.1955459439132667,0.23187379696740573,0.9999225138543825
FAM213B,1.735319382924987,-0.4142459390426365,0.7095330283297421,-0.58382897272278,0.5593353835350454,0.9999225138543825
TNFRSF14,11.997980249538498,0.10602850686458497,0.44171855588965403,0.24003634316660225,0.8103020822968453,0.9999225138543825
RP3-395M20.8,1.6159936197676479,-0.34966155807549376,0.7077100820329084,-0.49407457510155206,0.6212535130201133,0.9999225138543825
RP3-395M20.12,3.2000427640468994,0.3912476190081565,0.5615902950773581,0.6966780274475056,0.4860043126018304,0.9999225138543825
PLCH2,2.741018877863728,-0.20040053265217536,0.7703530289163424,-0.2601411627264961,0.7947548873631223,0.9999225138543825
RER1,12.947083064888915,-0.08114378955937623,0.4157517899259926,-0.1951736385159533,0.8452570156083097,0.9999225138543825
SKI,6.734787009034695,0.1538847188337725,0.6005044096160022,0.25625909880024933,0.7977507773934419,0.9999225138543825
FAAP20,10.5094064957077,0.2878638686182024,0.44031778437654484,0.6537638924255464,0.5132639325646621,0.9999225138543825
PRKCZ,1.3064763395956762,0.721066527720024,0.6948222251427447,1.0377712479935248,0.29937656561484705,0.9999225138543825
GNB1,6.911532744857856,-0.1336303623259777,0.5652764635493288,-0.23639824217502808,0.8131236600848978,0.9999225138543825
NADK,1.8767464162197653,0.26775536766195956,0.6783957319713355,0.3946890510114134,0.6930723841605471,0.9999225138543825
CDK11A,4.567014083739874,0.6163407493322026,0.475689620142568,1.2956783651227881,0.19508631805391674,0.9999225138543825
SLC35E2B,2.0934815438404697,0.21222755833497706,0.7146980344840663,0.29694716942685045,0.7665068434292411,0.9999225138543825
CDK11B,3.573490382778881,0.2750096768529119,0.5001149159849224,0.5498929707211591,0.5823927858042486,0.9999225138543825
MIB2,5.968852283467988,0.4516750027001669,0.5127716921260216,0.8808501125080843,0.37839895212599084,0.9999225138543825
DIP2A,8.898263936681095,-0.1334142148152335,0.5357553188338013,-0.24902079386844203,0.8033446967910455,0.9999225138543825
PRMT2,28.90629157682776,0.07778987982094326,0.3722658535342342,0.2089632424849559,0.8344769333811718,0.9999225138543825
FO538757.2,3.492294052590903,-0.12993934475461352,0.5889938623910408,-0.22061239182887288,0.8253942514996959,0.9999225138543825
MYOM2,15.378140464878731,2.186570703285292,1.4199179608053467,1.5399274913355674,,
IER5L,6.691786063258443,2.7046594168820466,1.2447077227088736,2.1729273206370574,,
CD81,8.29426110339688,1.5397885629526245,0.7561672471382891,2.036306873618166,,
AHNAK,34.66882238248431,0.3169758164505364,0.4546491383827562,0.6971877645651303,,
NEAT1,183.15358873102645,0.09091295320269267,0.6582201467543489,0.13811937184083467,,
FAM89B,2.30444219368757,1.5121877844059866,0.8338295419334537,1.8135454650594178,,
AKR1C3,8.976920081946735,-0.8009827995239059,1.3332033243308334,-0.6007956812783514,,
RPS17,96.26924585028429,-0.027671527799862,0.8089626098567559,-0.03420618884321716,,
KLF2,23.956983242252633,1.4970064159225214,0.6264147695296866,2.3898006380763928,,
JUND,105.71483643044782,2.695457562868578,0.8293675333724222,3.2500157703402652,,
LAIR2,16.54323668423829,-0.047856071208507545,1.1929053121863364,-0.04011724209761273,,
UBE2S,23.201156281862627,1.288954990769418,0.6518838760974105,1.9772769936969734,,
