source,target,ligand_complex,receptor_complex,lr_means,cellphone_pvals,expr_prod,scaled_weight,lr_logfc,spec_weight,lrscore,specificity_rank,magnitude_rank
Activated T cells,Activated T cells,ADCYAP1,ADRB2,0.093880475,0.0,0.008642575,0.145580482464922,1.8814996167649958,-2.1862557,1.1204635,0.11671841500024098,
Activated T cells,Activated T cells,ADCYAP1,VIPR2,0.047632575,0.0,-0.0012504009,0.11793175778105809,2.332039485800992,-0.094300464,,0.11671841500024098,
Activated T cells,Activated T cells,ADM,ADRB2,0.013628056,0.012,-0.0043270164,0.014807340262460302,-0.38917944886744893,-0.45034125,,0.9788587751759212,
Activated T cells,Activated T cells,ADM,RAMP1,-0.0428764,1.0,0.0017244839,-0.03520854862407219,-0.6907163205700675,-0.06985185,,1.0,
Activated T cells,Activated T cells,APOE,LRP8,-0.054937225,1.0,-0.0006850504,-0.041286642622259576,-0.4758514270532408,0.014258541,,1.0,
Activated T cells,Activated T cells,BTLA,CD247,0.04212866,0.0,0.0017052591,0.04303567925391666,0.17806455857572667,2.2322116,1.3193277,0.023963000769467675,
Activated T cells,Activated T cells,BTLA,CD79A,0.022208564,0.002,-0.00030544368,0.023115779784633493,0.100482386392031,0.3195241,,0.1267804370119172,
Activated T cells,Activated T cells,C3,C5AR2,-0.047517627,1.0,0.0016843633,-0.04708920412817136,-1.4922950555979804,0.016494531,,1.0,
Activated T cells,Activated T cells,C3,CR2,-0.011555072,0.687,-1.0802332e-05,-0.0008567553444578536,-0.3734362082984779,0.00034945863,,0.40555253778646355,
Activated T cells,Activated T cells,CCL13,ACKR1,0.05082371,0.0,-0.0029634715,0.05536431453170748,-0.509124045888941,0.37854406,,0.17002845533419464,
Activated T cells,Activated T cells,CCL13,CCR2,-0.014576065,0.854,0.00013010253,-0.014558349796086043,-1.1464661691228684,-0.024081064,,0.9477006704982245,
Activated T cells,Activated T cells,CCL13,CCR3,-0.02036499,0.946,0.00040393329,-0.011281077099737996,-1.0920904035515795,0.052267853,,0.859683535809263,
Activated T cells,Activated T cells,CCL13,CCR5,0.023942962,0.0,-0.0016919444,0.02393762934341314,-0.9248079930457425,0.3598539,,0.3898188077739886,
Activated T cells,Activated T cells,CCL13,CXCR3,0.02054277,0.0,-0.0015311068,0.02053921869563316,-1.0637432038876347,-0.33735773,,1.0,
Activated T cells,Activated T cells,CCL17,ACKR1,0.052346237,0.0,-0.00258193,0.06636995622267418,0.578662557359114,0.26252994,,0.018252410494940953,
Activated T cells,Activated T cells,CCL18,ACKR1,0.013123643,0.005,-0.012411009,0.016550248584557233,-1.212365650538122,-0.4678378,,1.0,
Activated T cells,Activated T cells,CCL18,CCR3,-0.058065057,1.0,0.0016916712,-0.050095143046888245,-1.7953320082007604,-0.06459718,,1.0,
Activated T cells,Activated T cells,CCL19,CCR7,0.00413742,0.01,-0.00020476693,0.023345535928490674,0.5686196465582826,-0.014938394,,0.32426222263654453,
Activated T cells,Activated T cells,CCL19,CXCR3,0.026989203,0.0,-0.00069646374,0.04619702636088424,0.6340134103247481,-0.11388367,,0.2235766015400389,
Activated T cells,Activated T cells,CCL2,ACKR1,0.038175177,0.0,-0.0061331606,0.044598299441614635,-0.1390846310782785,-0.41414472,,0.5852991050093883,
Activated T cells,Activated T cells,CCL2,CCR2,-0.027224598,0.998,0.00026925842,-0.02532436488617889,-0.7764267543122059,0.0263458,,0.9619890792881178,
Activated T cells,Activated T cells,CCL2,CCR3,-0.033013523,1.0,0.0008359748,-0.02204709218983084,-0.722050988740917,-0.057183452,,1.0,
Activated T cells,Activated T cells,CCL2,CCR5,0.011294428,0.014,-0.0035016253,0.013171614253320293,-0.55476857823508,-0.3936968,,1.0,
Activated T cells,Activated T cells,CCL20,CCR6,0.043920413,0.0,0.0013565872,0.05927583789398784,0.5902280363072214,-1.3726808,1.3724309,0.15936219471593255,
Activated T cells,Activated T cells,CCL20,CXCR3,0.042366,0.0,0.0012944257,0.05772107636330093,0.5986333956857515,0.3694893,1.3846682,0.011527635409946913,
Activated T cells,Activated T cells,CCL21,CCR7,0.0708181,0.0,0.0023335302,0.07589097430748554,0.6802088463021577,-0.14444262,1.260884,0.11671841500024098,
Activated T cells,Activated T cells,CCL21,CXCR3,0.09366988,0.0,0.007936923,0.0987424647398791,0.7456026100686233,-1.1011662,1.1263669,0.11671841500024098,
Activated T cells,Activated T cells,CCL3,CCR3,-0.023818066,0.998,0.0005218815,-0.0147285202535124,0.09513105256849075,-0.017782094,,0.9619890792881178,
Activated T cells,Activated T cells,CCL3,CCR5,0.020489886,0.009,-0.002185991,0.020490186189638736,0.2624134630743278,-0.12242622,,0.7749219101792444,
Activated T cells,Activated T cells,CCL4,CCR3,0.030800648,0.0,-0.0013437541,0.039888366212712426,0.140293109125863,-2.3562417,,0.30364967392679443,
Activated T cells,Activated T cells,CCL4,CCR5,0.0751086,0.0,0.0056285467,0.07510707265586355,0.30757551963170005,-16.222261,1.1537,0.19216505986507,
Activated T cells,Activated T cells,CCL4,CNR2,0.04448275,0.0,0.00080926187,0.05226980874305577,0.2921465332615576,-6.7268214,1.541653,0.20215739846310007,
Activated T cells,Activated T cells,CCL5,ACKR1,0.0788254,0.0,0.0040536784,0.08336996435233282,0.6326468690509737,-0.18660575,1.1862167,0.11671841500024098,
Activated T cells,Activated T cells,CCL5,CCR3,0.0076367008,0.0,-0.0005525329,0.016724572720887343,0.049680511388335236,-0.025765778,,0.36763263679810637,
Activated T cells,Activated T cells,CCL5,CCR5,0.05194465,0.0,0.0023143797,0.05194327916403847,0.21696292189417227,-0.17739232,1.2622436,0.24629884000279628,
Activated T cells,Activated T cells,CCL5,CXCR3,0.04854446,0.0,0.0020943729,0.0485448685162585,0.07802771105228007,0.16630268,1.2794263,0.038015714377330555,
Activated T cells,Activated T cells,CCL7,ACKR1,0.046082556,0.0,-0.0041515916,0.051867460134790454,-0.3968182377075651,0.4655112,,0.17078278061900018,
Activated T cells,Activated T cells,CCL7,CCR2,-0.019317217,0.944,0.00018226347,-0.018055204193003067,-1.0341603609414924,-0.029613476,,0.7639143160850221,
Activated T cells,Activated T cells,CCL7,CCR3,-0.025106143,0.994,0.00056587893,-0.01477793149665502,-0.9797845953702036,0.06427593,,0.8464434262495476,
Activated T cells,Activated T cells,CCL7,CCR5,0.01920181,0.0,-0.0023702816,0.020440774946496112,-0.8125021848643665,0.44252715,,0.4406256004456234,
Activated T cells,Activated T cells,CCL7,CXCR3,0.015801618,0.0,-0.0021449607,0.017042364298716133,-0.9514373957062587,-0.4148627,,1.0,
Activated T cells,Activated T cells,CCL8,ACKR1,0.0451464,0.0,-0.004386191,0.05457555844626036,0.1923154419212758,1.9260741,,0.02230168284875311,
Activated T cells,Activated T cells,CCL8,CCR2,-0.020253377,0.954,0.00019256285,-0.015347105881533167,-0.44502668131265155,-0.12252713,,0.7769360011519302,
Activated T cells,Activated T cells,CCL8,CCR3,-0.026042301,0.99,0.0005978557,-0.012069833185185121,-0.3906509157413627,0.26594463,,0.7914307962530985,
Activated T cells,Activated T cells,CCL8,CCR5,0.01826565,0.0,-0.002504222,0.023148873257966014,-0.22336850523552565,1.8309765,,0.10182790362837461,
Activated T cells,Activated T cells,CD14,RIPK1,-0.09145971,1.0,0.0022286654,-0.09141702381217716,-0.7915986534829282,0.087094516,,1.0,
Activated T cells,Activated T cells,CD24,SIGLEC10,0.024923729,0.0,7.010799e-06,0.02548637156511788,-0.42469349955710634,0.00012300034,-0.3603848,0.2627251590116,
Activated T cells,Activated T cells,CD40LG,CD40,0.06121612,0.0,-0.0012161799,0.06166675279371347,0.33992583262105724,0.060227644,,0.12307492214238845,
Activated T cells,Activated T cells,CD40LG,CD9,0.081023626,0.0,0.0039998847,0.08102996211556979,0.17668563410829718,-0.09303538,1.187699,0.2732218426002033,
Activated T cells,Activated T cells,COL1A1,CD36,0.034466393,0.0,-0.025210232,0.03446256108894499,0.017943795076454494,-0.1924774,,0.4005635928287764,
Activated T cells,Activated T cells,CP,SLC40A1,-0.024680736,0.999,0.0003581074,-0.005070113048432719,0.11055273134089716,-0.013550215,,1.0,
Activated T cells,Activated T cells,CSF1,CELSR3,0.08701082,0.0,-0.0012417757,0.11089876933481153,1.63510177199595,0.22931734,,0.02279784751917043,
Activated T cells,Activated T cells,CSF1,CSF3R,0.023949333,0.001,-0.024055729,0.023978072404398712,-0.9433022681809697,-0.98642695,,1.0,
Activated T cells,Activated T cells,CSF1_IL34,CSF1R,-0.08623806,1.0,0.0017838951,-0.07795111844376142,-0.36400958900310887,-0.033744145,,1.0,
Activated T cells,Activated T cells,CSF2,CSF1R,-0.07994074,1.0,-0.00024919776,-0.052367767521593264,0.18905217699389787,0.0023822521,,1.0,
Activated T cells,Activated T cells,CSF2,CSF3R,-0.06572209,1.0,-0.00020529811,-0.03818375618456575,-1.0312323210895398,0.0027058655,,1.0,
Activated T cells,Activated T cells,CXCL1,ACKR1,0.0486827,0.0,-0.0035000024,0.055599541753623985,-0.13990838499682723,0.42871615,,0.07544224930367567,
Activated T cells,Activated T cells,CXCL1,CXCR1,-0.04024293,1.0,0.0014679657,-0.03530165843430245,-1.5407804707034878,2.4244192,,0.9517558599991591,
Activated T cells,Activated T cells,CXCL1,CXCR2,-0.045288436,1.0,0.0017498408,-0.042294178312673306,-1.867639349013358,-0.17764732,,1.0,
Activated T cells,Activated T cells,CXCL10,ACKR1,0.041039236,0.0,-0.0054154354,0.04878504236463634,0.007947634255661029,-7.6796036,,0.40709046201624155,
Activated T cells,Activated T cells,CXCL10,CCR3,-0.030149467,1.0,0.00073814596,-0.01786034926680913,-0.5750187234069775,-1.060369,,1.0,
Activated T cells,Activated T cells,CXCL10,CXCR3,0.010758294,0.0,-0.0027979382,0.013959946528562021,-0.5466715237430326,6.844048,,0.2560840330258857,
Activated T cells,Activated T cells,CXCL11,ACKR1,0.046618506,0.0,-0.004017284,0.05196792560627868,-0.5620533982121052,0.57189095,,0.18890199905502517,
Activated T cells,Activated T cells,CXCL11,CCR3,-0.024570193,0.994,0.0005475722,-0.014677466025166798,-1.1450197558747437,0.07896443,,0.9407001414824213,
Activated T cells,Activated T cells,CXCL11,CCR5,0.01973776,0.0,-0.002293601,0.020541240417984337,-0.9777373453689067,0.5436545,,0.4330435524333224,
Activated T cells,Activated T cells,CXCL11,CXCR3,0.016337568,0.0,-0.0020755695,0.017142829770204357,-1.1166725562107989,-0.5096681,,1.0,
Activated T cells,Activated T cells,CXCL13,ACKR1,0.081861004,0.0,0.0048143915,0.11370282240586554,1.5403597233591864,-0.45142218,1.1682904,0.11671841500024098,
Activated T cells,Activated T cells,CXCL13,CXCR3,0.05158006,0.0,0.0024874029,0.07887772656979122,0.9857405653604927,0.4023066,1.2506313,0.00793223276662123,
Activated T cells,Activated T cells,CXCL13,CXCR5,0.048431102,0.0,0.002245416,0.07733024251997671,1.2346509856138868,-0.22971007,1.2673086,0.11671841500024098,
Activated T cells,Activated T cells,CXCL2,ACKR1,0.047513865,0.0,-0.0037929094,0.05284014178185917,0.6857981314342347,-0.12438696,,0.18293140724934656,
Activated T cells,Activated T cells,CXCL2,CXCR1,-0.041411765,1.0,0.0015908163,-0.03806105840606727,-0.7150739542724258,-0.70341676,,1.0,
Activated T cells,Activated T cells,CXCL2,CXCR2,-0.04645727,1.0,0.0018962808,-0.04505357828443813,-1.041932832582296,0.051542286,,1.0,
Activated T cells,Activated T cells,CXCL8,ACKR1,0.036879987,0.0,-0.0064577316,0.04215698779886494,0.25904018620824987,-0.20991445,,0.25232278586887646,
Activated T cells,Activated T cells,CXCL8,CD79A,-0.028795393,1.0,0.00031191637,-0.028064771278396475,-0.44324959506652406,0.00390506,,1.0,
Activated T cells,Activated T cells,CXCL8,CXCR1,-0.052045643,1.0,0.002708492,-0.0487442123890615,-1.1418318994984107,-1.1870806,,1.0,
Activated T cells,Activated T cells,CXCL8,CXCR2,-0.05709115,1.0,0.0032285699,-0.05573673226743236,-1.468690777808281,0.086982355,,1.0,
Activated T cells,Activated T cells,CXCL9,ACKR1,0.0474837,0.0,-0.0038004685,0.05857568716284239,0.39209240472951334,0.70143646,,0.011230574363837136,
Activated T cells,Activated T cells,CXCL9,CCR3,-0.023704998,0.915,0.0005180194,-0.008069704468603087,-0.19087395293312515,0.09685155,,0.5464790458792455,
Activated T cells,Activated T cells,CXCL9,CXCR3,0.017202761,0.0,-0.0019635495,0.023750591326768065,-0.1625267532691803,-0.6251188,,0.6298473773741888,
Activated T cells,Activated T cells,CXCL9,KIR2DL3,-0.032679122,0.999,0.0010624126,-0.02554574197561353,-0.5778338313510898,0.32772508,,1.0,
Activated T cells,Activated T cells,FADD,TRAF2,-0.0229562,0.999,0.0005266358,-0.020893602511930946,-0.8602219029587239,-5.657666,,1.0,
Activated T cells,Activated T cells,FASLG,TNFRSF10B,0.004595855,0.203,-0.0001286267,0.0063997797622555325,-0.07673627141168993,0.021066971,,0.26478584746504263,
Activated T cells,Activated T cells,FCER2,CR2,-0.040914647,1.0,-3.7715556e-05,-0.030123593466406688,-0.5732282615211508,0.0034718341,,1.0,
Activated T cells,Activated T cells,FN1,C5AR1,-0.14706837,1.0,0.01970625,-0.1470736230158076,-1.7958025869937042,0.06326762,,1.0,
Activated T cells,Activated T cells,FN1,CD79A,-0.05463503,1.0,0.0006246835,-0.05463497321234118,-0.9352761493983055,0.0056288727,,1.0,
Activated T cells,Activated T cells,FN1,ITGA2,-0.05274034,1.0,0.00023355123,-0.027841238201949895,-0.14221976334602893,-0.0041832975,,1.0,
Activated T cells,Activated T cells,GAL,HLA-DPA1,-0.039150435,1.0,0.00057401415,-0.039787415806519955,-0.9850859763656474,-0.018244043,,1.0,
Activated T cells,Activated T cells,GZMA,PARD3,-0.017667545,0.926,0.00029000203,-0.001399280878764831,0.37293520622273924,0.015983673,,0.5640271592471946,
Activated T cells,Activated T cells,HLA-DPA1,LAG3,-0.0066285245,0.792,-0.0039864685,-0.006529043133546814,0.10285594486487826,0.13709675,,0.46260906119439205,
Activated T cells,Activated T cells,HLA-DPB1,LAG3,0.018284082,0.01,-0.0011535585,0.018382127038743527,0.17009215150240187,0.04283418,,0.15789650928122478,
Activated T cells,Activated T cells,HLA-DQA1,LAG3,-0.0042948984,0.681,-0.0037211028,-0.004195040058156633,0.15823959073954497,0.15410727,,0.40239265967168,
Activated T cells,Activated T cells,HLA-DQB1,LAG3,0.00655975,0.176,-0.0024867782,0.00665864952911133,0.16436111856809854,0.09074673,,0.2568207960835184,
Activated T cells,Activated T cells,HLA-DRA,LAG3,0.012598408,0.052,-0.0018000988,0.012696328044532391,0.12881139819550413,0.054915015,,0.1986922526329755,
Activated T cells,Activated T cells,HLA-DRB1,LAG3,-0.01354485,0.965,-0.004772951,-0.013442977892935543,0.08202586634799008,0.16182601,,0.6491233527484229,
Activated T cells,Activated T cells,HLA-DRB5,LAG3,0.002696555,0.326,-0.0029260772,0.002796428555044063,0.06231866389264917,0.14383678,,0.2947529826303476,
Activated T cells,Activated T cells,IL10,CD70,-0.0007163733,0.021,-0.0011221335,0.018766823061996674,0.5180882614918554,0.08232382,,0.17082867059668966,
Activated T cells,Activated T cells,IL1B,ADRB2,0.016768964,0.008,-0.0038194144,0.01744671120565527,-0.5420535211222162,-0.33998883,,1.0,
Activated T cells,Activated T cells,IL1B,IL1R2_IL1RAP,-0.033783883,1.0,0.00095955445,-0.030608535289194307,-0.9546720474688368,0.015460433,,1.0,
Activated T cells,Activated T cells,IL4,IL21R,0.010699132,0.001,-0.0004004095,0.023098920426477182,0.6523118859129844,-0.7481707,,0.7818795875008355,
Activated T cells,Activated T cells,IL6,FCGR3B,-0.04282651,1.0,0.0013412979,-0.030152791995475606,-1.1469789025132853,-0.0858636,,1.0,
Activated T cells,Activated T cells,L1CAM,CD9,0.014826583,0.0,-2.203012e-05,0.032226927669909276,0.21722805684230329,0.00041588265,,0.260941710831944,
Activated T cells,Activated T cells,L1CAM,ERBB2,-0.006604783,0.051,9.05356e-06,0.01625100243301755,0.11629395656072106,0.0011720601,,0.2591673579886596,
Activated T cells,Activated T cells,LGALS3,LAG3,0.025360342,0.0,-0.00034888956,0.025457613142948744,0.04497870254165537,0.021909308,,0.20072520004552874,
Activated T cells,Activated T cells,LTF,IGDCC4,0.020719193,0.0,-0.00055845076,0.04305683720174811,0.7585336123973418,-0.74292403,,0.2408974448077254,
Activated T cells,Activated T cells,LTF,IL1RL1,0.20534647,0.0,0.018697234,0.2441602699347003,2.8813723632896053,260.31332,1.0788597,0.0006905334002913338,
Activated T cells,Activated T cells,NTNG2,LRRC4,-0.011888387,0.041,-0.00033548052,0.005940493946291359,-0.331966372906483,-0.047926214,,0.4570315733498383,
Activated T cells,Activated T cells,PNOC,OPRL1,-0.025729097,0.955,0.0006138559,-0.013446649712546395,-0.4363891254695673,-0.34207317,,1.0,
Activated T cells,Activated T cells,PSAP,CD1B,-0.050183572,1.0,0.0015959129,-0.03876215985791542,-0.1451919343835384,-0.024367765,,1.0,
Activated T cells,Activated T cells,S100A12,CD36,-0.09908424,1.0,0.008981062,-0.09852111535712456,-1.7180169276828383,0.10772563,,1.0,
Activated T cells,Activated T cells,S100A8,CD36,-0.11516797,1.0,0.013098775,-0.11516193260791585,-1.840613593406862,0.062212702,,1.0,
Activated T cells,Activated T cells,S100A8,CD68,-0.13424593,1.0,0.017003164,-0.1342486338878588,-1.7806950591990733,0.048187677,,1.0,
Activated T cells,Activated T cells,S100A9,CD36,-0.12805888,1.0,0.016399072,-0.1280584659052682,-1.6107101591471866,0.06364887,,1.0,
Activated T cells,Activated T cells,S100A9,CD68,-0.14713684,1.0,0.02128719,-0.14714516718521115,-1.5507916249393983,0.04930008,,1.0,
Activated T cells,Activated T cells,SAA1,CD36,-0.064298816,1.0,7.538528e-05,-0.04324625430705296,-0.13701781044428185,-0.0017350803,,1.0,
Activated T cells,Activated T cells,SAA1,FPR1,-0.066012286,1.0,7.7403434e-05,-0.04496854198674039,-0.7690398928703395,-0.0014450507,,1.0,
Activated T cells,Activated T cells,SCGB3A1,MARCO,-0.07299247,1.0,0.0014710673,-0.05630838341138003,-1.20885367984181,-0.040487114,,1.0,
Activated T cells,Activated T cells,SCGB3A1,NOTCH3,0.0019393312,0.0,-0.00016080668,0.03854664700659137,0.913334510729074,-0.031493414,,0.2755402360818083,
Activated T cells,Activated T cells,SORBS1,ITGA1,0.0499333,0.0,0.00081537163,0.08811849420784817,1.5765968931778633,0.21793139,1.538525,0.025018649034978004,
Activated T cells,Activated T cells,THBS1,CD36,-0.080035985,1.0,0.004104376,-0.07884547949942301,-1.1795268564914274,0.0323562,,1.0,
Activated T cells,Activated T cells,TNF,FFAR2,0.0046113897,0.025,-0.002550802,0.008263574982165546,-0.2987773979619317,-2.3725386,,1.0,
Activated T cells,Activated T cells,TNF,ICOS,0.08754876,0.0,0.0066265403,0.08807553626909037,0.7499208788767344,-5.7553406,1.1399679,0.11671841500024098,
Activated T cells,Activated T cells,TNF,NOTCH1,0.041941684,0.0,0.0015799397,0.04243573414146285,0.28517984990818035,0.97316444,1.3359236,0.020794905972629143,
Activated T cells,Activated T cells,TNF,TRAF2,0.01648172,0.009,-0.0012373038,0.017858554832954315,-0.2646793511691512,3.9935143,,0.15141684598358976,
Activated T cells,Activated T cells,TNFSF4,TNFRSF4,0.01921783,0.0,-0.0002156227,0.0343769041681421,0.4612161349420467,-0.034816325,,0.3018074875261933,
Activated T cells,Activated T cells,TNFSF4,TRAF2,-0.01366568,0.637,0.000111098765,0.0010417655593785834,-0.36167323863581124,0.07782827,,0.3841996451821686,
Activated T cells,Activated T cells,TNFSF9,ADGRG5,0.052146964,0.0,7.088684e-05,0.05499549766089964,0.35269079707372786,-0.18991262,-5.3440356,0.1739716020432418,
Activated T cells,Activated T cells,TNFSF9,HLA-DPA1,0.016747877,0.015,-0.0072644944,0.01783945761349795,0.4173368109955611,-0.33469513,,0.9625023772945299,
Activated T cells,Activated T cells,TNFSF9,TNFRSF9,0.061154548,0.0,0.0019374341,0.0691431251971393,0.5545879705281309,-0.7779455,1.2937833,0.13133484464570788,
Activated T cells,Activated T cells,TNFSF9,TRAF2,0.04062313,0.0,-0.0023170765,0.042594674240048536,-0.02609275368942443,7.7575836,,0.0490010156848617,
Activated T cells,Macrophages,ADCYAP1,ADRB2,0.046405092,0.0,-0.0015129739,0.0979510988650958,1.896936884304547,0.38272715,,0.008949043975238092,
Activated T cells,Macrophages,ADCYAP1,VIPR2,0.044147827,0.0,-0.0019958306,0.10743742725108232,1.939077798919877,-0.15051791,,0.11671841500024098,
Activated T cells,Macrophages,ADM,ADRB2,-0.03384732,1.0,0.0007574899,-0.032822043337365894,-0.3737421813278976,0.07883699,,1.0,
Activated T cells,Macrophages,ADM,RAMP1,-0.029656507,0.998,0.00030866318,-0.016140365645792024,-0.3512344810287735,-0.012502694,,0.9619890792881178,
Activated T cells,Macrophages,APOE,LRP8,-0.0630228,1.0,0.0011874187,-0.05244740266330554,-0.6262896824024948,-0.024714764,,1.0,
Activated T cells,Macrophages,BTLA,CD247,-0.0026407745,0.607,-0.0028136966,-0.0017331577077852253,0.1033332646126276,-3.6831741,,1.0,
Activated T cells,Macrophages,BTLA,CD79A,0.07019337,0.0,0.0045380667,0.07110709533678278,0.43208776278096706,-4.7472634,1.1742177,0.1392798572107665,
Activated T cells,Macrophages,C3,C5AR2,0.00014850311,0.275,-0.0005624733,0.00629585653972544,-0.2807324024201625,-0.005508154,,0.2939790168490366,
Activated T cells,Macrophages,C3,CR2,-0.02936186,1.0,0.0008285556,-0.02396625358629892,-0.9110934532278554,-0.026804019,,1.0,
Activated T cells,Macrophages,CCL13,ACKR1,-0.015772147,0.892,0.0001866802,-0.014126874208655948,-1.1027138896374593,-0.023845913,,0.8750102130083194,
Activated T cells,Macrophages,CCL13,CCR2,-8.2476996e-05,0.049,-0.00055548066,-5.767412629037981e-05,-1.0698083414614685,0.10281557,,0.8296350957918418,
Activated T cells,Macrophages,CCL13,CCR3,-0.017530505,0.537,0.00026985497,-0.0003679717857221279,-0.5286176294938725,0.03491849,,0.35322922682443975,
Activated T cells,Macrophages,CCL13,CCR5,0.012521434,0.0,-0.0011516773,0.01251588998797498,-0.8966518889328541,0.24494635,,0.5728936668860553,
Activated T cells,Macrophages,CCL13,CXCR3,-0.011604972,0.735,-1.0437661e-05,-0.011610290099365669,-1.2687900648231196,-0.0022997912,,1.0,
Activated T cells,Macrophages,CCL17,ACKR1,-0.014249619,0.71,0.00016264546,-0.0031212325176892476,-0.014927286389404326,-0.016537746,,0.4147409022557095,
Activated T cells,Macrophages,CCL18,ACKR1,-0.053472213,1.0,0.000781816,-0.05294094015580619,-1.8059554942866403,0.029470861,,1.0,
Activated T cells,Macrophages,CCL18,CCR3,-0.055230573,1.0,0.0011301518,-0.03918203773287238,-1.2318592341430534,-0.043155324,,1.0,
Activated T cells,Macrophages,CCL19,CCR7,-0.04979471,1.0,0.00095567893,-0.03058672597481576,0.39450201920478944,0.06971979,,1.0,
Activated T cells,Macrophages,CCL19,CXCR3,-0.0051585375,0.188,-4.7478416e-06,0.014047517565885417,0.42896654938926315,-0.0007763529,,0.2663194655481835,
Activated T cells,Macrophages,CCL2,ACKR1,-0.02842068,0.999,0.00038635082,-0.02489288929874879,-0.7326744748267968,0.026088532,,1.0,
Activated T cells,Macrophages,CCL2,CCR2,-0.01273101,0.877,-0.0011496153,-0.010823689216383225,-0.699768926650806,-0.11248499,,0.7287078581891036,
Activated T cells,Macrophages,CCL2,CCR3,-0.030179039,1.0,0.0005584882,-0.011133986875814973,-0.15857821468320998,-0.038202446,,1.0,
Activated T cells,Macrophages,CCL2,CCR5,-0.00012709945,0.249,-0.002383496,0.0017498748978821352,-0.5266124741221916,-0.26798263,,1.0,
Activated T cells,Macrophages,CCL20,CCR6,-0.006570696,0.366,-0.00066257315,0.00878225890043828,0.3185801249103346,0.67043346,,0.3109807457069312,
Activated T cells,Macrophages,CCL20,CXCR3,0.010218261,0.001,8.8241895e-06,0.025571567568302103,0.3935865347502665,0.0025188343,-0.4228931,0.2552081585544565,
Activated T cells,Macrophages,CCL21,CCR7,0.016885962,0.009,-0.010890947,0.021958712404179098,0.5060912189486646,0.67413604,,0.15141684598358976,
Activated T cells,Macrophages,CCL21,CXCR3,0.061522134,0.0,5.4106553e-05,0.06659295594488028,0.5405557491331383,-0.007506727,-2.7871015,0.13774439370203106,
Activated T cells,Macrophages,CCL3,CCR3,-0.02098358,0.987,0.00034865245,-0.0038154149394965323,0.6586038266261978,-0.011879652,,0.7630415665449976,
Activated T cells,Macrophages,CCL3,CCR5,0.009068358,0.123,-0.0014879664,0.009068446834200576,0.29056956718721616,-0.08333342,,0.6040674288418799,
Activated T cells,Macrophages,CCL4,CCR3,0.033635132,0.0,-0.0008977194,0.050801471526728294,0.70376588318357,-1.5741302,,0.19688523297053895,
Activated T cells,Macrophages,CCL4,CCR5,0.06368707,0.0,0.0038312546,0.0636853333004254,0.3357316237445884,-11.042213,1.192572,0.17841740761983985,
Activated T cells,Macrophages,CCL4,CNR2,0.021552842,0.0,-0.002798989,0.02528984008156563,-0.15106086319127843,23.266016,,0.08047303576767394,
Activated T cells,Macrophages,CCL5,ACKR1,0.012229545,0.022,-0.00025535643,0.01387877561196939,0.03905702530245542,0.011754997,,0.22794450676543168,
Activated T cells,Macrophages,CCL5,CCR3,0.010471186,0.0,-0.00036912967,0.02763767803490321,0.6131532854460422,-0.017213298,,0.33218518611910935,
Activated T cells,Macrophages,CCL5,CCR5,0.040523127,0.0,0.0015753583,0.04052153980860032,0.24511902600706065,-0.120747894,1.336576,0.26180288936922747,
Activated T cells,Macrophages,CCL5,CXCR3,0.01639672,0.007,1.4277485e-05,0.01639535972125967,-0.1270191498832049,0.001133697,-0.6078407,0.2596100952065978,
Activated T cells,Macrophages,CCL7,ACKR1,-0.020513298,0.962,0.00026152434,-0.017623728605572972,-0.9904080814560834,-0.029324299,,0.7031125656201108,
Activated T cells,Macrophages,CCL7,CCR2,-0.004823629,0.155,-0.00077818497,-0.003554528523207404,-0.9575025332800926,0.12643653,,0.6504145339086914,
Activated T cells,Macrophages,CCL7,CCR3,-0.022271657,0.915,0.0003780457,-0.003864826182639152,-0.41631182131249655,0.042940706,,0.5464790458792455,
Activated T cells,Macrophages,CCL7,CCR5,0.007780282,0.0,-0.0016134098,0.009019035591057956,-0.7843460807514782,0.3012206,,0.4631558641975311,
Activated T cells,Macrophages,CCL7,CXCR3,-0.016346123,0.862,-1.4622346e-05,-0.015107144496282693,-1.1564842566417437,-0.0028281477,,0.95709540091136,
Activated T cells,Macrophages,CCL8,ACKR1,-0.021449458,0.961,0.00027630263,-0.014915630294103073,-0.4012744018272425,-0.12133064,,0.771908119249994,
Activated T cells,Macrophages,CCL8,CCR2,-0.0057597887,0.233,-0.0008221588,-0.0008464302117375047,-0.3683688536512517,0.52313703,,0.27381886704696684,
Activated T cells,Macrophages,CCL8,CCR3,-0.023207817,0.921,0.0003994084,-0.0011567278711692528,0.17282185831634433,0.17766915,,0.5554518324983789,
Activated T cells,Macrophages,CCL8,CCR5,0.006844122,0.003,-0.0017045808,0.011727133902527855,-0.19521240112263727,1.2463142,,0.1338808155805392,
Activated T cells,Macrophages,CD14,RIPK1,-0.07818869,1.0,-0.0022780057,-0.0781324400686387,-0.633531345716464,-0.0890227,,1.0,
Activated T cells,Macrophages,CD24,SIGLEC10,0.04009402,0.0,0.0015151325,0.040723405091987894,0.12936339995317514,0.026582107,1.3454887,0.1949441162978395,
Activated T cells,Macrophages,CD40LG,CD40,0.083386846,0.0,0.0046222103,0.0840791280942429,0.49902555029983353,-0.22890103,1.1723502,0.11671841500024098,
Activated T cells,Macrophages,CD40LG,CD9,0.16675854,0.0,0.026577124,0.16677311351235108,1.0187913144678373,-0.61817104,1.0653133,0.11671841500024098,
Activated T cells,Macrophages,COL1A1,CD36,0.19450584,0.0,0.03782659,0.19451558821301804,1.4381196496007662,0.28880194,1.0541742,0.015950509909653538,
Activated T cells,Macrophages,CP,SLC40A1,0.0009048963,0.031,-9.4081195e-05,0.02051784304310283,0.8832577059833175,0.003559883,,0.24871051203591468,
Activated T cells,Macrophages,CSF1,CELSR3,0.07754044,0.0,-0.0046679038,0.08388848187380392,0.4496810017343331,0.8620166,,0.0082609867474259,
Activated T cells,Macrophages,CSF1,CSF3R,0.13908789,0.0,0.017598307,0.13939482461831645,1.0480953043886663,0.7216345,1.0814823,0.007070387620923245,
Activated T cells,Macrophages,CSF1_IL34,CSF1R,0.07383521,0.0,-0.0017540148,0.08212599831729035,0.6420451959979923,0.03317893,,0.11671841500024098,
Activated T cells,Macrophages,CSF2,CSF1R,0.08013253,0.0,0.0002450237,0.1077093492394585,1.195106961994999,-0.0023423494,2.766411,0.11671841500024098,
Activated T cells,Macrophages,CSF2,CSF3R,0.049416456,0.0,0.00015018872,0.07723299602935199,0.9601652514800962,-0.0019795138,5.4220686,0.11671841500024098,
Activated T cells,Macrophages,CXCL1,ACKR1,-0.017913155,0.901,0.0002204783,-0.01389164698673944,-0.7334982287453455,-0.02700644,,0.5288600385264313,
Activated T cells,Macrophages,CXCL1,CXCR1,-0.012624515,0.119,-7.497977e-05,-0.0002841745352946002,-0.5257544699925429,-0.12383286,,0.786048038039434,
Activated T cells,Macrophages,CXCL1,CXCR2,-0.0041935844,0.06,-0.00054598675,0.000893872406328447,-0.6178500608958462,0.05542966,,0.31340922318233777,
Activated T cells,Macrophages,CXCL10,ACKR1,-0.025556622,0.998,0.0003411386,-0.020706146375727083,-0.5856422094928573,0.48376706,,0.9619890792881178,
Activated T cells,Macrophages,CXCL10,CCR3,-0.027314981,0.996,0.00049313187,-0.006947243952793265,-0.011545949349270446,-0.7083988,,1.0,
Activated T cells,Macrophages,CXCL10,CXCR3,-0.021389447,0.981,-1.9073737e-05,-0.018189562266436806,-0.7517183846785176,0.046656348,,0.7237315690197944,
Activated T cells,Macrophages,CXCL11,ACKR1,-0.019977348,0.954,0.0002530638,-0.017523263134084748,-1.1556432419606235,-0.03602556,,0.955917256227512,
Activated T cells,Macrophages,CXCL11,CCR3,-0.021735707,0.903,0.0003658156,-0.0037643607111509294,-0.5815469818170367,0.052753624,,0.5327380060796935,
Activated T cells,Macrophages,CXCL11,CCR5,0.008316232,0.0,-0.0015612147,0.009119501062546179,-0.9495812412560183,0.37005627,,0.6416371355701105,
Activated T cells,Macrophages,CXCL11,CXCR3,-0.015810173,0.854,-1.41493e-05,-0.01500667902479447,-1.3217194171462838,-0.003474443,,1.0,
Activated T cells,Macrophages,CXCL13,ACKR1,0.015265144,0.0,-0.0003032766,0.044211633665502126,0.946769879610668,0.028436778,,0.19174765100196223,
Activated T cells,Macrophages,CXCL13,CXCR3,0.01943232,0.0,1.6956797e-05,0.046728217774792406,0.7806937044250077,0.002742552,-0.7006682,0.2205100412229662,
Activated T cells,Macrophages,CXCL13,CXCR5,0.03912519,0.0,0.0015302879,0.06782325338157755,1.3945033977672892,-0.1565512,1.3431851,0.13395134712032156,
Activated T cells,Macrophages,CXCL2,ACKR1,-0.01908199,0.994,0.00023892961,-0.01665104695850426,0.09220828768571643,0.007835601,,0.8464434262495476,
Activated T cells,Macrophages,CXCL2,CXCR1,-0.01379335,0.789,-8.125465e-05,-0.0030435745070594225,0.299952046438519,0.03592865,,0.45999114334202224,
Activated T cells,Macrophages,CXCL2,CXCR2,-0.0053624194,0.623,-0.0005916791,-0.0018655275654363753,0.2078564555352158,-0.016082264,,0.3800323511701107,
Activated T cells,Macrophages,CXCL8,ACKR1,-0.02971587,1.0,0.00040679678,-0.02733420094149849,-0.33454965754026844,0.0132233,,1.0,
Activated T cells,Macrophages,CXCL8,CD79A,0.019189414,0.002,-0.004634233,0.019926544273752813,-0.111644218677588,-0.058018625,,0.5019301709792012,
Activated T cells,Macrophages,CXCL8,CXCR1,-0.02442723,0.995,-0.00013834254,-0.013726728490053651,-0.12680589878746584,0.060632907,,0.8665691107056317,
Activated T cells,Macrophages,CXCL8,CXCR2,-0.0159963,0.969,-0.001007381,-0.012548681548430604,-0.21890148969076906,-0.027140304,,0.6742847081111187,
Activated T cells,Macrophages,CXCL9,ACKR1,-0.019112155,0.898,0.0002394058,-0.010915501577521039,-0.20149743901900496,-0.04418612,,0.5240423970396771,
Activated T cells,Macrophages,CXCL9,CCR3,-0.020870512,0.669,0.00034607228,0.002843400845412781,0.37259882112458187,0.06470344,,0.3972972853838934,
Activated T cells,Macrophages,CXCL9,CXCR3,-0.01494498,0.777,-1.3385654e-05,-0.00839891746823076,-0.3675736142046653,-0.0042614783,,0.45134493420958116,
Activated T cells,Macrophages,CXCL9,KIR2DL3,-0.0057929596,0.135,-0.0005685705,0.0018976478403847918,-0.12847864334778025,-0.17538838,,1.0,
Activated T cells,Macrophages,FADD,TRAF2,-0.005430465,0.638,-0.00029878778,-0.0029011735885071614,-0.12807316415671943,3.2098875,,0.38610515743842244,
Activated T cells,Macrophages,FASLG,TNFRSF10B,0.024008766,0.0,0.0005249298,0.025964744649262024,0.1841169126983795,-0.085975,1.7738138,0.36539499801196273,
Activated T cells,Macrophages,FCER2,CR2,-0.058721438,1.0,0.0028928416,-0.05323309170824775,-1.1108855064505283,-0.26629508,,1.0,
Activated T cells,Macrophages,FN1,C5AR1,0.020680223,0.004,-0.014923094,0.020687655566258865,-0.37838308588034164,-0.047911126,,0.45567890961290186,
Activated T cells,Macrophages,FN1,CD79A,-0.0066502243,0.831,-0.009281106,-0.0066436576601918915,-0.6036707730093694,-0.08362982,,0.6049024968753567,
Activated T cells,Macrophages,FN1,ITGA2,-0.064735465,1.0,0.0027097764,-0.05630917344343969,-1.044984061287216,-0.04853668,,1.0,
Activated T cells,Macrophages,GAL,HLA-DPA1,0.12850967,0.0,-0.0021712086,0.12787815144207196,-0.5608502662152766,0.069008105,,0.265868172337843,
Activated T cells,Macrophages,GZMA,PARD3,-0.019622,0.971,0.0003774556,-0.007757550200928028,0.11853685103015044,0.02080374,,0.6801037441557591,
Activated T cells,Macrophages,HLA-DPA1,LAG3,-0.0418754,1.0,0.0009561305,-0.041820904769597884,-0.11894675593087989,-0.03288183,,1.0,
Activated T cells,Macrophages,HLA-DPB1,LAG3,-0.016962793,0.988,0.00027667408,-0.016909734597307546,-0.05171054929335628,-0.010273521,,0.7687852937277638,
Activated T cells,Macrophages,HLA-DQA1,LAG3,-0.039541773,1.0,0.00089248415,-0.0394869016942077,-0.06356311005621318,-0.036961704,,1.0,
Activated T cells,Macrophages,HLA-DQB1,LAG3,-0.028687125,1.0,0.0005964388,-0.02863321210693974,-0.057441582227659604,-0.021765059,,1.0,
Activated T cells,Macrophages,HLA-DRA,LAG3,-0.022648467,1.0,0.0004317429,-0.022595533591518682,-0.09299130260025401,-0.013171037,,1.0,
Activated T cells,Macrophages,HLA-DRB1,LAG3,-0.048791725,1.0,0.0011447635,-0.048734839528986613,-0.13977683444776806,-0.038813,,1.0,
Activated T cells,Macrophages,HLA-DRB5,LAG3,-0.03255032,1.0,0.000701802,-0.03249543308100701,-0.15948403690310897,-0.034498386,,1.0,
Activated T cells,Macrophages,IL10,CD70,-0.03227642,0.999,0.001037981,-0.022841545302858243,-0.2588917984463066,-0.07615008,,1.0,
Activated T cells,Macrophages,IL1B,ADRB2,-0.030706413,1.0,0.0006686288,-0.030182672394170926,-0.5266162535826648,0.05951863,,1.0,
Activated T cells,Macrophages,IL1B,IL1R2_IL1RAP,-0.028110635,1.0,0.00042323917,-0.024201450534717513,-0.5963610937662089,0.023690904,,1.0,
Activated T cells,Macrophages,IL4,IL21R,-0.028645542,0.999,0.00054322183,-0.01642210765064911,0.07889389529196578,1.0150174,,1.0,
Activated T cells,Macrophages,IL6,FCGR3B,0.0052387957,0.0,-0.0006416015,0.022608962655278654,0.4010613206536413,0.041072316,,0.16221163642521816,
Activated T cells,Macrophages,L1CAM,CD9,0.100561485,0.0,-0.00014637853,0.11797007906669056,1.0593337372018432,0.0027633212,,0.11671841500024098,
Activated T cells,Macrophages,L1CAM,ERBB2,-0.013912791,0.322,1.9652969e-05,0.007727740846941104,0.21350672884666366,0.0025442436,,0.2922662853527567,
Activated T cells,Macrophages,LGALS3,LAG3,-0.009886534,0.924,8.3679064e-05,-0.00983424849310233,-0.17682399825410278,-0.005254816,,0.5609893178960446,
Activated T cells,Macrophages,LTF,IGDCC4,0.01989411,0.0,-0.0006445027,0.037244238818323026,0.14310034332406696,-0.85740155,,0.3018074875261933,
Activated T cells,Macrophages,LTF,IL1RL1,-0.0076272488,0.288,-0.0035148403,0.007363578749820042,-0.28365388700933414,-48.935566,,1.0,
Activated T cells,Macrophages,NTNG2,LRRC4,-0.0048078415,0.001,-0.00019461037,0.0218356149187286,0.4341613532850337,-0.027801728,,0.3769209628883441,
Activated T cells,Macrophages,PNOC,OPRL1,-0.015175934,0.37,0.00021723681,0.0037566558554804853,-0.03607013908389023,-0.12105591,,0.7709054785389197,
Activated T cells,Macrophages,PSAP,CD1B,-0.034062486,1.0,-0.0010013845,-0.006264317945259917,0.6832880408021407,0.015289997,,1.0,
Activated T cells,Macrophages,S100A12,CD36,0.060955204,0.0,-0.013475598,0.061531911766948486,-0.2978410731585266,-0.16163649,,0.8274320019261134,
Activated T cells,Macrophages,S100A8,CD36,0.04487148,0.0,-0.019654006,0.0448910945161572,-0.4204377388825502,-0.0933468,,0.6530652264880924,
Activated T cells,Macrophages,S100A8,CD68,0.08143886,0.0,-0.027137682,0.08143736933529686,-0.6335328743128461,-0.07690932,,0.5834702726686894,
Activated T cells,Macrophages,S100A9,CD36,0.031980574,0.0,-0.024605922,0.03199456121880484,-0.19053430462287502,-0.09550169,,0.6619594154837085,
Activated T cells,Macrophages,S100A9,CD68,0.06854796,0.0,-0.033975147,0.06854083603794449,-0.4036294400531709,-0.07868475,,0.5900031162232576,
Activated T cells,Macrophages,SAA1,CD36,0.09574063,0.0,-0.00011311154,0.1168067728170201,1.2831580440800299,0.0026033942,,0.11671841500024098,
Activated T cells,Macrophages,SAA1,FPR1,0.05421371,0.0,-6.4200525e-05,0.07526536243681296,0.7340816035502269,0.0011985645,,0.11671841500024098,
Activated T cells,Macrophages,SCGB3A1,MARCO,0.077338636,0.0,-0.0018028623,0.09422060284792401,0.9979406152155614,0.049618866,,0.11671841500024098,
Activated T cells,Macrophages,SCGB3A1,NOTCH3,-0.016462125,0.117,0.00023994251,0.009806805456626978,0.27562203760833315,0.04699188,,0.23347690970005766,
Activated T cells,Macrophages,SORBS1,ITGA1,-0.015255197,0.84,-0.00035415636,0.022927871352817316,1.142360837367996,-0.09465841,,0.6592816798321594,
Activated T cells,Macrophages,THBS1,CD36,0.08000346,0.0,-0.006158394,0.08120754762465003,0.2406489980328843,-0.048548725,,0.23240313269870067,
Activated T cells,Macrophages,TNF,FFAR2,0.03255307,0.0,0.0005410534,0.04744901353201447,0.644937368995596,0.5032418,1.7534437,0.017014919674224353,
Activated T cells,Macrophages,TNF,ICOS,0.027969904,0.0,3.3908284e-05,0.02847473198181726,0.2623684636959851,-0.029450318,-1.3958093,0.34187541187685383,
Activated T cells,Macrophages,TNF,NOTCH1,0.0132223945,0.031,-0.001597961,0.01371649861790844,0.17844095796634218,-0.98426473,,1.0,
Activated T cells,Macrophages,TNF,TRAF2,0.034007456,0.0,0.0007019866,0.0358509837563781,0.4674693876328533,-2.2657278,1.6057482,0.29269484834446535,
Activated T cells,Macrophages,TNFSF4,TNFRSF4,-0.0107564535,0.502,8.21935e-05,0.0037961265195724956,0.1847096634847305,0.013271682,,0.3454370541068045,
Activated T cells,Macrophages,TNFSF4,TRAF2,0.0038600545,0.009,-6.303209e-05,0.01903419448280237,0.37047550016619324,-0.044156015,,0.4383661006380128,
Activated T cells,Macrophages,TNFSF9,ADGRG5,0.05778495,0.0,0.0012391875,0.06085555745884699,0.5592738735603588,-3.3199012,1.3965106,0.15439127020068005,
Activated T cells,Macrophages,TNFSF9,HLA-DPA1,0.18440798,0.0,0.027477952,0.18550502486208986,0.841572521145932,1.2659844,1.0641646,0.007070387620923245,
Activated T cells,Macrophages,TNFSF9,TNFRSF9,0.047525346,0.0,-0.00088680245,0.053598489028649825,0.40997066029976414,0.35608125,,0.013008203777469408,
Activated T cells,Macrophages,TNFSF9,TRAF2,0.058148865,0.0,0.0013145976,0.06058710316347232,0.70605598511258,-4.4012794,1.3805779,0.15521308619678106,
Activated T cells,Monocytes/DC,ADCYAP1,ADRB2,0.08692272,0.0,0.0071542286,0.13860367088242748,1.3271703572413411,-1.8097587,1.1340021,0.11671841500024098,
Activated T cells,Monocytes/DC,ADCYAP1,VIPR2,0.046407238,0.0,-0.0015125151,0.11424044531161434,2.166530644907976,-0.11406811,,0.11671841500024098,
Activated T cells,Monocytes/DC,ADM,ADRB2,0.0066703055,0.151,-0.0035818568,0.007830528679965799,-0.9435087083911036,-0.3727876,,1.0,
Activated T cells,Monocytes/DC,ADM,RAMP1,-0.0038694106,0.133,-0.002453077,0.021060440251268627,-0.14772912422843287,0.09936419,,0.24223757047027034,
Activated T cells,Monocytes/DC,APOE,LRP8,-0.050705507,1.0,-0.0016650382,-0.035446918243439554,-0.6936548285840081,0.03465587,,1.0,
Activated T cells,Monocytes/DC,BTLA,CD247,-0.11891615,1.0,-0.014550349,-0.11800229601912995,-0.3512224553061605,-19.04664,,1.0,
Activated T cells,Monocytes/DC,BTLA,CD79A,-0.07365055,1.0,-0.00998131,-0.07274144307769372,-0.6592571125985394,10.441432,,0.2783850638741796,
Activated T cells,Monocytes/DC,C3,C5AR2,0.24550836,0.0,-0.012127992,0.28107623582087476,1.1639479701452067,-0.118766256,,0.11671841500024098,
Activated T cells,Monocytes/DC,C3,CR2,-0.048079375,1.0,0.0017108424,-0.04826089897750378,-2.803795067843862,-0.055346254,,1.0,
Activated T cells,Monocytes/DC,CCL13,ACKR1,0.08707631,0.0,-0.0046783104,0.09318584660284483,-0.5083277290445256,0.59759194,,0.11671841500024098,
Activated T cells,Monocytes/DC,CCL13,CCR2,0.04794836,0.0,-0.0028274602,0.04799893218186434,-1.7435975501101717,0.523343,,0.21047082084226212,
Activated T cells,Monocytes/DC,CCL13,CCR3,-0.01404454,0.086,0.000104960076,0.013055705820199314,-0.23868668575223229,0.013581545,,0.22040488683923518,
Activated T cells,Monocytes/DC,CCL13,CCR5,0.08255677,0.0,-0.0044645253,0.08255547371660332,-1.349482360594155,0.9495446,,0.11671841500024098,
Activated T cells,Monocytes/DC,CCL13,CXCR3,-0.052100923,1.0,0.0019051229,-0.0521040561311649,-2.0465459608434613,0.41976687,,1.0,
Activated T cells,Monocytes/DC,CCL17,ACKR1,0.08859883,0.0,-0.004075987,0.10419148829381153,0.5794588742035294,0.4144452,,0.007426758170314823,
Activated T cells,Monocytes/DC,CCL18,ACKR1,0.04937624,0.0,-0.019592749,0.05437178065569458,-1.2115693336937066,-0.7385563,,0.9576087620666954,
Activated T cells,Monocytes/DC,CCL18,CCR3,-0.051744606,1.0,0.00043957244,-0.025758360126950933,-0.9419282904014132,-0.01678526,,1.0,
Activated T cells,Monocytes/DC,CCL19,CCR7,-0.14928427,1.0,0.003096374,-0.1300760209491579,-0.12277538441276359,0.22589026,,1.0,
Activated T cells,Monocytes/DC,CCL19,CXCR3,-0.04565449,1.0,0.0008665947,-0.026446248465913817,-0.3487893466310784,0.14170296,,1.0,
Activated T cells,Monocytes/DC,CCL2,ACKR1,0.07442777,0.0,-0.009682168,0.08241983151275198,-0.13828831423386312,-0.6537933,,0.5844082348523547,
Activated T cells,Monocytes/DC,CCL2,CCR2,0.035299826,0.0,-0.0058516734,0.03723291709177149,-1.3735581352995092,-0.5725615,,1.0,
Activated T cells,Monocytes/DC,CCL2,CCR3,-0.026693074,0.996,0.00021722395,0.002289690730106469,0.1313527290584302,-0.014858839,,0.8906193971992561,
Activated T cells,Monocytes/DC,CCL2,CCR5,0.06990823,0.0,-0.00923972,0.07178945862651048,-0.9794429457834926,-1.0388458,,0.7728968308702896,
Activated T cells,Monocytes/DC,CCL20,CCR6,-0.0375023,1.0,-0.0018995408,-0.022148016809615274,-0.5145710405655846,1.9220756,,1.0,
Activated T cells,Monocytes/DC,CCL20,CXCR3,-0.030277692,0.995,-0.0016106257,-0.01492219846349713,-0.38416936127007506,-0.4597475,,1.0,
Activated T cells,Monocytes/DC,CCL21,CCR7,-0.082603596,1.0,-0.035286374,-0.07753058257016306,-0.011186184668888433,2.1841826,,1.0,
Activated T cells,Monocytes/DC,CCL21,CXCR3,0.021026183,0.006,-0.00987574,0.026099189913081043,-0.23720014688720326,1.3701571,,0.1443538152358053,
Activated T cells,Monocytes/DC,CCL3,CCR3,-0.017497616,0.94,0.00013560835,0.00960826266642491,0.948534770367838,-0.00462059,,0.5840749439697306,
Activated T cells,Monocytes/DC,CCL3,CCR5,0.07910369,0.0,-0.0057681636,0.07910803056282892,-0.1622609044740848,-0.32304543,,0.6289207289184789,
Activated T cells,Monocytes/DC,CCL4,CCR3,0.0371211,0.0,-0.0003491679,0.06422514913264973,0.9936968269252102,-0.61225784,,0.14394907746897234,
Activated T cells,Monocytes/DC,CCL4,CCR5,0.13372241,0.0,0.014852017,0.13372491702905376,-0.11709884791671255,-42.805595,1.0893409,0.5588922796940909,
Activated T cells,Monocytes/DC,CCL4,CNR2,0.00882598,0.044,-0.0048016883,0.010315199456081225,-0.9812214210595982,39.91304,,0.0922151462969035,
Activated T cells,Monocytes/DC,CCL5,ACKR1,0.115077995,0.0,0.0063993754,0.12119149642347017,0.6334431858953891,-0.29458684,1.1427821,0.11671841500024098,
Activated T cells,Monocytes/DC,CCL5,CCR3,0.01395715,0.0,-0.00014357296,0.04106135564082465,0.9030842291876824,-0.006695111,,0.2578742193878827,
Activated T cells,Monocytes/DC,CCL5,CCR5,0.11055846,0.0,0.006106942,0.11056112353722866,-0.20771144565424032,-0.4680842,1.1466563,0.6945574395309357,
Activated T cells,Monocytes/DC,CCL5,CXCR3,-0.024099233,0.994,-0.0026059826,-0.024098406310539566,-0.9047750459035464,-0.20692681,,1.0,
Activated T cells,Monocytes/DC,CCL7,ACKR1,0.08233515,0.0,-0.006553947,0.08968899220592781,-0.3960219208631497,0.73488337,,0.11671841500024098,
Activated T cells,Monocytes/DC,CCL7,CCR2,0.043207206,0.0,-0.0039610504,0.04450207778494731,-1.6312917419287958,0.64357644,,0.23345498759786956,
Activated T cells,Monocytes/DC,CCL7,CCR3,-0.018785693,0.477,0.00014704085,0.00955885142328229,-0.12638087757085636,0.016701784,,0.33846579375155733,
Activated T cells,Monocytes/DC,CCL7,CCR5,0.077815615,0.0,-0.00625445,0.0790586193196863,-1.2371765524127791,1.1676941,,0.11671841500024098,
Activated T cells,Monocytes/DC,CCL7,CXCR3,-0.056842074,1.0,0.002668928,-0.05560091052808193,-1.9342401526620852,0.5162046,,1.0,
Activated T cells,Monocytes/DC,CCL8,ACKR1,0.081398994,0.0,-0.006924299,0.09239709051739771,0.1931117587656912,3.0406141,,0.02223146902568723,
Activated T cells,Monocytes/DC,CCL8,CCR2,0.042271048,0.0,-0.0041848826,0.047210176096417214,-1.042158062299955,2.6628273,,0.2169643944190642,
Activated T cells,Monocytes/DC,CCL8,CCR3,-0.019721853,0.578,0.00015534987,0.012266949734752189,0.4627528020579845,0.0691044,,0.3655300465539924,
Activated T cells,Monocytes/DC,CCL8,CCR5,0.07687946,0.0,-0.006607878,0.0817667176311562,-0.6480428727839382,4.831388,,0.11671841500024098,
Activated T cells,Monocytes/DC,CD14,RIPK1,-0.042550955,1.0,-0.014380131,-0.042457924225750794,-1.0206866216596513,-0.5619644,,1.0,
Activated T cells,Monocytes/DC,CD24,SIGLEC10,0.37524548,0.0,0.034833487,0.37733238345070885,1.3857035836118259,0.61113304,1.0565827,0.007070387620923245,
Activated T cells,Monocytes/DC,CD40LG,CD40,0.15868261,0.0,0.024450433,0.16017660243248072,-0.4258109499694014,-1.210834,1.0682845,0.7543791709995192,
Activated T cells,Monocytes/DC,CD40LG,CD9,0.5074309,0.0,0.116289034,0.507415120751859,1.3496525146249054,-2.7048266,1.0301946,0.11671841500024098,
Activated T cells,Monocytes/DC,COL1A1,CD36,0.59690535,0.0,0.19632491,0.5969221565815235,2.140962993812535,1.4989196,1.0230781,0.007070387620923245,
Activated T cells,Monocytes/DC,CP,SLC40A1,0.28257304,0.0,-0.0050721536,0.3022275976861174,2.257309855046135,0.19192223,,0.02907568165472104,
Activated T cells,Monocytes/DC,CSF1,CELSR3,0.082856685,0.0,-0.0027446311,0.09905027070913443,1.0761632082441932,0.5068479,,0.007070387620923245,
Activated T cells,Monocytes/DC,CSF1,CSF3R,0.65463614,0.0,0.20410983,0.6562313150778625,3.21784044513866,8.369708,1.0226237,0.00016673631909763299,
Activated T cells,Monocytes/DC,CSF1_IL34,CSF1R,0.7737698,0.0,-0.01722384,0.7820695004410001,1.8629083267389732,0.32580602,,0.012821541994457406,
Activated T cells,Monocytes/DC,CSF2,CSF1R,0.78006715,0.0,0.002406051,0.8076528513631682,2.41597009273598,-0.02300109,1.2559085,0.0038084369995742334,
Activated T cells,Monocytes/DC,CSF2,CSF3R,0.5649647,0.0,0.0017419286,0.594069486488898,3.12991039223009,-0.022958927,1.3148847,0.008401531366021153,
Activated T cells,Monocytes/DC,CXCL1,ACKR1,0.0849353,0.0,-0.00552531,0.09342107382476134,-0.13911206815241184,0.67679656,,0.07509216985080044,
Activated T cells,Monocytes/DC,CXCL1,CXCR1,0.069384106,0.0,-0.0046565183,0.10368802614932596,0.41681706699011456,-7.690474,,0.14711445792470615,
Activated T cells,Monocytes/DC,CXCL1,CXCR2,0.1421188,0.0,-0.008719955,0.15466586528437679,0.7833210065377456,0.88526714,,0.007070387620923245,
Activated T cells,Monocytes/DC,CXCL10,ACKR1,0.07729183,0.0,-0.008549125,0.08660657443577369,0.00874395110007642,-12.123474,,0.4056348597083012,
Activated T cells,Monocytes/DC,CXCL10,CCR3,-0.023829017,0.944,0.0001918036,0.006476433653128177,0.27838499439236974,-0.27553168,,1.0,
Activated T cells,Monocytes/DC,CXCL10,CXCR3,-0.0618854,1.0,0.0034814135,-0.05868332829823604,-1.5294742806988593,-8.5159,,1.0,
Activated T cells,Monocytes/DC,CXCL11,ACKR1,0.0828711,0.0,-0.0063419207,0.08978945767741603,-0.5612570813676898,0.90282077,,0.11671841500024098,
Activated T cells,Monocytes/DC,CXCL11,CCR3,-0.018249743,0.399,0.00014228394,0.009659316894770512,-0.2916160380753965,0.020518517,,0.32183219851080697,
Activated T cells,Monocytes/DC,CXCL11,CCR5,0.078351565,0.0,-0.006052113,0.07915908479117452,-1.4024117129173193,1.4345384,,0.11671841500024098,
Activated T cells,Monocytes/DC,CXCL11,CXCR3,-0.056306124,1.0,0.002582586,-0.055500445056593704,-2.0994753131666255,0.6341689,,1.0,
Activated T cells,Monocytes/DC,CXCL13,ACKR1,0.11811359,0.0,0.007600282,0.1515243544770029,1.5411560402036018,-0.71264166,1.1294935,0.11671841500024098,
Activated T cells,Monocytes/DC,CXCL13,CXCR3,-0.021063633,0.913,-0.0030950212,0.006234451742993169,0.0029378084046661757,-0.5005813,,1.0,
Activated T cells,Monocytes/DC,CXCL13,CXCR5,-0.018714435,0.838,-0.0029144932,0.00874674985350115,-0.16317136243257524,0.29815787,,0.4839567761690661,
Activated T cells,Monocytes/DC,CXCL2,ACKR1,0.08376646,0.0,-0.0059877103,0.09066167385299652,0.6865944482786501,-0.19636458,,0.11671841500024098,
Activated T cells,Monocytes/DC,CXCL2,CXCR1,0.068215266,0.0,-0.005046211,0.10092862617756114,1.2425235834211765,2.2313008,,0.007070387620923245,
Activated T cells,Monocytes/DC,CXCL2,CXCR2,0.14094996,0.0,-0.009449707,0.15190646531261195,1.6090275229688076,-0.25684986,,0.11671841500024098,
Activated T cells,Monocytes/DC,CXCL8,ACKR1,0.07313258,0.0,-0.010194556,0.07997851987000229,0.25983650305266526,-0.33138332,,0.22409016054015563,
Activated T cells,Monocytes/DC,CXCL8,CD79A,-0.1246545,1.0,0.010192825,-0.12392199414072368,-1.2029890940570944,0.12760983,,1.0,
Activated T cells,Monocytes/DC,CXCL8,CXCR1,0.057581387,0.0,-0.008591578,0.09024547219456691,0.8157656381951917,3.7655256,,0.007070387620923245,
Activated T cells,Monocytes/DC,CXCL8,CXCR2,0.13031608,0.0,-0.016088882,0.14122331132961774,1.1822695777428227,-0.4334578,,0.11671841500024098,
Activated T cells,Monocytes/DC,CXCL9,ACKR1,0.0837363,0.0,-0.0059996434,0.09639721923397974,0.39288872157392873,1.1073289,,0.010980552814283935,
Activated T cells,Monocytes/DC,CXCL9,CCR3,-0.017384548,0.263,0.0001346048,0.016267078451334224,0.6625297648662221,0.025166398,,0.27916876559188,
Activated T cells,Monocytes/DC,CXCL9,CXCR3,-0.055440933,1.0,0.002443202,-0.048892683500029996,-1.145329510225007,0.7778217,,1.0,
Activated T cells,Monocytes/DC,CXCL9,KIR2DL3,-0.04228467,1.0,0.0016451097,-0.035353825945138286,-0.7891351124525792,0.50747114,,1.0,
Activated T cells,Monocytes/DC,FADD,TRAF2,0.0036250334,0.244,-0.00072528183,0.006395091187123237,-1.1214441216722801,7.791728,,0.36252252497404686,
Activated T cells,Monocytes/DC,FASLG,TNFRSF10B,0.12923455,0.0,0.004067469,0.13202979533558903,0.0024041867434743125,-0.66618556,1.185842,0.41220841659751506,
Activated T cells,Monocytes/DC,FCER2,CR2,-0.07743895,1.0,0.0059732813,-0.07752773709945261,-3.003587121066535,-0.54985917,,1.0,
Activated T cells,Monocytes/DC,FN1,C5AR1,0.672828,0.0,-0.14954986,0.6728507644635033,0.8889241626497146,-0.4801352,,0.11671841500024098,
Activated T cells,Monocytes/DC,FN1,CD79A,-0.15049414,1.0,0.02041345,-0.15049219607466838,-1.6950156483888759,0.1839407,,1.0,
Activated T cells,Monocytes/DC,FN1,ITGA2,-0.05890973,1.0,0.0015071345,-0.042480838387062514,-0.6492270194902714,-0.026995331,,1.0,
Activated T cells,Monocytes/DC,GAL,HLA-DPA1,0.6193358,0.0,-0.010207866,0.6186902201930612,0.07211974616567374,0.32443932,,0.03526230904922012,
Activated T cells,Monocytes/DC,GZMA,PARD3,-0.008181078,0.428,-0.0001344769,0.029460451082592563,1.0625145185980078,-0.0074117915,,0.32820741148897753,
Activated T cells,Monocytes/DC,HLA-DPA1,LAG3,-0.062222037,1.0,0.0038092989,-0.062193359571288874,-1.2318817973300495,-0.13100378,,1.0,
Activated T cells,Monocytes/DC,HLA-DPB1,LAG3,-0.03730943,1.0,0.0011022913,-0.037282189398998536,-1.164645590692526,-0.04093051,,1.0,
Activated T cells,Monocytes/DC,HLA-DQA1,LAG3,-0.05988841,1.0,0.0035557267,-0.05985935649589869,-1.176498151455383,-0.14725831,,1.0,
Activated T cells,Monocytes/DC,HLA-DQB1,LAG3,-0.04903376,1.0,0.002376259,-0.04900566690863073,-1.1703766236268294,-0.086713694,,1.0,
Activated T cells,Monocytes/DC,HLA-DRA,LAG3,-0.042995103,1.0,0.0017200975,-0.04296798839320967,-1.2059263439994237,-0.05247444,,1.0,
Activated T cells,Monocytes/DC,HLA-DRB1,LAG3,-0.06913836,1.0,0.0045608277,-0.06910729433067761,-1.2527118758469378,-0.15463403,,1.0,
Activated T cells,Monocytes/DC,HLA-DRB5,LAG3,-0.052896958,1.0,0.0027960343,-0.052867887882698,-1.2724190783022786,-0.13744427,,1.0,
Activated T cells,Monocytes/DC,IL10,CD70,-0.029324258,0.987,0.0008359213,-0.01894965186104156,-0.5955809891861024,-0.061326247,,0.7630415665449976,
Activated T cells,Monocytes/DC,IL1B,ADRB2,0.009811213,0.137,-0.0031616695,0.010469899623160767,-1.0963827806458708,-0.28143904,,1.0,
Activated T cells,Monocytes/DC,IL1B,IL1R2_IL1RAP,0.06606418,0.0,-0.008479495,0.07903250861874732,-0.18765677309650908,-0.47464153,,0.6655974583840748,
Activated T cells,Monocytes/DC,IL4,IL21R,-0.02149101,0.972,0.00037162955,-0.009234417935503964,-0.8224654943931629,0.69439495,,0.6841994213348368,
Activated T cells,Monocytes/DC,IL6,FCGR3B,0.22974075,0.0,-0.009903267,0.26902408186211324,2.043642144627037,0.63396066,,0.007070387620923245,
Activated T cells,Monocytes/DC,L1CAM,CD9,0.44123384,0.0,-0.0006404838,0.4586120863061985,1.3901949373589115,0.012090998,,0.11513289711384957,
Activated T cells,Monocytes/DC,L1CAM,ERBB2,-0.014162398,0.379,2.0014993e-05,0.007432665736849012,-0.602468847438911,0.002591111,,0.31358580579436307,
Activated T cells,Monocytes/DC,LGALS3,LAG3,-0.03023317,0.999,0.00033338394,-0.030206703294793316,-1.2897590396532723,-0.020935597,,1.0,
Activated T cells,Monocytes/DC,LTF,IGDCC4,0.024227161,0.0,-0.00019258754,0.06773437794237425,1.8185238842003957,-0.25620508,,0.13432772610746607,
Activated T cells,Monocytes/DC,LTF,IL1RL1,0.016210953,0.0,-0.0010286373,0.033865573976005967,-0.2511626259913178,-14.321261,,0.745266315523486,
Activated T cells,Monocytes/DC,NTNG2,LRRC4,0.045078255,0.0,0.0007978925,0.13384311004474445,2.0431521085373174,0.11398566,1.5476042,0.06818031023537004,
Activated T cells,Monocytes/DC,PNOC,OPRL1,0.05793874,0.0,-0.0025306288,0.1229338131548473,1.2258328677808517,1.4102011,,0.007070387620923245,
Activated T cells,Monocytes/DC,PSAP,CD1B,-0.01843901,0.886,-0.003518511,0.025232169363108105,0.8381909228615847,0.053723644,,0.5140325517935089,
Activated T cells,Monocytes/DC,S100A12,CD36,0.4633547,0.0,-0.069940105,0.4639384801354539,0.40500227105324216,-0.83891433,,0.15072601561439614,
Activated T cells,Monocytes/DC,S100A8,CD36,0.44727096,0.0,-0.10200684,0.44729766288466266,0.28240560532921855,-0.484482,,0.2075136624409162,
Activated T cells,Monocytes/DC,S100A8,CD68,0.7687745,0.0,-0.16780396,0.7687754071050713,0.27480956751680896,-0.47556344,,0.08204855692452552,
Activated T cells,Monocytes/DC,S100A9,CD36,0.43438005,0.0,-0.12770793,0.4344011295873103,0.5123090395888937,-0.49566618,,0.11671841500024098,
Activated T cells,Monocytes/DC,S100A9,CD68,0.75588363,0.0,-0.21008295,0.7558788738077189,0.5047130017764841,-0.48654172,,0.0955996084595989,
Activated T cells,Monocytes/DC,SAA1,CD36,0.49814013,0.0,-0.0005870636,0.5192133411855255,1.9860013882917986,0.013511954,,0.021534664525168286,
Activated T cells,Monocytes/DC,SAA1,FPR1,0.60617876,0.0,-0.0007143131,0.627237165806436,2.675104856992264,0.013335567,,0.005343872141970507,
Activated T cells,Monocytes/DC,SCGB3A1,MARCO,0.41909894,0.0,-0.009245761,0.43650256281002353,2.0553833852112966,0.25446436,,0.019365802652883863,
Activated T cells,Monocytes/DC,SCGB3A1,NOTCH3,0.041511454,0.0,-0.0010226133,0.10034600846228439,1.2467961596149517,-0.20027515,,0.11671841500024098,
Activated T cells,Monocytes/DC,SORBS1,ITGA1,-0.013048698,0.637,-0.0003145702,0.025135003711927163,0.6308352957267203,-0.08407789,,0.6082514300372888,
Activated T cells,Monocytes/DC,THBS1,CD36,0.48240295,0.0,-0.031962864,0.4836141159931555,0.9434923422446531,-0.2519742,,0.11671841500024098,
Activated T cells,Monocytes/DC,TNF,FFAR2,0.1638129,0.0,0.015065463,0.23152906257869627,2.053692401873652,14.0126095,1.0886494,0.007070387620923245,
Activated T cells,Monocytes/DC,TNF,ICOS,-0.019353025,0.984,-0.0052025574,-0.018858323170945504,-0.8313642210539065,4.51857,,0.6033452655799098,
Activated T cells,Monocytes/DC,TNF,NOTCH1,0.06240775,0.0,0.0038445895,0.06290203705481762,-0.010803587402492765,2.3680763,1.1921735,0.04602650553684296,
Activated T cells,Monocytes/DC,TNF,TRAF2,0.043062955,0.0,0.0017040126,0.0451472485320085,-0.5259015698827074,-5.499861,1.3194818,1.0,
Activated T cells,Monocytes/DC,TNFSF4,TNFRSF4,-0.021404125,0.894,0.00018798582,-0.007063926421153884,-0.46552549769610163,0.030353833,,0.5192577454216577,
Activated T cells,Monocytes/DC,TNFSF4,TRAF2,0.0129155535,0.002,-0.00015300502,0.028330459258432767,-0.6228954573493675,-0.107184954,,0.7003108587297673,
Activated T cells,Monocytes/DC,TNFSF9,ADGRG5,0.050107848,0.0,-0.00035165792,0.052875213345494256,0.2329672201596158,0.9421251,,0.019365802652883863,
Activated T cells,Monocytes/DC,TNFSF9,HLA-DPA1,0.6752341,0.0,0.12918669,0.6763170936130791,1.4745425335268822,5.951984,1.0286034,0.004393129397550833,
Activated T cells,Monocytes/DC,TNFSF9,TNFRSF9,0.03785065,0.0,-0.002891589,0.04256245088926758,-0.14133107834127445,1.1610712,,0.07667717424910078,
Activated T cells,Monocytes/DC,TNFSF9,TRAF2,0.06720436,0.0,0.0031910734,0.06988336793910271,-0.28731497240298065,-10.68373,1.2149689,0.7972771425097922,
Activated T cells,NK/Cytotoxic T cells,ADCYAP1,ADRB2,0.08284202,0.0,0.0062813186,0.13450974888856237,2.3337046813493405,-1.5889442,1.1443104,0.11671841500024098,
Activated T cells,NK/Cytotoxic T cells,ADCYAP1,VIPR2,0.04011254,0.0,-0.0028590255,0.09528470497197916,1.1345385725101116,-0.21561678,,0.11671841500024098,
Activated T cells,NK/Cytotoxic T cells,ADM,ADRB2,0.0025896057,0.222,-0.003144823,0.0037366066861006728,0.0630256157168958,-0.32730258,,1.0,
Activated T cells,NK/Cytotoxic T cells,ADM,RAMP1,-0.0130020445,0.563,-0.0014749924,0.00788637547304261,0.435022121668613,0.05974596,,0.3597020807751801,
Activated T cells,NK/Cytotoxic T cells,APOE,LRP8,-0.061076548,1.0,0.00073670247,-0.04976158660859657,-0.44018772660446226,-0.015333621,,1.0,
Activated T cells,NK/Cytotoxic T cells,BTLA,CD247,0.16635834,0.0,0.014244806,0.16725854143362262,0.6123150779427032,18.646679,1.0913974,0.007070387620923245,
Activated T cells,NK/Cytotoxic T cells,BTLA,CD79A,-0.07655949,1.0,-0.010274935,-0.0756613474569229,-0.7036643131843279,10.748591,,0.26531244440553675,
Activated T cells,NK/Cytotoxic T cells,C3,C5AR2,-0.051739927,1.0,0.0018833897,-0.05181501176304894,-1.5994534319420972,0.018443543,,1.0,
Activated T cells,NK/Cytotoxic T cells,C3,CR2,-0.02704499,0.999,0.00071934535,-0.02095959832918839,-0.8397122027448551,-0.023271034,,1.0,
Activated T cells,NK/Cytotoxic T cells,CCL13,ACKR1,-0.031324383,1.0,0.0009223402,-0.030352088132823696,-1.277502783192452,-0.11781669,,1.0,
Activated T cells,NK/Cytotoxic T cells,CCL13,CCR2,-0.017238088,0.954,0.0002560229,-0.017221017322602294,-0.9481374134819691,-0.04738804,,0.6372819017797234,
Activated T cells,NK/Cytotoxic T cells,CCL13,CCR3,-0.023296043,1.0,0.0005425795,-0.02256908062680869,-2.3324418965092533,0.070208296,,1.0,
Activated T cells,NK/Cytotoxic T cells,CCL13,CCR5,-0.03852996,1.0,0.001263182,-0.03853659133938455,-1.2463327706761065,-0.2686619,,1.0,
Activated T cells,NK/Cytotoxic T cells,CCL13,CXCR3,-0.015193585,0.901,0.0001593128,-0.015199360077398277,-1.1639813428473287,0.03510232,,0.9665598075871057,
Activated T cells,NK/Cytotoxic T cells,CCL17,ACKR1,-0.029801857,1.0,0.0008035906,-0.019346446441856995,-0.18971617994439693,-0.08170886,,1.0,
Activated T cells,NK/Cytotoxic T cells,CCL18,ACKR1,-0.06902445,1.0,0.0038627575,-0.06916615407997394,-1.9807443878416329,0.14560816,,1.0,
Activated T cells,NK/Cytotoxic T cells,CCL18,CCR3,-0.06099611,1.0,0.0022723211,-0.061383146573958935,-3.0356835011584344,-0.08676954,,1.0,
Activated T cells,NK/Cytotoxic T cells,CCL19,CCR7,-0.017366106,0.938,0.00025791972,0.0018407555250958933,0.5514899305966299,0.01881606,,0.5788843523313221,
Activated T cells,NK/Cytotoxic T cells,CCL19,CXCR3,-0.008747151,0.431,7.246757e-05,0.010458447587852809,0.5337752713650541,0.01184968,,0.3288839532104934,
Activated T cells,NK/Cytotoxic T cells,CCL2,ACKR1,-0.043972917,1.0,0.0019088627,-0.041118103222916536,-0.9074633683817894,0.1288969,,1.0,
Activated T cells,NK/Cytotoxic T cells,CCL2,CCR2,-0.02988662,1.0,0.0005298615,-0.027987032412695137,-0.5780979986713066,0.05184471,,1.0,
Activated T cells,NK/Cytotoxic T cells,CCL2,CCR3,-0.035944577,1.0,0.0011229152,-0.03333509571690153,-1.9624024816985908,-0.07681112,,1.0,
Activated T cells,NK/Cytotoxic T cells,CCL2,CCR5,-0.051178493,1.0,0.0026142644,-0.0493026064294774,-0.876293355865444,0.29392853,,1.0,
Activated T cells,NK/Cytotoxic T cells,CCL20,CCR6,0.0027177497,0.043,-0.00029112436,0.018072508319023198,0.8010357206671241,0.29457808,,0.19227596387196708,
Activated T cells,NK/Cytotoxic T cells,CCL20,CXCR3,0.0066296477,0.013,-0.00013468595,0.021982497590269493,0.49839525672605745,-0.038445633,,0.4221889985929862,
Activated T cells,NK/Cytotoxic T cells,CCL21,CCR7,0.049314566,0.0,-0.0029392613,0.05438619390409075,0.663079130340505,0.1819366,,0.03173540668891133,
Activated T cells,NK/Cytotoxic T cells,CCL21,CXCR3,0.05793352,0.0,-0.00082584267,0.06300388596684767,0.6453644711089292,0.11457716,,0.06769403358769605,
Activated T cells,NK/Cytotoxic T cells,CCL3,CCR3,-0.02674912,0.999,0.0007010123,-0.026016523780583094,-1.145220440389183,-0.023885626,,1.0,
Activated T cells,NK/Cytotoxic T cells,CCL3,CCR5,-0.041983034,1.0,0.0016320304,-0.041984034493158955,-0.05911131455603624,0.0914017,,1.0,
Activated T cells,NK/Cytotoxic T cells,CCL4,CCR3,0.027869593,0.0,-0.0018049849,0.028600362685641735,-1.1000583838318108,-3.164999,,1.0,
Activated T cells,NK/Cytotoxic T cells,CCL4,CCR5,0.012635678,0.034,-0.004202194,0.012632851973065871,-0.013949257998663978,12.111313,,0.1842562955236471,
Activated T cells,NK/Cytotoxic T cells,CCL4,CNR2,0.017234502,0.0,-0.003478523,0.020210067441996635,-0.324070865591924,28.914501,,0.12596093203306488,
Activated T cells,NK/Cytotoxic T cells,CCL5,ACKR1,-0.0033226926,0.575,-0.0012616522,-0.0023464383121983567,-0.1357318682525372,0.0580785,,0.36333632403399757,
Activated T cells,NK/Cytotoxic T cells,CCL5,CCR3,0.004705647,0.005,-0.0007421845,0.005436569193816647,-1.1906709815693386,-0.034609634,,1.0,
Activated T cells,NK/Cytotoxic T cells,CCL5,CCR5,-0.010528268,0.935,-0.0017278836,-0.010530941518759215,-0.10456185573619176,0.13243863,,0.5757866503710192,
Activated T cells,NK/Cytotoxic T cells,CCL5,CXCR3,0.012808106,0.038,-0.00021792104,0.01280628974322706,-0.022210427907413954,-0.017303918,,0.3327184955620663,
Activated T cells,NK/Cytotoxic T cells,CCL7,ACKR1,-0.036065534,1.0,0.0012921264,-0.033848942529740716,-1.165196975011076,-0.14488402,,1.0,
Activated T cells,NK/Cytotoxic T cells,CCL7,CCR2,-0.021979239,0.986,0.00035866804,-0.020717871719519318,-0.8358316053005932,-0.05827502,,0.7566974598851598,
Activated T cells,NK/Cytotoxic T cells,CCL7,CCR3,-0.028037196,1.0,0.00076011143,-0.026065935023725714,-2.2201360883278776,0.08633803,,1.0,
Activated T cells,NK/Cytotoxic T cells,CCL7,CCR5,-0.04327111,1.0,0.0017696192,-0.04203344573630158,-1.1340269624947306,-0.33038458,,1.0,
Activated T cells,NK/Cytotoxic T cells,CCL7,CXCR3,-0.019934736,0.966,0.00022318475,-0.0186962144743153,-1.0516755346659528,0.043166768,,0.7911447828249819,
Activated T cells,NK/Cytotoxic T cells,CCL8,ACKR1,-0.037001695,1.0,0.0013651422,-0.03114084421827082,-0.5760632953822351,-0.59946436,,1.0,
Activated T cells,NK/Cytotoxic T cells,CCL8,CCR2,-0.022915399,0.988,0.00037893574,-0.018009773408049417,-0.2466979256717523,-0.2411156,,1.0,
Activated T cells,NK/Cytotoxic T cells,CCL8,CCR3,-0.028973356,1.0,0.000803064,-0.023357836712255817,-1.6310024086990365,0.35722756,,1.0,
Activated T cells,NK/Cytotoxic T cells,CCL8,CCR5,-0.04420727,1.0,0.0018696173,-0.03932534742483168,-0.5448932828658897,-1.3669814,,1.0,
Activated T cells,NK/Cytotoxic T cells,CD14,RIPK1,-0.07855991,1.0,-0.0021519442,-0.07850333490083883,-0.35309254822509706,-0.08409632,,1.0,
Activated T cells,NK/Cytotoxic T cells,CD24,SIGLEC10,-0.046719424,1.0,-0.007115238,-0.04647502904157497,-2.2124000796178978,-0.12483266,,1.0,
Activated T cells,NK/Cytotoxic T cells,CD40LG,CD40,0.02386368,0.0,-0.011052489,0.023918132667385163,-0.232365804666806,0.5473412,,0.10404147285914744,
Activated T cells,NK/Cytotoxic T cells,CD40LG,CD9,-0.034291245,1.0,-0.026366878,-0.034272933423658336,-0.42033987761534597,0.61328083,,1.0,
Activated T cells,NK/Cytotoxic T cells,COL1A1,CD36,0.0025808364,0.358,-0.03776941,0.002579559036109444,-0.7504833630611678,-0.2883654,,1.0,
Activated T cells,NK/Cytotoxic T cells,CP,SLC40A1,-0.04170374,1.0,0.0006589641,-0.02209316829541972,0.026728485507743427,-0.024934152,,1.0,
Activated T cells,NK/Cytotoxic T cells,CSF1,CELSR3,0.078867026,0.0,-0.004187982,0.08767404444952541,0.7674901286440443,0.77339,,0.007070387620923245,
Activated T cells,NK/Cytotoxic T cells,CSF1,CSF3R,0.0015009567,0.406,-0.03217695,0.001464547240080008,-0.9220547655097002,-1.3194449,,1.0,
Activated T cells,NK/Cytotoxic T cells,CSF1_IL34,CSF1R,-0.13815731,1.0,0.0029314049,-0.1298714837811352,-0.8777650974886628,-0.05545043,,1.0,
Activated T cells,NK/Cytotoxic T cells,CSF2,CSF1R,-0.13185999,1.0,-0.00040949692,-0.10428813285896703,-0.3247033314916561,0.0039146612,,1.0,
Activated T cells,NK/Cytotoxic T cells,CSF2,CSF3R,-0.08817047,1.0,-0.0002746068,-0.060697281348884455,-1.0099848184182703,0.0036193663,,1.0,
Activated T cells,NK/Cytotoxic T cells,CXCL1,ACKR1,-0.033465393,1.0,0.0010893282,-0.030116860910907185,-0.9082871223003381,-0.13343206,,1.0,
Activated T cells,NK/Cytotoxic T cells,CXCL1,CXCR1,-0.010471168,0.043,-0.00019527983,0.002445561440014057,-0.45013562323722733,-0.32251444,,1.0,
Activated T cells,NK/Cytotoxic T cells,CXCL1,CXCR2,0.013726025,0.0,-0.0015470935,0.019725898040203374,-0.5180461953262718,0.157064,,0.2356759289260235,
Activated T cells,NK/Cytotoxic T cells,CXCL10,ACKR1,-0.04110886,1.0,0.0016854806,-0.03693136029989483,-0.7604311030478499,2.390172,,0.9601773882223502,
Activated T cells,NK/Cytotoxic T cells,CXCL10,CCR3,-0.03308052,1.0,0.0009915074,-0.029148352793879825,-1.8153702163646512,-1.4243305,,1.0,
Activated T cells,NK/Cytotoxic T cells,CXCL10,CXCR3,-0.02497806,0.994,0.0002911275,-0.021778632244469416,-0.6469096627027267,-0.7121282,,1.0,
Activated T cells,NK/Cytotoxic T cells,CXCL11,ACKR1,-0.035529584,1.0,0.001250325,-0.0337484770582525,-1.3304321355156161,-0.17799328,,1.0,
Activated T cells,NK/Cytotoxic T cells,CXCL11,CCR3,-0.027501246,1.0,0.00073552114,-0.02596546955223749,-2.3853712488324175,0.1060682,,1.0,
Activated T cells,NK/Cytotoxic T cells,CXCL11,CCR5,-0.04273516,1.0,0.0017123704,-0.04193298026481335,-1.2992621229992707,-0.40588486,,1.0,
Activated T cells,NK/Cytotoxic T cells,CXCL11,CXCR3,-0.019398786,0.96,0.00021596452,-0.01859574900282708,-1.2169106951704929,0.053031344,,1.0,
Activated T cells,NK/Cytotoxic T cells,CXCL13,ACKR1,-0.00028709322,0.02,-0.0014984139,0.027986419741334378,0.7719809860556754,0.14049901,,0.1697953835509815,
Activated T cells,NK/Cytotoxic T cells,CXCL13,CXCR3,0.015843704,0.0,-0.00025881612,0.04313914779675979,0.8855024264007987,-0.041860297,,0.23982571054908608,
Activated T cells,NK/Cytotoxic T cells,CXCL13,CXCR5,-0.024033356,0.99,-0.0033232344,0.003312024671986269,-0.42251952219595124,0.33997282,,0.7914307962530985,
Activated T cells,NK/Cytotoxic T cells,CXCL2,ACKR1,-0.034634225,1.0,0.0011804914,-0.03287626088267201,-0.08258060586927618,0.038713746,,1.0,
Activated T cells,NK/Cytotoxic T cells,CXCL2,CXCR1,-0.011640003,0.662,-0.00021162235,-0.00031383853175076526,0.37557089319383463,0.09357378,,0.3949619660022911,
Activated T cells,NK/Cytotoxic T cells,CXCL2,CXCR2,0.01255719,0.013,-0.0016765662,0.016966498068438553,0.30766032110479014,-0.04557028,,0.4469596386114719,
Activated T cells,NK/Cytotoxic T cells,CXCL8,ACKR1,-0.045268107,1.0,0.0020098812,-0.04355941486566624,-0.509338551095261,0.065333016,,1.0,
Activated T cells,NK/Cytotoxic T cells,CXCL8,CD79A,-0.12756345,1.0,0.010492671,-0.12684189851995287,-1.247396294642883,0.13136378,,1.0,
Activated T cells,NK/Cytotoxic T cells,CXCL8,CXCR1,-0.022273883,0.985,-0.00036030397,-0.010996992514744994,-0.05118705203215024,0.15791437,,0.7497647230000652,
Activated T cells,NK/Cytotoxic T cells,CXCL8,CXCR2,0.0019233096,0.195,-0.002854488,0.006283344085444325,-0.11909762412119473,-0.07690404,,0.5826574986005656,
Activated T cells,NK/Cytotoxic T cells,CXCL9,ACKR1,-0.034664392,1.0,0.0011828442,-0.027140715501688784,-0.3762863325739976,-0.21831255,,1.0,
Activated T cells,NK/Cytotoxic T cells,CXCL9,CCR3,-0.026636053,0.996,0.00069582456,-0.01935770799567378,-1.431225445890799,0.13009492,,1.0,
Activated T cells,NK/Cytotoxic T cells,CXCL9,CXCR3,-0.018533593,0.907,0.00020430879,-0.011987987446263369,-0.26276489222887434,0.065044075,,0.5371261692135969,
Activated T cells,NK/Cytotoxic T cells,CXCL9,KIR2DL3,0.07560853,0.0,-0.0055065923,0.08498726828709059,0.9617300343343347,-1.6986322,,0.11671841500024098,
Activated T cells,NK/Cytotoxic T cells,FADD,TRAF2,-0.0065367,0.692,-0.00024668654,-0.004036808100324048,0.04150907693483319,2.650162,,0.40833266497717424,
Activated T cells,NK/Cytotoxic T cells,FASLG,TNFRSF10B,-0.042816203,1.0,-0.0017248044,-0.04138584123758022,-0.787738462182936,0.28249505,,1.0,
Activated T cells,NK/Cytotoxic T cells,FCER2,CR2,-0.056404565,1.0,0.0025115418,-0.050226436451137224,-1.039504255967528,-0.23119524,,1.0,
Activated T cells,NK/Cytotoxic T cells,FN1,C5AR1,-0.16403198,1.0,0.023208149,-0.16403567727160098,-1.9454346819271287,0.0745106,,1.0,
Activated T cells,NK/Cytotoxic T cells,FN1,CD79A,-0.15340309,1.0,0.021013962,-0.15341210045389758,-1.7394228489746644,0.18935175,,1.0,
Activated T cells,NK/Cytotoxic T cells,FN1,ITGA2,-0.06819825,1.0,0.003424619,-0.06451933911012775,-1.5834703840361724,-0.061340727,,1.0,
Activated T cells,NK/Cytotoxic T cells,GAL,HLA-DPA1,-0.1758497,1.0,0.0028122922,-0.17648354659378984,-1.4897064838624647,-0.089383826,,1.0,
Activated T cells,NK/Cytotoxic T cells,GZMA,PARD3,-0.023079554,0.994,0.0005321664,-0.019006047880601357,-0.6206633075583498,0.029330738,,0.8464434262495476,
Activated T cells,NK/Cytotoxic T cells,HLA-DPA1,LAG3,-0.0152919255,0.982,-0.0027716171,-0.015206257909711546,0.20711616065042904,0.095317364,,0.7286371668510475,
Activated T cells,NK/Cytotoxic T cells,HLA-DPB1,LAG3,0.009620682,0.101,-0.00080201874,0.009704912262578795,0.27435236728795265,0.02978073,,0.2231790053282658,
Activated T cells,NK/Cytotoxic T cells,HLA-DQA1,LAG3,-0.012958299,0.966,-0.0025871198,-0.012872254834321365,0.26249980652509575,0.107144035,,0.6553465194138581,
Activated T cells,NK/Cytotoxic T cells,HLA-DQB1,LAG3,-0.002103651,0.615,-0.0017289481,-0.002018565247053402,0.2686213343536493,0.06309223,,0.3758990504473011,
Activated T cells,NK/Cytotoxic T cells,HLA-DRA,LAG3,0.0039350074,0.298,-0.0012515299,0.004019113268367659,0.23307161398105491,0.038180005,,0.28642345038639855,
Activated T cells,NK/Cytotoxic T cells,HLA-DRB1,LAG3,-0.022208251,0.999,-0.0033184239,-0.022120192669100276,0.18628608213354086,0.11251055,,1.0,
Activated T cells,NK/Cytotoxic T cells,HLA-DRB5,LAG3,-0.005966846,0.791,-0.0020343733,-0.005880786221120669,0.16657887967819995,0.100003414,,0.4612987094300187,
Activated T cells,NK/Cytotoxic T cells,IL10,CD70,-0.010651209,0.336,-0.00044214775,0.005670645228349912,0.44764488839939665,0.032437574,,0.297569447671717,
Activated T cells,NK/Cytotoxic T cells,IL1B,ADRB2,0.0057305135,0.155,-0.002775904,0.006375977629295641,-0.08984845653787144,-0.24709976,,1.0,
Activated T cells,NK/Cytotoxic T cells,IL1B,IL1R2_IL1RAP,-0.06966047,1.0,0.0043511163,-0.06973153657174698,-1.7830423302756615,0.0701056,,1.0,
Activated T cells,NK/Cytotoxic T cells,IL4,IL21R,0.032001764,0.0,-0.0009113257,0.04449856404117862,0.8960052666346452,-1.7028246,,0.23450967761052993,
Activated T cells,NK/Cytotoxic T cells,IL6,FCGR3B,-0.036489394,1.0,0.0010798647,-0.023192148642409552,-1.0018766405214308,-0.069127865,,1.0,
Activated T cells,NK/Cytotoxic T cells,L1CAM,CD9,-0.10048829,1.0,0.00014522056,-0.08307596786931885,-0.37979745488133987,-0.0027414612,,1.0,
Activated T cells,NK/Cytotoxic T cells,L1CAM,ERBB2,0.03565156,0.0,-5.223431e-05,0.0655602518485077,1.266453066071778,-0.006762175,,0.14005150924139886,
Activated T cells,NK/Cytotoxic T cells,LGALS3,LAG3,0.016696941,0.019,-0.00024256764,0.01678039836678401,0.14923891832720615,0.015232583,,0.2149702412873677,
Activated T cells,NK/Cytotoxic T cells,LTF,IGDCC4,0.019894682,0.0,-0.0006444429,0.03725124624721515,0.14424778334355293,-0.85732216,,0.30058300655800835,
Activated T cells,NK/Cytotoxic T cells,LTF,IL1RL1,-0.016454149,0.798,-0.004435441,-0.002452264280701888,-1.0946095283099424,-61.752686,,1.0,
Activated T cells,NK/Cytotoxic T cells,NTNG2,LRRC4,-0.013790738,0.072,-0.0003733285,0.0016656440788758095,-0.7835855727857932,-0.05333312,,0.48189843872092347,
Activated T cells,NK/Cytotoxic T cells,PNOC,OPRL1,-0.02995688,0.996,0.00077274843,-0.020336709832820744,-0.6171704346526776,-0.43061653,,1.0,
Activated T cells,NK/Cytotoxic T cells,PSAP,CD1B,-0.06287147,1.0,0.0036400822,-0.06433604988566505,-2.312912219474878,-0.055579893,,1.0,
Activated T cells,NK/Cytotoxic T cells,S100A12,CD36,-0.1309698,1.0,0.013455228,-0.1304041174099601,-2.4864440858204606,0.16139215,,1.0,
Activated T cells,NK/Cytotoxic T cells,S100A8,CD36,-0.14705352,1.0,0.019624297,-0.1470449346607514,-2.6090407515444842,0.0932057,,1.0,
Activated T cells,NK/Cytotoxic T cells,S100A8,CD68,-0.20548147,1.0,0.031581834,-0.20547491055994943,-2.1747239563533847,0.08950423,,1.0,
Activated T cells,NK/Cytotoxic T cells,S100A9,CD36,-0.15994443,1.0,0.024568727,-0.15994146795810377,-2.379137317284809,0.09535733,,1.0,
Activated T cells,NK/Cytotoxic T cells,S100A9,CD68,-0.21837237,1.0,0.03953902,-0.21837144385730178,-1.9448205220937096,0.091570415,,1.0,
Activated T cells,NK/Cytotoxic T cells,SAA1,CD36,-0.09618437,1.0,0.000112940565,-0.07512925635988851,-0.9054449685819042,-0.002599459,,1.0,
Activated T cells,NK/Cytotoxic T cells,SAA1,FPR1,-0.09857527,1.0,0.0001157566,-0.07753705459654048,-0.8398289692366343,-0.0021610688,,1.0,
Activated T cells,NK/Cytotoxic T cells,SCGB3A1,MARCO,-0.08606246,1.0,0.0017557073,-0.06940591720447799,-2.065573474405576,-0.048321057,,1.0,
Activated T cells,NK/Cytotoxic T cells,SCGB3A1,NOTCH3,-0.023729395,0.687,0.00039821005,-0.0015432220249226546,-0.04826098146310942,0.077988006,,0.40555253778646355,
Activated T cells,NK/Cytotoxic T cells,SORBS1,ITGA1,0.024864677,0.0,0.0003656227,0.06304771414855159,1.50431688744392,0.09772312,2.0951712,0.08102658857459673,
Activated T cells,NK/Cytotoxic T cells,THBS1,CD36,-0.11192154,1.0,0.006149085,-0.11072848155225856,-1.9479540146290497,0.04847534,,1.0,
Activated T cells,NK/Cytotoxic T cells,TNF,FFAR2,-0.0042507946,0.227,-0.0035314371,-0.00416817731595942,-0.7843435736863293,-3.2846415,,1.0,
Activated T cells,NK/Cytotoxic T cells,TNF,ICOS,0.008049861,0.118,-0.0021703218,0.008552714632833233,-0.08269630006309248,1.8849869,,0.2347887587544542,
Activated T cells,NK/Cytotoxic T cells,TNF,NOTCH1,0.08057842,0.0,0.0058552437,0.08107646681985081,0.7326165692482813,3.6065397,1.1502438,0.007070387620923245,
Activated T cells,NK/Cytotoxic T cells,TNF,TRAF2,0.03290122,0.0,0.0005795774,0.03471534924456122,0.6370516287244059,-1.8706405,1.7098913,0.29936143902832113,
Activated T cells,NK/Cytotoxic T cells,TNFSF4,TNFRSF4,0.026895117,0.0,-0.0002919021,0.04220253896468935,0.5843777554032292,-0.047133066,,0.25122109073017684,
Activated T cells,NK/Cytotoxic T cells,TNFSF4,TRAF2,0.0027538198,0.009,-5.2040843e-05,0.01789855997098548,0.5400577412577459,-0.03645629,,0.41207336051122034,
Activated T cells,NK/Cytotoxic T cells,TNFSF9,ADGRG5,0.085983805,0.0,0.0070825405,0.09016889164471369,1.1318648979680912,-18.974802,1.1347697,0.11671841500024098,
Activated T cells,NK/Cytotoxic T cells,TNFSF9,HLA-DPA1,-0.11995139,1.0,-0.03559125,-0.11885667317377192,-0.08728369650125634,-1.6397861,,1.0,
Activated T cells,NK/Cytotoxic T cells,TNFSF9,TNFRSF9,0.050523803,0.0,-0.0002654641,0.057018660128876894,0.7190053252770876,0.10659285,,0.07318846058250905,
Activated T cells,NK/Cytotoxic T cells,TNFSF9,TRAF2,0.05704263,0.0,0.0010853641,0.05945146865165544,0.8756382262041327,-3.6338046,1.4355092,0.15894427672002528,
Activated T cells,T cells (naive/memory),ADCYAP1,ADRB2,0.013130117,0.002,-0.008630888,0.06456496477912543,1.1662466235522766,2.1832993,,0.1267804370119172,
Activated T cells,T cells (naive/memory),ADCYAP1,VIPR2,0.042421326,0.0,-0.0023651489,0.10223837885688086,1.6810352234492916,-0.1783705,,0.11671841500024098,
Activated T cells,T cells (naive/memory),ADM,ADRB2,-0.067122295,1.0,0.004321165,-0.06620817742333625,-1.104432442080168,0.44973227,,1.0,
Activated T cells,T cells (naive/memory),ADM,RAMP1,-0.057919964,1.0,0.0033356159,-0.05690865517867939,-1.570663013985552,-0.13511227,,1.0,
Activated T cells,T cells (naive/memory),APOE,LRP8,-0.082435384,1.0,0.0056830123,-0.07924138990427704,-1.2731327785513726,-0.118285425,,1.0,
Activated T cells,T cells (naive/memory),BTLA,CD247,-0.039665125,1.0,-0.006550876,-0.038759364507530744,-0.029008687641721875,-8.575202,,1.0,
Activated T cells,T cells (naive/memory),BTLA,CD79A,0.34926122,0.0,0.032706734,0.35019037167762224,1.208904246598371,-34.214455,1.0584993,0.11671841500024098,
Activated T cells,T cells (naive/memory),C3,C5AR2,-0.056344677,1.0,0.0021004437,-0.05696810386915502,-1.528308208480225,0.020569097,,1.0,
Activated T cells,T cells (naive/memory),C3,CR2,0.039470818,0.0,-0.0024160077,0.06537089151355197,0.36503836550412183,0.078158565,,0.1007344595332438,
Activated T cells,T cells (naive/memory),CCL13,ACKR1,-0.057368133,1.0,0.002154275,-0.057527685287194326,-2.2045889197193036,-0.27517998,,1.0,
Activated T cells,T cells (naive/memory),CCL13,CCR2,-0.022315629,0.971,0.0004962033,-0.022302417529761913,-1.034391357438691,-0.091843754,,0.76590691839492,
Activated T cells,T cells (naive/memory),CCL13,CCR3,-0.01925657,0.791,0.00035150215,-0.007011041539195049,-0.882262689844225,0.04548341,,0.5705674893927363,
Activated T cells,T cells (naive/memory),CCL13,CCR5,-0.08537649,1.0,0.003479141,-0.08538190240267894,-1.668404654381689,-0.7399667,,1.0,
Activated T cells,T cells (naive/memory),CCL13,CXCR3,-0.03272311,1.0,0.0009885035,-0.03272622585688098,-1.237070477940694,0.21780275,,1.0,
Activated T cells,T cells (naive/memory),CCL17,ACKR1,-0.055845607,1.0,0.0018769162,-0.04652204359622763,-1.1168023164712486,-0.19084431,,1.0,
Activated T cells,T cells (naive/memory),CCL18,ACKR1,-0.0950682,1.0,0.009022097,-0.09634175123434457,-2.9078305243684843,0.34009147,,1.0,
Activated T cells,T cells (naive/memory),CCL18,CCR3,-0.056956638,1.0,0.0014720898,-0.045825107486345294,-1.585504294493406,-0.05621237,,1.0,
Activated T cells,T cells (naive/memory),CCL19,CCR7,0.06279457,0.0,-0.00146688,0.08200513718828373,0.7578275480687442,-0.10701352,,0.11671841500024098,
Activated T cells,T cells (naive/memory),CCL19,CXCR3,-0.026276674,0.993,0.0004496465,-0.007068418191629896,0.46068613627168875,0.07352485,,0.8266703516697264,
Activated T cells,T cells (naive/memory),CCL2,ACKR1,-0.07001667,1.0,0.0044584586,-0.06829370037728717,-1.834549504908641,0.30105966,,1.0,
Activated T cells,T cells (naive/memory),CCL2,CCR2,-0.03496416,1.0,0.0010269358,-0.03306843261985476,-0.6643519426280284,0.100481324,,1.0,
Activated T cells,T cells (naive/memory),CCL2,CCR3,-0.031905103,1.0,0.0007274641,-0.017777056629287892,-0.5122232750335625,-0.049760956,,1.0,
Activated T cells,T cells (naive/memory),CCL2,CCR5,-0.098025024,1.0,0.007200383,-0.0961479174927718,-1.2983652395710266,0.8095578,,1.0,
Activated T cells,T cells (naive/memory),CCL20,CCR6,0.060297333,0.0,0.002011507,0.0756537976553248,0.8324124594591549,-2.03537,1.2867577,0.11671841500024098,
Activated T cells,T cells (naive/memory),CCL20,CXCR3,-0.010899876,0.627,-0.00083569885,0.00445563181078679,0.4253061216326921,-0.23854734,,1.0,
Activated T cells,T cells (naive/memory),CCL21,CCR7,0.12947524,0.0,0.01671661,0.1345505755672786,0.8694167478126194,-1.0347372,1.0837812,0.11671841500024098,
Activated T cells,T cells (naive/memory),CCL21,CXCR3,0.040404,0.0,-0.0051241857,0.045477020187364964,0.5722753360155639,0.71092796,,0.018434553721850735,
Activated T cells,T cells (naive/memory),CCL3,CCR3,-0.022709645,0.994,0.00045414054,-0.010458484692969453,0.3049587662758453,-0.015473952,,0.8464434262495476,
Activated T cells,T cells (naive/memory),CCL3,CCR5,-0.08882957,1.0,0.004495048,-0.08882934555645335,-0.4811831982616188,0.25174475,,1.0,
Activated T cells,T cells (naive/memory),CCL4,CCR3,0.031909067,0.0,-0.0011693329,0.044158401773255376,0.35012082283321755,-2.050398,,0.2360970319970851,
Activated T cells,T cells (naive/memory),CCL4,CCR5,-0.034210857,1.0,-0.011573967,-0.03421245909022852,-0.43602114170424655,33.357796,,0.11248895493503328,
Activated T cells,T cells (naive/memory),CCL4,CNR2,0.13525708,0.0,0.015093514,0.15907004676392175,1.2936168802284593,-125.46171,1.0885597,0.11671841500024098,
Activated T cells,T cells (naive/memory),CCL5,ACKR1,-0.029366443,1.0,-0.0029467936,-0.02952203546656899,-1.062818004779389,0.13565177,,1.0,
Activated T cells,T cells (naive/memory),CCL5,CCR3,0.008745123,0.001,-0.00048081335,0.020994608281430287,0.25950822509568977,-0.022421343,,0.3501261368200373,
Activated T cells,T cells (naive/memory),CCL5,CCR5,-0.057374805,1.0,-0.0047590532,-0.0573762525820536,-0.5266337394417744,0.3647714,,1.0,
Activated T cells,T cells (naive/memory),CCL5,CXCR3,-0.004721418,0.706,-0.0013521557,-0.004720576036255645,-0.0952995630007793,-0.107367285,,0.7012438289368499,
Activated T cells,T cells (naive/memory),CCL7,ACKR1,-0.062109284,1.0,0.0030179708,-0.061024539684111354,-2.0922831115379275,-0.33840016,,1.0,
Activated T cells,T cells (naive/memory),CCL7,CCR2,-0.02705678,0.992,0.000695142,-0.02579927192667894,-0.922085549257315,-0.112944044,,0.814572940661747,
Activated T cells,T cells (naive/memory),CCL7,CCR3,-0.02399772,0.971,0.000492427,-0.010507895936112073,-0.769956881662849,0.05593282,,0.6801037441557591,
Activated T cells,T cells (naive/memory),CCL7,CCR5,-0.09011765,1.0,0.0048740045,-0.08887875679959596,-1.5560988462003131,-0.9099675,,1.0,
Activated T cells,T cells (naive/memory),CCL7,CXCR3,-0.03746426,1.0,0.0013848159,-0.03622308025379801,-1.124764669759318,0.267841,,1.0,
Activated T cells,T cells (naive/memory),CCL8,ACKR1,-0.06304544,1.0,0.0031885111,-0.058316441372641456,-1.5031494319090868,-1.4001464,,1.0,
Activated T cells,T cells (naive/memory),CCL8,CCR2,-0.02799294,0.994,0.0007344233,-0.02309117361520904,-0.3329518696284741,-0.4673112,,1.0,
Activated T cells,T cells (naive/memory),CCL8,CCR3,-0.02493388,0.967,0.0005202532,-0.007799797624642174,-0.18082320203400815,0.23142463,,0.6633315024443592,
Activated T cells,T cells (naive/memory),CCL8,CCR5,-0.091053806,1.0,0.005149426,-0.08617065848812606,-0.9669651665714722,-3.7650325,,1.0,
Activated T cells,T cells (naive/memory),CD14,RIPK1,-0.103118226,1.0,0.0061877496,-0.10308621043266435,-1.206424108053489,0.24181247,,1.0,
Activated T cells,T cells (naive/memory),CD24,SIGLEC10,-0.0041786525,0.646,-0.0028861393,-0.0037415130094438573,-0.7057181890540245,-0.05063561,,0.4700325968789655,
Activated T cells,T cells (naive/memory),CD40LG,CD40,0.14803976,0.0,0.021647763,0.14942073621415775,1.274011593783747,-1.0720402,1.0728828,0.11671841500024098,
Activated T cells,T cells (naive/memory),CD40LG,CD9,-0.055254444,1.0,-0.03188728,-0.05524606468510784,-0.537033759609019,0.74168277,,1.0,
Activated T cells,T cells (naive/memory),COL1A1,CD36,-0.0011246502,0.53,-0.03922894,-0.0011297066561439945,-0.7930866358279884,-0.29950875,,1.0,
Activated T cells,T cells (naive/memory),CP,SLC40A1,-0.06437148,1.0,0.0010595834,-0.04476428198667417,-0.4556853526588005,-0.040092953,,1.0,
Activated T cells,T cells (naive/memory),CSF1,CELSR3,0.07828502,0.0,-0.004398535,0.08601593180118947,0.6903924459444433,0.81227255,,0.007070387620923245,
Activated T cells,T cells (naive/memory),CSF1,CSF3R,-0.0018588454,0.577,-0.033392437,-0.0019056931251832665,-1.5765682449863263,-1.3692871,,1.0,
Activated T cells,T cells (naive/memory),CSF1_IL34,CSF1R,-0.1429938,1.0,0.0030383,-0.1347044112633685,-0.9156535829662014,-0.057472453,,1.0,
Activated T cells,T cells (naive/memory),CSF2,CSF1R,-0.13669647,1.0,-0.00042442943,-0.10912106034120032,-0.3625918169691946,0.004057411,,1.0,
Activated T cells,T cells (naive/memory),CSF2,CSF3R,-0.09153027,1.0,-0.0002849801,-0.06406752171414773,-1.6644982978948963,0.0037560882,,1.0,
Activated T cells,T cells (naive/memory),CXCL1,ACKR1,-0.059509143,1.0,0.0025443027,-0.05729245806527782,-1.8353732588271898,-0.31165224,,1.0,
Activated T cells,T cells (naive/memory),CXCL1,CXCR1,-0.045760203,1.0,0.0017761968,-0.042292933367166025,-1.8650783839684453,2.933478,,0.8262184607431373,
Activated T cells,T cells (naive/memory),CXCL1,CXCR2,-0.067699745,1.0,0.0030018834,-0.06584926237082317,-2.7548656086731107,-0.30475715,,1.0,
Activated T cells,T cells (naive/memory),CXCL10,ACKR1,-0.06715261,1.0,0.003936713,-0.06410695745426546,-1.6875172395747016,5.582635,,0.4954131953646362,
Activated T cells,T cells (naive/memory),CXCL10,CCR3,-0.029041044,1.0,0.0006423335,-0.013590313706266186,-0.3651910096996229,-0.9227316,,1.0,
Activated T cells,T cells (naive/memory),CXCL10,CXCR3,-0.042507585,1.0,0.001806387,-0.03930549802395212,-0.719998797796092,-4.4186106,,1.0,
Activated T cells,T cells (naive/memory),CXCL11,ACKR1,-0.061573334,1.0,0.0029203368,-0.06092407421262313,-2.257518272042468,-0.4157322,,1.0,
Activated T cells,T cells (naive/memory),CXCL11,CCR3,-0.02346177,0.967,0.00047649656,-0.01040743046462385,-0.9351920421673892,0.06871472,,0.6633315024443592,
Activated T cells,T cells (naive/memory),CXCL11,CCR5,-0.0895817,1.0,0.004716326,-0.08877829132810774,-1.7213340067048533,-1.1179155,,1.0,
Activated T cells,T cells (naive/memory),CXCL11,CXCR3,-0.03692831,1.0,0.0013400159,-0.036122614782309784,-1.2899998302638582,0.3290487,,1.0,
Activated T cells,T cells (naive/memory),CXCL13,ACKR1,-0.026330844,0.969,-0.0034997887,0.0008108225869637442,-0.15510515047117623,0.32815826,,0.6742847081111187,
Activated T cells,T cells (naive/memory),CXCL13,CXCR3,-0.0016858187,0.15,-0.0016059012,0.02561228201727709,0.8124132913074333,-0.2597346,,1.0,
Activated T cells,T cells (naive/memory),CXCL13,CXCR5,0.12503897,0.0,0.008132473,0.15557347014867923,1.8316626802020055,-0.8319666,1.1246477,0.11671841500024098,
Activated T cells,T cells (naive/memory),CXCL2,ACKR1,-0.060677975,1.0,0.0027572294,-0.060051858037042646,-1.0096667423961279,0.09042224,,1.0,
Activated T cells,T cells (naive/memory),CXCL2,CXCR1,-0.04692904,1.0,0.0019248425,-0.04505233333893085,-1.0393718675373833,-0.8511142,,1.0,
Activated T cells,T cells (naive/memory),CXCL2,CXCR2,-0.06886858,1.0,0.003253104,-0.068608662342588,-1.9291590922420485,0.08842171,,1.0,
Activated T cells,T cells (naive/memory),CXCL8,ACKR1,-0.07131186,1.0,0.0046944036,-0.07073501202003687,-1.4364246876221127,0.15259586,,1.0,
Activated T cells,T cells (naive/memory),CXCL8,CD79A,0.29825726,0.0,-0.033399824,0.29900982061459225,0.665172265139816,-0.41815156,,0.11671841500024098,
Activated T cells,T cells (naive/memory),CXCL8,CXCR1,-0.057562917,1.0,0.0032771984,-0.05573548732192508,-1.4661298127633682,-1.4363337,,1.0,
Activated T cells,T cells (naive/memory),CXCL8,CXCR2,-0.07950246,1.0,0.0055386694,-0.07929181632558223,-2.3559170374680334,0.14921978,,1.0,
Activated T cells,T cells (naive/memory),CXCL9,ACKR1,-0.060708143,1.0,0.0027627244,-0.05431631265605942,-1.3033724691008493,-0.5099044,,1.0,
Activated T cells,T cells (naive/memory),CXCL9,CCR3,-0.022596577,0.823,0.00045077974,-0.00379966890806014,0.01895376077422939,0.08428007,,0.4772079179918181,
Activated T cells,T cells (naive/memory),CXCL9,CXCR3,-0.036063116,1.0,0.0012676944,-0.029514853225746075,-0.3358540273222397,0.40358523,,1.0,
Activated T cells,T cells (naive/memory),CXCL9,KIR2DL3,-0.05719638,1.0,0.0025496918,-0.05057386049572233,-1.769067720664075,0.7865098,,1.0,
Activated T cells,T cells (naive/memory),FADD,TRAF2,-0.026752189,0.999,0.0007054185,-0.024791140988650498,-0.5248736271953875,-7.578336,,1.0,
Activated T cells,T cells (naive/memory),FASLG,TNFRSF10B,0.0016920604,0.349,-0.00022638605,0.003472703098561126,0.15519705679144113,0.03707837,,0.3029444539840357,
Activated T cells,T cells (naive/memory),FCER2,CR2,0.0101112425,0.006,-0.0084353145,0.03610405339160313,0.16524631228144893,0.776497,,0.1443538152358053,
Activated T cells,T cells (naive/memory),FN1,C5AR1,-0.17513789,1.0,0.025500808,-0.1751331720252203,-2.3670597232479724,0.081871256,,1.0,
Activated T cells,T cells (naive/memory),FN1,CD79A,0.27241763,0.0,-0.06689075,0.27243961868064753,0.17314571080803454,-0.60273635,,0.2755402360818083,
Activated T cells,T cells (naive/memory),FN1,ITGA2,-0.0624168,1.0,0.0022311206,-0.05080351520328575,-0.8035715024386891,-0.03996315,,1.0,
Activated T cells,T cells (naive/memory),GAL,HLA-DPA1,-0.01981544,0.992,0.000257428,-0.02045399623140623,-0.99615274295376,-0.008181903,,0.814572940661747,
Activated T cells,T cells (naive/memory),GZMA,PARD3,-0.023080142,0.993,0.0005321927,-0.019011245276482916,-0.5779331609678758,0.029332189,,0.8266703516697264,
Activated T cells,T cells (naive/memory),HLA-DPA1,LAG3,-0.060550384,1.0,0.003574886,-0.06052123006761962,-0.4835412913027244,-0.1229422,,1.0,
Activated T cells,T cells (naive/memory),HLA-DPB1,LAG3,-0.035637774,1.0,0.0010344596,-0.03561005989532928,-0.4163050846652008,-0.03841177,,1.0,
Activated T cells,T cells (naive/memory),HLA-DQA1,LAG3,-0.058216758,1.0,0.0033369178,-0.05818722699222944,-0.4281576454280577,-0.13819648,,1.0,
Activated T cells,T cells (naive/memory),HLA-DQB1,LAG3,-0.047362108,1.0,0.0022300312,-0.047333537404961476,-0.4220361175995041,-0.081377596,,1.0,
Activated T cells,T cells (naive/memory),HLA-DRA,LAG3,-0.04132345,1.0,0.0016142478,-0.04129585888954042,-0.4575858379720985,-0.04924532,,1.0,
Activated T cells,T cells (naive/memory),HLA-DRB1,LAG3,-0.067466706,1.0,0.004280168,-0.06743516482700834,-0.5043713698196126,-0.14511831,,1.0,
Activated T cells,T cells (naive/memory),HLA-DRB5,LAG3,-0.051225305,1.0,0.0026239748,-0.05119575837902875,-0.5240785722749535,-0.12898636,,1.0,
Activated T cells,T cells (naive/memory),IL10,CD70,-0.030077202,0.992,0.0008874563,-0.01994265466761605,-0.0444392682753354,-0.06510704,,0.814572940661747,
Activated T cells,T cells (naive/memory),IL1B,ADRB2,-0.06398139,1.0,0.0038142495,-0.06356880648014128,-1.2573065143349353,0.33952907,,1.0,
Activated T cells,T cells (naive/memory),IL1B,IL1R2_IL1RAP,-0.07668651,1.0,0.005015317,-0.07738807047776985,-2.5462627418077126,0.08080726,,1.0,
Activated T cells,T cells (naive/memory),IL4,IL21R,-0.010566197,0.679,0.00010961201,0.0017397831630273771,0.3158467700129921,0.20481156,,0.4008196631279669,
Activated T cells,T cells (naive/memory),IL6,FCGR3B,-0.062515296,1.0,0.0021535442,-0.05176166903784231,-2.5349214344115825,-0.13785979,,1.0,
Activated T cells,T cells (naive/memory),L1CAM,CD9,-0.12145149,1.0,0.00017562523,-0.10404909913076836,-0.4964913368750129,-0.0033154376,,1.0,
Activated T cells,T cells (naive/memory),L1CAM,ERBB2,-0.00829042,0.122,1.14983795e-05,0.014285992985901308,0.4105830225049143,0.0014885629,,0.2582835826360969,
Activated T cells,T cells (naive/memory),LGALS3,LAG3,-0.028561516,1.0,0.00031286848,-0.028534573791124063,-0.5414185336259473,-0.019647283,,1.0,
Activated T cells,T cells (naive/memory),LTF,IGDCC4,0.019317541,0.0,-0.000704636,0.03319114194731143,-0.7767882550642096,-0.93739873,,1.0,
Activated T cells,T cells (naive/memory),LTF,IL1RL1,-0.023895208,0.952,-0.0052115056,-0.010724041000212937,-3.0967242981159053,-72.55749,,1.0,
Activated T cells,T cells (naive/memory),NTNG2,LRRC4,-0.012635693,0.071,-0.00035034848,0.0042591578932346524,-0.4409476363899065,-0.050050225,,0.46727277991203187,
Activated T cells,T cells (naive/memory),PNOC,OPRL1,-0.03343938,0.999,0.0009036311,-0.02601292575025386,-0.9246850305170491,-0.5035513,,1.0,
Activated T cells,T cells (naive/memory),PSAP,CD1B,-0.0634491,1.0,0.0037331455,-0.06550321434498468,-3.17488729147013,-0.057000864,,1.0,
Activated T cells,T cells (naive/memory),S100A12,CD36,-0.1346753,1.0,0.01397518,-0.13411338310221355,-2.529047358587281,0.16762885,,1.0,
Activated T cells,T cells (naive/memory),S100A8,CD36,-0.15075901,1.0,0.02038264,-0.15075420035300482,-2.651644024311305,0.09680746,,1.0,
Activated T cells,T cells (naive/memory),S100A8,CD68,-0.2082662,1.0,0.032151744,-0.20826383475665386,-2.1524543714786804,0.09111938,,1.0,
Activated T cells,T cells (naive/memory),S100A9,CD36,-0.16364992,1.0,0.02551814,-0.1636507336503572,-2.4217405900516296,0.09904224,,1.0,
Activated T cells,T cells (naive/memory),S100A9,CD68,-0.2211571,1.0,0.04025252,-0.22116036805400624,-1.9225509372190053,0.09322285,,1.0,
Activated T cells,T cells (naive/memory),SAA1,CD36,-0.09988986,1.0,0.00011730494,-0.07883852205214195,-0.9480482413487248,-0.0026999102,,1.0,
Activated T cells,T cells (naive/memory),SAA1,FPR1,-0.10502284,1.0,0.00012335065,-0.08397043503994508,-1.718254943069586,-0.0023028427,,1.0,
Activated T cells,T cells (naive/memory),SCGB3A1,MARCO,-0.08833986,1.0,0.0018053048,-0.07168336798384578,-2.202805806900816,-0.04968609,,1.0,
Activated T cells,T cells (naive/memory),SCGB3A1,NOTCH3,-0.029911444,0.954,0.0005328435,-0.011197358099480487,-0.4600986084705374,0.10435549,,0.6175828770049672,
Activated T cells,T cells (naive/memory),SORBS1,ITGA1,-0.03225627,1.0,-0.00065916777,0.005927005154955575,1.0414440157586082,-0.17618144,,1.0,
Activated T cells,T cells (naive/memory),THBS1,CD36,-0.11562703,1.0,0.0063867047,-0.114437747244512,-1.9905572873958703,0.05034858,,1.0,
Activated T cells,T cells (naive/memory),TNF,FFAR2,-0.0059992597,0.355,-0.0037249115,-0.00661424906454082,-1.006805202812307,-3.464595,,1.0,
Activated T cells,T cells (naive/memory),TNF,ICOS,0.016949764,0.037,-0.0011855131,0.01745337341483604,0.23031313161539657,1.0296521,,0.1869010804629803,
Activated T cells,T cells (naive/memory),TNF,NOTCH1,0.009527354,0.142,-0.0020068316,0.010022163126412357,0.17588299657234452,-1.2361088,,1.0,
Activated T cells,T cells (naive/memory),TNF,TRAF2,0.012685732,0.06,-0.0016573448,0.013961016356234765,0.07066892459418517,5.3492355,,0.20219489645411884,
Activated T cells,T cells (naive/memory),TNFSF4,TNFRSF4,-0.03514528,0.999,0.00032451414,-0.021080490585224102,-0.4507575869541922,0.052398887,,1.0,
Activated T cells,T cells (naive/memory),TNFSF4,TRAF2,-0.017461669,0.769,0.00014881465,-0.0028557729173409683,-0.026324962872474877,0.10424948,,0.44834775302257734,
Activated T cells,T cells (naive/memory),TNFSF9,ADGRG5,0.036714632,0.0,-0.0031269935,0.038954093158829826,0.37203297467135954,8.377514,,0.023888898000734578,
Activated T cells,T cells (naive/memory),TNFSF9,HLA-DPA1,0.03608287,0.0,-0.003257906,0.037172877188611675,0.40627004440744857,-0.15010065,,0.2825648040905753,
Activated T cells,T cells (naive/memory),TNFSF9,TNFRSF9,0.02443768,0.0,-0.0056710173,0.02726184781144677,0.14957844385309294,2.2771058,,0.03516329244747385,
Activated T cells,T cells (naive/memory),TNFSF9,TRAF2,0.03682714,0.0,-0.0031036795,0.038697135763328984,0.30925552207391194,10.391134,,0.024037275803365506,
Activated T cells,T cells (resting),ADCYAP1,ADRB2,0.015128251,0.0,-0.008203463,0.06657118474454748,1.5183780492645864,2.0751765,,0.00898453840458261,
Activated T cells,T cells (resting),ADCYAP1,VIPR2,0.04164579,0.0,-0.0025310451,0.09990573822818272,1.4963709554450957,-0.19088176,,0.11671841500024098,
Activated T cells,T cells (resting),ADM,ADRB2,-0.06512416,1.0,0.0041071693,-0.06420195745791421,-0.7523010163678583,0.42746034,,1.0,
Activated T cells,T cells (resting),ADM,RAMP1,-0.05813501,1.0,0.0033586465,-0.05722687885194891,-1.8304494776571198,-0.13604516,,1.0,
Activated T cells,T cells (resting),APOE,LRP8,-0.08149906,1.0,0.005466179,-0.07795359369793457,-1.3092818879888215,-0.11377228,,1.0,
Activated T cells,T cells (resting),BTLA,CD247,0.005380135,0.183,-0.0020040786,0.006287883448706406,0.10544156587394105,-2.6233714,,1.0,
Activated T cells,T cells (resting),BTLA,CD79A,-0.016460774,0.993,-0.0042086653,-0.015553219756838491,-0.07687676983572778,4.4026775,,0.6215945445792377,
Activated T cells,T cells (resting),C3,C5AR2,-0.05832053,1.0,0.0021935792,-0.05918286051830464,-1.8297450868917937,0.02148115,,1.0,
Activated T cells,T cells (resting),C3,CR2,-0.02514438,0.998,0.0006297564,-0.01849314607524375,-0.743722435289476,-0.020372806,,0.9619890792881178,
Activated T cells,T cells (resting),CCL13,ACKR1,-0.05679077,1.0,0.0021269643,-0.056928280738824305,-1.8677656669102096,-0.27169138,,1.0,
Activated T cells,T cells (resting),CCL13,CCR2,-0.03184122,1.0,0.0009467877,-0.03182842610377012,-1.1684751279293977,-0.17524377,,1.0,
Activated T cells,T cells (resting),CCL13,CCR3,-0.023448657,1.0,0.0005497985,-0.02314876469121608,-2.543728515341377,0.071142405,,1.0,
Activated T cells,T cells (resting),CCL13,CCR5,-0.037481558,1.0,0.00121359,-0.037484707139184656,-1.1226601910980698,-0.25811434,,1.0,
Activated T cells,T cells (resting),CCL13,CXCR3,-0.0074684513,0.385,-0.0002061055,-0.007471685704933523,-0.7807072657817484,-0.045412436,,0.46042640796870665,
Activated T cells,T cells (resting),CCL17,ACKR1,-0.055268243,1.0,0.0018531217,-0.04592263904785761,-0.7799790636621546,-0.18842489,,1.0,
Activated T cells,T cells (resting),CCL18,ACKR1,-0.09449084,1.0,0.0089077195,-0.09574234668597456,-2.571007271559391,0.33577996,,1.0,
Activated T cells,T cells (resting),CCL18,CCR3,-0.061148725,1.0,0.0023025542,-0.06196283063836633,-3.246970119990558,-0.087924,,1.0,
Activated T cells,T cells (resting),CCL19,CCR7,0.05538769,0.0,-0.0013075079,0.0745951332251362,0.8147549482776458,-0.095386826,,0.11698751127601152,
Activated T cells,T cells (resting),CCL19,CXCR3,-0.0010220171,0.018,-9.375245e-05,0.018186121960317565,0.9170493484306343,-0.015330121,,0.32583535363877686,
Activated T cells,T cells (resting),CCL2,ACKR1,-0.06943931,1.0,0.0044019367,-0.06769429582891714,-1.4977262520995471,0.29724297,,1.0,
Activated T cells,T cells (resting),CCL2,CCR2,-0.04448975,1.0,0.001959459,-0.042594441193862964,-0.7984357131187352,0.19172479,,1.0,
Activated T cells,T cells (resting),CCL2,CCR3,-0.03609719,1.0,0.0011378555,-0.033914779781308926,-2.1736891005307144,-0.077833086,,1.0,
Activated T cells,T cells (resting),CCL2,CCR5,-0.05013009,1.0,0.0025116296,-0.048250722229277496,-0.7526207762874073,0.28238901,,1.0,
Activated T cells,T cells (resting),CCL20,CCR6,0.0049075224,0.011,-0.00020355445,0.020262351233405744,0.5184700285844339,0.20596929,,0.1554295692173918,
Activated T cells,T cells (resting),CCL20,CXCR3,0.014354782,0.0,0.00017424536,0.02971017196273425,0.8816693337916377,0.049737733,4.1182585,0.13981249340462928,
Activated T cells,T cells (resting),CCL21,CCR7,0.12206836,0.0,0.014900399,0.12714057160413106,0.926344148021521,-0.92231613,1.0891827,0.11671841500024098,
Activated T cells,T cells (resting),CCL21,CXCR3,0.06565866,0.0,0.0010684058,0.07073156033931242,1.0286385481745095,-0.14823031,1.4404683,0.12511213564786272,
Activated T cells,T cells (resting),CCL3,CCR3,-0.026901733,1.0,0.0007103393,-0.026596207844990484,-1.3565070592213067,-0.024203423,,1.0,
Activated T cells,T cells (resting),CCL3,CCR5,-0.040934633,1.0,0.0015679576,-0.04093215029295906,0.06456126502200044,0.08781331,,1.0,
Activated T cells,T cells (resting),CCL4,CCR3,0.02771698,0.0,-0.0018290001,0.028020678621234342,-1.3113450026639344,-3.2071092,,1.0,
Activated T cells,T cells (resting),CCL4,CCR5,0.013684079,0.015,-0.0040372177,0.01368473617326577,0.1097233215793727,11.635828,,0.16309276447687512,
Activated T cells,T cells (resting),CCL4,CNR2,0.0185989,0.0,-0.0032638216,0.02181368553624546,-0.34067721580088883,27.12984,,0.13268377481957616,
Activated T cells,T cells (resting),CCL5,ACKR1,-0.028789079,1.0,-0.0029094357,-0.02892263091819897,-0.725994751970295,0.13393204,,1.0,
Activated T cells,T cells (resting),CCL5,CCR3,0.004553034,0.002,-0.0007520593,0.004856885129409258,-1.4019576004014622,-0.035070114,,1.0,
Activated T cells,T cells (resting),CCL5,CCR5,-0.009479867,0.924,-0.0016600476,-0.009479057318559317,0.019110723841844923,0.12723914,,0.5609893178960446,
Activated T cells,T cells (resting),CCL5,CXCR3,0.02053324,0.0,0.00028192793,0.020533964115691816,0.3610636491581663,0.022386355,2.47075,0.1992680358306192,
Activated T cells,T cells (resting),CCL7,ACKR1,-0.061531924,1.0,0.0029797107,-0.06042513513574133,-1.7554598587288337,-0.33411008,,1.0,
Activated T cells,T cells (resting),CCL7,CCR2,-0.03658237,1.0,0.0013263755,-0.03532528050068714,-1.0561693197480218,-0.21550447,,1.0,
Activated T cells,T cells (resting),CCL7,CCR3,-0.028189808,1.0,0.0007702246,-0.026645619088133104,-2.431422707160001,0.087486744,,1.0,
Activated T cells,T cells (resting),CCL7,CCR5,-0.04222271,1.0,0.0017001446,-0.04098156153610168,-1.0103543829166939,-0.3174138,,1.0,
Activated T cells,T cells (resting),CCL7,CXCR3,-0.012209604,0.659,-0.00028873768,-0.010968540101850548,-0.6684014576003725,-0.05584554,,0.4896951297146918,
Activated T cells,T cells (resting),CCL8,ACKR1,-0.06246808,1.0,0.003148089,-0.05771703682427143,-1.1663261790999928,-1.382396,,1.0,
Activated T cells,T cells (resting),CCL8,CCR2,-0.03751853,1.0,0.0014013266,-0.03261718218921724,-0.46703564011918086,-0.8916597,,1.0,
Activated T cells,T cells (resting),CCL8,CCR3,-0.02912597,1.0,0.0008137487,-0.023937520776663203,-1.84228902753116,0.36198047,,1.0,
Activated T cells,T cells (resting),CCL8,CCR5,-0.04315887,1.0,0.0017962168,-0.03827346322463178,-0.421220703287853,-1.3133143,,1.0,
Activated T cells,T cells (resting),CD14,RIPK1,-0.0987201,1.0,0.004694203,-0.09868190477675033,-0.5320650036444263,0.18344581,,1.0,
Activated T cells,T cells (resting),CD24,SIGLEC10,-0.04539878,1.0,-0.006983949,-0.04513845623948151,-1.78648633915458,-0.12252927,,1.0,
Activated T cells,T cells (resting),CD40LG,CD40,0.0221311,0.0,-0.011508743,0.02215979602612214,0.06837015778361466,0.5699358,,0.044473008878835235,
Activated T cells,T cells (resting),CD40LG,CD9,-0.052824467,1.0,-0.031247377,-0.052838307702482795,-0.5876173995612617,0.72679883,,1.0,
Activated T cells,T cells (resting),COL1A1,CD36,0.0007271394,0.451,-0.03849955,0.0007326633485534029,-0.7596395938452818,-0.29393995,,1.0,
Activated T cells,T cells (resting),CP,SLC40A1,-0.046071574,1.0,0.0007361592,-0.026460833151421864,-0.26004695815474377,-0.027855093,,1.0,
Activated T cells,T cells (resting),CSF1,CELSR3,0.077508226,0.0,-0.004679558,0.08380633824978241,0.49799913532585327,0.86416876,,0.007070387620923245,
Activated T cells,T cells (resting),CSF1,CSF3R,-0.0017835796,0.582,-0.033365205,-0.0018272936231996384,-1.5567657160349038,-1.3681705,,1.0,
Activated T cells,T cells (resting),CSF1_IL34,CSF1R,-0.13715294,1.0,0.0029092063,-0.12886145108147584,-0.8419718985741078,-0.05503052,,1.0,
Activated T cells,T cells (resting),CSF2,CSF1R,-0.13085562,1.0,-0.00040639596,-0.10327810015930768,-0.2889101325771011,0.003885017,,1.0,
Activated T cells,T cells (resting),CSF2,CSF3R,-0.091455005,1.0,-0.00028474772,-0.0639891222121641,-1.6446957689434738,0.0037530256,,1.0,
Activated T cells,T cells (resting),CXCL1,ACKR1,-0.05893178,1.0,0.0025120473,-0.0566930535169078,-1.4985500060180958,-0.30770126,,1.0,
Activated T cells,T cells (resting),CXCL1,CXCR1,-0.047615338,1.0,0.0018798368,-0.044646051991134465,-1.9994923016819623,3.1046448,,0.7942374037182836,
Activated T cells,T cells (resting),CXCL1,CXCR2,-0.0650336,1.0,0.002852935,-0.06304639317813591,-2.938123029626537,-0.28963563,,1.0,
Activated T cells,T cells (resting),CXCL10,ACKR1,-0.066575244,1.0,0.0038868056,-0.06350755290589544,-1.3506939867656076,5.511861,,0.5047639498358983,
Activated T cells,T cells (resting),CXCL10,CCR3,-0.033233132,1.0,0.0010046994,-0.02972803685828722,-2.026656835196775,-1.4432812,,1.0,
Activated T cells,T cells (resting),CXCL10,CXCR3,-0.017252928,0.945,-0.00037663634,-0.014050957872004659,-0.2636355856371464,0.9212917,,0.5935058805564343,
Activated T cells,T cells (resting),CXCL11,ACKR1,-0.060995974,1.0,0.0028833144,-0.06032466966425311,-1.9206950192333738,-0.41046175,,1.0,
Activated T cells,T cells (resting),CXCL11,CCR3,-0.027653858,1.0,0.0007453072,-0.026545153616644883,-2.596657867664541,0.10747943,,1.0,
Activated T cells,T cells (resting),CXCL11,CCR5,-0.04168676,1.0,0.0016451435,-0.04088109606461346,-1.175589543421234,-0.38994998,,1.0,
Activated T cells,T cells (resting),CXCL11,CXCR3,-0.0116736535,0.608,-0.00027939674,-0.010868074630362323,-0.8336366181049126,-0.0686075,,0.5469528839205108,
Activated T cells,T cells (resting),CXCL13,ACKR1,-0.02575348,0.998,-0.0034554203,0.001410227135333765,0.18171810233791774,0.323998,,0.8295683891440228,
Activated T cells,T cells (resting),CXCL13,CXCR3,0.023568839,0.0,0.00033483453,0.05086682216922455,1.268776503466379,0.05415534,2.2036889,0.13486630301800637,
Activated T cells,T cells (resting),CXCL13,CXCR5,-0.0109510105,0.486,-0.0023179,0.01667938120285305,0.2575557506314947,0.23712532,,0.33985152702247257,
Activated T cells,T cells (resting),CXCL2,ACKR1,-0.060100615,1.0,0.0027222745,-0.05945245348867262,-0.6728434895870339,0.08927591,,1.0,
Activated T cells,T cells (resting),CXCL2,CXCR1,-0.048784174,1.0,0.002037156,-0.04740545196289929,-1.1737857852509004,-0.9007762,,1.0,
Activated T cells,T cells (resting),CXCL2,CXCR2,-0.06620244,1.0,0.0030916906,-0.06580579314990075,-2.1124165131954746,0.08403438,,1.0,
Activated T cells,T cells (resting),CXCL8,ACKR1,-0.07073449,1.0,0.0046348902,-0.07013560747166685,-1.0996014348130188,0.15066132,,1.0,
Activated T cells,T cells (resting),CXCL8,CD79A,-0.06746473,1.0,0.0042978516,-0.06673377081986846,-0.6206087512942828,0.05380727,,1.0,
Activated T cells,T cells (resting),CXCL8,CXCR1,-0.059418052,1.0,0.0034684208,-0.05808860594589352,-1.6005437304768853,-1.5201428,,1.0,
Activated T cells,T cells (resting),CXCL8,CXCR2,-0.07683632,1.0,0.0052638506,-0.07648894713289497,-2.5391744584214595,0.14181577,,1.0,
Activated T cells,T cells (resting),CXCL9,ACKR1,-0.06013078,1.0,0.0027277,-0.0537169081076894,-0.9665492162917553,-0.5034401,,1.0,
Activated T cells,T cells (resting),CXCL9,CCR3,-0.026788665,0.998,0.0007050825,-0.01993739206008117,-1.6425120647229225,0.13182582,,1.0,
Activated T cells,T cells (resting),CXCL9,CXCR3,-0.010808459,0.49,-0.00026431752,-0.004260313073798614,0.12050918483670592,-0.08414856,,0.6099311016097121,
Activated T cells,T cells (resting),CXCL9,KIR2DL3,-0.05712835,1.0,0.0025455651,-0.050504347600362556,-1.3730785901958171,0.7852369,,1.0,
Activated T cells,T cells (resting),FADD,TRAF2,-0.017725136,0.993,0.00028026418,-0.01552339566072099,-0.18907896282287195,-3.0108879,,1.0,
Activated T cells,T cells (resting),FASLG,TNFRSF10B,-0.0038196044,0.639,-0.00041194214,-0.0020826775152074737,0.35351696886649275,0.067469455,,0.3872518617327465,
Activated T cells,T cells (resting),FCER2,CR2,-0.054503955,1.0,0.0021987485,-0.04775998419719259,-0.9435144885121489,-0.20240165,,1.0,
Activated T cells,T cells (resting),FN1,C5AR1,-0.1700684,1.0,0.02445428,-0.17006929950642252,-2.3439667180699066,0.07851135,,1.0,
Activated T cells,T cells (resting),FN1,CD79A,-0.093304366,1.0,0.008607426,-0.09330397275381316,-1.1126353056260643,0.07755944,,1.0,
Activated T cells,T cells (resting),FN1,ITGA2,-0.064824596,1.0,0.002728177,-0.056513836847297036,-1.0716970689103915,-0.04886627,,1.0,
Activated T cells,T cells (resting),GAL,HLA-DPA1,-0.16488084,1.0,0.0026326908,-0.16552611177877963,-1.4516463202087135,-0.08367551,,1.0,
Activated T cells,T cells (resting),GZMA,PARD3,-0.024964988,0.997,0.0006165315,-0.025136510091554622,-1.7178587567053811,0.033980582,,1.0,
Activated T cells,T cells (resting),HLA-DPA1,LAG3,-0.043278046,1.0,0.0011528207,-0.043226211003760645,-0.15369489368524203,-0.039646108,,1.0,
Activated T cells,T cells (resting),HLA-DPB1,LAG3,-0.018365437,0.998,0.00033359003,-0.0183150408314703,-0.08645868704771842,-0.012386935,,0.9619890792881178,
Activated T cells,T cells (resting),HLA-DQA1,LAG3,-0.04094442,1.0,0.0010760812,-0.040892207928370464,-0.09831124781057532,-0.044565268,,1.0,
Activated T cells,T cells (resting),HLA-DQB1,LAG3,-0.03008977,1.0,0.00071913505,-0.0300385183411025,-0.09218971998202175,-0.02624245,,1.0,
Activated T cells,T cells (resting),HLA-DRA,LAG3,-0.024051111,1.0,0.00052055874,-0.024000839825681436,-0.12773944035461615,-0.015880512,,1.0,
Activated T cells,T cells (resting),HLA-DRB1,LAG3,-0.05019437,1.0,0.0013802582,-0.050140145763149374,-0.1745249722021302,-0.046797402,,1.0,
Activated T cells,T cells (resting),HLA-DRB5,LAG3,-0.033952966,1.0,0.00084617303,-0.033900739315169764,-0.1942321746574711,-0.041595213,,1.0,
Activated T cells,T cells (resting),IL10,CD70,-0.043547828,1.0,0.0018094478,-0.0377003724268937,-0.7879723540117403,-0.13274771,,1.0,
Activated T cells,T cells (resting),IL1B,ADRB2,-0.061983258,1.0,0.0036253575,-0.06156258651471924,-0.9051750886226255,0.3227147,,1.0,
Activated T cells,T cells (resting),IL1B,IL1R2_IL1RAP,-0.07772524,1.0,0.0051135123,-0.07853002424160374,-2.830572119214993,0.0823894,,1.0,
Activated T cells,T cells (resting),IL4,IL21R,-0.02119195,1.0,0.00036445705,-0.00893437708160509,0.33412652359968265,0.68099296,,0.9718860733129173,
Activated T cells,T cells (resting),IL6,FCGR3B,-0.061075643,1.0,0.0020941524,-0.05018536759763684,-2.6624509492160815,-0.1340578,,1.0,
Activated T cells,T cells (resting),L1CAM,CD9,-0.11902151,1.0,0.00017210083,-0.10164134214814331,-0.5470749768272556,-0.0032489044,,1.0,
Activated T cells,T cells (resting),L1CAM,ERBB2,-0.02662208,0.991,3.80863e-05,-0.007104046857818198,-0.1447690541962796,0.004930595,,0.8032699877128014,
Activated T cells,T cells (resting),LGALS3,LAG3,-0.011289178,0.946,0.00010089308,-0.011239554727265087,-0.21157213600846492,-0.006335809,,0.5982639486658698,
Activated T cells,T cells (resting),LTF,IGDCC4,0.019742936,0.0,-0.0006602693,0.03619314168362897,-0.059395113856854254,-0.87837636,,0.4844558877967471,
Activated T cells,T cells (resting),LTF,IL1RL1,-0.020257924,0.947,-0.0048321555,-0.00668503102782908,-1.2242530272178143,-67.27596,,1.0,
Activated T cells,T cells (resting),NTNG2,LRRC4,-0.013109522,0.048,-0.00035977547,0.0031934458517205513,-0.6479575989173416,-0.051396955,,0.47141708076336364,
Activated T cells,T cells (resting),PNOC,OPRL1,-0.032372747,1.0,0.0008635439,-0.02427691739821351,-0.8925577508546017,-0.4812126,,1.0,
Activated T cells,T cells (resting),PSAP,CD1B,-0.061733723,1.0,0.0034567781,-0.06205125632587569,-1.716396109682809,-0.05278105,,1.0,
Activated T cells,T cells (resting),S100A12,CD36,-0.1328235,1.0,0.013715338,-0.13225101309751613,-2.4956003166045746,0.16451211,,1.0,
Activated T cells,T cells (resting),S100A8,CD36,-0.14890721,1.0,0.020003663,-0.14889183034830744,-2.618196982328598,0.09500751,,1.0,
Activated T cells,T cells (resting),S100A8,CD68,-0.21162248,1.0,0.032838617,-0.2116194139037702,-2.256505101195788,0.09306601,,1.0,
Activated T cells,T cells (resting),S100A9,CD36,-0.16179812,1.0,0.025043678,-0.1617883636456598,-2.388293548068923,0.09720074,,1.0,
Activated T cells,T cells (resting),S100A9,CD68,-0.22451338,1.0,0.041112456,-0.22451594720112256,-2.026601666936113,0.09521441,,1.0,
Activated T cells,T cells (resting),SAA1,CD36,-0.09803807,1.0,0.000115123876,-0.07697615204744454,-0.9146011993660181,-0.0026497103,,1.0,
Activated T cells,T cells (resting),SAA1,FPR1,-0.10007202,1.0,0.00011751949,-0.07903224842649711,-1.405594256196682,-0.0021939804,,1.0,
Activated T cells,T cells (resting),SCGB3A1,MARCO,-0.08319509,1.0,0.0016932613,-0.06653881411304656,-1.6234794935308203,-0.046602402,,1.0,
Activated T cells,T cells (resting),SCGB3A1,NOTCH3,-0.033912282,0.999,0.0006199743,-0.0174407560073664,-1.2470910986976969,0.121419735,,1.0,
Activated T cells,T cells (resting),SORBS1,ITGA1,-0.0039349776,0.08,-0.00015106358,0.03425329663967284,1.4448177234569641,-0.040376063,,0.4279602473377524,
Activated T cells,T cells (resting),THBS1,CD36,-0.11377524,1.0,0.006267956,-0.1125753772398146,-1.9571102454131637,0.049412444,,1.0,
Activated T cells,T cells (resting),TNF,FFAR2,-0.006948512,0.357,-0.00382995,-0.007950839605340584,-1.4359507502531388,-3.562293,,1.0,
Activated T cells,T cells (resting),TNF,ICOS,0.025755534,0.0,-0.00021112048,0.026262080468350907,0.4496324230242479,0.1833642,,0.036568648218675025,
Activated T cells,T cells (resting),TNF,NOTCH1,-0.014820963,0.981,-0.004701067,-0.014327664402466217,0.09128481289387236,-2.8956244,,1.0,
Activated T cells,T cells (resting),TNF,TRAF2,0.021712784,0.0,-0.0006584663,0.02322876168416427,0.40646358896670076,2.125262,,0.04182124540884363,
Activated T cells,T cells (resting),TNFSF4,TNFRSF4,-0.015962625,0.814,0.00013392058,-0.0015125460232708905,0.0012309823917187046,0.02162399,,0.4740827216906266,
Activated T cells,T cells (resting),TNFSF4,TRAF2,-0.008434616,0.3,5.912436e-05,0.006411972410588538,0.3094697015000407,0.041418523,,0.2873401269189058,
Activated T cells,T cells (resting),TNFSF9,ADGRG5,0.021681536,0.0,-0.0062421444,0.023324437279809745,0.11345916003900536,16.723299,,0.041708709326182265,
Activated T cells,T cells (resting),TNFSF9,HLA-DPA1,-0.108982526,1.0,-0.03331829,-0.10789923835876171,-0.049223532847505025,-1.5350646,,1.0,
Activated T cells,T cells (resting),TNFSF9,TNFRSF9,0.046571866,0.0,-0.001084382,0.05251108950700724,0.7490106972161117,0.43541613,,0.013677608611117527,
Activated T cells,T cells (resting),TNFSF9,TRAF2,0.045854192,0.0,-0.001233098,0.047964881091258495,0.6450501864464275,4.1284184,,0.01650429578903939,
Macrophages,Activated T cells,ADCYAP1,ADRB2,0.020714758,0.0,-0.0031817346,0.025408501000214113,-0.5380859869708359,0.8048627,,0.24871051203591468,
Macrophages,Activated T cells,ADCYAP1,VIPR2,-0.025533138,0.936,0.0004603309,-0.0022402236836497925,-0.0875461179348398,0.034716398,,0.5778503997384674,
Macrophages,Activated T cells,ADM,ADRB2,0.06588252,0.0,0.0041178265,0.07013758707861963,0.5686475315659973,0.42856947,1.1844919,0.00793223276662123,
Macrophages,Activated T cells,ADM,RAMP1,0.009378064,0.0,-0.0016411137,0.02012169819208713,0.2671106598633788,0.066474855,,0.11541410306580027,
Macrophages,Activated T cells,APOE,LRP8,0.13947321,0.0,0.0016153228,0.15309050268157576,0.8878477025841028,-0.033621103,1.3309995,0.11671841500024098,
Macrophages,Activated T cells,BTLA,CD247,0.018626053,0.002,0.000117041905,0.019230947397957308,0.05138550171191769,0.15320973,13.134514,0.1267804370119172,
Macrophages,Activated T cells,BTLA,CD79A,-0.0012940415,0.538,-2.0964388e-05,-0.0006889520713258593,-0.026196670471777983,0.021930808,,0.3543019201491376,
Macrophages,Activated T cells,C3,C5AR2,-0.018196909,0.986,-0.002506551,-0.017768169947357228,-0.687033122451894,-0.024546,,0.7566974598851598,
Macrophages,Activated T cells,C3,CR2,0.017765647,0.0,1.6075272e-05,0.02846427883635627,0.4318257248476085,-0.0005200397,-0.6698499,0.264967306828457,
Macrophages,Activated T cells,CCL13,ACKR1,0.057620533,0.0,-0.001260206,0.07965580223442634,1.3211273057677073,0.16097455,,0.041260834624816674,
Macrophages,Activated T cells,CCL13,CCR2,-0.0077792434,0.422,5.532565e-05,0.009733137906632822,0.68378518253378,-0.010240389,,0.32753191408169774,
Macrophages,Activated T cells,CCL13,CCR3,-0.0135681685,0.039,0.00017177123,0.013010410602980868,0.7381609481050688,0.022226723,,0.1996315806133993,
Macrophages,Activated T cells,CCL13,CCR5,0.030739782,0.0,-0.0007194935,0.048229117046132,0.9054433586109059,0.15302661,,0.045905582106474156,
Macrophages,Activated T cells,CCL13,CXCR3,0.02733959,0.0,-0.00065109786,0.04483070639835202,0.7665081477690137,-0.1434602,,0.23083066263088722,
Macrophages,Activated T cells,CCL17,ACKR1,0.06129015,0.0,-0.0003406097,0.09000844947616259,1.4545912991384702,0.0346331,,0.11671841500024098,
Macrophages,Activated T cells,CCL18,ACKR1,0.079042986,0.0,0.0041082036,0.09003113622973928,0.8386691636539516,0.15486035,1.1847477,0.04482796296007679,
Macrophages,Activated T cells,CCL18,CCR3,0.007854282,0.0,-0.0005599649,0.023385744598293803,0.2557028059913131,0.0213825,,0.20255787659175803,
Macrophages,Activated T cells,CCL19,CCR7,0.002509296,0.013,-0.00026674385,0.018111274224342562,0.4017430926836002,-0.019459806,,0.3402524614830748,
Macrophages,Activated T cells,CCL19,CXCR3,0.02536108,0.0,-0.00090726285,0.040962764656736136,0.46713685645006575,-0.1483529,,0.2584333047795041,
Macrophages,Activated T cells,CCL2,ACKR1,0.08325512,0.0,0.005163754,0.09657852863442667,1.1716147149782086,0.3486851,1.1615618,0.01144216674845369,
Macrophages,Activated T cells,CCL2,CCR2,0.017855344,0.0,-0.00022669949,0.02665586430663315,0.5342725917442812,-0.022181587,,0.3495720302827379,
Macrophages,Activated T cells,CCL2,CCR3,0.012066419,0.0,-0.00070384075,0.0299331370029812,0.5886483573155701,0.048145045,,0.14432221304091972,
Macrophages,Activated T cells,CCL2,CCR5,0.05637437,0.0,0.002948159,0.06515184344613234,0.7559307678214071,0.33146915,1.2256085,0.0124542522394137,
Macrophages,Activated T cells,CCL20,CCR6,0.021223098,0.0,-0.0017232397,0.028518282075510125,-0.10352293076008001,1.743683,,0.06656950571246575,
Macrophages,Activated T cells,CCL20,CXCR3,0.019668687,0.0,-0.0016442774,0.02696352054482322,-0.09511757138154997,-0.46935326,,0.5348433090397552,
Macrophages,Activated T cells,CCL21,CCR7,-0.0044449884,0.645,-0.00053146883,-0.003092512673054111,-0.14061682495760575,0.03289726,,0.3895529310866634,
Macrophages,Activated T cells,CCL21,CXCR3,0.018406795,0.002,-0.001807659,0.01975897775933946,-0.0752230611911402,0.25079405,,0.1267804370119172,
Macrophages,Activated T cells,CCL3,CCR3,0.023191992,0.0,-0.0010838619,0.03228123727481628,-0.007490522443355241,0.03693048,,0.16884941011768778,
Macrophages,Activated T cells,CCL3,CCR5,0.06749994,0.0,0.004539943,0.06749994371796741,0.1597918880624818,0.25425908,1.1741755,0.026188005141787915,
Macrophages,Activated T cells,CCL4,CCR3,-0.019500736,0.989,0.0003744126,-0.010412466313341705,-0.056137693081338536,0.6565238,,0.7797229606617206,
Macrophages,Activated T cells,CCL4,CCR5,0.024807215,0.0,-0.0015682919,0.024806240129809427,0.1111447174244985,4.5200377,,0.03961335681253027,
Macrophages,Activated T cells,CCL4,CNR2,-0.005818635,0.474,-0.00022548607,0.0019689762170016344,0.09571573105435605,1.8743062,,0.3377745184217881,
Macrophages,Activated T cells,CCL5,ACKR1,0.017239474,0.004,-0.011379592,0.021785741940988194,0.5092197504869884,0.5238446,,0.1375408125584335,
Macrophages,Activated T cells,CCL5,CCR3,-0.053949226,1.0,0.0015510849,-0.04485964969045728,-0.07374660717565001,0.07233037,,1.0,
Macrophages,Activated T cells,CCL5,CCR5,-0.009641275,0.921,-0.006496988,-0.009640943247306147,0.09353580333018702,0.4979804,,0.5554518324983789,
Macrophages,Activated T cells,CCL5,CXCR3,-0.0130414665,0.964,-0.0058793784,-0.013039353895086127,-0.04539940751170518,-0.46684927,,1.0,
Macrophages,Activated T cells,CCL7,ACKR1,0.061577056,0.0,-0.0002687113,0.08982762811481504,1.322837964387252,0.030130161,,0.11671841500024098,
Macrophages,Activated T cells,CCL7,CCR2,-0.0038227187,0.116,1.1796981e-05,0.019904963787021508,0.6854958411533247,-0.0019167289,,0.27086406380775047,
Macrophages,Activated T cells,CCL7,CCR3,-0.009611644,0.0,3.6626447e-05,0.023182236483369558,0.7398716067246136,0.0041602524,,0.2444482197319447,
Macrophages,Activated T cells,CCL7,CCR5,0.034696307,0.0,-0.00015341621,0.05840094292652069,0.9071540172304506,0.028642518,,0.16188376968172172,
Macrophages,Activated T cells,CCL7,CXCR3,0.031296115,0.0,-0.00013883234,0.05500253227874071,0.7682188063885584,-0.02685194,,0.17133673747588576,
Macrophages,Activated T cells,CCL8,ACKR1,0.052901424,0.0,-0.0024428018,0.06808512375101682,0.651698769967334,1.0726887,,0.008565507505409058,
Macrophages,Activated T cells,CCL8,CCR2,-0.012498351,0.609,0.00010724405,-0.0018375405767767066,0.014356646733406642,-0.06823905,,0.5461785745264619,
Macrophages,Activated T cells,CCL8,CCR3,-0.018287275,0.398,0.00033296386,0.0014397321195713402,0.06873241230469551,0.14811258,,0.32050197162133115,
Macrophages,Activated T cells,CCL8,CCR5,0.026020676,0.0,-0.0013946767,0.036658438562722474,0.23601482281053254,1.019726,,0.025637319041181002,
Macrophages,Activated T cells,CD14,RIPK1,0.08077103,0.0,-0.0022926414,0.0808167227183193,0.2705268967045069,-0.089594655,,0.21746880767449794,
Macrophages,Activated T cells,CD24,SIGLEC10,0.021502834,0.003,6.045804e-06,0.022045694615368684,0.38610505280897467,0.00010607008,-0.32627276,0.2631724458378525,
Macrophages,Activated T cells,CD40LG,CD40,-0.035628084,1.0,0.00057285273,-0.0351834542544937,-0.2566600070283701,-0.028368806,,1.0,
Macrophages,Activated T cells,CD40LG,CD9,-0.015820578,0.994,-0.0018840509,-0.015820244932637374,-0.41990020554113017,0.04382211,,0.8464434262495476,
Macrophages,Activated T cells,COL1A1,CD36,-0.05414367,1.0,-0.0025245089,-0.05413546623426675,-0.6322629909027582,-0.019274354,,1.0,
Macrophages,Activated T cells,CP,SLC40A1,-0.027655475,1.0,0.0005992083,-0.014956843497186616,-0.3731448384209848,-0.022673087,,1.0,
Macrophages,Activated T cells,CSF1,CELSR3,0.0147121055,0.0,-0.00024912288,0.038563202220876655,0.869171844967723,0.04600524,,0.15011175861698053,
Macrophages,Activated T cells,CSF1,CSF3R,-0.04834938,1.0,-0.0048260186,-0.048357494709536174,-1.7092321952091967,-0.19789526,,1.0,
Macrophages,Activated T cells,CSF1_IL34,CSF1R,-0.08591255,1.0,0.0016788049,-0.07565752308520846,-0.16782008977637075,-0.03175626,,1.0,
Macrophages,Activated T cells,CSF2,CSF1R,-0.09351427,1.0,0.004133025,-0.08389776805851573,-0.7562944514238353,-0.039510418,,1.0,
Macrophages,Activated T cells,CSF2,CSF3R,-0.07929563,1.0,0.0034049354,-0.06971375672148822,-1.976578949507273,-0.044877652,,1.0,
Macrophages,Activated T cells,CXCL1,ACKR1,0.055893153,0.0,-0.0016930829,0.07634000892008293,0.9182378946299696,0.20738614,,0.026188005141787915,
Macrophages,Activated T cells,CXCL1,CXCR1,-0.033032477,1.0,0.00071011024,-0.01456119126784351,-0.4826341910766909,1.1727828,,1.0,
Macrophages,Activated T cells,CXCL1,CXCR2,-0.038077984,1.0,0.0008464638,-0.02155371114621437,-0.8094930693865612,-0.08593469,,1.0,
Macrophages,Activated T cells,CXCL10,ACKR1,0.06990331,0.0,0.0018178248,0.08889558824581444,1.151682000492955,2.577849,1.3062071,0.007070387620923245,
Macrophages,Activated T cells,CXCL10,CCR3,-0.0012853947,0.0,-0.00024777694,0.022250196614368965,0.5687156428303166,0.3559391,,0.04423754674130848,
Macrophages,Activated T cells,CXCL10,CXCR3,0.039622366,0.0,0.0009391971,0.054070492409740115,0.5970628424942614,-2.2973738,1.4839823,0.1752981996155222,
Macrophages,Activated T cells,CXCL11,ACKR1,0.05156505,0.0,-0.0027776938,0.06503168171833035,0.5287011923002312,0.39542586,,0.009345318675372598,
Macrophages,Activated T cells,CXCL11,CCR3,-0.019623652,0.605,0.00037861103,-0.0016137099131151224,-0.05426516536240733,0.054598827,,0.37031717900066147,
Macrophages,Activated T cells,CXCL11,CCR5,0.0246843,0.0,-0.0015858777,0.03360499653003601,0.1130172451434297,0.37590218,,0.03082938651703575,
Macrophages,Activated T cells,CXCL11,CXCR3,0.021284109,0.0,-0.0014351229,0.030206585882256033,-0.025917965698462497,-0.35240275,,0.4413878854852007,
Macrophages,Activated T cells,CXCL13,ACKR1,0.057375725,0.0,-0.0013215538,0.07487636275084777,0.7148579567196918,0.12391572,,0.06374218169310109,
Macrophages,Activated T cells,CXCL13,CXCR3,0.027094785,0.0,-0.00068279385,0.04005126691477345,0.1602387987209981,-0.110433444,,0.2890955954816358,
Macrophages,Activated T cells,CXCL13,CXCR5,0.023945827,0.0,-0.00061636826,0.03850378286495894,0.40914921897439216,0.06305558,,0.11932196125271703,
Macrophages,Activated T cells,CXCL2,ACKR1,0.0889575,0.0,0.0065927557,0.09542032172472538,1.0424429413284786,0.2162068,1.1403763,0.02517225502473395,
Macrophages,Activated T cells,CXCL2,CXCR1,3.186986e-05,0.086,-0.0027651235,0.0045191215367989465,-0.35842914437818196,1.2226642,,0.21568206266964995,
Macrophages,Activated T cells,CXCL2,CXCR2,-0.0050136372,0.605,-0.0032960754,-0.0024733983415719113,-0.6852880226880522,-0.089589715,,0.6338137090004842,
Macrophages,Activated T cells,CXCL8,ACKR1,0.10689846,0.0,0.011088712,0.11506715461486514,1.380355996467014,0.36044866,1.1048696,0.010453177941748222,
Macrophages,Activated T cells,CXCL8,CD79A,0.04122308,0.0,-0.00053559843,0.044845395537603715,0.6780662151922401,-0.0067054634,,0.23030792173191722,
Macrophages,Activated T cells,CXCL8,CXCR1,0.017972827,0.0,-0.0046508107,0.024165954426938693,-0.02051608923964654,2.0383618,,0.0478691823996825,
Macrophages,Activated T cells,CXCL8,CXCR2,0.01292732,0.005,-0.0055438476,0.017173434548567835,-0.3473749675495168,-0.14935929,,0.9040167084838961,
Macrophages,Activated T cells,CXCL9,ACKR1,0.055815347,0.0,-0.0017125802,0.07460502698265563,0.7907831381862036,0.3160837,,0.013532038905489608,
Macrophages,Activated T cells,CXCL9,CCR3,-0.015373353,0.069,0.00023343168,0.007959635351210153,0.20781678052356511,0.04364358,,0.20789519644730964,
Macrophages,Activated T cells,CXCL9,CXCR3,0.025534408,0.0,-0.00088482146,0.03977993114658131,0.23616398018750995,-0.2816932,,0.2663359093564921,
Macrophages,Activated T cells,CXCL9,KIR2DL3,-0.024347477,0.99,0.00047874806,-0.00951640215580029,-0.17914309789439953,0.1476806,,0.7914307962530985,
Macrophages,Activated T cells,FADD,TRAF2,-0.013311649,0.932,9.526403e-05,-0.01089329172749781,-0.816354521326998,-1.0234247,,1.0,
Macrophages,Activated T cells,FASLG,TNFRSF10B,-0.01669996,0.981,0.00019682982,-0.015476893725508882,-0.2933622980258632,-0.032237537,,0.7237315690197944,
Macrophages,Activated T cells,FCER2,CR2,0.02371012,0.0,2.1524427e-05,0.03606345693501065,0.5215713125682018,-0.0019813906,-0.86629945,0.27269809239447296,
Macrophages,Activated T cells,FN1,C5AR1,0.042365186,0.0,-0.05262659,0.04234978565519612,-0.17077919836046174,-0.16895956,,0.6410238282367748,
Macrophages,Activated T cells,FN1,CD79A,0.13479853,0.0,-0.0016682507,0.13478843545866254,0.689747239234937,-0.015032205,,0.11671841500024098,
Macrophages,Activated T cells,FN1,ITGA2,0.13669321,0.0,-0.000623711,0.16158217046905382,1.4828036252872137,0.01117172,,0.11671841500024098,
Macrophages,Activated T cells,GAL,HLA-DPA1,-0.03857482,1.0,0.00049329654,-0.033708110852427656,0.04967809030163817,-0.015678573,,1.0,
Macrophages,Activated T cells,GZMA,PARD3,-0.009556835,0.517,7.9736434e-05,0.006712320818647902,0.43348113078380524,0.004394732,,0.34896279288680576,
Macrophages,Activated T cells,HLA-DPA1,LAG3,0.16103159,0.0,0.0150788175,0.16113652411504512,0.5270916550152491,-0.51856846,1.0886067,0.11671841500024098,
Macrophages,Activated T cells,HLA-DPB1,LAG3,0.15682518,0.0,0.014600491,0.15692034547578806,0.5196992704264947,-0.54214853,1.0901762,0.11671841500024098,
Macrophages,Activated T cells,HLA-DQA1,LAG3,0.138492,0.0,0.0125157535,0.13859667086637778,0.6420697803899922,-0.51833254,1.0981058,0.11671841500024098,
Macrophages,Activated T cells,HLA-DQB1,LAG3,0.14286976,0.0,0.013013564,0.14295843723024262,0.533295423249736,-0.4748869,1.0960292,0.11671841500024098,
Macrophages,Activated T cells,HLA-DRA,LAG3,0.18501276,0.0,0.01780581,0.1851081495789429,0.5278135037377516,-0.5431959,1.0809675,0.11671841500024098,
Macrophages,Activated T cells,HLA-DRB1,LAG3,0.16429181,0.0,0.01544955,0.16439027362836084,0.5853871929466246,-0.5238142,1.0874436,0.11671841500024098,
Macrophages,Activated T cells,HLA-DRB5,LAG3,0.107644275,0.0,0.009007937,0.10774097869143519,0.8087283049627416,-0.44280192,1.1177046,0.11671841500024098,
Macrophages,Activated T cells,IL10,CD70,0.023984669,0.0,0.0004977385,0.047208282079888926,0.8501303301314631,-0.036515914,1.8115959,0.21746880767449794,
Macrophages,Activated T cells,IL1B,ADRB2,0.073986486,0.0,0.0054275077,0.07568433376783576,0.5589451271303445,0.48313478,1.1569635,0.007070387620923245,
Macrophages,Activated T cells,IL1B,IL1R2_IL1RAP,0.023433637,0.0,-0.001363557,0.027629087272986175,0.14632660078372384,-0.021969762,,0.3490185816988897,
Macrophages,Activated T cells,IL4,IL21R,0.009046251,0.002,-0.00051078934,0.014093476680746553,-0.04957073931645439,-0.95441693,,0.8215471689060946,
Macrophages,Activated T cells,IL6,FCGR3B,-0.04140129,1.0,0.0011559449,-0.02766674932807749,-1.0589689055764029,-0.07399817,,1.0,
Macrophages,Activated T cells,L1CAM,CD9,0.00076047704,0.025,-0.00087664044,0.009541187948207408,-0.5191344299005367,0.01654914,,0.23650105173960909,
Macrophages,Activated T cells,L1CAM,ERBB2,-0.020670889,0.761,0.00036026663,-0.006434737288684321,-0.6200685301821189,0.046639573,,0.4462160665405934,
Macrophages,Activated T cells,LGALS3,LAG3,0.13211301,0.0,0.011790373,0.1322030512439513,0.7516653664077998,-0.7404032,1.1013801,0.11671841500024098,
Macrophages,Activated T cells,LTF,IGDCC4,-0.011038385,0.35,0.0001217375,0.003880570310216859,0.29713368718452515,0.16195111,,0.3039004909659559,
Macrophages,Activated T cells,LTF,IL1RL1,0.17358889,0.0,-0.004075838,0.20498400304316905,2.4199724380767886,-56.746086,,0.11671841500024098,
Macrophages,Activated T cells,NTNG2,LRRC4,-0.022390844,0.714,0.000372899,-0.008358651188484955,-0.5463671236021717,0.05327176,,0.41797315898742315,
Macrophages,Activated T cells,PNOC,OPRL1,-0.03124642,0.996,0.0009743215,-0.020204624914361202,-0.5446432352620518,-0.5429438,,1.0,
Macrophages,Activated T cells,PSAP,CD1B,0.10863433,0.0,-0.0046968483,0.12005663211333559,0.36769360941464996,0.071715504,,0.1081166117940724,
Macrophages,Activated T cells,S100A12,CD36,-0.035677336,0.999,-0.007252213,-0.028513504785695906,-0.14027722543880317,-0.086988516,,1.0,
Macrophages,Activated T cells,S100A8,CD36,-0.004047405,0.717,-0.015350027,-0.004045424782686456,-0.15036433284154094,-0.072905034,,0.564990331122817,
Macrophages,Activated T cells,S100A8,CD68,-0.023125362,1.0,-0.01992545,-0.023132126062629398,-0.09044579863375235,-0.056469563,,1.0,
Macrophages,Activated T cells,S100A9,CD36,0.011468507,0.058,-0.019322371,0.0114816765177735,-0.32328866583330385,-0.074994914,,0.5729702970453834,
Macrophages,Activated T cells,S100A9,CD68,-0.0076094493,0.867,-0.025081843,-0.007605024762169441,-0.26337013162551526,-0.058088306,,0.5033845131515732,
Macrophages,Activated T cells,SAA1,CD36,-0.07277853,1.0,0.0022463396,-0.05935457592281795,-0.476992277329203,-0.051702123,,1.0,
Macrophages,Activated T cells,SAA1,FPR1,-0.074492,1.0,0.0023064767,-0.06107686360250538,-1.1090143597552606,-0.04305979,,1.0,
Macrophages,Activated T cells,SCGB3A1,MARCO,-0.080158085,1.0,0.0034071594,-0.0698434462497015,-1.5763079884078217,-0.09377277,,1.0,
Macrophages,Activated T cells,SCGB3A1,NOTCH3,-0.0052262917,0.0,-0.00037244658,0.025011584168269898,0.5458802021630622,-0.07294233,,0.3813428960129158,
Macrophages,Activated T cells,SORBS1,ITGA1,0.032548036,0.0,-0.0023451382,0.0368987875080396,-0.29179522457851625,-0.6268053,,0.8146715464191817,
Macrophages,Activated T cells,THBS1,CD36,-0.05911336,1.0,-0.001252181,-0.057028277804451834,-0.4619248933245672,-0.009871372,,1.0,
Macrophages,Activated T cells,TNF,FFAR2,-0.030021532,1.0,0.00064264145,-0.02660203103065541,-0.7694689652565225,0.5977303,,1.0,
Macrophages,Activated T cells,TNF,ICOS,0.052915845,0.0,-0.0016694708,0.05320993025626941,0.2792293115821436,1.4499832,,0.01639240266143219,
Macrophages,Activated T cells,TNF,NOTCH1,0.0073087616,0.131,-0.0003980453,0.007570128128641893,-0.18551171738641048,-0.24517614,,1.0,
Macrophages,Activated T cells,TNF,TRAF2,-0.018151201,0.989,0.00031172263,-0.017007051179866638,-0.735370918463742,-1.006114,,1.0,
Macrophages,Activated T cells,TNFSF4,TNFRSF4,0.015265479,0.0,-0.0005587146,0.02851160429956334,0.43529072835870997,-0.090214945,,0.3412166791273956,
Macrophages,Activated T cells,TNFSF4,TRAF2,-0.01761803,0.866,0.00028787553,-0.004823534309200171,-0.387598645219148,0.20166612,,0.4985933797604708,
Macrophages,Activated T cells,TNFSF9,ADGRG5,0.0018685085,0.296,2.08867e-06,0.00415732377879744,-0.37711177879295876,-0.005595746,-0.16903806,0.2944656362638455,
Macrophages,Activated T cells,TNFSF9,HLA-DPA1,-0.033530578,1.0,-0.00021404722,-0.03299871626860425,-0.31246576487112554,-0.00986174,,1.0,
Macrophages,Activated T cells,TNFSF9,TNFRSF9,0.010876093,0.01,5.70862e-05,0.01830495131503711,-0.1752146053385557,-0.022922046,-3.0973284,0.35179240936622,
Macrophages,Activated T cells,TNFSF9,TRAF2,-0.009655326,0.885,-6.8272304e-05,-0.00824349964205366,-0.755895329556111,0.22857602,,0.5121422938932908,
Macrophages,Macrophages,ADCYAP1,ADRB2,-0.02676062,0.999,0.00055699627,-0.02222088259961208,-0.5226487194312845,-0.14089972,,1.0,
Macrophages,Macrophages,ADCYAP1,VIPR2,-0.029017888,0.996,0.0007347583,-0.012734554213625552,-0.48050780481595456,0.055412665,,0.8906193971992561,
Macrophages,Macrophages,ADM,ADRB2,0.018407144,0.002,-0.000720869,0.022508203478793433,0.5840847991055487,-0.07502561,,0.5737729168447456,
Macrophages,Macrophages,ADM,RAMP1,0.022597957,0.0,-0.00029374086,0.0391898811703673,0.6065924994046727,0.01189825,,0.22714188604154179,
Macrophages,Macrophages,APOE,LRP8,0.13138765,0.0,-0.0027998884,0.1419297426405298,0.7374094472348488,0.058276482,,0.11671841500024098,
Macrophages,Macrophages,BTLA,CD247,-0.02614338,1.0,-0.00019312046,-0.025537889563744576,-0.023345792251181385,-0.25279778,,1.0,
Macrophages,Macrophages,BTLA,CD79A,0.046690766,0.0,0.00031147408,0.04730236348082343,0.3054087059171581,-0.32583246,2.305891,0.2164606831459333,
Macrophages,Macrophages,C3,C5AR2,0.029469222,0.0,0.0008370332,0.03561689072053957,0.5245295307259239,0.0081968475,1.5278091,0.2352641781111277,
Macrophages,Macrophages,C3,CR2,-4.1142106e-05,0.087,-0.0012329982,0.00535478059451521,-0.10583152008176899,0.039887853,,0.21667057809572904,
Macrophages,Macrophages,CCL13,ACKR1,-0.008975325,0.389,7.938511e-05,0.010164613494062917,0.727537462019189,-0.010140391,,0.3168651066107448,
Macrophages,Macrophages,CCL13,CCR2,0.0067143445,0.0,-0.00023621623,0.024233813576428485,0.7604430101951798,0.043721963,,0.15486740759659992,
Macrophages,Macrophages,CCL13,CCR3,-0.010733684,0.002,0.0001147549,0.023923515916996735,1.3016337221627758,0.014848967,,0.21612625163157925,
Macrophages,Macrophages,CCL13,CCR5,0.019318255,0.0,-0.0004897468,0.036807377690693845,0.9335994627237942,0.10416258,,0.075969661798291,
Macrophages,Macrophages,CCL13,CXCR3,-0.00480815,0.246,-4.4385793e-06,0.012681197603353195,0.5614612868335287,-0.0009779781,,0.2761870164423139,
Macrophages,Macrophages,CCL17,ACKR1,-0.0053057084,0.092,2.1456284e-05,0.020517260735799164,0.8610014553899519,-0.002181669,,0.2740797139113974,
Macrophages,Macrophages,CCL18,ACKR1,0.012447126,0.0,-0.00025879117,0.02053994748937585,0.2450793199054333,-0.009755235,,0.30783426386817203,
Macrophages,Macrophages,CCL18,CCR3,0.010688767,0.0,-0.00037409476,0.03429884991230967,0.8191755800490201,0.014284967,,0.21884173777788044,
Macrophages,Macrophages,CCL19,CCR7,-0.051422834,1.0,0.0012449349,-0.03582098767896387,0.22762546533010708,0.09082192,,1.0,
Macrophages,Macrophages,CCL19,CXCR3,-0.0067866617,0.296,-6.1848737e-06,0.008813255861737307,0.2620899955145808,-0.001011332,,0.28490053231599494,
Macrophages,Macrophages,CCL2,ACKR1,0.016659264,0.0,-0.00032528426,0.02708733989406325,0.5780248712296903,-0.021964982,,0.3484657905474451,
Macrophages,Macrophages,CCL2,CCR2,0.03234893,0.0,0.00096790725,0.04115653997642882,0.610930419405681,0.094705634,1.4733272,0.0851737187018381,
Macrophages,Macrophages,CCL2,CCR3,0.014900904,0.0,-0.00047021365,0.040846242316997065,1.152121131373277,0.032164175,,0.18171478774592503,
Macrophages,Macrophages,CCL2,CCR5,0.044952843,0.0,0.002006761,0.053730104090694175,0.7840868719342955,0.22562535,1.287194,0.023594204249323115,
Macrophages,Macrophages,CCL20,CCR6,-0.029268011,1.0,0.00084165053,-0.02197529691803943,-0.37517084215696683,-0.85163534,,1.0,
Macrophages,Macrophages,CCL20,CXCR3,-0.012479055,0.725,-1.1209153e-05,-0.005185988250175608,-0.30016443231703493,-0.003199614,,0.422448315372572,
Macrophages,Macrophages,CCL21,CCR7,-0.058377117,1.0,0.0024804473,-0.05702477457636054,-0.31473445231109887,-0.1535366,,1.0,
Macrophages,Macrophages,CCL21,CXCR3,-0.013740947,0.956,-1.23229365e-05,-0.012390531035659368,-0.28026992212662516,0.0017096805,,0.6257689959341919,
Macrophages,Macrophages,CCL3,CCR3,0.026026476,0.0,-0.00072409364,0.043194342588832146,0.5559822516143518,0.024672078,,0.19673710626181518,
Macrophages,Macrophages,CCL3,CCR5,0.056078415,0.0,0.003090261,0.056078204362529256,0.18794799217537017,0.17306978,1.2192098,0.03506448452130393,
Macrophages,Macrophages,CCL4,CCR3,-0.016666252,0.955,0.00025013316,0.0005006390006741628,0.5073350809763685,0.4386027,,0.6219387455365898,
Macrophages,Macrophages,CCL4,CCR5,0.013385687,0.043,-0.0010675093,0.01338450077437127,0.13930082153738688,3.0767117,,0.19227596387196708,
Macrophages,Macrophages,CCL4,CNR2,-0.028748542,0.999,0.00077988725,-0.025010992444488504,-0.34749166539848,-6.482651,,1.0,
Macrophages,Macrophages,CCL5,ACKR1,-0.049356382,1.0,0.00071684323,-0.04770544679937523,-0.08437009326152983,-0.032998938,,1.0,
Macrophages,Macrophages,CCL5,CCR3,-0.05111474,1.0,0.0010362306,-0.033946544376441415,0.489726166882057,0.048321623,,1.0,
Macrophages,Macrophages,CCL5,CCR5,-0.021062803,0.996,-0.0044223876,-0.021062682602744305,0.1216919074430754,0.33896667,,0.8906193971992561,
Macrophages,Macrophages,CCL5,CXCR3,-0.04518921,1.0,-4.0080133e-05,-0.04518886269008495,-0.25044626844719015,-0.003182544,,1.0,
Macrophages,Macrophages,CCL7,ACKR1,-0.0050188,0.072,1.6927133e-05,0.020336439374451606,0.7292481206387338,-0.001898012,,0.2704070057971983,
Macrophages,Macrophages,CCL7,CCR2,0.01067087,0.0,-5.0367933e-05,0.03440563945681717,0.7621536688147246,0.008183591,,0.2356759289260235,
Macrophages,Macrophages,CCL7,CCR3,-0.0067771585,0.0,2.4468965e-05,0.03409534179738542,1.3033443807823206,0.0027793325,,0.25086243990672435,
Macrophages,Macrophages,CCL7,CCR5,0.02327478,0.0,-0.00010442777,0.04697920357108253,0.935310121343339,0.019496469,,0.2047736212770307,
Macrophages,Macrophages,CCL7,CXCR3,-0.0008516254,0.043,-9.464297e-07,0.022853023483741883,0.5631719454530735,-0.00018305154,,0.2640687326246301,
Macrophages,Macrophages,CCL8,ACKR1,-0.013694432,0.625,0.00015388125,-0.0014060649893466114,0.05810892621881569,-0.06757269,,0.544632422418624,
Macrophages,Macrophages,CCL8,CCR2,0.0019952375,0.01,-0.000457885,0.012663135093018956,0.09101447439480648,0.29135078,,0.1537001888833315,
Macrophages,Macrophages,CCL8,CCR3,-0.015452791,0.109,0.00022244257,0.012352837433587208,0.6322051863624025,0.098949306,,0.22931591050907332,
Macrophages,Macrophages,CCL8,CCR5,0.014599148,0.0,-0.00094933243,0.025236699207284316,0.2641709269234209,0.6941099,,0.03864885631796889,
Macrophages,Macrophages,CD14,RIPK1,0.094042055,0.0,0.0023433983,0.09410130646185776,0.4285942044709712,0.09157819,1.2601912,0.0875017956245711,
Macrophages,Macrophages,CD24,SIGLEC10,0.03667313,0.0,0.0013065836,0.0372827281422387,0.9401619523192561,0.02292324,1.3821887,0.19890498780673677,
Macrophages,Macrophages,CD40LG,CD40,-0.013457356,0.981,-0.0021771826,-0.012771078953964263,-0.09756028934959382,0.10781841,,0.7237315690197944,
Macrophages,Macrophages,CD40LG,CD9,0.069914326,0.0,-0.012518524,0.06992290646414391,0.42220547481840986,0.29117483,,0.015517612081510895,
Macrophages,Macrophages,COL1A1,CD36,0.10589577,0.0,0.0037878891,0.10591756088980629,0.7879128636215535,0.028920125,1.1938843,0.11671841500024098,
Macrophages,Macrophages,CP,SLC40A1,-0.002069843,0.082,-0.00015742269,0.010631112594348936,0.3995601362214356,0.005956624,,0.2394060536558801,
Macrophages,Macrophages,CSF1,CELSR3,0.0052417293,0.003,-0.00093646673,0.011552914759869026,-0.3162489252938938,0.17293626,,0.13677395539098167,
Macrophages,Macrophages,CSF1,CSF3R,0.066789165,0.0,0.0035305417,0.06705925750438158,0.28216537736043934,0.14477305,1.2022303,0.049895113484673966,
Macrophages,Macrophages,CSF1_IL34,CSF1R,0.07416072,0.0,-0.0016506849,0.08441959367584331,0.8382346952247304,0.03122434,,0.11671841500024098,
Macrophages,Macrophages,CSF2,CSF1R,0.066558994,0.0,-0.0040637967,0.07617934870253604,0.2497603335772658,0.038848616,,0.16377398139460128,
Macrophages,Macrophages,CSF2,CSF3R,0.035842914,0.0,-0.0024909282,0.045702995492429524,0.014818623062363034,0.032830875,,0.17935324377660525,
Macrophages,Macrophages,CXCL1,ACKR1,-0.010702705,0.432,0.00010665364,0.006848820179719498,0.3246480508814513,-0.0130640315,,0.3295615403220248,
Macrophages,Macrophages,CXCL1,CXCR1,-0.005414065,0.004,-3.6270536e-05,0.020456292631164337,0.5323918096342539,-0.059902616,,0.5121770479731145,
Macrophages,Macrophages,CXCL1,CXCR2,0.0030168653,0.003,-0.00026411432,0.021634339572787386,0.4402962187309507,0.026813412,,0.19458699412675629,
Macrophages,Macrophages,CXCL10,ACKR1,0.0033074492,0.011,-0.00011451161,0.019404399505451014,0.5580921567444368,-0.16238837,,0.93402461799725,
Macrophages,Macrophages,CXCL10,CCR3,0.0015490907,0.0,-0.0001655319,0.033163301928384833,1.1321884168880236,0.23779158,,0.02959372115446443,
Macrophages,Macrophages,CXCL10,CXCR3,0.007474624,0.008,6.4025717e-06,0.02192098361474129,0.3920159815587765,-0.015661357,-0.33897805,0.3279417571505462,
Macrophages,Macrophages,CXCL11,ACKR1,-0.015030807,0.735,0.00017497737,-0.004459507022033075,-0.06488865144828715,-0.02490936,,0.4281958289438349,
Macrophages,Macrophages,CXCL11,CCR3,-0.016789166,0.143,0.00025293799,0.009299395400900745,0.5092076086952997,0.03647574,,0.24602774831464977,
Macrophages,Macrophages,CXCL11,CCR5,0.013262773,0.0,-0.0010794797,0.022183257174597855,0.14117334925631808,0.25587013,,0.04435516062590575,
Macrophages,Macrophages,CXCL11,CXCR3,-0.010863633,0.543,-9.783333e-06,-0.0019429229127427955,-0.23096482663394746,-0.002402354,,0.3553770548027767,
Macrophages,Macrophages,CXCL13,ACKR1,-0.009220132,0.323,8.324964e-05,0.005385174010484351,0.12126811297117346,-0.0078059165,,0.3033285323596383,
Macrophages,Macrophages,CXCL13,CXCR3,-0.0050529568,0.199,-4.654653e-06,0.00790175811977463,-0.044808062214486855,-0.00075283245,,0.265868172337843,
Macrophages,Macrophages,CXCL13,CXCR5,0.014639916,0.0,-0.00042006513,0.028996793726559767,0.5690016311277946,0.042973418,,0.15728716504500057,
Macrophages,Macrophages,CXCL2,ACKR1,0.022361644,0.0,-0.00041530243,0.025929132984361957,0.4488530975799603,-0.013619678,,0.32009505140210165,
Macrophages,Macrophages,CXCL2,CXCR1,0.027650284,0.0,0.00014123513,0.039536605435806796,0.6565968563327629,-0.062450428,6.2902074,0.2674763591453815,
Macrophages,Macrophages,CXCL2,CXCR2,0.036081214,0.0,0.0010284442,0.04071465237742984,0.5645012654294597,0.027953856,1.452782,0.19245455403523593,
Macrophages,Macrophages,CXCL8,ACKR1,0.0403026,0.0,-0.0006985196,0.0455759658745017,0.7867661527184957,-0.022706015,,0.22666853530270392,
Macrophages,Macrophages,CXCL8,CD79A,0.08920789,0.0,0.007957543,0.092836711089753,1.009671591581176,0.099625036,1.1261823,0.07882938533283267,
Macrophages,Macrophages,CXCL8,CXCR1,0.04559124,0.0,0.000237551,0.05918343832594654,0.9945099114712983,-0.104114085,2.8448377,0.16020003908337976,
Macrophages,Macrophages,CXCL8,CXCR2,0.05402217,0.0,0.001729796,0.06036148526756959,0.9024143205679951,0.046603207,1.3163358,0.14864833537973823,
Macrophages,Macrophages,CXCL9,ACKR1,-0.010780509,0.389,0.00010788186,0.005113838242292201,0.1971932944376853,-0.0199113,,0.3413390952261457,
Macrophages,Macrophages,CXCL9,CCR3,-0.012538867,0.003,0.00015594829,0.01887274066522602,0.7712895545812721,0.029156886,,0.18893949481975655,
Macrophages,Macrophages,CXCL9,CXCR3,-0.0066133337,0.224,-6.031889e-06,0.007630422351582479,0.031117119252024983,-0.0019203221,,0.2713217009835943,
Macrophages,Macrophages,CXCL9,KIR2DL3,0.0025386862,0.006,-0.0002562112,0.01792698766019803,0.27021209010891,-0.07903411,,0.5916448630331851,
Macrophages,Macrophages,FADD,TRAF2,0.004214085,0.142,-5.4048225e-05,0.007099137195925975,-0.08420578252499356,0.580642,,0.24521184934023654,
Macrophages,Macrophages,FASLG,TNFRSF10B,0.002712951,0.258,-0.0008032689,0.004088071161497611,-0.03250911391579381,0.13156244,,0.27857049360619907,
Macrophages,Macrophages,FCER2,CR2,0.0059033316,0.005,-0.001650957,0.012953958693169591,-0.016085932361175725,0.15197574,,0.14109580384277404,
Macrophages,Macrophages,FN1,C5AR1,0.21011378,0.0,0.039852917,0.21011106423726256,1.2466403027529007,0.12794922,1.0527055,0.06160618907453266,
Macrophages,Macrophages,FN1,CD79A,0.18278334,0.0,0.02478569,0.18277975101081181,1.021352615623873,0.22333789,1.0677898,0.023963000769467675,
Macrophages,Macrophages,FN1,ITGA2,0.12469809,0.0,-0.0072366023,0.13311423522756402,0.5800393273460264,0.1296198,,0.06026169718683465,
Macrophages,Macrophages,GAL,HLA-DPA1,0.12908529,0.0,-0.0018658942,0.13395745639616427,0.47391380045200904,0.059304208,,0.12224796601286647,
Macrophages,Macrophages,GZMA,PARD3,-0.0115112895,0.673,0.0001037819,0.00035405149648470467,0.17908277559121644,0.0057200156,,0.3984688210002353,
Macrophages,Macrophages,HLA-DPA1,LAG3,0.12578471,0.0,-0.0036165637,0.12584466247899403,0.305288954219491,0.12437554,,0.06312631971662444,
Macrophages,Macrophages,HLA-DPB1,LAG3,0.121578306,0.0,-0.00350184,0.12162848383973698,0.2978965696307366,0.13003106,,0.05996593481381837,
Macrophages,Macrophages,HLA-DQA1,LAG3,0.10324513,0.0,-0.0030018284,0.10330480923032671,0.42026707959423404,0.12431894,,0.06343369015156733,
Macrophages,Macrophages,HLA-DQB1,LAG3,0.10762288,0.0,-0.0031212252,0.10766657559419154,0.31149272245397785,0.11389877,,0.06834298313712786,
Macrophages,Macrophages,HLA-DRA,LAG3,0.14976588,0.0,-0.0042706165,0.1498162879428918,0.3060108029419934,0.13028228,,0.059524334226086904,
Macrophages,Macrophages,HLA-DRB1,LAG3,0.12904494,0.0,-0.0037054818,0.12909841199230976,0.36358449215086647,0.12563369,,0.06282006766879183,
Macrophages,Macrophages,HLA-DRB5,LAG3,0.072397396,0.0,-0.0021604996,0.07244911705538411,0.5869256041669835,0.10620338,,0.07370402156528072,
Macrophages,Macrophages,IL10,CD70,-0.0075753806,0.146,-0.00046041142,0.005599913715034004,0.07315027019330111,0.033777464,,0.24711877878542998,
Macrophages,Macrophages,IL1B,ADRB2,0.026511105,0.0,-0.0009501425,0.02805495016800956,0.5743823946698958,-0.08457784,,0.3451801093434071,
Macrophages,Macrophages,IL1B,IL1R2_IL1RAP,0.029106883,0.0,-0.0006014361,0.03403617202746297,0.5046375544863517,-0.033665515,,0.3067345662419317,
Macrophages,Macrophages,IL4,IL21R,-0.030298423,1.0,0.0006929703,-0.025427551396379734,-0.622988729937473,1.2948246,,1.0,
Macrophages,Macrophages,IL6,FCGR3B,0.006664021,0.0,-0.000552939,0.02509500532267677,0.4890713175905237,0.03539656,,0.17208088617865056,
Macrophages,Macrophages,L1CAM,CD9,0.086495385,0.0,-0.0058248136,0.0952843393449887,0.3229712504590033,0.10996032,,0.07081818157786177,
Macrophages,Macrophages,L1CAM,ERBB2,-0.027978897,0.992,0.00078204693,-0.014957998874760764,-0.5228557578961763,0.10124261,,0.814572940661747,
Macrophages,Macrophages,LGALS3,LAG3,0.09686614,0.0,-0.0028278504,0.09691118960790021,0.5298626656120417,0.17758125,,0.03313169755402694,
Macrophages,Macrophages,LTF,IGDCC4,-0.011863468,0.436,0.0001404961,-0.0019320280732082237,-0.31829958188874974,0.18690623,,0.3316005847628305,
Macrophages,Macrophages,LTF,IL1RL1,-0.039384827,1.0,0.00076620525,-0.03181268814171121,-0.7450538122221508,10.667537,,0.2685838227755144,
Macrophages,Macrophages,NTNG2,LRRC4,-0.015310299,0.12,0.00021631662,0.0075364697839522855,0.21976060258934504,0.03090265,,0.2366346252782744,
Macrophages,Macrophages,PNOC,OPRL1,-0.020693257,0.772,0.0003448016,-0.003001319346334323,-0.14432424887637474,-0.1921418,,1.0,
Macrophages,Macrophages,PSAP,CD1B,0.12475541,0.0,0.002947123,0.1525544740259911,1.196173584600329,-0.044999197,1.2256571,0.11671841500024098,
Macrophages,Macrophages,S100A12,CD36,0.12436211,0.0,0.010881554,0.13153952233837712,1.2798986290855086,0.13052157,1.1059685,0.05923129190613903,
Macrophages,Macrophages,S100A8,CD36,0.15599205,0.0,0.023031887,0.15600760234138658,1.2698115216827708,0.109390065,1.070502,0.07115321674304143,
Macrophages,Macrophages,S100A8,CD68,0.19255942,0.0,0.03180176,0.19255387716052624,1.0567163862524749,0.09012751,1.0593749,0.08967749233126728,
Macrophages,Macrophages,S100A9,CD36,0.17150795,0.0,0.028992174,0.17153470364184653,1.0968871886910079,0.11252582,1.0623606,0.06948985864024097,
Macrophages,Macrophages,S100A9,CD68,0.20807534,0.0,0.040031556,0.2080809784609862,0.883792053260712,0.09271109,1.0525815,0.08652603938504844,
Macrophages,Macrophages,SAA1,CD36,0.08726092,0.0,-0.003370511,0.10069845120125509,0.9431835771951087,0.07757624,,0.10182790362837461,
Macrophages,Macrophages,SAA1,FPR1,0.045734,0.0,-0.0019130547,0.059157040821047974,0.3941071366653057,0.035714965,,0.16061996605305684,
Macrophages,Macrophages,SCGB3A1,MARCO,0.07017302,0.0,-0.004175634,0.08068554000960254,0.6304863066495496,0.11492295,,0.06753252090425851,
Macrophages,Macrophages,SCGB3A1,NOTCH3,-0.023627747,0.681,0.00055573415,-0.0037282573816944924,-0.09183227095767865,0.10883855,,0.40239265967168,
Macrophages,Macrophages,SORBS1,ITGA1,-0.032640457,1.0,0.00101861,-0.02829183534699127,-0.7260312803883835,0.27225265,,1.0,
Macrophages,Macrophages,THBS1,CD36,0.10092609,0.0,0.0018788299,0.10302474931962122,0.9582509611997445,0.01481146,1.2996926,0.11671841500024098,
Macrophages,Macrophages,TNF,FFAR2,-0.00207985,0.095,-0.00013631138,0.012583407519193512,0.17424580170100512,-0.12678522,,0.8003813356546804,
Macrophages,Macrophages,TNF,ICOS,-0.0066630165,0.805,-8.542752e-06,-0.006390874031003698,-0.20832310359860573,0.007419625,,0.4678784041306998,
Macrophages,Macrophages,TNF,NOTCH1,-0.021410527,0.999,0.00040258552,-0.021149107394912516,-0.29225060932824865,0.24797271,,1.0,
Macrophages,Macrophages,TNF,TRAF2,-0.00062546646,0.439,-0.00017685641,0.0009853777435571455,-0.0032221796617375453,0.5708207,,0.3322823642033094,
Macrophages,Macrophages,TNFSF4,TNFRSF4,-0.014708805,0.747,0.00021297716,-0.0020691733490062585,0.15878425690139375,0.034389157,,0.43944572261001524,
Macrophages,Macrophages,TNFSF4,TRAF2,-9.2296395e-05,0.031,-0.00016332671,0.013168894614223613,0.3445500935828565,-0.114415646,,0.7403051030552323,
Macrophages,Macrophages,TNFSF9,ADGRG5,0.0075064944,0.079,3.651247e-05,0.010017383576744799,-0.17052870230632777,-0.09782039,-1.5288475,0.6700415803487223,
Macrophages,Macrophages,TNFSF9,HLA-DPA1,0.13412952,0.0,0.00080963364,0.13466685097998768,0.11176994527924533,0.037302036,1.5414613,0.16629717396167423,
Macrophages,Macrophages,TNFSF9,TNFRSF9,-0.0027531087,0.345,-2.6129497e-05,0.0027603151465476258,-0.3198319155669225,0.01049188,,0.30072247391076173,
Macrophages,Macrophages,TNFSF9,TRAF2,0.007870408,0.09,3.8734415e-05,0.009748929281370125,-0.023746590754106567,-0.12968303,-1.6503158,0.811780016567569,
Macrophages,Monocytes/DC,ADCYAP1,ADRB2,0.013757007,0.002,-0.0026338052,0.01843168941771961,-1.0924152464944905,0.66625655,,0.8215471689060946,
Macrophages,Monocytes/DC,ADCYAP1,VIPR2,-0.026758475,0.948,0.00055682735,-0.005931536153093544,-0.25305495882785545,0.041993793,,0.6046524725968547,
Macrophages,Monocytes/DC,ADM,ADRB2,0.05892477,0.0,0.0034086918,0.06316077549612512,0.014318272042342706,0.35476515,1.2065531,0.04261538728310678,
Macrophages,Monocytes/DC,ADM,RAMP1,0.048385054,0.0,0.0023344827,0.07639068706742795,0.8100978562050134,-0.09456042,1.260817,0.11671841500024098,
Macrophages,Monocytes/DC,APOE,LRP8,0.14370494,0.0,0.003926097,0.15893022706039578,0.6700443010533356,-0.08171723,1.1897877,0.11671841500024098,
Macrophages,Monocytes/DC,BTLA,CD247,-0.14241876,1.0,-0.0009986756,-0.1418070278750893,-0.47790151216996946,-1.3072823,,1.0,
Macrophages,Monocytes/DC,BTLA,CD79A,-0.09715315,1.0,-0.0006850757,-0.09654617493365306,-0.7859361694623483,0.7166565,,1.0,
Macrophages,Monocytes/DC,C3,C5AR2,0.2748291,0.0,0.018048024,0.31039727000168893,1.969209903291293,0.17673957,1.0803785,0.033416393642098495,
Macrophages,Monocytes/DC,C3,CR2,-0.018758656,0.915,-0.0025459554,-0.018939864796689652,-1.9985331346977757,0.0823624,,1.0,
Macrophages,Monocytes/DC,CCL13,ACKR1,0.09387313,0.0,-0.0019894354,0.1174773343055637,1.3219236226121227,0.2541239,,0.01949258326186385,
Macrophages,Monocytes/DC,CCL13,CCR2,0.054745182,0.0,-0.0012023677,0.0722904198845832,0.08665380154647662,0.2225498,,0.03408781797208444,
Macrophages,Monocytes/DC,CCL13,CCR3,-0.007247719,0.0,4.4633907e-05,0.03734719352291818,1.591564665904416,0.0057755043,,0.24024094755853087,
Macrophages,Monocytes/DC,CCL13,CCR5,0.08935359,0.0,-0.0018985239,0.10684696141932218,0.48076899106249327,0.40379053,,0.007803517663108002,
Macrophages,Monocytes/DC,CCL13,CXCR3,-0.0453041,1.0,0.0008101469,-0.02781256842844604,-0.21629460918681287,0.17850439,,1.0,
Macrophages,Monocytes/DC,CCL17,ACKR1,0.09754274,0.0,-0.00053770654,0.12782998154729994,1.4553876159828856,0.05467385,,0.11671841500024098,
Macrophages,Monocytes/DC,CCL18,ACKR1,0.115295574,0.0,0.006485452,0.12785266830087663,0.839465480498367,0.24447165,1.1416967,0.020728282378652468,
Macrophages,Monocytes/DC,CCL18,CCR3,0.014174731,0.0,-0.00014550413,0.04772252751823111,1.1091065237906603,0.0055561373,,0.21245623748191872,
Macrophages,Monocytes/DC,CCL19,CCR7,-0.15091239,1.0,0.0040335553,-0.13531028265330602,-0.28965193828744595,0.2942606,,1.0,
Macrophages,Monocytes/DC,CCL19,CXCR3,-0.047282614,1.0,0.0011288874,-0.031680510170061925,-0.5156659005057608,0.18459228,,1.0,
Macrophages,Monocytes/DC,CCL2,ACKR1,0.119507715,0.0,0.008151806,0.13440006070556404,1.172411031822624,0.5504548,1.1244814,0.007070387620923245,
Macrophages,Monocytes/DC,CCL2,CCR2,0.08037977,0.0,0.004926759,0.08921314628458353,-0.06285878924302213,0.48206252,1.1660397,0.05678390252268014,
Macrophages,Monocytes/DC,CCL2,CCR3,0.018386869,0.0,-0.00018288956,0.054269919922918505,1.4420520751149173,0.012510253,,0.17485532077105498,
Macrophages,Monocytes/DC,CCL2,CCR5,0.11498818,0.0,0.007779292,0.12376968781932252,0.3312564002729945,0.87464595,1.1278034,0.013102295284146089,
Macrophages,Monocytes/DC,CCL20,CCR6,-0.060199615,1.0,0.0024129404,-0.052905572628092985,-1.208322007632886,-2.441566,,1.0,
Macrophages,Monocytes/DC,CCL20,CXCR3,-0.052975006,1.0,0.0020459385,-0.04567975428197484,-1.0779203283373766,0.584006,,1.0,
Macrophages,Monocytes/DC,CCL21,CCR7,-0.15786667,1.0,0.008036583,-0.1565140695507027,-0.8320118559286519,-0.49745446,,1.0,
Macrophages,Monocytes/DC,CCL21,CXCR3,-0.054236896,1.0,0.0022492309,-0.052884297067458605,-1.0580258181469668,-0.31205758,,1.0,
Macrophages,Monocytes/DC,CCL3,CCR3,0.02951244,0.0,-0.00028163617,0.05661802019475359,0.845913195355992,0.0095962025,,0.16656945493319736,
Macrophages,Monocytes/DC,CCL3,CCR5,0.12611374,0.0,0.011979524,0.1261177880911576,-0.2648824794859308,0.6709121,1.1004958,0.11469220314903111,
Macrophages,Monocytes/DC,CCL4,CCR3,-0.013180288,0.804,9.7289274e-05,0.013924316606595604,0.7972660247180087,0.17059448,,0.466556870096286,
Macrophages,Monocytes/DC,CCL4,CCR5,0.08342102,0.0,-0.004138244,0.08342408450299961,-0.3135296501239141,11.926999,,0.11671841500024098,
Macrophages,Monocytes/DC,CCL4,CNR2,-0.041475404,1.0,0.001337903,-0.03998563306997291,-1.1776522232667999,-11.121041,,1.0,
Macrophages,Monocytes/DC,CCL5,ACKR1,0.05349207,0.0,-0.017964493,0.059607274012125545,0.5100160673314038,0.8269719,,0.010898147528596887,
Macrophages,Monocytes/DC,CCL5,CCR3,-0.047628775,1.0,0.0004030418,-0.02052286677051997,0.7796571106236971,0.018794691,,1.0,
Macrophages,Monocytes/DC,CCL5,CCR5,0.048972532,0.0,-0.017143568,0.048976901125884036,-0.3311385642182256,1.3140182,,0.14375261447332177,
Macrophages,Monocytes/DC,CCL5,CXCR3,-0.085685164,1.0,0.0073155826,-0.08568262872188419,-1.0282021644675317,0.58089036,,1.0,
Macrophages,Monocytes/DC,CCL7,ACKR1,0.097829655,0.0,-0.00042420346,0.12764916018595238,1.3236342812316675,0.047565244,,0.11671841500024098,
Macrophages,Monocytes/DC,CCL7,CCR2,0.058701705,0.0,-0.00025637852,0.08246224576497188,0.0883644601660214,0.041655414,,0.1606604963626137,
Macrophages,Monocytes/DC,CCL7,CCR3,-0.0032911939,0.0,9.517202e-06,0.04751901940330687,1.5932753245239608,0.0010810212,,0.21495375899127497,
Macrophages,Monocytes/DC,CCL7,CCR5,0.09331012,0.0,-0.00040481857,0.11701878729971088,0.48247964968203805,0.07557887,,0.10315175932929789,
Macrophages,Monocytes/DC,CCL7,CXCR3,-0.04134758,1.0,0.00017274606,-0.01764074254805735,-0.2145839505672681,0.033411283,,1.0,
Macrophages,Monocytes/DC,CCL8,ACKR1,0.08915402,0.0,-0.0038563507,0.10590665582215417,0.6524950868117494,1.6934096,,0.007070387620923245,
Macrophages,Monocytes/DC,CCL8,CCR2,0.050026074,0.0,-0.0023306871,0.06071974140117367,-0.5827747342538967,1.4830087,,0.15480184518636794,
Macrophages,Monocytes/DC,CCL8,CCR3,-0.011966826,0.022,8.651902e-05,0.02577651503950865,0.9221361301040427,0.038486324,,0.17207483202876075,
Macrophages,Monocytes/DC,CCL8,CCR5,0.08463448,0.0,-0.0036801263,0.09527628293591266,-0.18865954473788005,2.6907456,,0.09148757811309252,
Macrophages,Monocytes/DC,CD14,RIPK1,0.12967978,0.0,0.014792927,0.12977582230474566,0.04143892852778386,0.57809615,1.0895351,0.03939748071088263,
Macrophages,Monocytes/DC,CD24,SIGLEC10,0.3718246,0.0,0.030038867,0.37389170650095965,2.196502135977907,0.52701426,1.0611974,0.007070387620923245,
Macrophages,Monocytes/DC,CD40LG,CD40,0.06183842,0.0,-0.011516797,0.06332639538427355,-1.0223967896188286,0.5703347,,0.14552649721122246,
Macrophages,Monocytes/DC,CD40LG,CD9,0.41058668,0.0,-0.054775193,0.41056491370365183,0.7530666749754781,1.2740445,,0.007070387620923245,
Macrophages,Monocytes/DC,COL1A1,CD36,0.50829524,0.0,0.019659637,0.5083241292583117,1.4907562078333223,0.1500992,1.0767553,0.04774464475531389,
Macrophages,Monocytes/DC,CP,SLC40A1,0.2795983,0.0,-0.008487052,0.2923408672373635,1.773612285284253,0.32113656,,0.013196896310237351,
Macrophages,Monocytes/DC,CSF1,CELSR3,0.010557968,0.0,-0.0005506231,0.026714703595199542,0.3102332812159663,0.10168295,,0.07756850083387754,
Macrophages,Monocytes/DC,CSF1,CSF3R,0.5823374,0.0,0.04094816,0.5838957479639276,2.451910518110433,1.6791162,1.0519589,0.007070387620923245,
Macrophages,Monocytes/DC,CSF1_IL34,CSF1R,0.7740953,0.0,-0.016209174,0.7843630957995531,2.0590978259657113,0.3066126,,0.013824349635053858,
Macrophages,Monocytes/DC,CSF2,CSF1R,0.7664936,0.0,-0.03990513,0.7761228508262458,1.4706234643182468,0.38148046,,0.009055843915432791,
Macrophages,Monocytes/DC,CSF2,CSF3R,0.5513912,0.0,-0.028890448,0.5625394859519756,2.1845637638123567,0.38078117,,0.009127573021997067,
Macrophages,Monocytes/DC,CXCL1,ACKR1,0.09214575,0.0,-0.0026728003,0.11416154099122028,0.919034211474385,0.32739195,,0.01277519213858561,
Macrophages,Monocytes/DC,CXCL1,CXCR1,0.076594554,0.0,-0.002252533,0.1244284933157849,1.4749633466169114,-3.7201717,,0.11671841500024098,
Macrophages,Monocytes/DC,CXCL1,CXCR2,0.14932925,0.0,-0.00421817,0.17540633245083573,1.8414672861645425,0.42823702,,0.007070387620923245,
Macrophages,Monocytes/DC,CXCL10,ACKR1,0.1061559,0.0,0.0028697252,0.1267171203169518,1.1524783173373705,4.069544,1.2293732,0.007070387620923245,
Macrophages,Monocytes/DC,CXCL10,CCR3,0.0050350553,0.0,-6.4383625e-05,0.04658697953430627,1.4221193606296638,0.09248902,,0.08711050816288658,
Macrophages,Monocytes/DC,CXCL10,CXCR3,-0.033021327,0.999,-0.0011686225,-0.018572782417057943,-0.3857399144615651,2.8585722,,0.8406759320213907,
Macrophages,Monocytes/DC,CXCL11,ACKR1,0.08781765,0.0,-0.004385031,0.1028532137894677,0.5294975091446465,0.62424254,,0.007070387620923245,
Macrophages,Monocytes/DC,CXCL11,CCR3,-0.013303202,0.022,9.838021e-05,0.022723073006822185,0.7991385524369399,0.014187236,,0.21962226928273687,
Macrophages,Monocytes/DC,CXCL11,CCR5,0.08329811,0.0,-0.0041846475,0.09222284090322619,-0.3116571224049829,0.9918911,,0.11671841500024098,
Macrophages,Monocytes/DC,CXCL11,CXCR3,-0.051359586,1.0,0.0017856922,-0.04243668894454203,-1.0087207226542891,0.43848708,,1.0,
Macrophages,Monocytes/DC,CXCL13,ACKR1,0.09362832,0.0,-0.0020862827,0.11269789482198513,0.7156542735641072,0.19562064,,0.028649202896777356,
Macrophages,Monocytes/DC,CXCL13,CXCR3,-0.04554891,1.0,0.0008495855,-0.0325920079120246,-0.8225639582348284,0.13740993,,1.0,
Macrophages,Monocytes/DC,CXCL13,CXCR5,-0.04319971,1.0,0.0008000305,-0.030079709801516624,-0.9886731290720698,-0.08184455,,1.0,
Macrophages,Monocytes/DC,CXCL2,ACKR1,0.12521009,0.0,0.010407711,0.13324185379586273,1.043239258172894,0.3413168,1.1086129,0.011830551040564533,
Macrophages,Monocytes/DC,CXCL2,CXCR1,0.1096589,0.0,0.008771218,0.14350880612042735,1.5991683933154204,-3.8784,1.1194708,0.11671841500024098,
Macrophages,Monocytes/DC,CXCL2,CXCR2,0.1823936,0.0,0.016425282,0.19448664525547818,1.9656723328630514,0.44645104,1.0845835,0.007070387620923245,
Macrophages,Monocytes/DC,CXCL8,ACKR1,0.14315104,0.0,0.017505294,0.15288868668600247,1.3811523133114294,0.56902546,1.0817162,0.007070387620923245,
Macrophages,Monocytes/DC,CXCL8,CD79A,-0.05463603,1.0,-0.017502323,-0.05101182732472349,-0.08167328379833028,-0.2191216,,1.0,
Macrophages,Monocytes/DC,CXCL8,CXCR1,0.12759987,0.0,0.014752787,0.1631556390105671,1.9370814484539558,-6.4658656,1.0896678,0.11671841500024098,
Macrophages,Monocytes/DC,CXCL8,CXCR2,0.20033455,0.0,0.02762657,0.21413347814561792,2.303585388001587,0.7442998,1.0639807,0.007070387620923245,
Macrophages,Monocytes/DC,CXCL9,ACKR1,0.09206794,0.0,-0.0027035798,0.11242655905379298,0.791579455030619,0.49898836,,0.007070387620923245,
Macrophages,Monocytes/DC,CXCL9,CCR3,-0.009052902,0.002,6.0656075e-05,0.03229641827114746,1.0612204983229123,0.011340569,,0.22915242378734932,
Macrophages,Monocytes/DC,CXCL9,CXCR3,-0.047109287,1.0,0.001100964,-0.032863343680216754,-0.7466387767683166,0.3505047,,1.0,
Macrophages,Monocytes/DC,CXCL9,KIR2DL3,-0.033953026,0.999,0.000741325,-0.019324486125325044,-0.3904443789958889,0.22867839,,1.0,
Macrophages,Monocytes/DC,FADD,TRAF2,0.013269584,0.02,-0.00013119746,0.016395401971556374,-1.0775767400405543,1.4094588,,0.8392061756444008,
Macrophages,Monocytes/DC,FASLG,TNFRSF10B,0.107938744,0.0,-0.006224206,0.11015312184782461,-0.21422183987069898,1.0194243,,0.09964984535035584,
Macrophages,Monocytes/DC,FCER2,CR2,-0.012814183,0.679,-0.0034089773,-0.011340686698035271,-1.9087875469771824,0.31380698,,1.0,
Macrophages,Monocytes/DC,FN1,C5AR1,0.86226153,0.0,0.39938086,0.8622741731345069,2.513947551282957,1.2822267,1.0160698,0.002634452151204461,
Macrophages,Monocytes/DC,FN1,CD79A,0.038939416,0.0,-0.05451521,0.03893121259633532,-0.06999225975563339,-0.49122345,,0.4965909279095836,
Macrophages,Monocytes/DC,FN1,ITGA2,0.13052383,0.0,-0.0040248833,0.1469425702839412,0.9757963691429711,0.07209247,,0.10720085951675766,
Macrophages,Monocytes/DC,GAL,HLA-DPA1,0.6199114,0.0,-0.00877244,0.6247695251471534,1.1068838128329594,0.2788168,,0.01656045667677857,
Macrophages,Monocytes/DC,GZMA,PARD3,-7.0368405e-05,0.041,-3.6974594e-05,0.0375720527800053,1.1230604431590736,-0.0020378816,,0.27315805112411334,
Macrophages,Monocytes/DC,HLA-DPA1,LAG3,0.10543807,0.0,-0.014408673,0.10547220767730306,-0.8076460871796787,0.49552187,,0.11671841500024098,
Macrophages,Monocytes/DC,HLA-DPB1,LAG3,0.101231664,0.0,-0.013951605,0.10125602903804601,-0.8150384717684331,0.51805395,,0.11671841500024098,
Macrophages,Monocytes/DC,HLA-DQA1,LAG3,0.0828985,0.0,-0.011959519,0.08293235442863572,-0.6926679618049356,0.4952964,,0.11671841500024098,
Macrophages,Monocytes/DC,HLA-DQB1,LAG3,0.087276235,0.0,-0.012435206,0.08729412079250057,-0.8014423189451918,0.4537816,,0.11671841500024098,
Macrophages,Monocytes/DC,HLA-DRA,LAG3,0.12941924,0.0,-0.01701447,0.12944383314120084,-0.8069242384571762,0.5190548,,0.11671841500024098,
Macrophages,Monocytes/DC,HLA-DRB1,LAG3,0.10869829,0.0,-0.01476293,0.10872595719061878,-0.7493505492483032,0.5005344,,0.11671841500024098,
Macrophages,Monocytes/DC,HLA-DRB5,LAG3,0.05205076,0.0,-0.0086076,0.052076662253693125,-0.5260094372321862,0.42312258,,0.1879758922543682,
Macrophages,Monocytes/DC,IL10,CD70,-0.0046232156,0.1,-0.00037078492,0.00949180715685069,-0.26353892054649464,0.02720214,,0.22242064609168435,
Macrophages,Monocytes/DC,IL1B,ADRB2,0.06702873,0.0,0.0044928314,0.06870752218534125,0.004615867606689861,0.3999337,1.1752459,0.04376942867061046,
Macrophages,Monocytes/DC,IL1B,IL1R2_IL1RAP,0.1232817,0.0,0.0120496275,0.1372701311809278,0.9133418751560516,0.6744805,1.1001737,0.007070387620923245,
Macrophages,Monocytes/DC,IL4,IL21R,-0.023143891,0.983,0.0004740757,-0.01823986168123459,-1.5243481196226016,0.885817,,1.0,
Macrophages,Monocytes/DC,IL6,FCGR3B,0.23116598,0.0,-0.008534741,0.27151012452951134,2.1316521415639196,0.54635406,,0.007070387620923245,
Macrophages,Monocytes/DC,L1CAM,CD9,0.42716774,0.0,-0.025486654,0.43592634658449664,0.6538324506160715,0.4811348,,0.007070387620923245,
Macrophages,Monocytes/DC,L1CAM,ERBB2,-0.028228503,0.946,0.0007964529,-0.015253073984852858,-1.338831334181751,0.103107594,,1.0,
Macrophages,Monocytes/DC,LGALS3,LAG3,0.076519504,0.0,-0.011266377,0.07653873480620924,-0.583072375787128,0.7074976,,0.11671841500024098,
Macrophages,Monocytes/DC,LTF,IGDCC4,-0.0075304173,0.102,4.1982443e-05,0.028558111050842994,1.357123958987579,0.05585053,,0.2241931656059355,
Macrophages,Monocytes/DC,LTF,IL1RL1,-0.0155466255,0.73,0.00022423416,-0.005310692915525282,-0.7125625512041345,3.121913,,0.42531479069717515,
Macrophages,Monocytes/DC,NTNG2,LRRC4,0.034575798,0.0,-0.000886887,0.11954396490996812,1.8287513578416288,-0.12669927,,0.11671841500024098,
Macrophages,Monocytes/DC,PNOC,OPRL1,0.05242142,0.0,-0.004016653,0.11617583795303249,1.1175787579883671,2.2382927,,0.007070387620923245,
Macrophages,Monocytes/DC,PSAP,CD1B,0.14037889,0.0,0.0103551475,0.1840509613343591,1.351076466659773,-0.15811127,1.1089182,0.11671841500024098,
Macrophages,Monocytes/DC,S100A12,CD36,0.5267616,0.0,0.05647668,0.5339460907068826,1.9827419732972773,0.67742383,1.0439041,0.007070387620923245,
Macrophages,Monocytes/DC,S100A8,CD36,0.5583915,0.0,0.11953848,0.5584141707098921,1.9726548658945395,0.56774867,1.0297691,0.007070387620923245,
Macrophages,Monocytes/DC,S100A8,CD68,0.8798951,0.0,0.19664398,0.8798919149303007,1.96505882808213,0.5572972,1.023059,0.007070387620923245,
Macrophages,Monocytes/DC,S100A9,CD36,0.57390743,0.0,0.15047315,0.573941272010352,1.7997305329027766,0.5840236,1.0264477,0.007070387620923245,
Macrophages,Monocytes/DC,S100A9,CD68,0.895411,0.0,0.24753232,0.8954190162307607,1.792134495090367,0.57327265,1.0205011,0.007070387620923245,
Macrophages,Monocytes/DC,SAA1,CD36,0.4896604,0.0,-0.017493391,0.5031050195697605,1.6460269214068775,0.40263078,,0.007899905828453013,
Macrophages,Monocytes/DC,SAA1,FPR1,0.59769905,0.0,-0.021285186,0.6111288441906709,2.335130390107343,0.39737478,,0.007132558132222379,
Macrophages,Monocytes/DC,SCGB3A1,MARCO,0.4119333,0.0,-0.021414235,0.4229674999717021,1.687929076645285,0.58936846,,0.007070387620923245,
Macrophages,Monocytes/DC,SCGB3A1,NOTCH3,0.034345828,0.0,-0.0023684888,0.08681094562396292,0.8793418510489399,-0.46386003,,0.11671841500024098,
Macrophages,Monocytes/DC,SORBS1,ITGA1,-0.03043396,0.997,0.0009047539,-0.026084702987881424,-1.2375568220296593,0.24182136,,1.0,
Macrophages,Monocytes/DC,THBS1,CD36,0.5033256,0.0,0.009751372,0.5054313176881267,1.6610943054115133,0.0768734,1.1126136,0.058334430903329265,
Macrophages,Monocytes/DC,TNF,FFAR2,0.12917998,0.0,-0.0037955479,0.19666345656587533,1.5830008345790612,-3.530295,,0.11671841500024098,
Macrophages,Monocytes/DC,TNF,ICOS,-0.053985946,1.0,0.0013107167,-0.053723929183766464,-1.3020557883484973,-1.1383951,,1.0,
Macrophages,Monocytes/DC,TNF,NOTCH1,0.02777483,0.002,-0.0009685944,0.028036431041996667,-0.4814951546970836,-0.5966061,,1.0,
Macrophages,Monocytes/DC,TNF,TRAF2,0.008430032,0.12,-0.00042930385,0.010281642519187544,-0.9965931371772982,1.3856184,,0.7096825700144921,
Macrophages,Monocytes/DC,TNFSF4,TNFRSF4,-0.025356475,0.969,0.0004871028,-0.01292922628973264,-0.4914509042794384,0.078651875,,0.6742847081111187,
Macrophages,Monocytes/DC,TNFSF4,TRAF2,0.008963202,0.006,-0.00039646166,0.022465159389854012,-0.6488208639327042,-0.27773422,,1.0,
Macrophages,Monocytes/DC,TNFSF9,ADGRG5,-0.00017060817,0.418,-1.0361547e-05,0.002037039463392056,-0.4968353557070708,0.02775957,,0.3268574599134257,
Macrophages,Monocytes/DC,TNFSF9,HLA-DPA1,0.6249556,0.0,0.003806466,0.6254789197309769,0.7447399576601956,0.1753743,1.193319,0.03360720768212959,
Macrophages,Monocytes/DC,TNFSF9,TNFRSF9,-0.012427809,0.82,-8.520023e-05,-0.008275722992834618,-0.8711336542079611,0.034210782,,0.5594541596370833,
Macrophages,Monocytes/DC,TNFSF9,TRAF2,0.016925907,0.008,9.402449e-05,0.019045194057000524,-1.0171175482696673,-0.31479448,-32.507214,1.0,
Macrophages,NK/Cytotoxic T cells,ADCYAP1,ADRB2,0.009676307,0.0,-0.0023124462,0.014337767423854486,-0.08588092238649114,0.58496445,,0.06561682688772533,
Macrophages,NK/Cytotoxic T cells,ADCYAP1,VIPR2,-0.03305317,0.999,0.0010525406,-0.02488727649272872,-1.28504703122572,0.0793786,,1.0,
Macrophages,NK/Cytotoxic T cells,ADM,ADRB2,0.05484407,0.0,0.0029927865,0.05906685350226,1.020852596150342,0.31147912,1.2235426,0.013677608611117527,
Macrophages,NK/Cytotoxic T cells,ADM,RAMP1,0.03925242,0.0,0.0014036838,0.06321662228920194,1.3928491021020593,-0.056857537,1.363837,0.14631915866483766,
Macrophages,NK/Cytotoxic T cells,APOE,LRP8,0.1333339,0.0,-0.0017371166,0.14461555869523876,0.9235114030328814,0.0361561,,0.11671841500024098,
Macrophages,NK/Cytotoxic T cells,BTLA,CD247,0.14285572,0.0,0.0009777043,0.14345380957766327,0.48563602107889425,1.2798307,1.4698327,0.0073653168607461785,
Macrophages,NK/Cytotoxic T cells,BTLA,CD79A,-0.100062095,1.0,-0.0007052289,-0.09946607931288225,-0.8303433700481369,0.73773867,,1.0,
Macrophages,NK/Cytotoxic T cells,C3,C5AR2,-0.022419209,0.998,-0.0028027282,-0.022493977582234814,-0.7941914987960108,-0.027446384,,0.9619890792881178,
Macrophages,NK/Cytotoxic T cells,C3,CR2,0.0022757296,0.037,-0.0010704792,0.008361435851625736,-0.034450269598768735,0.034630314,,0.1869010804629803,
Macrophages,NK/Cytotoxic T cells,CCL13,ACKR1,-0.024527563,1.0,0.00039222196,-0.0060606004301048295,0.5527485684641964,-0.050101135,,1.0,
Macrophages,NK/Cytotoxic T cells,CCL13,CCR2,-0.010441266,0.624,0.000108872846,0.007070470380116572,0.8821139381746792,-0.020151598,,0.38116550685433476,
Macrophages,NK/Cytotoxic T cells,CCL13,CCR3,-0.016499223,0.338,0.00023073006,0.0017224070759101744,-0.502190544852605,0.02985583,,0.29851273933019257,
Macrophages,NK/Cytotoxic T cells,CCL13,CCR5,-0.031733137,1.0,0.0005371638,-0.014245103636665687,0.5839185809805418,-0.11424753,,1.0,
Macrophages,NK/Cytotoxic T cells,CCL13,CXCR3,-0.008396763,0.5,6.774721e-05,0.009092127625320587,0.6662700088093196,0.0149271395,,0.3447351248356605,
Macrophages,NK/Cytotoxic T cells,CCL17,ACKR1,-0.020857945,0.968,0.000106010135,0.004292046811631416,0.6862125618349593,-0.010779081,,0.6696564303408992,
Macrophages,NK/Cytotoxic T cells,CCL18,ACKR1,-0.0031051114,0.312,-0.0012786224,0.004314733565208104,0.0702904263504407,-0.048198175,,0.4590662127144246,
Macrophages,NK/Cytotoxic T cells,CCL18,CCR3,0.004923228,0.0,-0.00075216754,0.012097741071223108,-0.9846486869663607,0.028721835,,0.6947325723165027,
Macrophages,NK/Cytotoxic T cells,CCL19,CCR7,-0.01899423,0.972,0.00033598446,-0.0033935061790522168,0.3846133767219475,0.024511125,,0.6841994213348368,
Macrophages,NK/Cytotoxic T cells,CCL19,CXCR3,-0.010375275,0.572,9.440137e-05,0.005224185883704699,0.36689871749037173,0.015436228,,0.3618793381024977,
Macrophages,NK/Cytotoxic T cells,CCL2,ACKR1,0.0011070259,0.099,-0.0016071482,0.010862125969895501,0.40323597767469765,-0.10852348,,0.7096825700144921,
Macrophages,NK/Cytotoxic T cells,CCL2,CCR2,0.015193323,0.002,-0.0004461117,0.023993196780116903,0.7326013473851805,-0.043650143,,0.4357470423886461,
Macrophages,NK/Cytotoxic T cells,CCL2,CCR3,0.0091353655,0.0,-0.0009454274,0.018645133475910507,-0.6517031356421037,0.06467037,,0.34406706644475077,
Macrophages,NK/Cytotoxic T cells,CCL2,CCR5,-0.00609855,0.568,-0.0022010542,0.002677622763334643,0.4344059901910431,-0.24747023,,1.0,
Macrophages,NK/Cytotoxic T cells,CCL20,CCR6,-0.019979566,0.972,0.0003698082,-0.012685047499454516,0.1072847535998227,-0.37419534,,1.0,
Macrophages,NK/Cytotoxic T cells,CCL20,CXCR3,-0.016067669,0.869,0.00017108828,-0.008775058228208217,-0.195355710341244,0.04883655,,0.5004460238587485,
Macrophages,NK/Cytotoxic T cells,CCL21,CCR7,-0.025948513,1.0,0.000669426,-0.02459729307644889,-0.15774654091925844,-0.041436635,,1.0,
Macrophages,NK/Cytotoxic T cells,CCL21,CXCR3,-0.017329559,0.986,0.00018808826,-0.015979601013691978,-0.17546120015083422,-0.026095308,,0.7566974598851598,
Macrophages,NK/Cytotoxic T cells,CCL3,CCR3,0.020260938,0.0,-0.0014558871,0.020993233747745588,-1.247842015401029,0.04960651,,0.8761623813946586,
Macrophages,NK/Cytotoxic T cells,CCL3,CCR5,0.005027022,0.217,-0.003389458,0.005025723035169724,-0.16173288956788223,-0.18982626,,1.0,
Macrophages,NK/Cytotoxic T cells,CCL4,CCR3,-0.02243179,0.999,0.0005029261,-0.0217004698404124,-1.2964891860390124,0.8818693,,1.0,
Macrophages,NK/Cytotoxic T cells,CCL4,CCR5,-0.037665706,1.0,0.0011708648,-0.03766798055298826,-0.21038006020586553,-3.3745966,,1.0,
Macrophages,NK/Cytotoxic T cells,CCL4,CNR2,-0.033066884,1.0,0.00096922705,-0.030090765084057496,-0.5205016677991255,-8.056499,,1.0,
Macrophages,NK/Cytotoxic T cells,CCL5,ACKR1,-0.06490862,1.0,0.0035417431,-0.06393066072354298,-0.25915898681652244,-0.16303949,,1.0,
Macrophages,NK/Cytotoxic T cells,CCL5,CCR3,-0.05688028,1.0,0.00208348,-0.056147653217527974,-1.3140981001333238,0.097157076,,1.0,
Macrophages,NK/Cytotoxic T cells,CCL5,CCR5,-0.0721142,1.0,0.0048505603,-0.07211516393010384,-0.227988974300177,-0.3717852,,1.0,
Macrophages,NK/Cytotoxic T cells,CCL5,CXCR3,-0.048777822,1.0,0.00061175367,-0.048777932668117564,-0.1456375464713992,0.048576012,,1.0,
Macrophages,NK/Cytotoxic T cells,CCL7,ACKR1,-0.020571038,0.956,8.363273e-05,0.004111225450283858,0.5544592270837412,-0.0093776025,,0.6257689959341919,
Macrophages,NK/Cytotoxic T cells,CCL7,CCR2,-0.006484741,0.229,2.3214747e-05,0.01724229626050526,0.883824596794224,-0.003771844,,0.2886659161541871,
Macrophages,NK/Cytotoxic T cells,CCL7,CCR3,-0.012542698,0.004,4.9198123e-05,0.011894232956298862,-0.5004798862330602,0.005588219,,0.24233773589839258,
Macrophages,NK/Cytotoxic T cells,CCL7,CCR5,-0.027776614,1.0,0.0001145384,-0.0040732777562769995,0.5856292396000866,-0.021384105,,1.0,
Macrophages,NK/Cytotoxic T cells,CCL7,CXCR3,-0.0044402387,0.129,1.4445607e-05,0.019263953505709273,0.6679806674288644,0.0027939642,,0.2504309415074603,
Macrophages,NK/Cytotoxic T cells,CCL8,ACKR1,-0.02924667,1.0,0.0007602888,-0.017631278913514358,-0.11667996733617692,-0.33385977,,1.0,
Macrophages,NK/Cytotoxic T cells,CCL8,CCR2,-0.0151603725,0.779,0.00021104072,-0.004500208103292957,0.2126854023743059,-0.13428454,,0.833878744918629,
Macrophages,NK/Cytotoxic T cells,CCL8,CCR3,-0.02121833,0.748,0.0004472505,-0.009848271407499354,-1.1716190806529783,0.1989508,,0.9844945664662172,
Macrophages,NK/Cytotoxic T cells,CCL8,CCR5,-0.036452245,1.0,0.0010412461,-0.025815782120075216,-0.08550995481983148,-0.76131314,,1.0,
Macrophages,NK/Cytotoxic T cells,CD14,RIPK1,0.09367083,0.0,0.002213718,0.09373041162965763,0.7090330019623381,0.08651038,1.2697301,0.09353077303139377,
Macrophages,NK/Cytotoxic T cells,CD24,SIGLEC10,-0.05014032,1.0,-0.006135868,-0.049915705991324166,-1.4016015272518167,-0.10765019,,1.0,
Macrophages,NK/Cytotoxic T cells,CD40LG,CD40,-0.07298052,1.0,0.005206013,-0.072932074380822,-0.8289516443162334,-0.2578121,,1.0,
Macrophages,NK/Cytotoxic T cells,CD40LG,CD9,-0.13113545,1.0,0.012419493,-0.1311231404718655,-1.0169257172647734,-0.2888714,,1.0,
Macrophages,NK/Cytotoxic T cells,COL1A1,CD36,-0.08602923,1.0,-0.0037821634,-0.0860184682871023,-1.4006901490403805,-0.028876409,,1.0,
Macrophages,NK/Cytotoxic T cells,CP,SLC40A1,-0.04467848,1.0,0.001102621,-0.03197989874417362,-0.4569690842541385,-0.04172142,,1.0,
Macrophages,NK/Cytotoxic T cells,CSF1,CELSR3,0.006568311,0.0,-0.0008401857,0.015338477335590526,0.0015602016158173804,0.15515615,,0.06251493129189117,
Macrophages,NK/Cytotoxic T cells,CSF1,CSF3R,-0.07079776,1.0,-0.0064552836,-0.07087101987385488,-1.6879846925379272,-0.26470473,,1.0,
Macrophages,NK/Cytotoxic T cells,CSF1_IL34,CSF1R,-0.1378318,1.0,0.0027587141,-0.12757788842258222,-0.6815755982619247,-0.05218381,,1.0,
Macrophages,NK/Cytotoxic T cells,CSF2,CSF1R,-0.14543353,1.0,0.006791638,-0.1358181333958895,-1.2700499599093893,-0.06492592,,1.0,
Macrophages,NK/Cytotoxic T cells,CSF2,CSF3R,-0.101744,1.0,0.0045544426,-0.09222728188580692,-1.9553314468360035,-0.060028356,,1.0,
Macrophages,NK/Cytotoxic T cells,CXCL1,ACKR1,-0.026254943,1.0,0.000526949,-0.009376393744448248,0.14985915732645871,-0.06454611,,1.0,
Macrophages,NK/Cytotoxic T cells,CXCL1,CXCR1,-0.0032607182,0.001,-9.44642e-05,0.023186028606472994,0.6080106563895695,-0.15601237,,0.7818795875008355,
Macrophages,NK/Cytotoxic T cells,CXCL1,CXCR2,0.020936474,0.0,-0.0007483873,0.040466365206662316,0.540100084300525,0.07597777,,0.10270904855432365,
Macrophages,NK/Cytotoxic T cells,CXCL10,ACKR1,-0.012244788,0.623,-0.0005657732,0.0031791855812832656,0.3833032631894442,-0.8023203,,1.0,
Macrophages,NK/Cytotoxic T cells,CXCL10,CCR3,-0.0042164484,0.001,-0.000332824,0.01096219308729827,-0.6716358501273572,0.47811174,,0.35738963302149795,
Macrophages,NK/Cytotoxic T cells,CXCL10,CXCR3,0.0038860105,0.015,-9.772415e-05,0.01833191363670868,0.4968247035345674,0.23904344,,0.16309276447687512,
Macrophages,NK/Cytotoxic T cells,CXCL11,ACKR1,-0.030583045,1.0,0.0008645194,-0.020684720946200823,-0.23967754500327976,-0.12307091,,1.0,
Macrophages,NK/Cytotoxic T cells,CXCL11,CCR3,-0.022554705,0.946,0.00050856563,-0.012901713440185817,-1.294616658320081,0.07333935,,1.0,
Macrophages,NK/Cytotoxic T cells,CXCL11,CCR5,-0.037788622,1.0,0.0011839942,-0.028869224152761677,-0.20850753248693432,-0.2806433,,1.0,
Macrophages,NK/Cytotoxic T cells,CXCL11,CXCR3,-0.014452246,0.799,0.0001493256,-0.005531992890775404,-0.12615610465815652,0.036667768,,0.4643605369884586,
Macrophages,NK/Cytotoxic T cells,CXCL13,ACKR1,-0.024772368,0.991,0.00041131565,-0.010840039913683396,-0.05352078058381915,-0.038567077,,0.8032699877128014,
Macrophages,NK/Cytotoxic T cells,CXCL13,CXCR3,-0.008641571,0.405,7.10452e-05,0.004312688141742021,0.06000065976130409,0.011490681,,0.32350080006301996,
Macrophages,NK/Cytotoxic T cells,CXCL13,CXCR5,-0.04851863,1.0,0.0009122302,-0.0355144349830315,-1.2480212888354458,-0.09332278,,1.0,
Macrophages,NK/Cytotoxic T cells,CXCL2,ACKR1,0.006809406,0.066,-0.0020519055,0.009703919060194209,0.2740642040249677,-0.06729142,,0.5423193522222988,
Macrophages,NK/Cytotoxic T cells,CXCL2,CXCR1,0.02980363,0.0,0.00036783752,0.04226634141111545,0.7322157030880785,-0.16264798,2.0882757,0.25012225608307326,
Macrophages,NK/Cytotoxic T cells,CXCL2,CXCR2,0.054000825,0.0,0.0029141721,0.05954667801130477,0.664305130999034,0.0792093,1.2272184,0.09921846137140194,
Macrophages,NK/Cytotoxic T cells,CXCL8,ACKR1,0.024750363,0.0,-0.0034512107,0.029350751950333955,0.6119772591635031,-0.11218473,,0.3366261352635344,
Macrophages,NK/Cytotoxic T cells,CXCL8,CD79A,-0.057544976,1.0,-0.018017195,-0.05393173170395268,-0.12608048438411879,-0.2255676,,1.0,
Macrophages,NK/Cytotoxic T cells,CXCL8,CXCR1,0.047744587,0.0,0.0006186858,0.0619131743012552,1.070128758226614,-0.2711582,1.6717699,0.15072601561439614,
Macrophages,NK/Cytotoxic T cells,CXCL8,CXCR2,0.07194178,0.0,0.0049015037,0.07919351090144452,1.0022181861375694,0.1320536,1.166538,0.057782276906602766,
Macrophages,NK/Cytotoxic T cells,CXCL9,ACKR1,-0.026332745,0.996,0.0005330173,-0.011111375681875545,0.022404400882692688,-0.09837675,,0.8906193971992561,
Macrophages,NK/Cytotoxic T cells,CXCL9,CCR3,-0.018304406,0.338,0.00031355486,-0.0033283681758605422,-1.0325347124341087,0.058623817,,0.7619256043086858,
Macrophages,NK/Cytotoxic T cells,CXCL9,CXCR3,-0.010201948,0.478,9.206632e-05,0.00404135237354987,0.13592584122781592,0.029310383,,0.3391581295904229,
Macrophages,NK/Cytotoxic T cells,CXCL9,KIR2DL3,0.08394017,0.0,-0.0024813993,0.10101660810690383,1.360420767791025,-0.7654435,,0.11671841500024098,
Macrophages,NK/Cytotoxic T cells,FADD,TRAF2,0.0031078504,0.198,-4.4623546e-05,0.005963502684109089,0.08537645856655907,0.47939226,,0.26220573663728697,
Macrophages,NK/Cytotoxic T cells,FASLG,TNFRSF10B,-0.06411202,1.0,0.002639366,-0.06326251472534464,-1.0043644887971093,-0.43228543,,1.0,
Macrophages,NK/Cytotoxic T cells,FCER2,CR2,0.008220203,0.001,-0.0014333476,0.015960613950280117,0.05529531812182453,0.13194412,,0.11728779665642686,
Macrophages,NK/Cytotoxic T cells,FN1,C5AR1,0.02540157,0.0,-0.0619786,0.025387731399402716,-0.3204112932938862,-0.19898452,,0.8728708325951764,
Macrophages,NK/Cytotoxic T cells,FN1,CD79A,0.03603047,0.0,-0.056118906,0.03601130821710613,-0.1143994603414219,-0.50567394,,0.5528258841833675,
Macrophages,NK/Cytotoxic T cells,FN1,ITGA2,0.12123531,0.0,-0.009145628,0.12490406956087596,0.04155300459707012,0.1638137,,0.03950530816948426,
Macrophages,NK/Cytotoxic T cells,GAL,HLA-DPA1,-0.17527409,1.0,0.0024168289,-0.17040424163969753,-0.45494241719517925,-0.07681471,,1.0,
Macrophages,NK/Cytotoxic T cells,GZMA,PARD3,-0.014968843,0.876,0.00014631984,-0.010894446183188624,-0.5601173829972838,0.008064524,,0.5032346645640087,
Macrophages,NK/Cytotoxic T cells,HLA-DPA1,LAG3,0.15236819,0.0,0.010483642,0.15245930933888038,0.6313518708007999,-0.36053795,1.1081762,0.11671841500024098,
Macrophages,NK/Cytotoxic T cells,HLA-DPB1,LAG3,0.14816178,0.0,0.010151082,0.14824313069962333,0.6239594862120454,-0.37693214,1.1101276,0.11671841500024098,
Macrophages,NK/Cytotoxic T cells,HLA-DQA1,LAG3,0.1298286,0.0,0.008701656,0.12991945609021305,0.746329996175543,-0.3603739,1.1200047,0.11671841500024098,
Macrophages,NK/Cytotoxic T cells,HLA-DQB1,LAG3,0.13420635,0.0,0.009047762,0.1342812224540779,0.6375556390352868,-0.33016807,1.1174148,0.11671841500024098,
Macrophages,NK/Cytotoxic T cells,HLA-DRA,LAG3,0.17634936,0.0,0.0123796,0.17643093480277816,0.6320737195233024,-0.37766033,1.098697,0.11671841500024098,
Macrophages,NK/Cytotoxic T cells,HLA-DRB1,LAG3,0.15562841,0.0,0.010741396,0.1557130588521961,0.6896474087321753,-0.36418507,1.106731,0.11671841500024098,
Macrophages,NK/Cytotoxic T cells,HLA-DRB5,LAG3,0.098980874,0.0,0.0062628244,0.09906376391527046,0.9129885207482924,-0.3078608,1.1445541,0.11671841500024098,
Macrophages,NK/Cytotoxic T cells,IL10,CD70,0.014049833,0.0,0.000196121,0.03411210424624216,0.7796869570390044,-0.014388153,3.4928668,0.3054984213155124,
Macrophages,NK/Cytotoxic T cells,IL1B,ADRB2,0.06294803,0.0,0.0039446466,0.06461360019147612,1.0111501917146892,0.3511365,1.1892564,0.011230574363837136,
Macrophages,NK/Cytotoxic T cells,IL1B,IL1R2_IL1RAP,-0.01244295,0.908,-0.0061830725,-0.011493914009566501,-0.6820436820231008,-0.09962226,,0.6754706538734977,
Macrophages,NK/Cytotoxic T cells,IL4,IL21R,0.030348884,0.0,-0.0011625484,0.035493120295447995,0.1941226414052064,-2.1722379,,0.2957142066183242,
Macrophages,NK/Cytotoxic T cells,IL6,FCGR3B,-0.03506417,1.0,0.00093063887,-0.020706105975011435,-0.9138666435845484,-0.059575133,,1.0,
Macrophages,NK/Cytotoxic T cells,L1CAM,CD9,-0.11455439,1.0,0.005778735,-0.10576170759102071,-1.1161599416241799,-0.10909045,,1.0,
Macrophages,NK/Cytotoxic T cells,L1CAM,ERBB2,0.021585457,0.0,-0.0020785502,0.04287451212680582,0.5300905793289381,-0.26908597,,0.24412973101193947,
Macrophages,NK/Cytotoxic T cells,LGALS3,LAG3,0.12344961,0.0,0.008197331,0.12352583646778656,0.8559255821933506,-0.5147699,1.1240923,0.11671841500024098,
Macrophages,NK/Cytotoxic T cells,LTF,IGDCC4,-0.011862895,0.448,0.00014048307,-0.0019250206443161006,-0.31715214186926377,0.18688892,,0.33502000053129877,
Macrophages,NK/Cytotoxic T cells,LTF,IL1RL1,-0.048211727,1.0,0.0009668884,-0.04162853117223314,-1.556009453522759,13.461559,,0.22918513718362485,
Macrophages,NK/Cytotoxic T cells,NTNG2,LRRC4,-0.024293195,0.844,0.00041496844,-0.012633501055900505,-0.9979863234814819,0.059281733,,0.7106248869901979,
Macrophages,NK/Cytotoxic T cells,PNOC,OPRL1,-0.035474204,1.0,0.0012265182,-0.02709468503463555,-0.7254245444451621,-0.68348116,,1.0,
Macrophages,NK/Cytotoxic T cells,PSAP,CD1B,0.09594643,0.0,-0.010712937,0.09448274208558596,-1.8000266756766896,0.16357431,,0.38345188597849267,
Macrophages,NK/Cytotoxic T cells,S100A12,CD36,-0.06756289,1.0,-0.010865105,-0.060396506838531455,-0.9087043835764255,-0.13032427,,1.0,
Macrophages,NK/Cytotoxic T cells,S100A8,CD36,-0.03593296,1.0,-0.02299707,-0.035928426835522005,-0.9187914909791632,-0.109224714,,1.0,
Macrophages,NK/Cytotoxic T cells,S100A8,CD68,-0.0943609,1.0,-0.037009716,-0.09435840273472004,-0.4844746957880637,-0.104887076,,1.0,
Macrophages,NK/Cytotoxic T cells,S100A9,CD36,-0.02041705,1.0,-0.02894835,-0.020401325535062048,-1.0917158239709261,-0.112355724,,1.0,
Macrophages,NK/Cytotoxic T cells,S100A9,CD68,-0.07884499,1.0,-0.046587244,-0.07883130143426009,-0.6573990287798266,-0.10789375,,1.0,
Macrophages,NK/Cytotoxic T cells,SAA1,CD36,-0.10466409,1.0,0.0033654163,-0.0912375779756535,-1.2454194354668253,-0.07745898,,1.0,
Macrophages,NK/Cytotoxic T cells,SAA1,FPR1,-0.107054986,1.0,0.0034493287,-0.09364537621230547,-1.1798034361215555,-0.064395785,,1.0,
Macrophages,NK/Cytotoxic T cells,SCGB3A1,MARCO,-0.09322808,1.0,0.004066418,-0.08294098004279946,-2.4330277829715876,-0.11191707,,1.0,
Macrophages,NK/Cytotoxic T cells,SCGB3A1,NOTCH3,-0.030895017,0.991,0.00092229975,-0.015078284863244123,-0.4157152900291212,0.1806291,,0.8032699877128014,
Macrophages,NK/Cytotoxic T cells,SORBS1,ITGA1,0.0074794143,0.002,-0.001051589,0.01182800744874301,-0.3640752303124597,-0.28106722,,0.9353086881901569,
Macrophages,NK/Cytotoxic T cells,THBS1,CD36,-0.09099892,1.0,-0.00187599,-0.08891127985728738,-1.2303520514621895,-0.014789071,,1.0,
Macrophages,NK/Cytotoxic T cells,TNF,FFAR2,-0.038883716,1.0,0.00088969973,-0.03903378332878038,-1.2550351409809202,0.82752275,,1.0,
Macrophages,NK/Cytotoxic T cells,TNF,ICOS,-0.02658306,1.0,0.00054678443,-0.026312891379987723,-0.5533878673576833,-0.47489795,,1.0,
Macrophages,NK/Cytotoxic T cells,TNF,NOTCH1,0.04594549,0.0,-0.0014751526,0.04621086080702985,0.2619250019536905,-0.90862083,,0.2235766015400389,
Macrophages,NK/Cytotoxic T cells,TNF,TRAF2,-0.0017317012,0.492,-0.000146017,-0.00015025676825974107,0.16636006142981508,0.47128358,,0.34193809972691275,
Macrophages,NK/Cytotoxic T cells,TNFSF4,TNFRSF4,0.022942767,0.0,-0.00075636734,0.03633723909611059,0.5584523488198925,-0.122129686,,0.28730576909235916,
Macrophages,NK/Cytotoxic T cells,TNFSF4,TRAF2,-0.0011985311,0.037,-0.00013484656,0.012033260102406728,0.5141323346744091,-0.09446437,,0.657501041605019,
Macrophages,NK/Cytotoxic T cells,TNFSF9,ADGRG5,0.03570535,0.0,0.00020868597,0.03933071776261149,0.4020623221014046,-0.5590896,3.2455168,0.2686196895012319,
Macrophages,NK/Cytotoxic T cells,TNFSF9,HLA-DPA1,-0.17022985,1.0,-0.0010486908,-0.16969484705587412,-0.817086272367943,-0.04831605,,1.0,
Macrophages,NK/Cytotoxic T cells,TNFSF9,TNFRSF9,0.000245346,0.171,-7.821859e-06,0.006180486246774695,-0.010797250589599017,0.003140742,,0.254578445111122,
Macrophages,NK/Cytotoxic T cells,TNFSF9,TRAF2,0.0067641735,0.107,3.198009e-05,0.00861329476955324,0.14583565033744605,-0.10706949,-1.3030711,0.6984477114841089,
Macrophages,T cells (naive/memory),ADCYAP1,ADRB2,-0.060035594,1.0,0.003177432,-0.05560701668558244,-1.253338980183555,-0.8037743,,1.0,
Macrophages,T cells (naive/memory),ADCYAP1,VIPR2,-0.030744385,1.0,0.0008707216,-0.01793360260782701,-0.7385503802865401,0.065666504,,1.0,
Macrophages,T cells (naive/memory),ADM,ADRB2,-0.014867833,0.921,-0.004112258,-0.010877930607176928,-0.14660546164672184,-0.42798993,,1.0,
Macrophages,T cells (naive/memory),ADM,RAMP1,-0.0056654997,0.175,-0.0031743553,-0.0015784083625200729,-0.6128360335521057,0.12858026,,0.3058255641193576,
Macrophages,T cells (naive/memory),APOE,LRP8,0.11197507,0.0,-0.013400328,0.1151357553995583,0.090566351085971,0.27891254,,0.03389495951389369,
Macrophages,T cells (naive/memory),BTLA,CD247,-0.06316773,1.0,-0.00044962493,-0.06256409636349008,-0.15568774450553086,-0.58856624,,1.0,
Macrophages,T cells (naive/memory),BTLA,CD79A,0.3257586,0.0,0.0022448546,0.32638563982166285,1.082225189734562,-2.3483381,1.2673512,0.11671841500024098,
Macrophages,T cells (naive/memory),C3,C5AR2,-0.027023958,0.999,-0.0031257325,-0.027647069688340888,-0.7230462753341387,-0.030609481,,1.0,
Macrophages,T cells (naive/memory),C3,CR2,0.06879154,0.0,0.0035953328,0.09469192569436609,1.1703002986502082,-0.11631007,1.2000337,0.11671841500024098,
Macrophages,T cells (naive/memory),CCL13,ACKR1,-0.05057131,1.0,0.00091609807,-0.03323619758447546,-0.3743375680626553,-0.11701933,,1.0,
Macrophages,T cells (naive/memory),CCL13,CCR2,-0.015518807,0.827,0.00021100875,0.00198907017295695,0.7958599942179574,-0.039056238,,0.4798989334191863,
Macrophages,T cells (naive/memory),CCL13,CCR3,-0.0124597475,0.025,0.00014947508,0.017280446163523817,0.9479886618124234,0.01934166,,0.2051446719113185,
Macrophages,T cells (naive/memory),CCL13,CCR5,-0.07857967,1.0,0.0014794928,-0.06109041469996008,0.16184669727495926,-0.31466827,,1.0,
Macrophages,T cells (naive/memory),CCL13,CXCR3,-0.025926288,0.995,0.00042035765,-0.008434738154162118,0.5931808737159543,0.09261986,,0.8665691107056317,
Macrophages,T cells (naive/memory),CCL17,ACKR1,-0.046901695,1.0,0.00024760386,-0.022883550342739218,-0.2408735746918924,-0.025176294,,1.0,
Macrophages,T cells (naive/memory),CCL18,ACKR1,-0.029148862,0.997,-0.0029864302,-0.02286086358916253,-0.856795710176411,-0.11257466,,0.9195508779440885,
Macrophages,T cells (naive/memory),CCL18,CCR3,0.008962704,0.0,-0.00048728066,0.027655780158836747,0.46553051969866766,0.018607019,,0.20738157633651458,
Macrophages,T cells (naive/memory),CCL19,CCR7,0.061166447,0.0,-0.0019108615,0.07677087548413562,0.5909509941940618,-0.13940336,,0.11671841500024098,
Macrophages,T cells (naive/memory),CCL19,CXCR3,-0.0279048,0.996,0.00058574125,-0.012302679895778006,0.2938095823970064,0.09577866,,0.8906193971992561,
Macrophages,T cells (naive/memory),CCL2,ACKR1,-0.024936724,0.986,-0.0037537555,-0.016313471184475133,-0.523850158852154,-0.2534742,,1.0,
Macrophages,T cells (naive/memory),CCL2,CCR2,0.010115782,0.032,-0.0008646184,0.01891179657295728,0.6463474034284586,-0.08459926,,0.6116142495620748,
Macrophages,T cells (naive/memory),CCL2,CCR3,0.013174841,0.0,-0.0006124812,0.03420317256352415,0.7984760710229246,0.041895747,,0.16004316567793309,
Macrophages,T cells (naive/memory),CCL2,CCR5,-0.052945085,1.0,-0.006062292,-0.04416768829995975,0.012334106485460516,-0.6815992,,1.0,
Macrophages,T cells (naive/memory),CCL20,CCR6,0.037600018,0.0,-0.0025551685,0.044896241836847095,0.13866149239185344,2.5854812,,0.02856447333436489,
Macrophages,T cells (naive/memory),CCL20,CXCR3,-0.033597194,1.0,0.0010615679,-0.02630192400769092,-0.26844484543460934,0.30302086,,1.0,
Macrophages,T cells (naive/memory),CCL21,CCR7,0.05421216,0.0,-0.0038072604,0.05556708858673895,0.04859107655285588,0.23566467,,0.03843693711145802,
Macrophages,T cells (naive/memory),CCL21,CXCR3,-0.034859084,1.0,0.0011670493,-0.03350646679317468,-0.24855033524419956,-0.16191608,,1.0,
Macrophages,T cells (naive/memory),CCL3,CCR3,0.024300413,0.0,-0.00094317505,0.03655127283535923,0.2023371912639993,0.032136846,,0.18205404513366605,
Macrophages,T cells (naive/memory),CCL3,CCR5,-0.041819513,1.0,-0.009335473,-0.04181958802812467,-0.5838047732734648,-0.52283233,,1.0,
Macrophages,T cells (naive/memory),CCL4,CCR3,-0.018392315,0.976,0.00032581328,-0.006142430752798758,0.153690020626016,0.57130605,,0.7049559787614086,
Macrophages,T cells (naive/memory),CCL4,CCR5,-0.08451224,1.0,0.0032248748,-0.08451329161628265,-0.6324519439114481,-9.294542,,1.0,
Macrophages,T cells (naive/memory),CCL4,CNR2,0.0849557,0.0,-0.0042055324,0.10876921423786762,1.0971860780212577,34.95762,,0.007070387620923245,
Macrophages,T cells (naive/memory),CCL5,ACKR1,-0.09095237,1.0,0.008272316,-0.09110625787791361,-1.1862451233433742,-0.38080522,,1.0,
Macrophages,T cells (naive/memory),CCL5,CCR3,-0.052840807,1.0,0.0013497518,-0.04058961412991433,0.13608110653170452,0.06294178,,1.0,
Macrophages,T cells (naive/memory),CCL5,CCR5,-0.11896073,1.0,0.013359739,-0.11896047499339824,-0.6500608580057596,-1.0239959,,1.0,
Macrophages,T cells (naive/memory),CCL5,CXCR3,-0.06630734,1.0,0.003795807,-0.06630479844760026,-0.21872668156476455,0.30140427,,1.0,
Macrophages,T cells (naive/memory),CCL7,ACKR1,-0.04661479,1.0,0.00019533782,-0.023064371704086775,-0.3726269094431105,-0.021902913,,1.0,
Macrophages,T cells (naive/memory),CCL7,CCR2,-0.011562281,0.574,4.499299e-05,0.012160896053345638,0.7975706528375022,-0.007310291,,0.3626072822288613,
Macrophages,T cells (naive/memory),CCL7,CCR3,-0.008503223,0.0,3.187228e-05,0.027452272043912505,0.9496993204319681,0.0036202455,,0.2478536290695221,
Macrophages,T cells (naive/memory),CCL7,CCR5,-0.074623145,1.0,0.00031546937,-0.05091858881957139,0.16355735589450404,-0.058897544,,1.0,
Macrophages,T cells (naive/memory),CCL7,CXCR3,-0.021969764,0.939,8.963205e-05,0.0017370877262265702,0.5948915323354991,0.01733598,,0.5814753043213702,
Macrophages,T cells (naive/memory),CCL8,ACKR1,-0.05529042,1.0,0.0017757779,-0.04480687606788499,-1.0437661038630286,-0.77978367,,1.0,
Macrophages,T cells (naive/memory),CCL8,CCR2,-0.020237913,0.903,0.00040902244,-0.009581608310452579,0.12643145841758407,-0.2602597,,1.0,
Macrophages,T cells (naive/memory),CCL8,CCR3,-0.017178854,0.272,0.00028974467,0.005709767680114287,0.27856012601205005,0.12888736,,0.28217459332463213,
Macrophages,T cells (naive/memory),CCL8,CCR5,-0.08329878,1.0,0.0028678703,-0.07266109318336961,-0.507581838525414,-2.0968602,,1.0,
Macrophages,T cells (naive/memory),CD14,RIPK1,0.06911252,0.0,-0.006365375,0.06914753609783211,-0.14429855786605383,-0.24875394,,0.6005559488303033,
Macrophages,T cells (naive/memory),CD24,SIGLEC10,-0.0075995475,0.806,-0.0024888795,-0.007182189959193053,0.1050803633120565,-0.043665923,,0.4687609851713723,
Macrophages,T cells (naive/memory),CD40LG,CD40,0.051195547,0.0,-0.010196665,0.05257052916595058,0.6774257541343197,0.50495917,,0.013628955538405109,
Macrophages,T cells (naive/memory),CD40LG,CD9,-0.15209866,1.0,0.015019748,-0.152096271733315,-1.1336195992584464,-0.3493521,,1.0,
Macrophages,T cells (naive/memory),COL1A1,CD36,-0.08973472,1.0,-0.003928318,-0.08972773397935574,-1.443293421807201,-0.029992286,,1.0,
Macrophages,T cells (naive/memory),CP,SLC40A1,-0.06734622,1.0,0.0017729627,-0.05465101243542807,-0.9393829224206824,-0.06708609,,1.0,
Macrophages,T cells (naive/memory),CSF1,CELSR3,0.0059863087,0.002,-0.0008824264,0.013680364687254575,-0.07553748108378366,0.1629567,,0.1267804370119172,
Macrophages,T cells (naive/memory),CSF1,CSF3R,-0.07415756,1.0,-0.0066991323,-0.07424126023911815,-2.3424981720145532,-0.27470398,,1.0,
Macrophages,T cells (naive/memory),CSF1_IL34,CSF1R,-0.14266828,1.0,0.0028593119,-0.13241081590481552,-0.7194640837394632,-0.05408672,,1.0,
Macrophages,T cells (naive/memory),CSF2,CSF1R,-0.15027002,1.0,0.0070392983,-0.1406510608781228,-1.3079384453869278,-0.06729347,,1.0,
Macrophages,T cells (naive/memory),CSF2,CSF3R,-0.105103806,1.0,0.0047264867,-0.0955975222510702,-2.6098449263126295,-0.062295932,,1.0,
Macrophages,T cells (naive/memory),CXCL1,ACKR1,-0.05229869,1.0,0.0012307749,-0.03655199089881888,-0.777226979200393,-0.15075792,,1.0,
Macrophages,T cells (naive/memory),CXCL1,CXCR1,-0.03854975,1.0,0.0008592132,-0.02155246620070709,-0.8069321043416484,1.4190338,,1.0,
Macrophages,T cells (naive/memory),CXCL1,CXCR2,-0.060489293,1.0,0.0014521239,-0.045108795204364234,-1.6967193290463136,-0.1474225,,1.0,
Macrophages,T cells (naive/memory),CXCL10,ACKR1,-0.038288537,1.0,-0.0013214552,-0.023996411573087368,-0.5437828733374075,-1.8739494,,1.0,
Macrophages,T cells (naive/memory),CXCL10,CCR3,-0.00017697318,0.0,-0.00021561513,0.02652023217491191,0.7785433565376711,0.30973765,,0.036466892041793084,
Macrophages,T cells (naive/memory),CXCL10,CXCR3,-0.013643513,0.753,-0.00060635846,0.0008050478572259774,0.4237355684412021,1.4832159,,0.442821190337382,
Macrophages,T cells (naive/memory),CXCL11,ACKR1,-0.056626797,1.0,0.0020192254,-0.04786031810057145,-1.1667636815301314,-0.2874521,,1.0,
Macrophages,T cells (naive/memory),CXCL11,CCR3,-0.01851523,0.387,0.00032946677,0.002656325647427824,0.1555625483449472,0.047511816,,0.3148944563108922,
Macrophages,T cells (naive/memory),CXCL11,CCR5,-0.08463515,1.0,0.0032610365,-0.07571453521605608,-0.6305794161925169,-0.77296674,,1.0,
Macrophages,T cells (naive/memory),CXCL11,CXCR3,-0.03198177,1.0,0.00092653494,-0.023058858670258107,-0.19924523975152186,0.22751603,,1.0,
Macrophages,T cells (naive/memory),CXCL13,ACKR1,-0.05081612,1.0,0.00096069445,-0.038015637068054026,-0.9806069171106708,-0.09007967,,1.0,
Macrophages,T cells (naive/memory),CXCL13,CXCR3,-0.026171094,0.987,0.00044082102,-0.013214177637740684,-0.013088475332061256,0.07129734,,0.7630415665449976,
Macrophages,T cells (naive/memory),CXCL13,CXCR5,0.100553684,0.0,-0.0022323695,0.11674701049366144,1.006160913562511,0.22837542,,0.023013004637142995,
Macrophages,T cells (naive/memory),CXCL2,ACKR1,-0.019234344,0.975,-0.004792558,-0.017471678094176425,-0.653021932501884,-0.15717004,,0.9453628346193776,
Macrophages,T cells (naive/memory),CXCL2,CXCR1,-0.0054854043,0.353,-0.0033457207,-0.0024721533960646302,-0.6827270576431395,1.4793888,,0.36419416341567723,
Macrophages,T cells (naive/memory),CXCL2,CXCR2,-0.027424946,0.996,-0.0056544766,-0.02602848239972178,-1.5725142823478047,-0.15369277,,1.0,
Macrophages,T cells (naive/memory),CXCL8,ACKR1,-0.0012933873,0.412,-0.008060862,0.0021751547959633216,-0.3151088773633486,-0.26202565,,1.0,
Macrophages,T cells (naive/memory),CXCL8,CD79A,0.36827573,0.0,0.057351567,0.37191998743059246,1.7864880753985801,0.7180171,1.0435532,0.007070387620923245,
Macrophages,T cells (naive/memory),CXCL8,CXCR1,0.012455553,0.001,-0.0056273486,0.017174679494075116,-0.34481400250460403,2.4663596,,0.148356939563597,
Macrophages,T cells (naive/memory),CXCL8,CXCR2,-0.009483989,0.781,-0.00951057,-0.0063816495095820325,-1.2346012272092692,-0.25622854,,1.0,
Macrophages,T cells (naive/memory),CXCL9,ACKR1,-0.052376498,1.0,0.0012449484,-0.03828697283624618,-0.904681735644159,-0.22977488,,1.0,
Macrophages,T cells (naive/memory),CXCL9,CCR3,-0.014264931,0.043,0.0002031319,0.012229670911753098,0.41764449423091965,0.03797858,,0.19227596387196708,
Macrophages,T cells (naive/memory),CXCL9,CXCR3,-0.02773147,0.996,0.0005712528,-0.013485513405932834,0.06283670613445058,0.18186496,,0.8906193971992561,
Macrophages,T cells (naive/memory),CXCL9,KIR2DL3,-0.048864733,1.0,0.0011489509,-0.03454452067590909,-1.3703769872073848,0.35441974,,1.0,
Macrophages,T cells (naive/memory),FADD,TRAF2,-0.017107638,0.957,0.00012760435,-0.014790830204217361,-0.48100624556366167,-1.3708578,,1.0,
Macrophages,T cells (naive/memory),FASLG,TNFRSF10B,-0.019603755,0.979,0.00034642516,-0.01840397038920329,-0.06142896982273216,-0.056738835,,0.7158128551504235,
Macrophages,T cells (naive/memory),FCER2,CR2,0.074736014,0.0,0.00481407,0.10229110379302048,1.2600458863708015,-0.44315016,1.1682969,0.11671841500024098,
Macrophages,T cells (naive/memory),FN1,C5AR1,0.014295667,0.049,-0.068101265,0.01429023664578341,-0.74203633461473,-0.21864156,,1.0,
Macrophages,T cells (naive/memory),FN1,CD79A,0.46185118,0.0,0.17863531,0.46186302735165125,1.7981690994412771,1.6096396,1.0242208,0.007070387620923245,
Macrophages,T cells (naive/memory),FN1,ITGA2,0.12701675,0.0,-0.0059583266,0.13861989346771797,0.8214518861945533,0.106723726,,0.07301720950502254,
Macrophages,T cells (naive/memory),GAL,HLA-DPA1,-0.019239822,0.988,0.00022122858,-0.01437469127731393,0.03861132371352566,-0.0070313667,,0.7687852937277638,
Macrophages,T cells (naive/memory),GZMA,PARD3,-0.014969432,0.847,0.00014632707,-0.010899643579070185,-0.5173872364068098,0.008064924,,0.48804029836328094,
Macrophages,T cells (naive/memory),HLA-DPA1,LAG3,0.107109725,0.0,-0.013522007,0.1071443371809723,-0.059305581152353515,0.46502894,,0.05607873997559718,
Macrophages,T cells (naive/memory),HLA-DPB1,LAG3,0.10290332,0.0,-0.013093065,0.10292815854171525,-0.06669796574110792,0.48617446,,0.0579259691640468,
Macrophages,T cells (naive/memory),HLA-DQA1,LAG3,0.08457015,0.0,-0.011223567,0.08460448393230499,0.05567254422238954,0.46481735,,0.03718366456394365,
Macrophages,T cells (naive/memory),HLA-DQB1,LAG3,0.08894789,0.0,-0.01166998,0.08896625029616981,-0.05310181291786664,0.42585725,,0.054276047425994206,
Macrophages,T cells (naive/memory),HLA-DRA,LAG3,0.1310909,0.0,-0.015967451,0.13111596264487008,-0.0585837324298511,0.4871137,,0.055519355418373474,
Macrophages,T cells (naive/memory),HLA-DRB1,LAG3,0.11036995,0.0,-0.013854464,0.11039808669428802,-0.0010100432209780297,0.46973303,,0.044709409734468394,
Macrophages,T cells (naive/memory),HLA-DRB5,LAG3,0.05372241,0.0,-0.008077914,0.05374879175736238,0.22233106879513898,0.3970849,,0.020135848992000178,
Macrophages,T cells (naive/memory),IL10,CD70,-0.00537616,0.117,-0.000393644,0.0084988043502762,0.2876028003642723,0.028879166,,0.23347690970005766,
Macrophages,T cells (naive/memory),IL1B,ADRB2,-0.0067638718,0.743,-0.005420168,-0.005331183917960801,-0.15630786608237468,-0.48248145,,1.0,
Macrophages,T cells (naive/memory),IL1B,IL1R2_IL1RAP,-0.019468993,0.979,-0.0071269227,-0.019150447915589376,-1.445264093555152,-0.11482965,,1.0,
Macrophages,T cells (naive/memory),IL4,IL21R,-0.012219079,0.743,0.00013982847,-0.007265660582703249,-0.3860358552164467,0.26127145,,0.4348360087713221,
Macrophages,T cells (naive/memory),IL6,FCGR3B,-0.061090067,1.0,0.0018559474,-0.04927562637044419,-2.4469114374747,-0.11880904,,1.0,
Macrophages,T cells (naive/memory),L1CAM,CD9,-0.1355176,1.0,0.006988622,-0.12673483885247022,-1.232853823617853,-0.13193059,,1.0,
Macrophages,T cells (naive/memory),L1CAM,ERBB2,-0.022356525,0.807,0.00045755287,-0.008399746735800562,-0.3257794642379257,0.0592341,,0.4700871971976435,
Macrophages,T cells (naive/memory),LGALS3,LAG3,0.07819115,0.0,-0.010573078,0.07821086430987848,0.16526813024019715,0.6639603,,0.025403988871652454,
Macrophages,T cells (naive/memory),LTF,IGDCC4,-0.012440038,0.497,0.00015360463,-0.005985124944219821,-1.2381881802770263,0.20434494,,1.0,
Macrophages,T cells (naive/memory),LTF,IL1RL1,-0.055652786,1.0,0.0011360638,-0.04990030789174419,-3.558124223328722,15.816914,,0.21267727145441262,
Macrophages,T cells (naive/memory),NTNG2,LRRC4,-0.02313815,0.746,0.00038942526,-0.010039987241541662,-0.6553483870855952,0.055632673,,0.4377652437587984,
Macrophages,T cells (naive/memory),PNOC,OPRL1,-0.0389567,1.0,0.0014342571,-0.032770900952068666,-1.0329391403095336,-0.79924434,,1.0,
Macrophages,T cells (naive/memory),PSAP,CD1B,0.0953688,0.0,-0.010986827,0.09331557762626633,-2.6620017476719413,0.16775629,,0.36676625826367937,
Macrophages,T cells (naive/memory),S100A12,CD36,-0.07126838,1.0,-0.011284967,-0.0641057725307849,-0.9513076563432461,-0.1353604,,1.0,
Macrophages,T cells (naive/memory),S100A8,CD36,-0.03963845,1.0,-0.02388575,-0.039637692527775444,-0.9613947637459839,-0.1134455,,1.0,
Macrophages,T cells (naive/memory),S100A8,CD68,-0.09714565,1.0,-0.037677575,-0.09714732693142447,-0.46220511091335936,-0.10677982,,1.0,
Macrophages,T cells (naive/memory),S100A9,CD36,-0.024122536,0.999,-0.030067004,-0.024110591227315487,-1.1343190967377468,-0.116697505,,1.0,
Macrophages,T cells (naive/memory),S100A9,CD68,-0.08162973,1.0,-0.047427937,-0.08162022563096452,-0.6351294439051223,-0.10984075,,1.0,
Macrophages,T cells (naive/memory),SAA1,CD36,-0.108369574,1.0,0.0034954664,-0.09494684366790694,-1.288022708233646,-0.08045224,,1.0,
Macrophages,T cells (naive/memory),SAA1,FPR1,-0.113502555,1.0,0.003675617,-0.10007875665571007,-2.058229409954507,-0.06862038,,1.0,
Macrophages,T cells (naive/memory),SCGB3A1,MARCO,-0.095505476,1.0,0.0041812914,-0.08521843082216725,-2.570260115466828,-0.11507864,,1.0,
Macrophages,T cells (naive/memory),SCGB3A1,NOTCH3,-0.03707707,1.0,0.0012341262,-0.024732420937801956,-0.8275529170365492,0.24169919,,1.0,
Macrophages,T cells (naive/memory),SORBS1,ITGA1,-0.049641535,1.0,0.0018958712,-0.045292701544853015,-0.8269481019977714,0.5067258,,1.0,
Macrophages,T cells (naive/memory),THBS1,CD36,-0.094704404,1.0,-0.001948484,-0.09262054554954081,-1.2729553242290101,-0.015360567,,1.0,
Macrophages,T cells (naive/memory),TNF,FFAR2,-0.04063218,1.0,0.00093844306,-0.04147985507736178,-1.4774967701068977,0.8728597,,1.0,
Macrophages,T cells (naive/memory),TNF,ICOS,-0.017683158,0.983,0.00029867463,-0.017412232597984918,-0.24037843567919426,-0.25940746,,1.0,
Macrophages,T cells (naive/memory),TNF,NOTCH1,-0.025105568,1.0,0.0005055951,-0.0248434428864086,-0.2948085707222463,0.31142154,,1.0,
Macrophages,T cells (naive/memory),TNF,TRAF2,-0.02194719,0.994,0.0004175465,-0.02090458965658619,-0.40002264270040566,-1.3476704,,1.0,
Macrophages,T cells (naive/memory),TNFSF4,TNFRSF4,-0.03909763,1.0,0.0008408706,-0.026945790453802857,-0.47668299353752897,0.13577431,,1.0,
Macrophages,T cells (naive/memory),TNFSF4,TRAF2,-0.02141402,0.902,0.00038560375,-0.008721072785919722,-0.05225036945581163,0.2701279,,0.5307963661627486,
Macrophages,T cells (naive/memory),TNFSF9,ADGRG5,-0.013563824,0.932,-9.213639e-05,-0.01188408072327237,-0.3577696011953271,0.24684216,,0.568607033739827,
Macrophages,T cells (naive/memory),TNFSF9,HLA-DPA1,-0.014195582,0.945,-9.59937e-05,-0.013665296693490522,-0.32353253145923805,-0.0044226926,,0.5935058805564343,
Macrophages,T cells (naive/memory),TNFSF9,TNFRSF9,-0.025840774,0.998,-0.00016709566,-0.023576326070655428,-0.5802241320135937,0.06709457,,0.9619890792881178,
Macrophages,T cells (naive/memory),TNFSF9,TRAF2,-0.0134513145,0.921,-9.144944e-05,-0.012141038118773212,-0.4205470537927747,0.30617318,,0.5554518324983789,
Macrophages,T cells (resting),ADCYAP1,ADRB2,-0.05803746,1.0,0.0030200772,-0.0536007967201604,-0.9012075544712452,-0.76396924,,1.0,
Macrophages,T cells (resting),ADCYAP1,VIPR2,-0.03151992,1.0,0.0009317957,-0.02026624323652517,-0.923214648290736,0.070272475,,1.0,
Macrophages,T cells (resting),ADM,ADRB2,-0.012869699,0.957,-0.003908608,-0.00887171064175489,0.20552596406558798,-0.40679473,,1.0,
Macrophages,T cells (resting),ADM,RAMP1,-0.005880544,0.116,-0.0031962725,-0.001896632035789582,-0.8726224972236736,0.12946804,,0.561031752340863,
Macrophages,T cells (resting),APOE,LRP8,0.11291138,0.0,-0.012889043,0.11642355160590076,0.05441724164852213,0.26827073,,0.037494065646128526,
Macrophages,T cells (resting),BTLA,CD247,-0.01812247,0.998,-0.00013755164,-0.017516848407252945,-0.021237490989867935,-0.18005732,,1.0,
Macrophages,T cells (resting),BTLA,CD79A,-0.03996338,1.0,-0.00028886533,-0.03935795161279784,-0.20355582669953676,0.3021815,,1.0,
Macrophages,T cells (resting),C3,C5AR2,-0.028999811,1.0,-0.0032643306,-0.02986182633749051,-1.0244831537457073,-0.031966735,,1.0,
Macrophages,T cells (resting),C3,CR2,0.004176338,0.02,-0.00093715923,0.010827888105570376,0.06153949785661039,0.030317375,,0.1844421665591506,
Macrophages,T cells (resting),CCL13,ACKR1,-0.049993947,1.0,0.00090448424,-0.03263679303610544,-0.0375143152535613,-0.11553582,,1.0,
Macrophages,T cells (resting),CCL13,CCR2,-0.025044397,1.0,0.0004026182,-0.007536938401051251,0.6617762237272506,-0.074521795,,1.0,
Macrophages,T cells (resting),CCL13,CCR3,-0.016651835,0.368,0.0002337999,0.0011427230115027848,-0.7134771636847286,0.03025306,,0.389978438317849,
Macrophages,T cells (resting),CCL13,CCR5,-0.030684737,1.0,0.00051607494,-0.01319321943646579,0.7075911605585785,-0.109762214,,1.0,
Macrophages,T cells (resting),CCL13,CXCR3,-0.0006716298,0.028,-8.7645654e-05,0.016819801997785343,1.0495440858749,-0.01931148,,0.33971011855596905,
Macrophages,T cells (resting),CCL17,ACKR1,-0.04632433,1.0,0.00024446487,-0.022284145794369197,0.09594967811720156,-0.02485712,,1.0,
Macrophages,T cells (resting),CCL18,ACKR1,-0.028571498,1.0,-0.0029485698,-0.02226145904079251,-0.519972457367317,-0.11114749,,1.0,
Macrophages,T cells (resting),CCL18,CCR3,0.004770615,0.0,-0.00076217507,0.011518057006815718,-1.1959353057984843,0.029103978,,1.0,
Macrophages,T cells (resting),CCL19,CCR7,0.053759567,0.0,-0.001703252,0.06936087152098809,0.6478783944029635,-0.1242576,,0.13059309632948926,
Macrophages,T cells (resting),CCL19,CXCR3,-0.0026501413,0.055,-0.00012212856,0.012951860256169453,0.750172794555952,-0.019970097,,0.3418833870778087,
Macrophages,T cells (resting),CCL2,ACKR1,-0.02435936,0.997,-0.0037061672,-0.015714066636105112,-0.18702690604306005,-0.25026077,,1.0,
Macrophages,T cells (resting),CCL2,CCR2,0.00059019215,0.176,-0.0016497473,0.00938578799894908,0.5122636329377519,-0.16142079,,0.9606363697881449,
Macrophages,T cells (resting),CCL2,CCR3,0.008982752,0.0,-0.00095800625,0.018065449411503114,-0.8629897544742273,0.0655308,,0.5492807524569234,
Macrophages,T cells (resting),CCL2,CCR5,-0.005050149,0.49,-0.0021146417,0.003729506963534541,0.5580785697690798,-0.23775466,,1.0,
Macrophages,T cells (resting),CCL20,CCR6,-0.017789792,0.965,0.00025857025,-0.01049520458507197,-0.17528093848286752,-0.26163778,,1.0,
Macrophages,T cells (resting),CCL20,CXCR3,-0.008342534,0.444,-0.00022133964,-0.001047383855743462,0.18791836672433626,-0.06318063,,0.5255811917801061,
Macrophages,T cells (resting),CCL21,CCR7,0.046805285,0.0,-0.0033936128,0.04815708462359142,0.10551847676175752,0.2100604,,0.03173540668891133,
Macrophages,T cells (resting),CCL21,CXCR3,-0.009604426,0.895,-0.00024333279,-0.00825192664122722,0.20781287691474604,0.033759918,,0.5202120438062755,
Macrophages,T cells (resting),CCL3,CCR3,0.020108324,0.0,-0.0014752576,0.020413549683338195,-1.4591286342331526,0.05026652,,0.8706798495408711,
Macrophages,T cells (resting),CCL3,CCR5,0.006075423,0.159,-0.0032563892,0.006077607235369622,-0.03806030998984555,-0.18237376,,1.0,
Macrophages,T cells (resting),CCL4,CCR3,-0.022584405,0.998,0.0005096175,-0.02228015390481979,-1.507775804871136,0.89360255,,1.0,
Macrophages,T cells (resting),CCL4,CCR5,-0.036617305,1.0,0.0011248972,-0.03661609635278836,-0.08670748062782885,-3.2421114,,1.0,
Macrophages,T cells (resting),CCL4,CNR2,-0.031702485,1.0,0.00090940436,-0.02848714698980867,-0.5371080180080904,-7.559236,,1.0,
Macrophages,T cells (resting),CCL5,ACKR1,-0.090375006,1.0,0.008167444,-0.09050685332954359,-0.8494218705342802,-0.37597755,,1.0,
Macrophages,T cells (resting),CCL5,CCR3,-0.057032894,1.0,0.0021112005,-0.05672733728193537,-1.5253847189654475,0.098449744,,1.0,
Macrophages,T cells (resting),CCL5,CCR5,-0.0710658,1.0,0.004660129,-0.07106327972990394,-0.10431639472214033,-0.35718906,,1.0,
Macrophages,T cells (resting),CCL5,CXCR3,-0.041052688,1.0,-0.00079143554,-0.04105025829565281,0.23763653059418105,-0.06284357,,1.0,
Macrophages,T cells (resting),CCL7,ACKR1,-0.046037424,1.0,0.00019286142,-0.022464967155716754,-0.03580365663401652,-0.021625238,,1.0,
Macrophages,T cells (resting),CCL7,CCR2,-0.021087872,0.998,8.5849504e-05,0.0026348874793374367,0.6634868823467954,-0.013948502,,0.9619890792881178,
Macrophages,T cells (resting),CCL7,CCR3,-0.012695311,0.002,4.98527e-05,0.011314548891891473,-0.7117665050651838,0.00566257,,0.3881781946360728,
Macrophages,T cells (resting),CCL7,CCR5,-0.026728213,1.0,0.00011004167,-0.0030213935560771017,0.7093018191781233,-0.020544574,,1.0,
Macrophages,T cells (resting),CCL7,CXCR3,0.0032848953,0.002,-1.8688514e-05,0.02699162787817403,1.0512547444944447,-0.0036145963,,0.28770768987289774,
Macrophages,T cells (resting),CCL8,ACKR1,-0.054713055,1.0,0.0017532655,-0.04420747151951497,-0.7069428510539346,-0.76989794,,1.0,
Macrophages,T cells (resting),CCL8,CCR2,-0.029763503,1.0,0.000780441,-0.01910761688446078,-0.007652312073122669,-0.49659213,,1.0,
Macrophages,T cells (resting),CCL8,CCR3,-0.021370944,0.78,0.00045320115,-0.010427955471906744,-1.382905699485102,0.20159782,,1.0,
Macrophages,T cells (resting),CCL8,CCR5,-0.035403844,1.0,0.0010003672,-0.02476389791987532,0.0381626247582052,-0.73142433,,1.0,
Macrophages,T cells (resting),CD14,RIPK1,0.07351064,0.0,-0.0048289546,0.07355184175374613,0.5300605465430088,-0.1887118,,0.11907455249729677,
Macrophages,T cells (resting),CD24,SIGLEC10,-0.048819676,1.0,-0.00602265,-0.04857913318923071,-0.975687786788499,-0.10566385,,1.0,
Macrophages,T cells (resting),CD40LG,CD40,-0.0747131,1.0,0.0054209204,-0.07469041102208503,-0.5282156818658127,-0.26845476,,1.0,
Macrophages,T cells (resting),CD40LG,CD9,-0.14966866,1.0,0.014718336,-0.14968851475068995,-1.1842032392106892,-0.3423414,,1.0,
Macrophages,T cells (resting),COL1A1,CD36,-0.08788292,1.0,-0.0038552782,-0.08786536397465834,-1.4098463798244945,-0.029434634,,1.0,
Macrophages,T cells (resting),CP,SLC40A1,-0.049046315,1.0,0.0012317888,-0.036347563600175756,-0.7437445279166257,-0.046608925,,1.0,
Macrophages,T cells (resting),CSF1,CELSR3,0.005209515,0.0,-0.00093880476,0.011470771135847522,-0.26793079170237366,0.17336804,,0.11517309223060211,
Macrophages,T cells (resting),CSF1,CSF3R,-0.07408229,1.0,-0.0066936696,-0.07416286073713452,-2.3226956430631307,-0.27448,,1.0,
Macrophages,T cells (resting),CSF1_IL34,CSF1R,-0.13682744,1.0,0.0027378234,-0.12656785572292287,-0.6457823993473697,-0.051788647,,1.0,
Macrophages,T cells (resting),CSF2,CSF1R,-0.14442916,1.0,0.006740208,-0.13480810069623014,-1.2342567609948343,-0.06443426,,1.0,
Macrophages,T cells (resting),CSF2,CSF3R,-0.10502854,1.0,0.0047226325,-0.09551912274908657,-2.590042397361207,-0.062245134,,1.0,
Macrophages,T cells (resting),CXCL1,ACKR1,-0.051721327,1.0,0.0012151718,-0.03595258635044886,-0.440403726391299,-0.14884669,,1.0,
Macrophages,T cells (resting),CXCL1,CXCR1,-0.040404886,1.0,0.0009093477,-0.023905584824675523,-0.9413460220551655,1.5018334,,1.0,
Macrophages,T cells (resting),CXCL1,CXCR2,-0.05782315,1.0,0.0013800721,-0.04230592601167698,-1.8799767499997397,-0.14010766,,1.0,
Macrophages,T cells (resting),CXCL10,ACKR1,-0.037711173,1.0,-0.0013047025,-0.023397007024717347,-0.20695962052831351,-1.8501923,,1.0,
Macrophages,T cells (resting),CXCL10,CCR3,-0.0043690614,0.0,-0.00033725222,0.01038250902289088,-0.8829224689594808,0.484473,,0.5737729168447456,
Macrophages,T cells (resting),CXCL10,CXCR3,0.011611145,0.0,0.0001264273,0.026059588009173438,0.8800987806001477,-0.30925435,9.00186,0.3647104752270359,
Macrophages,T cells (resting),CXCL11,ACKR1,-0.05604943,1.0,0.0019936266,-0.04726091355220143,-0.8299404287210375,-0.28380793,,1.0,
Macrophages,T cells (resting),CXCL11,CCR3,-0.022707317,0.962,0.00051533204,-0.013481397504593207,-1.5059032771522047,0.07431512,,1.0,
Macrophages,T cells (resting),CXCL11,CCR5,-0.03674022,1.0,0.0011375111,-0.027817339952561783,-0.08483495290889764,-0.26962537,,1.0,
Macrophages,T cells (resting),CXCL11,CXCR3,-0.006727112,0.187,-0.00019318491,0.0021956814816893504,0.25711797240742373,-0.04743768,,0.45500370482476826,
Macrophages,T cells (resting),CXCL13,ACKR1,-0.050238755,1.0,0.00094851526,-0.03741623251968401,-0.6437836643015769,-0.088937685,,1.0,
Macrophages,T cells (resting),CXCL13,CXCR3,-0.0009164363,0.022,-9.191231e-05,0.012040362514206777,0.44327473682688434,-0.014865679,,0.3237391136925574,
Macrophages,T cells (resting),CXCL13,CXCR5,-0.035436288,1.0,0.0006362652,-0.022147078452164723,-0.5679460160079999,-0.06509107,,1.0,
Macrophages,T cells (resting),CXCL2,ACKR1,-0.01865698,0.999,-0.0047318004,-0.016872273545806404,-0.31619867969279003,-0.15517752,,1.0,
Macrophages,T cells (resting),CXCL2,CXCR1,-0.0073405392,0.398,-0.0035409415,-0.0048252720200330675,-0.8171409753566565,1.5657103,,0.5004789824205726,
Macrophages,T cells (resting),CXCL2,CXCR2,-0.024758805,1.0,-0.0053739115,-0.023225613207034524,-1.7557717033012308,-0.1460668,,1.0,
Macrophages,T cells (resting),CXCL8,ACKR1,-0.00071602315,0.331,-0.007958671,0.0027745593443333424,0.021714375445745393,-0.25870383,,1.0,
Macrophages,T cells (resting),CXCL8,CD79A,0.0025537387,0.245,-0.0073799347,0.006176395996131734,0.5007070589644813,-0.09239363,,0.6468928389366625,
Macrophages,T cells (resting),CXCL8,CXCR1,0.010600418,0.0,-0.005955701,0.014821560870106679,-0.4792279202181211,2.6102703,,0.21305387043250498,
Macrophages,T cells (resting),CXCL8,CXCR2,-0.0068178475,0.725,-0.009038673,-0.003578780316894778,-1.4178586481626954,-0.24351491,,1.0,
Macrophages,T cells (resting),CXCL9,ACKR1,-0.051799133,1.0,0.0012291656,-0.03768756828787616,-0.567858482835065,-0.2268619,,1.0,
Macrophages,T cells (resting),CXCL9,CCR3,-0.01845702,0.361,0.0003177267,-0.003908052240267932,-1.2438213312662323,0.059403803,,1.0,
Macrophages,T cells (resting),CXCL9,CXCR3,-0.0024768133,0.034,-0.00011910767,0.011769026746014625,0.5191999182933962,-0.037919313,,0.41900808226860664,
Macrophages,T cells (resting),CXCL9,KIR2DL3,-0.048796706,1.0,0.0011470913,-0.034475007780549315,-0.9743878567391269,0.35384613,,1.0,
Macrophages,T cells (resting),FADD,TRAF2,-0.008080585,0.815,5.069746e-05,-0.005523084876287855,-0.14521158119114608,-0.54464453,,1.0,
Macrophages,T cells (resting),FASLG,TNFRSF10B,-0.02511542,1.0,0.00063037063,-0.02395935100297189,0.13689094225231946,-0.10324451,,1.0,
Macrophages,T cells (resting),FCER2,CR2,0.010120812,0.001,-0.0012548352,0.018427066204224758,0.15128508557720366,0.11551149,,0.11728779665642686,
Macrophages,T cells (resting),FN1,C5AR1,0.019365162,0.0,-0.06530646,0.01935410916458119,-0.718943329436664,-0.20966876,,1.0,
Macrophages,T cells (resting),FN1,CD79A,0.09612919,0.0,-0.022986589,0.09611943591719055,0.5123880830071782,-0.20712663,,0.11671841500024098,
Macrophages,T cells (resting),FN1,ITGA2,0.12460896,0.0,-0.007285742,0.13290957182370666,0.553326319722851,0.13049997,,0.059377677482109106,
Macrophages,T cells (resting),GAL,HLA-DPA1,-0.16430523,1.0,0.002262483,-0.15944680682468731,-0.41688225354142794,-0.07190909,,1.0,
Macrophages,T cells (resting),GZMA,PARD3,-0.016854277,0.935,0.00016951613,-0.01702490839414189,-1.6573128321443154,0.009343006,,1.0,
Macrophages,T cells (resting),HLA-DPA1,LAG3,0.124382064,0.0,-0.004360544,0.12443935624483128,0.27054081646512884,0.14996141,,0.0478691823996825,
Macrophages,T cells (resting),HLA-DPB1,LAG3,0.12017566,0.0,-0.00422222,0.12022317760557423,0.26314843187637443,0.15678038,,0.04365298196775681,
Macrophages,T cells (resting),HLA-DQA1,LAG3,0.101842485,0.0,-0.0036193486,0.10189950299616396,0.3855189418398719,0.14989318,,0.0481189884313564,
Macrophages,T cells (resting),HLA-DQB1,LAG3,0.10622023,0.0,-0.0037633071,0.10626126936002879,0.2767445846996157,0.13732941,,0.05400261700010811,
Macrophages,T cells (resting),HLA-DRA,LAG3,0.14836323,0.0,-0.005149145,0.14841098170872907,0.27126266518763126,0.15708326,,0.04342078576978142,
Macrophages,T cells (resting),HLA-DRB1,LAG3,0.12764229,0.0,-0.0044677537,0.12769310575814702,0.3288363543965043,0.15147838,,0.04700251413658425,
Macrophages,T cells (resting),HLA-DRB5,LAG3,0.07099475,0.0,-0.0026049463,0.07104381082122135,0.5521774664126213,0.12805098,,0.061455700743979345,
Macrophages,T cells (resting),IL10,CD70,-0.018846786,0.855,-0.0008026066,-0.009258913409001446,-0.45593028537213254,0.058882155,,0.4930663009648222,
Macrophages,T cells (resting),IL1B,ADRB2,-0.004765738,0.747,-0.005151747,-0.0033249639525387634,0.19582355962993514,-0.45858768,,1.0,
Macrophages,T cells (resting),IL1B,IL1R2_IL1RAP,-0.020507723,0.997,-0.0072664614,-0.020292401679423255,-1.7295734709624324,-0.11707792,,1.0,
Macrophages,T cells (resting),IL4,IL21R,-0.022844832,1.0,0.00046492595,-0.017939820827335716,-0.36775610162975614,0.86872053,,1.0,
Macrophages,T cells (resting),IL6,FCGR3B,-0.059650414,1.0,0.0018047629,-0.04769932493023872,-2.574440952279199,-0.11553245,,1.0,
Macrophages,T cells (resting),L1CAM,CD9,-0.13308762,1.0,0.0068483762,-0.12432708186984517,-1.2834374635700956,-0.12928304,,1.0,
Macrophages,T cells (resting),L1CAM,ERBB2,-0.040688187,1.0,0.001515561,-0.029789786579520066,-0.8811315409391196,0.19620223,,1.0,
Macrophages,T cells (resting),LGALS3,LAG3,0.09546349,0.0,-0.0034095806,0.09550588337373746,0.4951145278576795,0.21411233,,0.025403988871652454,
Macrophages,T cells (resting),LTF,IGDCC4,-0.012014641,0.445,0.00014393308,-0.0029831252079022775,-0.520795039069671,0.19147857,,0.3343340115050757,
Macrophages,T cells (resting),LTF,IL1RL1,-0.052015502,1.0,0.0010533687,-0.04586129791936033,-1.685652952430631,14.665586,,0.22258848035086287,
Macrophages,T cells (resting),NTNG2,LRRC4,-0.02361198,0.812,0.0003999037,-0.011105699283055763,-0.8623583496130303,0.057129614,,0.5477280163182585,
Macrophages,T cells (resting),PNOC,OPRL1,-0.03789007,1.0,0.0013706301,-0.031034892600028317,-1.0008118606470862,-0.763788,,1.0,
Macrophages,T cells (resting),PSAP,CD1B,0.09708418,0.0,-0.010173465,0.09676753564537532,-1.2035105658846208,0.15533717,,0.4144129448046371,
Macrophages,T cells (resting),S100A12,CD36,-0.06941659,1.0,-0.011075145,-0.062243402526087496,-0.9178606143605395,-0.13284363,,1.0,
Macrophages,T cells (resting),S100A8,CD36,-0.03778666,1.0,-0.023441639,-0.037775322523078046,-0.9279477217632772,-0.111336194,,1.0,
Macrophages,T cells (resting),S100A8,CD68,-0.10050191,1.0,-0.038482502,-0.10050290607854082,-0.566255840630467,-0.10906101,,1.0,
Macrophages,T cells (resting),S100A9,CD36,-0.022270747,1.0,-0.029507965,-0.02224822122261809,-1.1008720547550401,-0.11452773,,1.0,
Macrophages,T cells (resting),S100A9,CD68,-0.084985994,1.0,-0.048441164,-0.08497580477808087,-0.7391801736222299,-0.11218733,,1.0,
Macrophages,T cells (resting),SAA1,CD36,-0.106517784,1.0,0.0034304748,-0.09308447366320954,-1.2545756662509393,-0.07895638,,1.0,
Macrophages,T cells (resting),SAA1,FPR1,-0.10855173,1.0,0.0035018597,-0.0951405700422621,-1.7455687230816033,-0.06537649,,1.0,
Macrophages,T cells (resting),SCGB3A1,MARCO,-0.09036071,1.0,0.003921786,-0.08007387695136803,-1.9909338020968321,-0.10793647,,1.0,
Macrophages,T cells (resting),SCGB3A1,NOTCH3,-0.041077904,1.0,0.001435931,-0.03097581884568787,-1.6145454072637087,0.28122193,,1.0,
Macrophages,T cells (resting),SORBS1,ITGA1,-0.021320239,0.998,0.00043448285,-0.016966410060135752,-0.42357439429941546,0.11612797,,0.9619890792881178,
Macrophages,T cells (resting),THBS1,CD36,-0.092852615,1.0,-0.0019122557,-0.09075817554484342,-1.2395082822463035,-0.0150749665,,1.0,
Macrophages,T cells (resting),TNF,FFAR2,-0.041581433,1.0,0.0009649062,-0.042816445618161544,-1.9066423175477296,0.8974734,,1.0,
Macrophages,T cells (resting),TNF,ICOS,-0.008877387,0.913,5.3189066e-05,-0.00860352554447005,-0.021059144270342944,-0.046196226,,0.5430191554972765,
Macrophages,T cells (resting),TNF,NOTCH1,-0.049453884,1.0,0.0011843728,-0.04919327041528718,-0.37940675440071847,0.7295149,,1.0,
Macrophages,T cells (resting),TNF,TRAF2,-0.012920137,0.974,0.00016589204,-0.011636844328656686,-0.06422797832789007,-0.53543216,,1.0,
Macrophages,T cells (resting),TNFSF4,TNFRSF4,-0.019914977,0.967,0.0003470107,-0.0073778458918496445,-0.024694424191618047,0.056031384,,0.6633315024443592,
Macrophages,T cells (resting),TNFSF4,TRAF2,-0.0123869665,0.596,0.00015320114,0.0005466725420097841,0.28354429491670397,0.10732234,,0.36920830737733634,
Macrophages,T cells (resting),TNFSF9,ADGRG5,-0.028596919,1.0,-0.00018392382,-0.027513736602292452,-0.6163434158276813,0.49274942,,1.0,
Macrophages,T cells (resting),TNFSF9,HLA-DPA1,-0.15926099,1.0,-0.0009817182,-0.1587374122408639,-0.7790261087141916,-0.04523044,,1.0,
Macrophages,T cells (resting),TNFSF9,TNFRSF9,-0.003706588,0.39,-3.195115e-05,0.001672915624905042,0.019208121349425067,0.0128294695,,0.3181840022553661,
Macrophages,T cells (resting),TNFSF9,TRAF2,-0.004424262,0.7,-3.6333044e-05,-0.0028732927908437047,-0.08475238942025909,0.121643215,,0.4099277125520029,
Monocytes/DC,Activated T cells,ADCYAP1,ADRB2,0.026100311,0.0,-0.0023113757,0.03425394451525318,-0.7374800402619468,0.5846936,,0.3030348829632071,
Monocytes/DC,Activated T cells,ADCYAP1,VIPR2,-0.020147584,0.458,0.00033440802,0.0066052198313892715,-0.2869401712259507,0.025219776,,0.3363951449559551,
Monocytes/DC,Activated T cells,ADM,ADRB2,0.34879676,0.0,0.04983959,0.3697846647206214,1.7484763856401173,5.1871357,1.0468688,0.002569367284473698,
Monocytes/DC,Activated T cells,ADM,RAMP1,0.2922923,0.0,-0.01986301,0.3197687758340889,1.4469395139374988,0.8045699,,0.007070387620923245,
Monocytes/DC,Activated T cells,APOE,LRP8,0.55746925,0.0,0.006561286,0.5711245655929338,1.7427264198191303,-0.13656567,1.14076,0.048320127492986045,
Monocytes/DC,Activated T cells,BTLA,CD247,-0.013791015,0.926,-0.0020735809,-0.0136021392046889,-0.734638838868955,-2.7143507,,1.0,
Monocytes/DC,Activated T cells,BTLA,CD79A,-0.03371111,1.0,0.000371417,-0.03352203867397207,-0.8122210110526507,-0.38853866,,1.0,
Monocytes/DC,Activated T cells,C3,C5AR2,0.46465957,0.0,-0.07152294,0.46508086725182163,1.0935039839243081,-0.70040554,,0.11671841500024098,
Monocytes/DC,Activated T cells,C3,CR2,0.50062215,0.0,0.00045869828,0.5113133160355351,2.2123628312238104,-0.014839025,1.875033,0.020362319686690968,
Monocytes/DC,Activated T cells,CCL13,ACKR1,0.0743839,0.0,0.0029406496,0.13958199011459727,2.2169930084155647,-0.37562886,1.2259614,0.11671841500024098,
Monocytes/DC,Activated T cells,CCL13,CCR2,0.008984123,0.0,-0.0001291006,0.06965932578680376,1.5796508851816375,0.023895616,,0.12948531672847577,
Monocytes/DC,Activated T cells,CCL13,CCR3,0.0031951983,0.0,-0.00040082255,0.0729365984831518,1.6340266507529264,-0.051865336,,0.11942461124188362,
Monocytes/DC,Activated T cells,CCL13,CCR5,0.04750315,0.0,0.0016789145,0.10815530492630293,1.8013090612587634,-0.35708264,1.3226284,0.11671841500024098,
Monocytes/DC,Activated T cells,CCL13,CXCR3,0.04410296,0.0,0.0015193156,0.10475689427852296,1.6623738504168712,0.3347597,1.3448486,0.012363676235137445,
Monocytes/DC,Activated T cells,CCL17,ACKR1,0.07021946,0.0,0.0018970512,0.1136072972878011,1.6023411071886544,-0.19289164,1.2978201,0.11671841500024098,
Monocytes/DC,Activated T cells,CCL18,ACKR1,0.39776474,0.0,0.08397903,0.4453092887573422,2.899448761799451,3.1656227,1.0357221,0.0022837188045170625,
Monocytes/DC,Activated T cells,CCL18,CCR3,0.32657605,0.0,-0.0114466855,0.3786638971258967,2.3164824041368126,0.43709657,,0.007070387620923245,
Monocytes/DC,Activated T cells,CCL19,CCR7,0.0048436234,0.008,-0.00017788427,0.02561532863541693,0.569276201968049,-0.012977219,,0.3169961305844372,
Monocytes/DC,Activated T cells,CCL19,CXCR3,0.027695406,0.0,-0.0006050291,0.0484668190678105,0.6346699657345145,-0.09893254,,0.20702324583191795,
Monocytes/DC,Activated T cells,CCL2,ACKR1,0.28127986,0.0,0.054788236,0.3249145337617025,2.2396770810662536,3.6996033,1.0446054,0.004185511364281094,
Monocytes/DC,Activated T cells,CCL2,CCR2,0.2158801,0.0,-0.0024053168,0.25499186943390895,1.6023349578323263,-0.2353501,,0.11671841500024098,
Monocytes/DC,Activated T cells,CCL2,CCR3,0.21009117,0.0,-0.0074678604,0.258269142130257,1.6567107234036151,0.51082647,,0.007070387620923245,
Monocytes/DC,Activated T cells,CCL2,CCR5,0.25439912,0.0,0.031280424,0.29348784857340815,1.8239931339094522,3.5169396,1.0598972,0.006141791845190716,
Monocytes/DC,Activated T cells,CCL20,CCR6,0.06755062,0.0,0.0045629996,0.0912948398826244,0.43481864308330476,-4.6171317,1.1736584,0.13698057691375817,
Monocytes/DC,Activated T cells,CCL20,CXCR3,0.065996215,0.0,0.004353914,0.0897400783519375,0.4432240024618348,1.2428095,1.1785148,0.008599855362116176,
Monocytes/DC,Activated T cells,CCL21,CCR7,0.14301331,0.0,0.005081747,0.1516593061611913,0.9134742780641046,-0.3145538,1.163072,0.11671841500024098,
Monocytes/DC,Activated T cells,CCL21,CXCR3,0.1658651,0.0,0.017284298,0.17451079659358487,0.9788680418305702,-2.3980181,1.0822797,0.11671841500024098,
Monocytes/DC,Activated T cells,CCL3,CCR3,0.32571733,0.0,-0.0114173535,0.33479837724318157,0.7547370837236234,0.38902405,,0.008634306417104831,
Monocytes/DC,Activated T cells,CCL3,CCR5,0.37002528,0.0,0.047823563,0.37001708368633274,0.9220194942294604,2.678354,1.0478933,0.007070387620923245,
Monocytes/DC,Activated T cells,CCL4,CCR3,0.022570014,0.0,-0.0010626167,0.03165756743158228,-0.14270919283873362,-1.863274,,0.5978481965969661,
Monocytes/DC,Activated T cells,CCL4,CCR5,0.06687797,0.0,0.004450954,0.06687627387473341,0.02457321766710341,-12.828275,1.1762133,0.3940967285516273,
Monocytes/DC,Activated T cells,CCL4,CNR2,0.03625212,0.0,0.00063994987,0.044039009961925626,0.009144231296960958,-5.3194504,1.6531636,0.40418222158392186,
Monocytes/DC,Activated T cells,CCL5,ACKR1,-0.101280615,1.0,-0.04108041,-0.09673524202350052,0.18184017136984348,1.891083,,1.0,
Monocytes/DC,Activated T cells,CCL5,CCR3,-0.17246932,1.0,0.005599428,-0.16338063365494598,-0.401126186292795,0.2611132,,1.0,
Monocytes/DC,Activated T cells,CCL5,CCR5,-0.12816137,1.0,-0.023454174,-0.12816192721179487,-0.23384377578695797,1.7977129,,1.0,
Monocytes/DC,Activated T cells,CCL5,CXCR3,-0.13156155,1.0,-0.021224601,-0.13156033785957483,-0.3727789866288502,-1.6853294,,1.0,
Monocytes/DC,Activated T cells,CCL7,ACKR1,0.08575143,0.0,0.005789322,0.14905294305560524,2.143886320210032,-0.6491473,1.1512258,0.11671841500024098,
Monocytes/DC,Activated T cells,CCL7,CCR2,0.02035165,0.0,-0.0002541632,0.07913027872781173,1.5065441969761046,0.041295476,,0.11671841500024098,
Monocytes/DC,Activated T cells,CCL7,CCR3,0.014562725,0.0,-0.0007891082,0.08240755142415977,1.5609199625473935,-0.08963166,,0.11671841500024098,
Monocytes/DC,Activated T cells,CCL7,CCR5,0.058870677,0.0,0.0033053162,0.1176262578673109,1.7282023730532305,-0.61709636,1.2104328,0.11671841500024098,
Monocytes/DC,Activated T cells,CCL7,CXCR3,0.055470485,0.0,0.00299111,0.11422784721953093,1.5892671622113383,0.57851875,1.2236193,0.007070387620923245,
Monocytes/DC,Activated T cells,CCL8,ACKR1,0.15224347,0.0,0.02245205,0.24113278794615095,2.5211611658861286,-9.859196,1.0714712,0.11671841500024098,
Monocytes/DC,Activated T cells,CCL8,CCR2,0.08684369,0.0,-0.0009856914,0.1712101236183574,1.8838190426522012,0.6271924,,0.007070387620923245,
Monocytes/DC,Activated T cells,CCL8,CCR3,0.08105476,0.0,-0.0030603064,0.17448739631470547,1.93819480822349,-1.3613185,,0.11671841500024098,
Monocytes/DC,Activated T cells,CCL8,CCR5,0.12536272,0.0,0.012818622,0.2097061027578566,2.105477218729327,-9.37241,1.096827,0.11671841500024098,
Monocytes/DC,Activated T cells,CD14,RIPK1,0.7766039,0.0,-0.020559262,0.7766575911068997,1.5119392156538218,-0.80344015,,0.06846226210451307,
Monocytes/DC,Activated T cells,CD24,SIGLEC10,0.030703777,0.003,8.641283e-06,0.03129792234256713,-0.7774320399705563,0.00015160622,-0.41665167,0.4570315733498383,
Monocytes/DC,Activated T cells,CD40LG,CD40,-0.088962056,1.0,0.0015581077,-0.08851582093444116,-0.8655327785673397,-0.07716058,,1.0,
Monocytes/DC,Activated T cells,CD40LG,CD9,-0.06915455,1.0,-0.005124448,-0.06915261161258483,-1.0287729770800997,0.119192176,,1.0,
Monocytes/DC,Activated T cells,COL1A1,CD36,0.18453349,0.0,-0.06363003,0.1845341326877324,0.1846717287989703,-0.4858084,,0.26463063285117266,
Monocytes/DC,Activated T cells,CP,SLC40A1,-0.021605004,0.983,0.00010882112,0.005152397561393195,0.2502522824166673,-0.004117618,,0.735423031832764,
Monocytes/DC,Activated T cells,CSF1,CELSR3,0.050168723,0.0,-0.000735938,0.0740303553756125,0.1387530074150416,0.13590486,,0.055519355418373474,
Monocytes/DC,Activated T cells,CSF1,CSF3R,-0.012892764,0.917,-0.014256623,-0.012890341554800323,-2.439651032761878,-0.5846057,,1.0,
Monocytes/DC,Activated T cells,CSF1_IL34,CSF1R,-0.08518553,1.0,0.0014440853,-0.07054519570081852,0.041282444561095866,-0.027316306,,1.0,
Monocytes/DC,Activated T cells,CSF2,CSF1R,-0.09582867,1.0,0.0048802276,-0.089271735774681,-1.2000402040759064,-0.04665344,,1.0,
Monocytes/DC,Activated T cells,CSF2,CSF3R,-0.081610024,1.0,0.004020508,-0.07508772443765349,-2.420324702159344,-0.052991003,,1.0,
Monocytes/DC,Activated T cells,CXCL1,ACKR1,0.086551905,0.0,0.005989919,0.1645382800252295,2.5419477420033516,-0.7337066,1.1482933,0.11671841500024098,
Monocytes/DC,Activated T cells,CXCL1,CXCR1,-0.002373729,0.001,-0.0025122827,0.07363707983730305,1.1410756562966913,-4.149161,,0.7621296035151397,
Monocytes/DC,Activated T cells,CXCL1,CXCR2,-0.007419236,0.206,-0.0029946847,0.0666445599589322,0.814216777986821,0.30402637,,0.1879758922543682,
Monocytes/DC,Activated T cells,CXCL10,ACKR1,0.17155883,0.0,0.027292432,0.23015085348370845,1.9873605180766631,38.70327,1.0643964,0.007070387620923245,
Monocytes/DC,Activated T cells,CXCL10,CCR3,0.10037013,0.0,-0.00372007,0.163505461852263,1.4043941604140247,5.343993,,0.007070387620923245,
Monocytes/DC,Activated T cells,CXCL10,CXCR3,0.1412779,0.0,0.014100904,0.19532575764763416,1.4327413600779695,-34.49228,1.0919054,0.11671841500024098,
Monocytes/DC,Activated T cells,CXCL11,ACKR1,0.099115446,0.0,0.009138311,0.1906357532279998,2.7613352155991016,-1.3009082,1.1167636,0.1023619370601308,
Monocytes/DC,Activated T cells,CXCL11,CCR3,0.02792675,0.0,-0.0012455891,0.12399036159655431,2.178368857936463,-0.17962421,,0.11671841500024098,
Monocytes/DC,Activated T cells,CXCL11,CCR5,0.072234705,0.0,0.0052173655,0.15920906803970544,2.3456512684423,-1.2366774,1.1605959,0.11671841500024098,
Monocytes/DC,Activated T cells,CXCL11,CXCR3,0.06883451,0.0,0.0047213985,0.15581065739192546,2.206716057600408,1.1593668,1.1702204,0.007070387620923245,
Monocytes/DC,Activated T cells,CXCL13,ACKR1,0.054015793,0.0,-0.0021635434,0.06955008006448743,-0.06000138387680387,0.202865,,0.05650104428024351,
Monocytes/DC,Activated T cells,CXCL13,CXCR3,0.023734855,0.0,-0.0011178161,0.03472498422841311,-0.6146205418754975,-0.18079288,,1.0,
Monocytes/DC,Activated T cells,CXCL13,CXCR5,0.020585896,0.0,-0.0010090694,0.03317750017859859,-0.3657101216221035,0.103229605,,0.15728716504500057,
Monocytes/DC,Activated T cells,CXCL2,ACKR1,0.40396622,0.0,0.085533105,0.41904367840513396,2.1591913423888083,2.8050241,1.0353845,0.0030072677526419346,
Monocytes/DC,Activated T cells,CXCL2,CXCR1,0.3150406,0.0,-0.035874166,0.3281424782172075,0.7583192566821477,15.862603,,0.007070387620923245,
Monocytes/DC,Activated T cells,CXCL2,CXCR2,0.30999509,0.0,-0.042762633,0.32114995833883664,0.43146037837227746,-1.1623192,,0.14005150924139886,
Monocytes/DC,Activated T cells,CXCL8,ACKR1,0.4134007,0.0,0.08789737,0.4342593848485128,2.0347873880710603,2.857184,1.0348887,0.0029096083913347165,
Monocytes/DC,Activated T cells,CXCL8,CD79A,0.34772533,0.0,-0.004245551,0.36403762577125137,1.3324976067962864,-0.053152483,,0.11671841500024098,
Monocytes/DC,Activated T cells,CXCL8,CXCR1,0.32447508,0.0,-0.03686578,0.3433581846605863,0.6339153023643997,16.15757,,0.007070387620923245,
Monocytes/DC,Activated T cells,CXCL8,CXCR2,0.31942958,0.0,-0.043944653,0.33636566478221547,0.3070564240545295,-1.1839327,,0.19310356769073297,
Monocytes/DC,Activated T cells,CXCL9,ACKR1,0.12639904,0.0,0.015975505,0.21040030910508428,2.415003804884018,-2.9485316,1.0858675,0.11671841500024098,
Monocytes/DC,Activated T cells,CXCL9,CCR3,0.055210333,0.0,-0.0021775265,0.1437549174736388,1.8320374472213796,-0.40712148,,0.11671841500024098,
Monocytes/DC,Activated T cells,CXCL9,CXCR3,0.09611809,0.0,0.008253902,0.17557521326900993,1.8603846468853245,2.6277256,1.1236137,0.007070387620923245,
Monocytes/DC,Activated T cells,CXCL9,KIR2DL3,0.04623621,0.0,-0.004465917,0.12627887996662834,1.445077568803415,-1.3776127,,0.11671841500024098,
Monocytes/DC,Activated T cells,FADD,TRAF2,0.031411048,0.0,-0.0019050478,0.035470212959349136,-1.1499913796531094,20.465994,,0.16616683523998843,
Monocytes/DC,Activated T cells,FASLG,TNFRSF10B,-0.032527514,1.0,0.0004387168,-0.03173607872555239,-1.4119335007149165,-0.0718547,,1.0,
Monocytes/DC,Activated T cells,FCER2,CR2,-0.034577187,1.0,-3.1906155e-05,-0.023634268483873837,-1.712525925629452,0.002937061,,1.0,
Monocytes/DC,Activated T cells,FN1,C5AR1,0.37752333,0.0,-0.18060254,0.3775003961928973,0.45631116109509295,-0.57983094,,0.12838334027210727,
Monocytes/DC,Activated T cells,FN1,CD79A,0.46995667,0.0,-0.0057250583,0.4699390459963637,1.3168375986904917,-0.051587123,,0.11671841500024098,
Monocytes/DC,Activated T cells,FN1,ITGA2,0.47185135,0.0,-0.002140435,0.496732781006755,2.1098939847427682,0.03833881,,0.02304417460831243,
Monocytes/DC,Activated T cells,GAL,HLA-DPA1,-0.036696807,1.0,0.00022994653,-0.013881439167141789,1.1431959115483152,-0.007308451,,1.0,
Monocytes/DC,Activated T cells,GZMA,PARD3,-0.11728131,1.0,0.002872433,-0.10101511921065247,-0.0632672138195639,0.15831622,,1.0,
Monocytes/DC,Activated T cells,HLA-DPA1,LAG3,0.6518577,0.0,0.070892565,0.6519485928660343,1.1600616673961994,-2.4380326,1.0390028,0.11671841500024098,
Monocytes/DC,Activated T cells,HLA-DPB1,LAG3,0.5973563,0.0,0.06469501,0.597457046242215,1.0568597634018377,-2.4022686,1.0409029,0.11671841500024098,
Monocytes/DC,Activated T cells,HLA-DQA1,LAG3,0.56736267,0.0,0.06128431,0.5674516987216222,1.2210960881668513,-2.5380533,1.0420729,0.11671841500024098,
Monocytes/DC,Activated T cells,HLA-DQB1,LAG3,0.5809128,0.0,0.06282515,0.5810247595353932,1.1143342534304952,-2.2925956,1.0415322,0.11671841500024098,
Monocytes/DC,Activated T cells,HLA-DRA,LAG3,0.68351704,0.0,0.07449268,0.6836224373606302,1.1076872672118645,-2.2725234,1.0380124,0.11671841500024098,
Monocytes/DC,Activated T cells,HLA-DRB1,LAG3,0.70348024,0.0,0.07676277,0.7035718840213786,1.2586367701315293,-2.6026278,1.0374249,0.11671841500024098,
Monocytes/DC,Activated T cells,HLA-DRB5,LAG3,0.4983109,0.0,0.053432167,0.49841305674979797,1.318378262499972,-2.6265576,1.0451933,0.11671841500024098,
Monocytes/DC,Activated T cells,IL10,CD70,0.22994205,0.0,0.014004237,0.2843252717926348,1.777413370180541,-1.027402,1.0922512,0.11671841500024098,
Monocytes/DC,Activated T cells,IL1B,ADRB2,0.38172993,0.0,0.05516192,0.38892352673726344,1.9106269495616868,4.910291,1.0444473,0.0019945438499571386,
Monocytes/DC,Activated T cells,IL1B,IL1R2_IL1RAP,0.3311771,0.0,-0.013858372,0.3408682802424139,1.498008423215066,-0.22328743,,0.08941324734359958,
Monocytes/DC,Activated T cells,IL4,IL21R,0.009121567,0.005,-0.0005057597,0.01450374245922035,0.01866139797034916,-0.94501895,,0.8790111557047604,
Monocytes/DC,Activated T cells,IL6,FCGR3B,-0.012653401,0.343,-0.002582769,0.022482922390525795,-0.45484081333603443,0.16533674,,0.30008987360608114,
Monocytes/DC,Activated T cells,L1CAM,CD9,-0.003941847,0.165,-0.0011623382,0.0019540769035118755,-1.0591356804179406,0.021942517,,0.811780016567569,
Monocytes/DC,Activated T cells,L1CAM,ERBB2,-0.025373213,0.918,0.00047767776,-0.014021848333379855,-1.1600697806995228,0.06183944,,0.9582746342857276,
Monocytes/DC,Activated T cells,LGALS3,LAG3,0.45862687,0.0,0.04891954,0.45870139607061494,1.0204711792295238,-3.0720131,1.0473282,0.11671841500024098,
Monocytes/DC,Activated T cells,LTF,IGDCC4,0.047173403,0.0,-0.0011250507,0.07568675544167043,0.8918098973945321,-1.4966893,,0.11671841500024098,
Monocytes/DC,Activated T cells,LTF,IL1RL1,0.23180068,0.0,0.037667308,0.27679018817462264,3.0146486482867956,524.4253,1.0542948,0.00039954167416243947,
Monocytes/DC,Activated T cells,NTNG2,LRRC4,-0.005861407,0.009,-0.0007419939,0.014144063394516095,-0.46411713835878343,-0.106000066,,0.6901095135185819,
Monocytes/DC,Activated T cells,PNOC,OPRL1,-0.049210943,1.0,0.0021480054,-0.042211837036522426,-1.8626536579198618,-1.196983,,1.0,
Monocytes/DC,Activated T cells,PSAP,CD1B,0.6760339,0.0,-0.027178636,0.6874521823222717,1.0952777102383868,0.41498664,,0.007395989664086299,
Monocytes/DC,Activated T cells,S100A12,CD36,0.16107675,0.0,-0.057624694,0.1887317028339307,1.0011911239646267,-0.69119406,,0.11671841500024098,
Monocytes/DC,Activated T cells,S100A8,CD36,0.3937571,0.0,-0.11719492,0.393755928801762,1.1510289585497744,-0.5566179,,0.11671841500024098,
Monocytes/DC,Activated T cells,S100A8,CD68,0.37467915,0.0,-0.15212753,0.3746692275218191,1.210947492757563,-0.43113577,,0.11671841500024098,
Monocytes/DC,Activated T cells,S100A9,CD36,0.50690085,0.0,-0.14616169,0.5069176626668904,1.1656898976978625,-0.56728977,,0.11671841500024098,
Monocytes/DC,Activated T cells,S100A9,CD68,0.4878229,0.0,-0.18972851,0.4878309613869475,1.225608431905651,-0.43940184,,0.11671841500024098,
Monocytes/DC,Activated T cells,SAA1,CD36,-0.03391786,1.0,-0.0077026696,0.014455003720037163,0.4910562728274799,0.17728591,,0.535692247469508,
Monocytes/DC,Activated T cells,SAA1,FPR1,-0.03563133,1.0,-0.007908879,0.012732716040349729,-0.14096580959857774,0.14765146,,0.5906597138888008,
Monocytes/DC,Activated T cells,SCGB3A1,MARCO,-0.035424296,1.0,-0.008679541,0.014634705792415686,-0.19544361760594597,0.2388807,,0.6809622637000081,
Monocytes/DC,Activated T cells,SCGB3A1,NOTCH3,0.0395075,0.0,0.00094878604,0.10948973621038709,1.926744572964938,0.18581635,1.4803525,0.0305614035798237,
Monocytes/DC,Activated T cells,SORBS1,ITGA1,0.037871238,0.0,-0.0013774203,0.0525825438084483,0.4580072941902382,-0.36815494,,0.18429894540795802,
Monocytes/DC,Activated T cells,THBS1,CD36,0.22527838,0.0,-0.07406143,0.239538672477843,1.1508792154432943,-0.58385164,,0.11671841500024098,
Monocytes/DC,Activated T cells,TNF,FFAR2,0.017415022,0.0,-0.0037314035,0.021150772696116836,-1.5405623371985193,-3.4706333,,1.0,
Monocytes/DC,Activated T cells,TNF,ICOS,0.1003524,0.0,0.009693538,0.10096273398304166,-0.4918640603598532,-8.419116,1.1129869,0.7543791709995192,
Monocytes/DC,Activated T cells,TNF,NOTCH1,0.054745317,0.0,0.0023111918,0.05532293185541414,-0.9566050893284073,1.4235793,1.2624719,0.1704638723456514,
Monocytes/DC,Activated T cells,TNF,TRAF2,0.029285353,0.001,-0.0018099719,0.030745752546905605,-1.5064642904057388,5.8418536,,0.47665541312409027,
Monocytes/DC,Activated T cells,TNFSF4,TNFRSF4,0.007548265,0.007,-0.0012286231,0.01705931120968991,-0.23386621564130916,-0.19838423,,0.9009643184342399,
Monocytes/DC,Activated T cells,TNFSF4,TRAF2,-0.025335245,0.979,0.0006330433,-0.016275827399073604,-1.0567555892191671,0.44346726,,0.8024448378668972,
Monocytes/DC,Activated T cells,TNFSF9,ADGRG5,0.020167407,0.005,2.7127839e-05,0.022664059085525705,-0.9240671941299303,-0.07267807,-1.0881577,0.6116142495620748,
Monocytes/DC,Activated T cells,TNFSF9,HLA-DPA1,-0.01523168,0.944,-0.0027800652,-0.014491980961875983,-0.8594211802080971,-0.1280852,,0.8045123275216242,
Monocytes/DC,Activated T cells,TNFSF9,TNFRSF9,0.029174991,0.0,0.00074144086,0.03681168662176537,-0.7221700206755273,-0.29771364,1.5799365,1.0,
Monocytes/DC,Activated T cells,TNFSF9,TRAF2,0.008643572,0.122,-0.000886727,0.010263235664674604,-1.3028507448930826,2.9687662,,0.8204216009936686,
Monocytes/DC,Macrophages,ADCYAP1,ADRB2,-0.021375068,0.948,0.0004046307,-0.013375439084573015,-0.7220427727223955,-0.10235679,,0.6818461965297083,
Monocytes/DC,Macrophages,ADCYAP1,VIPR2,-0.023632336,0.724,0.0005337662,-0.003889110698586488,-0.6799018581070655,0.040254608,,0.42122427180028,
Monocytes/DC,Macrophages,ADM,ADRB2,0.30132136,0.0,-0.0087249465,0.32215528112079517,1.7639136531796686,-0.9080629,,0.09527210844668342,
Monocytes/DC,Macrophages,ADM,RAMP1,0.3055122,0.0,-0.003555255,0.3388369588123691,1.7864213534787927,0.14400895,,0.05015280236668108,
Monocytes/DC,Macrophages,APOE,LRP8,0.5493837,0.0,-0.011372877,0.5599638055518878,1.5922881644698763,0.23671344,,0.021952270365013394,
Monocytes/DC,Macrophages,BTLA,CD247,-0.058560446,1.0,0.0034214316,-0.05837097616639078,-0.8093701328320541,4.478709,,0.6124791218836663,
Monocytes/DC,Macrophages,BTLA,CD79A,0.0142736975,0.042,-0.0055182516,0.014469276878177222,-0.4806156346637146,5.772633,,0.21381887458409451,
Monocytes/DC,Macrophages,C3,C5AR2,0.5123257,0.0,0.023884244,0.5184659279197184,2.305066637102126,0.23389219,1.0691448,0.0186628490475871,
Monocytes/DC,Macrophages,C3,CR2,0.48281536,0.0,-0.03518287,0.48820381779369404,1.6747055862944331,1.1381762,,0.007070387620923245,
Monocytes/DC,Macrophages,CCL13,ACKR1,0.007788042,0.0,-0.00018524255,0.07009080137423385,1.6234031646670466,0.023662273,,0.12692304921211978,
Monocytes/DC,Macrophages,CCL13,CCR2,0.02347771,0.0,0.00055120286,0.08416000145659942,1.6563087128430374,-0.10202378,1.7413088,0.11671841500024098,
Monocytes/DC,Macrophages,CCL13,CCR3,0.0060296836,0.0,-0.0002677768,0.08384970379716768,2.1974994248106334,-0.03464958,,0.11671841500024098,
Monocytes/DC,Macrophages,CCL13,CCR5,0.036081623,0.0,0.0011428082,0.09673356557086478,1.8294651653716518,-0.24306,1.4197687,0.11671841500024098,
Monocytes/DC,Macrophages,CCL13,CXCR3,0.0119552165,0.0,1.0357279e-05,0.07260738548352413,1.4573269894813863,0.0022820802,-0.4749067,0.1201266336227729,
Monocytes/DC,Macrophages,CCL17,ACKR1,0.0036235997,0.002,-0.00011950238,0.04411610854743767,1.008751263440136,0.012150968,,0.22594193152964354,
Monocytes/DC,Macrophages,CCL18,ACKR1,0.3311689,0.0,-0.005290155,0.3758181000169788,2.305858918050933,-0.19941446,,0.06416288221060053,
Monocytes/DC,Macrophages,CCL18,CCR3,0.32941052,0.0,-0.0076471665,0.3895770024399126,2.8799551781945194,0.2920103,,0.015357569288654246,
Monocytes/DC,Macrophages,CCL19,CCR7,-0.049088508,1.0,0.00083021336,-0.028316933267889505,0.39515857461455584,0.060566686,,1.0,
Monocytes/DC,Macrophages,CCL19,CXCR3,-0.0044523343,0.172,-4.1245253e-06,0.016317310272811674,0.42962310479902954,-0.00067443005,,0.26541745292679403,
Monocytes/DC,Macrophages,CCL2,ACKR1,0.21468402,0.0,-0.0034513166,0.25542334502133907,1.6460872373177353,-0.2330519,,0.11671841500024098,
Monocytes/DC,Macrophages,CCL2,CCR2,0.2303737,0.0,0.0102696465,0.26949254510370463,1.678992785493726,1.0048416,1.1094202,0.007070387620923245,
Monocytes/DC,Macrophages,CCL2,CCR3,0.21292566,0.0,-0.00498904,0.2691822474442729,2.2201834974613224,0.3412669,,0.011874307077256445,
Monocytes/DC,Macrophages,CCL2,CCR5,0.2429776,0.0,0.021292046,0.28206610921797,1.8521492380223405,2.3939202,1.0735337,0.006571329426942541,
Monocytes/DC,Macrophages,CCL20,CCR6,0.017059512,0.0,-0.0022286226,0.04080126088907485,0.16317073168641794,2.2550616,,0.025793762944679072,
Monocytes/DC,Macrophages,CCL20,CXCR3,0.03384847,0.0,2.9680932e-05,0.05759056955693867,0.23817714152634983,0.00847232,-1.1981852,0.2329287058604136,
Monocytes/DC,Macrophages,CCL21,CCR7,0.08908118,0.0,-0.0237173,0.09772704425788488,0.7393566507106115,1.4680712,,0.007070387620923245,
Monocytes/DC,Macrophages,CCL21,CXCR3,0.13371736,0.0,0.000117828255,0.14236128779858606,0.7738211808950852,-0.016347457,12.622573,0.11671841500024098,
Monocytes/DC,Macrophages,CCL3,CCR3,0.3285518,0.0,-0.007627571,0.34571148255719747,1.3182098577813304,0.25989458,,0.018741150954676808,
Monocytes/DC,Macrophages,CCL3,CCR5,0.35860375,0.0,0.032552674,0.35859534433089457,0.9501755983423488,1.8231094,1.0586457,0.007070387620923245,
Monocytes/DC,Macrophages,CCL4,CCR3,0.0254045,0.0,-0.00070990046,0.04257067274559815,0.4207635812189734,-1.2447941,,0.24629884000279628,
Monocytes/DC,Macrophages,CCL4,CCR5,0.055456437,0.0,0.0030296878,0.05545453451929526,0.05272932177999179,-8.731986,1.2218741,0.3715889302283355,
Monocytes/DC,Macrophages,CCL4,CNR2,0.01332221,0.019,-0.0022133905,0.017059041300435486,-0.43406316515587506,18.398352,,0.18893949481975655,
Monocytes/DC,Macrophages,CCL5,ACKR1,-0.16787647,1.0,0.0025878095,-0.16622643076386395,-0.4117496723786748,-0.11912642,,1.0,
Monocytes/DC,Macrophages,CCL5,CCR3,-0.16963483,1.0,0.0037408,-0.15246752834093014,0.162346587764912,0.17444143,,1.0,
Monocytes/DC,Macrophages,CCL5,CCR5,-0.13958289,1.0,-0.015964853,-0.13958366656723303,-0.2056876716740696,1.2236723,,1.0,
Monocytes/DC,Macrophages,CCL5,CXCR3,-0.1637093,1.0,-0.00014468958,-0.16370984665457367,-0.5778258475643352,-0.011489008,,1.0,
Monocytes/DC,Macrophages,CCL7,ACKR1,0.01915557,0.0,-0.0003646911,0.07956175431524182,1.5502964764615137,0.04089222,,0.11671841500024098,
Monocytes/DC,Macrophages,CCL7,CCR2,0.03484524,0.0,0.0010851653,0.0936309543976074,1.5832020246375045,-0.17631353,1.4355664,0.11671841500024098,
Monocytes/DC,Macrophages,CCL7,CCR3,0.01739721,0.0,-0.0005271781,0.09332065673817565,2.1243927366051008,-0.059880063,,0.11671841500024098,
Monocytes/DC,Macrophages,CCL7,CCR5,0.04744915,0.0,0.0022498718,0.10620451851187275,1.756358477166119,-0.42004687,1.2669731,0.11671841500024098,
Monocytes/DC,Macrophages,CCL7,CXCR3,0.023322744,0.0,2.0390606e-05,0.0820783384245321,1.3842203012758534,0.003943803,-0.82411623,0.11671841500024098,
Monocytes/DC,Macrophages,CCL8,ACKR1,0.085647605,0.0,-0.001414339,0.1716415992057875,1.9275713221376103,0.62106776,,0.007070387620923245,
Monocytes/DC,Macrophages,CCL8,CCR2,0.10133728,0.0,0.0042084698,0.18571079928815307,1.960476870313601,-2.677836,1.1821303,0.11671841500024098,
Monocytes/DC,Macrophages,CCL8,CCR3,0.08388925,0.0,-0.0020444933,0.18540050162872132,2.501667582281197,-0.9094536,,0.11671841500024098,
Monocytes/DC,Macrophages,CCL8,CCR5,0.11394119,0.0,0.008725415,0.19828436340241845,2.1336333228422157,-6.3796377,1.1198215,0.11671841500024098,
Monocytes/DC,Macrophages,CD14,RIPK1,0.7898749,0.0,0.021014424,0.7899421748504382,1.670006523420286,0.8212275,1.0740535,0.007070387620923245,
Monocytes/DC,Macrophages,CD24,SIGLEC10,0.04587407,0.0,0.001867503,0.04653495586943715,-0.22337514046027485,0.03276424,1.300873,0.17968918982139417,
Monocytes/DC,Macrophages,CD40LG,CD40,-0.06679133,1.0,-0.0059217396,-0.06610344563391171,-0.7064330608885634,0.2932563,,1.0,
Monocytes/DC,Macrophages,CD40LG,CD9,0.01658035,0.036,-0.034049254,0.01659053978419646,-0.1866672967205597,0.7919692,,0.18557515429356577,
Monocytes/DC,Macrophages,COL1A1,CD36,0.34457293,0.0,0.095473416,0.34458715981180543,1.604847583323282,0.7289293,1.0334287,0.007070387620923245,
Monocytes/DC,Macrophages,CP,SLC40A1,0.003980629,0.009,-2.8589246e-05,0.030740353652928747,1.0229572570590877,0.0010817717,,0.26005339943049305,
Monocytes/DC,Macrophages,CSF1,CELSR3,0.04069835,0.0,-0.002766432,0.04702006791460488,-1.0466677628465753,0.5108739,,0.2179739231342139,
Monocytes/DC,Macrophages,CSF1,CSF3R,0.10224578,0.0,0.010429632,0.10252641065911741,-0.4482534601922421,0.4276765,1.1084863,0.11671841500024098,
Monocytes/DC,Macrophages,CSF1_IL34,CSF1R,0.07488774,0.0,-0.0014198968,0.08953192106023325,1.047337229562197,0.026858756,,0.11671841500024098,
Monocytes/DC,Macrophages,CSF2,CSF1R,0.0642446,0.0,-0.0047984836,0.07080538098637076,-0.19398541907480538,0.04587199,,0.15070014305124974,
Monocytes/DC,Macrophages,CSF2,CSF3R,0.03352852,0.0,-0.002941259,0.04032902777626426,-0.42892712958970813,0.038766313,,0.18650776098958657,
Monocytes/DC,Macrophages,CXCL1,ACKR1,0.019956045,0.0,-0.00037732747,0.09504709128486606,1.9483578982548335,0.04621893,,0.11671841500024098,
Monocytes/DC,Macrophages,CXCL1,CXCR1,0.025244685,0.0,0.0001283207,0.10865456373631091,2.1561016570076363,0.21192807,8.498301,0.025793762944679072,
Monocytes/DC,Macrophages,CXCL1,CXCR2,0.033675615,0.0,0.00093440403,0.10983261067793396,2.0640060661043327,-0.09486255,1.4858242,0.11671841500024098,
Monocytes/DC,Macrophages,CXCL10,ACKR1,0.104962975,0.0,-0.0017192528,0.16065966474334503,1.3937706743281448,-2.4380643,,0.11671841500024098,
Monocytes/DC,Macrophages,CXCL10,CCR3,0.10320462,0.0,-0.0024852604,0.17441856716627885,1.9678669344717317,3.570152,,0.007070387620923245,
Monocytes/DC,Macrophages,CXCL10,CXCR3,0.10913015,0.0,9.612684e-05,0.16317624885263532,1.2276944991424845,-0.23513627,-51.470802,0.11671841500024098,
Monocytes/DC,Macrophages,CXCL11,ACKR1,0.032519594,0.0,-0.00057565654,0.12114456448763636,2.1677453718505832,0.08194909,,0.09687083079254385,
Monocytes/DC,Macrophages,CXCL11,CCR3,0.030761234,0.0,-0.00083213847,0.13490346691057017,2.74184163199417,-0.12000123,,0.10573980540300731,
Monocytes/DC,Macrophages,CXCL11,CCR5,0.060813174,0.0,0.0035513707,0.1477873286842673,2.3738073725551887,-0.841785,1.2015166,0.11671841500024098,
Monocytes/DC,Macrophages,CXCL11,CXCR3,0.036686767,0.0,3.21861e-05,0.12366114859692665,2.001669196664923,0.007903485,-1.3127625,0.11671841500024098,
Monocytes/DC,Macrophages,CXCL13,ACKR1,-0.012580061,0.552,0.00013628973,5.8891324124006e-05,-0.6535912276253222,-0.012779228,,0.35825604408893547,
Monocytes/DC,Macrophages,CXCL13,CXCR3,-0.008412887,0.394,-7.6202296e-06,0.0025754754334142847,-0.8196674028109825,-0.0012324777,,0.5012041827833827,
Monocytes/DC,Macrophages,CXCL13,CXCR5,0.011279985,0.0,-0.0006876974,0.023670511040199422,-0.20585770946870108,0.07035267,,0.10996570489122262,
Monocytes/DC,Macrophages,CXCL2,ACKR1,0.33737037,0.0,-0.0053880517,0.34955248966477054,1.56560149864029,-0.176699,,0.07984089999004093,
Monocytes/DC,Macrophages,CXCL2,CXCR1,0.342659,0.0,0.0018323567,0.3631599621162154,1.7733452573930926,-0.81021947,1.3046197,0.07128421646489229,
Monocytes/DC,Macrophages,CXCL2,CXCR2,0.35108992,0.0,0.013342832,0.3643380090578384,1.6812496664897894,0.3626678,1.0947239,0.010294799319983072,
Monocytes/DC,Macrophages,CXCL8,ACKR1,0.34680486,0.0,-0.005536985,0.36476819610814937,1.441197544322542,-0.17998473,,0.10437261823614925,
Monocytes/DC,Macrophages,CXCL8,CD79A,0.39571014,0.0,0.0630774,0.4120289413234006,1.6641029831852223,0.78970206,1.0414456,0.007070387620923245,
Monocytes/DC,Macrophages,CXCL8,CXCR1,0.3520935,0.0,0.0018830056,0.3783756685595942,1.6489413030753446,-0.82528555,1.2992607,0.06170325440087375,
Monocytes/DC,Macrophages,CXCL8,CXCR2,0.36052442,0.0,0.013711647,0.37955371550121725,1.5568457121720414,0.36941162,1.0933217,0.009754610577655844,
Monocytes/DC,Macrophages,CXCL9,ACKR1,0.059803177,0.0,-0.001006357,0.14090912036472084,1.8214139611354998,0.18573907,,0.030650536305453342,
Monocytes/DC,Macrophages,CXCL9,CCR3,0.058044817,0.0,-0.0014547362,0.15466802278765465,2.3955102212790864,-0.2719849,,0.11671841500024098,
Monocytes/DC,Macrophages,CXCL9,CXCR3,0.06397035,0.0,5.626742e-05,0.14342570447401112,1.6553377859498395,0.017913388,-3.0079808,0.11671841500024098,
Monocytes/DC,Macrophages,CXCL9,KIR2DL3,0.07312237,0.0,0.0023900212,0.15372226978262668,1.8944327568067245,0.7372559,1.2569854,0.007070387620923245,
Monocytes/DC,Macrophages,FADD,TRAF2,0.048936784,0.0,0.0010808323,0.05346264188277292,-0.4178426408511049,-11.61142,1.4368197,0.9761786915080813,
Monocytes/DC,Macrophages,FASLG,TNFRSF10B,-0.013114601,0.905,-0.0017904175,-0.012171113838545893,-1.151080316604847,0.2932414,,0.9535642302504901,
Monocytes/DC,Macrophages,FCER2,CR2,-0.052383974,1.0,0.0024472517,-0.0467437667257149,-2.2501831705588295,-0.22527714,,1.0,
Monocytes/DC,Macrophages,FN1,C5AR1,0.54527193,0.0,0.1367662,0.5452616747749638,1.8737306622084555,0.43909276,1.0277772,0.007070387620923245,
Monocytes/DC,Macrophages,FN1,CD79A,0.5179415,0.0,0.085058875,0.517930361548513,1.6484429750794276,0.76644504,1.0354866,0.007070387620923245,
Monocytes/DC,Macrophages,FN1,ITGA2,0.45985624,0.0,-0.02483438,0.46826484576526517,1.207129686801581,0.4448258,,0.007070387620923245,
Monocytes/DC,Macrophages,GAL,HLA-DPA1,0.13096331,0.0,-0.00086977275,0.15378412808145014,1.567431621698686,0.027644217,,0.11671841500024098,
Monocytes/DC,Macrophages,GZMA,PARD3,-0.11923576,1.0,0.0037386492,-0.10737338853281567,-0.3176655690121527,0.20605837,,1.0,
Monocytes/DC,Macrophages,HLA-DPA1,LAG3,0.61661077,0.0,-0.017003156,0.6166567312299832,0.9382589666004413,0.5847475,,0.007070387620923245,
Monocytes/DC,Macrophages,HLA-DPB1,LAG3,0.5621094,0.0,-0.015516709,0.5621651846061638,0.8350570626060796,0.5761697,,0.007070387620923245,
Monocytes/DC,Macrophages,HLA-DQA1,LAG3,0.53211576,0.0,-0.014698673,0.532159837085571,0.9992933873710932,0.6087368,,0.007070387620923245,
Monocytes/DC,Macrophages,HLA-DQB1,LAG3,0.5456659,0.0,-0.015068235,0.5457328978993421,0.892531552634737,0.5498653,,0.007070387620923245,
Monocytes/DC,Macrophages,HLA-DRA,LAG3,0.64827013,0.0,-0.01786662,0.6483305757245791,0.8858845664161064,0.54505104,,0.007070387620923245,
Monocytes/DC,Macrophages,HLA-DRB1,LAG3,0.66823334,0.0,-0.018411089,0.6682800223853275,1.0368340693357712,0.6242246,,0.007070387620923245,
Monocytes/DC,Macrophages,HLA-DRB5,LAG3,0.46306401,0.0,-0.012815384,0.46312119511374694,1.0965755617042139,0.62996405,,0.007070387620923245,
Monocytes/DC,Macrophages,IL10,CD70,0.198382,0.0,-0.012954013,0.24271690342777988,1.000433310242379,0.95035374,,0.007070387620923245,
Monocytes/DC,Macrophages,IL1B,ADRB2,0.33425453,0.0,-0.009656676,0.3412941431374372,1.926064217101238,-0.85959834,,0.08428431990553055,
Monocytes/DC,Macrophages,IL1B,IL1R2_IL1RAP,0.33685032,0.0,-0.0061126347,0.34727536499689066,1.856319376917694,-0.34215605,,0.08204894649510963,
Monocytes/DC,Macrophages,IL4,IL21R,-0.030223107,1.0,0.0006861468,-0.02501728561790594,-0.5547565926506695,1.2820747,,1.0,
Monocytes/DC,Macrophages,IL6,FCGR3B,0.03541191,0.0,0.0012354514,0.07524467704128006,1.0931994098308921,-0.0790878,1.3973477,0.11671841500024098,
Monocytes/DC,Macrophages,L1CAM,CD9,0.081793055,0.0,-0.0077231247,0.08769722830029317,-0.21703000005840056,0.14579646,,0.1005168318308147,
Monocytes/DC,Macrophages,L1CAM,ERBB2,-0.03268122,0.998,0.0010369165,-0.022545109919456296,-1.0628570084135802,0.13423765,,0.9619890792881178,
Monocytes/DC,Macrophages,LGALS3,LAG3,0.42338,0.0,-0.011733058,0.4234095344345639,0.7986684784337658,0.7368039,,0.007070387620923245,
Monocytes/DC,Macrophages,LTF,IGDCC4,0.04634832,0.0,-0.0012984104,0.06987415705824536,0.2763766283212572,-1.727315,,0.21295434096219065,
Monocytes/DC,Macrophages,LTF,IL1RL1,0.018826962,0.0,-0.0070809713,0.03999349698974237,-0.1503776020121439,-98.585236,,0.6123655308856601,
Monocytes/DC,Macrophages,NTNG2,LRRC4,0.0012191385,0.0,-0.0004304265,0.030039184366953336,0.30201058783273327,-0.061490048,,0.33142388118208604,
Monocytes/DC,Macrophages,PNOC,OPRL1,-0.038657777,1.0,0.0007601553,-0.02500853146849555,-1.4623346715341847,-0.42359903,,1.0,
Monocytes/DC,Macrophages,PSAP,CD1B,0.692155,0.0,0.017053729,0.7199500242349272,1.9237576854240659,-0.2603909,1.08288,0.027196544974421498,
Monocytes/DC,Macrophages,S100A12,CD36,0.3211162,0.0,0.086462736,0.34878472995800375,2.4213669784889387,1.0370992,1.0351871,0.007070387620923245,
Monocytes/DC,Macrophages,S100A8,CD36,0.5537965,0.0,0.17584464,0.5538089559258351,2.571204813074086,0.83517504,1.0244169,0.007070387620923245,
Monocytes/DC,Macrophages,S100A8,CD68,0.5903639,0.0,0.2428012,0.5903552307449748,2.35810967764379,0.6881087,1.020704,0.007070387620923245,
Monocytes/DC,Macrophages,S100A9,CD36,0.6669403,0.0,0.21930772,0.6669706897909635,2.5858657522221744,0.85118765,1.0218083,0.00307856213324111,
Monocytes/DC,Macrophages,S100A9,CD68,0.70350766,0.0,0.30281377,0.7035169646101032,2.372770616791878,0.7013016,1.0184991,0.0048998963651745095,
Monocytes/DC,Macrophages,SAA1,CD36,0.12612158,0.0,0.011557439,0.1745080308441102,1.9112321273517916,-0.26600793,1.1025008,0.11671841500024098,
Monocytes/DC,Macrophages,SAA1,FPR1,0.08459467,0.0,0.00655984,0.1329666204639031,1.3621556868219886,-0.122466154,1.1407776,0.11671841500024098,
Monocytes/DC,Macrophages,SCGB3A1,MARCO,0.1149068,0.0,0.010637186,0.1651636920517197,2.0113506774514254,-0.29275954,1.1073086,0.11671841500024098,
Monocytes/DC,Macrophages,SCGB3A1,NOTCH3,0.021106044,0.0,-0.0014157005,0.08074989466042269,1.289032099844197,-0.2772599,,0.11671841500024098,
Monocytes/DC,Macrophages,SORBS1,ITGA1,-0.027317258,1.0,0.000598282,-0.01260807904658257,0.023771238380370985,0.15990797,,1.0,
Monocytes/DC,Macrophages,THBS1,CD36,0.38531783,0.0,0.11112517,0.39959169960191604,2.5710550699676062,0.8760378,1.0309097,0.007070387620923245,
Monocytes/DC,Macrophages,TNF,FFAR2,0.045356706,0.0,0.0007914721,0.06033621124596576,-0.5968475702409917,0.73615986,1.5510423,0.1564508084351679,
Monocytes/DC,Macrophages,TNF,ICOS,0.040773537,0.0,4.9602237e-05,0.041361929695768546,-0.9794164755406025,-0.043080967,-2.3857775,0.6791083199926232,
Monocytes/DC,Macrophages,TNF,NOTCH1,0.026026027,0.002,-0.0023375538,0.02660369633185973,-1.0633439812702454,-1.4398172,,1.0,
Monocytes/DC,Macrophages,TNF,TRAF2,0.04681109,0.0,0.0010268908,0.04873818147032939,-0.7743155516037343,-3.3143866,1.4532795,1.0,
Monocytes/DC,Macrophages,TNFSF4,TNFRSF4,-0.022426018,0.966,0.00046834047,-0.01352146643887969,-0.5103726870986254,0.07562235,,0.6553465194138581,
Monocytes/DC,Macrophages,TNFSF4,TRAF2,-0.00780951,0.3,-0.00035915826,0.001716601524350182,-0.32460685041716264,-0.251602,,1.0,
Monocytes/DC,Macrophages,TNFSF9,ADGRG5,0.025805391,0.0,0.00047422736,0.028524118883473063,-0.7174841176432993,-1.2705002,1.8483317,1.0,
Monocytes/DC,Macrophages,TNFSF9,HLA-DPA1,0.15242843,0.0,0.010515597,0.15317358628671596,-0.43518547005772623,0.4844823,1.107994,0.11671841500024098,
Monocytes/DC,Macrophages,TNFSF9,TNFRSF9,0.015545789,0.004,-0.00033937235,0.021267050453275888,-0.866787330903894,0.1362695,,0.5570940117863082,
Monocytes/DC,Macrophages,TNFSF9,TRAF2,0.026169306,0.001,0.0005030862,0.02825566458809839,-0.5707020060910781,-1.6843351,1.8037941,1.0,
Monocytes/DC,Monocytes/DC,ADCYAP1,ADRB2,0.01914256,0.0,-0.0019133314,0.027277132932758675,-1.2918092997856014,0.484003,,0.353186465132599,
Monocytes/DC,Monocytes/DC,ADCYAP1,VIPR2,-0.021372922,0.548,0.000404508,0.00291390736194552,-0.4524490121189664,0.03050645,,0.3564546344866761,
Monocytes/DC,Monocytes/DC,ADM,ADRB2,0.341839,0.0,0.041256666,0.3628078531381269,1.1941471261164627,4.293854,1.0517542,0.007070387620923245,
Monocytes/DC,Monocytes/DC,ADM,RAMP1,0.33129928,0.0,0.028255116,0.37603776470942973,1.9899267102791334,-1.1445,1.0632198,0.06366741457576322,
Monocytes/DC,Monocytes/DC,APOE,LRP8,0.561701,0.0,0.01594743,0.5769642899717539,1.524923018288363,-0.3319275,1.0859495,0.08484742002954967,
Monocytes/DC,Monocytes/DC,BTLA,CD247,-0.17483582,1.0,0.017693102,-0.1746401144777355,-1.2639258527508421,23.160557,,0.14275162818727766,
Monocytes/DC,Monocytes/DC,BTLA,CD79A,-0.12957022,1.0,0.01213719,-0.12937926153629928,-1.571960510043221,-12.696694,,1.0,
Monocytes/DC,Monocytes/DC,C3,C5AR2,0.75768554,0.0,0.5149896,0.7932463072008678,3.7497470096674954,5.043159,1.0141244,0.00018736619292498201,
Monocytes/DC,Monocytes/DC,C3,CR2,0.46409783,0.0,-0.07264732,0.4639091724024892,-0.2179960283215736,2.3501623,,0.09886760147146179,
Monocytes/DC,Monocytes/DC,CCL13,ACKR1,0.110636495,0.0,0.0046422826,0.17740352218573463,2.2177893252599805,-0.5929898,1.171913,0.11671841500024098,
Monocytes/DC,Monocytes/DC,CCL13,CCR2,0.07150855,0.0,0.0028056856,0.13221660776475413,0.9825195041943342,-0.51931274,1.2325815,0.11671841500024098,
Monocytes/DC,Monocytes/DC,CCL13,CCR3,0.009515649,0.0,-0.00010415177,0.09727338140308911,2.487430368552274,-0.013476952,,0.11671841500024098,
Monocytes/DC,Monocytes/DC,CCL13,CCR5,0.10611696,0.0,0.004430143,0.1667731492994931,1.3766346937103509,-0.9422321,1.1766998,0.11671841500024098,
Monocytes/DC,Monocytes/DC,CCL13,CXCR3,-0.028540734,0.998,-0.0018904513,0.0321136194517249,0.6795710934610447,-0.41653422,,1.0,
Monocytes/DC,Monocytes/DC,CCL17,ACKR1,0.10647205,0.0,0.0029947967,0.15142882935893845,1.6031374240330698,-0.3045101,1.2234508,0.11671841500024098,
Monocytes/DC,Monocytes/DC,CCL18,ACKR1,0.43401733,0.0,0.13257425,0.4831308208284796,2.9002450786438665,4.9974384,1.0282253,0.0007500416469790696,
Monocytes/DC,Monocytes/DC,CCL18,CCR3,0.3328965,0.0,-0.002974365,0.40300068004583406,3.16988612193616,0.11357739,,0.03434193488764655,
Monocytes/DC,Monocytes/DC,CCL19,CCR7,-0.14857806,1.0,0.0026898691,-0.12780622824223165,-0.1221188290029972,0.19623445,,1.0,
Monocytes/DC,Monocytes/DC,CCL19,CXCR3,-0.044948287,1.0,0.00075282453,-0.02417645575898756,-0.348132791221312,0.12309961,,1.0,
Monocytes/DC,Monocytes/DC,CCL2,ACKR1,0.31753248,0.0,0.086491935,0.3627360658328398,2.240473397910669,5.840411,1.0351809,0.002877524028271915,
Monocytes/DC,Monocytes/DC,CCL2,CCR2,0.27840453,0.0,0.052273676,0.31754915141185935,1.005203576845023,5.1147585,1.0457141,0.007070387620923245,
Monocytes/DC,Monocytes/DC,CCL2,CCR3,0.21641162,0.0,-0.0019404868,0.28260592505019433,2.5101144412029623,0.13273574,,0.05735280380712542,
Monocytes/DC,Monocytes/DC,CCL2,CCR5,0.31301293,0.0,0.0825395,0.3521056929465983,1.3993187663610396,9.28013,1.0360435,0.005581727113134433,
Monocytes/DC,Monocytes/DC,CCL20,CCR6,-0.013872091,0.704,-0.006389271,0.00987098517902129,-0.6699804337895012,6.46507,,0.4123290400606564,
Monocytes/DC,Monocytes/DC,CCL20,CXCR3,-0.0066474825,0.399,-0.00541748,0.017096803525139433,-0.5395787544939917,-1.5464009,,1.0,
Monocytes/DC,Monocytes/DC,CCL21,CCR7,-0.010408372,0.8,-0.07684341,-0.0017622507164572754,0.22207924709305848,4.756511,,0.4652381375696705,
Monocytes/DC,Monocytes/DC,CCL21,CXCR3,0.09322141,0.0,-0.021506475,0.10186752176678682,-0.003934715125256338,2.9838018,,0.04518503756983197,
Monocytes/DC,Monocytes/DC,CCL3,CCR3,0.33203778,0.0,-0.0029667432,0.3591351601631189,1.6081408015229706,0.10108598,,0.07550723406725582,
Monocytes/DC,Monocytes/DC,CCL3,CCR5,0.42863908,0.0,0.12619178,0.4286349280595229,0.4973451266810478,7.0673585,1.0289507,0.007070387620923245,
Monocytes/DC,Monocytes/DC,CCL4,CCR3,0.028890464,0.0,-0.00027611575,0.05599435035151959,0.7106945249606136,-0.48416257,,0.16829355101458274,
Monocytes/DC,Monocytes/DC,CCL4,CCR5,0.12549177,0.0,0.01174471,0.12549411824792361,-0.4001011498813092,-33.849903,1.101597,0.7543791709995192,
Monocytes/DC,Monocytes/DC,CCL4,CNR2,0.00059534796,0.265,-0.0037970894,0.0020844006749510813,-1.2642237230241948,31.562521,,0.11922932794108446,
Monocytes/DC,Monocytes/DC,CCL5,ACKR1,-0.06502802,1.0,-0.06485196,-0.05891370995236317,0.18263648821425887,2.985375,,0.814616803966139,
Monocytes/DC,Monocytes/DC,CCL5,CCR3,-0.16614887,1.0,0.0014549838,-0.1390438507350087,0.4522775315065522,0.06784898,,1.0,
Monocytes/DC,Monocytes/DC,CCL5,CCR5,-0.06954756,1.0,-0.061888408,-0.06954408283860468,-0.6585181433353706,4.7436156,,0.5788980066544881,
Monocytes/DC,Monocytes/DC,CCL5,CXCR3,-0.20420524,1.0,0.02640931,-0.2042036126863729,-1.3555817435846766,2.0970187,,1.0,
Monocytes/DC,Monocytes/DC,CCL7,ACKR1,0.12200402,0.0,0.009139364,0.1868744751267426,2.1446826370544474,-1.0247821,1.1167561,0.11671841500024098,
Monocytes/DC,Monocytes/DC,CCL7,CCR2,0.08287607,0.0,0.0055236155,0.1416875607057621,0.9094128159888013,-0.8974561,1.1553788,0.11671841500024098,
Monocytes/DC,Monocytes/DC,CCL7,CCR3,0.020883175,0.0,-0.00020504589,0.10674433434409708,2.4143236803467407,-0.023290345,,0.11671841500024098,
Monocytes/DC,Monocytes/DC,CCL7,CCR5,0.11748448,0.0,0.008721721,0.17624410224050108,1.303528005504818,-1.6283289,1.1198499,0.11671841500024098,
Monocytes/DC,Monocytes/DC,CCL7,CXCR3,-0.017173208,0.808,-0.0037217732,0.04158457239273287,0.6064644052555118,-0.71983826,,1.0,
Monocytes/DC,Monocytes/DC,CCL8,ACKR1,0.18849605,0.0,0.03544413,0.27895432001728826,2.521957482730544,-15.564307,1.0560658,0.11671841500024098,
Monocytes/DC,Monocytes/DC,CCL8,CCR2,0.1493681,0.0,0.021421593,0.2337674055963078,1.286687661664898,-13.630491,1.0732946,0.11671841500024098,
Monocytes/DC,Monocytes/DC,CCL8,CCR3,0.087375216,0.0,-0.00079520553,0.19882417923464277,2.7915985260228373,-0.3537319,,0.0955996084595989,
Monocytes/DC,Monocytes/DC,CCL8,CCR5,0.18397653,0.0,0.033824433,0.2683239471310468,1.6808028511809145,-24.730928,1.0574687,0.11671841500024098,
Monocytes/DC,Monocytes/DC,CD14,RIPK1,0.82551265,0.0,0.13265558,0.825616690693326,1.2828512474770988,5.1840777,1.0282164,0.007070387620923245,
Monocytes/DC,Monocytes/DC,CD24,SIGLEC10,0.38102555,0.0,0.042934626,0.3831439342281581,1.032965043198376,0.7532627,1.0506811,0.007070387620923245,
Monocytes/DC,Monocytes/DC,CD40LG,CD40,0.008504443,0.193,-0.031324647,0.0099940287043261,-1.6312695611577983,1.5512587,,1.0,
Monocytes/DC,Monocytes/DC,CD40LG,CD9,0.35725272,0.0,-0.14898357,0.3572325470237044,0.1441939034365085,3.4652858,,0.027727476157520303,
Monocytes/DC,Monocytes/DC,COL1A1,CD36,0.74697244,0.0,0.49551943,0.746993728180311,2.3076909275350506,3.7832375,1.0144032,0.0014906640078019358,
Monocytes/DC,Monocytes/DC,CP,SLC40A1,0.28564876,0.0,-0.001541318,0.31245010829594333,2.397009406121905,0.058321025,,0.10313774170721325,
Monocytes/DC,Monocytes/DC,CSF1,CELSR3,0.046014585,0.0,-0.0016266049,0.06218185674993539,-0.42018555633671517,0.3003833,,0.17968918982139417,
Monocytes/DC,Monocytes/DC,CSF1,CSF3R,0.61779404,0.0,0.12096564,0.6193629011186634,1.7214916805577516,4.960305,1.0295877,0.001640590692293386,
Monocytes/DC,Monocytes/DC,CSF1_IL34,CSF1R,0.77482235,0.0,-0.013942914,0.789475423183943,2.2682003603031777,0.26374403,,0.007132558132222379,
Monocytes/DC,Monocytes/DC,CSF2,CSF1R,0.7641792,0.0,-0.04711951,0.7707488831100805,1.0268777116661756,0.45044765,,0.007070387620923245,
Monocytes/DC,Monocytes/DC,CSF2,CSF3R,0.5490768,0.0,-0.0341135,0.5571655182358103,1.7408180111602856,0.44962195,,0.007070387620923245,
Monocytes/DC,Monocytes/DC,CXCL1,ACKR1,0.12280449,0.0,0.0094560385,0.20235981209636683,2.5427440588477674,-1.1582724,1.1145586,0.11671841500024098,
Monocytes/DC,Monocytes/DC,CXCL1,CXCR1,0.1072533,0.0,0.007969185,0.21262676442093148,3.098673193990294,13.161509,1.1260785,0.005343872141970507,
Monocytes/DC,Monocytes/DC,CXCL1,CXCR2,0.179988,0.0,0.014923367,0.2636046035559823,3.4651771335379244,-1.5150498,1.089108,0.00688616152019845,
Monocytes/DC,Monocytes/DC,CXCL10,ACKR1,0.20781143,0.0,0.04308544,0.2679723855548458,1.9881568349210785,61.099262,1.0505878,0.007070387620923245,
Monocytes/DC,Monocytes/DC,CXCL10,CCR3,0.106690586,0.0,-0.0009666419,0.1878422447722003,2.257797878213372,1.3886104,,0.007070387620923245,
Monocytes/DC,Monocytes/DC,CXCL10,CXCR3,0.0686342,0.0,-0.017545449,0.12268248282083608,0.44993860312214295,42.91799,,0.008227659561456492,
Monocytes/DC,Monocytes/DC,CXCL11,ACKR1,0.13536805,0.0,0.014426275,0.22845728529913714,2.762131532443517,-2.0536902,1.0907683,0.0989818717298003,
Monocytes/DC,Monocytes/DC,CXCL11,CCR3,0.0342472,0.0,-0.0003236602,0.14832714451649162,3.0317725757358103,-0.046674468,,0.05824937585810596,
Monocytes/DC,Monocytes/DC,CXCL11,CCR5,0.13084851,0.0,0.013767036,0.21782691241289565,1.9209769008938875,-3.263214,1.0931162,0.11671841500024098,
Monocytes/DC,Monocytes/DC,CXCL11,CXCR3,-0.0038091838,0.2,-0.0058747334,0.0831673825651274,1.2239133006445813,-1.4425749,,0.6607989249158136,
Monocytes/DC,Monocytes/DC,CXCL13,ACKR1,0.09026839,0.0,-0.003415497,0.10737161213562478,-0.05920506703238848,0.32025462,,0.055938499369052666,
Monocytes/DC,Monocytes/DC,CXCL13,CXCR3,-0.048908837,1.0,0.0013908742,-0.037918290598384946,-1.5974232988313242,0.22495666,,1.0,
Monocytes/DC,Monocytes/DC,CXCL13,CXCR5,-0.04655964,1.0,0.0013097466,-0.03540599248787697,-1.7635324696685655,-0.13398942,,1.0,
Monocytes/DC,Monocytes/DC,CXCL2,ACKR1,0.4402188,0.0,0.1350276,0.45686521047627127,2.1599876592332237,4.4281764,1.0279605,0.0010621092611651597,
Monocytes/DC,Monocytes/DC,CXCL2,CXCR1,0.42466763,0.0,0.113796055,0.4671321628008359,2.71591679437575,-50.317593,1.0305336,0.03026226207377543,
Monocytes/DC,Monocytes/DC,CXCL2,CXCR2,0.4974023,0.0,0.21309836,0.5181100019358867,3.082420733923381,5.792167,1.0221307,0.0004954053715576851,
Monocytes/DC,Monocytes/DC,CXCL8,ACKR1,0.4496533,0.0,0.13875996,0.47208091691965015,2.0355837049154757,4.5105186,1.0275714,0.001013095142703044,
Monocytes/DC,Monocytes/DC,CXCL8,CD79A,0.25186622,0.0,-0.13873641,0.26818040290892414,0.572758107805716,-1.7369206,,0.11671841500024098,
Monocytes/DC,Monocytes/DC,CXCL8,CXCR1,0.43410212,0.0,0.11694155,0.48234786924421474,2.591512840058002,-51.253254,1.0301077,0.025560723956913656,
Monocytes/DC,Monocytes/DC,CXCL8,CXCR2,0.5068368,0.0,0.21898872,0.5333257083792655,2.958016779605633,5.8998733,1.0218245,0.0004659203296386332,
Monocytes/DC,Monocytes/DC,CXCL9,ACKR1,0.16265163,0.0,0.025219873,0.24822184117622162,2.4158001217284335,-4.6547256,1.0671643,0.11671841500024098,
Monocytes/DC,Monocytes/DC,CXCL9,CCR3,0.061530784,0.0,-0.00056581956,0.1680917003935761,2.685441165020727,-0.105788514,,0.1158602380279843,
Monocytes/DC,Monocytes/DC,CXCL9,CXCR3,0.023474399,0.0,-0.01027015,0.10293193844221188,0.8775818899294979,-3.2696216,,0.11671841500024098,
Monocytes/DC,Monocytes/DC,CXCL9,KIR2DL3,0.03663066,0.0,-0.0069153206,0.1164707959971036,1.2337762877019256,-2.1331863,,0.11671841500024098,
Monocytes/DC,Monocytes/DC,FADD,TRAF2,0.05799228,0.0,0.0026236284,0.06275890665840332,-1.4112135983666656,-28.18573,1.2424393,0.8716301657858525,
Monocytes/DC,Monocytes/DC,FASLG,TNFRSF10B,0.09211119,0.0,-0.013873221,0.0938939368477811,-1.3327930425597523,2.2722092,,0.11671841500024098,
Monocytes/DC,Monocytes/DC,FCER2,CR2,-0.07110149,1.0,0.0050532054,-0.07103841211691976,-4.142884785174836,-0.46516332,,1.0,
Monocytes/DC,Monocytes/DC,FN1,C5AR1,1.1974196,0.0,1.3705847,1.1974247836722083,3.141037910738512,4.4003115,1.0086108,0.00013422692902960817,
Monocytes/DC,Monocytes/DC,FN1,CD79A,0.37409756,0.0,-0.18708386,0.3740818231340365,0.5570980996999213,-1.6857677,,0.11671841500024098,
Monocytes/DC,Monocytes/DC,FN1,ITGA2,0.46568197,0.0,-0.013812488,0.4820931808216424,1.6028867285985258,0.24740505,,0.02033189638112484,
Monocytes/DC,Monocytes/DC,GAL,HLA-DPA1,0.6217894,0.0,-0.004089208,0.6445961968324393,2.200401634079636,0.12996839,,0.00997531043201773,
Monocytes/DC,Monocytes/DC,GZMA,PARD3,-0.10779484,1.0,-0.0013319763,-0.07015538724929507,0.6263120985557046,-0.07341284,,1.0,
Monocytes/DC,Monocytes/DC,HLA-DPA1,LAG3,0.5962641,0.0,-0.06774191,0.5962842764282923,-0.17467607479872838,2.3296797,,0.0875017956245711,
Monocytes/DC,Monocytes/DC,HLA-DPB1,LAG3,0.54176277,0.0,-0.06181978,0.5417927298044729,-0.27787797879309006,2.2955053,,0.10068774994752058,
Monocytes/DC,Monocytes/DC,HLA-DQA1,LAG3,0.5117691,0.0,-0.058560666,0.5117873822838801,-0.11364165402807647,2.425255,,0.06850594695904116,
Monocytes/DC,Monocytes/DC,HLA-DQB1,LAG3,0.5253193,0.0,-0.060033027,0.5253604430976512,-0.2204034887644326,2.1907063,,0.10138946334494615,
Monocytes/DC,Monocytes/DC,HLA-DRA,LAG3,0.6279235,0.0,-0.07118202,0.6279581209228882,-0.2270504749830633,2.1715262,,0.10270904855432365,
Monocytes/DC,Monocytes/DC,HLA-DRB1,LAG3,0.6478867,0.0,-0.07335122,0.6479075675836365,-0.0761009720633985,2.4869597,,0.059377677482109106,
Monocytes/DC,Monocytes/DC,HLA-DRB5,LAG3,0.4427174,0.0,-0.051057495,0.4427487403120559,-0.01635947969495577,2.5098262,,0.047248922595192755,
Monocytes/DC,Monocytes/DC,IL10,CD70,0.20133416,0.0,-0.010432306,0.24660879686959655,0.6637441195025833,0.76535213,,0.007070387620923245,
Monocytes/DC,Monocytes/DC,IL1B,ADRB2,0.37477216,0.0,0.045662433,0.38194671515476897,1.3562976900380321,4.0646853,1.0490686,0.006681689323488612,
Monocytes/DC,Monocytes/DC,IL1B,IL1R2_IL1RAP,0.43102515,0.0,0.122465156,0.4505093241503555,2.265023697587394,6.855014,1.0294007,0.001029263644934202,
Monocytes/DC,Monocytes/DC,IL4,IL21R,-0.023068573,0.98,0.00046940756,-0.017829595902760793,-1.456115982335798,0.8770945,,1.0,
Monocytes/DC,Monocytes/DC,IL6,FCGR3B,0.25991386,0.0,0.019069476,0.32165979624811464,2.735780233804288,-1.2207383,1.0780258,0.0964639524036088,
Monocytes/DC,Monocytes/DC,L1CAM,CD9,0.4224654,0.0,-0.03379277,0.4283392355398011,0.11383120009866765,0.63793695,,0.0305614035798237,
Monocytes/DC,Monocytes/DC,L1CAM,ERBB2,-0.03293083,0.991,0.0010560175,-0.02284018502954839,-1.878832584699155,0.13671042,,1.0,
Monocytes/DC,Monocytes/DC,LGALS3,LAG3,0.40303338,0.0,-0.04674542,0.4030370796328729,-0.3142665629654039,2.9354842,,0.06972929435455995,
Monocytes/DC,Monocytes/DC,LTF,IGDCC4,0.05068137,0.0,-0.00038798543,0.10036429618229657,1.951800169197586,-0.51614887,,0.11671841500024098,
Monocytes/DC,Monocytes/DC,LTF,IL1RL1,0.04266516,0.0,-0.002072285,0.06649549221592829,-0.11788634099412754,-28.851507,,0.5597618515695438,
Monocytes/DC,Monocytes/DC,NTNG2,LRRC4,0.05110524,0.0,0.0017647265,0.14204667949296917,1.911001343085017,0.252106,1.3122072,0.019748010924045586,
Monocytes/DC,Monocytes/DC,PNOC,OPRL1,0.034456898,0.0,-0.00885518,0.09416862583087127,-0.20043166466944284,4.9345775,,0.09560800142321825,
Monocytes/DC,Monocytes/DC,PSAP,CD1B,0.7077785,0.0,0.059920773,0.7514465115432952,2.07866056748351,-0.91492164,1.0425692,0.016247282098893704,
Monocytes/DC,Monocytes/DC,S100A12,CD36,0.7235157,0.0,0.44875285,0.7511912983265092,3.124210322700707,5.38268,1.0151463,0.0005800009062477192,
Monocytes/DC,Monocytes/DC,S100A8,CD36,0.95619607,0.0,0.91265655,0.9562155242943405,3.274048157285855,4.334667,1.0105729,3.999271605204826e-05,
Monocytes/DC,Monocytes/DC,S100A8,CD68,1.2776996,0.0,1.5013443,1.2776932685147493,3.2664521194734455,4.2548723,1.0082242,7.105731186934953e-05,
Monocytes/DC,Monocytes/DC,S100A9,CD36,1.0693398,0.0,1.1382356,1.069377258159469,3.288709096433943,4.417774,1.0094569,1.7784756270161076e-05,
Monocytes/DC,Monocytes/DC,S100A9,CD68,1.3908434,0.0,1.8724278,1.3908550023798776,3.2811130586215334,4.33645,1.007358,2.778069993136873e-05,
Monocytes/DC,Monocytes/DC,SAA1,CD36,0.52852106,0.0,0.059984613,0.5769145992126157,2.6140754715635603,-1.3806157,1.0425456,0.011025428073054648,
Monocytes/DC,Monocytes/DC,SAA1,FPR1,0.6365597,0.0,0.07298663,0.6849384238335261,3.3031789402640257,-1.3625929,1.0384176,0.0024251843743561662,
Monocytes/DC,Monocytes/DC,SCGB3A1,MARCO,0.4566671,0.0,0.05455152,0.5074456520138193,3.0687934474471605,-1.5013819,1.0447063,0.02094456543302373,
Monocytes/DC,Monocytes/DC,SCGB3A1,NOTCH3,0.07907962,0.0,0.0060335877,0.1712890976660801,2.2602062218508157,1.1816566,1.1476763,0.007070387620923245,
Monocytes/DC,Monocytes/DC,SORBS1,ITGA1,-0.025110759,0.974,0.00053140847,-0.010400946687472724,-0.48775430326090485,0.14203411,,0.6954095268273767,
Monocytes/DC,Monocytes/DC,THBS1,CD36,0.78771734,0.0,0.5767541,0.8019982679704215,3.2738984141793748,4.5467496,1.0133364,0.00013422692902960817,
Monocytes/DC,Monocytes/DC,TNF,FFAR2,0.17661653,0.0,0.022038292,0.24441626029264757,0.8119074626370644,20.49814,1.0721873,0.007070387620923245,
Monocytes/DC,Monocytes/DC,TNF,ICOS,-0.006549392,0.738,-0.007610485,-0.005971125456994214,-2.073149160290494,6.6099243,,0.4389140535629803,
Monocytes/DC,Monocytes/DC,TNF,NOTCH1,0.07521138,0.0,0.0056240014,0.07578923476876892,-1.2525885266390804,3.4641058,1.1537716,0.11671841500024098,
Monocytes/DC,Monocytes/DC,TNF,TRAF2,0.055866584,0.0,0.00249269,0.05803444624595979,-1.767686509119295,-8.045391,1.2502989,0.9193096814820666,
Monocytes/DC,Monocytes/DC,TNFSF4,TNFRSF4,-0.03307369,0.994,0.0010711475,-0.02438151937960607,-1.1606078482794575,0.17295684,,0.959454957021094,
Monocytes/DC,Monocytes/DC,TNFSF4,TRAF2,0.0012459885,0.078,-0.0008718261,0.011012866299980582,-1.3179778079327233,-0.61074233,,1.0,
Monocytes/DC,Monocytes/DC,TNFSF9,ADGRG5,0.018128289,0.032,-0.00013457674,0.02054377477012032,-1.0437907710440424,0.36054388,,0.7819884052658058,
Monocytes/DC,Monocytes/DC,TNFSF9,HLA-DPA1,0.6432545,0.0,0.049438734,0.6439856550377051,0.19778454232322407,2.2777777,1.0470674,0.02181366135618062,
Monocytes/DC,Monocytes/DC,TNFSF9,TNFRSF9,0.005871089,0.145,-0.0011065884,0.010231012313893647,-1.4180890695449326,0.4443328,,1.0,
Monocytes/DC,Monocytes/DC,TNFSF9,TRAF2,0.035224803,0.001,0.0012211988,0.03755192936372879,-1.5640729636066388,-4.0885797,1.4005859,1.0,
Monocytes/DC,NK/Cytotoxic T cells,ADCYAP1,ADRB2,0.01506186,0.0,-0.0016798798,0.02318321093889355,-0.28527497567760207,0.42494825,,0.1213126913954301,
Monocytes/DC,NK/Cytotoxic T cells,ADCYAP1,VIPR2,-0.02766762,0.955,0.0007646196,-0.016041832977689657,-1.484441084516831,0.057664692,,1.0,
Monocytes/DC,NK/Cytotoxic T cells,ADM,ADRB2,0.3377583,0.0,0.036222808,0.35871393114426176,2.200681450224462,3.7699475,1.0554262,0.0030735538079285393,
Monocytes/DC,NK/Cytotoxic T cells,ADM,RAMP1,0.32216665,0.0,0.016989307,0.3628636999312037,2.5726779561761792,-0.6881679,1.08305,0.07180601195501685,
Monocytes/DC,NK/Cytotoxic T cells,APOE,LRP8,0.55133,0.0,-0.007056,0.5626496216065968,1.7783901202679089,0.14686258,,0.04199825915033799,
Monocytes/DC,NK/Cytotoxic T cells,BTLA,CD247,0.11043866,0.0,-0.017321566,0.11062072297501707,-0.3003883195019784,-22.674208,,0.7543791709995192,
Monocytes/DC,NK/Cytotoxic T cells,BTLA,CD79A,-0.13247916,1.0,0.012494235,-0.13229916591552845,-1.6163677106290095,-13.070198,,1.0,
Monocytes/DC,NK/Cytotoxic T cells,C3,C5AR2,0.4604373,0.0,-0.07997418,0.460355059616944,0.9863456075801913,-0.7831663,,0.11671841500024098,
Monocytes/DC,NK/Cytotoxic T cells,C3,CR2,0.48513222,0.0,-0.030545486,0.49121047305080456,1.7460868367774334,0.9881555,,0.007070387620923245,
Monocytes/DC,NK/Cytotoxic T cells,CCL13,ACKR1,-0.007764195,0.297,-0.0009152371,0.0538655874500661,1.448614271112054,0.11690937,,0.28581355238518924,
Monocytes/DC,NK/Cytotoxic T cells,CCL13,CCR2,0.006322101,0.003,-0.00025405124,0.0669966582602875,1.7779796408225368,0.0470231,,0.146906381498764,
Monocytes/DC,NK/Cytotoxic T cells,CCL13,CCR3,0.0002641445,0.0,-0.000538401,0.06164859495608111,0.39367515779525264,-0.069667615,,0.15811044760385662,
Monocytes/DC,NK/Cytotoxic T cells,CCL13,CCR5,-0.014969771,0.885,-0.0012534541,0.04568108424350525,1.4797842836283994,0.2665929,,0.22511939385470708,
Monocytes/DC,NK/Cytotoxic T cells,CCL13,CXCR3,0.008366603,0.001,-0.00015808591,0.06901831550549152,1.5621357114571772,-0.034831993,,0.4077054058367973,
Monocytes/DC,NK/Cytotoxic T cells,CCL17,ACKR1,-0.0119286375,0.505,-0.0005904314,0.027890894623269925,0.8339623698851435,0.060034893,,0.3461400547528457,
Monocytes/DC,NK/Cytotoxic T cells,CCL18,ACKR1,0.31561664,0.0,-0.026137332,0.35959288609281104,2.13107002449594,-0.98525697,,0.07497328741860083,
Monocytes/DC,NK/Cytotoxic T cells,CCL18,CCR3,0.323645,0.0,-0.0153756505,0.36737589359882605,1.0761309111791388,0.5871257,,0.007070387620923245,
Monocytes/DC,NK/Cytotoxic T cells,CCL19,CCR7,-0.016659902,0.908,0.00022405895,0.00411054823202215,0.5521464860063963,0.016345808,,0.5395757202269559,
Monocytes/DC,NK/Cytotoxic T cells,CCL19,CXCR3,-0.008040948,0.396,6.2953724e-05,0.012728240294779066,0.5344318267748205,0.010294004,,0.3195070108764703,
Monocytes/DC,NK/Cytotoxic T cells,CCL2,ACKR1,0.19913179,0.0,-0.017052092,0.2391981310971713,1.4712983437627427,-1.1514511,,0.11671841500024098,
Monocytes/DC,NK/Cytotoxic T cells,CCL2,CCR2,0.21321808,0.0,-0.0047333143,0.2523292019073927,1.8006637134732255,-0.46313483,,0.11671841500024098,
Monocytes/DC,NK/Cytotoxic T cells,CCL2,CCR3,0.20716012,0.0,-0.010031132,0.2469811386031863,0.41635923044594136,0.6861627,,0.009868531830076549,
Monocytes/DC,NK/Cytotoxic T cells,CCL2,CCR5,0.19192621,0.0,-0.023353528,0.23101362789061045,1.5024683562790881,-2.6256979,,0.11671841500024098,
Monocytes/DC,NK/Cytotoxic T cells,CCL20,CCR6,0.026347958,0.0,-0.0009792222,0.05009151030765976,0.6456263274432075,0.99083906,,0.015198767665192814,
Monocytes/DC,NK/Cytotoxic T cells,CCL20,CXCR3,0.030259855,0.0,-0.00045302793,0.054001499578906056,0.3429858635021408,-0.12931526,,0.17574175848335294,
Monocytes/DC,NK/Cytotoxic T cells,CCL21,CCR7,0.12150979,0.0,-0.006400852,0.13015452575779654,0.896344562102452,0.39620474,,0.0082609867474259,
Monocytes/DC,NK/Cytotoxic T cells,CCL21,CXCR3,0.13012874,0.0,-0.001798444,0.13877221782055346,0.8786299028708762,0.24951556,,0.020135848992000178,
Monocytes/DC,NK/Cytotoxic T cells,CCL3,CCR3,0.32278627,0.0,-0.015336251,0.3235103737161109,-0.4856144092340504,0.5225528,,0.11671841500024098,
Monocytes/DC,NK/Cytotoxic T cells,CCL3,CCR5,0.30755234,0.0,-0.035704404,0.307542863003535,0.6004947165990964,-1.9996216,,0.11671841500024098,
Monocytes/DC,NK/Cytotoxic T cells,CCL4,CCR3,0.019638961,0.0,-0.0014273498,0.02036956390451159,-1.3830606857964074,-2.5028248,,1.0,
Monocytes/DC,NK/Cytotoxic T cells,CCL4,CCR5,0.004405046,0.303,-0.0033230202,0.004402053191935727,-0.2969515599632606,9.577411,,0.28825900200821547,
Monocytes/DC,NK/Cytotoxic T cells,CCL4,CNR2,0.00900387,0.039,-0.002750754,0.011979268660866491,-0.6070731675565206,22.865072,,0.1461032068940861,
Monocytes/DC,NK/Cytotoxic T cells,CCL5,ACKR1,-0.1834287,1.0,0.01278572,-0.18245164468803168,-0.5865385659336675,-0.5885738,,1.0,
Monocytes/DC,NK/Cytotoxic T cells,CCL5,CCR3,-0.17540038,1.0,0.0075213783,-0.1746686371820167,-1.6414776792504688,0.35073778,,1.0,
Monocytes/DC,NK/Cytotoxic T cells,CCL5,CCR5,-0.19063428,1.0,0.017510558,-0.19063614789459254,-0.555368553417322,-1.3421474,,1.0,
Monocytes/DC,NK/Cytotoxic T cells,CCL5,CXCR3,-0.16729791,1.0,0.0022084354,-0.16729891663260626,-0.4730171255885442,0.17535977,,1.0,
Monocytes/DC,NK/Cytotoxic T cells,CCL7,ACKR1,0.0036033317,0.0,-0.0018018476,0.06333654039107407,1.375507582906521,0.20203824,,0.02748000301962687,
Monocytes/DC,NK/Cytotoxic T cells,CCL7,CCR2,0.017689629,0.0,-0.00050015625,0.07646761120129547,1.704872952617004,0.0812635,,0.09771963913664466,
Monocytes/DC,NK/Cytotoxic T cells,CCL7,CCR3,0.011631671,0.0,-0.001059962,0.07111954789708907,0.32056846958971974,-0.12039687,,0.18475616197784464,
Monocytes/DC,NK/Cytotoxic T cells,CCL7,CCR5,-0.003602244,0.123,-0.0024677028,0.05515203718451322,1.4066775954228665,0.4607155,,0.1708999662984554,
Monocytes/DC,NK/Cytotoxic T cells,CCL7,CXCR3,0.01973413,0.0,-0.00031122722,0.07848926844649949,1.4890290232516443,-0.060195304,,0.11671841500024098,
Monocytes/DC,NK/Cytotoxic T cells,CCL8,ACKR1,0.070095375,0.0,-0.0069878954,0.15541638528161977,1.7527824285826177,3.0685406,,0.007070387620923245,
Monocytes/DC,NK/Cytotoxic T cells,CCL8,CCR2,0.08418167,0.0,-0.0019396978,0.16854745609184116,2.0821477982931005,1.2342235,,0.007070387620923245,
Monocytes/DC,NK/Cytotoxic T cells,CCL8,CCR3,0.07812371,0.0,-0.004110727,0.16319939278763476,0.6978433152658163,-1.8285779,,0.11671841500024098,
Monocytes/DC,NK/Cytotoxic T cells,CCL8,CCR5,0.0628898,0.0,-0.009570205,0.1472318820750589,1.7839524410989631,6.99731,,0.007070387620923245,
Monocytes/DC,NK/Cytotoxic T cells,CD14,RIPK1,0.7895037,0.0,0.019851517,0.789571280018238,1.950445320911653,0.775782,1.076355,0.007070387620923245,
Monocytes/DC,NK/Cytotoxic T cells,CD24,SIGLEC10,-0.040939376,1.0,-0.008770011,-0.04066347826412572,-2.5651386200313477,-0.15386468,,1.0,
Monocytes/DC,NK/Cytotoxic T cells,CD40LG,CD40,-0.12631449,1.0,0.014159884,-0.12626444106076945,-1.437824415855203,-0.70122564,,1.0,
Monocytes/DC,NK/Cytotoxic T cells,CD40LG,CD9,-0.18446943,1.0,0.033779897,-0.18445550715181297,-1.625798488803743,-0.7857041,,1.0,
Monocytes/DC,NK/Cytotoxic T cells,COL1A1,CD36,0.15264794,0.0,-0.0953291,0.15265113063489685,-0.583755429338652,-0.7278274,,0.7543791709995192,
Monocytes/DC,NK/Cytotoxic T cells,CP,SLC40A1,-0.038628004,1.0,0.00020024498,-0.011870657685593804,0.16642803658351357,-0.007576951,,1.0,
Monocytes/DC,NK/Cytotoxic T cells,CSF1,CELSR3,0.04202493,0.0,-0.0024820066,0.050805630490326374,-0.7288586359368641,0.45834938,,0.1964101042060839,
Monocytes/DC,NK/Cytotoxic T cells,CSF1,CSF3R,-0.03534114,1.0,-0.01906966,-0.03540386671911903,-2.4184035300906084,-0.7819687,,1.0,
Monocytes/DC,NK/Cytotoxic T cells,CSF1_IL34,CSF1R,-0.13710478,1.0,0.0023730088,-0.12246556103819228,-0.4724730639244581,-0.04488781,,1.0,
Monocytes/DC,NK/Cytotoxic T cells,CSF2,CSF1R,-0.14774792,1.0,0.008019486,-0.14119210111205477,-1.7137957125614605,-0.07666376,,1.0,
Monocytes/DC,NK/Cytotoxic T cells,CSF2,CSF3R,-0.1040584,1.0,0.0053778323,-0.0976012496019722,-2.3990771994880746,-0.07088078,,1.0,
Monocytes/DC,NK/Cytotoxic T cells,CXCL1,ACKR1,0.004403807,0.002,-0.0018642807,0.07882187736069832,1.773569004699841,0.22835618,,0.1267804370119172,
Monocytes/DC,NK/Cytotoxic T cells,CXCL1,CXCR1,0.027398031,0.0,0.00033420272,0.11138429971161956,2.2317205037629515,0.55195254,2.206198,0.007070387620923245,
Monocytes/DC,NK/Cytotoxic T cells,CXCL1,CXCR2,0.051595226,0.0,0.0026477023,0.12866463631180888,2.1638099316739074,-0.2688,1.2410684,0.11671841500024098,
Monocytes/DC,NK/Cytotoxic T cells,CXCL10,ACKR1,0.08941074,0.0,-0.008494398,0.1444344508191773,1.2189817807731522,-12.045866,,0.11671841500024098,
Monocytes/DC,NK/Cytotoxic T cells,CXCL10,CCR3,0.09743908,0.0,-0.0049969484,0.1522174583251923,0.16404266745635088,7.1782675,,0.025637319041181002,
Monocytes/DC,NK/Cytotoxic T cells,CXCL10,CXCR3,0.10554154,0.0,-0.0014672094,0.15958717887460272,1.3325032211182755,3.588947,,0.007070387620923245,
Monocytes/DC,NK/Cytotoxic T cells,CXCL11,ACKR1,0.016967356,0.0,-0.0028441749,0.10491935056346861,1.9929564782955906,0.40488997,,0.007708014236864886,
Monocytes/DC,NK/Cytotoxic T cells,CXCL11,CCR3,0.024995696,0.0,-0.0016731257,0.11270235806948362,0.9380173649787893,-0.2412785,,0.11671841500024098,
Monocytes/DC,NK/Cytotoxic T cells,CXCL11,CCR5,0.0097617805,0.0,-0.0038952122,0.09673484735690777,2.024126490811936,0.923286,,0.007070387620923245,
Monocytes/DC,NK/Cytotoxic T cells,CXCL11,CXCR3,0.033098154,0.0,-0.000491265,0.12007207861889403,2.1064779186407137,-0.12063298,,0.11671841500024098,
Monocytes/DC,NK/Cytotoxic T cells,CXCL13,ACKR1,-0.028132299,0.997,0.00067337346,-0.01616632260004374,-0.8283801211803148,-0.06313897,,0.9195508779440885,
Monocytes/DC,NK/Cytotoxic T cells,CXCL13,CXCR3,-0.0120015,0.62,0.00011630959,-0.0010135945446183244,-0.7148586808351916,0.018811634,,0.3905799087106009,
Monocytes/DC,NK/Cytotoxic T cells,CXCL13,CXCR5,-0.051878564,1.0,0.0014934312,-0.040840717669391846,-2.0228806294319415,-0.15278067,,1.0,
Monocytes/DC,NK/Cytotoxic T cells,CXCL2,ACKR1,0.3218181,0.0,-0.026621016,0.3333272757406028,1.3908126050852974,-0.87302554,,0.11448695288035582,
Monocytes/DC,NK/Cytotoxic T cells,CXCL2,CXCR1,0.34481233,0.0,0.004772251,0.365889698091524,1.8489641041484082,-2.1101627,1.1691571,0.06921448095477252,
Monocytes/DC,NK/Cytotoxic T cells,CXCL2,CXCR2,0.36900955,0.0,0.037807893,0.38317003469171335,1.7810535320593637,1.0276458,1.0541884,0.007070387620923245,
Monocytes/DC,NK/Cytotoxic T cells,CXCL8,ACKR1,0.3312526,0.0,-0.02735686,0.3485429821839816,1.2664086507675494,-0.8892596,,0.11671841500024098,
Monocytes/DC,NK/Cytotoxic T cells,CXCL8,CD79A,0.24895728,0.0,-0.14281768,0.26526049852969497,0.5283509072199275,-1.7880163,,0.11671841500024098,
Monocytes/DC,NK/Cytotoxic T cells,CXCL8,CXCR1,0.35424685,0.0,0.004904163,0.3811054045349028,1.7245601498306602,-2.1494014,1.1664853,0.06024877957238697,
Monocytes/DC,NK/Cytotoxic T cells,CXCL8,CXCR2,0.37844405,0.0,0.038852956,0.3983857411350922,1.6566495777416157,1.046755,1.0534154,0.007070387620923245,
Monocytes/DC,NK/Cytotoxic T cells,CXCL9,ACKR1,0.04425094,0.0,-0.0049721585,0.12468390644055309,1.6466250675805072,0.9176903,,0.007070387620923245,
Monocytes/DC,NK/Cytotoxic T cells,CXCL9,CCR3,0.05227928,0.0,-0.0029249417,0.1324669139465681,0.5916859542637058,-0.546862,,0.11671841500024098,
Monocytes/DC,NK/Cytotoxic T cells,CXCL9,CXCR3,0.060381737,0.0,-0.0008588246,0.13983663449597852,1.7601465079256304,-0.2734168,,0.11671841500024098,
Monocytes/DC,NK/Cytotoxic T cells,CXCL9,KIR2DL3,0.15452385,0.0,0.0231473,0.23681189022933247,2.9846414344888395,7.1403055,1.0703137,0.007070387620923245,
Monocytes/DC,NK/Cytotoxic T cells,FADD,TRAF2,0.04783055,0.0,0.0008923618,0.05232700737095604,-0.24826039975955227,-9.586674,1.5028253,0.7381968713610042,
Monocytes/DC,NK/Cytotoxic T cells,FASLG,TNFRSF10B,-0.079939574,1.0,0.00588292,-0.07952169972538814,-2.1229356914861626,-0.96352714,,1.0,
Monocytes/DC,NK/Cytotoxic T cells,FCER2,CR2,-0.050067104,1.0,0.0021246842,-0.04373711146860437,-2.1788019200758293,-0.1955838,,1.0,
Monocytes/DC,NK/Cytotoxic T cells,FN1,C5AR1,0.3605597,0.0,-0.21269652,0.3605383419371039,0.3066790661616685,-0.6828698,,0.1935738569972975,
Monocytes/DC,NK/Cytotoxic T cells,FN1,CD79A,0.3711886,0.0,-0.19258739,0.3711619187548073,0.5126908991141328,-1.7353585,,0.11671841500024098,
Monocytes/DC,NK/Cytotoxic T cells,FN1,ITGA2,0.45639345,0.0,-0.031385724,0.46005468009857714,0.6686433640526248,0.56217146,,0.007070387620923245,
Monocytes/DC,NK/Cytotoxic T cells,GAL,HLA-DPA1,-0.17339607,1.0,0.0011265868,-0.15057756995441166,0.6385754040514978,-0.035806607,,1.0,
Monocytes/DC,NK/Cytotoxic T cells,GZMA,PARD3,-0.122693315,1.0,0.00527104,-0.118621886212489,-1.0568657276006528,0.29051718,,1.0,
Monocytes/DC,NK/Cytotoxic T cells,HLA-DPA1,LAG3,0.64319426,0.0,0.0492885,0.6432713780898696,1.2643218831817502,-1.6950574,1.0471424,0.11671841500024098,
Monocytes/DC,NK/Cytotoxic T cells,HLA-DPB1,LAG3,0.5886929,0.0,0.044979606,0.5887798314660502,1.1611199791873885,-1.6701922,1.0494579,0.11671841500024098,
Monocytes/DC,NK/Cytotoxic T cells,HLA-DQA1,LAG3,0.55869925,0.0,0.0426083,0.5587744839454574,1.3253563039524021,-1.7645973,1.0508846,0.11671841500024098,
Monocytes/DC,NK/Cytotoxic T cells,HLA-DQB1,LAG3,0.5722494,0.0,0.043679576,0.5723475447592284,1.218594469216046,-1.5939413,1.0502253,0.11671841500024098,
Monocytes/DC,NK/Cytotoxic T cells,HLA-DRA,LAG3,0.6748536,0.0,0.051791497,0.6749452225844654,1.2119474829974153,-1.579986,1.0459362,0.11671841500024098,
Monocytes/DC,NK/Cytotoxic T cells,HLA-DRB1,LAG3,0.6948168,0.0,0.053369794,0.6948946692452138,1.36289698591708,-1.8094931,1.0452209,0.11671841500024098,
Monocytes/DC,NK/Cytotoxic T cells,HLA-DRB5,LAG3,0.4896475,0.0,0.037149046,0.48973584197363323,1.4226384782855228,-1.8261305,1.0546929,0.10748851783409016,
Monocytes/DC,NK/Cytotoxic T cells,IL10,CD70,0.22000721,0.0,0.005518008,0.27122909395898803,1.7069699970880823,-0.40482125,1.15547,0.11671841500024098,
Monocytes/DC,NK/Cytotoxic T cells,IL1B,ADRB2,0.37069148,0.0,0.040091015,0.3778527931609038,2.3628320141460315,3.5687401,1.0525405,0.0022563610457475985,
Monocytes/DC,NK/Cytotoxic T cells,IL1B,IL1R2_IL1RAP,0.29530048,0.0,-0.06284103,0.3017452789598612,0.6696381404082414,-1.0125006,,0.11671841500024098,
Monocytes/DC,NK/Cytotoxic T cells,IL4,IL21R,0.0304242,0.0,-0.001151101,0.03590338607392179,0.26235477869200996,-2.1508482,,0.2920931571117965,
Monocytes/DC,NK/Cytotoxic T cells,IL6,FCGR3B,-0.006316282,0.073,-0.0020793597,0.02944356574359185,-0.30973855134417994,0.13311084,,0.2110327263526248,
Monocytes/DC,NK/Cytotoxic T cells,L1CAM,CD9,-0.11925672,1.0,0.0076620285,-0.11334881863571625,-1.6561611921415837,-0.1446431,,1.0,
Monocytes/DC,NK/Cytotoxic T cells,L1CAM,ERBB2,0.016883133,0.0,-0.0027559511,0.03528740108211029,-0.00991067118846578,-0.35678124,,0.42255330646510714,
Monocytes/DC,NK/Cytotoxic T cells,LGALS3,LAG3,0.44996348,0.0,0.034011614,0.4500241812944502,1.1247313950150746,-2.1358361,1.0573013,0.11671841500024098,
Monocytes/DC,NK/Cytotoxic T cells,LTF,IGDCC4,0.046348892,0.0,-0.00129829,0.06988116448713748,0.27752406834074317,-1.7271549,,0.21195883395827084,
Monocytes/DC,NK/Cytotoxic T cells,LTF,IL1RL1,0.010000061,0.006,-0.008935607,0.030177653959220438,-0.9613332433127522,-124.4065,,1.0,
Monocytes/DC,NK/Cytotoxic T cells,NTNG2,LRRC4,-0.0077637583,0.019,-0.0008257036,0.009869213527100545,-0.9157363382380936,-0.11795871,,0.7530244108745374,
Monocytes/DC,NK/Cytotoxic T cells,PNOC,OPRL1,-0.053438723,1.0,0.0027040024,-0.049101897156796775,-2.0434349671029723,-1.506814,,1.0,
Monocytes/DC,NK/Cytotoxic T cells,PSAP,CD1B,0.66334605,0.0,-0.061991148,0.661878292294522,-1.0724425748529527,0.94653386,,0.11671841500024098,
Monocytes/DC,NK/Cytotoxic T cells,S100A12,CD36,0.12919119,0.0,-0.08633204,0.15684870078109517,0.23276396582700443,-1.0355316,,0.2360970319970851,
Monocytes/DC,NK/Cytotoxic T cells,S100A8,CD36,0.36187154,0.0,-0.17557883,0.36187292674892646,0.3826018004121521,-0.8339126,,0.16357823859940218,
Monocytes/DC,NK/Cytotoxic T cells,S100A8,CD68,0.3034436,0.0,-0.28256306,0.30344295084972844,0.8169185956032516,-0.8007955,,0.11671841500024098,
Monocytes/DC,NK/Cytotoxic T cells,S100A9,CD36,0.47501528,0.0,-0.21897621,0.47503466061405486,0.39726273956024016,-0.849901,,0.15398136093290885,
Monocytes/DC,NK/Cytotoxic T cells,S100A9,CD68,0.41658735,0.0,-0.35240346,0.41660468471485684,0.8315795347513397,-0.81614894,,0.11671841500024098,
Monocytes/DC,NK/Cytotoxic T cells,SAA1,CD36,-0.065803416,1.0,-0.011539969,-0.017427998332798386,-0.2773708853101424,0.26560584,,1.0,
Monocytes/DC,NK/Cytotoxic T cells,SAA1,FPR1,-0.068194315,1.0,-0.0118277045,-0.01983579656945035,-0.21175488596487257,0.2208123,,1.0,
Monocytes/DC,NK/Cytotoxic T cells,SCGB3A1,MARCO,-0.04849429,1.0,-0.010358964,0.0015371719993177296,-1.0521634121697119,0.28510225,,1.0,
Monocytes/DC,NK/Cytotoxic T cells,SCGB3A1,NOTCH3,0.013838774,0.0,-0.0023495052,0.06939986717887306,0.9651490807727545,-0.4601422,,0.13022319109124103,
Monocytes/DC,NK/Cytotoxic T cells,SORBS1,ITGA1,0.012802616,0.0,-0.00061765226,0.027511763749151708,0.3857272884562948,-0.16508521,,0.3505058965150366,
Monocytes/DC,NK/Cytotoxic T cells,THBS1,CD36,0.19339281,0.0,-0.11095719,0.20765567042500746,0.382452057305672,-0.8747136,,0.16400353590520864,
Monocytes/DC,NK/Cytotoxic T cells,TNF,FFAR2,0.008552838,0.012,-0.0051659113,0.00871902039799187,-2.026128512922917,-4.8048897,,1.0,
Monocytes/DC,NK/Cytotoxic T cells,TNF,ICOS,0.020853493,0.011,-0.0031748237,0.021439912346784523,-1.32448123929968,2.7574255,,0.857959633835007,
Monocytes/DC,NK/Cytotoxic T cells,TNF,NOTCH1,0.093382046,0.0,0.008565257,0.09396366453380209,-0.5091683699883063,5.275774,1.1210716,0.11671841500024098,
Monocytes/DC,NK/Cytotoxic T cells,TNF,TRAF2,0.045704853,0.0,0.00084782636,0.04760254695851251,-0.6047333105121817,-2.736439,1.5226771,1.0,
Monocytes/DC,NK/Cytotoxic T cells,TNFSF4,TNFRSF4,0.015225552,0.0,-0.0016632648,0.02488494600623716,-0.11070459518012665,-0.2685653,,0.5493755715592135,
Monocytes/DC,NK/Cytotoxic T cells,TNFSF4,TRAF2,-0.008915745,0.346,-0.00029652994,0.0005809670125332955,-0.15502460932561002,-0.20772879,,1.0,
Monocytes/DC,NK/Cytotoxic T cells,TNFSF9,ADGRG5,0.05400425,0.0,0.0027104327,0.05783745306933975,-0.14489309323556698,-7.2615075,1.2375958,0.6032702805726462,
Monocytes/DC,NK/Cytotoxic T cells,TNFSF9,HLA-DPA1,-0.15193094,1.0,-0.013620492,-0.15118811174914587,-1.3640416877049146,-0.6275333,,1.0,
Monocytes/DC,NK/Cytotoxic T cells,TNFSF9,TNFRSF9,0.018544244,0.001,-0.00010159103,0.02468722155350296,-0.5577526659265706,0.040792245,,0.2640687326246301,
Monocytes/DC,NK/Cytotoxic T cells,TNFSF9,TRAF2,0.025063071,0.002,0.00041536035,0.027120030076281502,-0.4011197649995255,-1.3906285,1.9623933,0.9974763074763884,
Monocytes/DC,T cells (naive/memory),ADCYAP1,ADRB2,-0.054650042,1.0,0.00230825,-0.04676157317054337,-1.452733033474666,-0.58390296,,1.0,
Monocytes/DC,T cells (naive/memory),ADCYAP1,VIPR2,-0.025358833,0.823,0.00063253695,-0.009088159092787946,-0.937944433577651,0.047703523,,0.6234940269246307,
Monocytes/DC,T cells (naive/memory),ADM,ADRB2,0.26804638,0.0,-0.04977219,0.2887691470348248,1.0332233924273981,-5.1801214,,0.11671841500024098,
Monocytes/DC,T cells (naive/memory),ADM,RAMP1,0.27724874,0.0,-0.038420405,0.29806866927948167,0.5669928205220143,1.5562547,,0.007070387620923245,
Monocytes/DC,T cells (naive/memory),APOE,LRP8,0.5299711,0.0,-0.054430846,0.5331698183109164,0.9454450683209985,1.132916,,0.007070387620923245,
Monocytes/DC,T cells (naive/memory),BTLA,CD247,-0.095584795,1.0,0.007965811,-0.0953971829661363,-0.9417120850864036,10.427374,,0.2816478493755928,
Monocytes/DC,T cells (naive/memory),BTLA,CD79A,0.29334155,0.0,-0.039771117,0.29355255321901663,0.2962008491536894,41.604492,,0.015304497824513569,
Monocytes/DC,T cells (naive/memory),C3,C5AR2,0.45583254,0.0,-0.089190915,0.45520196751083797,1.0574908310420634,-0.8734234,,0.11671841500024098,
Monocytes/DC,T cells (naive/memory),C3,CR2,0.551648,0.0,0.10259069,0.577540962893545,2.9508374050264106,-3.3188388,1.0322102,0.010599262459915689,
Monocytes/DC,T cells (naive/memory),CCL13,ACKR1,-0.033807945,1.0,-0.002137685,0.026689990295695472,0.5215281345852023,0.2730608,,0.35926086005760893,
Monocytes/DC,T cells (naive/memory),CCL13,CCR2,0.0012445608,0.094,-0.00049238204,0.061915258053127885,1.691725696865815,0.09113646,,0.2199067335327751,
Monocytes/DC,T cells (naive/memory),CCL13,CCR3,0.0043036197,0.0,-0.0003487952,0.07720663404369475,1.843854364460281,-0.045133136,,0.11671841500024098,
Monocytes/DC,T cells (naive/memory),CCL13,CCR5,-0.061816305,1.0,-0.0034523478,-0.0011642268197891437,1.0577123999228168,0.7342681,,0.3763860253745539,
Monocytes/DC,T cells (naive/memory),CCL13,CXCR3,-0.0091629205,0.548,-0.0009808908,0.05149144972600882,1.4890465763638119,-0.21612543,,0.9348603209098707,
Monocytes/DC,T cells (naive/memory),CCL17,ACKR1,-0.037972387,0.999,-0.0013790483,0.0007152974688992911,-0.09312376664170818,0.14022124,,0.8424443918301359,
Monocytes/DC,T cells (naive/memory),CCL18,ACKR1,0.2895729,0.0,-0.06104798,0.3324172889384404,1.2039838879690885,-2.3012276,,0.11671841500024098,
Monocytes/DC,T cells (naive/memory),CCL18,CCR3,0.32768446,0.0,-0.009960889,0.38293393268643966,2.526310117844167,0.38036078,,0.009163596946758196,
Monocytes/DC,T cells (naive/memory),CCL19,CCR7,0.06350078,0.0,-0.0012743019,0.08427492989520999,0.7584841034785106,-0.09296434,,0.11671841500024098,
Monocytes/DC,T cells (naive/memory),CCL19,CXCR3,-0.02557047,0.985,0.00039061502,-0.004798625484703639,0.46134269168145514,0.0638722,,0.7497647230000652,
Monocytes/DC,T cells (naive/memory),CCL2,ACKR1,0.17308803,0.0,-0.039827928,0.21202253394280066,0.544212207235891,-2.689401,,0.11671841500024098,
Monocytes/DC,T cells (naive/memory),CCL2,CCR2,0.20814054,0.0,-0.009173736,0.24724780170023308,1.7144097695165037,-0.8976114,,0.11671841500024098,
Monocytes/DC,T cells (naive/memory),CCL2,CCR3,0.2111996,0.0,-0.006498521,0.26253917769079993,1.8665384371109697,0.4445204,,0.007070387620923245,
Monocytes/DC,T cells (naive/memory),CCL2,CCR5,0.14507967,0.0,-0.06432186,0.18416831682731605,1.0803964725735056,-7.2318745,,0.11671841500024098,
Monocytes/DC,T cells (naive/memory),CCL20,CCR6,0.08392754,0.0,0.006765879,0.10767279964396137,0.6770030662352382,-6.8461456,1.1383187,0.11671841500024098,
Monocytes/DC,T cells (naive/memory),CCL20,CXCR3,0.012730332,0.006,-0.002810946,0.03647463379942335,0.26989672840877543,-0.80237484,,0.8917259550718936,
Monocytes/DC,T cells (naive/memory),CCL21,CCR7,0.20167047,0.0,0.03640389,0.21031890742098436,1.1026821795745663,-2.2533553,1.0552806,0.11671841500024098,
Monocytes/DC,T cells (naive/memory),CCL21,CXCR3,0.112599224,0.0,-0.011158979,0.12124535204107074,0.8055407677775108,1.5481932,,0.007070387620923245,
Monocytes/DC,T cells (naive/memory),CCL3,CCR3,0.32682574,0.0,-0.009935364,0.3390684128037245,0.9645647974309779,0.33852813,,0.012184007268614969,
Monocytes/DC,T cells (naive/memory),CCL3,CCR5,0.26070583,0.0,-0.09833947,0.26069755194024063,0.1784228328935138,-5.5074925,,0.2720669769982963,
Monocytes/DC,T cells (naive/memory),CCL4,CCR3,0.023678437,0.0,-0.00092468754,0.03592760299212523,0.06711852086862091,-1.6214182,,0.3599394796962444,
Monocytes/DC,T cells (naive/memory),CCL4,CCR5,-0.042441487,1.0,-0.009152486,-0.042443257871358664,-0.7190234436688432,26.37875,,0.1360419131000659,
Monocytes/DC,T cells (naive/memory),CCL4,CNR2,0.12702645,0.0,0.011935681,0.1508392479827916,1.0106145782638627,-99.21288,1.1006987,0.11671841500024098,
Monocytes/DC,T cells (naive/memory),CCL5,ACKR1,-0.20947246,1.0,0.029863123,-0.20962724184240233,-1.5136247024605192,-1.3747097,,1.0,
Monocytes/DC,T cells (naive/memory),CCL5,CCR3,-0.1713609,1.0,0.004872614,-0.15911059809440306,-0.19129847258544047,0.22722031,,1.0,
Monocytes/DC,T cells (naive/memory),CCL5,CCR5,-0.23748082,1.0,0.04822876,-0.23748145895788694,-0.9774404371229046,-3.6966329,,1.0,
Monocytes/DC,T cells (naive/memory),CCL5,CXCR3,-0.18482743,1.0,0.013702892,-0.18482578241208897,-0.5461062606819096,1.0880717,,1.0,
Monocytes/DC,T cells (naive/memory),CCL7,ACKR1,-0.022440419,0.934,-0.0042085075,0.03616094323670344,0.4484214463796694,0.4718931,,0.28849826108484955,
Monocytes/DC,T cells (naive/memory),CCL7,CCR2,0.012612088,0.001,-0.0009693634,0.07138621099413586,1.618619008660282,0.1574985,,0.11728779665642686,
Monocytes/DC,T cells (naive/memory),CCL7,CCR3,0.015671147,0.0,-0.00068668084,0.08667758698470272,1.770747676254748,-0.07799734,,0.11671841500024098,
Monocytes/DC,T cells (naive/memory),CCL7,CCR5,-0.05044878,1.0,-0.0067967135,0.008306726121218827,0.984605711717284,1.2689338,,0.25969765477775747,
Monocytes/DC,T cells (naive/memory),CCL7,CXCR3,0.0022046063,0.063,-0.0019311015,0.06096240266701679,1.415939888158279,-0.3734996,,0.8897855633703816,
Monocytes/DC,T cells (naive/memory),CCL8,ACKR1,0.04405162,0.0,-0.016321363,0.12824078812724912,0.825696292055766,7.1670747,,0.007070387620923245,
Monocytes/DC,T cells (naive/memory),CCL8,CCR2,0.079104125,0.0,-0.003759369,0.16346605588468155,1.9958938543363787,2.3920746,,0.007070387620923245,
Monocytes/DC,T cells (naive/memory),CCL8,CCR3,0.082163185,0.0,-0.002663074,0.1787574318752484,2.1480225219308444,-1.1846173,,0.11671841500024098,
Monocytes/DC,T cells (naive/memory),CCL8,CCR5,0.01604326,0.0,-0.026358902,0.10038657101176451,1.3618805573933805,19.272463,,0.007070387620923245,
Monocytes/DC,T cells (naive/memory),CD14,RIPK1,0.7649454,0.0,-0.057081506,0.7649884044864125,1.097113761083261,-2.2307012,,0.08543962148250597,
Monocytes/DC,T cells (naive/memory),CD24,SIGLEC10,0.0016013961,0.413,-0.0035573614,0.0020700377680053957,-1.0584567294674745,-0.062411807,,0.8086592896958916,
Monocytes/DC,T cells (naive/memory),CD40LG,CD40,-0.0021384284,0.558,-0.027734008,-0.0007618375139968742,0.06855298259535014,1.3734431,,0.35897851634581124,
Monocytes/DC,T cells (naive/memory),CD40LG,CD9,-0.20543262,1.0,0.040852357,-0.20542863841326248,-1.7424923707974158,-0.95020604,,1.0,
Monocytes/DC,T cells (naive/memory),COL1A1,CD36,0.14894244,0.0,-0.09901291,0.14894186494264341,-0.6263587021054726,-0.75595295,,0.7543791709995192,
Monocytes/DC,T cells (naive/memory),CP,SLC40A1,-0.06129575,1.0,0.00032198452,-0.03454177137684825,-0.31598580158303036,-0.012183383,,1.0,
Monocytes/DC,T cells (naive/memory),CSF1,CELSR3,0.041442927,0.0,-0.0026067905,0.049147517841990424,-0.8059563186364651,0.48139313,,0.20264085159377468,
Monocytes/DC,T cells (naive/memory),CSF1,CSF3R,-0.038700942,1.0,-0.019790018,-0.0387741070843823,-3.0729170095672345,-0.81150764,,1.0,
Monocytes/DC,T cells (naive/memory),CSF1_IL34,CSF1R,-0.14194126,1.0,0.0024595417,-0.12729848852042558,-0.5103615494019966,-0.046524666,,1.0,
Monocytes/DC,T cells (naive/memory),CSF2,CSF1R,-0.1525844,1.0,0.008311921,-0.14602502859428806,-1.751684198038999,-0.07945934,,1.0,
Monocytes/DC,T cells (naive/memory),CSF2,CSF3R,-0.1074182,1.0,0.0055809803,-0.10097148996723547,-3.0535906789647007,-0.07355831,,1.0,
Monocytes/DC,T cells (naive/memory),CXCL1,ACKR1,-0.021639943,0.932,-0.0043543302,0.05164628020632769,0.8464828681729892,0.5333629,,0.19122931140000632,
Monocytes/DC,T cells (naive/memory),CXCL1,CXCR1,-0.007891003,0.068,-0.0030397906,0.06664580490443948,0.8167777430317338,-5.020366,,0.8301050139659643,
Monocytes/DC,T cells (naive/memory),CXCL1,CXCR2,-0.029830545,0.997,-0.0051374356,0.04308947590078233,-0.07300948167293142,0.52156264,,0.49740585629952466,
Monocytes/DC,T cells (naive/memory),CXCL10,ACKR1,0.063366994,0.0,-0.019840045,0.11725885366480665,0.29189564424630055,-28.135075,,0.20264085159377468,
Monocytes/DC,T cells (naive/memory),CXCL10,CCR3,0.101478554,0.0,-0.0032371995,0.16777549741280592,1.6142218741213792,4.650335,,0.007070387620923245,
Monocytes/DC,T cells (naive/memory),CXCL10,CXCR3,0.08801202,0.0,-0.009103736,0.14206031309512002,1.2594140860249101,22.268686,,0.007070387620923245,
Monocytes/DC,T cells (naive/memory),CXCL11,ACKR1,-0.009076394,0.361,-0.006643032,0.07774375340909798,1.065870341768739,0.9456862,,0.10754764831653954,
Monocytes/DC,T cells (naive/memory),CXCL11,CCR3,0.029035171,0.0,-0.0010839099,0.12826039715709725,2.3881965716438174,-0.15630873,,0.11671841500024098,
Monocytes/DC,T cells (naive/memory),CXCL11,CCR5,-0.037084755,1.0,-0.010728456,0.04988953629361337,1.6020546071063535,2.5429766,,0.08883660202220825,
Monocytes/DC,T cells (naive/memory),CXCL11,CXCR3,0.015568631,0.0,-0.0030481992,0.10254521283941133,2.0333887835473483,-0.748503,,0.11671841500024098,
Monocytes/DC,T cells (naive/memory),CXCL13,ACKR1,-0.054176047,1.0,0.001572773,-0.04334191975441437,-1.7554662577071665,-0.14747131,,1.0,
Monocytes/DC,T cells (naive/memory),CXCL13,CXCR3,-0.029531024,0.991,0.0007216773,-0.01854046032410103,-0.7879478159285569,0.11672236,,0.8032699877128014,
Monocytes/DC,T cells (naive/memory),CXCL13,CXCR5,0.097193755,0.0,-0.003654659,0.1114207278073011,0.23130157296601528,0.37387815,,0.019556206491776557,
Monocytes/DC,T cells (naive/memory),CXCL2,ACKR1,0.29577437,0.0,-0.062177703,0.30615167858623216,0.4637264685584457,-2.039093,,0.12619675919425605,
Monocytes/DC,T cells (naive/memory),CXCL2,CXCR1,0.3095233,0.0,-0.04340672,0.32115120328434393,0.43402134341719023,19.193298,,0.009020138315057482,
Monocytes/DC,T cells (naive/memory),CXCL2,CXCR2,0.28758377,0.0,-0.07336006,0.29759487428068676,-0.45576588128747497,-1.9939795,,0.7543791709995192,
Monocytes/DC,T cells (naive/memory),CXCL8,ACKR1,0.30520886,0.0,-0.06389638,0.321367385029611,0.3393225142406977,-2.0770102,,0.17707651798861035,
Monocytes/DC,T cells (naive/memory),CXCL8,CD79A,0.674778,0.0,0.45461112,0.6911122176642401,2.4409194670026264,5.691537,1.0150468,0.0005157316699145613,
Monocytes/DC,T cells (naive/memory),CXCL8,CXCR1,0.3189578,0.0,-0.044606544,0.33636690972772276,0.30961738909944225,19.5502,,0.01417133571638637,
Monocytes/DC,T cells (naive/memory),CXCL8,CXCR2,0.29701826,0.0,-0.07538784,0.3128105807240656,-0.580169835605223,-2.0310576,,0.7543791709995192,
Monocytes/DC,T cells (naive/memory),CXCL9,ACKR1,0.018207189,0.0,-0.011613282,0.09750830928618245,0.7195389310536555,2.1434147,,0.007070387620923245,
Monocytes/DC,T cells (naive/memory),CXCL9,CCR3,0.056318752,0.0,-0.0018948804,0.14802495303418173,2.041865160928734,-0.3542765,,0.11671841500024098,
Monocytes/DC,T cells (naive/memory),CXCL9,CXCR3,0.042852215,0.0,-0.0053288317,0.1223097687164958,1.687057372832265,-1.6964955,,0.11671841500024098,
Monocytes/DC,T cells (naive/memory),CXCL9,KIR2DL3,0.021718953,0.0,-0.010717787,0.10125076144651955,0.25384367949042974,-3.3061426,,0.228224031593267,
Monocytes/DC,T cells (naive/memory),FADD,TRAF2,0.02761506,0.002,-0.002551775,0.031572674482629584,-0.814643103889773,27.413805,,0.12932344811409555,
Monocytes/DC,T cells (naive/memory),FASLG,TNFRSF10B,-0.035431307,1.0,0.000772152,-0.034663155389246796,-1.1800001725117855,-0.12646599,,1.0,
Monocytes/DC,T cells (naive/memory),FCER2,CR2,0.016448703,0.003,-0.0071360073,0.04259337837413598,-0.9740513518268523,0.6568917,,0.6709441450706349,
Monocytes/DC,T cells (naive/memory),FN1,C5AR1,0.3494538,0.0,-0.23370813,0.34944084718348456,-0.11494597515917526,-0.7503283,,0.5536903035606561,
Monocytes/DC,T cells (naive/memory),FN1,CD79A,0.79700935,0.0,0.6130359,0.7970136378893524,2.4252594588968317,5.5239186,1.0129305,0.0005580225171967644,
Monocytes/DC,T cells (naive/memory),FN1,ITGA2,0.4621749,0.0,-0.020447629,0.47377050400541915,1.448542245650108,0.36625165,,0.010060614410133506,
Monocytes/DC,T cells (naive/memory),GAL,HLA-DPA1,-0.017361809,0.973,0.00010312406,0.005451980407971936,1.1321291449602027,-0.0032776194,,0.6894924404489111,
Monocytes/DC,T cells (naive/memory),GZMA,PARD3,-0.122693904,1.0,0.0052713007,-0.11862708360837056,-1.014135581010179,0.29053155,,1.0,
Monocytes/DC,T cells (naive/memory),HLA-DPA1,LAG3,0.5979358,0.0,-0.06357327,0.5979564059319615,0.5736644312285968,2.1863182,,0.007070387620923245,
Monocytes/DC,T cells (naive/memory),HLA-DPB1,LAG3,0.54343444,0.0,-0.058015577,0.5434648593081421,0.4704625272342351,2.1542468,,0.007676375431035619,
Monocytes/DC,T cells (naive/memory),HLA-DQA1,LAG3,0.5134408,0.0,-0.054957017,0.5134595117875493,0.6346988519992487,2.2760122,,0.007070387620923245,
Monocytes/DC,T cells (naive/memory),HLA-DQB1,LAG3,0.52699095,0.0,-0.056338776,0.5270325726013204,0.5279370172628925,2.0558968,,0.007070387620923245,
Monocytes/DC,T cells (naive/memory),HLA-DRA,LAG3,0.62959516,0.0,-0.06680169,0.6296302504265574,0.5212900310442619,2.0378969,,0.007070387620923245,
Monocytes/DC,T cells (naive/memory),HLA-DRB1,LAG3,0.64955837,0.0,-0.068837404,0.6495796970873058,0.6722395339639267,2.3339195,,0.007070387620923245,
Monocytes/DC,T cells (naive/memory),HLA-DRB5,LAG3,0.44438905,0.0,-0.047915567,0.4444208698157252,0.7319810263323694,2.3553789,,0.007070387620923245,
Monocytes/DC,T cells (naive/memory),IL10,CD70,0.20058122,0.0,-0.011075463,0.24561579406302206,1.2148858404133502,0.8125365,,0.007070387620923245,
Monocytes/DC,T cells (naive/memory),IL1B,ADRB2,0.30097955,0.0,-0.055087324,0.30790800905146687,1.1953739563489676,-4.903651,,0.11671841500024098,
Monocytes/DC,T cells (naive/memory),IL1B,IL1R2_IL1RAP,0.28827444,0.0,-0.07243375,0.2940887450538383,-0.09358227112380968,-1.1670595,,0.5339951086096346,
Monocytes/DC,T cells (naive/memory),IL4,IL21R,-0.012143762,0.74,0.00013845159,-0.006855394804229453,-0.3178037179296431,0.25869873,,0.4323369577168472,
Monocytes/DC,T cells (naive/memory),IL6,FCGR3B,-0.03234218,0.995,-0.0041468097,0.0008740453481590887,-1.8427833452343316,0.26545927,,1.0,
Monocytes/DC,T cells (naive/memory),L1CAM,CD9,-0.14021991,1.0,0.009266219,-0.13432194989716575,-1.772855074135257,-0.17492686,,1.0,
Monocytes/DC,T cells (naive/memory),L1CAM,ERBB2,-0.027058851,0.924,0.00060666964,-0.015986857780496095,-0.8657807147553296,0.07853854,,0.5609893178960446,
Monocytes/DC,T cells (naive/memory),LGALS3,LAG3,0.40470502,0.0,-0.043868847,0.4047092091365422,0.43407394306192126,2.7548432,,0.00898453840458261,
Monocytes/DC,T cells (naive/memory),LTF,IGDCC4,0.04577175,0.0,-0.0014195543,0.06582106018723376,-0.6435119700670193,-1.8884766,,0.8397465612459656,
Monocytes/DC,T cells (naive/memory),LTF,IL1RL1,0.0025590025,0.08,-0.01049906,0.02190587723970939,-2.963448013118715,-146.17378,,1.0,
Monocytes/DC,T cells (naive/memory),NTNG2,LRRC4,-0.0066087134,0.019,-0.0007748778,0.012462727341459388,-0.573098401842207,-0.11069781,,0.7191480287972306,
Monocytes/DC,T cells (naive/memory),PNOC,OPRL1,-0.05692122,1.0,0.003161987,-0.05477811307422989,-2.350949562967344,-1.7620275,,1.0,
Monocytes/DC,T cells (naive/memory),PSAP,CD1B,0.6627684,0.0,-0.06357603,0.6607111278352025,-1.9344176468482044,0.9707332,,0.11671841500024098,
Monocytes/DC,T cells (naive/memory),S100A12,CD36,0.12548572,0.0,-0.08966818,0.15313943508884173,0.1901606930601838,-1.0755478,,0.2606768224524696,
Monocytes/DC,T cells (naive/memory),S100A8,CD36,0.35816607,0.0,-0.18236375,0.3581636610566731,0.33999852764533145,-0.8661376,,0.17574175848335294,
Monocytes/DC,T cells (naive/memory),S100A8,CD68,0.30065888,0.0,-0.28766206,0.300654026653024,0.839188180477956,-0.8152463,,0.11671841500024098,
Monocytes/DC,T cells (naive/memory),S100A9,CD36,0.4713098,0.0,-0.22743814,0.4713253949218015,0.35465946679341953,-0.88274384,,0.17309060007578436,
Monocytes/DC,T cells (naive/memory),S100A9,CD68,0.41380262,0.0,-0.35876277,0.4138157605181524,0.853849119626044,-0.83087677,,0.11671841500024098,
Monocytes/DC,T cells (naive/memory),SAA1,CD36,-0.0695089,1.0,-0.011985909,-0.021137264025051825,-0.31997415807696306,0.2758697,,1.0,
Monocytes/DC,T cells (naive/memory),SAA1,FPR1,-0.07464188,1.0,-0.012603643,-0.026269177012854958,-1.0901808597978242,0.23529837,,1.0,
Monocytes/DC,T cells (naive/memory),SCGB3A1,MARCO,-0.050771687,1.0,-0.010651597,-0.0007402787800500632,-1.1893957446649521,0.29315618,,1.0,
Monocytes/DC,T cells (naive/memory),SCGB3A1,NOTCH3,0.0076567233,0.0,-0.003143865,0.05974573110431523,0.5533114537653265,-0.61571467,,0.15769453588174295,
Monocytes/DC,T cells (naive/memory),SORBS1,ITGA1,-0.044318333,1.0,0.0011135426,-0.02960894524444431,-0.07714558322901688,0.2976261,,1.0,
Monocytes/DC,T cells (naive/memory),THBS1,CD36,0.18968734,0.0,-0.115244925,0.20394640473275402,0.33984878453885137,-0.9085153,,0.17663091739435757,
Monocytes/DC,T cells (naive/memory),TNF,FFAR2,0.006804373,0.041,-0.0054489323,0.00627294864941047,-2.2485901420488945,-5.0681324,,1.0,
Monocytes/DC,T cells (naive/memory),TNF,ICOS,0.029753396,0.005,-0.0017342105,0.03034057112878733,-1.011471807621191,1.5062115,,0.7306312035196562,
Monocytes/DC,T cells (naive/memory),TNF,NOTCH1,0.022330986,0.012,-0.0029356643,0.022909360840363647,-1.065901942664243,-1.8082236,,1.0,
Monocytes/DC,T cells (naive/memory),TNF,TRAF2,0.025489364,0.008,-0.0024244224,0.026848214070186054,-1.1711160146424024,7.8250513,,0.3593131042140213,
Monocytes/DC,T cells (naive/memory),TNFSF4,TNFRSF4,-0.046814844,1.0,0.0018490889,-0.03839808354367629,-1.145839937537548,0.29857007,,1.0,
Monocytes/DC,T cells (naive/memory),TNFSF4,TRAF2,-0.029131234,0.983,0.00084794936,-0.020173365875793155,-0.7214073134558308,0.5940159,,0.735423031832764,
Monocytes/DC,T cells (naive/memory),TNFSF9,ADGRG5,0.004735074,0.247,-0.0011966759,0.006622654583455893,-0.9047250165322986,3.2060087,,0.5900031162232576,
Monocytes/DC,T cells (naive/memory),TNFSF9,HLA-DPA1,0.004103316,0.352,-0.0012467752,0.004841438613237742,-0.8704879467962097,-0.05744234,,0.5578798963572627,
Monocytes/DC,T cells (naive/memory),TNFSF9,TNFRSF9,-0.0075418763,0.595,-0.0021702538,-0.005069590763927163,-1.1271795473505652,0.87143046,,0.9142234763095427,
Monocytes/DC,T cells (naive/memory),TNFSF9,TRAF2,0.0048475834,0.269,-0.0011877537,0.006365697187955053,-0.9675024691297462,3.9766057,,0.664645299774389,
Monocytes/DC,T cells (resting),ADCYAP1,ADRB2,-0.05265191,1.0,0.0021939394,-0.044755353205121334,-1.1006016077623562,-0.55498654,,1.0,
Monocytes/DC,T cells (resting),ADCYAP1,VIPR2,-0.026134368,0.881,0.0006769043,-0.011420799721486106,-1.122608701581847,0.051049538,,0.9062774556357445,
Monocytes/DC,T cells (resting),ADM,ADRB2,0.27004454,0.0,-0.04730734,0.29077536700024686,1.385354818139708,-4.923588,,0.11671841500024098,
Monocytes/DC,T cells (resting),ADM,RAMP1,0.2770337,0.0,-0.03868568,0.29775044560621217,0.3072063568504464,1.5669998,,0.01447391585095158,
Monocytes/DC,T cells (resting),APOE,LRP8,0.53090745,0.0,-0.052354053,0.5344576145172588,0.9092959588835496,1.0896899,,0.007070387620923245,
Monocytes/DC,T cells (resting),BTLA,CD247,-0.05053954,1.0,0.0024369431,-0.05034993500989915,-0.8072618315707406,3.1899977,,0.7766916516673819,
Monocytes/DC,T cells (resting),BTLA,CD79A,-0.072380446,1.0,0.0051177023,-0.07219103821544405,-0.9895801672804094,-5.3536196,,1.0,
Monocytes/DC,T cells (resting),C3,C5AR2,0.45385668,0.0,-0.09314573,0.4529872108616883,0.7560539526304948,-0.9121519,,0.11671841500024098,
Monocytes/DC,T cells (resting),C3,CR2,0.48703283,0.0,-0.026741281,0.4936769253047492,1.8420766042328125,0.86508834,,0.007070387620923245,
Monocytes/DC,T cells (resting),CCL13,ACKR1,-0.03323058,1.0,-0.0021105844,0.027289394844065493,0.8583513873942963,0.26959908,,0.3525152178417468,
Monocytes/DC,T cells (resting),CCL13,CCR2,-0.008281029,0.493,-0.0009394964,0.05238924947911969,1.5576419263751082,0.1738942,,0.3426357543836543,
Monocytes/DC,T cells (resting),CCL13,CCR3,0.000111531466,0.0,-0.00054556446,0.06106891089167372,0.182388538963129,-0.070594534,,0.26804766417047127,
Monocytes/DC,T cells (resting),CCL13,CCR5,-0.01392137,0.88,-0.0012042441,0.04673296844370514,1.603456863206436,0.25612655,,0.23398197811385316,
Monocytes/DC,T cells (resting),CCL13,CXCR3,0.016091738,0.0,0.00020451826,0.07674598987795628,1.9454097885227575,0.04506271,3.321121,0.11671841500024098,
Monocytes/DC,T cells (resting),CCL17,ACKR1,-0.037395023,1.0,-0.0013615654,0.001314702017269312,0.2436994861673858,0.13844359,,0.8306376141781696,
Monocytes/DC,T cells (resting),CCL18,ACKR1,0.29015025,0.0,-0.060274046,0.3330166934868104,1.5408071407781825,-2.2720537,,0.08999157800497895,
Monocytes/DC,T cells (resting),CCL18,CCR3,0.32349238,0.0,-0.015580223,0.36679620953441866,0.8648442923470152,0.5949374,,0.007070387620923245,
Monocytes/DC,T cells (resting),CCL19,CCR7,0.056093894,0.0,-0.0011358528,0.07686492593206246,0.8154115036874122,-0.08286404,,0.11671841500024098,
Monocytes/DC,T cells (resting),CCL19,CXCR3,-0.0003158138,0.023,-8.144424e-05,0.02045591466724382,0.9177059038404007,-0.013317518,,0.31854276466037645,
Monocytes/DC,T cells (resting),CCL2,ACKR1,0.1736654,0.0,-0.03932301,0.21262193849117067,0.881035460044985,-2.655306,,0.11671841500024098,
Monocytes/DC,T cells (resting),CCL2,CCR2,0.19861495,0.0,-0.017504076,0.23772179312622488,1.580325999025797,-1.7126999,,0.11671841500024098,
Monocytes/DC,T cells (resting),CCL2,CCR3,0.20700751,0.0,-0.010164595,0.2464014545387789,0.20507261161381773,0.69529206,,0.02153841355437071,
Monocytes/DC,T cells (resting),CCL2,CCR5,0.19297461,0.0,-0.022436678,0.23206551209081033,1.6261409358571248,-2.522614,,0.11671841500024098,
Monocytes/DC,T cells (resting),CCL20,CCR6,0.028537732,0.0,-0.00068467314,0.052281353222042304,0.36306063536051725,0.69279575,,0.013824349635053858,
Monocytes/DC,T cells (resting),CCL20,CXCR3,0.03798499,0.0,0.0005860895,0.061729173951370814,0.726259940567721,0.16729721,1.7031556,0.037390383535611374,
Monocytes/DC,T cells (resting),CCL21,CCR7,0.19426359,0.0,0.032448716,0.20290890345783685,1.159609579783468,-2.008535,1.058745,0.11671841500024098,
Monocytes/DC,T cells (resting),CCL21,CXCR3,0.13785388,0.0,0.0023266757,0.1464998921930182,1.2619039799364564,-0.32280228,1.2613685,0.11671841500024098,
Monocytes/DC,T cells (resting),CCL3,CCR3,0.32263365,0.0,-0.015540299,0.3229306896517035,-0.696901028066174,0.5295053,,0.11671841500024098,
Monocytes/DC,T cells (resting),CCL3,CCR5,0.30860075,0.0,-0.034302663,0.3085947472037349,0.724167296177133,-1.9211173,,0.11671841500024098,
Monocytes/DC,T cells (resting),CCL4,CCR3,0.01948635,0.0,-0.0014463406,0.019789879840104198,-1.594347304628531,-2.5361247,,1.0,
Monocytes/DC,T cells (resting),CCL4,CCR5,0.005453447,0.257,-0.0031925598,0.005453937392135625,-0.17327898038522394,9.201406,,0.2779731837301541,
Monocytes/DC,T cells (resting),CCL4,CNR2,0.010368267,0.024,-0.0025809717,0.013582886755115316,-0.6236795177654855,21.453794,,0.1561448390635061,
Monocytes/DC,T cells (resting),CCL5,ACKR1,-0.20889509,1.0,0.029484533,-0.2090278372940323,-1.1768014496514252,-1.3572818,,1.0,
Monocytes/DC,T cells (resting),CCL5,CCR3,-0.17555298,1.0,0.0076214494,-0.1752483212464241,-1.8527642980825925,0.35540432,,1.0,
Monocytes/DC,T cells (resting),CCL5,CCR5,-0.18958588,1.0,0.016823102,-0.18958426369439266,-0.4316959738392853,-1.2894552,,1.0,
Monocytes/DC,T cells (resting),CCL5,CXCR3,-0.15957278,1.0,-0.002857088,-0.15957124226014152,-0.08974304852296394,-0.22686575,,1.0,
Monocytes/DC,T cells (resting),CCL7,ACKR1,-0.021863054,0.977,-0.0041551543,0.03676034778507346,0.7852446991887634,0.46591067,,0.2849294883111241,
Monocytes/DC,T cells (resting),CCL7,CCR2,0.003086498,0.004,-0.0018496073,0.06186020242012766,1.4845352381695753,0.3005172,,0.1375408125584335,
Monocytes/DC,T cells (resting),CCL7,CCR3,0.011479058,0.0,-0.0010740648,0.0705398638326817,0.10928185075759611,-0.12199874,,0.3275530195020744,
Monocytes/DC,T cells (resting),CCL7,CCR5,-0.002553843,0.064,-0.002370822,0.05620392138471311,1.5303501750009032,0.442628,,0.1674301530920892,
Monocytes/DC,T cells (resting),CCL7,CXCR3,0.027459264,0.0,0.00040263962,0.08621694281896425,1.8723031003172246,0.07787563,1.9924484,0.10138946334494615,
Monocytes/DC,T cells (resting),CCL8,ACKR1,0.044628985,0.0,-0.01611445,0.12884019267561914,1.16251954486486,7.076214,,0.007070387620923245,
Monocytes/DC,T cells (resting),CCL8,CCR2,0.069578536,0.0,-0.0071731163,0.15394004731067334,1.861810083845672,4.564231,,0.007070387620923245,
Monocytes/DC,T cells (resting),CCL8,CCR3,0.0779711,0.0,-0.00416542,0.16261970872322737,0.4865566964336927,-1.8529071,,0.11977530482911776,
Monocytes/DC,T cells (resting),CCL8,CCR5,0.0639382,0.0,-0.009194482,0.1482837662752588,1.9076250206769998,6.7225986,,0.007070387620923245,
Monocytes/DC,T cells (resting),CD14,RIPK1,0.7693435,0.0,-0.043303654,0.7693927101423265,1.7714728654923237,-1.6922733,,0.044477269862380875,
Monocytes/DC,T cells (resting),CD24,SIGLEC10,-0.03961873,1.0,-0.0086081885,-0.03932690546203226,-2.13922487956803,-0.1510256,,1.0,
Monocytes/DC,T cells (resting),CD40LG,CD40,-0.12804708,1.0,0.014744414,-0.12802277770203246,-1.1370884534047823,-0.73017263,,1.0,
Monocytes/DC,T cells (resting),CD40LG,CD9,-0.20300265,1.0,0.040032543,-0.2030208814306374,-1.7930760107496586,-0.93113756,,1.0,
Monocytes/DC,T cells (resting),COL1A1,CD36,0.15079424,0.0,-0.097171955,0.1508042349473408,-0.592911660122766,-0.74189746,,0.7543791709995192,
Monocytes/DC,T cells (resting),CP,SLC40A1,-0.04299584,1.0,0.0002237029,-0.016238322541595948,-0.12034740707897362,-0.008464562,,1.0,
Monocytes/DC,T cells (resting),CSF1,CELSR3,0.040666133,0.0,-0.002773339,0.046937924290583376,-0.9983496292550551,0.5121494,,0.21949348494956242,
Monocytes/DC,T cells (resting),CSF1,CSF3R,-0.038625676,1.0,-0.019773882,-0.038695707582398674,-3.053114480615812,-0.810846,,1.0,
Monocytes/DC,T cells (resting),CSF1_IL34,CSF1R,-0.13610041,1.0,0.002355039,-0.12145552833853293,-0.4366798650099031,-0.044547893,,1.0,
Monocytes/DC,T cells (resting),CSF2,CSF1R,-0.14674355,1.0,0.007958759,-0.14018206841239542,-1.6780025136469054,-0.07608321,,1.0,
Monocytes/DC,T cells (resting),CSF2,CSF3R,-0.107342936,1.0,0.0055764294,-0.10089309046525184,-3.033788150013278,-0.07349832,,1.0,
Monocytes/DC,T cells (resting),CXCL1,ACKR1,-0.021062579,0.984,-0.004299128,0.05224568475469771,1.1833061209820832,0.5266012,,0.18751387027923194,
Monocytes/DC,T cells (resting),CXCL1,CXCR1,-0.009746138,0.037,-0.0032171605,0.06429268628047105,0.6823638253182167,-5.3133016,,0.8535709920896601,
Monocytes/DC,T cells (resting),CXCL1,CXCR2,-0.027164403,1.0,-0.004882525,0.04589234509346959,-0.25626690262635754,0.49568364,,0.7503371180388395,
Monocytes/DC,T cells (resting),CXCL10,ACKR1,0.063944355,0.0,-0.019588523,0.11785825821317668,0.6287188970553945,-27.778393,,0.11671841500024098,
Monocytes/DC,T cells (resting),CXCL10,CCR3,0.09728647,0.0,-0.0050634323,0.1516377742607849,-0.04724395137577275,7.2737737,,0.052784943271918947,
Monocytes/DC,T cells (resting),CXCL10,CXCR3,0.11326668,0.0,0.0018981523,0.16731485324706746,1.7157772981838557,-4.6430783,1.297708,0.11671841500024098,
Monocytes/DC,T cells (resting),CXCL11,ACKR1,-0.00849903,0.227,-0.006558815,0.078343157957468,1.402693594577833,0.9336973,,0.10591349158776063,
Monocytes/DC,T cells (resting),CXCL11,CCR3,0.024843082,0.0,-0.0016953865,0.11212267400507624,0.7267307461466657,-0.24448869,,0.11671841500024098,
Monocytes/DC,T cells (resting),CXCL11,CCR5,0.0108101815,0.0,-0.0037422879,0.09778673155710765,2.147799070389973,0.8870382,,0.007070387620923245,
Monocytes/DC,T cells (resting),CXCL11,CXCR3,0.04082329,0.0,0.00063555734,0.1277997529913588,2.4897519957062944,0.15606482,1.6568968,0.04412016691410711,
Monocytes/DC,T cells (resting),CXCL13,ACKR1,-0.053598687,1.0,0.0015528342,-0.04274251520604436,-1.4186430048980725,-0.14560173,,1.0,
Monocytes/DC,T cells (resting),CXCL13,CXCR3,-0.0042763664,0.163,-0.00015047158,0.006714079827846431,-0.3315846037696113,-0.024336912,,0.35851704423792524,
Monocytes/DC,T cells (resting),CXCL13,CXCR5,-0.038796216,1.0,0.0010416431,-0.027473361138525068,-1.3428053566044955,-0.10656195,,1.0,
Monocytes/DC,T cells (resting),CXCL2,ACKR1,0.29635173,0.0,-0.061389446,0.30675108313460214,0.8005497213675397,-2.0132422,,0.11671841500024098,
Monocytes/DC,T cells (resting),CXCL2,CXCR1,0.30766818,0.0,-0.045939475,0.3187980846603755,0.29960742570367316,20.313215,,0.01509358627695287,
Monocytes/DC,T cells (resting),CXCL2,CXCR2,0.2902499,0.0,-0.06972007,0.30039774347337406,-0.6390233022409011,-1.8950417,,0.7543791709995192,
Monocytes/DC,T cells (resting),CXCL8,ACKR1,0.30578622,0.0,-0.06308634,0.32196678957798097,0.6761457670497917,-2.0506787,,0.11671841500024098,
Monocytes/DC,T cells (resting),CXCL8,CD79A,0.30905598,0.0,-0.058498845,0.32536862622977936,1.1551384505685276,-0.73238057,,0.11671841500024098,
Monocytes/DC,T cells (resting),CXCL8,CXCR1,0.31710267,0.0,-0.04720931,0.33401379110375434,0.17520347138592518,20.69094,,0.02418634373393184,
Monocytes/DC,T cells (resting),CXCL8,CXCR2,0.2996844,0.0,-0.071647234,0.3156134499167529,-0.7634272565586491,-1.9302801,,0.7543791709995192,
Monocytes/DC,T cells (resting),CXCL9,ACKR1,0.018784553,0.0,-0.011466056,0.09810771383455248,1.0563621838627495,2.1162415,,0.007070387620923245,
Monocytes/DC,T cells (resting),CXCL9,CCR3,0.052126665,0.0,-0.0029638577,0.1318872298821607,0.3803993354315822,-0.55413795,,0.16442950582887103,
Monocytes/DC,T cells (resting),CXCL9,CXCR3,0.068106875,0.0,0.001111075,0.14756430886844327,2.143420584991211,0.35372368,1.4282701,0.011105035873512994,
Monocytes/DC,T cells (resting),CXCL9,KIR2DL3,0.02178698,0.0,-0.01070044,0.10132027434187932,0.6498328099586876,-3.3007917,,0.11671841500024098,
Monocytes/DC,T cells (resting),FADD,TRAF2,0.03664211,0.0,-0.0010138252,0.040840419810559095,-0.4788484395172574,10.89156,,0.21267213906954732,
Monocytes/DC,T cells (resting),FASLG,TNFRSF10B,-0.040942974,1.0,0.0014050421,-0.04021853600301539,-0.9816802604367338,-0.23012315,,1.0,
Monocytes/DC,T cells (resting),FCER2,CR2,-0.048166495,1.0,0.0018600711,-0.041270659214659736,-2.08281215262045,-0.17122535,,1.0,
Monocytes/DC,T cells (resting),FN1,C5AR1,0.3545233,0.0,-0.224117,0.35450471970228237,-0.09185296998110926,-0.71953565,,0.5306096882569801,
Monocytes/DC,T cells (resting),FN1,CD79A,0.43128732,0.0,-0.07888477,0.4312700464548917,1.1394784424627329,-0.7108117,,0.11671841500024098,
Monocytes/DC,T cells (resting),FN1,ITGA2,0.4597671,0.0,-0.025003018,0.46806018236140784,1.1804166791784056,0.44784638,,0.007070387620923245,
Monocytes/DC,T cells (resting),GAL,HLA-DPA1,-0.1624272,1.0,0.0010546397,-0.13962013513940144,0.6766355677052491,-0.03351989,,1.0,
Monocytes/DC,T cells (resting),GZMA,PARD3,-0.12457875,1.0,0.0061066654,-0.12475234842344227,-2.1540611767476845,0.3365733,,1.0,
Monocytes/DC,T cells (resting),HLA-DPA1,LAG3,0.61520815,0.0,-0.020500956,0.6152514249958205,0.9035108288460791,0.70503867,,0.007070387620923245,
Monocytes/DC,T cells (resting),HLA-DPB1,LAG3,0.5607068,0.0,-0.018708723,0.5607598783720011,0.8003089248517175,0.6946963,,0.007070387620923245,
Monocytes/DC,T cells (resting),HLA-DQA1,LAG3,0.53071314,0.0,-0.017722407,0.5307545308514083,0.964545249616731,0.73396295,,0.007070387620923245,
Monocytes/DC,T cells (resting),HLA-DQB1,LAG3,0.5442633,0.0,-0.018167993,0.5443275916651794,0.8577834148803749,0.6629807,,0.007070387620923245,
Monocytes/DC,T cells (resting),HLA-DRA,LAG3,0.6468675,0.0,-0.021542048,0.6469252694904164,0.8511364286617442,0.6571761,,0.007070387620923245,
Monocytes/DC,T cells (resting),HLA-DRB1,LAG3,0.6668307,0.0,-0.02219852,0.6668747161511648,1.002085931581409,0.7526368,,0.007070387620923245,
Monocytes/DC,T cells (resting),HLA-DRB5,LAG3,0.4616614,0.0,-0.015451697,0.46171588887958415,1.0618274239498517,0.75955695,,0.007070387620923245,
Monocytes/DC,T cells (resting),IL10,CD70,0.18711059,0.0,-0.022581924,0.2278580763037444,0.4713527546769454,1.6566926,,0.007582043212214382,
Monocytes/DC,T cells (resting),IL1B,ADRB2,0.3029777,0.0,-0.052359253,0.3099142290168889,1.5475053820612774,-4.6608095,,0.10499252064521829,
Monocytes/DC,T cells (resting),IL1B,IL1R2_IL1RAP,0.2872357,0.0,-0.073851936,0.29294679129000445,-0.37789164853109014,-1.1899096,,0.7543791709995192,
Monocytes/DC,T cells (resting),IL4,IL21R,-0.022769516,1.0,0.0004603479,-0.01752955504886192,-0.2995239643429526,0.86016643,,1.0,
Monocytes/DC,T cells (resting),IL6,FCGR3B,-0.03090253,0.999,-0.004032446,0.00245034678836456,-1.9703128600388307,0.25813827,,1.0,
Monocytes/DC,T cells (resting),L1CAM,CD9,-0.13778993,1.0,0.009080267,-0.1319141929145407,-1.8234387140874995,-0.17141648,,1.0,
Monocytes/DC,T cells (resting),L1CAM,ERBB2,-0.04539051,1.0,0.0020094833,-0.0373768976242156,-1.4211327914565235,0.26014468,,1.0,
Monocytes/DC,T cells (resting),LGALS3,LAG3,0.42197737,0.0,-0.01414672,0.4220042282004011,0.7639203406794036,0.8883753,,0.007070387620923245,
Monocytes/DC,T cells (resting),LTF,IGDCC4,0.046197146,0.0,-0.0013301736,0.0688230599235513,0.07388117114033599,-1.7695706,,0.353186465132599,
Monocytes/DC,T cells (resting),LTF,IL1RL1,0.0061962865,0.004,-0.009734824,0.025944887212093246,-1.090976742220624,-135.53366,,1.0,
Monocytes/DC,T cells (resting),NTNG2,LRRC4,-0.0070825424,0.011,-0.0007957278,0.011397015299945287,-0.780108364369642,-0.11367642,,0.7344893137035863,
Monocytes/DC,T cells (resting),PNOC,OPRL1,-0.05585459,1.0,0.0030217138,-0.05304210472218954,-2.318822283304896,-1.6838598,,1.0,
Monocytes/DC,T cells (resting),PSAP,CD1B,0.6644838,0.0,-0.05886945,0.6641630858543114,-0.4759264650608839,0.89886916,,0.11671841500024098,
Monocytes/DC,T cells (resting),S100A12,CD36,0.1273375,0.0,-0.08800097,0.1550018050935391,0.22360773504289044,-1.0555501,,0.2414343791687327,
Monocytes/DC,T cells (resting),S100A8,CD36,0.36001784,0.0,-0.17897305,0.36002603106137043,0.3734455696280381,-0.8500334,,0.16614011754413316,
Monocytes/DC,T cells (resting),S100A8,CD68,0.2973026,0.0,-0.29380754,0.29729844750590767,0.7351374507608484,-0.8326628,,0.11671841500024098,
Monocytes/DC,T cells (resting),S100A9,CD36,0.47316158,0.0,-0.22320935,0.47318776492649883,0.3881065087761262,-0.86633086,,0.16061996605305684,
Monocytes/DC,T cells (resting),S100A9,CD68,0.41044635,0.0,-0.3664272,0.41046018137103607,0.7497983899089364,-0.8486272,,0.11671841500024098,
Monocytes/DC,T cells (resting),SAA1,CD36,-0.06765711,1.0,-0.011763054,-0.019274894020354427,-0.2865271160942564,0.27074042,,1.0,
Monocytes/DC,T cells (resting),SAA1,FPR1,-0.06969106,1.0,-0.012007832,-0.021330990399406988,-0.7775201729249204,0.22417513,,1.0,
Monocytes/DC,T cells (resting),SCGB3A1,MARCO,-0.04562692,1.0,-0.009990523,0.004404275090749157,-0.6100694312949564,0.2749619,,1.0,
Monocytes/DC,T cells (resting),SCGB3A1,NOTCH3,0.0036558844,0.0,-0.0036579508,0.053502333196429316,-0.23368103646183291,-0.7163966,,0.7251599913505911,
Monocytes/DC,T cells (resting),SORBS1,ITGA1,-0.015997037,0.896,0.0002551941,-0.0012826537597270503,0.326228124469339,0.06820792,,0.5221245860690907,
Monocytes/DC,T cells (resting),THBS1,CD36,0.19153912,0.0,-0.11310216,0.2058087747374514,0.373295826521558,-0.89162314,,0.16699946668623208,
Monocytes/DC,T cells (resting),TNF,FFAR2,0.0058551207,0.035,-0.0056025865,0.0049363581086107056,-2.6777356894897264,-5.211048,,1.0,
Monocytes/DC,T cells (resting),TNF,ICOS,0.038559165,0.0,-0.0003088345,0.0391492781823022,-0.7921525162123397,0.26823163,,0.27034008895600564,
Monocytes/DC,T cells (resting),TNF,NOTCH1,-0.0020173304,0.607,-0.0068768873,-0.001440466688514927,-1.1505001263427153,-4.2358217,,1.0,
Monocytes/DC,T cells (resting),TNF,TRAF2,0.034516416,0.0,-0.0009632279,0.036115959398115564,-0.8353213502698869,3.1089084,,0.2890955954816358,
Monocytes/DC,T cells (resting),TNFSF4,TNFRSF4,-0.02763219,0.995,0.0007630826,-0.018830138981723078,-0.6938513681916372,0.123213984,,0.8665691107056317,
Monocytes/DC,T cells (resting),TNFSF4,TRAF2,-0.020104181,0.934,0.00033689194,-0.010905620547863648,-0.38561264908331516,0.2360037,,0.572188396411228,
Monocytes/DC,T cells (resting),TNFSF9,ADGRG5,-0.010298021,0.828,-0.0023888196,-0.009007001295564188,-1.1632988311646528,6.399875,,0.4515280272607435,
Monocytes/DC,T cells (resting),TNFSF9,HLA-DPA1,-0.14096208,1.0,-0.012750647,-0.14023067693413566,-1.3259815240511632,-0.5874572,,1.0,
Monocytes/DC,T cells (resting),TNFSF9,TNFRSF9,0.01459231,0.006,-0.00041498448,0.020179650931633306,-0.5277472939875465,0.16663033,,0.24402502447127508,
Monocytes/DC,T cells (resting),TNFSF9,TRAF2,0.013874636,0.032,-0.00047189693,0.015633442515884558,-0.6317078047572307,1.5799133,,0.32636100040214533,
NK/Cytotoxic T cells,Activated T cells,ADCYAP1,ADRB2,0.014579954,0.0,-0.00417318,0.015333565273295723,-1.0393436106807683,1.0556622,,0.5205243241193179,
NK/Cytotoxic T cells,Activated T cells,ADCYAP1,VIPR2,-0.03166794,1.0,0.00060377247,-0.012315159410568184,-0.5888037416447722,0.045534212,,1.0,
NK/Cytotoxic T cells,Activated T cells,ADM,ADRB2,-0.010521024,0.882,-0.008229748,-0.010767730210600554,-1.1177238104507277,-0.85652447,,1.0,
NK/Cytotoxic T cells,Activated T cells,ADM,RAMP1,-0.06702548,1.0,0.0032798743,-0.06078361909713305,-1.4192606821533462,-0.1328544,,1.0,
NK/Cytotoxic T cells,Activated T cells,APOE,LRP8,-0.116157986,1.0,-0.0014094487,-0.10250353363330066,-0.8246251248232868,0.029336067,,1.0,
NK/Cytotoxic T cells,Activated T cells,BTLA,CD247,0.01608235,0.015,-5.485184e-05,0.016654742921879878,0.11933119164970363,-0.07180193,,0.5586666121122356,
NK/Cytotoxic T cells,Activated T cells,BTLA,CD79A,-0.0038377433,0.674,9.8249875e-06,-0.0032651565474032906,0.04174901946600795,-0.010277902,,0.3996429456443942,
NK/Cytotoxic T cells,Activated T cells,C3,C5AR2,-0.11379549,1.0,0.011157693,-0.11336487630282177,-2.5609870606985243,0.10926438,,1.0,
NK/Cytotoxic T cells,Activated T cells,C3,CR2,-0.07783293,1.0,-7.155767e-05,-0.06713242751910828,-1.4421282133990216,0.0023149115,,1.0,
NK/Cytotoxic T cells,Activated T cells,CCL13,ACKR1,0.050123084,0.0,-0.0031390465,0.052855254613661654,-1.588135537540634,0.4009714,,0.18247693082908314,
NK/Cytotoxic T cells,Activated T cells,CCL13,CCR2,-0.015276691,0.876,0.00013781064,-0.017067409714131867,-2.2254776607745614,-0.02550778,,1.0,
NK/Cytotoxic T cells,Activated T cells,CCL13,CCR3,-0.021065615,0.989,0.00042786484,-0.01379013701778382,-2.1711018952032726,0.055364534,,1.0,
NK/Cytotoxic T cells,Activated T cells,CCL13,CCR5,0.023242336,0.0,-0.0017921859,0.021428569425367312,-2.0038194846974355,0.3811739,,0.4247889780694155,
NK/Cytotoxic T cells,Activated T cells,CCL13,CXCR3,0.019842144,0.0,-0.0016218193,0.018030158777587332,-2.1427546955393275,-0.35734493,,1.0,
NK/Cytotoxic T cells,Activated T cells,CCL17,ACKR1,0.04713957,0.0,-0.003886707,0.052608116316260715,-0.4258446907815794,0.3951993,,0.18384241427315168,
NK/Cytotoxic T cells,Activated T cells,CCL18,ACKR1,0.010651074,0.007,-0.013030628,0.013788299425647084,-1.0010192086676346,-0.49119464,,1.0,
NK/Cytotoxic T cells,Activated T cells,CCL18,CCR3,-0.060537625,1.0,0.0017761278,-0.052857092205798394,-1.583985566330273,-0.067822196,,1.0,
NK/Cytotoxic T cells,Activated T cells,CCL19,CCR7,-0.0026776576,0.102,-0.00046419282,0.0014292755136848037,-0.5828487904526357,-0.033864334,,0.40398916355198367,
NK/Cytotoxic T cells,Activated T cells,CCL19,CXCR3,0.020174127,0.0,-0.0015788364,0.024280765946078375,-0.5174550266861702,-0.2581666,,1.0,
NK/Cytotoxic T cells,Activated T cells,CCL2,ACKR1,0.020814482,0.0,-0.0104837045,0.024570929859908372,-0.5516554328737802,-0.7079174,,1.0,
NK/Cytotoxic T cells,Activated T cells,CCL2,CCR2,-0.04458529,1.0,0.00046025633,-0.04535173446788515,-1.1889975561077075,0.045034137,,1.0,
NK/Cytotoxic T cells,Activated T cells,CCL2,CCR3,-0.050374217,1.0,0.0014289718,-0.042074461771537106,-1.1346217905364187,-0.09774641,,1.0,
NK/Cytotoxic T cells,Activated T cells,CCL2,CCR5,-0.0060662664,0.569,-0.0059854956,-0.006855755328385969,-0.9673393800305816,-0.6729648,,1.0,
NK/Cytotoxic T cells,Activated T cells,CCL20,CCR6,0.018849935,0.0,-0.002045257,0.025305945306257946,-0.05980826413693485,2.0695205,,0.05636001210116457,
NK/Cytotoxic T cells,Activated T cells,CCL20,CXCR3,0.017295524,0.0,-0.0019515392,0.02375118377557104,-0.05140290475840481,-0.55706006,,0.470113944926057,
NK/Cytotoxic T cells,Activated T cells,CCL21,CCR7,-0.01070784,0.891,-0.00076987344,-0.009665238257534,-0.19669747541621596,0.047654208,,0.5168777436284945,
NK/Cytotoxic T cells,Activated T cells,CCL21,CXCR3,0.012143943,0.029,-0.002618533,0.01318625217485957,-0.1313037116497504,0.36329445,,0.17840821662286813,
NK/Cytotoxic T cells,Activated T cells,CCL3,CCR3,-8.069724e-05,0.047,-0.00028892633,0.009009045985976648,0.4266937336724872,0.009844601,,0.23239700941402547,
NK/Cytotoxic T cells,Activated T cells,CCL3,CCR5,0.044227254,0.0,0.001210218,0.044227752429127784,0.5939761441783242,0.06777814,1.40313,0.11421282155537027,
NK/Cytotoxic T cells,Activated T cells,CCL4,CCR3,0.11395141,0.0,-0.004183972,0.12304913670677087,0.4250781656949313,-7.336498,,0.14355636714880857,
NK/Cytotoxic T cells,Activated T cells,CCL4,CCR5,0.15825936,0.0,0.01752529,0.158267843149922,0.5923605762007683,-50.51034,1.0816656,0.11671841500024098,
NK/Cytotoxic T cells,Activated T cells,CCL4,CNR2,0.12763351,0.0,0.0025197533,0.1354305792371142,0.5769315898306259,-20.944925,1.2486159,0.11671841500024098,
NK/Cytotoxic T cells,Activated T cells,CCL5,ACKR1,0.27144164,0.0,0.0523228,0.2759895127189472,0.9797204569993772,-2.4086115,1.0456916,0.11671841500024098,
NK/Cytotoxic T cells,Activated T cells,CCL5,CCR3,0.20025295,0.0,-0.0071318117,0.20934412108750178,0.3967540993367386,-0.33257148,,0.15439127020068005,
NK/Cytotoxic T cells,Activated T cells,CCL5,CCR5,0.2445609,0.0,0.029872827,0.2445628275306529,0.5640365098425757,-2.2896893,1.0613776,0.11671841500024098,
NK/Cytotoxic T cells,Activated T cells,CCL5,CXCR3,0.24116072,0.0,0.027033092,0.24116441688287293,0.42510129900068344,2.14655,1.0647244,0.009455640967838515,
NK/Cytotoxic T cells,Activated T cells,CCL7,ACKR1,0.04397349,0.0,-0.004680119,0.04670208179120751,-2.1595347668181786,0.52477413,,0.22101937453527,
NK/Cytotoxic T cells,Activated T cells,CCL7,CCR2,-0.021426287,0.977,0.0002054669,-0.023220582536586015,-2.796876890052106,-0.033383485,,1.0,
NK/Cytotoxic T cells,Activated T cells,CCL7,CCR3,-0.027215213,1.0,0.0006379193,-0.019943309840237965,-2.742501124480817,0.07245872,,1.0,
NK/Cytotoxic T cells,Activated T cells,CCL7,CCR5,0.01709274,0.0,-0.0026720355,0.015275396602913167,-2.57521871397498,0.49886402,,0.5221978300846066,
NK/Cytotoxic T cells,Activated T cells,CCL7,CXCR3,0.0136925485,0.0,-0.0024180296,0.011876985955133187,-2.7141539248168725,-0.46767768,,1.0,
NK/Cytotoxic T cells,Activated T cells,CCL8,ACKR1,0.036738504,0.0,-0.006493187,0.039932481836070566,-0.9641418091987486,2.851303,,0.2651983388169278,
NK/Cytotoxic T cells,Activated T cells,CCL8,CCR2,-0.028661272,0.996,0.00028506434,-0.029990182491722958,-1.601483932432676,-0.18138553,,1.0,
NK/Cytotoxic T cells,Activated T cells,CCL8,CCR3,-0.034450196,1.0,0.0008850479,-0.02671290979537491,-1.547108166861387,0.39369655,,1.0,
NK/Cytotoxic T cells,Activated T cells,CCL8,CCR5,0.009857755,0.001,-0.0037071763,0.008505796647776221,-1.37982575635555,2.7105234,,0.7818795875008355,
NK/Cytotoxic T cells,Activated T cells,CD14,RIPK1,-0.13755095,1.0,0.0034386273,-0.1375046552151372,-1.2845590990848712,0.1343789,,1.0,
NK/Cytotoxic T cells,Activated T cells,CD24,SIGLEC10,-0.04976495,1.0,-1.4058004e-05,-0.04959176961221823,-1.2238650423137003,-0.0002466394,,1.0,
NK/Cytotoxic T cells,Activated T cells,CD40LG,CD40,-0.024885641,0.999,0.00037440434,-0.024440529678994648,-0.12502772249154126,-0.018541247,,1.0,
NK/Cytotoxic T cells,Activated T cells,CD40LG,CD9,-0.005078137,0.76,-0.0012313755,-0.00507732035713832,-0.2882679210043013,0.028641198,,0.44536552388677314,
NK/Cytotoxic T cells,Activated T cells,COL1A1,CD36,-0.10807741,1.0,0.0112834675,-0.10806739231458054,-1.0423687403323996,0.08614807,,1.0,
NK/Cytotoxic T cells,Activated T cells,CP,SLC40A1,-0.032073796,1.0,0.00095731055,-0.029643308347380798,-1.2705905735249319,-0.03622311,,1.0,
NK/Cytotoxic T cells,Activated T cells,CSF1,CELSR3,-0.05528593,1.0,0.00071194186,-0.03146587225268316,-0.1413637760308446,-0.13147351,,1.0,
NK/Cytotoxic T cells,Activated T cells,CSF1,CSF3R,-0.11834742,1.0,0.013791767,-0.11838656918309598,-2.7197678162077645,0.5655439,,1.0,
NK/Cytotoxic T cells,Activated T cells,CSF1_IL34,CSF1R,-0.13256606,1.0,0.01674091,-0.1325705805201235,-1.4994833181243266,0.49790654,,1.0,
NK/Cytotoxic T cells,Activated T cells,CSF2,CSF1R,-0.08643125,1.0,0.0018462684,-0.06744299554888245,-0.1207410980672724,-0.017649744,,1.0,
NK/Cytotoxic T cells,Activated T cells,CSF2,CSF3R,-0.07221261,1.0,0.0015210226,-0.05325898421185493,-1.34102559615071,-0.020047346,,1.0,
NK/Cytotoxic T cells,Activated T cells,CXCL1,ACKR1,0.0471556,0.0,-0.0038826903,0.051200844776803256,-0.9691998544123812,0.4755917,,0.1935738569972975,
NK/Cytotoxic T cells,Activated T cells,CXCL1,CXCR1,-0.04177003,1.0,0.0016284721,-0.039700355411123184,-2.3700719401190415,2.6895034,,0.8751723230612307,
NK/Cytotoxic T cells,Activated T cells,CXCL1,CXCR2,-0.046815537,1.0,0.0019411672,-0.046692875289494035,-2.6969308184289122,-0.19707116,,1.0,
NK/Cytotoxic T cells,Activated T cells,CXCL10,ACKR1,0.03038355,0.0,-0.008085722,0.03397535216958752,-0.865089455784716,-11.466325,,1.0,
NK/Cytotoxic T cells,Activated T cells,CXCL10,CCR3,-0.04080515,1.0,0.0011021169,-0.03267003946185796,-1.4480558134473545,-1.5832244,,1.0,
NK/Cytotoxic T cells,Activated T cells,CXCL10,CXCR3,0.000102609396,0.084,-0.004177568,-0.0008497436664868033,-1.4197086137834096,10.218766,,0.29142333446320556,
NK/Cytotoxic T cells,Activated T cells,CXCL11,ACKR1,0.045792136,0.0,-0.0042243707,0.049783409927613036,-1.1157278782738609,0.60137135,,0.20023053387551912,
NK/Cytotoxic T cells,Activated T cells,CXCL11,CCR3,-0.025396563,1.0,0.000575799,-0.01686198170383244,-1.6986942359364994,0.083034955,,1.0,
NK/Cytotoxic T cells,Activated T cells,CXCL11,CCR5,0.018911388,0.0,-0.0024118335,0.018356724739318694,-1.5314118254306623,0.5716793,,0.47090441763862834,
NK/Cytotoxic T cells,Activated T cells,CXCL11,CXCR3,0.015511196,0.0,-0.0021825626,0.014958314091538714,-1.6703470362725545,-0.53594095,,1.0,
NK/Cytotoxic T cells,Activated T cells,CXCL13,ACKR1,0.041503984,0.0,-0.0052989703,0.04971421747276873,0.13041382295102144,0.4968588,,0.029506904282509277,
NK/Cytotoxic T cells,Activated T cells,CXCL13,CXCR3,0.011223044,0.0,-0.0027377652,0.01488912163669441,-0.4242053350476722,-0.4427996,,1.0,
NK/Cytotoxic T cells,Activated T cells,CXCL13,CXCR5,0.008074086,0.002,-0.0024714218,0.013341637586879892,-0.17529491479427817,0.2528309,,0.1267804370119172,
NK/Cytotoxic T cells,Activated T cells,CXCL2,ACKR1,-0.0032682493,0.526,-0.016518774,0.000669829442347003,-1.8680926060832537,-0.5417266,,1.0,
NK/Cytotoxic T cells,Activated T cells,CXCL2,CXCR1,-0.09219388,1.0,0.0069282786,-0.09023137074557944,-3.2689646917899142,-3.0635011,,1.0,
NK/Cytotoxic T cells,Activated T cells,CXCL2,CXCR2,-0.09723939,1.0,0.00825863,-0.09722389062395029,-3.5958235700997845,0.22447552,,1.0,
NK/Cytotoxic T cells,Activated T cells,CXCL8,ACKR1,-0.00047496706,0.331,-0.015818784,0.003248500152038189,-0.595464772511326,-0.51420397,,1.0,
NK/Cytotoxic T cells,Activated T cells,CXCL8,CD79A,-0.066150345,1.0,0.0007640667,-0.06697325892522323,-1.2977545537861,0.009565789,,1.0,
NK/Cytotoxic T cells,Activated T cells,CXCL8,CXCR1,-0.0894006,1.0,0.0066346903,-0.08765270003588825,-1.9963368582179866,-2.9078586,,1.0,
NK/Cytotoxic T cells,Activated T cells,CXCL8,CXCR2,-0.09444611,1.0,0.007908667,-0.0946452199142591,-2.3231957365278566,0.21307094,,1.0,
NK/Cytotoxic T cells,Activated T cells,CXCL9,ACKR1,0.03954815,0.0,-0.0057890965,0.04330661872784829,-0.83123832244796,1.068469,,0.23875682094441142,
NK/Cytotoxic T cells,Activated T cells,CXCL9,CCR3,-0.03164055,1.0,0.0007890775,-0.023338772903597187,-1.4142046801105985,0.14752994,,1.0,
NK/Cytotoxic T cells,Activated T cells,CXCL9,CXCR3,0.009267213,0.0,-0.0029909937,0.008481522891773965,-1.3858574804466537,-0.9522175,,1.0,
NK/Cytotoxic T cells,Activated T cells,CXCL9,KIR2DL3,-0.040614672,1.0,0.0016183292,-0.04081481041060763,-1.8011645585285632,0.49921,,1.0,
NK/Cytotoxic T cells,Activated T cells,FADD,TRAF2,-0.000725165,0.388,-0.00046769154,0.0021548992322936444,-0.17601124635128818,5.024426,,0.31555031540946354,
NK/Cytotoxic T cells,Activated T cells,FASLG,TNFRSF10B,0.0446463,0.0,-0.00074070366,0.047539387723385375,0.4375167233784434,0.12131527,,0.06545904679223519,
NK/Cytotoxic T cells,Activated T cells,FCER2,CR2,-0.052053917,1.0,-4.7926656e-05,-0.04153011198966096,-1.7190819452856547,0.004411798,,1.0,
NK/Cytotoxic T cells,Activated T cells,FN1,C5AR1,-0.2015779,1.0,0.040520035,-0.20157965481305495,-2.172108819106005,0.13009103,,1.0,
NK/Cytotoxic T cells,Activated T cells,FN1,CD79A,-0.10914457,1.0,0.0012844757,-0.10914100500958854,-1.3115823815106062,0.011574101,,1.0,
NK/Cytotoxic T cells,Activated T cells,FN1,ITGA2,-0.10724988,1.0,0.00048022857,-0.08234726999919725,-0.5185259954583297,-0.0086017065,,1.0,
NK/Cytotoxic T cells,Activated T cells,GAL,HLA-DPA1,-0.039150074,1.0,0.0005739635,-0.039787415806520544,-1.006399870963109,-0.018242434,,1.0,
NK/Cytotoxic T cells,Activated T cells,GZMA,PARD3,0.17191611,0.0,-0.004624848,0.18818064477460789,0.9091151749485602,-0.25490186,,0.11671841500024098,
NK/Cytotoxic T cells,Activated T cells,HLA-DPA1,LAG3,-0.14332779,1.0,-0.019531077,-0.14322517392081668,-0.40176456263193916,0.67168397,,1.0,
NK/Cytotoxic T cells,Activated T cells,HLA-DPB1,LAG3,-0.1328688,1.0,-0.018341742,-0.13276304831499391,-0.3254584876865435,0.68106955,,1.0,
NK/Cytotoxic T cells,Activated T cells,HLA-DQA1,LAG3,-0.11432898,1.0,-0.016233508,-0.11423213778572952,-0.6147605027275278,0.6723012,,1.0,
NK/Cytotoxic T cells,Activated T cells,HLA-DQB1,LAG3,-0.13472413,1.0,-0.01855272,-0.13461134472424388,-0.4691664372238712,0.67702,,1.0,
NK/Cytotoxic T cells,Activated T cells,HLA-DRA,LAG3,-0.18369153,1.0,-0.024120996,-0.1835825962460525,-0.46229201325362124,0.73585117,,1.0,
NK/Cytotoxic T cells,Activated T cells,HLA-DRB1,LAG3,-0.1458683,1.0,-0.019819967,-0.14578339298853601,-0.5163332238895275,0.67199236,,1.0,
NK/Cytotoxic T cells,Activated T cells,HLA-DRB5,LAG3,-0.082777455,1.0,-0.01264566,-0.08267558302324346,-0.8407056399560329,0.62162095,,1.0,
NK/Cytotoxic T cells,Activated T cells,IL10,CD70,-0.016808497,0.722,-0.0021774403,0.0002433097199554049,0.2309924433036259,0.159745,,0.4204097218392023,
NK/Cytotoxic T cells,Activated T cells,IL1B,ADRB2,-0.014108237,0.967,-0.008809478,-0.01398614990745068,-1.8617362294129787,-0.78418416,,1.0,
NK/Cytotoxic T cells,Activated T cells,IL1B,IL1R2_IL1RAP,-0.064661086,1.0,0.0022132122,-0.062041396402300254,-2.2743547557595996,0.03565949,,1.0,
NK/Cytotoxic T cells,Activated T cells,IL4,IL21R,0.009626564,0.001,-0.0004720359,0.017249487854044204,0.25530399818619287,-0.88200563,,0.7818795875008355,
NK/Cytotoxic T cells,Activated T cells,IL6,FCGR3B,-0.057110302,1.0,0.0031989303,-0.055069559399314634,-2.433652663206537,-0.2047805,,1.0,
NK/Cytotoxic T cells,Activated T cells,L1CAM,CD9,0.0004203422,0.025,-0.00089730596,0.008988840811514617,-0.2782608692764228,0.01693926,,0.21001436322491895,
NK/Cytotoxic T cells,Activated T cells,L1CAM,ERBB2,-0.021011023,0.783,0.00036875936,-0.006987084425377111,-0.379194969558005,0.047739025,,0.45868635897955534,
NK/Cytotoxic T cells,Activated T cells,LGALS3,LAG3,-0.06610814,1.0,-0.010750127,-0.06600745302279365,-0.2680053001033538,0.6750785,,1.0,
NK/Cytotoxic T cells,Activated T cells,LTF,IGDCC4,-0.025029542,1.0,0.00042140204,-0.013374302927962333,0.0013227153512349599,0.560604,,1.0,
NK/Cytotoxic T cells,Activated T cells,LTF,IL1RL1,0.15959774,0.0,-0.01410877,0.18772912980498985,2.1241614662434984,-196.43016,,0.11671841500024098,
NK/Cytotoxic T cells,Activated T cells,NTNG2,LRRC4,-0.029560238,0.993,0.00085646694,-0.018117065899479465,-0.6333618366784277,0.12235351,,0.8266703516697264,
NK/Cytotoxic T cells,Activated T cells,PNOC,OPRL1,-0.051749572,1.0,0.0023138628,-0.045325097357382445,-1.7512725857951228,-1.2894075,,1.0,
NK/Cytotoxic T cells,Activated T cells,PSAP,CD1B,-0.1351612,1.0,0.0049629384,-0.12373196303345885,-0.33097650662253786,-0.075778395,,1.0,
NK/Cytotoxic T cells,Activated T cells,S100A12,CD36,-0.102490634,1.0,0.009853156,-0.10228287141304415,-1.5005242808969144,0.11818618,,1.0,
NK/Cytotoxic T cells,Activated T cells,S100A8,CD36,-0.13733044,1.0,0.018772757,-0.1373266463524503,-1.7960391824364939,0.0891613,,1.0,
NK/Cytotoxic T cells,Activated T cells,S100A8,CD68,-0.1564084,1.0,0.024368403,-0.15641334763239323,-1.7361206482287053,0.06906107,,1.0,
NK/Cytotoxic T cells,Activated T cells,S100A9,CD36,-0.15752625,1.0,0.023943238,-0.15753223829636392,-1.677632234582141,0.09292965,,1.0,
NK/Cytotoxic T cells,Activated T cells,S100A9,CD68,-0.17660421,1.0,0.031080065,-0.17661893957630687,-1.6177137003743525,0.071979895,,1.0,
NK/Cytotoxic T cells,Activated T cells,SAA1,CD36,-0.08639891,1.0,0.0057333945,-0.08521845670235953,-1.8396086095025959,-0.13196075,,1.0,
NK/Cytotoxic T cells,Activated T cells,SAA1,FPR1,-0.08811238,1.0,0.005886884,-0.08694074438204696,-2.4716306919286533,-0.10990269,,1.0,
NK/Cytotoxic T cells,Activated T cells,SCGB3A1,MARCO,-0.0856583,1.0,0.00489327,-0.08022505966231004,-2.0242288962411243,-0.1346739,,1.0,
NK/Cytotoxic T cells,Activated T cells,SCGB3A1,NOTCH3,-0.010726498,0.007,-0.00053489767,0.014629970755661354,0.09795929432975958,-0.104757786,,0.6855095661091293,
NK/Cytotoxic T cells,Activated T cells,SORBS1,ITGA1,0.030238096,0.0,-0.0027650683,0.030101317056694964,-1.330240087626874,-0.7390436,,1.0,
NK/Cytotoxic T cells,Activated T cells,THBS1,CD36,-0.1036026,1.0,0.010137842,-0.10342170163142458,-1.567528732325347,0.07992008,,1.0,
NK/Cytotoxic T cells,Activated T cells,TNF,FFAR2,0.0018835738,0.037,-0.0022992748,0.005517654417536388,-0.05859756716988773,-2.1385894,,1.0,
NK/Cytotoxic T cells,Activated T cells,TNF,ICOS,0.08482095,0.0,0.005973116,0.08532961570446121,0.9901007096687784,-5.187823,1.1485327,0.11671841500024098,
NK/Cytotoxic T cells,Activated T cells,TNF,NOTCH1,0.039213866,0.0,0.0014241464,0.03968981357683369,0.5253596807002243,0.87720346,1.3602686,0.023229681100076262,
NK/Cytotoxic T cells,Activated T cells,TNF,TRAF2,0.013753905,0.018,-0.0011152969,0.015112634268325159,-0.02449952037710723,3.5997252,,0.16591158654048047,
NK/Cytotoxic T cells,Activated T cells,TNFSF4,TNFRSF4,0.01310451,0.0,-0.00074630196,0.025304341747809947,0.37072460376956906,-0.12050444,,0.37575146086813227,
NK/Cytotoxic T cells,Activated T cells,TNFSF4,TRAF2,-0.019779,0.921,0.0003845292,-0.008030796860953563,-0.4521647698082889,0.26937512,,0.5554518324983789,
NK/Cytotoxic T cells,Activated T cells,TNFSF9,ADGRG5,0.0168819,0.003,2.2632139e-05,0.019344610299239107,0.3384113589154234,-0.060633652,-0.9083043,0.5151333291777932,
NK/Cytotoxic T cells,Activated T cells,TNFSF9,HLA-DPA1,-0.018517187,0.998,-0.002319345,-0.01781142974816258,0.4030573728372566,-0.10685856,,0.9619890792881178,
NK/Cytotoxic T cells,Activated T cells,TNFSF9,TNFRSF9,0.025889484,0.0,0.0006185672,0.03349223783547878,0.5403085323698265,-0.24837571,1.6718775,0.3110840630137852,
NK/Cytotoxic T cells,Activated T cells,TNFSF9,TRAF2,0.0053580655,0.171,-0.0007397762,0.006943786878388007,-0.04037219184772889,2.476774,,0.254578445111122,
NK/Cytotoxic T cells,Macrophages,ADCYAP1,ADRB2,-0.032895423,1.0,0.00073055923,-0.03229581832653047,-1.023906343141217,-0.1848048,,1.0,
NK/Cytotoxic T cells,Macrophages,ADCYAP1,VIPR2,-0.035152692,1.0,0.00096371287,-0.022809489940543944,-0.981765428525887,0.07267954,,1.0,
NK/Cytotoxic T cells,Macrophages,ADM,ADRB2,-0.057996403,1.0,0.0014407045,-0.05839711381042675,-1.1022865429111763,0.14994365,,1.0,
NK/Cytotoxic T cells,Macrophages,ADM,RAMP1,-0.05380559,1.0,0.0005870605,-0.04171543611885288,-1.0797788426120523,-0.023779439,,1.0,
NK/Cytotoxic T cells,Macrophages,APOE,LRP8,-0.124243565,1.0,0.0024430405,-0.11366429367434662,-0.9750633801725408,-0.0508491,,1.0,
NK/Cytotoxic T cells,Macrophages,BTLA,CD247,-0.028687082,1.0,9.050615e-05,-0.028114094039822006,0.04459989768660455,0.118474,,1.0,
NK/Cytotoxic T cells,Macrophages,BTLA,CD79A,0.044147063,0.0,-0.00014597272,0.044726159004746,0.373354395854944,0.1527018,,0.0461476677103248,
NK/Cytotoxic T cells,Macrophages,C3,C5AR2,-0.06612936,1.0,-0.0037259802,-0.05997981563492498,-1.3494244075207062,-0.036487553,,1.0,
NK/Cytotoxic T cells,Macrophages,C3,CR2,-0.09563972,1.0,0.005488584,-0.09024192576094935,-1.9797854583283991,-0.1775573,,1.0,
NK/Cytotoxic T cells,Macrophages,CCL13,ACKR1,-0.016472772,0.914,0.00019774032,-0.016635934126701772,-2.1817253812891524,-0.025258694,,1.0,
NK/Cytotoxic T cells,Macrophages,CCL13,CCR2,-0.0007831026,0.066,-0.0005883909,-0.002566734044336204,-2.1488198331131616,0.108907014,,1.0,
NK/Cytotoxic T cells,Macrophages,CCL13,CCR3,-0.018231131,0.703,0.0002858429,-0.0028770317037679523,-1.6076291211455656,0.036987282,,1.0,
NK/Cytotoxic T cells,Macrophages,CCL13,CCR5,0.011820808,0.0,-0.0012199101,0.010006830069929156,-1.9756633805845472,0.2594585,,0.6298473773741888,
NK/Cytotoxic T cells,Macrophages,CCL13,CXCR3,-0.012305598,0.778,-1.1056054e-05,-0.014119350017411493,-2.3478015564748125,-0.0024360453,,1.0,
NK/Cytotoxic T cells,Macrophages,CCL17,ACKR1,-0.019456286,0.955,0.00024483827,-0.016883072424102714,-1.0194345345300977,-0.024895087,,0.7432259153039052,
NK/Cytotoxic T cells,Macrophages,CCL18,ACKR1,-0.05594478,1.0,0.00082084816,-0.05570288931471634,-1.594609052416153,0.030942194,,1.0,
NK/Cytotoxic T cells,Macrophages,CCL18,CCR3,-0.05770314,1.0,0.0011865746,-0.041943986891782525,-1.020512792272566,-0.045309853,,1.0,
NK/Cytotoxic T cells,Macrophages,CCL19,CCR7,-0.056609787,1.0,0.0021664596,-0.05250298638962163,-0.7569664178061288,0.15805008,,1.0,
NK/Cytotoxic T cells,Macrophages,CCL19,CXCR3,-0.011973616,0.686,-1.0763037e-05,-0.007868742848920453,-0.7225018876216551,-0.0017599397,,0.4043654107731924,
NK/Cytotoxic T cells,Macrophages,CCL2,ACKR1,-0.045781374,1.0,0.00066040794,-0.044920258880455054,-1.1452452766222985,0.044594377,,1.0,
NK/Cytotoxic T cells,Macrophages,CCL2,CCR2,-0.030091705,1.0,-0.0019650925,-0.030851058798089488,-1.1123397284463077,-0.19227599,,1.0,
NK/Cytotoxic T cells,Macrophages,CCL2,CCR3,-0.047539733,1.0,0.00095465063,-0.031161356457521237,-0.5711490164787116,-0.06530127,,1.0,
NK/Cytotoxic T cells,Macrophages,CCL2,CCR5,-0.017487794,0.966,-0.004074224,-0.018277494683824128,-0.9391832759176932,-0.45807555,,1.0,
NK/Cytotoxic T cells,Macrophages,CCL20,CCR6,-0.031641174,1.0,0.0009989275,-0.02518763368729161,-0.3314561755338217,-1.0107782,,1.0,
NK/Cytotoxic T cells,Macrophages,CCL20,CXCR3,-0.0148522165,0.862,-1.3303777e-05,-0.008398325019427787,-0.2564497656938898,-0.0037975172,,0.4953636356959243,
NK/Cytotoxic T cells,Macrophages,CCL21,CCR7,-0.06463997,1.0,0.0035931184,-0.06359750016084044,-0.3708151027697091,-0.22240955,,1.0,
NK/Cytotoxic T cells,Macrophages,CCL21,CXCR3,-0.020003797,0.998,-1.7850722e-05,-0.018963256620139257,-0.3363505725852354,0.0024766037,,0.9619890792881178,
NK/Cytotoxic T cells,Macrophages,CCL3,CCR3,0.0027537881,0.012,-0.0001930225,0.019922151299992516,0.9901665077301942,0.006576865,,0.23857333773594894,
NK/Cytotoxic T cells,Macrophages,CCL3,CCR5,0.032805726,0.0,0.0008237745,0.032806013073689626,0.6221322482912126,0.04613541,1.5343001,0.14952509880596157,
NK/Cytotoxic T cells,Macrophages,CCL4,CCR3,0.1167859,0.0,-0.0027951784,0.13396224202078674,0.9885509397526383,-4.901281,,0.11671841500024098,
NK/Cytotoxic T cells,Macrophages,CCL4,CCR5,0.14683783,0.0,0.011929162,0.14684610379448385,0.6205166803136567,-34.38152,1.100729,0.11671841500024098,
NK/Cytotoxic T cells,Macrophages,CCL4,CNR2,0.104703605,0.0,-0.008715055,0.10845061057562408,0.13372419337778985,72.442085,,0.029161545550989952,
NK/Cytotoxic T cells,Macrophages,CCL5,ACKR1,0.2048458,0.0,-0.0032960097,0.2064983239785838,0.3861306132508588,0.15172748,,0.046879671956847835,
NK/Cytotoxic T cells,Macrophages,CCL5,CCR3,0.20308743,0.0,-0.004764537,0.22025722640151763,0.9602268733944457,-0.22218043,,0.11671841500024098,
NK/Cytotoxic T cells,Macrophages,CCL5,CCR5,0.23313938,0.0,0.020333918,0.23314108817521473,0.5921926139554641,-1.558552,1.0753752,0.11671841500024098,
NK/Cytotoxic T cells,Macrophages,CCL5,CXCR3,0.20901297,0.0,0.00018428646,0.2090149080878741,0.22005443806519848,0.014633181,3.7916415,0.21728691808565934,
NK/Cytotoxic T cells,Macrophages,CCL7,ACKR1,-0.022622367,0.988,0.00029481825,-0.022789106949155917,-2.753124610566697,-0.033057492,,1.0,
NK/Cytotoxic T cells,Macrophages,CCL7,CCR2,-0.006932698,0.237,-0.0008772535,-0.00871990686679035,-2.720219062390706,0.14253281,,1.0,
NK/Cytotoxic T cells,Macrophages,CCL7,CCR3,-0.024380727,0.992,0.00042617362,-0.009030204526222099,-2.17902835042311,0.048407365,,1.0,
NK/Cytotoxic T cells,Macrophages,CCL7,CCR5,0.0056712124,0.001,-0.0018188085,0.003853657247475009,-2.547062609862092,0.33956814,,0.7818795875008355,
NK/Cytotoxic T cells,Macrophages,CCL7,CXCR3,-0.018455192,0.947,-1.6483875e-05,-0.02027252283986564,-2.9192007857523574,-0.0031881912,,1.0,
NK/Cytotoxic T cells,Macrophages,CCL8,ACKR1,-0.029857352,0.999,0.00040903024,-0.029558706904292863,-1.557731652947267,-0.17961429,,1.0,
NK/Cytotoxic T cells,Macrophages,CCL8,CCR2,-0.014167683,0.759,-0.0012170996,-0.015489506821927297,-1.5248261047712761,0.77443653,,1.0,
NK/Cytotoxic T cells,Macrophages,CCL8,CCR3,-0.03161571,1.0,0.0005912724,-0.015799804481359044,-0.9836353928036801,0.26301613,,1.0,
NK/Cytotoxic T cells,Macrophages,CCL8,CCR5,-0.0015637726,0.072,-0.002523411,-0.0029159427076619372,-1.3516696522426617,1.8450065,,1.0,
NK/Cytotoxic T cells,Macrophages,CD14,RIPK1,-0.12427993,1.0,-0.003514755,-0.12422007147159875,-1.126491791318407,-0.13735393,,1.0,
NK/Cytotoxic T cells,Macrophages,CD24,SIGLEC10,-0.03459466,1.0,-0.0030381328,-0.03435473608534821,-0.6698081428034188,-0.053302247,,1.0,
NK/Cytotoxic T cells,Macrophages,CD40LG,CD40,-0.0027149152,0.618,-0.0014229601,-0.0020281543784652113,0.03407199518723503,0.070467815,,0.37739814749340383,
NK/Cytotoxic T cells,Macrophages,CD40LG,CD9,0.08065677,0.0,-0.008181841,0.08066583103964296,0.5538377593552387,0.19030567,,0.02959372115446443,
NK/Cytotoxic T cells,Macrophages,COL1A1,CD36,0.051962044,0.0,-0.016930234,0.0519856348094925,0.37780711419191215,-0.12926051,,0.18843860175992236,
NK/Cytotoxic T cells,Macrophages,CP,SLC40A1,-0.006488164,0.306,-0.00025150253,-0.0040553522558452485,-0.4978855988825115,0.009516456,,0.2891800791668671,
NK/Cytotoxic T cells,Macrophages,CSF1,CELSR3,-0.064756304,1.0,0.002676229,-0.05847615971369079,-1.3267845462924615,-0.49421623,,1.0,
NK/Cytotoxic T cells,Macrophages,CSF1,CSF3R,-0.003208872,0.666,-0.01008956,-0.0029698169691782447,-0.7283702436381283,-0.41373158,,1.0,
NK/Cytotoxic T cells,Macrophages,CSF1_IL34,CSF1R,0.027507205,0.0,-0.0164605,0.02750653624092827,-0.49342853312322554,-0.4895666,,1.0,
NK/Cytotoxic T cells,Macrophages,CSF2,CSF1R,0.073642015,0.0,-0.0018153434,0.09263412121216932,0.8853136869338287,0.01735411,,0.11671841500024098,
NK/Cytotoxic T cells,Macrophages,CSF2,CSF3R,0.04292594,0.0,-0.0011127255,0.06215776800206281,0.650371976418926,0.0146659175,,0.14991881480003957,
NK/Cytotoxic T cells,Macrophages,CXCL1,ACKR1,-0.019440258,0.949,0.00024458524,-0.01829034396356017,-1.5627896981608995,-0.029959306,,1.0,
NK/Cytotoxic T cells,Macrophages,CXCL1,CXCR1,-0.014151618,0.223,-8.3178005e-05,-0.004682871512115331,-1.355045939408097,-0.13737266,,1.0,
NK/Cytotoxic T cells,Macrophages,CXCL1,CXCR2,-0.005720687,0.105,-0.0006056846,-0.0035048245704922838,-1.4471415303114001,0.0614903,,1.0,
NK/Cytotoxic T cells,Macrophages,CXCL10,ACKR1,-0.036212306,1.0,0.00050935,-0.03551583657077591,-1.4586792995332343,0.72230685,,1.0,
NK/Cytotoxic T cells,Macrophages,CXCL10,CCR3,-0.037970666,1.0,0.00073628925,-0.02175693414784209,-0.8845830393896474,-1.0577018,,1.0,
NK/Cytotoxic T cells,Macrophages,CXCL10,CXCR3,-0.032045133,1.0,-2.847877e-05,-0.03299925246148563,-1.6247554747188946,0.06966204,,1.0,
NK/Cytotoxic T cells,Macrophages,CXCL11,ACKR1,-0.02080372,0.964,0.00026610895,-0.01970777881275039,-1.7093177220223792,-0.037882637,,1.0,
NK/Cytotoxic T cells,Macrophages,CXCL11,CCR3,-0.02256208,0.958,0.00038467298,-0.005948876389816572,-1.1352214618787924,0.05547301,,0.9291188680660905,
NK/Cytotoxic T cells,Macrophages,CXCL11,CCR5,0.00748986,0.0,-0.0016416935,0.006934985383880536,-1.503255721317774,0.38913226,,0.6955339020902356,
NK/Cytotoxic T cells,Macrophages,CXCL11,CXCR3,-0.016636545,0.9,-1.4878681e-05,-0.017191194703460113,-1.8753938972080395,-0.0036535468,,1.0,
NK/Cytotoxic T cells,Macrophages,CXCL13,ACKR1,-0.025091872,0.996,0.00033380202,-0.019776971267594694,-0.46317602079749687,-0.031299002,,0.8906193971992561,
NK/Cytotoxic T cells,Macrophages,CXCL13,CXCR3,-0.020924697,0.967,-1.8663535e-05,-0.017260387158304417,-0.6292521959831572,-0.0030185955,,0.6633315024443592,
NK/Cytotoxic T cells,Macrophages,CXCL13,CXCR5,-0.001231825,0.031,-0.0016843147,0.003834648448480721,-0.015442502640875766,0.1723084,,0.18034187225200476,
NK/Cytotoxic T cells,Macrophages,CXCL2,ACKR1,-0.06986411,1.0,0.0010405795,-0.06882135929801643,-2.461682449831772,0.034125395,,1.0,
NK/Cytotoxic T cells,Macrophages,CXCL2,CXCR1,-0.06457546,1.0,-0.000353878,-0.05521388684657158,-2.2539386910789694,0.15647545,,1.0,
NK/Cytotoxic T cells,Macrophages,CXCL2,CXCR2,-0.056144536,1.0,-0.0025768643,-0.054035839904948535,-2.3460342819822726,-0.07004103,,1.0,
NK/Cytotoxic T cells,Macrophages,CXCL8,ACKR1,-0.06707083,1.0,0.0009964847,-0.06624268858832524,-1.1890546162598443,0.032391638,,1.0,
NK/Cytotoxic T cells,Macrophages,CXCL8,CD79A,-0.01816554,0.993,-0.0113519635,-0.018981943373073934,-0.9661491773971639,-0.14212175,,0.8673214832039557,
NK/Cytotoxic T cells,Macrophages,CXCL8,CXCR1,-0.061782185,1.0,-0.0003388823,-0.052635216136880394,-0.9813108575070417,0.14852566,,1.0,
NK/Cytotoxic T cells,Macrophages,CXCL8,CXCR2,-0.053351253,1.0,-0.0024676688,-0.05145716919525735,-1.073406448410345,-0.06648257,,1.0,
NK/Cytotoxic T cells,Macrophages,CXCL9,ACKR1,-0.027047703,0.999,0.0003646769,-0.02618457001251514,-1.4248281661964783,-0.067306876,,1.0,
NK/Cytotoxic T cells,Macrophages,CXCL9,CCR3,-0.028806062,1.0,0.00052715756,-0.012425667589581321,-0.8507319060528915,0.098560065,,1.0,
NK/Cytotoxic T cells,Macrophages,CXCL9,CXCR3,-0.022880528,0.989,-2.038981e-05,-0.023667985903224862,-1.5909043413821387,-0.006491333,,1.0,
NK/Cytotoxic T cells,Macrophages,CXCL9,KIR2DL3,-0.013728509,0.637,-0.0008660799,-0.01337142059460931,-1.3518093705252536,-0.26716182,,1.0,
NK/Cytotoxic T cells,Macrophages,FADD,TRAF2,0.01680057,0.001,0.00026534565,0.02014732815571743,0.5561374924507163,-2.8506176,2.5878758,0.7818795875008355,
NK/Cytotoxic T cells,Macrophages,FASLG,TNFRSF10B,0.06405921,0.0,0.0030228358,0.06710435261039187,0.6983699074885128,-0.4950916,1.2221813,0.13546075991967443,
NK/Cytotoxic T cells,Macrophages,FCER2,CR2,-0.069860704,1.0,0.003676049,-0.06463961023150203,-2.256739190215032,-0.33839175,,1.0,
NK/Cytotoxic T cells,Macrophages,FN1,C5AR1,-0.033829316,1.0,-0.0306849,-0.03381837623098849,-0.7546893179926424,-0.098514974,,1.0,
NK/Cytotoxic T cells,Macrophages,FN1,CD79A,-0.061159763,1.0,-0.019083833,-0.061149689457439246,-0.9799770051216702,-0.17195982,,1.0,
NK/Cytotoxic T cells,Macrophages,FN1,ITGA2,-0.11924501,1.0,0.0055718482,-0.11081520524068704,-1.4212902933995168,-0.09980124,,1.0,
NK/Cytotoxic T cells,Macrophages,GAL,HLA-DPA1,0.12851003,0.0,-0.002171017,0.12787815144207137,-0.5821641608127381,0.06900201,,0.28059682386862805,
NK/Cytotoxic T cells,Macrophages,GZMA,PARD3,0.16996166,0.0,-0.0060195257,0.18182237545244467,0.6547168197559714,-0.33177054,,0.11671841500024098,
NK/Cytotoxic T cells,Macrophages,HLA-DPA1,LAG3,-0.17857467,1.0,0.0046844115,-0.17851703555686776,-0.6235672634276973,-0.16109936,,1.0,
NK/Cytotoxic T cells,Macrophages,HLA-DPB1,LAG3,-0.16811568,1.0,0.004399157,-0.168054909951045,-0.5472611884823017,-0.16335043,,1.0,
NK/Cytotoxic T cells,Macrophages,HLA-DQA1,LAG3,-0.14957586,1.0,0.0038935095,-0.1495239994217806,-0.836563203523286,-0.16124739,,1.0,
NK/Cytotoxic T cells,Macrophages,HLA-DQB1,LAG3,-0.169971,1.0,0.004449758,-0.16990320636029496,-0.6909691380196293,-0.16237919,,1.0,
NK/Cytotoxic T cells,Macrophages,HLA-DRA,LAG3,-0.21893841,1.0,0.0057852757,-0.21887445788210358,-0.6840947140493794,-0.17648949,,1.0,
NK/Cytotoxic T cells,Macrophages,HLA-DRB1,LAG3,-0.18111518,1.0,0.0047537,-0.1810752546245871,-0.7381359246852857,-0.16117333,,1.0,
NK/Cytotoxic T cells,Macrophages,HLA-DRB5,LAG3,-0.11802433,1.0,0.0030329856,-0.11796744465929454,-1.062508340751791,-0.14909205,,1.0,
NK/Cytotoxic T cells,Macrophages,IL10,CD70,-0.048368547,1.0,0.0020141471,-0.04136505864489952,-0.5459876166345361,-0.14776519,,1.0,
NK/Cytotoxic T cells,Macrophages,IL1B,ADRB2,-0.061583616,1.0,0.0015421922,-0.06161553350727687,-1.8462989618734273,0.1372797,,1.0,
NK/Cytotoxic T cells,Macrophages,IL1B,IL1R2_IL1RAP,-0.058987837,1.0,0.000976201,-0.05563431164782346,-1.9160438020569714,0.05464306,,1.0,
NK/Cytotoxic T cells,Macrophages,IL4,IL21R,-0.02971811,1.0,0.00064039486,-0.02227154022308208,-0.31811399243482574,1.1965866,,1.0,
NK/Cytotoxic T cells,Macrophages,IL6,FCGR3B,-0.0090449955,0.141,-0.0015301884,-0.0023078047485603735,-0.8856124400396104,0.09795548,,0.5777986717498159,
NK/Cytotoxic T cells,Macrophages,L1CAM,CD9,0.08615524,0.0,-0.005962125,0.09473199220829591,0.5638448110831172,0.112552464,,0.0693251420106683,
NK/Cytotoxic T cells,Macrophages,L1CAM,ERBB2,-0.028319031,0.993,0.00080048246,-0.015510346011453555,-0.2819821972720624,0.10362925,,0.8266703516697264,
NK/Cytotoxic T cells,Macrophages,LGALS3,LAG3,-0.10135501,1.0,0.0025783535,-0.10129931465884473,-0.489808000899112,-0.16191353,,1.0,
NK/Cytotoxic T cells,Macrophages,LTF,IGDCC4,-0.025854625,1.0,0.0004863361,-0.019186901311387415,-0.6141105537220399,0.64698774,,1.0,
NK/Cytotoxic T cells,Macrophages,LTF,IL1RL1,-0.05337598,1.0,0.0026522677,-0.049067561379890406,-1.040864784055441,36.926353,,0.1023619370601308,
NK/Cytotoxic T cells,Macrophages,NTNG2,LRRC4,-0.022479694,0.711,0.00049683166,-0.002221944927042222,0.13276588951308899,0.07097659,,0.4167588569427033,
NK/Cytotoxic T cells,Macrophages,PNOC,OPRL1,-0.041196406,1.0,0.0008188504,-0.028121791789355567,-1.3509535994094457,-0.45630705,,1.0,
NK/Cytotoxic T cells,Macrophages,PSAP,CD1B,-0.119040124,1.0,-0.003114086,-0.09123412112080334,0.4975034685631412,0.047548532,,1.0,
NK/Cytotoxic T cells,Macrophages,S100A12,CD36,0.057548817,0.0,-0.014784128,0.05777015571102889,-0.08034842637260264,-0.17733198,,0.5064189316530195,
NK/Cytotoxic T cells,Macrophages,S100A8,CD36,0.022709005,0.0,-0.028167507,0.02272638077162277,-0.37586332791218213,-0.13378172,,0.8306944860426632,
NK/Cytotoxic T cells,Macrophages,S100A8,CD68,0.059276387,0.0,-0.038892876,0.05927265559076242,-0.588958463342478,-0.11022402,,0.7172474073612287,
NK/Cytotoxic T cells,Macrophages,S100A9,CD36,0.0025131851,0.332,-0.035925534,0.0025207888277091195,-0.25745638005782934,-0.13943592,,0.8607715705231331,
NK/Cytotoxic T cells,Macrophages,S100A9,CD68,0.039080568,0.0,-0.04960494,0.03906706364684877,-0.47055151548812524,-0.11488257,,0.7432259153039052,
NK/Cytotoxic T cells,Macrophages,SAA1,CD36,0.07364054,0.0,-0.008602648,0.07483457042171351,-0.41943275497828414,0.19799998,,0.179017769014468,
NK/Cytotoxic T cells,Macrophages,SAA1,FPR1,0.03211362,0.0,-0.004882742,0.033293160041506384,-0.9685091955080871,0.09115629,,0.6513606717708093,
NK/Cytotoxic T cells,Macrophages,SCGB3A1,MARCO,0.06467281,0.0,-0.0059969323,0.070303926596994,0.182565398816247,0.16504921,,0.038755143931618614,
NK/Cytotoxic T cells,Macrophages,SCGB3A1,NOTCH3,-0.029127954,0.974,0.0007981303,-0.014109870794303037,-0.5397531787909813,0.15631096,,0.6954095268273767,
NK/Cytotoxic T cells,Macrophages,SORBS1,ITGA1,-0.034950398,1.0,0.0012010064,-0.0350893057983359,-1.7644761434367413,0.3210033,,1.0,
NK/Cytotoxic T cells,Macrophages,THBS1,CD36,0.05643684,0.0,-0.015211283,0.05663132549264847,-0.14735287780103534,-0.11991576,,0.6078087793590413,
NK/Cytotoxic T cells,Macrophages,TNF,FFAR2,0.029825255,0.0,0.00048770168,0.04470309296738531,0.8851171997876399,0.45361853,1.826774,0.018926935418413116,
NK/Cytotoxic T cells,Macrophages,TNF,ICOS,0.025242088,0.0,3.0564686e-05,0.0257288114171881,0.5025482944880291,-0.026546305,-1.2378106,0.3681404718693312,
NK/Cytotoxic T cells,Macrophages,TNF,NOTCH1,0.010494579,0.053,-0.0014403906,0.010970578053279282,0.41862078875838615,-0.8872092,,1.0,
NK/Cytotoxic T cells,Macrophages,TNF,TRAF2,0.03127964,0.0,0.0006327657,0.03310506319174894,0.7076492184248973,-2.0423107,1.6592987,0.31609874688886,
NK/Cytotoxic T cells,Macrophages,TNFSF4,TNFRSF4,-0.016869774,0.844,0.00028448383,-0.00527643590075965,0.09421813231225284,0.04593525,,0.48622222239308194,
NK/Cytotoxic T cells,Macrophages,TNFSF4,TRAF2,-0.0022532656,0.055,-0.00021816335,0.009961632062470221,0.2799839689937156,-0.15283048,,0.9153628729326168,
NK/Cytotoxic T cells,Macrophages,TNFSF9,ADGRG5,0.022519886,0.0,0.0003956371,0.025204670097186466,0.5449944354020544,-1.0599493,2.0100245,0.37854126344294386,
NK/Cytotoxic T cells,Macrophages,TNFSF9,HLA-DPA1,0.14914292,0.0,0.008772923,0.14985413750042934,0.8272930829876275,0.40419254,1.1194578,0.007739750743500959,
NK/Cytotoxic T cells,Macrophages,TNFSF9,TNFRSF9,0.012260282,0.001,-0.00028313062,0.01794760166698929,0.3956912221414597,0.11368654,,0.11728779665642686,
NK/Cytotoxic T cells,Macrophages,TNFSF9,TRAF2,0.022883799,0.0,0.00041971335,0.02493621580181179,0.6917765469542756,-1.4052024,1.952623,0.38204515300430064,
NK/Cytotoxic T cells,Monocytes/DC,ADCYAP1,ADRB2,0.007622203,0.012,-0.003454513,0.00835675369080122,-1.593672870204423,0.8738656,,0.9434717654310016,
NK/Cytotoxic T cells,Monocytes/DC,ADCYAP1,VIPR2,-0.032893278,1.0,0.0007303377,-0.016006471880011936,-0.7543125825377879,0.05507928,,1.0,
NK/Cytotoxic T cells,Monocytes/DC,ADM,ADRB2,-0.017478775,0.953,-0.006812496,-0.017744541793095057,-1.6720530699743823,-0.70902157,,1.0,
NK/Cytotoxic T cells,Monocytes/DC,ADM,RAMP1,-0.028018491,0.993,-0.0046656183,-0.004514630221792229,-0.8762734858117116,0.18898526,,0.8266703516697264,
NK/Cytotoxic T cells,Monocytes/DC,APOE,LRP8,-0.111926265,1.0,-0.003425713,-0.09666380925448063,-1.042428526354054,0.0713023,,1.0,
NK/Cytotoxic T cells,Monocytes/DC,BTLA,CD247,-0.14496244,1.0,0.00046803057,-0.14438323235116673,-0.4099558222321835,0.6126595,,1.0,
NK/Cytotoxic T cells,Monocytes/DC,BTLA,CD79A,-0.09969685,1.0,0.0003210616,-0.0991223794097305,-0.7179904795245624,-0.33586198,,1.0,
NK/Cytotoxic T cells,Monocytes/DC,C3,C5AR2,0.1792305,0.0,-0.0803392,0.21480056364622435,0.09525596504466294,-0.78674084,,0.3385891009651337,
NK/Cytotoxic T cells,Monocytes/DC,C3,CR2,-0.11435723,1.0,0.011333098,-0.11453657115215421,-3.8724870729444056,-0.36662906,,1.0,
NK/Cytotoxic T cells,Monocytes/DC,CCL13,ACKR1,0.08637568,0.0,-0.0049554836,0.090676786684799,-1.5873392206962187,0.63299704,,0.11671841500024098,
NK/Cytotoxic T cells,Monocytes/DC,CCL13,CCR2,0.047247734,0.0,-0.002994977,0.04548987226381851,-2.822609041761865,0.5543492,,0.2271863276921136,
NK/Cytotoxic T cells,Monocytes/DC,CCL13,CCR3,-0.0147451665,0.152,0.00011117858,0.01054664590215349,-1.3176981774039254,0.014386201,,1.0,
NK/Cytotoxic T cells,Monocytes/DC,CCL13,CCR5,0.08185615,0.0,-0.004729032,0.0800464137985575,-2.428493852245848,1.0058016,,0.11671841500024098,
NK/Cytotoxic T cells,Monocytes/DC,CCL13,CXCR3,-0.05280155,1.0,0.0020179944,-0.05461311604921073,-3.1255574524951544,0.44463652,,1.0,
NK/Cytotoxic T cells,Monocytes/DC,CCL17,ACKR1,0.083392166,0.0,-0.0061357846,0.09042964838739806,-0.425048373937164,0.62388486,,0.11671841500024098,
NK/Cytotoxic T cells,Monocytes/DC,CCL18,ACKR1,0.04690367,0.0,-0.020570915,0.051609831496784435,-1.0002228918232192,-0.7754288,,1.0,
NK/Cytotoxic T cells,Monocytes/DC,CCL18,CCR3,-0.054217175,1.0,0.0004615181,-0.028520309285861082,-0.7305818485309259,-0.017623264,,1.0,
NK/Cytotoxic T cells,Monocytes/DC,CCL19,CCR7,-0.15609935,1.0,0.007019271,-0.15199228136396378,-1.2742438214236818,0.51207805,,1.0,
NK/Cytotoxic T cells,Monocytes/DC,CCL19,CXCR3,-0.052469566,1.0,0.0019645118,-0.04836250888071969,-1.5002577836419966,0.3212311,,1.0,
NK/Cytotoxic T cells,Monocytes/DC,CCL2,ACKR1,0.057067078,0.0,-0.016550193,0.06239246193104572,-0.5508591160293648,-1.11756,,0.8730233542739405,
NK/Cytotoxic T cells,Monocytes/DC,CCL2,CCR2,0.017939132,0.004,-0.010002545,0.017205547510065228,-1.7861289370950109,-0.9787068,,1.0,
NK/Cytotoxic T cells,Monocytes/DC,CCL2,CCR3,-0.044053767,1.0,0.0003713113,-0.017737678851599794,-0.28121807273707145,-0.025398923,,1.0,
NK/Cytotoxic T cells,Monocytes/DC,CCL2,CCR5,0.05254754,0.0,-0.015793897,0.05176208904480421,-1.3920137475789942,-1.7757487,,1.0,
NK/Cytotoxic T cells,Monocytes/DC,CCL20,CCR6,-0.06257278,1.0,0.0028638402,-0.056117909397345164,-1.1646073410097408,-2.8978148,,1.0,
NK/Cytotoxic T cells,Monocytes/DC,CCL20,CXCR3,-0.05534817,1.0,0.0024282576,-0.04889209105122702,-1.0342056617142315,0.6931377,,1.0,
NK/Cytotoxic T cells,Monocytes/DC,CCL21,CCR7,-0.16412953,1.0,0.011641607,-0.1630867951351826,-0.8880925063872621,-0.72060096,,1.0,
NK/Cytotoxic T cells,Monocytes/DC,CCL21,CXCR3,-0.06049975,1.0,0.0032581836,-0.05945702265193849,-1.114106468605577,-0.4520394,,1.0,
NK/Cytotoxic T cells,Monocytes/DC,CCL3,CCR3,0.0062397528,0.003,-7.507609e-05,0.033345828905913956,1.2800974514718344,0.0025580712,,0.25433453279659884,
NK/Cytotoxic T cells,Monocytes/DC,CCL3,CCR5,0.102841064,0.0,0.003193396,0.10284559680231796,0.16930177662991164,0.17884582,1.214874,0.03275493723083172,
NK/Cytotoxic T cells,Monocytes/DC,CCL4,CCR3,0.12027186,0.0,-0.0010871844,0.1473859196267082,1.2784818834942784,-1.9063528,,0.11671841500024098,
NK/Cytotoxic T cells,Monocytes/DC,CCL4,CCR5,0.21687317,0.0,0.04624389,0.2168856875231122,0.16768620865235573,-133.28137,1.048744,0.2802117070388453,
NK/Cytotoxic T cells,Monocytes/DC,CCL4,CNR2,0.09197675,0.0,-0.014950748,0.09347596995013967,-0.6964363644905299,124.27499,,0.01719872819639013,
NK/Cytotoxic T cells,Monocytes/DC,CCL5,ACKR1,0.30769426,0.0,0.082599856,0.3138110447900846,0.9805167738437925,-3.802376,1.0360298,0.11671841500024098,
NK/Cytotoxic T cells,Monocytes/DC,CCL5,CCR3,0.2065734,0.0,-0.0018531663,0.23368090400743907,1.2501578171360859,-0.086417064,,0.11671841500024098,
NK/Cytotoxic T cells,Monocytes/DC,CCL5,CCR5,0.3031747,0.0,0.07882528,0.30318067190384307,0.13936214229416305,-6.041791,1.0369139,0.3054984213155124,
NK/Cytotoxic T cells,Monocytes/DC,CCL5,CXCR3,0.16851702,0.0,-0.03363669,0.16852114205607485,-0.5577014579551431,-2.6709054,,0.7543791709995192,
NK/Cytotoxic T cells,Monocytes/DC,CCL7,ACKR1,0.080226086,0.0,-0.007388311,0.08452361386234486,-2.158738449973763,0.82843935,,0.11671841500024098,
NK/Cytotoxic T cells,Monocytes/DC,CCL7,CCR2,0.04109814,0.0,-0.00446532,0.039336699441364364,-3.394008271039409,0.72550833,,0.26804766417047127,
NK/Cytotoxic T cells,Monocytes/DC,CCL7,CCR3,-0.020894762,0.74,0.0001657602,0.004393473079699343,-1.8890974066814699,0.018828042,,1.0,
NK/Cytotoxic T cells,Monocytes/DC,CCL7,CCR5,0.07570655,0.0,-0.0070506865,0.07389324097610335,-2.9998930815233926,1.3163499,,0.11802818167239269,
NK/Cytotoxic T cells,Monocytes/DC,CCL7,CXCR3,-0.058951147,1.0,0.0030087016,-0.060766288871664874,-3.696956681772699,0.58192116,,1.0,
NK/Cytotoxic T cells,Monocytes/DC,CCL8,ACKR1,0.0729911,0.0,-0.010250527,0.07775401390720792,-0.9633454923543332,4.501235,,0.11671841500024098,
NK/Cytotoxic T cells,Monocytes/DC,CCL8,CCR2,0.033863153,0.0,-0.006195176,0.03256709948622742,-2.198615313419979,3.9419706,,0.3179913182935895,
NK/Cytotoxic T cells,Monocytes/DC,CCL8,CCR3,-0.028129747,1.0,0.00022997535,-0.0023761268754376036,-0.6937044490620399,0.10230011,,1.0,
NK/Cytotoxic T cells,Monocytes/DC,CCL8,CCR5,0.068471566,0.0,-0.009782108,0.06712364102096641,-1.8045001239039626,7.1522436,,0.13508243216906504,
NK/Cytotoxic T cells,Monocytes/DC,CD14,RIPK1,-0.088642195,1.0,-0.022187231,-0.08854555562871083,-1.5136470672615943,-0.8670598,,1.0,
NK/Cytotoxic T cells,Monocytes/DC,CD24,SIGLEC10,0.3005568,0.0,-0.06984786,0.3022542422733728,0.5865320408552319,-1.2254395,,0.11671841500024098,
NK/Cytotoxic T cells,Monocytes/DC,CD40LG,CD40,0.07258086,0.0,-0.007527133,0.0740693199597726,-0.8907645050819999,0.37275857,,0.14434244531269774,
NK/Cytotoxic T cells,Monocytes/DC,CD40LG,CD9,0.42132914,0.0,-0.0357999,0.4213078382791509,0.8846989595123069,0.83268833,,0.007070387620923245,
NK/Cytotoxic T cells,Monocytes/DC,COL1A1,CD36,0.45436153,0.0,-0.08787011,0.45439220317799794,1.080650458403681,-0.6708788,,0.11671841500024098,
NK/Cytotoxic T cells,Monocytes/DC,CP,SLC40A1,0.27517998,0.0,-0.013559133,0.2776544023871693,0.876166550180306,0.51305604,,0.007070387620923245,
NK/Cytotoxic T cells,Monocytes/DC,CSF1,CELSR3,-0.05944007,1.0,0.0015735674,-0.04331437087836027,-0.7003023397826014,-0.29058895,,1.0,
NK/Cytotoxic T cells,Monocytes/DC,CSF1,CSF3R,0.51233935,0.0,-0.1170214,0.5138666734903679,1.4413748971118654,-4.7985682,,0.10375435801729402,
NK/Cytotoxic T cells,Monocytes/DC,CSF1_IL34,CSF1R,0.7274418,0.0,-0.16163662,0.7274500383646381,0.7274345976177554,-4.8073807,,0.11671841500024098,
NK/Cytotoxic T cells,Monocytes/DC,CSF2,CSF1R,0.7735766,0.0,-0.017826067,0.7925776233358791,2.1061768176748097,0.17041157,,0.015477928646107765,
NK/Cytotoxic T cells,Monocytes/DC,CSF2,CSF3R,0.5584742,0.0,-0.012905685,0.5789942584616089,2.8201171171689197,0.1700992,,0.010389237075687525,
NK/Cytotoxic T cells,Monocytes/DC,CXCL1,ACKR1,0.08340819,0.0,-0.0061294436,0.0890223768479406,-0.9684035375679658,0.75079703,,0.11671841500024098,
NK/Cytotoxic T cells,Monocytes/DC,CXCL1,CXCR1,0.067857,0.0,-0.005165659,0.09928932917250523,-0.4124744024254394,-8.531345,,0.7543791709995192,
NK/Cytotoxic T cells,Monocytes/DC,CXCL1,CXCR2,0.1405917,0.0,-0.009673389,0.15026716830755604,-0.04597046287780837,0.9820616,,0.052650928884977875,
NK/Cytotoxic T cells,Monocytes/DC,CXCL10,ACKR1,0.066636145,0.0,-0.012764596,0.07179688424072486,-0.8642931389403006,-18.101416,,0.7715485940787229,
NK/Cytotoxic T cells,Monocytes/DC,CXCL10,CCR3,-0.0344847,1.0,0.00028637965,-0.008333256541920648,-0.5946520956480073,-0.41139305,,1.0,
NK/Cytotoxic T cells,Monocytes/DC,CXCL10,CXCR3,-0.07254109,1.0,0.005198057,-0.07349301849328486,-2.4025113707392363,-12.714988,,1.0,
NK/Cytotoxic T cells,Monocytes/DC,CXCL11,ACKR1,0.082044736,0.0,-0.00666884,0.08760494199875038,-1.1149315614294455,0.94936013,,0.11671841500024098,
NK/Cytotoxic T cells,Monocytes/DC,CXCL11,CCR3,-0.019076115,0.507,0.00014961853,0.00747480121610487,-0.8452905181371522,0.021576224,,0.530107160864431,
NK/Cytotoxic T cells,Monocytes/DC,CXCL11,CCR5,0.0775252,0.0,-0.006364093,0.07697456911250888,-1.956086192979075,1.5084872,,0.11671841500024098,
NK/Cytotoxic T cells,Monocytes/DC,CXCL11,CXCR3,-0.057132497,1.0,0.0027157152,-0.05768496073525935,-2.653149793228381,0.6668596,,1.0,
NK/Cytotoxic T cells,Monocytes/DC,CXCL13,ACKR1,0.07775658,0.0,-0.008365266,0.08753574954390608,0.13121013979543683,0.78437054,,0.029420278566883534,
NK/Cytotoxic T cells,Monocytes/DC,CXCL13,CXCR3,-0.06142065,1.0,0.0034065417,-0.05775415319010365,-1.4070080920034989,0.5509659,,1.0,
NK/Cytotoxic T cells,Monocytes/DC,CXCL13,CXCR5,-0.05907145,1.0,0.003207843,-0.05524185507959567,-1.5731172628407402,-0.3281681,,1.0,
NK/Cytotoxic T cells,Monocytes/DC,CXCL2,ACKR1,0.032984346,0.0,-0.026077509,0.038491361513484354,-1.8672962892388383,-0.85520154,,1.0,
NK/Cytotoxic T cells,Monocytes/DC,CXCL2,CXCR1,0.017433152,0.0,-0.02197712,0.048758313838048975,-1.3113671540963119,9.717699,,0.205556179540476,
NK/Cytotoxic T cells,Monocytes/DC,CXCL2,CXCR2,0.09016784,0.0,-0.0411551,0.0997361529730998,-0.9448632145486808,-1.1186254,,0.7543791709995192,
NK/Cytotoxic T cells,Monocytes/DC,CXCL8,ACKR1,0.03577763,0.0,-0.024972465,0.04107003222317554,-0.5946684556669106,-0.8117526,,1.0,
NK/Cytotoxic T cells,Monocytes/DC,CXCL8,CD79A,-0.16200945,1.0,0.024968226,-0.16283048178755044,-2.0574940527766703,0.31259152,,1.0,
NK/Cytotoxic T cells,Monocytes/DC,CXCL8,CXCR1,0.020226434,0.0,-0.02104583,0.05133698454774016,-0.038739320524384224,9.223987,,0.05132477558766669,
NK/Cytotoxic T cells,Monocytes/DC,CXCL8,CXCR2,0.092961125,0.0,-0.03941114,0.10231482368279099,0.32776461902324683,-1.0617931,,0.18111760673425834,
NK/Cytotoxic T cells,Monocytes/DC,CXCL9,ACKR1,0.07580075,0.0,-0.009139008,0.08112815079898564,-0.8304420056035446,1.6867481,,0.11671841500024098,
NK/Cytotoxic T cells,Monocytes/DC,CXCL9,CCR3,-0.025320098,0.976,0.0002050379,0.0009980100163401208,-0.5608009623112513,0.03833493,,0.7049559787614086,
NK/Cytotoxic T cells,Monocytes/DC,CXCL9,CXCR3,-0.06337648,1.0,0.0037216283,-0.0641617519350241,-2.36866023740248,1.1848235,,1.0,
NK/Cytotoxic T cells,Monocytes/DC,CXCL9,KIR2DL3,-0.05022022,1.0,0.0025059276,-0.050622894380132386,-2.0124658396300523,0.7730097,,1.0,
NK/Cytotoxic T cells,Monocytes/DC,FADD,TRAF2,0.025856066,0.0,0.000644104,0.02944359293134783,-0.4372334650648444,-6.919631,1.6496832,1.0,
NK/Cytotoxic T cells,Monocytes/DC,FASLG,TNFRSF10B,0.169285,0.0,0.023422733,0.17316940329671887,0.5166571815336076,-3.8362648,1.0698701,0.11671841500024098,
NK/Cytotoxic T cells,Monocytes/DC,FCER2,CR2,-0.088578224,1.0,0.0075904867,-0.08893425562270688,-4.149440804831039,-0.6987279,,1.0,
NK/Cytotoxic T cells,Monocytes/DC,FN1,C5AR1,0.61831844,0.0,-0.30750474,0.6183447326662559,0.5126179305374139,-0.9872551,,0.11671841500024098,
NK/Cytotoxic T cells,Monocytes/DC,FN1,CD79A,-0.20500368,1.0,0.041974187,-0.20499822787191574,-2.0713218805011766,0.3782193,,1.0,
NK/Cytotoxic T cells,Monocytes/DC,FN1,ITGA2,-0.113419265,1.0,0.0030989735,-0.09698687018430986,-1.0255332516025721,-0.055507865,,1.0,
NK/Cytotoxic T cells,Monocytes/DC,GAL,HLA-DPA1,0.6193361,0.0,-0.010206966,0.6186902201930606,0.05080585156821216,0.32441068,,0.038015714377330555,
NK/Cytotoxic T cells,Monocytes/DC,GZMA,PARD3,0.18140258,0.0,0.0021445889,0.21904037673596527,1.5986944873238287,0.11820058,1.2752298,0.06625080129009718,
NK/Cytotoxic T cells,Monocytes/DC,HLA-DPA1,LAG3,-0.19892131,1.0,0.018663062,-0.19888949035855874,-1.736502304826867,-0.6418325,,1.0,
NK/Cytotoxic T cells,Monocytes/DC,HLA-DPB1,LAG3,-0.18846232,1.0,0.017526586,-0.18842736475273597,-1.6601962298814712,-0.6508009,,1.0,
NK/Cytotoxic T cells,Monocytes/DC,HLA-DQA1,LAG3,-0.1699225,1.0,0.015512046,-0.16989645422347158,-1.9494982449224556,-0.6424222,,1.0,
NK/Cytotoxic T cells,Monocytes/DC,HLA-DQB1,LAG3,-0.19031765,1.0,0.017728185,-0.19027566116198594,-1.803904179418799,-0.6469314,,1.0,
NK/Cytotoxic T cells,Monocytes/DC,HLA-DRA,LAG3,-0.23928505,1.0,0.023048991,-0.23924691268379455,-1.797029755448549,-0.7031479,,1.0,
NK/Cytotoxic T cells,Monocytes/DC,HLA-DRB1,LAG3,-0.20146182,1.0,0.018939113,-0.20144770942627807,-1.8510709660844553,-0.64212716,,1.0,
NK/Cytotoxic T cells,Monocytes/DC,HLA-DRB5,LAG3,-0.13837096,1.0,0.012083652,-0.13833989946098552,-2.1754433821509607,-0.5939944,,1.0,
NK/Cytotoxic T cells,Monocytes/DC,IL10,CD70,-0.04541638,1.0,0.0016220609,-0.03747316520308283,-0.8826768073743319,-0.11900032,,1.0,
NK/Cytotoxic T cells,Monocytes/DC,IL1B,ADRB2,-0.021065988,0.991,-0.00729239,-0.020962961489945184,-2.416065488936633,-0.6491391,,1.0,
NK/Cytotoxic T cells,Monocytes/DC,IL1B,IL1R2_IL1RAP,0.03518698,0.0,-0.019557951,0.04759964750564137,-1.5073394813872716,-1.0947605,,1.0,
NK/Cytotoxic T cells,Monocytes/DC,IL4,IL21R,-0.022563579,0.98,0.00043810773,-0.015083850507936938,-1.2194733821199544,0.8186103,,1.0,
NK/Cytotoxic T cells,Monocytes/DC,IL6,FCGR3B,0.21545696,0.0,-0.02361881,0.2441073144582742,0.7569683839337855,1.5119654,,0.007070387620923245,
NK/Cytotoxic T cells,Monocytes/DC,L1CAM,CD9,0.4268276,0.0,-0.026087463,0.4353739994478038,0.8947060112401855,0.4924768,,0.007070387620923245,
NK/Cytotoxic T cells,Monocytes/DC,L1CAM,ERBB2,-0.028568638,0.958,0.0008152281,-0.01580542112154565,-1.0979577735576371,0.10553819,,0.8684167588159072,
NK/Cytotoxic T cells,Monocytes/DC,LGALS3,LAG3,-0.12170164,1.0,0.010272362,-0.1216717694605357,-1.6027430422982816,-0.64507616,,1.0,
NK/Cytotoxic T cells,Monocytes/DC,LTF,IGDCC4,-0.021521574,0.989,0.00014532488,0.011303237812663802,1.0613129871542888,0.19333012,,0.6032702805726462,
NK/Cytotoxic T cells,Monocytes/DC,LTF,IL1RL1,-0.029537782,0.994,0.0007762007,-0.022565566153704475,-1.0083735230374247,10.806699,,0.26203891546369185,
NK/Cytotoxic T cells,Monocytes/DC,NTNG2,LRRC4,0.027406406,0.0,-0.0020369843,0.10978555019897361,1.7417566447653727,-0.29100037,,0.11671841500024098,
NK/Cytotoxic T cells,Monocytes/DC,PNOC,OPRL1,0.03191827,0.0,-0.009538929,0.09105536551001125,-0.08905059254470382,5.315599,,0.0635877956139138,
NK/Cytotoxic T cells,Monocytes/DC,PSAP,CD1B,-0.103416644,1.0,-0.010941797,-0.059737633812435326,0.6524063506225852,0.16706873,,1.0,
NK/Cytotoxic T cells,Monocytes/DC,S100A12,CD36,0.4599483,0.0,-0.07673155,0.46017672407953436,0.6224949178391661,-0.920376,,0.11671841500024098,
NK/Cytotoxic T cells,Monocytes/DC,S100A8,CD36,0.4251085,0.0,-0.14619301,0.4251329491401282,0.3269800162995866,-0.69434446,,0.1815700308390289,
NK/Cytotoxic T cells,Monocytes/DC,S100A8,CD68,0.7466121,0.0,-0.24049139,0.7466106933605369,0.31938397848717703,-0.6815626,,0.11248895493503328,
NK/Cytotoxic T cells,Monocytes/DC,S100A9,CD36,0.40491268,0.0,-0.1864582,0.4049273571962146,0.4453869641539394,-0.7236905,,0.1328261022635743,
NK/Cytotoxic T cells,Monocytes/DC,S100A9,CD68,0.72641623,0.0,-0.3067287,0.7264051014166232,0.43779092634152983,-0.71036845,,0.12596093203306488,
NK/Cytotoxic T cells,Monocytes/DC,SAA1,CD36,0.47604004,0.0,-0.044648863,0.47724113879021896,0.2834105892334846,1.0276456,,0.016005252064117882,
NK/Cytotoxic T cells,Monocytes/DC,SAA1,FPR1,0.58407867,0.0,-0.054326765,0.5852649634111294,0.97251405793395,1.0142306,,0.007070387620923245,
NK/Cytotoxic T cells,Monocytes/DC,SCGB3A1,MARCO,0.4064331,0.0,-0.030754542,0.4125858865590935,1.2400081688119824,0.8464349,,0.007070387620923245,
NK/Cytotoxic T cells,Monocytes/DC,SCGB3A1,NOTCH3,0.028845623,0.0,-0.0034015593,0.07642933221135438,0.4314209432156373,-0.6661832,,0.14043831648250477,
NK/Cytotoxic T cells,Monocytes/DC,SORBS1,ITGA1,-0.0327439,1.0,0.0010667627,-0.03288217343922605,-2.2760016850780174,0.28512287,,1.0,
NK/Cytotoxic T cells,Monocytes/DC,THBS1,CD36,0.45883632,0.0,-0.078948535,0.4590378938611539,0.5554904664107334,-0.62237835,,0.11671841500024098,
NK/Cytotoxic T cells,Monocytes/DC,TNF,FFAR2,0.16108508,0.0,0.0135799,0.22878314201406713,2.293872232665696,12.630866,1.0938156,0.006959550928048313,
NK/Cytotoxic T cells,Monocytes/DC,TNF,ICOS,-0.02208084,0.997,-0.004689548,-0.021604243735574662,-0.5911843902618625,4.073007,,0.65787239538985,
NK/Cytotoxic T cells,Monocytes/DC,TNF,NOTCH1,0.059679933,0.0,0.0034654855,0.06015611649018847,0.2293762433895512,2.134567,1.2045059,0.019748010924045586,
NK/Cytotoxic T cells,Monocytes/DC,TNF,TRAF2,0.040335137,0.0,0.0015359848,0.042401327967379346,-0.28572173909066345,-4.9575353,1.34233,0.7999101576952891,
NK/Cytotoxic T cells,Monocytes/DC,TNFSF4,TNFRSF4,-0.027517445,0.981,0.00065064663,-0.01613648884148603,-0.5560170288685793,0.105059095,,0.7237315690197944,
NK/Cytotoxic T cells,Monocytes/DC,TNFSF4,TRAF2,0.006802233,0.012,-0.0005295729,0.01925789683810062,-0.7133869885218451,-0.37098294,,1.0,
NK/Cytotoxic T cells,Monocytes/DC,TNFSF9,ADGRG5,0.014842783,0.029,-0.000112274305,0.01722432598383372,0.21868778200131134,0.30079353,,0.17840821662286813,
NK/Cytotoxic T cells,Monocytes/DC,TNFSF9,HLA-DPA1,0.639969,0.0,0.04124561,0.6406662062514186,1.4602630953685778,1.9002979,1.0517615,0.006354192108759642,
NK/Cytotoxic T cells,Monocytes/DC,TNFSF9,TNFRSF9,0.0025855824,0.154,-0.00092320156,0.006911563527607049,-0.1556105164995789,0.37069672,,0.24986223049166245,
NK/Cytotoxic T cells,Monocytes/DC,TNFSF9,TRAF2,0.031939298,0.0,0.0010188184,0.03423248057744219,-0.3015944105612851,-3.4110088,1.4558887,0.8349213844146477,
NK/Cytotoxic T cells,NK/Cytotoxic T cells,ADCYAP1,ADRB2,0.003541503,0.007,-0.0030330168,0.004262831696936094,-0.5871385460964236,0.7672425,,0.2867518511972471,
NK/Cytotoxic T cells,NK/Cytotoxic T cells,ADCYAP1,VIPR2,-0.039187975,1.0,0.001380518,-0.03496221221964711,-1.7863046549356525,0.104113385,,1.0,
NK/Cytotoxic T cells,NK/Cytotoxic T cells,ADM,ADRB2,-0.021559475,0.996,-0.005981282,-0.021838463786960183,-0.6655187458663829,-0.6225116,,1.0,
NK/Cytotoxic T cells,NK/Cytotoxic T cells,ADM,RAMP1,-0.037151124,1.0,-0.002805355,-0.017688695000018247,-0.29352223991466575,0.11363354,,1.0,
NK/Cytotoxic T cells,NK/Cytotoxic T cells,APOE,LRP8,-0.12229731,1.0,0.0015157197,-0.11097847761963765,-0.7889614243745082,-0.031547975,,1.0,
NK/Cytotoxic T cells,NK/Cytotoxic T cells,BTLA,CD247,0.14031203,0.0,-0.00045820238,0.14087760510158584,0.5535817110166802,-0.59979427,,0.11671841500024098,
NK/Cytotoxic T cells,NK/Cytotoxic T cells,BTLA,CD79A,-0.1026058,1.0,0.00033050642,-0.10204228378895969,-0.7623976801103509,-0.34574217,,1.0,
NK/Cytotoxic T cells,NK/Cytotoxic T cells,C3,C5AR2,-0.11801779,1.0,0.0124761,-0.11809068393769936,-2.668145437042641,0.12217519,,1.0,
NK/Cytotoxic T cells,NK/Cytotoxic T cells,C3,CR2,-0.09332285,1.0,0.0047651445,-0.08723527050383881,-1.9084042078453989,-0.15415382,,1.0,
NK/Cytotoxic T cells,NK/Cytotoxic T cells,CCL13,ACKR1,-0.03202501,1.0,0.0009769854,-0.03286114805086952,-2.356514274844145,-0.12479689,,1.0,
NK/Cytotoxic T cells,NK/Cytotoxic T cells,CCL13,CCR2,-0.017938713,0.973,0.00027119133,-0.019730077240648118,-2.027148905133662,-0.050195605,,1.0,
NK/Cytotoxic T cells,NK/Cytotoxic T cells,CCL13,CCR3,-0.02399667,1.0,0.0005747254,-0.025078140544854514,-3.4114533881609463,0.07436787,,1.0,
NK/Cytotoxic T cells,NK/Cytotoxic T cells,CCL13,CCR5,-0.039230585,1.0,0.001338021,-0.04104565125743038,-2.3253442623278,-0.2845791,,1.0,
NK/Cytotoxic T cells,NK/Cytotoxic T cells,CCL13,CXCR3,-0.015894212,0.934,0.00016875149,-0.0177084199954441,-2.242992834499022,0.037182003,,1.0,
NK/Cytotoxic T cells,NK/Cytotoxic T cells,CCL17,ACKR1,-0.035008524,1.0,0.0012096846,-0.03310828634827046,-1.1942234280850903,-0.1230004,,1.0,
NK/Cytotoxic T cells,NK/Cytotoxic T cells,CCL18,ACKR1,-0.07149702,1.0,0.0040556057,-0.07192810323888409,-1.7693979459711455,0.15287764,,1.0,
NK/Cytotoxic T cells,NK/Cytotoxic T cells,CCL18,CCR3,-0.06346868,1.0,0.0023857667,-0.06414509573286908,-2.824337059287947,-0.09110151,,1.0,
NK/Cytotoxic T cells,NK/Cytotoxic T cells,CCL19,CCR7,-0.024181183,0.997,0.00058468664,-0.020075504889709977,-0.5999785064142884,0.042654738,,0.9195508779440885,
NK/Cytotoxic T cells,NK/Cytotoxic T cells,CCL19,CXCR3,-0.015562229,0.876,0.00016427909,-0.011457812826953061,-0.6176931656458642,0.026862426,,0.5032346645640087,
NK/Cytotoxic T cells,NK/Cytotoxic T cells,CCL2,ACKR1,-0.06133361,1.0,0.0032629105,-0.061145472804622805,-1.320034170177291,0.22032966,,1.0,
NK/Cytotoxic T cells,NK/Cytotoxic T cells,CCL2,CCR2,-0.047247317,1.0,0.0009057176,-0.0480144019944014,-0.9906688004668083,0.08862064,,1.0,
NK/Cytotoxic T cells,NK/Cytotoxic T cells,CCL2,CCR3,-0.053305272,1.0,0.0019194527,-0.053362465298607796,-2.3749732834940924,-0.13129693,,1.0,
NK/Cytotoxic T cells,NK/Cytotoxic T cells,CCL2,CCR5,-0.06853919,1.0,0.0044686873,-0.06932997601118365,-1.2888641576609456,0.5024261,,1.0,
NK/Cytotoxic T cells,NK/Cytotoxic T cells,CCL20,CCR6,-0.022352727,0.988,0.00043891327,-0.015897384268706696,0.15099942022296786,-0.44412023,,1.0,
NK/Cytotoxic T cells,NK/Cytotoxic T cells,CCL20,CXCR3,-0.01844083,0.945,0.00020305908,-0.011987394997460396,-0.15164104371809883,0.05796251,,0.5935058805564343,
NK/Cytotoxic T cells,NK/Cytotoxic T cells,CCL21,CCR7,-0.032211367,1.0,0.00096971495,-0.03117001866092878,-0.21382719137786865,-0.060024146,,1.0,
NK/Cytotoxic T cells,NK/Cytotoxic T cells,CCL21,CXCR3,-0.023592412,0.999,0.00027246028,-0.022552326598171867,-0.23154185060944443,-0.037801057,,1.0,
NK/Cytotoxic T cells,NK/Cytotoxic T cells,CCL3,CCR3,-0.003011751,0.118,-0.0003880975,-0.002278957541094046,-0.8136577592851866,0.013223666,,0.494705673129264,
NK/Cytotoxic T cells,NK/Cytotoxic T cells,CCL3,CCR5,-0.018245667,0.99,-0.0009035318,-0.018246468253669906,0.2724513665479602,-0.050602213,,0.7914307962530985,
NK/Cytotoxic T cells,NK/Cytotoxic T cells,CCL4,CCR3,0.11102036,0.0,-0.0056200796,0.11176113317970017,-0.8152733272627425,-9.85468,,0.7543791709995192,
NK/Cytotoxic T cells,NK/Cytotoxic T cells,CCL4,CCR5,0.09578644,0.0,-0.013084136,0.0957936224671243,0.2708357985704043,37.710316,,0.01712998211946235,
NK/Cytotoxic T cells,NK/Cytotoxic T cells,CCL4,CNR2,0.10038526,0.0,-0.010830882,0.10337083793605507,-0.03928580902285572,90.02946,,0.027491307133210432,
NK/Cytotoxic T cells,NK/Cytotoxic T cells,CCL5,ACKR1,0.18929356,0.0,-0.01628476,0.19027311005441608,0.21134171969586618,0.74964756,,0.020995740630166435,
NK/Cytotoxic T cells,NK/Cytotoxic T cells,CCL5,CCR3,0.19732189,0.0,-0.009579738,0.19805611756043107,-0.8435973936209351,-0.44672343,,0.7543791709995192,
NK/Cytotoxic T cells,NK/Cytotoxic T cells,CCL5,CCR5,0.18208799,0.0,-0.022302635,0.18208860684785522,0.24251173221221162,1.7094499,,0.018926935418413116,
NK/Cytotoxic T cells,NK/Cytotoxic T cells,CCL5,CXCR3,0.20542435,0.0,-0.002812813,0.2054258381098415,0.3248631600409894,-0.22335011,,0.18293140724934656,
NK/Cytotoxic T cells,NK/Cytotoxic T cells,CCL7,ACKR1,-0.038174607,1.0,0.0014566233,-0.03901432087332367,-2.9279135041216895,-0.1633288,,1.0,
NK/Cytotoxic T cells,NK/Cytotoxic T cells,CCL7,CCR2,-0.024088308,0.995,0.00040432904,-0.025883250063102263,-2.5985481344112067,-0.06569385,,1.0,
NK/Cytotoxic T cells,NK/Cytotoxic T cells,CCL7,CCR3,-0.030146265,1.0,0.000856879,-0.03123131336730866,-3.982852617438491,0.097329475,,1.0,
NK/Cytotoxic T cells,NK/Cytotoxic T cells,CCL7,CCR5,-0.045380183,1.0,0.0019949044,-0.04719882407988452,-2.896743491605344,-0.3724449,,1.0,
NK/Cytotoxic T cells,NK/Cytotoxic T cells,CCL7,CXCR3,-0.022043806,0.988,0.00025159775,-0.02386159281789825,-2.814392063776566,0.048662208,,1.0,
NK/Cytotoxic T cells,NK/Cytotoxic T cells,CCL8,ACKR1,-0.04540959,1.0,0.002020916,-0.04578392082846061,-1.7325205465022595,-0.88742924,,1.0,
NK/Cytotoxic T cells,NK/Cytotoxic T cells,CCL8,CCR2,-0.031323295,0.999,0.0005609652,-0.03265285001823921,-1.4031551767917767,-0.3569404,,1.0,
NK/Cytotoxic T cells,NK/Cytotoxic T cells,CCL8,CCR3,-0.03738125,1.0,0.0011888321,-0.03800091332244561,-2.787459659819061,0.5288291,,1.0,
NK/Cytotoxic T cells,NK/Cytotoxic T cells,CCL8,CCR5,-0.052615166,1.0,0.002767726,-0.05396842403502147,-1.701350533985914,-2.0236387,,1.0,
NK/Cytotoxic T cells,NK/Cytotoxic T cells,CD14,RIPK1,-0.12465116,1.0,-0.0033202537,-0.12459096630379887,-0.84605299382704,-0.12975295,,1.0,
NK/Cytotoxic T cells,NK/Cytotoxic T cells,CD24,SIGLEC10,-0.121408105,1.0,0.014267424,-0.12155317021891107,-3.0115716223744915,0.25031355,,1.0,
NK/Cytotoxic T cells,NK/Cytotoxic T cells,CD40LG,CD40,-0.062238082,1.0,0.003402539,-0.062189149805322946,-0.6973193597794045,-0.1685005,,1.0,
NK/Cytotoxic T cells,NK/Cytotoxic T cells,CD40LG,CD9,-0.12039301,1.0,0.008117116,-0.12038021589636645,-0.8852934327279445,-0.1888002,,1.0,
NK/Cytotoxic T cells,NK/Cytotoxic T cells,COL1A1,CD36,-0.13996296,1.0,0.016904641,-0.1399503943674161,-1.8107958984700219,0.12906513,,1.0,
NK/Cytotoxic T cells,NK/Cytotoxic T cells,CP,SLC40A1,-0.0490968,1.0,0.0017615756,-0.0466663635943678,-1.3544148193580856,-0.06665521,,1.0,
NK/Cytotoxic T cells,NK/Cytotoxic T cells,CSF1,CELSR3,-0.06342973,1.0,0.0024010777,-0.05469059713796929,-1.0089754193827503,-0.44340432,,1.0,
NK/Cytotoxic T cells,NK/Cytotoxic T cells,CSF1,CSF3R,-0.1407958,1.0,0.01844787,-0.14090009434741468,-2.698520313536495,0.75647163,,1.0,
NK/Cytotoxic T cells,NK/Cytotoxic T cells,CSF1_IL34,CSF1R,-0.18448532,1.0,0.027509682,-0.18449094585749726,-2.0132388266098804,0.8181902,,1.0,
NK/Cytotoxic T cells,NK/Cytotoxic T cells,CSF2,CSF1R,-0.1383505,1.0,0.0030339004,-0.11936336088625621,-0.6344966065528264,-0.02900313,,1.0,
NK/Cytotoxic T cells,NK/Cytotoxic T cells,CSF2,CSF3R,-0.09466098,1.0,0.0020345203,-0.07577250937617364,-1.3197780934794405,-0.026815336,,1.0,
NK/Cytotoxic T cells,NK/Cytotoxic T cells,CXCL1,ACKR1,-0.034992494,1.0,0.0012084346,-0.03451555788772792,-1.7375785917158921,-0.14802143,,1.0,
NK/Cytotoxic T cells,NK/Cytotoxic T cells,CXCL1,CXCR1,-0.011998271,0.089,-0.0002166316,-0.0019531355368066737,-1.2794270926527813,-0.35777795,,1.0,
NK/Cytotoxic T cells,NK/Cytotoxic T cells,CXCL1,CXCR2,0.012198922,0.0,-0.0017162517,0.015327201063382645,-1.3473376647418258,0.17423728,,0.5213607075869804,
NK/Cytotoxic T cells,NK/Cytotoxic T cells,CXCL10,ACKR1,-0.051764544,1.0,0.0025165707,-0.05174105049494365,-1.6334681930882269,3.5687373,,0.726587442738146,
NK/Cytotoxic T cells,NK/Cytotoxic T cells,CXCL10,CCR3,-0.043736205,1.0,0.001480408,-0.04395804298892865,-2.6884073064050282,-2.1266508,,1.0,
NK/Cytotoxic T cells,NK/Cytotoxic T cells,CXCL10,CXCR3,-0.035633747,1.0,0.000434679,-0.03658832243951824,-1.5199467527431036,-1.0632701,,1.0,
NK/Cytotoxic T cells,NK/Cytotoxic T cells,CXCL11,ACKR1,-0.036355957,1.0,0.0013147779,-0.035932992736918135,-1.8841066155773718,-0.18716863,,1.0,
NK/Cytotoxic T cells,NK/Cytotoxic T cells,CXCL11,CCR3,-0.028327618,1.0,0.00077343645,-0.028149985230903132,-2.939045728894173,0.1115359,,1.0,
NK/Cytotoxic T cells,NK/Cytotoxic T cells,CXCL11,CCR5,-0.043561533,1.0,0.0018006413,-0.044117495943478996,-1.8529366030610264,-0.4268078,,1.0,
NK/Cytotoxic T cells,NK/Cytotoxic T cells,CXCL11,CXCR3,-0.02022516,0.965,0.00022709726,-0.020780264681492723,-1.7705851752322486,0.05576505,,1.0,
NK/Cytotoxic T cells,NK/Cytotoxic T cells,CXCL13,ACKR1,-0.04064411,1.0,0.0016492323,-0.036002185191762445,-0.6379649143524895,-0.15464053,,1.0,
NK/Cytotoxic T cells,NK/Cytotoxic T cells,CXCL13,CXCR3,-0.024513312,0.991,0.0002848665,-0.020849457136337027,-0.5244434740073662,0.046073623,,0.8032699877128014,
NK/Cytotoxic T cells,NK/Cytotoxic T cells,CXCL13,CXCR5,-0.064390376,1.0,0.003657725,-0.06067658026111055,-1.8324654226041162,-0.37419182,,1.0,
NK/Cytotoxic T cells,NK/Cytotoxic T cells,CXCL2,ACKR1,-0.08541635,1.0,0.0051412433,-0.08504657322218417,-2.6364713433867646,0.16860503,,1.0,
NK/Cytotoxic T cells,NK/Cytotoxic T cells,CXCL2,CXCR1,-0.06242212,1.0,-0.0009216517,-0.05248415087126293,-2.1783198443236538,0.40752992,,1.0,
NK/Cytotoxic T cells,NK/Cytotoxic T cells,CXCL2,CXCR2,-0.038224928,1.0,-0.0073017343,-0.03520381427107361,-2.2462304164126983,-0.1984664,,1.0,
NK/Cytotoxic T cells,NK/Cytotoxic T cells,CXCL8,ACKR1,-0.082623065,1.0,0.0049233814,-0.08246790251249299,-1.363843509814837,0.16003898,,1.0,
NK/Cytotoxic T cells,NK/Cytotoxic T cells,CXCL8,CD79A,-0.1649184,1.0,0.025702726,-0.16575038616677962,-2.101901253362459,0.32178715,,1.0,
NK/Cytotoxic T cells,NK/Cytotoxic T cells,CXCL8,CXCR1,-0.059628837,1.0,-0.0008825964,-0.049905480161571744,-0.9056920107517261,0.3868252,,1.0,
NK/Cytotoxic T cells,NK/Cytotoxic T cells,CXCL8,CXCR2,-0.035431646,1.0,-0.0069923205,-0.03262514356138242,-0.9736025828407706,-0.18838324,,1.0,
NK/Cytotoxic T cells,NK/Cytotoxic T cells,CXCL9,ACKR1,-0.04259994,1.0,0.0018017774,-0.04240978393668289,-1.599617059751471,-0.33254644,,1.0,
NK/Cytotoxic T cells,NK/Cytotoxic T cells,CXCL9,CCR3,-0.034571603,1.0,0.0010599208,-0.03462677643066788,-2.654556173068272,0.19816817,,1.0,
NK/Cytotoxic T cells,NK/Cytotoxic T cells,CXCL9,CXCR3,-0.026469141,0.997,0.0003112151,-0.027257055881257472,-1.4860956194063477,0.09907893,,1.0,
NK/Cytotoxic T cells,NK/Cytotoxic T cells,CXCL9,KIR2DL3,0.067672975,0.0,-0.008387963,0.06971819985209649,-0.2616006928431387,-2.587456,,0.7625789498468454,
NK/Cytotoxic T cells,NK/Cytotoxic T cells,FADD,TRAF2,0.015694335,0.001,0.00021907591,0.019011693643900544,0.7257197335422689,-2.35354,3.0795455,0.7818795875008355,
NK/Cytotoxic T cells,NK/Cytotoxic T cells,FASLG,TNFRSF10B,-0.0027657598,0.576,-0.009932377,-0.00024623327645037496,-0.27348546739280266,1.6267627,,0.36406646462082526,
NK/Cytotoxic T cells,NK/Cytotoxic T cells,FCER2,CR2,-0.067543834,1.0,0.003191516,-0.061632954974391495,-2.185357939732032,-0.293789,,1.0,
NK/Cytotoxic T cells,NK/Cytotoxic T cells,FN1,C5AR1,-0.21854153,1.0,0.047720652,-0.21854170906884834,-2.321740914039429,0.15320887,,1.0,
NK/Cytotoxic T cells,NK/Cytotoxic T cells,FN1,CD79A,-0.20791262,1.0,0.043208957,-0.20791813225114492,-2.115729081086965,0.38934553,,1.0,
NK/Cytotoxic T cells,NK/Cytotoxic T cells,FN1,ITGA2,-0.122707784,1.0,0.00704171,-0.1190253709073751,-1.959776616148473,-0.12612894,,1.0,
NK/Cytotoxic T cells,NK/Cytotoxic T cells,GAL,HLA-DPA1,-0.17584935,1.0,0.002812044,-0.17648354659379042,-1.5110203784599263,-0.089375935,,1.0,
NK/Cytotoxic T cells,NK/Cytotoxic T cells,GZMA,PARD3,0.1665041,0.0,-0.008486797,0.17057387777277136,-0.08448333883252873,-0.46775603,,0.5155215462106633,
NK/Cytotoxic T cells,NK/Cytotoxic T cells,HLA-DPA1,LAG3,-0.15199119,1.0,-0.013579102,-0.15190238869698142,-0.2975043468463884,0.46699247,,1.0,
NK/Cytotoxic T cells,NK/Cytotoxic T cells,HLA-DPB1,LAG3,-0.1415322,1.0,-0.012752212,-0.14144026309115865,-0.22119827190099273,0.4735178,,1.0,
NK/Cytotoxic T cells,NK/Cytotoxic T cells,HLA-DQA1,LAG3,-0.12299238,1.0,-0.011286448,-0.12290935256189425,-0.510500286941977,0.46742156,,1.0,
NK/Cytotoxic T cells,NK/Cytotoxic T cells,HLA-DQB1,LAG3,-0.14338753,1.0,-0.012898894,-0.1432885595004086,-0.3649062214383204,0.47070238,,1.0,
NK/Cytotoxic T cells,NK/Cytotoxic T cells,HLA-DRA,LAG3,-0.19235493,1.0,-0.016770272,-0.19225981102221723,-0.35803179746807046,0.5116051,,1.0,
NK/Cytotoxic T cells,NK/Cytotoxic T cells,HLA-DRB1,LAG3,-0.1545317,1.0,-0.013779956,-0.15446060776470075,-0.41207300810397673,0.46720687,,1.0,
NK/Cytotoxic T cells,NK/Cytotoxic T cells,HLA-DRB5,LAG3,-0.09144086,1.0,-0.008791974,-0.09135279779940819,-0.7364454241704821,0.43218583,,1.0,
NK/Cytotoxic T cells,NK/Cytotoxic T cells,IL10,CD70,-0.026743334,0.993,-0.0008579642,-0.012852868113691358,0.16054907021116716,0.06294339,,0.8266703516697264,
NK/Cytotoxic T cells,NK/Cytotoxic T cells,IL1B,ADRB2,-0.025146687,1.0,-0.006402622,-0.02505688348381031,-1.409531164828634,-0.56993556,,1.0,
NK/Cytotoxic T cells,NK/Cytotoxic T cells,IL1B,IL1R2_IL1RAP,-0.10053767,1.0,0.010035848,-0.10116439768485294,-3.1027250385664242,0.16169855,,1.0,
NK/Cytotoxic T cells,NK/Cytotoxic T cells,IL4,IL21R,0.030929197,0.0,-0.0010743462,0.03864913146874564,0.4989973789078537,-2.0074308,,0.2738003579497374,
NK/Cytotoxic T cells,NK/Cytotoxic T cells,IL6,FCGR3B,-0.050773185,1.0,0.0025754247,-0.048108916046248576,-2.2885504012146827,-0.1648666,,1.0,
NK/Cytotoxic T cells,NK/Cytotoxic T cells,L1CAM,CD9,-0.11489453,1.0,0.0059149596,-0.1063140547277135,-0.875286381000066,-0.11166208,,1.0,
NK/Cytotoxic T cells,NK/Cytotoxic T cells,L1CAM,ERBB2,0.021245323,0.0,-0.002127549,0.04232216499011303,0.770964139953052,-0.27542925,,0.24957391098760445,
NK/Cytotoxic T cells,NK/Cytotoxic T cells,LGALS3,LAG3,-0.07477154,1.0,-0.0074740928,-0.07468466779895838,-0.16374508431780305,0.4693525,,1.0,
NK/Cytotoxic T cells,NK/Cytotoxic T cells,LTF,IGDCC4,-0.025854051,1.0,0.000486291,-0.019179893882495292,-0.612963113702554,0.64692783,,1.0,
NK/Cytotoxic T cells,NK/Cytotoxic T cells,LTF,IL1RL1,-0.062202886,1.0,0.0033469452,-0.05888340441041233,-1.8518204253560493,46.598038,,0.07865528966149432,
NK/Cytotoxic T cells,NK/Cytotoxic T cells,NTNG2,LRRC4,-0.03146259,0.996,0.00095309125,-0.022391915766895015,-1.084981036557738,0.13615711,,0.8906193971992561,
NK/Cytotoxic T cells,NK/Cytotoxic T cells,PNOC,OPRL1,-0.055977352,1.0,0.0029127907,-0.052215157477656794,-1.932053894978233,-1.623162,,1.0,
NK/Cytotoxic T cells,NK/Cytotoxic T cells,PSAP,CD1B,-0.1478491,1.0,0.011319857,-0.14930585306120847,-2.4986967917138774,-0.17284127,,1.0,
NK/Cytotoxic T cells,NK/Cytotoxic T cells,S100A12,CD36,-0.13437618,1.0,0.01476178,-0.13416587346587971,-2.2689514390345367,0.17706393,,1.0,
NK/Cytotoxic T cells,NK/Cytotoxic T cells,S100A8,CD36,-0.169216,1.0,0.028124928,-0.16920964840528582,-2.564466340574116,0.1335795,,1.0,
NK/Cytotoxic T cells,NK/Cytotoxic T cells,S100A8,CD68,-0.22764394,1.0,0.045262095,-0.22763962430448387,-2.1301495453830164,0.12827465,,1.0,
NK/Cytotoxic T cells,NK/Cytotoxic T cells,S100A9,CD36,-0.18941182,1.0,0.03587123,-0.1894152403491995,-2.4460593927197634,0.13922514,,1.0,
NK/Cytotoxic T cells,NK/Cytotoxic T cells,S100A9,CD68,-0.24783975,1.0,0.057728395,-0.2478452162483975,-2.011742597528664,0.13369611,,1.0,
NK/Cytotoxic T cells,NK/Cytotoxic T cells,SAA1,CD36,-0.118284464,1.0,0.008589645,-0.11710145875519509,-2.608035767640218,-0.19770068,,1.0,
NK/Cytotoxic T cells,NK/Cytotoxic T cells,SAA1,FPR1,-0.12067536,1.0,0.0088038165,-0.11950925699184706,-2.5424197682949483,-0.16435912,,1.0,
NK/Cytotoxic T cells,NK/Cytotoxic T cells,SCGB3A1,MARCO,-0.098728284,1.0,0.005840079,-0.093322593455408,-2.8809486908048902,-0.16073224,,1.0,
NK/Cytotoxic T cells,NK/Cytotoxic T cells,SCGB3A1,NOTCH3,-0.036395222,1.0,0.0013245819,-0.02545989827585267,-0.8636361978624238,0.2594146,,1.0,
NK/Cytotoxic T cells,NK/Cytotoxic T cells,SORBS1,ITGA1,0.0051694736,0.004,-0.0012398907,0.0050305369973983795,-1.4025200933608175,-0.33139625,,1.0,
NK/Cytotoxic T cells,NK/Cytotoxic T cells,THBS1,CD36,-0.13548817,1.0,0.01518829,-0.13530470368426012,-2.3359558904629694,0.119734496,,1.0,
NK/Cytotoxic T cells,NK/Cytotoxic T cells,TNF,FFAR2,-0.0069786105,0.358,-0.0031832121,-0.006914097880588579,-0.5441637428942854,-2.9607525,,1.0,
NK/Cytotoxic T cells,NK/Cytotoxic T cells,TNF,ICOS,0.0053220447,0.224,-0.0019563127,0.005806794068204075,0.1574835307289515,1.6991137,,0.27117293845891965,
NK/Cytotoxic T cells,NK/Cytotoxic T cells,TNF,NOTCH1,0.077850595,0.0,0.005277875,0.07833054625522165,0.9727964000403253,3.250909,1.1595254,0.007070387620923245,
NK/Cytotoxic T cells,NK/Cytotoxic T cells,TNF,TRAF2,0.030173404,0.0,0.00052242697,0.031969428679932056,0.8772314595164499,-1.686182,1.7771039,0.32307038006699074,
NK/Cytotoxic T cells,NK/Cytotoxic T cells,TNFSF4,TNFRSF4,0.020781796,0.0,-0.0010103162,0.033129976544357204,0.49388622423075157,-0.16313449,,0.3154693527083348,
NK/Cytotoxic T cells,NK/Cytotoxic T cells,TNFSF4,TRAF2,-0.0033595003,0.088,-0.00018012103,0.008825997550653336,0.4495662100852682,-0.1261806,,0.7942147023876891,
NK/Cytotoxic T cells,NK/Cytotoxic T cells,TNFSF9,ADGRG5,0.05071874,0.0,0.0022612524,0.05451800428305316,1.1175854598097867,-6.05811,1.2661215,0.17309060007578436,
NK/Cytotoxic T cells,NK/Cytotoxic T cells,TNFSF9,HLA-DPA1,-0.15521646,1.0,-0.011363267,-0.15450756053543246,-0.1015631346595608,-0.52353674,,1.0,
NK/Cytotoxic T cells,NK/Cytotoxic T cells,TNFSF9,TNFRSF9,0.015258737,0.0,-8.475509e-05,0.02136777276721636,0.7047258871187831,0.03403204,,0.17568884502854296,
NK/Cytotoxic T cells,NK/Cytotoxic T cells,TNFSF9,TRAF2,0.021777565,0.0,0.0003465257,0.023800581289994904,0.8613587880458282,-1.1601696,2.1594644,0.39195443671331653,
NK/Cytotoxic T cells,T cells (naive/memory),ADCYAP1,ADRB2,-0.0661704,1.0,0.0041675367,-0.06568195241250083,-1.7545966038934875,-1.0542346,,1.0,
NK/Cytotoxic T cells,T cells (naive/memory),ADCYAP1,VIPR2,-0.03687919,1.0,0.0011420432,-0.0280085383347454,-1.2398080039964725,0.08612853,,1.0,
NK/Cytotoxic T cells,T cells (naive/memory),ADM,ADRB2,-0.09127138,1.0,0.00821862,-0.09178324789639711,-1.8329768036634468,0.8553662,,1.0,
NK/Cytotoxic T cells,T cells (naive/memory),ADM,RAMP1,-0.08206905,1.0,0.006344159,-0.08248372565174025,-2.2992073755688307,-0.25697616,,1.0,
NK/Cytotoxic T cells,T cells (naive/memory),APOE,LRP8,-0.14365613,1.0,0.011692446,-0.14045828091531812,-1.6219064763214186,-0.24336495,,1.0,
NK/Cytotoxic T cells,T cells (naive/memory),BTLA,CD247,-0.06571143,1.0,0.0002107173,-0.06514030083956752,-0.08774205456774492,0.27583233,,1.0,
NK/Cytotoxic T cells,T cells (naive/memory),BTLA,CD79A,0.32321492,0.0,-0.0010520539,0.32380943534558543,1.150170879672348,1.1005516,,0.007070387620923245,
NK/Cytotoxic T cells,T cells (naive/memory),C3,C5AR2,-0.122622535,1.0,0.013913926,-0.12324377604380543,-2.5970002135807686,0.13625544,,1.0,
NK/Cytotoxic T cells,T cells (naive/memory),C3,CR2,-0.026807044,0.998,-0.01600431,-0.0009047806610984616,-0.7036536395964219,0.5177441,,0.9619890792881178,
NK/Cytotoxic T cells,T cells (naive/memory),CCL13,ACKR1,-0.05806876,1.0,0.0022819082,-0.060036745205240154,-3.2836004113709967,-0.2914834,,1.0,
NK/Cytotoxic T cells,T cells (naive/memory),CCL13,CCR2,-0.023016253,0.975,0.00052560156,-0.02481147744780774,-2.113402849090384,-0.09728516,,1.0,
NK/Cytotoxic T cells,T cells (naive/memory),CCL13,CCR3,-0.019957194,0.903,0.00037232737,-0.009520101457240873,-1.961274181495918,0.048178133,,1.0,
NK/Cytotoxic T cells,T cells (naive/memory),CCL13,CCR5,-0.086077124,1.0,0.0036852676,-0.08789096232072477,-2.747416146033382,-0.783807,,1.0,
NK/Cytotoxic T cells,T cells (naive/memory),CCL13,CXCR3,-0.033423737,1.0,0.0010470686,-0.03523528577492681,-2.3160819695923873,0.23070677,,1.0,
NK/Cytotoxic T cells,T cells (naive/memory),CCL17,ACKR1,-0.061052274,1.0,0.0028254148,-0.06028388350264109,-2.121309564611942,-0.28728738,,1.0,
NK/Cytotoxic T cells,T cells (naive/memory),CCL18,ACKR1,-0.097540766,1.0,0.009472525,-0.09910370039325472,-2.696484082497997,0.35707054,,1.0,
NK/Cytotoxic T cells,T cells (naive/memory),CCL18,CCR3,-0.059429206,1.0,0.0015455838,-0.04858705664525544,-1.3741578526229186,-0.059018772,,1.0,
NK/Cytotoxic T cells,T cells (naive/memory),CCL19,CCR7,0.055979494,0.0,-0.003325318,0.060088876773477864,-0.3936408889421741,-0.24259245,,0.9010047329567654,
NK/Cytotoxic T cells,T cells (naive/memory),CCL19,CXCR3,-0.033091754,1.0,0.0010193182,-0.028984678606435766,-0.6907823007392295,0.16667588,,1.0,
NK/Cytotoxic T cells,T cells (naive/memory),CCL2,ACKR1,-0.08737736,1.0,0.007621057,-0.08832106995899344,-2.2471203067041428,0.51461565,,1.0,
NK/Cytotoxic T cells,T cells (naive/memory),CCL2,CCR2,-0.052324854,1.0,0.0017553903,-0.05309580220156102,-1.07692274442353,0.17175753,,1.0,
NK/Cytotoxic T cells,T cells (naive/memory),CCL2,CCR3,-0.0492658,1.0,0.0012434892,-0.037804426210994155,-0.9247940768290641,-0.085058786,,1.0,
NK/Cytotoxic T cells,T cells (naive/memory),CCL2,CCR5,-0.115385726,1.0,0.01230796,-0.11617528707447805,-1.7109360413665282,1.3838159,,1.0,
NK/Cytotoxic T cells,T cells (naive/memory),CCL20,CCR6,0.035226855,0.0,-0.003032646,0.041683905067594916,0.1823761590149986,3.068623,,0.023447884043820595,
NK/Cytotoxic T cells,T cells (naive/memory),CCL20,CXCR3,-0.035970353,1.0,0.0012599403,-0.0295142607769431,-0.22473017881146418,0.35964558,,1.0,
NK/Cytotoxic T cells,T cells (naive/memory),CCL21,CCR7,0.04794931,0.0,-0.0055151093,0.04899436300225905,-0.007489573905754332,0.34137836,,0.04530453512464284,
NK/Cytotoxic T cells,T cells (naive/memory),CCL21,CXCR3,-0.041121937,1.0,0.0016905606,-0.040079192377654574,-0.3046309857028098,-0.23454787,,1.0,
NK/Cytotoxic T cells,T cells (naive/memory),CCL3,CCR3,0.0010277242,0.026,-0.00025142328,0.013279081546519595,0.6365214473798417,0.008566757,,0.2344422953044704,
NK/Cytotoxic T cells,T cells (naive/memory),CCL3,CCR5,-0.0650922,1.0,-0.0024885682,-0.0650917793169643,-0.14962051715762237,-0.13937202,,1.0,
NK/Cytotoxic T cells,T cells (naive/memory),CCL4,CCR3,0.11505983,0.0,-0.003640886,0.12731917226731382,0.6349058794022858,-6.384209,,0.11671841500024098,
NK/Cytotoxic T cells,T cells (naive/memory),CCL4,CCR5,0.048939906,0.0,-0.03603721,0.04894831140382992,-0.15123608513517828,103.864296,,0.024062666751916654,
NK/Cytotoxic T cells,T cells (naive/memory),CCL4,CNR2,0.21840784,0.0,0.046995826,0.24223081725798018,1.5784019367975275,-390.64307,1.0483335,0.11671841500024098,
NK/Cytotoxic T cells,T cells (naive/memory),CCL5,ACKR1,0.1632498,0.0,-0.0380357,0.16309751290004543,-0.7157444168309854,1.7509236,,0.11671841500024098,
NK/Cytotoxic T cells,T cells (naive/memory),CCL5,CCR3,0.20136137,0.0,-0.006206092,0.2136141566480447,0.6065818130440932,-0.2894032,,0.11671841500024098,
NK/Cytotoxic T cells,T cells (naive/memory),CCL5,CCR5,0.13524145,0.0,-0.061427422,0.13524329578456082,-0.17956015149337096,4.7082825,,0.08908014225345302,
NK/Cytotoxic T cells,T cells (naive/memory),CCL5,CXCR3,0.18789484,0.0,-0.017452933,0.1878989723303588,0.2517740249476241,-1.385842,,0.22874394352358285,
NK/Cytotoxic T cells,T cells (naive/memory),CCL7,ACKR1,-0.06421836,1.0,0.00340218,-0.0661899180276943,-3.854999640648541,-0.38148093,,1.0,
NK/Cytotoxic T cells,T cells (naive/memory),CCL7,CCR2,-0.02916585,0.998,0.00078363856,-0.030964650270261886,-2.6848020783679285,-0.12732263,,1.0,
NK/Cytotoxic T cells,T cells (naive/memory),CCL7,CCR3,-0.02610679,0.995,0.00055511645,-0.015673274279695018,-2.5326734107734623,0.06305347,,1.0,
NK/Cytotoxic T cells,T cells (naive/memory),CCL7,CCR5,-0.092226714,1.0,0.0054945,-0.09404413514317891,-3.3188153753109266,-1.0258129,,1.0,
NK/Cytotoxic T cells,T cells (naive/memory),CCL7,CXCR3,-0.03957333,1.0,0.0015611128,-0.04138845859738095,-2.8874811988699314,0.3019391,,1.0,
NK/Cytotoxic T cells,T cells (naive/memory),CCL8,ACKR1,-0.07145334,1.0,0.0047201775,-0.07295951798283125,-2.659606683029111,-2.072735,,1.0,
NK/Cytotoxic T cells,T cells (naive/memory),CCL8,CCR2,-0.036400832,1.0,0.0010872185,-0.037734250225398835,-1.4894091207484985,-0.6917937,,1.0,
NK/Cytotoxic T cells,T cells (naive/memory),CCL8,CCR3,-0.033341777,1.0,0.0007701674,-0.022442874234831968,-1.3372804531540325,0.34259415,,1.0,
NK/Cytotoxic T cells,T cells (naive/memory),CCL8,CCR5,-0.099461704,1.0,0.0076230573,-0.10081373509831586,-2.1234224176914966,-5.5736427,,1.0,
NK/Cytotoxic T cells,T cells (naive/memory),CD14,RIPK1,-0.14920947,1.0,0.009547133,-0.1491738418356244,-1.699384553655432,0.3730946,,1.0,
NK/Cytotoxic T cells,T cells (naive/memory),CD24,SIGLEC10,-0.07886733,1.0,0.005787266,-0.07881965418677997,-1.5048897318106185,0.101534165,,1.0,
NK/Cytotoxic T cells,T cells (naive/memory),CD40LG,CD40,0.061937988,0.0,-0.006664323,0.06331345374144963,0.8090580386711486,0.33003053,,0.012499726413000883,
NK/Cytotoxic T cells,T cells (naive/memory),CD40LG,CD9,-0.1413562,1.0,0.009816587,-0.14135334715781595,-1.0019873147216174,-0.22832908,,1.0,
NK/Cytotoxic T cells,T cells (naive/memory),COL1A1,CD36,-0.14366844,1.0,0.01755789,-0.14365966005966954,-1.8533991712368425,0.1340526,,1.0,
NK/Cytotoxic T cells,T cells (naive/memory),CP,SLC40A1,-0.07176454,1.0,0.002832531,-0.06933747728562224,-1.8368286575246295,-0.10717847,,1.0,
NK/Cytotoxic T cells,T cells (naive/memory),CSF1,CELSR3,-0.06401172,1.0,0.002521793,-0.05634870978630524,-1.0860731020823513,-0.4656967,,1.0,
NK/Cytotoxic T cells,T cells (naive/memory),CSF1,CSF3R,-0.14415559,1.0,0.01914474,-0.14427033471267797,-3.353033793013121,0.7850474,,1.0,
NK/Cytotoxic T cells,T cells (naive/memory),CSF1_IL34,CSF1R,-0.1893218,1.0,0.028512836,-0.18932387333973055,-2.051127312087419,0.8480259,,1.0,
NK/Cytotoxic T cells,T cells (naive/memory),CSF2,CSF1R,-0.14318699,1.0,0.0031445331,-0.1241962883684895,-0.6723850920303649,-0.030060744,,1.0,
NK/Cytotoxic T cells,T cells (naive/memory),CSF2,CSF3R,-0.098020785,1.0,0.0021113744,-0.07914274974143691,-1.9742915729560666,-0.027828287,,1.0,
NK/Cytotoxic T cells,T cells (naive/memory),CXCL1,ACKR1,-0.061036244,1.0,0.002822495,-0.06169115504209855,-2.6646647282427436,-0.3457281,,1.0,
NK/Cytotoxic T cells,T cells (naive/memory),CXCL1,CXCR1,-0.047287304,1.0,0.001970405,-0.046691630343986754,-2.694369853383999,3.2542226,,0.7620152571790235,
NK/Cytotoxic T cells,T cells (naive/memory),CXCL1,CXCR2,-0.069226846,1.0,0.0033301073,-0.07024795934764391,-3.5841570780886647,-0.3380791,,1.0,
NK/Cytotoxic T cells,T cells (naive/memory),CXCL10,ACKR1,-0.07780829,1.0,0.0058778594,-0.07891664764931429,-2.5605543296150786,8.335365,,0.3432341316616484,
NK/Cytotoxic T cells,T cells (naive/memory),CXCL10,CCR3,-0.03969673,1.0,0.0009590605,-0.02840000390131501,-1.23822809974,-1.3777195,,1.0,
NK/Cytotoxic T cells,T cells (naive/memory),CXCL10,CXCR3,-0.053163268,1.0,0.0026970948,-0.054115188219000944,-1.593035887836469,-6.597375,,1.0,
NK/Cytotoxic T cells,T cells (naive/memory),CXCL11,ACKR1,-0.062399708,1.0,0.003070877,-0.06310858989128877,-2.8111927521042235,-0.43716273,,1.0,
NK/Cytotoxic T cells,T cells (naive/memory),CXCL11,CCR3,-0.024288142,0.986,0.0005010594,-0.012591946143289493,-1.4888665222291448,0.07225689,,1.0,
NK/Cytotoxic T cells,T cells (naive/memory),CXCL11,CCR5,-0.09040807,1.0,0.0049594473,-0.0909628070067734,-2.275008486766609,-1.1755428,,1.0,
NK/Cytotoxic T cells,T cells (naive/memory),CXCL11,CXCR3,-0.037754685,1.0,0.0014090922,-0.038307130460975426,-1.843674310325614,0.34601077,,1.0,
NK/Cytotoxic T cells,T cells (naive/memory),CXCL13,ACKR1,-0.06668786,1.0,0.0038520498,-0.06317778234613308,-1.5650510508793412,-0.36118808,,1.0,
NK/Cytotoxic T cells,T cells (naive/memory),CXCL13,CXCR3,-0.042042837,1.0,0.0017675385,-0.03837632291581973,-0.5975326091007316,0.28587747,,1.0,
NK/Cytotoxic T cells,T cells (naive/memory),CXCL13,CXCR5,0.08468194,0.0,-0.008951023,0.0915848652155824,0.4217167797938406,0.91570574,,0.009604253304348916,
NK/Cytotoxic T cells,T cells (naive/memory),CXCL2,ACKR1,-0.11146009,1.0,0.012008209,-0.1122221703765548,-3.5635574799136163,0.39380443,,1.0,
NK/Cytotoxic T cells,T cells (naive/memory),CXCL2,CXCR1,-0.09771115,1.0,0.008383021,-0.097222645678443,-3.5932626050548717,-3.706749,,1.0,
NK/Cytotoxic T cells,T cells (naive/memory),CXCL2,CXCR2,-0.11965069,1.0,0.014167828,-0.12077897468210017,-4.483049829759537,0.38509178,,1.0,
NK/Cytotoxic T cells,T cells (naive/memory),CXCL8,ACKR1,-0.10866681,1.0,0.0114993565,-0.10964349966686363,-2.290929646341689,0.37379703,,1.0,
NK/Cytotoxic T cells,T cells (naive/memory),CXCL8,CD79A,0.26090232,0.0,-0.081815824,0.2601013329677655,-0.1893326935797599,-1.0242991,,0.6684643113696338,
NK/Cytotoxic T cells,T cells (naive/memory),CXCL8,CXCR1,-0.09491787,1.0,0.008027787,-0.09464397496875182,-2.3206347714829443,-3.518426,,1.0,
NK/Cytotoxic T cells,T cells (naive/memory),CXCL8,CXCR2,-0.11685741,1.0,0.013567461,-0.11820030397240897,-3.210421996187609,0.36552703,,1.0,
NK/Cytotoxic T cells,T cells (naive/memory),CXCL9,ACKR1,-0.06864369,1.0,0.0042083436,-0.06958538109105353,-2.526703196278323,-0.7767162,,1.0,
NK/Cytotoxic T cells,T cells (naive/memory),CXCL9,CCR3,-0.030532125,1.0,0.00068665406,-0.01906873734305424,-1.204376966403244,0.12838034,,1.0,
NK/Cytotoxic T cells,T cells (naive/memory),CXCL9,CXCR3,-0.043998666,1.0,0.0019310263,-0.044783921660740175,-1.559184754499713,0.61476463,,1.0,
NK/Cytotoxic T cells,T cells (naive/memory),CXCL9,KIR2DL3,-0.065131925,1.0,0.0038838398,-0.06584292893071643,-2.9923984478415484,1.1980577,,1.0,
NK/Cytotoxic T cells,T cells (naive/memory),FADD,TRAF2,-0.004521154,0.585,-0.00062646385,-0.0017426392444259073,0.1593370294120482,6.7301226,,0.36773368792120714,
NK/Cytotoxic T cells,T cells (naive/memory),FASLG,TNFRSF10B,0.041742504,0.0,-0.001303656,0.04461231105969097,0.6694500515815744,0.21351777,,0.025481587864799825,
NK/Cytotoxic T cells,T cells (naive/memory),FCER2,CR2,-0.0010280274,0.108,-0.010719091,0.024697534868348858,-0.980607371483055,0.9867256,,0.6855095661091293,
NK/Cytotoxic T cells,T cells (naive/memory),FN1,C5AR1,-0.22964743,1.0,0.05243482,-0.22963920382246766,-2.7433659553602734,0.16834387,,1.0,
NK/Cytotoxic T cells,T cells (naive/memory),FN1,CD79A,0.21790808,0.0,-0.1375409,0.2179335868834002,-0.2031605213042662,-1.2393479,,0.6877422702076923,
NK/Cytotoxic T cells,T cells (naive/memory),FN1,ITGA2,-0.11692634,1.0,0.0045876354,-0.1053095470005331,-1.1798777345509899,-0.08217232,,1.0,
NK/Cytotoxic T cells,T cells (naive/memory),GAL,HLA-DPA1,-0.019815078,0.991,0.00025740528,-0.02045399623140682,-1.0174666375512216,-0.00818118,,0.8032699877128014,
NK/Cytotoxic T cells,T cells (naive/memory),GZMA,PARD3,0.16650352,0.0,-0.008487217,0.1705686803768898,-0.041753192242054815,-0.46777916,,0.4599052870575321,
NK/Cytotoxic T cells,T cells (naive/memory),HLA-DPA1,LAG3,-0.19724965,1.0,0.017514592,-0.1972173608548895,-0.9881617987995418,-0.60233605,,1.0,
NK/Cytotoxic T cells,T cells (naive/memory),HLA-DPB1,LAG3,-0.18679066,1.0,0.016448053,-0.18675523524906673,-0.9118557238541461,-0.6107526,,1.0,
NK/Cytotoxic T cells,T cells (naive/memory),HLA-DQA1,LAG3,-0.16825084,1.0,0.014557482,-0.16822432471980234,-1.2011577388951304,-0.6028895,,1.0,
NK/Cytotoxic T cells,T cells (naive/memory),HLA-DQB1,LAG3,-0.18864599,1.0,0.016637247,-0.1886035316583167,-1.055563673391474,-0.60712117,,1.0,
NK/Cytotoxic T cells,T cells (naive/memory),HLA-DRA,LAG3,-0.2376134,1.0,0.021630626,-0.23757478318012532,-1.0486892494212239,-0.65987825,,1.0,
NK/Cytotoxic T cells,T cells (naive/memory),HLA-DRB1,LAG3,-0.19979016,1.0,0.017773658,-0.19977557992260883,-1.1027304600571302,-0.60261256,,1.0,
NK/Cytotoxic T cells,T cells (naive/memory),HLA-DRB5,LAG3,-0.1366993,1.0,0.01134006,-0.13666776995731628,-1.4271028761236355,-0.5574418,,1.0,
NK/Cytotoxic T cells,T cells (naive/memory),IL10,CD70,-0.046169326,1.0,0.0017220618,-0.03846616800965732,-0.3315350864635649,-0.12633675,,1.0,
NK/Cytotoxic T cells,T cells (naive/memory),IL1B,ADRB2,-0.09485859,1.0,0.0087975655,-0.09500166759324724,-2.5769892226256976,0.78312373,,1.0,
NK/Cytotoxic T cells,T cells (naive/memory),IL1B,IL1R2_IL1RAP,-0.10756371,1.0,0.011567827,-0.1088209315908758,-3.865945450098475,0.18638194,,1.0,
NK/Cytotoxic T cells,T cells (naive/memory),IL4,IL21R,-0.011638766,0.726,0.00012921973,-0.004109649409405597,-0.08116111771379941,0.24144885,,0.4236750247373183,
NK/Cytotoxic T cells,T cells (naive/memory),IL6,FCGR3B,-0.07679909,1.0,0.0051360987,-0.07667843644168135,-3.821595195104834,-0.3287889,,1.0,
NK/Cytotoxic T cells,T cells (naive/memory),L1CAM,CD9,-0.13585773,1.0,0.007153368,-0.12728718598916303,-0.991980262993739,-0.13504064,,1.0,
NK/Cytotoxic T cells,T cells (naive/memory),L1CAM,ERBB2,-0.02269666,0.826,0.00046833899,-0.008952093872493353,-0.08490590361381178,0.060630456,,0.47855200705924655,
NK/Cytotoxic T cells,T cells (naive/memory),LGALS3,LAG3,-0.12002999,1.0,0.009640232,-0.11999963995686647,-0.8544025362709564,-0.6053801,,1.0,
NK/Cytotoxic T cells,T cells (naive/memory),LTF,IGDCC4,-0.026431195,1.0,0.00053171214,-0.023239998182399014,-1.5339991521103165,0.70735294,,1.0,
NK/Cytotoxic T cells,T cells (naive/memory),LTF,IL1RL1,-0.069643945,1.0,0.0039325566,-0.06715518112992339,-3.853935195162012,54.751247,,0.07186214320545284,
NK/Cytotoxic T cells,T cells (naive/memory),NTNG2,LRRC4,-0.030307546,0.986,0.00089442416,-0.01979840195253617,-0.7423431001618512,0.12777601,,0.7566974598851598,
NK/Cytotoxic T cells,T cells (naive/memory),PNOC,OPRL1,-0.05945985,1.0,0.0034061386,-0.05789137339508991,-2.2395684908426046,-1.8980817,,1.0,
NK/Cytotoxic T cells,T cells (naive/memory),PSAP,CD1B,-0.14842674,1.0,0.011609264,-0.1504730175205281,-3.360671863709129,-0.17726018,,1.0,
NK/Cytotoxic T cells,T cells (naive/memory),S100A12,CD36,-0.13808167,1.0,0.015332222,-0.13787513915813315,-2.3115547118013575,0.18390623,,1.0,
NK/Cytotoxic T cells,T cells (naive/memory),S100A8,CD36,-0.17292148,1.0,0.029211763,-0.17291891409753926,-2.607069613340937,0.13874142,,1.0,
NK/Cytotoxic T cells,T cells (naive/memory),S100A8,CD68,-0.23042868,1.0,0.046078872,-0.2304285485011883,-2.1078799605083125,0.13058944,,1.0,
NK/Cytotoxic T cells,T cells (naive/memory),S100A9,CD36,-0.1931173,1.0,0.037257407,-0.19312450604145293,-2.4886626654865838,0.14460525,,1.0,
NK/Cytotoxic T cells,T cells (naive/memory),S100A9,CD68,-0.2506245,1.0,0.058770135,-0.25063414044510196,-1.9894730126539595,0.13610873,,1.0,
NK/Cytotoxic T cells,T cells (naive/memory),SAA1,CD36,-0.12198995,1.0,0.008921576,-0.12081072444744853,-2.6506390404070386,-0.20534046,,1.0,
NK/Cytotoxic T cells,T cells (naive/memory),SAA1,FPR1,-0.12712294,1.0,0.009381378,-0.12594263743525166,-3.4208457421279,-0.17514166,,1.0,
NK/Cytotoxic T cells,T cells (naive/memory),SCGB3A1,MARCO,-0.10100569,1.0,0.006005057,-0.09560004423477579,-3.0181810233001305,-0.16527282,,1.0,
NK/Cytotoxic T cells,T cells (naive/memory),SCGB3A1,NOTCH3,-0.042577274,1.0,0.0017724185,-0.0351140343504105,-1.2754738248698518,0.3471218,,1.0,
NK/Cytotoxic T cells,T cells (naive/memory),SORBS1,ITGA1,-0.051951475,1.0,0.0022353535,-0.05209017199619764,-1.8653929650461292,0.5974622,,1.0,
NK/Cytotoxic T cells,T cells (naive/memory),THBS1,CD36,-0.13919365,1.0,0.015775213,-0.13901396937651356,-2.3785591632297898,0.12436142,,1.0,
NK/Cytotoxic T cells,T cells (naive/memory),TNF,FFAR2,-0.0087270755,0.494,-0.0033576086,-0.009360169629169978,-0.7666253720202629,-3.1229613,,1.0,
NK/Cytotoxic T cells,T cells (naive/memory),TNF,ICOS,0.014221948,0.063,-0.001068613,0.014707452850206882,0.47049296240744054,0.92812103,,0.20455558245146993,
NK/Cytotoxic T cells,T cells (naive/memory),TNF,NOTCH1,0.0067995377,0.203,-0.0018089436,0.0072762425617831986,0.4160628273643885,-1.1142195,,1.0,
NK/Cytotoxic T cells,T cells (naive/memory),TNF,TRAF2,0.009957916,0.087,-0.0014939187,0.011215095791605607,0.31084875538622914,4.821763,,0.21667057809572904,
NK/Cytotoxic T cells,T cells (naive/memory),TNFSF4,TNFRSF4,-0.0412586,1.0,0.0011231912,-0.03015305300555625,-0.5412491181266699,0.18136027,,1.0,
NK/Cytotoxic T cells,T cells (naive/memory),TNFSF4,TRAF2,-0.02357499,0.953,0.00051506946,-0.011928335337673115,-0.11681649404495253,0.36082283,,0.613790296798441,
NK/Cytotoxic T cells,T cells (naive/memory),TNFSF9,ADGRG5,0.0014495673,0.347,-0.0009983595,0.003303205797169296,0.3577535365130551,2.6747,,0.30199067446725697,
NK/Cytotoxic T cells,T cells (naive/memory),TNFSF9,HLA-DPA1,0.00081780925,0.434,-0.0010401561,0.0015219898269511443,0.3919906062491441,-0.047922835,,0.4563548656022716,
NK/Cytotoxic T cells,T cells (naive/memory),TNFSF9,TNFRSF9,-0.010827383,0.745,-0.0018105934,-0.008389039550213761,0.13529900569478848,0.7270146,,0.4369268140375912,
NK/Cytotoxic T cells,T cells (naive/memory),TNFSF9,TRAF2,0.0015620766,0.326,-0.0009909159,0.003046248401668455,0.2949760839156075,3.3175914,,0.2947529826303476,
NK/Cytotoxic T cells,T cells (resting),ADCYAP1,ADRB2,-0.06417227,1.0,0.0039611496,-0.06367573244707879,-1.4024651781811777,-1.0020261,,1.0,
NK/Cytotoxic T cells,T cells (resting),ADCYAP1,VIPR2,-0.037654724,1.0,0.0012221482,-0.03034117896344356,-1.4244722720006684,0.092169754,,1.0,
NK/Cytotoxic T cells,T cells (resting),ADM,ADRB2,-0.089273244,1.0,0.007811612,-0.08977702793097507,-1.480845377951137,0.81300616,,1.0,
NK/Cytotoxic T cells,T cells (resting),ADM,RAMP1,-0.08228409,1.0,0.0063879625,-0.08280194932500975,-2.5589938392403986,-0.25875044,,1.0,
NK/Cytotoxic T cells,T cells (resting),APOE,LRP8,-0.14271982,1.0,0.0112463245,-0.13917048470897567,-1.6580555857588675,-0.23407942,,1.0,
NK/Cytotoxic T cells,T cells (resting),BTLA,CD247,-0.020666173,1.0,6.4463755e-05,-0.020093052883330374,0.046708198947918,0.08438409,,1.0,
NK/Cytotoxic T cells,T cells (resting),BTLA,CD79A,-0.042507082,1.0,0.00013537711,-0.041934156088875275,-0.13561013676175082,-0.14161775,,1.0,
NK/Cytotoxic T cells,T cells (resting),C3,C5AR2,-0.12459839,1.0,0.014530882,-0.12545853269295507,-2.8984370919923377,0.14229715,,1.0,
NK/Cytotoxic T cells,T cells (resting),C3,CR2,-0.091422245,1.0,0.0041716825,-0.08476881824989417,-1.8124144403900198,-0.13495515,,1.0,
NK/Cytotoxic T cells,T cells (resting),CCL13,ACKR1,-0.057491396,1.0,0.0022529792,-0.05943734065687013,-2.9467771585619027,-0.2877881,,1.0,
NK/Cytotoxic T cells,T cells (resting),CCL13,CCR2,-0.03254184,1.0,0.0010028814,-0.03433748602181594,-2.2474866195810907,-0.18562631,,1.0,
NK/Cytotoxic T cells,T cells (resting),CCL13,CCR3,-0.024149284,1.0,0.000582372,-0.025657824609261904,-3.62274000699307,0.07535733,,1.0,
NK/Cytotoxic T cells,T cells (resting),CCL13,CCR5,-0.038182184,1.0,0.0012854908,-0.03999376705723048,-2.2016716827497627,-0.27340665,,1.0,
NK/Cytotoxic T cells,T cells (resting),CCL13,CXCR3,-0.008169077,0.433,-0.0002183165,-0.009980745622979348,-1.8597187574334415,-0.048102956,,1.0,
NK/Cytotoxic T cells,T cells (resting),CCL17,ACKR1,-0.06047491,1.0,0.0027895956,-0.05968447895427107,-1.784486311802848,-0.2836453,,1.0,
NK/Cytotoxic T cells,T cells (resting),CCL18,ACKR1,-0.096963406,1.0,0.009352437,-0.09850429584488471,-2.3596608296889032,0.35254377,,1.0,
NK/Cytotoxic T cells,T cells (resting),CCL18,CCR3,-0.06362129,1.0,0.0024175092,-0.06472477979727648,-3.0356236781200705,-0.09231361,,1.0,
NK/Cytotoxic T cells,T cells (resting),CCL19,CCR7,0.048572615,0.0,-0.002964032,0.05267887281033033,-0.33671348873327245,-0.2162355,,0.9015990762223701,
NK/Cytotoxic T cells,T cells (resting),CCL19,CXCR3,-0.007837094,0.306,-0.00021253049,-0.0037301384544883064,-0.23441908858028393,-0.03475235,,0.40646382194643915,
NK/Cytotoxic T cells,T cells (resting),CCL2,ACKR1,-0.086799994,1.0,0.007524441,-0.08772166541062341,-1.9102970538950488,0.5080916,,1.0,
NK/Cytotoxic T cells,T cells (resting),CCL2,CCR2,-0.061850443,1.0,0.003349397,-0.06262181077556922,-1.2110065149142368,0.32772434,,1.0,
NK/Cytotoxic T cells,T cells (resting),CCL2,CCR3,-0.053457886,1.0,0.0019449908,-0.05394214936301519,-2.586259902326216,-0.13304383,,1.0,
NK/Cytotoxic T cells,T cells (resting),CCL2,CCR5,-0.06749079,1.0,0.0042932485,-0.06827809181098377,-1.165191578082909,0.48270106,,1.0,
NK/Cytotoxic T cells,T cells (resting),CCL20,CCR6,-0.020162955,0.984,0.0003068886,-0.013707541354324148,-0.13156627185972236,-0.31052932,,1.0,
NK/Cytotoxic T cells,T cells (resting),CCL20,CXCR3,-0.010715695,0.642,-0.00026270078,-0.004259720624995641,0.23163303334748142,-0.07498703,,0.5721685195966074,
NK/Cytotoxic T cells,T cells (resting),CCL21,CCR7,0.04054243,0.0,-0.004915909,0.04158435903911152,0.0494378263031473,0.30428863,,0.03833130491798301,
NK/Cytotoxic T cells,T cells (resting),CCL21,CXCR3,-0.015867278,0.989,-0.00035248624,-0.01482465222570711,0.15173222645613582,0.048903834,,0.7797229606617206,
NK/Cytotoxic T cells,T cells (resting),CCL3,CCR3,-0.003164364,0.136,-0.00039326114,-0.0028586416055014358,-1.0249443781173102,0.013399606,,0.752040226185348,
NK/Cytotoxic T cells,T cells (resting),CCL3,CCR5,-0.017197266,0.995,-0.0008680595,-0.017194584053470012,0.3961239461259969,-0.04861559,,0.8665691107056317,
NK/Cytotoxic T cells,T cells (resting),CCL4,CCR3,0.110867746,0.0,-0.0056948545,0.11118144911529279,-1.0265599460948662,-9.985795,,0.7543791709995192,
NK/Cytotoxic T cells,T cells (resting),CCL4,CCR5,0.09683484,0.0,-0.012570458,0.09684550666732421,0.394508378148441,36.229824,,0.01073472927724586,
NK/Cytotoxic T cells,T cells (resting),CCL4,CNR2,0.10174966,0.0,-0.010162378,0.1049744560303039,-0.05589215923182056,84.472664,,0.030917729526203364,
NK/Cytotoxic T cells,T cells (resting),CCL5,ACKR1,0.16382718,0.0,-0.037553504,0.16369691744841547,-0.3789211640218915,1.7287261,,0.11671841500024098,
NK/Cytotoxic T cells,T cells (resting),CCL5,CCR3,0.19716929,0.0,-0.009707196,0.19747643349602367,-1.0548840124530587,-0.45266706,,0.7543791709995192,
NK/Cytotoxic T cells,T cells (resting),CCL5,CCR5,0.18313639,0.0,-0.021427043,0.1831404910480551,0.3661843117902483,1.6423377,,0.012139397677823079,
NK/Cytotoxic T cells,T cells (resting),CCL5,CXCR3,0.21314949,0.0,0.0036389814,0.21315351248230624,0.7081372371065697,0.2889516,1.1985914,0.01589590829978744,
NK/Cytotoxic T cells,T cells (resting),CCL7,ACKR1,-0.06364099,1.0,0.003359049,-0.06559051347932428,-3.518176387839447,-0.3766447,,1.0,
NK/Cytotoxic T cells,T cells (resting),CCL7,CCR2,-0.03869144,1.0,0.0014952326,-0.04049065884427008,-2.8188858488586352,-0.24293973,,1.0,
NK/Cytotoxic T cells,T cells (resting),CCL7,CCR3,-0.030298878,1.0,0.0008682797,-0.03181099743171605,-4.1941392362706145,0.09862444,,1.0,
NK/Cytotoxic T cells,T cells (resting),CCL7,CCR5,-0.04433178,1.0,0.0019165851,-0.04614693987968463,-2.7730709120273076,-0.35782287,,1.0,
NK/Cytotoxic T cells,T cells (resting),CCL7,CXCR3,-0.014318673,0.807,-0.00032549605,-0.016133918445433493,-2.4311179867109862,-0.06295508,,1.0,
NK/Cytotoxic T cells,T cells (resting),CCL8,ACKR1,-0.07087597,1.0,0.0046603377,-0.07236011343446122,-2.322783430220017,-2.046458,,1.0,
NK/Cytotoxic T cells,T cells (resting),CCL8,CCR2,-0.045926422,1.0,0.0020744824,-0.04726025879940703,-1.6234928912392053,-1.3199866,,1.0,
NK/Cytotoxic T cells,T cells (resting),CCL8,CCR3,-0.037533864,1.0,0.0012046495,-0.038580597386852995,-2.9987462786511845,0.5358651,,1.0,
NK/Cytotoxic T cells,T cells (resting),CCL8,CCR5,-0.051566765,1.0,0.0026590663,-0.05291653983482157,-1.5776779544078774,-1.9441916,,1.0,
NK/Cytotoxic T cells,T cells (resting),CD14,RIPK1,-0.14481135,1.0,0.0072427266,-0.14476953617971036,-1.0250254492463693,0.28304017,,1.0,
NK/Cytotoxic T cells,T cells (resting),CD24,SIGLEC10,-0.12008746,1.0,0.014004164,-0.12021659741681762,-2.5856578819111737,0.2456948,,1.0,
NK/Cytotoxic T cells,T cells (resting),CD40LG,CD40,-0.06397066,1.0,0.003542998,-0.06394748644658597,-0.39658339732898384,-0.17545632,,1.0,
NK/Cytotoxic T cells,T cells (resting),CD40LG,CD9,-0.13892624,1.0,0.009619591,-0.1389455901751909,-1.0525709546738602,-0.22374703,,1.0,
NK/Cytotoxic T cells,T cells (resting),COL1A1,CD36,-0.14181666,1.0,0.017231435,-0.14179729005497213,-1.8199521292541359,0.13156015,,1.0,
NK/Cytotoxic T cells,T cells (resting),CP,SLC40A1,-0.053464636,1.0,0.0019679375,-0.051034028450369945,-1.6411902630205728,-0.07446361,,1.0,
NK/Cytotoxic T cells,T cells (resting),CSF1,CELSR3,-0.06478852,1.0,0.0026829105,-0.05855830333771229,-1.2784664127009413,-0.49545014,,1.0,
NK/Cytotoxic T cells,T cells (resting),CSF1,CSF3R,-0.14408033,1.0,0.01912913,-0.14419193521069434,-3.3332312640616983,0.7844073,,1.0,
NK/Cytotoxic T cells,T cells (resting),CSF1_IL34,CSF1R,-0.18348095,1.0,0.027301362,-0.1834809131578379,-1.9774456276953256,0.81199443,,1.0,
NK/Cytotoxic T cells,T cells (resting),CSF2,CSF1R,-0.13734613,1.0,0.003010926,-0.11835332818659686,-0.5987034076382713,-0.028783502,,1.0,
NK/Cytotoxic T cells,T cells (resting),CSF2,CSF3R,-0.09794552,1.0,0.0021096526,-0.07906435023945328,-1.954489044004644,-0.027805597,,1.0,
NK/Cytotoxic T cells,T cells (resting),CXCL1,ACKR1,-0.06045888,1.0,0.002786713,-0.06109175049372853,-2.32784147543365,-0.3413451,,1.0,
NK/Cytotoxic T cells,T cells (resting),CXCL1,CXCR1,-0.04914244,1.0,0.0020853768,-0.049044748967955194,-2.828783771097516,3.4441044,,0.7472888011373823,
NK/Cytotoxic T cells,T cells (resting),CXCL1,CXCR2,-0.06656071,1.0,0.0031648732,-0.06744509015495664,-3.767414499042091,-0.3213042,,1.0,
NK/Cytotoxic T cells,T cells (resting),CXCL10,ACKR1,-0.07723093,1.0,0.005803343,-0.07831724310094426,-2.2237310768059846,8.229693,,0.35288789175309376,
NK/Cytotoxic T cells,T cells (resting),CXCL10,CCR3,-0.04388882,1.0,0.0015001047,-0.04453772705333604,-2.899693925237152,-2.1549459,,1.0,
NK/Cytotoxic T cells,T cells (resting),CXCL10,CXCR3,-0.027908612,0.999,-0.0005623512,-0.028860648067053483,-1.1366726756775234,1.3755697,,1.0,
NK/Cytotoxic T cells,T cells (resting),CXCL11,ACKR1,-0.061822344,1.0,0.003031946,-0.06250918534291874,-2.4743694992951295,-0.4316206,,1.0,
NK/Cytotoxic T cells,T cells (resting),CXCL11,CCR3,-0.028480232,1.0,0.000783727,-0.028729669295310525,-3.1503323477262968,0.113019876,,1.0,
NK/Cytotoxic T cells,T cells (resting),CXCL11,CCR5,-0.042513132,1.0,0.0017299488,-0.043065611743279095,-1.7292640234829897,-0.41005147,,1.0,
NK/Cytotoxic T cells,T cells (resting),CXCL11,CXCR3,-0.012500025,0.69,-0.00029379936,-0.013052590309027966,-1.3873110981666683,-0.07214414,,1.0,
NK/Cytotoxic T cells,T cells (resting),CXCL13,ACKR1,-0.06611049,1.0,0.0038032155,-0.06257837779776305,-1.2282277980702472,-0.3566091,,1.0,
NK/Cytotoxic T cells,T cells (resting),CXCL13,CXCR3,-0.016788177,0.9,-0.00036853633,-0.01312178276387227,-0.14116939694178599,-0.059606187,,0.5259654863853835,
NK/Cytotoxic T cells,T cells (resting),CXCL13,CXCR5,-0.05130803,1.0,0.0025512015,-0.047309223730243766,-1.1523901497766702,-0.2609925,,1.0,
NK/Cytotoxic T cells,T cells (resting),CXCL2,ACKR1,-0.11088273,1.0,0.011855975,-0.11162276582818478,-3.2267342271045223,0.38881195,,1.0,
NK/Cytotoxic T cells,T cells (resting),CXCL2,CXCR1,-0.09956629,1.0,0.008872164,-0.09957576430241144,-3.727676522768389,-3.9230354,,1.0,
NK/Cytotoxic T cells,T cells (resting),CXCL2,CXCR2,-0.11698455,1.0,0.013464845,-0.1179761054894129,-4.666307250712963,0.3659842,,1.0,
NK/Cytotoxic T cells,T cells (resting),CXCL8,ACKR1,-0.10808945,1.0,0.011353573,-0.1090440951184936,-1.9541063935325946,0.3690582,,1.0,
NK/Cytotoxic T cells,T cells (resting),CXCL8,CD79A,-0.104819685,1.0,0.0105279675,-0.1056422584666952,-1.4751137100138587,0.13180566,,1.0,
NK/Cytotoxic T cells,T cells (resting),CXCL8,CXCR1,-0.096773006,1.0,0.008496203,-0.09699709359272027,-2.4550486891964614,-3.723724,,1.0,
NK/Cytotoxic T cells,T cells (resting),CXCL8,CXCR2,-0.11419127,1.0,0.012894267,-0.11539743477972172,-3.393679417141035,0.3473902,,1.0,
NK/Cytotoxic T cells,T cells (resting),CXCL9,ACKR1,-0.06806633,1.0,0.0041549923,-0.0689859765426835,-2.1898799434692284,-0.76686937,,1.0,
NK/Cytotoxic T cells,T cells (resting),CXCL9,CCR3,-0.034724213,1.0,0.001074023,-0.035206460495075274,-2.8658427919003957,0.20080478,,1.0,
NK/Cytotoxic T cells,T cells (resting),CXCL9,CXCR3,-0.018744009,0.967,-0.00040262393,-0.019529381508792715,-1.1028215423407675,-0.12818001,,0.8772163517514705,
NK/Cytotoxic T cells,T cells (resting),CXCL9,KIR2DL3,-0.0650639,1.0,0.0038775539,-0.06577341603535666,-2.5964093173732907,1.1961187,,1.0,
NK/Cytotoxic T cells,T cells (resting),FADD,TRAF2,0.004505899,0.118,-0.00024889532,0.007525106083503599,0.4951316937845638,2.673891,,0.2347887587544542,
NK/Cytotoxic T cells,T cells (resting),FASLG,TNFRSF10B,0.03623084,0.0,-0.0023721906,0.03905693044592237,0.8677699636566261,0.38852644,,0.023814967230605093,
NK/Cytotoxic T cells,T cells (resting),FCER2,CR2,-0.06564323,1.0,0.0027940373,-0.05916650272044685,-2.089368172276653,-0.25719985,,1.0,
NK/Cytotoxic T cells,T cells (resting),FN1,C5AR1,-0.22457793,1.0,0.05028295,-0.22457533130366986,-2.720272950182207,0.16143522,,1.0,
NK/Cytotoxic T cells,T cells (resting),FN1,CD79A,-0.14781392,1.0,0.017698608,-0.14781000455106053,-1.488941537738365,0.1594779,,1.0,
NK/Cytotoxic T cells,T cells (resting),FN1,ITGA2,-0.11933414,1.0,0.005609684,-0.11101986864454438,-1.4480033010226923,-0.10047894,,1.0,
NK/Cytotoxic T cells,T cells (resting),GAL,HLA-DPA1,-0.16488048,1.0,0.0026324585,-0.1655261117787802,-1.4729602148061751,-0.08366813,,1.0,
NK/Cytotoxic T cells,T cells (resting),GZMA,PARD3,0.16461867,0.0,-0.009832222,0.1644434155618181,-1.1816787879795603,-0.54191005,,0.7543791709995192,
NK/Cytotoxic T cells,T cells (resting),HLA-DPA1,LAG3,-0.17997731,1.0,0.0056480635,-0.1799223417910305,-0.6583154011820594,-0.19423987,,1.0,
NK/Cytotoxic T cells,T cells (resting),HLA-DPB1,LAG3,-0.16951832,1.0,0.0053041284,-0.16946021618520773,-0.5820093262366638,-0.19695401,,1.0,
NK/Cytotoxic T cells,T cells (resting),HLA-DQA1,LAG3,-0.1509785,1.0,0.0046944614,-0.15092930565594334,-0.8713113412776481,-0.19441836,,1.0,
NK/Cytotoxic T cells,T cells (resting),HLA-DQB1,LAG3,-0.17137365,1.0,0.0053651393,-0.1713085125944577,-0.7257172757739915,-0.19578297,,1.0,
NK/Cytotoxic T cells,T cells (resting),HLA-DRA,LAG3,-0.22034106,1.0,0.006975392,-0.22027976411626632,-0.7188428518037415,-0.21279596,,1.0,
NK/Cytotoxic T cells,T cells (resting),HLA-DRB1,LAG3,-0.18251783,1.0,0.0057316064,-0.18248056085874984,-0.7728840624396478,-0.19432905,,1.0,
NK/Cytotoxic T cells,T cells (resting),HLA-DRB5,LAG3,-0.11942697,1.0,0.0036569154,-0.1193727508934573,-1.0972564785061532,-0.17976248,,1.0,
NK/Cytotoxic T cells,T cells (resting),IL10,CD70,-0.059639953,1.0,0.003511137,-0.056223885768934966,-1.0750681721999698,-0.25758988,,1.0,
NK/Cytotoxic T cells,T cells (resting),IL1B,ADRB2,-0.09286046,1.0,0.008361886,-0.09299544762782519,-2.224857796913388,0.7443413,,1.0,
NK/Cytotoxic T cells,T cells (resting),IL1B,IL1R2_IL1RAP,-0.10860244,1.0,0.011794315,-0.10996288535470969,-4.150254827505756,0.19003113,,1.0,
NK/Cytotoxic T cells,T cells (resting),IL4,IL21R,-0.02226452,1.0,0.00042965217,-0.014783809654038063,-0.06288136412710887,0.80281097,,1.0,
NK/Cytotoxic T cells,T cells (resting),IL6,FCGR3B,-0.075359434,1.0,0.004994452,-0.07510213500147586,-3.9491247099093334,-0.31972137,,1.0,
NK/Cytotoxic T cells,T cells (resting),L1CAM,CD9,-0.13342775,1.0,0.0070098164,-0.12487942900653796,-1.0425639029459817,-0.13233069,,1.0,
NK/Cytotoxic T cells,T cells (resting),L1CAM,ERBB2,-0.04102832,1.0,0.0015512881,-0.030342133716212857,-0.6402579803150057,0.20082739,,1.0,
NK/Cytotoxic T cells,T cells (resting),LGALS3,LAG3,-0.102757655,1.0,0.0031087587,-0.10270462089300748,-0.5245561386534741,-0.19522151,,1.0,
NK/Cytotoxic T cells,T cells (resting),LTF,IGDCC4,-0.026005797,1.0,0.0004982334,-0.02023799844608147,-0.8166060109029611,0.66281515,,1.0,
NK/Cytotoxic T cells,T cells (resting),LTF,IL1RL1,-0.06600666,1.0,0.0036463023,-0.06311617115753952,-1.9814639242639212,50.765854,,0.0752598187397573,
NK/Cytotoxic T cells,T cells (resting),NTNG2,LRRC4,-0.030781373,0.999,0.00091849087,-0.020864113994050273,-0.9493530626892863,0.13121416,,1.0,
NK/Cytotoxic T cells,T cells (resting),PNOC,OPRL1,-0.058393218,1.0,0.0032550343,-0.05615536504304956,-2.207441211180157,-1.8138783,,1.0,
NK/Cytotoxic T cells,T cells (resting),PSAP,CD1B,-0.14671135,1.0,0.010749822,-0.1470210595014191,-1.9021806819218086,-0.16413748,,1.0,
NK/Cytotoxic T cells,T cells (resting),S100A12,CD36,-0.13622989,1.0,0.015047148,-0.13601276915343574,-2.2781076698186506,0.18048684,,1.0,
NK/Cytotoxic T cells,T cells (resting),S100A8,CD36,-0.1710697,1.0,0.028668625,-0.17105654409284188,-2.5736225713582304,0.13616179,,1.0,
NK/Cytotoxic T cells,T cells (resting),S100A8,CD68,-0.23378494,1.0,0.04706328,-0.23378412764830464,-2.2119306902254197,0.13337928,,1.0,
NK/Cytotoxic T cells,T cells (resting),S100A9,CD36,-0.19126552,1.0,0.036564674,-0.19126213603675551,-2.4552156235038773,0.14191657,,1.0,
NK/Cytotoxic T cells,T cells (resting),S100A9,CD68,-0.25398076,1.0,0.06002567,-0.2539897195922183,-2.093523742371067,0.13901648,,1.0,
NK/Cytotoxic T cells,T cells (resting),SAA1,CD36,-0.12013816,1.0,0.008755695,-0.11894835444275112,-2.617191998424332,-0.20152254,,1.0,
NK/Cytotoxic T cells,T cells (resting),SAA1,FPR1,-0.12217211,1.0,0.0089378925,-0.1210044508218037,-3.108185055254996,-0.1668622,,1.0,
NK/Cytotoxic T cells,T cells (resting),SCGB3A1,MARCO,-0.09586091,1.0,0.0056323623,-0.09045549036397657,-2.4388547099301348,-0.15501541,,1.0,
NK/Cytotoxic T cells,T cells (resting),SCGB3A1,NOTCH3,-0.046578113,1.0,0.002062245,-0.04135743225829641,-2.0624663150970113,0.40388328,,1.0,
NK/Cytotoxic T cells,T cells (resting),SORBS1,ITGA1,-0.02363018,0.999,0.0005122831,-0.02376388051148038,-1.4620192573477733,0.13692231,,1.0,
NK/Cytotoxic T cells,T cells (resting),THBS1,CD36,-0.13734186,1.0,0.015481902,-0.13715159937181617,-2.3451121212470833,0.122049145,,1.0,
NK/Cytotoxic T cells,T cells (resting),TNF,FFAR2,-0.009676328,0.535,-0.0034522894,-0.010696760169969743,-1.1957709194610948,-3.2110255,,1.0,
NK/Cytotoxic T cells,T cells (resting),TNF,ICOS,0.023027718,0.0,-0.0001903025,0.02351615990372175,0.6898122538162919,0.16528317,,0.04137246346773178,
NK/Cytotoxic T cells,T cells (resting),TNF,NOTCH1,-0.017548779,0.997,-0.0042375084,-0.017073584967095375,0.3314646436859163,-2.610095,,1.0,
NK/Cytotoxic T cells,T cells (resting),TNF,TRAF2,0.01898497,0.002,-0.0005935368,0.020482841119535113,0.6466434197587447,1.9156959,,0.1267804370119172,
NK/Cytotoxic T cells,T cells (resting),TNFSF4,TNFRSF4,-0.022075946,0.985,0.00046351887,-0.010585108443603037,-0.08926054878075895,0.07484382,,0.7497647230000652,
NK/Cytotoxic T cells,T cells (resting),TNFSF4,TRAF2,-0.014547936,0.747,0.00020463811,-0.0026605900097436083,0.21897817032756306,0.14335562,,0.43944572261001524,
NK/Cytotoxic T cells,T cells (resting),TNFSF9,ADGRG5,-0.013583528,0.974,-0.0019929379,-0.012326450081850786,0.0991797218807009,5.33927,,0.517202499963206,
NK/Cytotoxic T cells,T cells (resting),TNFSF9,HLA-DPA1,-0.14424759,1.0,-0.010637575,-0.14355012572042225,-0.06350297100580948,-0.4901021,,1.0,
NK/Cytotoxic T cells,T cells (resting),TNFSF9,TNFRSF9,0.011306804,0.003,-0.0003462121,0.016860202145346708,0.7347312590578072,0.13901588,,0.1338808155805392,
NK/Cytotoxic T cells,T cells (resting),TNFSF9,TRAF2,0.010589129,0.027,-0.00039369287,0.01231399372959796,0.6307707482881231,1.3180857,,0.17649015256799316,
T cells (naive/memory),Activated T cells,ADCYAP1,ADRB2,0.01356766,0.0,-0.004336777,0.01366804169994076,-1.1610714736489385,1.0970463,,0.551099254731134,
T cells (naive/memory),Activated T cells,ADCYAP1,VIPR2,-0.032680236,0.996,0.0006274415,-0.013980682983923147,-0.7105316046129424,0.04731924,,0.8906193971992561,
T cells (naive/memory),Activated T cells,ADM,ADRB2,-0.01901503,0.976,-0.009602465,-0.01976676331938454,-1.9027563211508043,-0.9993921,,1.0,
T cells (naive/memory),Activated T cells,ADM,RAMP1,-0.07551949,1.0,0.0038269549,-0.06978265220591703,-2.204293192853423,-0.15501441,,1.0,
T cells (naive/memory),Activated T cells,APOE,LRP8,-0.13046402,1.0,-0.0015787255,-0.11682185783037535,-0.8404188827790209,0.032859374,,1.0,
T cells (naive/memory),Activated T cells,BTLA,CD247,0.033022948,0.0,0.0010899295,0.03381023821052766,0.2144612898240369,1.4267352,1.4341997,0.028819227373324638,
T cells (naive/memory),Activated T cells,BTLA,CD79A,0.013102852,0.062,-0.00019522669,0.01389033874124449,0.13687911764034122,0.2042263,,0.20337267051577776,
T cells (naive/memory),Activated T cells,C3,C5AR2,-0.12591483,1.0,0.012889953,-0.12548198010231315,-2.6483294922460567,0.12622795,,1.0,
T cells (naive/memory),Activated T cells,C3,CR2,-0.08995227,1.0,-8.2667175e-05,-0.07924953131859966,-1.5294706449465543,0.0026743074,,1.0,
T cells (naive/memory),Activated T cells,CCL13,ACKR1,0.05127662,0.0,-0.0028499733,0.05698268996836503,-0.17223351429781486,0.36404616,,0.08652603938504844,
T cells (naive/memory),Activated T cells,CCL13,CCR2,-0.014123155,0.831,0.00012511972,-0.012939974359428494,-0.8095756375317422,-0.023158781,,0.4896951297146918,
T cells (naive/memory),Activated T cells,CCL13,CCR3,-0.019912079,0.884,0.000388463,-0.009662701663080447,-0.7551998719604534,0.050266042,,0.5107280253717675,
T cells (naive/memory),Activated T cells,CCL13,CCR5,0.024395872,0.0,-0.0016271445,0.02555600478007069,-0.5879174614546163,0.3460718,,0.28914592588829235,
T cells (naive/memory),Activated T cells,CCL13,CXCR3,0.02099568,0.0,-0.0014724669,0.02215759413229071,-0.7268526722965085,-0.32443723,,1.0,
T cells (naive/memory),Activated T cells,CCL17,ACKR1,0.046558447,0.0,-0.004032335,0.051077710285175354,-0.6232792867944716,0.41000664,,0.19451650765949166,
T cells (naive/memory),Activated T cells,CCL18,ACKR1,0.0070527345,0.076,-0.013932362,0.009780992443297859,-2.7744208116815865,-0.5251858,,1.0,
T cells (naive/memory),Activated T cells,CCL18,CCR3,-0.06413597,1.0,0.0018990379,-0.05686439918814762,-3.357387169344225,-0.07251557,,1.0,
T cells (naive/memory),Activated T cells,CCL19,CCR7,-0.0038350811,0.152,-0.00050825183,-0.00228966856876826,-0.9954359594575007,-0.037078574,,0.7078007478609357,
T cells (naive/memory),Activated T cells,CCL19,CXCR3,0.019016702,0.0,-0.0017286922,0.02056182186362531,-0.9300421956910352,-0.28267056,,1.0,
T cells (naive/memory),Activated T cells,CCL2,ACKR1,0.013195373,0.011,-0.012393033,0.01578995066184615,-1.7041599786598267,-0.83684576,,1.0,
T cells (naive/memory),Activated T cells,CCL2,CCR2,-0.0522044,1.0,0.0005440798,-0.05413271366594737,-2.341502101893754,0.05323591,,1.0,
T cells (naive/memory),Activated T cells,CCL2,CCR3,-0.057993326,1.0,0.0016892211,-0.050855440969599326,-2.287126336322465,-0.11554833,,1.0,
T cells (naive/memory),Activated T cells,CCL2,CCR5,-0.013685375,0.851,-0.0070755947,-0.01563673452644819,-2.119843925816628,-0.79552746,,1.0,
T cells (naive/memory),Activated T cells,CCL20,CCR6,0.0066069365,0.028,-0.0037065248,0.008713707541496241,-0.5633948034430172,3.7504964,,0.26767679284384716,
T cells (naive/memory),Activated T cells,CCL20,CXCR3,0.0050525256,0.032,-0.0035366844,0.007158946010809335,-0.5549894440644871,-1.0095342,,1.0,
T cells (naive/memory),Activated T cells,CCL21,CCR7,-0.037297882,1.0,-0.0017820622,-0.03757330556621673,-1.0420749290904086,0.11030743,,1.0,
T cells (naive/memory),Activated T cells,CCL21,CXCR3,-0.014446098,0.928,-0.0060612415,-0.01472181513382316,-0.9766811653239429,0.84093475,,0.6763786969702154,
T cells (naive/memory),Activated T cells,CCL3,CCR3,-0.11386088,1.0,0.0035975138,-0.10477748051853168,-0.7530102416786504,-0.12257826,,1.0,
T cells (naive/memory),Activated T cells,CCL3,CCR5,-0.06955293,1.0,-0.0150688095,-0.06955877407538055,-0.5857278311728134,-0.8439272,,1.0,
T cells (naive/memory),Activated T cells,CCL4,CCR3,-0.11614454,1.0,0.0036755176,-0.10706010480662355,-0.2777745080412716,6.4449353,,0.4452252366765424,
T cells (naive/memory),Activated T cells,CCL4,CCR5,-0.07183658,1.0,-0.015395542,-0.07184139836347242,-0.11049209753543454,44.372112,,0.08204855692452552,
T cells (naive/memory),Activated T cells,CCL4,CNR2,-0.10246243,1.0,-0.0022135421,-0.0946786622762802,-0.125921083905577,18.39961,,0.1861520220571995,
T cells (naive/memory),Activated T cells,CCL5,ACKR1,-0.026418366,0.998,-0.02232013,-0.02187028489041748,0.470336909786986,1.027478,,0.7823529707029669,
T cells (naive/memory),Activated T cells,CCL5,CCR3,-0.09760707,1.0,0.0030423251,-0.08851567652186296,-0.11262944787565249,0.14187005,,1.0,
T cells (naive/memory),Activated T cells,CCL5,CCR5,-0.053299114,1.0,-0.012743305,-0.05329697007871182,0.05465296263018454,0.97674745,,1.0,
T cells (naive/memory),Activated T cells,CCL5,CXCR3,-0.056699306,1.0,-0.011531916,-0.0566953807264918,-0.08428224821170766,-0.91568637,,1.0,
T cells (naive/memory),Activated T cells,CCL7,ACKR1,0.045130108,0.0,-0.0043902732,0.049534452731200204,-0.745648297562995,0.4922742,,0.20167464036742125,
T cells (naive/memory),Activated T cells,CCL7,CCR2,-0.020269668,0.944,0.00019274208,-0.02038821159659332,-1.3829904207969224,-0.031316005,,1.0,
T cells (naive/memory),Activated T cells,CCL7,CCR3,-0.026058592,0.995,0.0005984122,-0.01711093890024527,-1.3286146552256335,0.06797126,,1.0,
T cells (naive/memory),Activated T cells,CCL7,CCR5,0.018249359,0.0,-0.002506553,0.018107767542905863,-1.1613322447197965,0.46796873,,0.47725489237748653,
T cells (naive/memory),Activated T cells,CCL7,CXCR3,0.014849167,0.0,-0.002268278,0.014709356895125883,-1.3002674555616887,-0.43871382,,1.0,
T cells (naive/memory),Activated T cells,CCL8,ACKR1,0.038476482,0.0,-0.006057654,0.04295641569022757,-0.4246372459527157,2.6600509,,0.18307466797525904,
T cells (naive/memory),Activated T cells,CCL8,CCR2,-0.026923293,0.991,0.00026594356,-0.026966248637565957,-1.061979369186643,-0.16921903,,1.0,
T cells (naive/memory),Activated T cells,CCL8,CCR3,-0.032712217,1.0,0.000825683,-0.023688975941217907,-1.0076036036153542,0.36728922,,1.0,
T cells (naive/memory),Activated T cells,CCL8,CCR5,0.011595733,0.001,-0.0034585162,0.011529730501933226,-0.8403211931095171,2.528714,,0.5240789956933073,
T cells (naive/memory),Activated T cells,CD14,RIPK1,-0.14151496,1.0,0.0035426882,-0.14146954116860813,-1.2399841421737063,0.13844551,,1.0,
T cells (naive/memory),Activated T cells,CD24,SIGLEC10,0.08215223,0.0,2.315429e-05,0.0830201575608189,0.49699818081586056,0.00040622838,-0.9283943,0.11698751127601152,
T cells (naive/memory),Activated T cells,CD40LG,CD40,-0.015333116,0.965,0.0001979376,-0.014890022455581908,-0.10497241531838064,-0.009802263,,0.6491233527484229,
T cells (naive/memory),Activated T cells,CD40LG,CD9,0.0044743884,0.311,-0.0006509954,0.004473186866274417,-0.2682126138311407,0.015141837,,0.2901033619102013,
T cells (naive/memory),Activated T cells,COL1A1,CD36,-0.1492956,1.0,0.021836044,-0.14929472786432646,-1.5927649493872633,0.16671586,,1.0,
T cells (naive/memory),Activated T cells,CP,SLC40A1,-0.032652326,1.0,0.0010042,-0.031566580135652125,-1.4827091812745918,-0.037997328,,1.0,
T cells (naive/memory),Activated T cells,CSF1,CELSR3,-0.065539464,1.0,0.0008527217,-0.041724209878695837,0.05329941260583482,-0.15747117,,1.0,
T cells (naive/memory),Activated T cells,CSF1,CSF3R,-0.12860096,1.0,0.01651896,-0.12864490680910867,-2.5251046275710847,0.6773749,,1.0,
T cells (naive/memory),Activated T cells,CSF1_IL34,CSF1R,-0.1428196,1.0,0.020051269,-0.14282891814613619,-1.3048201294876471,0.5963629,,1.0,
T cells (naive/memory),Activated T cells,CSF2,CSF1R,-0.09916375,1.0,0.005956961,-0.0970191410265371,-1.5951692573891094,-0.05694667,,1.0,
T cells (naive/memory),Activated T cells,CSF2,CSF3R,-0.084945105,1.0,0.0049075596,-0.08283512968950958,-2.8154537554725474,-0.064682506,,1.0,
T cells (naive/memory),Activated T cells,CXCL1,ACKR1,0.04773127,0.0,-0.003738429,0.05286165272078195,-0.497399514749973,0.4579211,,0.1820231387813707,
T cells (naive/memory),Activated T cells,CXCL1,CXCR1,-0.04119436,1.0,0.0015679662,-0.03803954746714449,-1.8982716004566336,2.589575,,0.9093854425929284,
T cells (naive/memory),Activated T cells,CXCL1,CXCR2,-0.046239868,1.0,0.0018690431,-0.04503206734551535,-2.225130478766504,-0.18974899,,1.0,
T cells (naive/memory),Activated T cells,CXCL10,ACKR1,0.03006053,0.0,-0.00816667,0.03352878864558994,-0.4856501354492937,-11.581116,,1.0,
T cells (naive/memory),Activated T cells,CXCL10,CCR3,-0.04112817,1.0,0.0011131504,-0.03311660298585554,-1.0686164931119322,-1.5990742,,1.0,
T cells (naive/memory),Activated T cells,CXCL10,CXCR3,-0.00022041053,0.126,-0.0042193905,-0.0012963071904843818,-1.0402692934479874,10.321068,,0.288166983729144,
T cells (naive/memory),Activated T cells,CXCL11,ACKR1,0.04983876,0.0,-0.003210297,0.06046905676790054,0.2996090760523127,0.45701027,,0.015041200777437199,
T cells (naive/memory),Activated T cells,CXCL11,CCR3,-0.02134994,0.782,0.00043757661,-0.006176334863544935,-0.2833572816103258,0.063102156,,0.4569509668014954,
T cells (naive/memory),Activated T cells,CXCL11,CCR5,0.022958012,0.0,-0.0018328654,0.0290423715796062,-0.11607487110448877,0.43444592,,0.0693251420106683,
T cells (naive/memory),Activated T cells,CXCL11,CXCR3,0.01955782,0.0,-0.0016586317,0.02564396093182622,-0.255010081946381,-0.40728664,,0.7493215457699937,
T cells (naive/memory),Activated T cells,CXCL13,ACKR1,0.042799395,0.0,-0.004974344,0.051765600032722736,0.2961039105988994,0.46642014,,0.015357569288654246,
T cells (naive/memory),Activated T cells,CXCL13,CXCR3,0.012518454,0.002,-0.0025700438,0.016940504196648415,-0.25851524739979426,-0.41567272,,0.8215471689060946,
T cells (naive/memory),Activated T cells,CXCL13,CXCR5,0.009369496,0.004,-0.0023200172,0.015393020146833894,-0.009604827146400208,0.23734193,,0.1375408125584335,
T cells (naive/memory),Activated T cells,CXCL2,ACKR1,-0.0036963448,0.538,-0.016626053,0.00022312442352780126,-1.786029646097771,-0.5452448,,1.0,
T cells (naive/memory),Activated T cells,CXCL2,CXCR1,-0.092621975,1.0,0.006973274,-0.09067807576439864,-3.1869017318044315,-3.0833967,,1.0,
T cells (naive/memory),Activated T cells,CXCL2,CXCR2,-0.097667485,1.0,0.008312264,-0.09767059564276949,-3.5137606101143017,0.22593336,,1.0,
T cells (naive/memory),Activated T cells,CXCL8,ACKR1,-0.009755254,0.766,-0.018144399,-0.006411992358912558,-2.1161816805749205,-0.58980024,,1.0,
T cells (naive/memory),Activated T cells,CXCL8,CD79A,-0.07543063,1.0,0.0008763968,-0.07663375143617397,-2.818471461849694,0.010972114,,1.0,
T cells (naive/memory),Activated T cells,CXCL8,CXCR1,-0.09868088,1.0,0.0076100966,-0.097313192546839,-3.517053766281581,-3.3353605,,1.0,
T cells (naive/memory),Activated T cells,CXCL8,CXCR2,-0.10372639,1.0,0.009071368,-0.10430571242520985,-3.8439126445914513,0.2443958,,1.0,
T cells (naive/memory),Activated T cells,CXCL9,ACKR1,0.037809934,0.0,-0.006224689,0.039963914615669144,-2.3562081780579125,1.1488646,,0.26463063285117266,
T cells (naive/memory),Activated T cells,CXCL9,CCR3,-0.033378765,1.0,0.0008484506,-0.02668147701577633,-2.939174535720551,0.15863065,,1.0,
T cells (naive/memory),Activated T cells,CXCL9,CXCR3,0.007528994,0.002,-0.003216047,0.005138818779594823,-2.910827336056606,-1.0238659,,1.0,
T cells (naive/memory),Activated T cells,CXCL9,KIR2DL3,-0.042352892,1.0,0.0017400982,-0.044157514522786774,-3.3261344141385156,0.53677243,,1.0,
T cells (naive/memory),Activated T cells,FADD,TRAF2,-0.034811232,1.0,0.0010568758,-0.033184948924052576,-0.5629416183675238,-11.3540535,,1.0,
T cells (naive/memory),Activated T cells,FASLG,TNFRSF10B,-0.025621133,0.998,0.00033316898,-0.024643401911590226,-0.3952202580393167,-0.054567683,,0.9619890792881178,
T cells (naive/memory),Activated T cells,FCER2,CR2,0.21921347,0.0,0.00020073769,0.23630076628409089,1.8003637331638607,-0.01847853,3.394979,0.11671841500024098,
T cells (naive/memory),Activated T cells,FN1,C5AR1,-0.20967886,1.0,0.04361328,-0.20968178302823576,-2.1669768161977814,0.140022,,1.0,
T cells (naive/memory),Activated T cells,FN1,CD79A,-0.11724551,1.0,0.0013825308,-0.11724313322476937,-1.3064503786023827,0.012457652,,1.0,
T cells (naive/memory),Activated T cells,FN1,ITGA2,-0.11535082,1.0,0.00051688857,-0.09044939821437809,-0.5133939925501061,-0.0092583485,,1.0,
T cells (naive/memory),Activated T cells,GAL,HLA-DPA1,-0.039150424,1.0,0.00057401235,-0.0397874158065198,-0.9489807485479167,-0.018243987,,1.0,
T cells (naive/memory),Activated T cells,GZMA,PARD3,-0.10284652,1.0,0.002498219,-0.08658245165911828,0.11327698053479279,0.13769116,,1.0,
T cells (naive/memory),Activated T cells,HLA-DPA1,LAG3,0.012706472,0.082,-0.0017878106,0.01280437644156691,0.09178917827676575,0.06148375,,0.21420563640357412,
T cells (naive/memory),Activated T cells,HLA-DPB1,LAG3,0.0073904786,0.197,-0.002392313,0.007488778284958485,0.11437348265466651,0.08883187,,0.2616349488507098,
T cells (naive/memory),Activated T cells,HLA-DQA1,LAG3,-0.004268579,0.684,-0.0037181098,-0.00417163999662459,-0.026688454148209195,0.15398332,,0.40357544195251094,
T cells (naive/memory),Activated T cells,HLA-DQB1,LAG3,0.047842745,0.0,0.0022076722,0.04793856631897196,0.2037608597970606,-0.08056168,1.270199,0.2539806951708542,
T cells (naive/memory),Activated T cells,HLA-DRA,LAG3,0.050123446,0.0,0.0024670197,0.05021896683520718,0.22579358007823414,-0.07526055,1.251925,0.24036122199921525,
T cells (naive/memory),Activated T cells,HLA-DRB1,LAG3,-0.028269365,1.0,-0.006447333,-0.028171761506357352,-0.06628353129752473,0.21859565,,1.0,
T cells (naive/memory),Activated T cells,HLA-DRB5,LAG3,-0.014875799,0.951,-0.0049242983,-0.01477714189872045,-0.18637358305665308,0.24206305,,0.6094773381983464,
T cells (naive/memory),Activated T cells,IL10,CD70,-0.030002119,0.989,-0.0030426662,-0.014952171985141087,-0.6961812793904789,0.22322114,,0.7797229606617206,
T cells (naive/memory),Activated T cells,IL1B,ADRB2,-0.029208511,1.0,-0.011249833,-0.029356195123579905,-2.0521243914168945,-1.0014147,,1.0,
T cells (naive/memory),Activated T cells,IL1B,IL1R2_IL1RAP,-0.079761356,1.0,0.0028263044,-0.07741144161842949,-2.464742917763515,0.045537688,,1.0,
T cells (naive/memory),Activated T cells,IL4,IL21R,0.011355255,0.0,-0.00035659346,0.026671910184198535,0.7842642761508374,-0.6662998,,0.3599394796962444,
T cells (naive/memory),Activated T cells,IL6,FCGR3B,-0.031561263,0.997,-0.00012376766,-0.010501342647366914,-0.661403052184593,0.007923025,,0.9195508779440885,
T cells (naive/memory),Activated T cells,L1CAM,CD9,0.01678767,0.0,9.711919e-05,0.035390146076031165,0.32670905088656443,-0.0018334074,-70.38838,0.2694946253167747,
T cells (naive/memory),Activated T cells,L1CAM,ERBB2,-0.004643694,0.031,-3.9912375e-05,0.019414220839139434,0.2257749506049822,-0.005166996,,0.293007587635812,
T cells (naive/memory),Activated T cells,LGALS3,LAG3,-0.094725505,1.0,-0.014004321,-0.09462912367821938,-0.4127582406073992,0.879433,,1.0,
T cells (naive/memory),Activated T cells,LTF,IGDCC4,-0.03480178,1.0,0.00063070527,-0.02543127760657267,-0.3099933281109195,0.8390465,,1.0,
T cells (naive/memory),Activated T cells,LTF,IL1RL1,0.1498255,0.0,-0.021116355,0.17567215512637951,1.812845422781344,-293.99368,,0.11671841500024098,
T cells (naive/memory),Activated T cells,NTNG2,LRRC4,-0.03730658,0.999,0.0013789494,-0.028664105151886558,-0.95936599349792,0.19699451,,1.0,
T cells (naive/memory),Activated T cells,PNOC,OPRL1,0.11790879,0.0,-0.0087705,0.16252671309531252,1.3687715783646568,4.8873897,,0.007070387620923245,
T cells (naive/memory),Activated T cells,PSAP,CD1B,-0.162528,1.0,0.006047279,-0.15110987605592002,-0.3723118153175568,-0.09233503,,1.0,
T cells (naive/memory),Activated T cells,S100A12,CD36,-0.10851482,1.0,0.011395454,-0.1089338520991237,-2.1158896616295495,0.13668568,,1.0,
T cells (naive/memory),Activated T cells,S100A8,CD36,-0.14839247,1.0,0.021604827,-0.14839166680852162,-2.7410622391852204,0.10261223,,1.0,
T cells (naive/memory),Activated T cells,S100A8,CD68,-0.16747043,1.0,0.028044635,-0.16747836808846456,-2.681143704977432,0.079479665,,1.0,
T cells (naive/memory),Activated T cells,S100A9,CD36,-0.17676942,1.0,0.028869823,-0.17676492545665728,-2.2223830295453717,0.11205094,,1.0,
T cells (naive/memory),Activated T cells,S100A9,CD68,-0.19584738,1.0,0.03747513,-0.19585162673660023,-2.1624644953375833,0.08679055,,1.0,
T cells (naive/memory),Activated T cells,SAA1,CD36,-0.0869793,1.0,0.0058819847,-0.08632157167638464,-1.9265205588204264,-0.13538073,,1.0,
T cells (naive/memory),Activated T cells,SAA1,FPR1,-0.08869277,1.0,0.006039452,-0.08804385935607208,-2.558542641246484,-0.112751,,1.0,
T cells (naive/memory),Activated T cells,SCGB3A1,MARCO,-0.0884465,1.0,0.00564662,-0.08549542538662497,-2.285965844273452,-0.15540782,,1.0,
T cells (naive/memory),Activated T cells,SCGB3A1,NOTCH3,-0.013514705,0.062,-0.0006172486,0.009359605031346436,-0.16377765370256814,-0.12088592,,0.7699038149017023,
T cells (naive/memory),Activated T cells,SORBS1,ITGA1,0.03312714,0.0,-0.0022398615,0.03860946418849039,-0.11877669156677673,-0.5986671,,0.5606321591731316,
T cells (naive/memory),Activated T cells,THBS1,CD36,-0.1162,1.0,0.0133629935,-0.11656090060763344,-2.4618823406294394,0.105345055,,1.0,
T cells (naive/memory),Activated T cells,TNF,FFAR2,-0.06375271,1.0,0.0037529368,-0.06055888960988679,-0.864432961932041,3.4906619,,0.7354715155758537,
T cells (naive/memory),Activated T cells,TNF,ICOS,0.019184664,0.012,-0.009749478,0.019253071677038033,0.18426531490662512,8.467701,,0.157953276466868,
T cells (naive/memory),Activated T cells,TNF,NOTCH1,-0.026422419,0.998,-0.0023245292,-0.026386730450589486,-0.28047571406192895,-1.4317946,,1.0,
T cells (naive/memory),Activated T cells,TNF,TRAF2,-0.051882382,1.0,0.001820417,-0.05096390975909802,-0.8303349151392605,-5.8755665,,1.0,
T cells (naive/memory),Activated T cells,TNFSF4,TNFRSF4,-0.0051555447,0.215,-0.0023314033,-0.0017952476913598095,-0.6767319353258201,-0.37644878,,1.0,
T cells (naive/memory),Activated T cells,TNFSF4,TRAF2,-0.038039055,1.0,0.0012012465,-0.03513038630012332,-1.499621308903678,0.841512,,1.0,
T cells (naive/memory),Activated T cells,TNFSF9,ADGRG5,-0.033667345,0.999,-4.6536567e-05,-0.03178134493444363,-0.8074701186530615,0.12467589,,1.0,
T cells (naive/memory),Activated T cells,TNFSF9,HLA-DPA1,-0.069066435,1.0,0.0047690747,-0.06893738498184532,-0.7428241047312283,0.21972428,,1.0,
T cells (naive/memory),Activated T cells,TNFSF9,TNFRSF9,-0.02465976,0.983,-0.0012719078,-0.01763371739820396,-0.6055729451986585,0.5107141,,0.735423031832764,
T cells (naive/memory),Activated T cells,TNFSF9,TRAF2,-0.04519118,1.0,0.0015211396,-0.04418216835529473,-1.1862536694162138,-5.0927825,,1.0,
T cells (naive/memory),Macrophages,ADCYAP1,ADRB2,-0.03390772,1.0,0.0007591986,-0.033961341899885436,-1.1456342061093872,-0.19204952,,1.0,
T cells (naive/memory),Macrophages,ADCYAP1,VIPR2,-0.036164984,1.0,0.0010014923,-0.024475013513898906,-1.1034932914940572,0.075528726,,1.0,
T cells (naive/memory),Macrophages,ADM,ADRB2,-0.066490404,1.0,0.0016810128,-0.06739614691921074,-1.887319053611253,0.17495413,,1.0,
T cells (naive/memory),Macrophages,ADM,RAMP1,-0.062299594,1.0,0.00068498176,-0.050714469227636866,-1.8648113533121289,-0.027745832,,1.0,
T cells (naive/memory),Macrophages,APOE,LRP8,-0.13854958,1.0,0.0027364532,-0.12798261787142132,-0.9908571381282749,-0.056956153,,1.0,
T cells (naive/memory),Macrophages,BTLA,CD247,-0.011746487,0.908,-0.0017983959,-0.010958598751174227,0.13972999586093782,-2.354129,,1.0,
T cells (naive/memory),Macrophages,BTLA,CD79A,0.06108766,0.0,0.0029005404,0.061881654293393776,0.4684844940292773,-3.0342503,1.2278732,0.15113061025824015,
T cells (naive/memory),Macrophages,C3,C5AR2,-0.078248695,1.0,-0.004304448,-0.07209691943441636,-1.4367668390682389,-0.042152338,,1.0,
T cells (naive/memory),Macrophages,C3,CR2,-0.10775906,1.0,0.0063407,-0.10235902956044073,-2.0671278898759318,-0.20512353,,1.0,
T cells (naive/memory),Macrophages,CCL13,ACKR1,-0.015319236,0.863,0.00017953051,-0.012508498771998399,-0.7658233580463332,-0.022932634,,0.49720727598669007,
T cells (naive/memory),Macrophages,CCL13,CCR2,0.00037043355,0.05,-0.0005342063,0.0015607013103671689,-0.7329178098703424,0.098877825,,0.4095731122185923,
T cells (naive/memory),Macrophages,CCL13,CCR3,-0.017077595,0.507,0.0002595198,0.0012504036509354208,-0.19172709790274634,0.033581145,,0.3471965669335476,
T cells (naive/memory),Macrophages,CCL13,CCR5,0.012974344,0.0,-0.0011075692,0.014134265424632529,-0.5597613573417279,0.23556511,,0.26451773355645825,
T cells (naive/memory),Macrophages,CCL13,CXCR3,-0.011152062,0.71,-1.0037908e-05,-0.00999191466270812,-0.9318995332319935,-0.0022117111,,0.6200823029058979,
T cells (naive/memory),Macrophages,CCL17,ACKR1,-0.020037407,0.945,0.0002540119,-0.018413478455188075,-1.21686913054299,-0.025827859,,1.0,
T cells (naive/memory),Macrophages,CCL18,ACKR1,-0.05954312,1.0,0.0008776518,-0.05971019629706557,-3.368010655430105,0.033083428,,1.0,
T cells (naive/memory),Macrophages,CCL18,CCR3,-0.06130148,1.0,0.0012686868,-0.04595129387413175,-2.793914395286518,-0.048445344,,1.0,
T cells (naive/memory),Macrophages,CCL19,CCR7,-0.057767212,1.0,0.00237209,-0.056221930472074695,-1.1695535868109939,0.17305145,,1.0,
T cells (naive/memory),Macrophages,CCL19,CXCR3,-0.013131039,0.737,-1.1784614e-05,-0.011587686931373516,-1.1350890566265202,-0.0019269849,,0.9279666513476093,
T cells (naive/memory),Macrophages,CCL2,ACKR1,-0.053400483,1.0,0.0007806837,-0.053701238078517274,-2.297749822408345,0.052716058,,1.0,
T cells (naive/memory),Macrophages,CCL2,CCR2,-0.037710816,1.0,-0.0023229818,-0.03963203799615171,-2.2648442742323542,-0.22729395,,1.0,
T cells (naive/memory),Macrophages,CCL2,CCR3,-0.055158842,1.0,0.0011285149,-0.03994233565558346,-1.7236535622647582,-0.07719416,,1.0,
T cells (naive/memory),Macrophages,CCL2,CCR5,-0.025106903,0.997,-0.0048162355,-0.027058473881886348,-2.09168782170374,-0.5415019,,1.0,
T cells (naive/memory),Macrophages,CCL20,CCR6,-0.043884173,1.0,0.0018103103,-0.041779871452053315,-0.835042714839904,-1.8317866,,1.0,
T cells (naive/memory),Macrophages,CCL20,CXCR3,-0.027095215,0.997,-2.4109822e-05,-0.024990562784189492,-0.7600363049999721,-0.006882065,,0.9195508779440885,
T cells (naive/memory),Macrophages,CCL21,CCR7,-0.09123001,1.0,0.00831716,-0.09150556746952317,-1.2161925564439016,-0.5148218,,1.0,
T cells (naive/memory),Macrophages,CCL21,CXCR3,-0.04659384,1.0,-4.13199e-05,-0.046871323928821984,-1.1817280262594279,0.005732711,,1.0,
T cells (naive/memory),Macrophages,CCL3,CCR3,-0.11102639,1.0,0.0024033845,-0.09386437520451581,-0.18953746762094337,-0.08189064,,1.0,
T cells (naive/memory),Macrophages,CCL3,CCR5,-0.08097446,1.0,-0.010257078,-0.0809805134308187,-0.557571727059925,-0.57444674,,1.0,
T cells (naive/memory),Macrophages,CCL4,CCR3,-0.11331005,1.0,0.0024554965,-0.09614699949260767,0.28569826601643544,4.3056564,,0.6337198098980279,
T cells (naive/memory),Macrophages,CCL4,CCR5,-0.08325811,1.0,-0.01047948,-0.08326313771891057,-0.08233599342254616,30.203333,,0.12259622562571851,
T cells (naive/memory),Macrophages,CCL4,CNR2,-0.12539235,1.0,0.0076559642,-0.12165863093777035,-0.569128480358413,-63.63862,,1.0,
T cells (naive/memory),Macrophages,CCL5,ACKR1,-0.093014225,1.0,0.0014060289,-0.09136147363078091,-0.12325293396153231,-0.06472469,,1.0,
T cells (naive/memory),Macrophages,CCL5,CCR3,-0.09477258,1.0,0.0020324807,-0.07760257120784708,0.4508433261820545,0.09477887,,1.0,
T cells (naive/memory),Macrophages,CCL5,CCR5,-0.064720646,1.0,-0.0086741485,-0.06471870943414998,0.08280906674307292,0.6648551,,1.0,
T cells (naive/memory),Macrophages,CCL5,CXCR3,-0.08884705,1.0,-7.861387e-05,-0.08884488952149062,-0.2893291091471926,-0.0062422976,,1.0,
T cells (naive/memory),Macrophages,CCL7,ACKR1,-0.021465749,0.969,0.0002765598,-0.01995673600916322,-1.3392381413115133,-0.031010201,,1.0,
T cells (naive/memory),Macrophages,CCL7,CCR2,-0.0057760794,0.205,-0.000822924,-0.005887535926797655,-1.3063325931355225,0.13370559,,1.0,
T cells (naive/memory),Macrophages,CCL7,CCR3,-0.023224108,0.92,0.00039978014,-0.006197833586229403,-0.7651418811679265,0.045409437,,0.5524487206593052,
T cells (naive/memory),Macrophages,CCL7,CCR5,0.0068278313,0.002,-0.0017061674,0.006686028187467705,-1.133176140606908,0.31853825,,0.8215471689060946,
T cells (naive/memory),Macrophages,CCL7,CXCR3,-0.017298574,0.88,-1.5463007e-05,-0.017440151899872944,-1.5053143164971736,-0.0029907424,,1.0,
T cells (naive/memory),Macrophages,CCL8,ACKR1,-0.028119374,0.997,0.00038159438,-0.02653477305013586,-1.018227089701234,-0.1675666,,0.9905279152429447,
T cells (naive/memory),Macrophages,CCL8,CCR2,-0.012429705,0.616,-0.0011354622,-0.012465572967770292,-0.9853215415252432,0.7224909,,0.69658828433141,
T cells (naive/memory),Macrophages,CCL8,CCR3,-0.029877733,0.996,0.0005516126,-0.01277587062720204,-0.44413082955764716,0.24537425,,0.8906193971992561,
T cells (naive/memory),Macrophages,CCL8,CCR5,0.00017420575,0.047,-0.0023541523,0.0001079911464950678,-0.8121650889966288,1.7212521,,0.49112281136193797,
T cells (naive/memory),Macrophages,CD14,RIPK1,-0.12824394,1.0,-0.0036211198,-0.1281849574250697,-1.081916834407242,-0.14151056,,1.0,
T cells (naive/memory),Macrophages,CD24,SIGLEC10,0.09732252,0.0,0.0050039687,0.09825719108768892,1.051055080326142,0.08779168,1.1645421,0.09209698535392966,
T cells (naive/memory),Macrophages,CD40LG,CD40,0.00683761,0.201,-0.0007522811,0.007522352844947526,0.054127302360395646,0.037254453,,0.2639237045987838,
T cells (naive/memory),Macrophages,CD40LG,CD9,0.09020929,0.0,-0.004325521,0.09021633826305571,0.5738930665283993,0.10060953,,0.07828713877790763,
T cells (naive/memory),Macrophages,COL1A1,CD36,0.010743849,0.116,-0.032763805,0.010758299259746598,-0.1725890948629516,-0.25014812,,1.0,
T cells (naive/memory),Macrophages,CP,SLC40A1,-0.007066693,0.349,-0.00026382122,-0.005978624044116574,-0.7100042066321715,0.009982576,,0.3857875739071296,
T cells (naive/memory),Macrophages,CSF1,CELSR3,-0.075009845,1.0,0.0032054281,-0.06873449733970345,-1.132121357655782,-0.59194285,,1.0,
T cells (naive/memory),Macrophages,CSF1,CSF3R,-0.013462409,0.945,-0.012084677,-0.013228154595190916,-0.5337070550014489,-0.49554312,,1.0,
T cells (naive/memory),Macrophages,CSF1_IL34,CSF1R,0.017253667,0.014,-0.01971541,0.017248198614915597,-0.2987653444865461,-0.5863738,,0.9580946219342273,
T cells (naive/memory),Macrophages,CSF2,CSF1R,0.060909517,0.0,-0.0058571817,0.06305797573451467,-0.5891144723880084,0.055992812,,0.2905895474278664,
T cells (naive/memory),Macrophages,CSF2,CSF3R,0.030193439,0.0,-0.003590194,0.03258162252440816,-0.8240561829029112,0.047319394,,0.5041128682695006,
T cells (naive/memory),Macrophages,CXCL1,ACKR1,-0.018864587,0.922,0.00023549768,-0.01662953601958148,-1.0909893584984913,-0.028846169,,0.8564256198664384,
T cells (naive/memory),Macrophages,CXCL1,CXCR1,-0.013575948,0.208,-8.008753e-05,-0.0030220635681366386,-0.8832455997456887,-0.1322686,,0.8222477088801171,
T cells (naive/memory),Macrophages,CXCL1,CXCR2,-0.005145017,0.103,-0.0005831804,-0.0018440166265135914,-0.9753411906489919,0.059205633,,0.6745635253744073,
T cells (naive/memory),Macrophages,CXCL10,ACKR1,-0.036535326,1.0,0.0005144492,-0.035962400094773486,-1.079239979197812,0.72953796,,1.0,
T cells (naive/memory),Macrophages,CXCL10,CCR3,-0.038293686,1.0,0.00074366044,-0.02220349767183967,-0.5051437190542252,-1.0682907,,1.0,
T cells (naive/memory),Macrophages,CXCL10,CXCR3,-0.032368153,0.999,-2.8763876e-05,-0.033445815985483206,-1.2453161543834723,0.07035944,,1.0,
T cells (naive/memory),Macrophages,CXCL11,ACKR1,-0.016757095,0.827,0.00020222866,-0.009022131972462887,-0.2939807676962056,-0.028788792,,0.4798989334191863,
T cells (naive/memory),Macrophages,CXCL11,CCR3,-0.018515455,0.444,0.00029233104,0.004736770450470933,0.2801154924473812,0.042156544,,0.33330700390852663,
T cells (naive/memory),Macrophages,CXCL11,CCR5,0.011536485,0.0,-0.0012475998,0.017620632224168042,-0.0879187669916004,0.29571983,,0.06343369015156733,
T cells (naive/memory),Macrophages,CXCL11,CXCR3,-0.012589921,0.647,-1.1307007e-05,-0.0065055478631726085,-0.46005694288186594,-0.0027765015,,0.391864240038256,
T cells (naive/memory),Macrophages,CXCL13,ACKR1,-0.023796462,0.978,0.0003133526,-0.017725588707640693,-0.2974859331496189,-0.029381556,,0.7127845659821943,
T cells (naive/memory),Macrophages,CXCL13,CXCR3,-0.019629287,0.918,-1.7520166e-05,-0.015209004598350414,-0.4635621083352792,-0.00283367,,0.5509517395506057,
T cells (naive/memory),Macrophages,CXCL13,CXCR5,6.358512e-05,0.05,-0.0015811299,0.005886031008434723,0.1502475850070022,0.16175242,,0.1973040151328506,
T cells (naive/memory),Macrophages,CXCL2,ACKR1,-0.070292205,1.0,0.0010473375,-0.06926806431683563,-2.3796194898462892,0.034347016,,1.0,
T cells (naive/memory),Macrophages,CXCL2,CXCR1,-0.06500356,1.0,-0.00035617623,-0.05566059186539078,-2.1718757310934866,0.15749167,,1.0,
T cells (naive/memory),Macrophages,CXCL2,CXCR2,-0.05657263,1.0,-0.0025935997,-0.05448254492376774,-2.26397132199679,-0.07049591,,1.0,
T cells (naive/memory),Macrophages,CXCL8,ACKR1,-0.07635111,1.0,0.0011429839,-0.07590318109927599,-2.709771524323439,0.037153732,,1.0,
T cells (naive/memory),Macrophages,CXCL8,CD79A,-0.027445827,0.998,-0.013020885,-0.02864243588402468,-2.4868660854607585,-0.16301592,,1.0,
T cells (naive/memory),Macrophages,CXCL8,CXCR1,-0.07106247,1.0,-0.00038870343,-0.06229570864783114,-2.502027765570636,0.17036133,,1.0,
T cells (naive/memory),Macrophages,CXCL8,CXCR2,-0.06263154,1.0,-0.0028304558,-0.061117661706208096,-2.5941233564739394,-0.07625657,,1.0,
T cells (naive/memory),Macrophages,CXCL9,ACKR1,-0.028785922,0.999,0.00039211655,-0.029527274124694282,-2.949798021806431,-0.0723713,,1.0,
T cells (naive/memory),Macrophages,CXCL9,CCR3,-0.030544281,1.0,0.0005668229,-0.015768371701760465,-2.375701761662844,0.10597609,,1.0,
T cells (naive/memory),Macrophages,CXCL9,CXCR3,-0.024618747,0.989,-2.1924016e-05,-0.027010690015404005,-3.115874196992091,-0.006979765,,1.0,
T cells (naive/memory),Macrophages,CXCL9,KIR2DL3,-0.015466727,0.731,-0.00093124696,-0.01671412470678845,-2.876779226135206,-0.28726408,,1.0,
T cells (naive/memory),Macrophages,FADD,TRAF2,-0.0172855,0.965,-0.00059962046,-0.015192520000628793,0.16920712043448072,6.4417434,,0.448377680569518,
T cells (naive/memory),Macrophages,FASLG,TNFRSF10B,-0.0062082205,0.71,-0.0013596734,-0.0050784370245837325,-0.1343670739292473,0.2226925,,0.4147409022557095,
T cells (naive/memory),Macrophages,FCER2,CR2,0.20140669,0.0,-0.015396892,0.2131912680422498,1.2627064882344832,1.4173318,,0.007070387620923245,
T cells (naive/memory),Macrophages,FN1,C5AR1,-0.04193026,1.0,-0.033027343,-0.04192050444616932,-0.7495573150844188,-0.10603546,,1.0,
T cells (naive/memory),Macrophages,FN1,CD79A,-0.0692607,1.0,-0.020540666,-0.06925181767262008,-0.9748450022134466,-0.185087,,1.0,
T cells (naive/memory),Macrophages,FN1,ITGA2,-0.12734595,1.0,0.005997196,-0.11891733345586787,-1.4161582904912933,-0.10741992,,1.0,
T cells (naive/memory),Macrophages,GAL,HLA-DPA1,0.12850969,0.0,-0.0021712016,0.12787815144207212,-0.5247450383975458,0.06900788,,0.24065921243899518,
T cells (naive/memory),Macrophages,GZMA,PARD3,-0.10480097,1.0,0.0032515866,-0.09294072098128148,-0.141121374657796,0.17921355,,1.0,
T cells (naive/memory),Macrophages,HLA-DPA1,LAG3,-0.022540404,0.996,0.0004287956,-0.02248748519448416,-0.1300135225189924,-0.014746508,,0.8906193971992561,
T cells (naive/memory),Macrophages,HLA-DPB1,LAG3,-0.027856397,1.0,0.0005737819,-0.027803083351092585,-0.10742921814109163,-0.02130579,,1.0,
T cells (naive/memory),Macrophages,HLA-DQA1,LAG3,-0.039515454,1.0,0.00089176634,-0.03946350163267566,-0.24849115494396734,-0.036931973,,1.0,
T cells (naive/memory),Macrophages,HLA-DQB1,LAG3,0.01259587,0.072,-0.00052949693,0.01264670468292089,-0.018041840998697545,0.019322235,,0.2098218115228725,
T cells (naive/memory),Macrophages,HLA-DRA,LAG3,0.014876571,0.05,-0.00059169985,0.014927105199156106,0.00399087928247599,0.01805079,,0.20813126043951052,
T cells (naive/memory),Macrophages,HLA-DRB1,LAG3,-0.063516244,1.0,0.0015463541,-0.06346362314240843,-0.2880862320932829,-0.052428853,,1.0,
T cells (naive/memory),Macrophages,HLA-DRB5,LAG3,-0.050122675,1.0,0.0011810634,-0.05006900353477152,-0.4081762838524112,-0.058057368,,1.0,
T cells (naive/memory),Macrophages,IL10,CD70,-0.06156217,1.0,0.0028144866,-0.05656054034999601,-1.473161339328641,-0.20648104,,1.0,
T cells (naive/memory),Macrophages,IL1B,ADRB2,-0.07668389,1.0,0.001969402,-0.0769855787234061,-2.036687123877343,0.1753082,,1.0,
T cells (naive/memory),Macrophages,IL1B,IL1R2_IL1RAP,-0.07408811,1.0,0.001246623,-0.07100435686395269,-2.1064319640608873,0.06977999,,1.0,
T cells (naive/memory),Macrophages,IL4,IL21R,-0.02798942,0.999,0.0004837781,-0.012849117892927753,0.21084628552981877,0.9039461,,1.0,
T cells (naive/memory),Macrophages,IL6,FCGR3B,0.016504044,0.0,5.920349e-05,0.04226041200338734,0.8866371709823335,-0.0037899294,-3.3446057,0.25067131593627384,
T cells (naive/memory),Macrophages,L1CAM,CD9,0.102522574,0.0,0.00064530584,0.12113329747281246,1.1688147312461044,-0.012182026,1.6486852,0.11671841500024098,
T cells (naive/memory),Macrophages,L1CAM,ERBB2,-0.011951703,0.212,-8.6639586e-05,0.01089095925306299,0.3229877228909248,-0.01121623,,0.31239000703985526,
T cells (naive/memory),Macrophages,LGALS3,LAG3,-0.12997238,1.0,0.0033588521,-0.12992098531427046,-0.6345609414031573,-0.21092671,,1.0,
T cells (naive/memory),Macrophages,LTF,IGDCC4,-0.035626866,1.0,0.00072789093,-0.03124387598999775,-0.9254265971841944,0.96833557,,1.0,
T cells (naive/memory),Macrophages,LTF,IL1RL1,-0.06314822,1.0,0.003969604,-0.06112453605850074,-1.3521808275175955,55.267044,,0.06846226210451307,
T cells (naive/memory),Macrophages,NTNG2,LRRC4,-0.030226035,0.958,0.0007999208,-0.012768984179449315,-0.19323826730640326,0.11427542,,0.6334825443243192,
T cells (naive/memory),Macrophages,PNOC,OPRL1,0.12846196,0.0,-0.0031037831,0.1797300186633394,1.7690905647503339,1.7295932,,0.007070387620923245,
T cells (naive/memory),Macrophages,PSAP,CD1B,-0.1464069,1.0,-0.003794475,-0.11861203414326452,0.45616815986812226,0.057937294,,1.0,
T cells (naive/memory),Macrophages,S100A12,CD36,0.051524624,0.0,-0.017098265,0.05111917502494934,-0.6957138071052376,-0.20508948,,1.0,
T cells (naive/memory),Macrophages,S100A8,CD36,0.011646986,0.104,-0.032416873,0.011661360315551428,-1.320886384660909,-0.1539641,,1.0,
T cells (naive/memory),Macrophages,S100A8,CD68,0.04821437,0.0,-0.04476028,0.048207635134691076,-1.5339815200912048,-0.12685248,,1.0,
T cells (naive/memory),Macrophages,S100A9,CD36,-0.016729973,0.976,-0.04331761,-0.01671189833258424,-0.80220717502106,-0.16812639,,0.9953745259687429,
T cells (naive/memory),Macrophages,S100A9,CD68,0.01983741,0.013,-0.0598117,0.019834376486555408,-1.0153023104513559,-0.13852093,,0.8553417084440372,
T cells (naive/memory),Macrophages,SAA1,CD36,0.07306015,0.0,-0.0088256,0.0737314554476884,-0.5063447042961147,0.20313148,,0.22754293098662365,
T cells (naive/memory),Macrophages,SAA1,FPR1,0.031533226,0.0,-0.0050092866,0.03219004506748128,-1.0554211448259176,0.09351876,,0.638219913598202,
T cells (naive/memory),Macrophages,SCGB3A1,MARCO,0.061884604,0.0,-0.0069201984,0.06503356087267909,-0.07917154921608072,0.1904596,,0.05996593481381837,
T cells (naive/memory),Macrophages,SCGB3A1,NOTCH3,-0.03191616,0.983,0.0009210076,-0.019380236518617953,-0.801490126823309,0.18037604,,0.735423031832764,
T cells (naive/memory),Macrophages,SORBS1,ITGA1,-0.032061353,1.0,0.0009728831,-0.026581158666540473,-0.553012747376644,0.26003084,,1.0,
T cells (naive/memory),Macrophages,THBS1,CD36,0.04383945,0.0,-0.02005045,0.04349212651643961,-1.0417064861051275,-0.15806456,,0.9500428397137457,
T cells (naive/memory),Macrophages,TNF,FFAR2,-0.03581103,1.0,-0.0007960396,-0.02137345106003787,0.07928180502548665,-0.7404081,,1.0,
T cells (naive/memory),Macrophages,TNF,ICOS,-0.0403942,1.0,-4.9888487e-05,-0.04034773261023508,-0.3032871002741242,0.04332958,,1.0,
T cells (naive/memory),Macrophages,TNF,NOTCH1,-0.05514171,1.0,0.0023510435,-0.0551059659741439,-0.3872146060037671,1.4481262,,1.0,
T cells (naive/memory),Macrophages,TNF,TRAF2,-0.034356646,1.0,-0.001032817,-0.032971480835674236,-0.09818617633725601,3.3335135,,0.7502381027262719,
T cells (naive/memory),Macrophages,TNFSF4,TNFRSF4,-0.03512983,1.0,0.0008887107,-0.03237602533992941,-0.9532384067831363,0.14349902,,1.0,
T cells (naive/memory),Macrophages,TNFSF4,TRAF2,-0.02051332,0.916,-0.0006815294,-0.017137957376699535,-0.7674725701016736,-0.4774334,,1.0,
T cells (naive/memory),Macrophages,TNFSF9,ADGRG5,-0.02802936,1.0,-0.00081351533,-0.02592128513649627,-0.6008870421664305,2.1794848,,1.0,
T cells (naive/memory),Macrophages,TNFSF9,HLA-DPA1,0.09859368,0.0,-0.018039025,0.09872818226674661,-0.3185883945808574,-0.8311072,,0.7543791709995192,
T cells (naive/memory),Macrophages,TNFSF9,TNFRSF9,-0.038288962,1.0,0.0005821777,-0.03317835356669344,-0.7501902554270252,-0.23376408,,1.0,
T cells (naive/memory),Macrophages,TNFSF9,TRAF2,-0.027665446,0.998,-0.00086302136,-0.026189739431870945,-0.4541049306142093,2.8893998,,0.8320073904532841,
T cells (naive/memory),Monocytes/DC,ADCYAP1,ADRB2,0.0066099092,0.019,-0.0035899365,0.006691230117446257,-1.7154007331725931,0.9081229,,0.9802293295798952,
T cells (naive/memory),Monocytes/DC,ADCYAP1,VIPR2,-0.033905573,0.998,0.00075896835,-0.0176719954533669,-0.876040445505958,0.057238497,,0.9619890792881178,
T cells (naive/memory),Monocytes/DC,ADM,ADRB2,-0.02597278,0.991,-0.007948815,-0.026743574901879043,-2.457085580674459,-0.8272859,,1.0,
T cells (naive/memory),Monocytes/DC,ADM,RAMP1,-0.036512494,1.0,-0.00544384,-0.013513663330576214,-1.6613059965117882,0.22050786,,1.0,
T cells (naive/memory),Monocytes/DC,APOE,LRP8,-0.1262323,1.0,-0.003837146,-0.11098213345155533,-1.0582222843097882,0.07986582,,1.0,
T cells (naive/memory),Monocytes/DC,BTLA,CD247,-0.12802185,1.0,-0.009299967,-0.12722773706251894,-0.31482572405785025,-12.173807,,1.0,
T cells (naive/memory),Monocytes/DC,BTLA,CD79A,-0.08275626,1.0,-0.0063796313,-0.08196688412108272,-0.6228603813502291,6.6737213,,0.4294315266093362,
T cells (naive/memory),Monocytes/DC,C3,C5AR2,0.16711116,0.0,-0.09281207,0.20268345984673297,0.00791353349713031,-0.90888435,,0.4078193748183807,
T cells (naive/memory),Monocytes/DC,C3,CR2,-0.12647657,1.0,0.01309259,-0.1266536749516456,-3.9598295044919385,-0.42354915,,1.0,
T cells (naive/memory),Monocytes/DC,CCL13,ACKR1,0.08752921,0.0,-0.0044991355,0.09480422203950238,-0.17143719745339947,0.5747047,,0.08633187163120562,
T cells (naive/memory),Monocytes/DC,CCL13,CCR2,0.04840127,0.0,-0.002719171,0.049617307618521886,-1.4067070185190456,0.5032994,,0.2011925770655636,
T cells (naive/memory),Monocytes/DC,CCL13,CCR3,-0.01359163,0.104,0.000100940204,0.014674081256856862,0.09820384583889386,0.013061384,,0.22648766119993868,
T cells (naive/memory),Monocytes/DC,CCL13,CCR5,0.083009675,0.0,-0.004293538,0.08417384915326087,-1.012591829003029,0.91317785,,0.11671841500024098,
T cells (naive/memory),Monocytes/DC,CCL13,CXCR3,-0.051648013,1.0,0.0018321584,-0.05048568069450735,-1.7096554292523352,0.40369016,,1.0,
T cells (naive/memory),Monocytes/DC,CCL17,ACKR1,0.08281104,0.0,-0.0063656806,0.0888992423563127,-0.6224829699500563,0.64726067,,0.11671841500024098,
T cells (naive/memory),Monocytes/DC,CCL18,ACKR1,0.04330533,0.0,-0.021994447,0.04760252451443521,-2.773624494837171,-0.8290893,,1.0,
T cells (naive/memory),Monocytes/DC,CCL18,CCR3,-0.057815515,1.0,0.0004934557,-0.03252761626821031,-2.503983451544878,-0.018842813,,1.0,
T cells (naive/memory),Monocytes/DC,CCL19,CCR7,-0.15725677,1.0,0.0076855076,-0.15571122544641686,-1.6868309904285468,0.56068206,,1.0,
T cells (naive/memory),Monocytes/DC,CCL19,CXCR3,-0.05362699,1.0,0.002150974,-0.05208145296317275,-1.9128449526468616,0.35172084,,1.0,
T cells (naive/memory),Monocytes/DC,CCL2,ACKR1,0.04944797,0.0,-0.019564372,0.0536114827329835,-1.7033636618154113,-1.3210939,,0.970456159840125,
T cells (naive/memory),Monocytes/DC,CCL2,CCR2,0.010320023,0.062,-0.011824244,0.008424568312003007,-2.938633482881057,-1.1569523,,1.0,
T cells (naive/memory),Monocytes/DC,CCL2,CCR3,-0.051672876,1.0,0.0004389358,-0.026518658049662015,-1.433722618523118,-0.030024663,,1.0,
T cells (naive/memory),Monocytes/DC,CCL2,CCR5,0.04492843,0.0,-0.018670335,0.04298110984674199,-2.5445182933650408,-2.0991542,,1.0,
T cells (naive/memory),Monocytes/DC,CCL20,CCR6,-0.07481578,1.0,0.0051900055,-0.07271014716210687,-1.6681938803158232,-5.2515764,,1.0,
T cells (naive/memory),Monocytes/DC,CCL20,CXCR3,-0.06759117,1.0,0.0044006193,-0.06548432881598873,-1.5377922010203138,1.2561414,,1.0,
T cells (naive/memory),Monocytes/DC,CCL21,CCR7,-0.19071957,1.0,0.026947375,-0.19099486244386532,-1.7334699600614547,-1.6680089,,1.0,
T cells (naive/memory),Monocytes/DC,CCL21,CXCR3,-0.08708979,1.0,0.0075418707,-0.08736508996062123,-1.9594839222797695,-1.0463568,,1.0,
T cells (naive/memory),Monocytes/DC,CCL3,CCR3,-0.10754043,1.0,0.0009347963,-0.08044069759859437,0.10039347612069682,-0.03185136,,1.0,
T cells (naive/memory),Monocytes/DC,CCL3,CCR5,-0.010939121,0.847,-0.03976199,-0.010940929702190363,-1.010402198721226,-2.2268662,,1.0,
T cells (naive/memory),Monocytes/DC,CCL4,CCR3,-0.109824084,1.0,0.0009550652,-0.08272332188668624,0.5756292097580756,1.6746848,,0.6288600977722509,
T cells (naive/memory),Monocytes/DC,CCL4,CCR5,-0.013222776,0.9,-0.040624138,-0.01322355399028223,-0.5351664650838471,117.084465,,0.020631807425364527,
T cells (naive/memory),Monocytes/DC,CCL4,CNR2,-0.1381192,1.0,0.0131338695,-0.13663327156325475,-1.399289038226733,-109.17257,,1.0,
T cells (naive/memory),Monocytes/DC,CCL5,ACKR1,0.00983423,0.123,-0.035235874,0.01595124718071987,0.4711332266314014,1.6220372,,0.2390238495115565,
T cells (naive/memory),Monocytes/DC,CCL5,CCR3,-0.091286615,1.0,0.0007905332,-0.06417889360192565,0.7407742699236948,0.036864236,,1.0,
T cells (naive/memory),Monocytes/DC,CCL5,CCR5,0.005314693,0.322,-0.033625696,0.005320874294478362,-0.37002140491822805,2.5773385,,0.2922662853527567,
T cells (naive/memory),Monocytes/DC,CCL5,CXCR3,-0.129343,1.0,0.014348912,-0.12933865555328986,-1.0670850051675342,1.1393685,,1.0,
T cells (naive/memory),Monocytes/DC,CCL7,ACKR1,0.08138271,0.0,-0.006930744,0.08735598480233756,-0.7448519807185796,0.77713305,,0.11671841500024098,
T cells (naive/memory),Monocytes/DC,CCL7,CCR2,0.042254757,0.0,-0.0041887774,0.04216907038135706,-1.9801218017842257,0.68057674,,0.2517715806471337,
T cells (naive/memory),Monocytes/DC,CCL7,CCR3,-0.019738143,0.525,0.00015549446,0.007225844019692038,-0.4752109374262863,0.017661996,,0.34967116676279714,
T cells (naive/memory),Monocytes/DC,CCL7,CCR5,0.07686317,0.0,-0.0066140285,0.07672561191609605,-1.586006612268209,1.2348267,,0.11671841500024098,
T cells (naive/memory),Monocytes/DC,CCL7,CXCR3,-0.057794526,1.0,0.0028223689,-0.05793391793167218,-2.283070212517515,0.54588205,,1.0,
T cells (naive/memory),Monocytes/DC,CCL8,ACKR1,0.07472908,0.0,-0.009562969,0.08077794776136492,-0.4238409291083003,4.199313,,0.11671841500024098,
T cells (naive/memory),Monocytes/DC,CCL8,CCR2,0.03560113,0.0,-0.0057796324,0.03559103334038442,-1.6591107501739464,3.6775615,,0.29450428234117143,
T cells (naive/memory),Monocytes/DC,CCL8,CCR3,-0.026391769,0.968,0.00021454967,0.0006478069787194014,-0.15419988581600697,0.095438294,,0.6696564303408992,
T cells (naive/memory),Monocytes/DC,CCL8,CCR5,0.07020954,0.0,-0.009125969,0.07014757487512341,-1.2649955606579297,6.6725044,,0.12619675919425605,
T cells (naive/memory),Monocytes/DC,CD14,RIPK1,-0.0926062,1.0,-0.022858668,-0.09251044158218177,-1.4690721103504294,-0.89329904,,1.0,
T cells (naive/memory),Monocytes/DC,CD24,SIGLEC10,0.432474,0.0,0.11504319,0.4348661694464099,2.3073952639847928,2.0183651,1.0303626,0.0060894263655707406,
T cells (naive/memory),Monocytes/DC,CD40LG,CD40,0.08213338,0.0,-0.0039793947,0.08361982718318535,-0.8707091979088393,0.19706753,,0.3048814429772517,
T cells (naive/memory),Monocytes/DC,CD40LG,CD9,0.43088165,0.0,-0.018926453,0.43085834550256363,0.9047542666854675,0.44022015,,0.007070387620923245,
T cells (naive/memory),Monocytes/DC,COL1A1,CD36,0.41314334,0.0,-0.1700484,0.41316486762825205,0.5302542493488172,-1.2983012,,0.11671841500024098,
T cells (naive/memory),Monocytes/DC,CP,SLC40A1,0.27460143,0.0,-0.0142232645,0.275731130598898,0.664047942430646,0.5381857,,0.007070387620923245,
T cells (naive/memory),Monocytes/DC,CSF1,CELSR3,-0.0696936,1.0,0.0018847256,-0.05357270850437294,-0.505639151145922,-0.34805018,,1.0,
T cells (naive/memory),Monocytes/DC,CSF1,CSF3R,0.5020858,0.0,-0.14016129,0.5036083358643552,1.6360380857485448,-5.7474403,,0.06317371621330077,
T cells (naive/memory),Monocytes/DC,CSF1_IL34,CSF1R,0.71718824,0.0,-0.19359875,0.7171917007386254,0.9220977862544348,-5.757995,,0.11671841500024098,
T cells (naive/memory),Monocytes/DC,CSF2,CSF1R,0.7608441,0.0,-0.057515573,0.7630014778582245,0.6317486583529726,0.54983073,,0.007070387620923245,
T cells (naive/memory),Monocytes/DC,CSF2,CSF3R,0.5457417,0.0,-0.041640025,0.5494181129839543,1.3456889578470825,0.5488229,,0.007070387620923245,
T cells (naive/memory),Monocytes/DC,CXCL1,ACKR1,0.08398387,0.0,-0.005901704,0.0906831847919193,-0.4966031979055576,0.72290117,,0.11671841500024098,
T cells (naive/memory),Monocytes/DC,CXCL1,CXCR1,0.068432674,0.0,-0.0049737287,0.10095013711648392,0.05932593723696877,-8.214363,,0.3660802590017832,
T cells (naive/memory),Monocytes/DC,CXCL1,CXCR2,0.14116736,0.0,-0.009313974,0.15192797625153476,0.4258298767845998,0.94557315,,0.009381984913561283,
T cells (naive/memory),Monocytes/DC,CXCL10,ACKR1,0.066313125,0.0,-0.012892385,0.07135032071672728,-0.4848538186048783,-18.28263,,0.7755952912871411,
T cells (naive/memory),Monocytes/DC,CXCL10,CCR3,-0.03480772,1.0,0.00028924667,-0.008779820065918226,-0.21521277531258498,-0.41551158,,1.0,
T cells (naive/memory),Monocytes/DC,CXCL10,CXCR3,-0.0728641,1.0,0.0052500954,-0.07393958201728244,-2.023072050403814,-12.842279,,1.0,
T cells (naive/memory),Monocytes/DC,CXCL11,ACKR1,0.086091354,0.0,-0.005067964,0.09829058883903789,0.3004053928967281,0.72146326,,0.014936838980318445,
T cells (naive/memory),Monocytes/DC,CXCL11,CCR3,-0.01502949,0.103,0.00011370213,0.018160448056392373,0.5700464361890214,0.016396783,,0.22521077834042658,
T cells (naive/memory),Monocytes/DC,CXCL11,CCR5,0.08157182,0.0,-0.0048363726,0.08766021595279638,-0.5407492386529014,1.1463702,,0.11671841500024098,
T cells (naive/memory),Monocytes/DC,CXCL11,CXCR3,-0.05308587,1.0,0.0020637992,-0.04699931389497184,-1.2378128389022076,0.5067779,,1.0,
T cells (naive/memory),Monocytes/DC,CXCL13,ACKR1,0.07905199,0.0,-0.007852792,0.08958713210386009,0.2969002274433148,0.7363183,,0.015251564029454693,
T cells (naive/memory),Monocytes/DC,CXCL13,CXCR3,-0.06012524,1.0,0.0031978495,-0.055702770630149646,-1.241318004355621,0.5172125,,1.0,
T cells (naive/memory),Monocytes/DC,CXCL13,CXCR5,-0.05777604,1.0,0.0030113237,-0.053190472519641666,-1.4074271751928622,-0.3080638,,1.0,
T cells (naive/memory),Monocytes/DC,CXCL2,ACKR1,0.03255625,0.0,-0.026246866,0.03804465649466515,-1.7852333292533555,-0.8607555,,1.0,
T cells (naive/memory),Monocytes/DC,CXCL2,CXCR1,0.017005056,0.005,-0.022119848,0.04831160881922977,-1.2293041941108291,9.780809,,0.29792960774916155,
T cells (naive/memory),Monocytes/DC,CXCL2,CXCR2,0.08973975,0.0,-0.04142238,0.0992894479542806,-0.8628002545631981,-1.1258901,,0.7543791709995192,
T cells (naive/memory),Monocytes/DC,CXCL8,ACKR1,0.026497342,0.001,-0.028643817,0.03140953971222479,-2.115385363730505,-0.93109334,,1.0,
T cells (naive/memory),Monocytes/DC,CXCL8,CD79A,-0.17128974,1.0,0.028638955,-0.1724909742985012,-3.5782109608402646,0.3585475,,1.0,
T cells (naive/memory),Monocytes/DC,CXCL8,CXCR1,0.010946147,0.016,-0.024139905,0.041676492036789414,-1.5594562285879787,10.580062,,0.2718530515157215,
T cells (naive/memory),Monocytes/DC,CXCL8,CXCR2,0.08368084,0.0,-0.04520521,0.09265433117184024,-1.1929522890403477,-1.2178938,,0.7543791709995192,
T cells (naive/memory),Monocytes/DC,CXCL9,ACKR1,0.074062526,0.0,-0.009826661,0.0777854466868065,-2.355411861213497,1.8136653,,0.11671841500024098,
T cells (naive/memory),Monocytes/DC,CXCL9,CCR3,-0.027058316,0.978,0.0002204657,-0.002344694095839022,-2.085770817921204,0.04121939,,1.0,
T cells (naive/memory),Monocytes/DC,CXCL9,CXCR3,-0.0651147,1.0,0.0040016575,-0.06750445604720323,-3.893630093012433,1.2739741,,1.0,
T cells (naive/memory),Monocytes/DC,CXCL9,KIR2DL3,-0.05195844,1.0,0.0026944827,-0.05396559849231153,-3.537435695240005,0.83117384,,1.0,
T cells (naive/memory),Monocytes/DC,FADD,TRAF2,-0.008230001,0.689,-0.0014555275,-0.0058962552249983945,-0.82416383708108,15.636783,,0.2159831721662545,
T cells (naive/memory),Monocytes/DC,FASLG,TNFRSF10B,0.099017575,0.0,-0.010535561,0.10098661366174327,-0.31607979988415247,1.7255542,,0.11671841500024098,
T cells (naive/memory),Monocytes/DC,FCER2,CR2,0.18268918,0.0,-0.03179226,0.18889662265104495,-0.6299951263815236,2.9265764,,0.11671841500024098,
T cells (naive/memory),Monocytes/DC,FN1,C5AR1,0.6102175,0.0,-0.33097926,0.6102426044510751,0.5177499334456375,-1.0626208,,0.11671841500024098,
T cells (naive/memory),Monocytes/DC,FN1,CD79A,-0.21310462,1.0,0.04517844,-0.21310035608709657,-2.066189877592953,0.407092,,1.0,
T cells (naive/memory),Monocytes/DC,FN1,ITGA2,-0.12152021,1.0,0.003335545,-0.1050889983994907,-1.0204012486943486,-0.059745256,,1.0,
T cells (naive/memory),Monocytes/DC,GAL,HLA-DPA1,0.6193358,0.0,-0.010207834,0.6186902201930613,0.10822497398340447,0.3244383,,0.03146153207197333,
T cells (naive/memory),Monocytes/DC,GZMA,PARD3,-0.09336005,1.0,-0.0011584496,-0.05572271969776089,0.8028562929100613,-0.063848786,,1.0,
T cells (naive/memory),Monocytes/DC,HLA-DPA1,LAG3,-0.04288704,1.0,0.0017083554,-0.04285993999617515,-1.242948563918162,-0.05875124,,1.0,
T cells (naive/memory),Monocytes/DC,HLA-DPB1,LAG3,-0.048203036,1.0,0.0022859918,-0.048175538152783574,-1.2203642595402613,-0.084883936,,1.0,
T cells (naive/memory),Monocytes/DC,HLA-DQA1,LAG3,-0.059862092,1.0,0.0035528669,-0.05983595643436665,-1.361426196343137,-0.14713988,,1.0,
T cells (naive/memory),Monocytes/DC,HLA-DQB1,LAG3,-0.007750768,0.769,-0.0021095572,-0.007725750118770098,-1.1309768823978672,0.0769813,,0.9187874535986275,
T cells (naive/memory),Monocytes/DC,HLA-DRA,LAG3,-0.0054700673,0.711,-0.0023573786,-0.005445349602534882,-1.1089441621166936,0.07191576,,0.8860826500284749,
T cells (naive/memory),Monocytes/DC,HLA-DRB1,LAG3,-0.08386288,1.0,0.0061607957,-0.08383607794409942,-1.4010212734924525,-0.20888065,,1.0,
T cells (naive/memory),Monocytes/DC,HLA-DRB5,LAG3,-0.07046931,1.0,0.004705449,-0.07044145833646251,-1.5211113252515809,-0.2313051,,1.0,
T cells (naive/memory),Monocytes/DC,IL10,CD70,-0.058610003,1.0,0.0022666017,-0.05266864690817932,-1.8098505300684367,-0.1662862,,1.0,
T cells (naive/memory),Monocytes/DC,IL1B,ADRB2,-0.036166262,1.0,-0.009312489,-0.03633300670607441,-2.606453650940549,-0.8289601,,1.0,
T cells (naive/memory),Monocytes/DC,IL1B,IL1R2_IL1RAP,0.020086706,0.009,-0.024975792,0.032229602289512146,-1.6977276433911874,-1.3980253,,1.0,
T cells (naive/memory),Monocytes/DC,IL4,IL21R,-0.020834886,0.966,0.00033096285,-0.005661428177782609,-0.6905131041553099,0.6184087,,0.6553465194138581,
T cells (naive/memory),Monocytes/DC,IL6,FCGR3B,0.241006,0.0,0.0009138195,0.28867553121022194,2.5292179949557294,-0.058498435,1.4939532,0.11671841500024098,
T cells (naive/memory),Monocytes/DC,L1CAM,CD9,0.44319496,0.0,0.0028235556,0.46177530471232037,1.4996759314031727,-0.053302836,1.2316735,0.08883660202220825,
T cells (naive/memory),Monocytes/DC,L1CAM,ERBB2,-0.012201309,0.279,-8.823556e-05,0.010595884142970897,-0.4929878533946499,-0.011422843,,0.31289930386842485,
T cells (naive/memory),Monocytes/DC,LGALS3,LAG3,-0.15031902,1.0,0.01338193,-0.15029344011596144,-1.7474959828023269,-0.84034854,,1.0,
T cells (naive/memory),Monocytes/DC,LTF,IGDCC4,-0.031293817,1.0,0.00021750527,-0.0007537368659465346,0.7499969436921343,0.2893539,,0.8684915753844518,
T cells (naive/memory),Monocytes/DC,LTF,IL1RL1,-0.039310023,1.0,0.0011617263,-0.03462254083231481,-1.3196895664995791,16.174202,,0.20274657149532554,
T cells (naive/memory),Monocytes/DC,NTNG2,LRRC4,0.019660063,0.0,-0.0032796343,0.09923851094656652,1.4157524879458805,-0.46852332,,0.11671841500024098,
T cells (naive/memory),Monocytes/DC,PNOC,OPRL1,0.20157662,0.0,0.0361565,0.2989071759627062,3.0309935716150758,-20.148327,1.0554799,0.06165587938542355,
T cells (naive/memory),Monocytes/DC,PSAP,CD1B,-0.13078344,1.0,-0.013332443,-0.0871155468348965,0.6110710419275662,0.20357119,,1.0,
T cells (naive/memory),Monocytes/DC,S100A12,CD36,0.45392412,0.0,-0.08874221,0.4535257433934548,0.007129537106531192,-1.064441,,0.4092794238722463,
T cells (naive/memory),Monocytes/DC,S100A8,CD36,0.41404647,0.0,-0.16824779,0.4140679286840569,-0.6180430404491402,-0.79909366,,0.690869700258354,
T cells (naive/memory),Monocytes/DC,S100A8,CD68,0.73555005,0.0,-0.27677208,0.7355456729044655,-0.6256390782615497,-0.7843836,,0.1158602380279843,
T cells (naive/memory),Monocytes/DC,S100A9,CD36,0.38566953,0.0,-0.22482401,0.3856946700359212,-0.09936383080929123,-0.87259775,,0.5399480071530248,
T cells (naive/memory),Monocytes/DC,S100A9,CD68,0.70717305,0.0,-0.3698415,0.7071724142563298,-0.10695986862170082,-0.85653454,,0.1393978639059176,
T cells (naive/memory),Monocytes/DC,SAA1,CD36,0.47545964,0.0,-0.04580601,0.47613802381619386,0.19649863991565408,1.0542787,,0.021952270365013394,
T cells (naive/memory),Monocytes/DC,SAA1,FPR1,0.5834983,0.0,-0.055734735,0.5841618484371043,0.8856021086161194,1.040516,,0.007070387620923245,
T cells (naive/memory),Monocytes/DC,SCGB3A1,MARCO,0.4036449,0.0,-0.035489403,0.4073155208347786,0.9782712207796547,0.976749,,0.007070387620923245,
T cells (naive/memory),Monocytes/DC,SCGB3A1,NOTCH3,0.026057417,0.0,-0.0039252513,0.07115896648703945,0.16968399518330957,-0.7687464,,0.2778701876055538,
T cells (naive/memory),Monocytes/DC,SORBS1,ITGA1,-0.029854856,0.996,0.0008641382,-0.024374026307430626,-1.0645382890179198,0.23096564,,0.8906193971992561,
T cells (naive/memory),Monocytes/DC,THBS1,CD36,0.44623893,0.0,-0.104064435,0.44589869488494505,-0.33886314189335875,-0.82037556,,0.6215945445792377,
T cells (naive/memory),Monocytes/DC,TNF,FFAR2,0.09544881,0.0,-0.022165474,0.16270659798664394,1.4880368379035427,-20.616432,,0.11671841500024098,
T cells (naive/memory),Monocytes/DC,TNF,ICOS,-0.08771713,1.0,0.0076544043,-0.08768078776299784,-1.3970197850240158,-6.6480694,,1.0,
T cells (naive/memory),Monocytes/DC,TNF,NOTCH1,-0.0059563518,0.702,-0.005656457,-0.005920427537234714,-0.5764591513726021,-3.4840968,,1.0,
T cells (naive/memory),Monocytes/DC,TNF,TRAF2,-0.02530115,0.994,-0.002507075,-0.023675216060043837,-1.0915571338528167,8.09182,,0.35610156011914296,
T cells (naive/memory),Monocytes/DC,TNFSF4,TNFRSF4,-0.0457775,1.0,0.0020325817,-0.04323607828065579,-1.6034735679639684,0.32819843,,1.0,
T cells (naive/memory),Monocytes/DC,TNFSF4,TRAF2,-0.011457821,0.515,-0.0016543546,-0.007841692601069136,-1.7608435276172343,-1.1589289,,1.0,
T cells (naive/memory),Monocytes/DC,TNFSF9,ADGRG5,-0.03570646,1.0,0.00023086023,-0.03390162924984901,-0.9271936955671736,-0.6184965,,1.0,
T cells (naive/memory),Monocytes/DC,TNFSF9,HLA-DPA1,0.5894197,0.0,-0.084809884,0.5895402510177358,0.3143816178000929,-3.9074233,,0.18751387027923194,
T cells (naive/memory),Monocytes/DC,TNFSF9,TNFRSF9,-0.047963664,1.0,0.0018983019,-0.04421439170607569,-1.3014919940680638,-0.7622326,,1.0,
T cells (naive/memory),Monocytes/DC,TNFSF9,TRAF2,-0.018609947,0.952,-0.0020949107,-0.016893474656240547,-1.44747588812977,7.0137715,,0.3976862808143468,
T cells (naive/memory),NK/Cytotoxic T cells,ADCYAP1,ADRB2,0.0025292095,0.034,-0.003151917,0.002597308123581131,-0.7088664090645937,0.7973199,,0.38519164804972794,
T cells (naive/memory),NK/Cytotoxic T cells,ADCYAP1,VIPR2,-0.04020027,1.0,0.0014346369,-0.036627735793002075,-1.9080325179038227,0.108194835,,1.0,
T cells (naive/memory),NK/Cytotoxic T cells,ADM,ADRB2,-0.03005348,1.0,-0.006978955,-0.03083749689574417,-1.4505512565664596,-0.7263461,,1.0,
T cells (naive/memory),NK/Cytotoxic T cells,ADM,RAMP1,-0.04564513,1.0,-0.0032732862,-0.026687728108802232,-1.0785547506147424,0.13258754,,1.0,
T cells (naive/memory),NK/Cytotoxic T cells,APOE,LRP8,-0.13660333,1.0,0.0016977598,-0.12529680181671235,-0.8047551823302423,-0.035336938,,1.0,
T cells (naive/memory),NK/Cytotoxic T cells,BTLA,CD247,0.15725262,0.0,0.0091046775,0.15803310039023363,0.6487118091910135,11.918169,1.1170043,0.007070387620923245,
T cells (naive/memory),NK/Cytotoxic T cells,BTLA,CD79A,-0.0856652,1.0,-0.006567304,-0.08488678850031191,-0.6672675819360177,6.870045,,0.40723198930163546,
T cells (naive/memory),NK/Cytotoxic T cells,C3,C5AR2,-0.13013713,1.0,0.014413046,-0.13020778773719074,-2.7554878685901736,0.14114319,,1.0,
T cells (naive/memory),NK/Cytotoxic T cells,C3,CR2,-0.10544219,1.0,0.0055049453,-0.09935237430333019,-1.9957466393929315,-0.1780866,,1.0,
T cells (naive/memory),NK/Cytotoxic T cells,CCL13,ACKR1,-0.030871473,1.0,0.0008870154,-0.028733712696166147,-0.9406122516013258,-0.11330441,,1.0,
T cells (naive/memory),NK/Cytotoxic T cells,CCL13,CCR2,-0.016785176,0.939,0.00024621745,-0.015602641885944745,-0.611246881890843,-0.04557312,,0.5814753043213702,
T cells (naive/memory),NK/Cytotoxic T cells,CCL13,CCR3,-0.022843134,0.995,0.0005217992,-0.02095070519015114,-1.9955513649181271,0.067519374,,1.0,
T cells (naive/memory),NK/Cytotoxic T cells,CCL13,CCR5,-0.03807705,1.0,0.0012148033,-0.036918215902727,-0.9094422390849803,-0.25837237,,1.0,
T cells (naive/memory),NK/Cytotoxic T cells,CCL13,CXCR3,-0.014740675,0.878,0.00015321127,-0.013580984640740729,-0.8270908112562025,0.033757932,,0.5077665070225815,
T cells (naive/memory),NK/Cytotoxic T cells,CCL17,ACKR1,-0.035589643,1.0,0.0012550093,-0.03463869237935582,-1.3916580240979826,-0.12760898,,1.0,
T cells (naive/memory),NK/Cytotoxic T cells,CCL18,ACKR1,-0.075095356,1.0,0.004336258,-0.07593541022123332,-3.5427995489850974,0.16345695,,1.0,
T cells (naive/memory),NK/Cytotoxic T cells,CCL18,CCR3,-0.06706702,1.0,0.0025508644,-0.06815240271521832,-4.597738662301898,-0.097405836,,1.0,
T cells (naive/memory),NK/Cytotoxic T cells,CCL19,CCR7,-0.025338607,0.997,0.00064018235,-0.02379444897216304,-1.0125656754191534,0.046703324,,0.9195508779440885,
T cells (naive/memory),NK/Cytotoxic T cells,CCL19,CXCR3,-0.016719652,0.905,0.0001798717,-0.015176756909406125,-1.0302803346507292,0.029412081,,0.7579598320902108,
T cells (naive/memory),NK/Cytotoxic T cells,CCL2,ACKR1,-0.068952724,1.0,0.003857163,-0.06992645200268502,-2.4725387159633376,0.26045686,,1.0,
T cells (naive/memory),NK/Cytotoxic T cells,CCL2,CCR2,-0.054866426,1.0,0.0010706701,-0.05679538119246362,-2.143173346252855,0.104760535,,1.0,
T cells (naive/memory),NK/Cytotoxic T cells,CCL2,CCR3,-0.06092438,1.0,0.00226903,-0.06214344449667002,-3.527477829280139,-0.15520917,,1.0,
T cells (naive/memory),NK/Cytotoxic T cells,CCL2,CCR5,-0.0761583,1.0,0.0052825403,-0.07811095520924588,-2.441368703446992,0.5939297,,1.0,
T cells (naive/memory),NK/Cytotoxic T cells,CCL20,CCR6,-0.034595728,1.0,0.00079542224,-0.0324896220334684,-0.35258711908311446,-0.8048586,,1.0,
T cells (naive/memory),NK/Cytotoxic T cells,CCL20,CXCR3,-0.03068383,0.999,0.00036799462,-0.028579632762222102,-0.6552275830241812,0.105042785,,1.0,
T cells (naive/memory),NK/Cytotoxic T cells,CCL21,CCR7,-0.05880141,1.0,0.0022446448,-0.05907808596961151,-1.0592046450520611,-0.1389407,,1.0,
T cells (naive/memory),NK/Cytotoxic T cells,CCL21,CXCR3,-0.050182454,1.0,0.00063067663,-0.0504603939068546,-1.076919304283637,-0.08749989,,1.0,
T cells (naive/memory),NK/Cytotoxic T cells,CCL3,CCR3,-0.116791934,1.0,0.004832326,-0.11606548404560238,-1.9933617346363242,-0.16465208,,1.0,
T cells (naive/memory),NK/Cytotoxic T cells,CCL3,CCR5,-0.13202585,1.0,0.0112501625,-0.13203299475817823,-0.9072526088031774,0.63006425,,1.0,
T cells (naive/memory),NK/Cytotoxic T cells,CCL4,CCR3,-0.11907559,1.0,0.004937104,-0.11834810833369425,-1.5181260009989455,8.657098,,0.32386912966136155,
T cells (naive/memory),NK/Cytotoxic T cells,CCL4,CCR5,-0.1343095,1.0,0.011494096,-0.1343156190462701,-0.43201687516579856,-33.127598,,1.0,
T cells (naive/memory),NK/Cytotoxic T cells,CCL4,CNR2,-0.12971067,1.0,0.009514667,-0.12673840357733934,-0.7421384827590586,-79.0887,,1.0,
T cells (naive/memory),NK/Cytotoxic T cells,CCL5,ACKR1,-0.10856646,1.0,0.006946837,-0.10758668755494866,-0.2980418275165249,-0.31978852,,1.0,
T cells (naive/memory),NK/Cytotoxic T cells,CCL5,CCR3,-0.10053812,1.0,0.004086574,-0.09980368004893365,-1.3529809408333262,0.19056559,,1.0,
T cells (naive/memory),NK/Cytotoxic T cells,CCL5,CCR5,-0.11577204,1.0,0.009513973,-0.11577119076150952,-0.2668718150001795,-0.729226,,1.0,
T cells (naive/memory),NK/Cytotoxic T cells,CCL5,CXCR3,-0.09243566,1.0,0.0011999044,-0.09243395949952324,-0.18452038717140168,0.09527784,,1.0,
T cells (naive/memory),NK/Cytotoxic T cells,CCL7,ACKR1,-0.037017986,1.0,0.0013664128,-0.03618194993333097,-1.514027034866506,-0.15321364,,1.0,
T cells (naive/memory),NK/Cytotoxic T cells,CCL7,CCR2,-0.02293169,0.984,0.00037928842,-0.023050879123109567,-1.1846616651560231,-0.061625347,,1.0,
T cells (naive/memory),NK/Cytotoxic T cells,CCL7,CCR3,-0.028989647,1.0,0.0008038114,-0.028398942427315964,-2.568966148183307,0.09130174,,1.0,
T cells (naive/memory),NK/Cytotoxic T cells,CCL7,CCR5,-0.044223562,1.0,0.0018713574,-0.04436645313989183,-1.4828570223501605,-0.3493789,,1.0,
T cells (naive/memory),NK/Cytotoxic T cells,CCL7,CXCR3,-0.020887189,0.96,0.000236016,-0.021029221877905555,-1.4005055945213827,0.045648497,,1.0,
T cells (naive/memory),NK/Cytotoxic T cells,CCL8,ACKR1,-0.04367161,1.0,0.0018853624,-0.04275998697430361,-1.1930159832562266,-0.82790464,,1.0,
T cells (naive/memory),NK/Cytotoxic T cells,CCL8,CCR2,-0.029585315,0.999,0.0005233383,-0.029628916164082204,-0.8636506135457438,-0.33299848,,1.0,
T cells (naive/memory),NK/Cytotoxic T cells,CCL8,CCR3,-0.035643272,1.0,0.0011090908,-0.0349769794682886,-2.247955096573028,0.49335772,,1.0,
T cells (naive/memory),NK/Cytotoxic T cells,CCL8,CCR5,-0.050877187,1.0,0.0025820797,-0.050944490180864464,-1.1618459707398812,-1.8879025,,1.0,
T cells (naive/memory),NK/Cytotoxic T cells,CD14,RIPK1,-0.12861516,1.0,-0.0034207324,-0.12855585225726981,-0.8014780369158752,-0.13367957,,1.0,
T cells (naive/memory),NK/Cytotoxic T cells,CD24,SIGLEC10,0.010509081,0.104,-0.023499217,0.011058756954126059,-1.2907083992449309,-0.41227993,,1.0,
T cells (naive/memory),NK/Cytotoxic T cells,CD40LG,CD40,-0.05268556,1.0,0.0017988317,-0.052638642581910214,-0.6772640526062439,-0.08908173,,1.0,
T cells (naive/memory),NK/Cytotoxic T cells,CD40LG,CD9,-0.110840484,1.0,0.004291303,-0.1108297086729537,-0.8652381255547839,-0.09981363,,1.0,
T cells (naive/memory),NK/Cytotoxic T cells,COL1A1,CD36,-0.18118116,1.0,0.032714278,-0.181177729917162,-2.361192107524886,0.24977002,,1.0,
T cells (naive/memory),NK/Cytotoxic T cells,CP,SLC40A1,-0.049675327,1.0,0.0018478582,-0.04858963538263912,-1.5665334271077456,-0.06992001,,1.0,
T cells (naive/memory),NK/Cytotoxic T cells,CSF1,CELSR3,-0.07368326,1.0,0.0028758682,-0.06494893476398196,-0.8143122307460708,-0.53108335,,1.0,
T cells (naive/memory),NK/Cytotoxic T cells,CSF1,CSF3R,-0.15104933,1.0,0.022095766,-0.15115843197342738,-2.5038571248998154,0.9060568,,1.0,
T cells (naive/memory),NK/Cytotoxic T cells,CSF1_IL34,CSF1R,-0.19473885,1.0,0.032949463,-0.19474928348350995,-1.8185756379732012,0.9799797,,1.0,
T cells (naive/memory),NK/Cytotoxic T cells,CSF2,CSF1R,-0.15108301,1.0,0.00978884,-0.14893950636391087,-2.1089247658746633,-0.09357823,,1.0,
T cells (naive/memory),NK/Cytotoxic T cells,CSF2,CSF3R,-0.10739348,1.0,0.006564353,-0.10534865485382829,-2.7942062528012777,-0.08651933,,1.0,
T cells (naive/memory),NK/Cytotoxic T cells,CXCL1,ACKR1,-0.034416825,1.0,0.0011635352,-0.03285474994374923,-1.265778252053484,-0.1425217,,1.0,
T cells (naive/memory),NK/Cytotoxic T cells,CXCL1,CXCR1,-0.011422601,0.109,-0.00020858266,-0.00029232759282798136,-0.8076267529903731,-0.34448472,,1.0,
T cells (naive/memory),NK/Cytotoxic T cells,CXCL1,CXCR2,0.012774592,0.0,-0.0016524843,0.01698800900736134,-0.8755373250794176,0.1677635,,0.4982215251828839,
T cells (naive/memory),NK/Cytotoxic T cells,CXCL10,ACKR1,-0.052087564,1.0,0.0025417649,-0.05218761401894123,-1.2540288727528046,3.6044645,,0.7087649109951252,
T cells (naive/memory),NK/Cytotoxic T cells,CXCL10,CCR3,-0.044059224,1.0,0.0014952286,-0.04440460651292623,-2.308967986069606,-2.147941,,1.0,
T cells (naive/memory),NK/Cytotoxic T cells,CXCL10,CXCR3,-0.035956766,1.0,0.00043903067,-0.03703488596351582,-1.1405074324076814,-1.0739146,,1.0,
T cells (naive/memory),NK/Cytotoxic T cells,CXCL11,ACKR1,-0.03230933,1.0,0.0009991613,-0.025247345896630635,-0.46876966125119823,-0.14223821,,1.0,
T cells (naive/memory),NK/Cytotoxic T cells,CXCL11,CCR3,-0.024280993,0.958,0.0005877706,-0.01746433839061563,-1.5237087745679996,0.08476136,,1.0,
T cells (naive/memory),NK/Cytotoxic T cells,CXCL11,CCR5,-0.039514907,1.0,0.0013683917,-0.03343184910319149,-0.4375996487348528,-0.32435125,,1.0,
T cells (naive/memory),NK/Cytotoxic T cells,CXCL11,CXCR3,-0.016178533,0.852,0.00017258184,-0.010094617841205217,-0.355248220906075,0.042378478,,0.49032005764541037,
T cells (naive/memory),NK/Cytotoxic T cells,CXCL13,ACKR1,-0.0393487,1.0,0.0015481968,-0.03395080263180844,-0.4722748267046115,-0.14516692,,1.0,
T cells (naive/memory),NK/Cytotoxic T cells,CXCL13,CXCR3,-0.023217902,0.969,0.00026741496,-0.018798074576383023,-0.3587533863594883,0.043251052,,0.6742847081111187,
T cells (naive/memory),NK/Cytotoxic T cells,CXCL13,CXCR5,-0.06309496,1.0,0.0034336448,-0.058625197701156546,-1.6667753349562382,-0.35126802,,1.0,
T cells (naive/memory),NK/Cytotoxic T cells,CXCL2,ACKR1,-0.08584444,1.0,0.0051746326,-0.08549327824100338,-2.554408383401282,0.16970001,,1.0,
T cells (naive/memory),NK/Cytotoxic T cells,CXCL2,CXCR1,-0.062850215,1.0,-0.00092763733,-0.05293085589008213,-2.096256884338171,0.41017658,,1.0,
T cells (naive/memory),NK/Cytotoxic T cells,CXCL2,CXCR2,-0.038653024,1.0,-0.0073491544,-0.03565051928989281,-2.1641674564272155,-0.19975533,,1.0,
T cells (naive/memory),NK/Cytotoxic T cells,CXCL8,ACKR1,-0.091903344,1.0,0.0056471974,-0.09212839502344373,-2.8845604178784314,0.18356729,,1.0,
T cells (naive/memory),NK/Cytotoxic T cells,CXCL8,CD79A,-0.17419869,1.0,0.029481439,-0.17541087867773036,-3.622618161426053,0.36909506,,1.0,
T cells (naive/memory),NK/Cytotoxic T cells,CXCL8,CXCR1,-0.06890912,1.0,-0.0010123523,-0.05956597267252249,-2.4264089188153206,0.4436947,,1.0,
T cells (naive/memory),NK/Cytotoxic T cells,CXCL8,CXCR2,-0.044711933,1.0,-0.008020304,-0.04228563607233317,-2.494319490904365,-0.21607861,,1.0,
T cells (naive/memory),NK/Cytotoxic T cells,CXCL9,ACKR1,-0.04433816,1.0,0.0019373498,-0.04575248804886203,-3.1245869153614234,-0.35756847,,1.0,
T cells (naive/memory),NK/Cytotoxic T cells,CXCL9,CCR3,-0.03630982,1.0,0.001139673,-0.037969480542847024,-4.179526028678225,0.2130791,,1.0,
T cells (naive/memory),NK/Cytotoxic T cells,CXCL9,CXCR3,-0.028207362,0.998,0.00033463206,-0.030599759993436615,-3.0110654750163004,0.106534004,,1.0,
T cells (naive/memory),NK/Cytotoxic T cells,CXCL9,KIR2DL3,0.06593476,0.0,-0.009019105,0.06637549573991734,-1.7865705484530912,-2.7821457,,0.8369888199269129,
T cells (naive/memory),NK/Cytotoxic T cells,FADD,TRAF2,-0.018391734,0.967,-0.0004950614,-0.01632815451244568,0.33878936152603334,5.318462,,0.5203069432244906,
T cells (naive/memory),NK/Cytotoxic T cells,FASLG,TNFRSF10B,-0.07303319,1.0,0.00446759,-0.07242902291142597,-1.1062224488105628,-0.7317189,,1.0,
T cells (naive/memory),NK/Cytotoxic T cells,FCER2,CR2,0.20372355,0.0,-0.013367457,0.21619792329936033,1.3340877387174834,1.2305161,,0.007070387620923245,
T cells (naive/memory),NK/Cytotoxic T cells,FN1,C5AR1,-0.22664246,1.0,0.05136358,-0.22664383728402918,-2.3166089111312056,0.16490461,,1.0,
T cells (naive/memory),NK/Cytotoxic T cells,FN1,CD79A,-0.21601357,1.0,0.04650747,-0.21602026046632578,-2.1105970781787415,0.4190676,,1.0,
T cells (naive/memory),NK/Cytotoxic T cells,FN1,ITGA2,-0.13080873,1.0,0.007579264,-0.12712749912255594,-1.9546446132402495,-0.13575746,,1.0,
T cells (naive/memory),NK/Cytotoxic T cells,GAL,HLA-DPA1,-0.17584969,1.0,0.0028122833,-0.17648354659378968,-1.4536012560447342,-0.08938354,,1.0,
T cells (naive/memory),NK/Cytotoxic T cells,GZMA,PARD3,-0.10825852,1.0,0.004584341,-0.1041892186609548,-0.8803215332462961,0.25266927,,1.0,
T cells (naive/memory),NK/Cytotoxic T cells,HLA-DPA1,LAG3,0.0040430706,0.342,-0.0012429864,0.0041271616654021785,0.19604939406231653,0.042746957,,0.299458271880973,
T cells (naive/memory),NK/Cytotoxic T cells,HLA-DPB1,LAG3,-0.0012729224,0.55,-0.0016632704,-0.0011884364912062469,0.2186336984402173,0.06176091,,0.35753466290495806,
T cells (naive/memory),NK/Cytotoxic T cells,HLA-DQA1,LAG3,-0.01293198,0.924,-0.002585039,-0.012848854772789322,0.07757176163734159,0.10705786,,0.5609893178960446,
T cells (naive/memory),NK/Cytotoxic T cells,HLA-DQB1,LAG3,0.039179344,0.0,0.001534898,0.03926135154280723,0.3080210755826114,-0.05601101,1.3424927,0.26919243530081943,
T cells (naive/memory),NK/Cytotoxic T cells,HLA-DRA,LAG3,0.041460045,0.0,0.0017152108,0.041541752059042446,0.3300537958637849,-0.052325364,1.318105,0.25564504869882043,
T cells (naive/memory),NK/Cytotoxic T cells,HLA-DRB1,LAG3,-0.036932766,1.0,-0.004482548,-0.03684897628252208,0.03797668448802605,0.15197998,,1.0,
T cells (naive/memory),NK/Cytotoxic T cells,HLA-DRB5,LAG3,-0.0235392,0.999,-0.0034236491,-0.02345435667488518,-0.0821133672711023,0.16829585,,1.0,
T cells (naive/memory),NK/Cytotoxic T cells,IL10,CD70,-0.039936956,1.0,-0.0011988841,-0.02804834981878785,-0.7666246524829377,0.08795452,,1.0,
T cells (naive/memory),NK/Cytotoxic T cells,IL1B,ADRB2,-0.040246964,1.0,-0.008176243,-0.04042692869993954,-1.5999193268325498,-0.72781605,,1.0,
T cells (naive/memory),NK/Cytotoxic T cells,IL1B,IL1R2_IL1RAP,-0.11563794,1.0,0.012815925,-0.11653444290098217,-3.29311320057034,0.20649141,,1.0,
T cells (naive/memory),NK/Cytotoxic T cells,IL4,IL21R,0.032657888,0.0,-0.00081160106,0.04807155379889998,1.0279576568724982,-1.516488,,0.209976214857205,
T cells (naive/memory),NK/Cytotoxic T cells,IL6,FCGR3B,-0.025224146,0.95,-9.964402e-05,-0.0035406992943008593,-0.5163007901927386,0.006378743,,0.6084026594414162,
T cells (naive/memory),NK/Cytotoxic T cells,L1CAM,CD9,-0.0985272,1.0,-0.000640201,-0.07991274946319696,-0.2703164608370787,0.012085657,,1.0,
T cells (naive/memory),NK/Cytotoxic T cells,L1CAM,ERBB2,0.03761265,0.0,0.00023027355,0.06872347025462958,1.3759340601160392,0.029810866,2.9295752,0.13245231687873849,
T cells (naive/memory),NK/Cytotoxic T cells,LGALS3,LAG3,-0.103388906,1.0,-0.009736591,-0.10330633845438411,-0.3084980248218484,0.61143124,,1.0,
T cells (naive/memory),NK/Cytotoxic T cells,LTF,IGDCC4,-0.035626292,1.0,0.00072782347,-0.031236868561105628,-0.9242791571647084,0.9682458,,1.0,
T cells (naive/memory),NK/Cytotoxic T cells,LTF,IL1RL1,-0.07197513,1.0,0.005009316,-0.07094037908902268,-2.1631364688182035,69.74249,,0.05824937585810596,
T cells (naive/memory),NK/Cytotoxic T cells,NTNG2,LRRC4,-0.039208934,1.0,0.0015345187,-0.03293895501930211,-1.4109851933772302,0.21921891,,1.0,
T cells (naive/memory),NK/Cytotoxic T cells,PNOC,OPRL1,0.113681,0.0,-0.011040687,0.15563665297503818,1.1879902691815465,6.152458,,0.007070387620923245,
T cells (naive/memory),NK/Cytotoxic T cells,PSAP,CD1B,-0.17521589,1.0,0.013793104,-0.17668376608366965,-2.5400321004088964,-0.21060494,,1.0,
T cells (naive/memory),NK/Cytotoxic T cells,S100A12,CD36,-0.14040038,1.0,0.017072419,-0.14081685415195927,-2.8843168197671716,0.20477946,,1.0,
T cells (naive/memory),NK/Cytotoxic T cells,S100A8,CD36,-0.18027802,1.0,0.03236787,-0.18027466886135718,-3.509489397322843,0.15373138,,1.0,
T cells (naive/memory),NK/Cytotoxic T cells,S100A8,CD68,-0.23870596,1.0,0.05209036,-0.2387046447605552,-3.0751726021317434,0.14762625,,1.0,
T cells (naive/memory),NK/Cytotoxic T cells,S100A9,CD36,-0.20865497,1.0,0.04325213,-0.20864792750949285,-2.9908101876829942,0.16787225,,1.0,
T cells (naive/memory),NK/Cytotoxic T cells,S100A9,CD68,-0.26708293,1.0,0.06960665,-0.26707790340869086,-2.5564933924918947,0.16120555,,1.0,
T cells (naive/memory),NK/Cytotoxic T cells,SAA1,CD36,-0.11886486,1.0,0.008812259,-0.11820457372922019,-2.6949477169580485,-0.20282443,,1.0,
T cells (naive/memory),NK/Cytotoxic T cells,SAA1,FPR1,-0.121255755,1.0,0.009031982,-0.12061237196587216,-2.6293317176127786,-0.16861877,,1.0,
T cells (naive/memory),NK/Cytotoxic T cells,SCGB3A1,MARCO,-0.10151649,1.0,0.006739197,-0.09859295917972291,-3.142685638837218,-0.18547802,,1.0,
T cells (naive/memory),NK/Cytotoxic T cells,SCGB3A1,NOTCH3,-0.03918343,1.0,0.0015285098,-0.030730264000167585,-1.1253731458947516,0.29935318,,1.0,
T cells (naive/memory),NK/Cytotoxic T cells,SORBS1,ITGA1,0.008058518,0.001,-0.0010043816,0.013538684129193807,-0.19105669730072017,-0.2684497,,0.7818795875008355,
T cells (naive/memory),NK/Cytotoxic T cells,THBS1,CD36,-0.14808555,1.0,0.02002014,-0.14844390266046897,-3.2303094987670615,0.15782563,,1.0,
T cells (naive/memory),NK/Cytotoxic T cells,TNF,FFAR2,-0.07261489,1.0,0.005195723,-0.07299064190801176,-1.3499991376564386,4.832618,,0.5666250073369526,
T cells (naive/memory),NK/Cytotoxic T cells,TNF,ICOS,-0.06031424,1.0,0.0031931452,-0.060269749959219104,-0.6483518640332018,-2.7733383,,1.0,
T cells (naive/memory),NK/Cytotoxic T cells,TNF,NOTCH1,0.0122143105,0.059,-0.008614687,0.012254002227798468,0.16696100527817204,-5.3062196,,1.0,
T cells (naive/memory),NK/Cytotoxic T cells,TNF,TRAF2,-0.035462882,1.0,-0.00085271907,-0.03410711534749112,0.0713960647542966,2.7522306,,0.8637050775737706,
T cells (naive/memory),NK/Cytotoxic T cells,TNFSF4,TNFRSF4,0.0025217421,0.017,-0.0031561682,0.006030387105187444,-0.5535703148646376,-0.5096225,,1.0,
T cells (naive/memory),NK/Cytotoxic T cells,TNFSF4,TRAF2,-0.021619555,0.943,-0.00056268746,-0.018273591888516422,-0.597890329010121,-0.39418074,,1.0,
T cells (naive/memory),NK/Cytotoxic T cells,TNFSF9,ADGRG5,0.00016949698,0.389,-0.0046496233,0.0033920490493704186,-0.028296017758698166,12.456783,,0.24235252701996843,
T cells (naive/memory),NK/Cytotoxic T cells,TNFSF9,HLA-DPA1,-0.2057657,1.0,0.023365332,-0.2056335157691152,-1.2474446122280458,1.0765046,,1.0,
T cells (naive/memory),NK/Cytotoxic T cells,TNFSF9,TNFRSF9,-0.035290506,1.0,0.00017427477,-0.029758182466466374,-0.44115559044970176,-0.06997723,,1.0,
T cells (naive/memory),NK/Cytotoxic T cells,TNFSF9,TRAF2,-0.02877168,0.999,-0.0007125317,-0.027325373943687833,-0.2845226895226567,2.3855596,,0.9629806826635889,
T cells (naive/memory),T cells (naive/memory),ADCYAP1,ADRB2,-0.06718269,1.0,0.0043309126,-0.06734747598585579,-1.8763244668616577,-1.0955627,,1.0,
T cells (naive/memory),T cells (naive/memory),ADCYAP1,VIPR2,-0.037891485,1.0,0.0011868135,-0.029674061908100364,-1.3615358669646427,0.08950494,,1.0,
T cells (naive/memory),T cells (naive/memory),ADM,ADRB2,-0.09976538,1.0,0.009589479,-0.10078228100518109,-2.6180093143635235,0.9980407,,1.0,
T cells (naive/memory),T cells (naive/memory),ADM,RAMP1,-0.09056305,1.0,0.00740236,-0.09148275876052424,-3.0842398862689073,-0.2998396,,1.0,
T cells (naive/memory),T cells (naive/memory),APOE,LRP8,-0.15796217,1.0,0.0130967265,-0.1547766051123928,-1.6377002342771527,-0.27259344,,1.0,
T cells (naive/memory),T cells (naive/memory),BTLA,CD247,-0.048770837,1.0,-0.004187043,-0.047984805550919746,0.007388043606588346,-5.4809065,,1.0,
T cells (naive/memory),T cells (naive/memory),BTLA,CD79A,0.3401555,0.0,0.02090476,0.3409649306342332,1.2453009778466813,-21.868433,1.074262,0.11671841500024098,
T cells (naive/memory),T cells (naive/memory),C3,C5AR2,-0.13474187,1.0,0.016074097,-0.1353608798432968,-2.6843426451283015,0.15740944,,1.0,
T cells (naive/memory),T cells (naive/memory),C3,CR2,-0.03892638,0.999,-0.01848902,-0.013021884460589842,-0.7909960711439545,0.5981252,,1.0,
T cells (naive/memory),T cells (naive/memory),CCL13,ACKR1,-0.056915224,1.0,0.0020717685,-0.05590930985053678,-1.8676983881281775,-0.26464084,,1.0,
T cells (naive/memory),T cells (naive/memory),CCL13,CCR2,-0.021862717,0.968,0.0004771992,-0.020684042093104364,-0.6975008258475648,-0.08832622,,0.6696564303408992,
T cells (naive/memory),T cells (naive/memory),CCL13,CCR3,-0.018803658,0.743,0.00033803994,-0.0053926661025375,-0.5453721582530988,0.043741435,,0.4348360087713221,
T cells (naive/memory),T cells (naive/memory),CCL13,CCR5,-0.08492358,1.0,0.0033458932,-0.08376352696602139,-1.331514122790563,-0.7116266,,1.0,
T cells (naive/memory),T cells (naive/memory),CCL13,CXCR3,-0.0322702,1.0,0.00095064467,-0.031107850420223432,-0.9001799463495679,0.2094611,,1.0,
T cells (naive/memory),T cells (naive/memory),CCL17,ACKR1,-0.061633393,1.0,0.0029312777,-0.06181428953372646,-2.318744160624834,-0.2980515,,1.0,
T cells (naive/memory),T cells (naive/memory),CCL18,ACKR1,-0.10113911,1.0,0.010128034,-0.10311100737560394,-4.469885685511949,0.38178024,,1.0,
T cells (naive/memory),T cells (naive/memory),CCL18,CCR3,-0.063027546,1.0,0.00165254,-0.05259436362760467,-3.1475594556368707,-0.06310294,,1.0,
T cells (naive/memory),T cells (naive/memory),CCL19,CCR7,0.05482207,0.0,-0.0036409418,0.0563699326910248,-0.8062280579470391,-0.26561818,,0.9334510915304576,
T cells (naive/memory),T cells (naive/memory),CCL19,CXCR3,-0.034249175,1.0,0.0011160673,-0.03270362268888883,-1.1033694697440946,0.18249597,,1.0,
T cells (naive/memory),T cells (naive/memory),CCL2,ACKR1,-0.09499647,1.0,0.00900903,-0.09710204915705566,-3.3996248524901893,0.60833925,,1.0,
T cells (naive/memory),T cells (naive/memory),CCL2,CCR2,-0.059943967,1.0,0.0020750882,-0.06187678139962324,-2.2294272902095766,0.2030386,,1.0,
T cells (naive/memory),T cells (naive/memory),CCL2,CCR3,-0.056884907,1.0,0.0014699578,-0.046585405409056375,-2.0772986226151104,-0.10054998,,1.0,
T cells (naive/memory),T cells (naive/memory),CCL2,CCR5,-0.12300483,1.0,0.014549528,-0.12495626627254028,-2.8634405871525748,1.6358413,,1.0,
T cells (naive/memory),T cells (naive/memory),CCL20,CCR6,0.022983856,0.0,-0.0054959245,0.02509166730283321,-0.32121038029108373,5.5611243,,0.13981249340462928,
T cells (naive/memory),T cells (naive/memory),CCL20,CXCR3,-0.048213355,1.0,0.0022833317,-0.0461064985417048,-0.7283167181175465,0.6517691,,1.0,
T cells (naive/memory),T cells (naive/memory),CCL21,CCR7,0.021359269,0.013,-0.012766083,0.021086295693576326,-0.8528670275799468,0.7902045,,0.5354243324278357,
T cells (naive/memory),T cells (naive/memory),CCL21,CXCR3,-0.06771198,1.0,0.00391322,-0.0679872596863373,-1.1500084393770023,-0.542919,,1.0,
T cells (naive/memory),T cells (naive/memory),CCL3,CCR3,-0.11275246,1.0,0.0031305514,-0.10050744495798873,-0.5431825279712958,-0.10666742,,1.0,
T cells (naive/memory),T cells (naive/memory),CCL3,CCR5,-0.17887238,1.0,0.030985955,-0.17887830582147263,-1.32932449250876,1.7353655,,1.0,
T cells (naive/memory),T cells (naive/memory),CCL4,CCR3,-0.115036115,1.0,0.0031984302,-0.1027900692460806,-0.06794679433391704,5.608373,,0.49229211190692296,
T cells (naive/memory),T cells (naive/memory),CCL4,CCR5,-0.18115604,1.0,0.031657815,-0.1811609301095645,-0.8540887588713811,-91.24227,,1.0,
T cells (naive/memory),T cells (naive/memory),CCL4,CNR2,-0.011688098,0.743,-0.041284695,0.012121575744585777,0.8755492630613247,343.17047,,0.00688616152019845,
T cells (naive/memory),T cells (naive/memory),CCL5,ACKR1,-0.1346102,1.0,0.016225465,-0.13476228470931928,-1.2251279640433765,-0.746918,,1.0,
T cells (naive/memory),T cells (naive/memory),CCL5,CCR3,-0.096498646,1.0,0.002647427,-0.08424564096132,0.09719826583170205,0.123455115,,1.0,
T cells (naive/memory),T cells (naive/memory),CCL5,CCR5,-0.16261858,1.0,0.026204027,-0.16261650182480392,-0.688943698705762,-2.0084834,,1.0,
T cells (naive/memory),T cells (naive/memory),CCL5,CXCR3,-0.10996518,1.0,0.007445162,-0.10996082527900594,-0.257609522264767,0.5911796,,1.0,
T cells (naive/memory),T cells (naive/memory),CCL7,ACKR1,-0.06306174,1.0,0.0031914788,-0.06335754708770161,-2.441113171393358,-0.35785535,,1.0,
T cells (naive/memory),T cells (naive/memory),CCL7,CCR2,-0.02800923,0.991,0.0007351069,-0.02813227933026919,-1.270915609112745,-0.11943738,,1.0,
T cells (naive/memory),T cells (naive/memory),CCL7,CCR3,-0.02495017,0.973,0.00052073743,-0.012840903339702324,-1.118786941518279,0.05914849,,0.9028879223458567,
T cells (naive/memory),T cells (naive/memory),CCL7,CCR5,-0.0910701,1.0,0.0051542185,-0.09121176420318622,-1.904928906055743,-0.962283,,1.0,
T cells (naive/memory),T cells (naive/memory),CCL7,CXCR3,-0.038416713,1.0,0.0014644312,-0.03855608765738826,-1.473594729614748,0.28323963,,1.0,
T cells (naive/memory),T cells (naive/memory),CCL8,ACKR1,-0.069715366,1.0,0.0044035697,-0.06993558412867423,-2.1201021197830783,-1.9337057,,1.0,
T cells (naive/memory),T cells (naive/memory),CCL8,CCR2,-0.034662858,1.0,0.0010142929,-0.03471031637124183,-0.9499045575024656,-0.64539135,,1.0,
T cells (naive/memory),T cells (naive/memory),CCL8,CCR3,-0.0316038,1.0,0.00071850815,-0.01941894038067496,-0.7977758899079996,0.31961453,,1.0,
T cells (naive/memory),T cells (naive/memory),CCL8,CCR5,-0.09772372,1.0,0.0071117384,-0.09778980124415886,-1.5839178544454637,-5.1997886,,1.0,
T cells (naive/memory),T cells (naive/memory),CD14,RIPK1,-0.15317348,1.0,0.009836052,-0.15313872778909535,-1.654809596744267,0.3843853,,1.0,
T cells (naive/memory),T cells (naive/memory),CD24,SIGLEC10,0.053049855,0.0,-0.009531939,0.053792272986257175,0.2159734913189424,-0.16723226,,0.2468429004289288,
T cells (naive/memory),T cells (naive/memory),CD40LG,CD40,0.07149051,0.0,-0.00352325,0.07286396096486238,0.8291133458443092,0.17447835,,0.03418455524503193,
T cells (naive/memory),T cells (naive/memory),CD40LG,CD9,-0.13180368,1.0,0.005189768,-0.13180283993440323,-0.9819320075484569,-0.1207115,,1.0,
T cells (naive/memory),T cells (naive/memory),COL1A1,CD36,-0.18488663,1.0,0.033978462,-0.18488699560941543,-2.4037953802917063,0.2594219,,1.0,
T cells (naive/memory),T cells (naive/memory),CP,SLC40A1,-0.072343074,1.0,0.0029712694,-0.07126074907389357,-2.0489472652742897,-0.11242811,,1.0,
T cells (naive/memory),T cells (naive/memory),CSF1,CELSR3,-0.074265264,1.0,0.0030204537,-0.0666070474123179,-0.8914099134456719,-0.55778384,,1.0,
T cells (naive/memory),T cells (naive/memory),CSF1,CSF3R,-0.15440914,1.0,0.022930434,-0.15452867233869064,-3.1583706043764415,0.9402832,,1.0,
T cells (naive/memory),T cells (naive/memory),CSF1_IL34,CSF1R,-0.19957533,1.0,0.034150984,-0.19958221096574325,-1.8564641234507397,1.0157151,,1.0,
T cells (naive/memory),T cells (naive/memory),CSF2,CSF1R,-0.15591949,1.0,0.010145795,-0.15377243384614417,-2.146813251352202,-0.0969906,,1.0,
T cells (naive/memory),T cells (naive/memory),CSF2,CSF3R,-0.11075328,1.0,0.006812322,-0.10871889521909156,-3.4487197322779037,-0.08978761,,1.0,
T cells (naive/memory),T cells (naive/memory),CXCL1,ACKR1,-0.060460575,1.0,0.0027176251,-0.06003034709811986,-2.1928643885803356,-0.33288258,,1.0,
T cells (naive/memory),T cells (naive/memory),CXCL1,CXCR1,-0.046711635,1.0,0.0018971945,-0.045030822400008066,-2.222569513721591,3.133312,,0.7854735060705448,
T cells (naive/memory),T cells (naive/memory),CXCL1,CXCR2,-0.06865118,1.0,0.0032063772,-0.06858715140366521,-3.1123567384262563,-0.32551777,,1.0,
T cells (naive/memory),T cells (naive/memory),CXCL10,ACKR1,-0.07813132,1.0,0.005936704,-0.07936321117331187,-2.1811150092796563,8.418812,,0.3335612194024105,
T cells (naive/memory),T cells (naive/memory),CXCL10,CCR3,-0.04001975,1.0,0.0009686619,-0.028846567425312587,-0.8587887794045777,-1.391512,,1.0,
T cells (naive/memory),T cells (naive/memory),CXCL10,CXCR3,-0.053486288,1.0,0.002724096,-0.05456175174299852,-1.2135965675010467,-6.663422,,1.0,
T cells (naive/memory),T cells (naive/memory),CXCL11,ACKR1,-0.05835308,1.0,0.0023337035,-0.052422943051001265,-1.39585579777805,-0.33222046,,1.0,
T cells (naive/memory),T cells (naive/memory),CXCL11,CCR3,-0.020241518,0.647,0.00038077854,-0.0019062993030019883,-0.07352956790297127,0.0549114,,0.391864240038256,
T cells (naive/memory),T cells (naive/memory),CXCL11,CCR5,-0.086361445,1.0,0.0037689165,-0.08027716016648588,-0.8596715324404354,-0.89335006,,1.0,
T cells (naive/memory),T cells (naive/memory),CXCL11,CXCR3,-0.03370806,1.0,0.0010708353,-0.02762148362068792,-0.42833735599944034,0.26294982,,1.0,
T cells (naive/memory),T cells (naive/memory),CXCL13,ACKR1,-0.06539245,1.0,0.0036160648,-0.06112639978617907,-1.3993609632314632,-0.3390609,,1.0,
T cells (naive/memory),T cells (naive/memory),CXCL13,CXCR3,-0.040747426,1.0,0.0016592552,-0.036324940355865726,-0.4318425214528536,0.26836398,,1.0,
T cells (naive/memory),T cells (naive/memory),CXCL13,CXCR5,0.08597736,0.0,-0.008402664,0.0936362477755364,0.5874068674417185,0.85960764,,0.007070387620923245,
T cells (naive/memory),T cells (naive/memory),CXCL2,ACKR1,-0.111888185,1.0,0.012086195,-0.11266887539537401,-3.4814945199281335,0.39636195,,1.0,
T cells (naive/memory),T cells (naive/memory),CXCL2,CXCR1,-0.09813925,1.0,0.008437463,-0.09766935069726221,-3.511199645069389,-3.730822,,1.0,
T cells (naive/memory),T cells (naive/memory),CXCL2,CXCR2,-0.12007879,1.0,0.0142598385,-0.12122567970091935,-4.400986869774054,0.3875927,,1.0,
T cells (naive/memory),T cells (naive/memory),CXCL8,ACKR1,-0.1179471,1.0,0.013189946,-0.11930399217781437,-3.811646554405283,0.4287512,,1.0,
T cells (naive/memory),T cells (naive/memory),CXCL8,CD79A,0.25162202,0.0,-0.09384406,0.25044084045681475,-1.7100496016433544,-1.1748875,,0.7543791709995192,
T cells (naive/memory),T cells (naive/memory),CXCL8,CXCR1,-0.10419816,1.0,0.009208,-0.10430446747970257,-3.8413516795465386,-4.0356913,,1.0,
T cells (naive/memory),T cells (naive/memory),CXCL8,CXCR2,-0.1261377,1.0,0.015562095,-0.1278607964833597,-4.731138904251203,0.4192654,,1.0,
T cells (naive/memory),T cells (naive/memory),CXCL9,ACKR1,-0.07038191,1.0,0.0045249946,-0.07292808520323266,-4.051673051888275,-0.83515924,,1.0,
T cells (naive/memory),T cells (naive/memory),CXCL9,CCR3,-0.032270346,1.0,0.00073832046,-0.022411441455233383,-2.7293468220131967,0.13804016,,1.0,
T cells (naive/memory),T cells (naive/memory),CXCL9,CXCR3,-0.045736887,1.0,0.0020763238,-0.04812662577291932,-3.0841546101096657,0.6610218,,1.0,
T cells (naive/memory),T cells (naive/memory),CXCL9,KIR2DL3,-0.066870145,1.0,0.004176074,-0.06918563304289557,-4.517368303451501,1.2882041,,1.0,
T cells (naive/memory),T cells (naive/memory),FADD,TRAF2,-0.03860722,1.0,0.0014156649,-0.03708248740077213,-0.2275933426041874,-15.208537,,1.0,
T cells (naive/memory),T cells (naive/memory),FASLG,TNFRSF10B,-0.028524928,0.998,0.0005863853,-0.02757047857528463,-0.16328692983618565,-0.09604042,,0.9619890792881178,
T cells (naive/memory),T cells (naive/memory),FCER2,CR2,0.27023935,0.0,0.044896215,0.30252841314210066,2.5388383069664604,-4.1328363,1.0495062,0.11001065274251619,
T cells (naive/memory),T cells (naive/memory),FN1,C5AR1,-0.23774837,1.0,0.056437623,-0.23774133203764847,-2.73823395245205,0.181195,,1.0,
T cells (naive/memory),T cells (naive/memory),FN1,CD79A,0.20980714,0.0,-0.1480406,0.20983145866821934,-0.19802851839604263,-1.333958,,0.6828958169221034,
T cells (naive/memory),T cells (naive/memory),FN1,ITGA2,-0.12502728,1.0,0.004937849,-0.11341167521571394,-1.1747457316427663,-0.08844524,,1.0,
T cells (naive/memory),T cells (naive/memory),GAL,HLA-DPA1,-0.019815426,0.992,0.00025742716,-0.020453996231406073,-0.9600475151360293,-0.0081818765,,0.814572940661747,
T cells (naive/memory),T cells (naive/memory),GZMA,PARD3,-0.10825911,1.0,0.0045845676,-0.10419441605683637,-0.8375913866558222,0.2526818,,1.0,
T cells (naive/memory),T cells (naive/memory),HLA-DPA1,LAG3,-0.041215386,1.0,0.0016032283,-0.041187810492505895,-0.4946080578908369,-0.055135865,,1.0,
T cells (naive/memory),T cells (naive/memory),HLA-DPB1,LAG3,-0.04653138,1.0,0.0021453188,-0.04650340864911432,-0.47202375351293613,-0.07966043,,1.0,
T cells (naive/memory),T cells (naive/memory),HLA-DQA1,LAG3,-0.058190435,1.0,0.003334234,-0.058163826930697396,-0.6130856903158118,-0.13808532,,1.0,
T cells (naive/memory),T cells (naive/memory),HLA-DQB1,LAG3,-0.006079113,0.727,-0.0019797415,-0.006053620615100844,-0.38263637637054204,0.0722441,,0.4244943138861356,
T cells (naive/memory),T cells (naive/memory),HLA-DRA,LAG3,-0.0037984122,0.638,-0.0022123125,-0.0037732200988656282,-0.3606036560893685,0.06749028,,0.38610515743842244,
T cells (naive/memory),T cells (naive/memory),HLA-DRB1,LAG3,-0.08219122,1.0,0.005781679,-0.08216394844043015,-0.6526807674651274,-0.19602676,,1.0,
T cells (naive/memory),T cells (naive/memory),HLA-DRB5,LAG3,-0.068797655,1.0,0.0044158897,-0.06876932883279326,-0.7727708192242557,-0.21707128,,1.0,
T cells (naive/memory),T cells (naive/memory),IL10,CD70,-0.059362948,1.0,0.0024063387,-0.05366164971475381,-1.2587088091576697,-0.17653783,,1.0,
T cells (naive/memory),T cells (naive/memory),IL1B,ADRB2,-0.109958865,1.0,0.011234621,-0.11037171280937647,-2.7673773846296137,1.0000604,,1.0,
T cells (naive/memory),T cells (naive/memory),IL1B,IL1R2_IL1RAP,-0.12266399,1.0,0.014772286,-0.12419097680700503,-4.0563336121023905,0.23801246,,1.0,
T cells (naive/memory),T cells (naive/memory),IL4,IL21R,-0.009910074,0.644,9.761738e-05,0.005312772920748732,0.4477991602508451,0.18239944,,0.3887847717322025,
T cells (naive/memory),T cells (naive/memory),IL6,FCGR3B,-0.051250044,1.0,-0.00019871733,-0.03211021968973362,-2.0493455840828902,0.01272095,,1.0,
T cells (naive/memory),T cells (naive/memory),L1CAM,CD9,-0.1194904,1.0,-0.0007742391,-0.10088588072464647,-0.38701034283075175,0.014616017,,1.0,
T cells (naive/memory),T cells (naive/memory),L1CAM,ERBB2,-0.0063293315,0.099,-5.0690294e-05,0.01744921139202319,0.5200640165491754,-0.006562289,,0.2969078013928588,
T cells (naive/memory),T cells (naive/memory),LGALS3,LAG3,-0.14864737,1.0,0.012558446,-0.1486213106122922,-0.9991554767750018,-0.788636,,1.0,
T cells (naive/memory),T cells (naive/memory),LTF,IGDCC4,-0.036203437,1.0,0.0007958045,-0.03529697286100935,-1.845315195572471,1.058683,,1.0,
T cells (naive/memory),T cells (naive/memory),LTF,IL1RL1,-0.079416186,1.0,0.0058857906,-0.07921215580853372,-4.165251238624167,81.94526,,0.04118369834185616,
T cells (naive/memory),T cells (naive/memory),NTNG2,LRRC4,-0.038053885,0.998,0.0014400622,-0.030345441204943265,-1.0683472569813435,0.20572498,,0.9619890792881178,
T cells (naive/memory),T cells (naive/memory),PNOC,OPRL1,0.110198505,0.0,-0.01291068,0.14996043705760506,0.880475673317175,7.1945176,,0.007070387620923245,
T cells (naive/memory),T cells (naive/memory),PSAP,CD1B,-0.17579353,1.0,0.014145743,-0.17785093054298928,-3.402007172404148,-0.21598932,,1.0,
T cells (naive/memory),T cells (naive/memory),S100A12,CD36,-0.14410587,1.0,0.017732149,-0.1445261198442127,-2.926920092533992,0.21269278,,1.0,
T cells (naive/memory),T cells (naive/memory),S100A8,CD36,-0.1839835,1.0,0.033618666,-0.18398393455361062,-3.552092670089664,0.15967204,,1.0,
T cells (naive/memory),T cells (naive/memory),S100A8,CD68,-0.24149069,1.0,0.05303036,-0.24149356895725965,-3.052903017257039,0.15029024,,1.0,
T cells (naive/memory),T cells (naive/memory),S100A9,CD36,-0.21236047,1.0,0.044923525,-0.21235719320174629,-3.0334134604498146,0.17435937,,1.0,
T cells (naive/memory),T cells (naive/memory),S100A9,CD68,-0.26986766,1.0,0.07086273,-0.2698668276053953,-2.53422380761719,0.16411458,,1.0,
T cells (naive/memory),T cells (naive/memory),SAA1,CD36,-0.12257034,1.0,0.009152792,-0.12191383942147363,-2.7375509897248693,-0.2106622,,1.0,
T cells (naive/memory),T cells (naive/memory),SAA1,FPR1,-0.12770332,1.0,0.009624512,-0.12704575240927676,-3.5077576914457307,-0.17968075,,1.0,
T cells (naive/memory),T cells (naive/memory),SCGB3A1,MARCO,-0.10379389,1.0,0.006929574,-0.10087040995909072,-3.279917971332458,-0.19071764,,1.0,
T cells (naive/memory),T cells (naive/memory),SCGB3A1,NOTCH3,-0.045365483,1.0,0.0020452938,-0.04038440007472542,-1.5372107729021796,0.40056345,,1.0,
T cells (naive/memory),T cells (naive/memory),SORBS1,ITGA1,-0.04906243,1.0,0.0018107628,-0.04358202486440221,-0.6539295689860318,0.48397815,,1.0,
T cells (naive/memory),T cells (naive/memory),THBS1,CD36,-0.15179104,1.0,0.02079378,-0.1521531683527224,-3.272912771533882,0.16392452,,1.0,
T cells (naive/memory),T cells (naive/memory),TNF,FFAR2,-0.074363366,1.0,0.0054803775,-0.07543671365659316,-1.5724607667824162,5.0973797,,0.541979973894732,
T cells (naive/memory),T cells (naive/memory),TNF,ICOS,-0.05141434,1.0,0.0017442184,-0.051369091177216296,-0.3353424323547127,-1.5149037,,1.0,
T cells (naive/memory),T cells (naive/memory),TNF,NOTCH1,-0.05883675,1.0,0.0029526055,-0.058800301465639984,-0.3897725673977648,1.8186586,,1.0,
T cells (naive/memory),T cells (naive/memory),TNF,TRAF2,-0.05567837,1.0,0.0024384137,-0.054861448235817574,-0.49498663937592413,-7.8702083,,1.0,
T cells (naive/memory),T cells (naive/memory),TNFSF4,TNFRSF4,-0.059518654,1.0,0.0035087832,-0.057252642444726005,-1.588705657222059,0.56655884,,1.0,
T cells (naive/memory),T cells (naive/memory),TNFSF4,TRAF2,-0.041835044,1.0,0.0016090467,-0.03902792477684287,-1.1642730331403417,1.1271892,,1.0,
T cells (naive/memory),T cells (naive/memory),TNFSF9,ADGRG5,-0.049099676,1.0,0.0020528429,-0.04782274943651344,-0.7881279410554298,-5.499761,,1.0,
T cells (naive/memory),T cells (naive/memory),TNFSF9,HLA-DPA1,-0.049731433,1.0,0.0021387858,-0.04960396540673159,-0.7538908713193408,0.0985397,,1.0,
T cells (naive/memory),T cells (naive/memory),TNFSF9,TNFRSF9,-0.061376628,1.0,0.003722971,-0.0595149947838965,-1.0105824718736964,-1.494899,,1.0,
T cells (naive/memory),T cells (naive/memory),TNFSF9,TRAF2,-0.04898717,1.0,0.0020375373,-0.048079706832014284,-0.8509053936528774,-6.821685,,1.0,
T cells (naive/memory),T cells (resting),ADCYAP1,ADRB2,-0.06518456,1.0,0.004116434,-0.06534125602043375,-1.5241930411493478,-1.0413076,,1.0,
T cells (naive/memory),T cells (resting),ADCYAP1,VIPR2,-0.03866702,1.0,0.0012700588,-0.03200670253679852,-1.5462001349688386,0.09578299,,1.0,
T cells (naive/memory),T cells (resting),ADM,ADRB2,-0.09776725,1.0,0.009114583,-0.09877606103975906,-2.2658778886512136,0.948615,,1.0,
T cells (naive/memory),T cells (resting),ADM,RAMP1,-0.0907781,1.0,0.0074534696,-0.09180098243379375,-3.344026349940475,-0.30190983,,1.0,
T cells (naive/memory),T cells (resting),APOE,LRP8,-0.15702584,1.0,0.012597024,-0.15348880890605035,-1.6738493437146016,-0.26219273,,1.0,
T cells (naive/memory),T cells (resting),BTLA,CD247,-0.0037255771,0.647,-0.0012809223,-0.002937557594682595,0.14183829712225127,-1.6767479,,1.0,
T cells (naive/memory),T cells (resting),BTLA,CD79A,-0.025566487,1.0,-0.0026900012,-0.024778660800227493,-0.040480038587417555,2.8140054,,0.8493266716856487,
T cells (naive/memory),T cells (resting),C3,C5AR2,-0.13671774,1.0,0.016786838,-0.13757563649244645,-2.98577952353987,0.16438913,,1.0,
T cells (naive/memory),T cells (resting),C3,CR2,-0.10354158,1.0,0.0048193466,-0.09688592204938555,-1.8997568719375524,-0.15590729,,1.0,
T cells (naive/memory),T cells (resting),CCL13,ACKR1,-0.05633786,1.0,0.0020455036,-0.055309905302166756,-1.5308751353190835,-0.26128584,,1.0,
T cells (naive/memory),T cells (resting),CCL13,CCR2,-0.031388305,1.0,0.0009105266,-0.03021005066711257,-0.8315845963382715,-0.16853207,,1.0,
T cells (naive/memory),T cells (resting),CCL13,CCR3,-0.022995748,0.998,0.0005287417,-0.02153038925455853,-2.2068379837502508,0.06841771,,1.0,
T cells (naive/memory),T cells (resting),CCL13,CCR5,-0.037028648,1.0,0.0011671106,-0.03586633170252711,-0.7857696595069437,-0.24822877,,1.0,
T cells (naive/memory),T cells (resting),CCL13,CXCR3,-0.0070155407,0.356,-0.00019821186,-0.005853310268275974,-0.4438167341906223,-0.04367318,,0.43705510013297844,
T cells (naive/memory),T cells (resting),CCL17,ACKR1,-0.061056033,1.0,0.0028941166,-0.06121488498535643,-1.9819209078157403,-0.29427296,,1.0,
T cells (naive/memory),T cells (resting),CCL18,ACKR1,-0.100561745,1.0,0.009999637,-0.10251160282723393,-4.133062432702856,0.3769402,,1.0,
T cells (naive/memory),T cells (resting),CCL18,CCR3,-0.06721963,1.0,0.0025848036,-0.0687320867796257,-4.809025281134023,-0.09870181,,1.0,
T cells (naive/memory),T cells (resting),CCL19,CCR7,0.04741519,0.0,-0.0032453642,0.048959928727877265,-0.7493006577381375,-0.23675956,,1.0,
T cells (naive/memory),T cells (resting),CCL19,CXCR3,-0.008994518,0.407,-0.00023270289,-0.00744908253694137,-0.647006257585149,-0.038050883,,0.4202782839568202,
T cells (naive/memory),T cells (resting),CCL2,ACKR1,-0.09441911,1.0,0.008894818,-0.09650264460868563,-3.0628015996810953,0.600627,,1.0,
T cells (naive/memory),T cells (resting),CCL2,CCR2,-0.069469556,1.0,0.003959401,-0.07140278997363145,-2.3635110607002834,0.38741064,,1.0,
T cells (naive/memory),T cells (resting),CCL2,CCR3,-0.061076995,1.0,0.0022992194,-0.06272312856107741,-3.7387644481122626,-0.15727422,,1.0,
T cells (naive/memory),T cells (resting),CCL2,CCR5,-0.0751099,1.0,0.0050751497,-0.07705907100904598,-2.3176961238689557,0.57061225,,1.0,
T cells (naive/memory),T cells (resting),CCL20,CCR6,-0.032405954,1.0,0.00055616006,-0.03029977911908585,-0.6351528111658047,-0.56275797,,1.0,
T cells (naive/memory),T cells (resting),CCL20,CXCR3,-0.022958696,0.983,-0.00047608052,-0.020851958389757345,-0.2719535059586009,-0.13589554,,0.842414862159646,
T cells (naive/memory),T cells (resting),CCL21,CCR7,0.013952389,0.028,-0.0113790855,0.013676291730428794,-0.7959396273710452,0.7043512,,0.474195221789964,
T cells (naive/memory),T cells (resting),CCL21,CXCR3,-0.04245732,1.0,-0.00081591646,-0.04273271953438984,-0.6936452272180567,0.1132,,1.0,
T cells (naive/memory),T cells (resting),CCL3,CCR3,-0.116944544,1.0,0.00489662,-0.11664516811000976,-2.204648353468448,-0.16684276,,1.0,
T cells (naive/memory),T cells (resting),CCL3,CCR5,-0.13097745,1.0,0.010808486,-0.13098111055797834,-0.7835800292251407,0.6053282,,1.0,
T cells (naive/memory),T cells (resting),CCL4,CCR3,-0.1192282,1.0,0.0050027915,-0.11892779239810163,-1.729412619831069,8.77228,,0.32063416704071707,
T cells (naive/memory),T cells (resting),CCL4,CCR5,-0.1332611,1.0,0.011042843,-0.1332637348460702,-0.3083442955877619,-31.827023,,1.0,
T cells (naive/memory),T cells (resting),CCL4,CNR2,-0.12834628,1.0,0.008927402,-0.1251347854830905,-0.7587448329680234,-74.20719,,1.0,
T cells (naive/memory),T cells (resting),CCL5,ACKR1,-0.13403285,1.0,0.016019767,-0.13416288016094927,-0.8883047112342826,-0.73744893,,1.0,
T cells (naive/memory),T cells (resting),CCL5,CCR3,-0.10069073,1.0,0.0041409456,-0.10038336411334103,-1.5642675596654498,0.19310105,,1.0,
T cells (naive/memory),T cells (resting),CCL5,CCR5,-0.11472364,1.0,0.009140459,-0.11471930656130962,-0.1431992354221428,-0.70059687,,1.0,
T cells (naive/memory),T cells (resting),CCL5,CXCR3,-0.08471052,1.0,-0.0015523355,-0.08470628512705848,0.19875368989417858,-0.12326247,,1.0,
T cells (naive/memory),T cells (resting),CCL7,ACKR1,-0.062484372,1.0,0.0031510189,-0.06275814253933158,-2.1042899185842634,-0.35331863,,1.0,
T cells (naive/memory),T cells (resting),CCL7,CCR2,-0.037534818,1.0,0.0014026309,-0.03765828790427739,-1.4049993796034517,-0.22789416,,1.0,
T cells (naive/memory),T cells (resting),CCL7,CCR3,-0.02914226,1.0,0.0008145061,-0.028978626491723357,-2.7802527670154307,0.092516504,,1.0,
T cells (naive/memory),T cells (resting),CCL7,CCR5,-0.04317516,1.0,0.0017978887,-0.04331456893969193,-1.3591844427721238,-0.33566245,,1.0,
T cells (naive/memory),T cells (resting),CCL7,CXCR3,-0.013162054,0.716,-0.00030533766,-0.013301547505440797,-1.0172315174558024,-0.059056193,,0.7403051030552323,
T cells (naive/memory),T cells (resting),CCL8,ACKR1,-0.069138,1.0,0.004347744,-0.06933617958030422,-1.7832788669739843,-1.909191,,1.0,
T cells (naive/memory),T cells (resting),CCL8,CCR2,-0.044188447,1.0,0.0019353358,-0.044236324945250025,-1.0839883279931724,-1.2314479,,1.0,
T cells (naive/memory),T cells (resting),CCL8,CCR3,-0.035795886,1.0,0.0011238472,-0.035556663532695994,-2.4592417154051516,0.4999218,,1.0,
T cells (naive/memory),T cells (resting),CCL8,CCR5,-0.049828786,1.0,0.0024807085,-0.04989260598066457,-1.0381733911618445,-1.8137842,,1.0,
T cells (naive/memory),T cells (resting),CD14,RIPK1,-0.14877535,1.0,0.0074619087,-0.1487344221331813,-0.9804504923352044,0.29160562,,1.0,
T cells (naive/memory),T cells (resting),CD24,SIGLEC10,0.011829726,0.066,-0.023065614,0.012395329756219514,-0.8647946587816131,-0.40467262,,1.0,
T cells (naive/memory),T cells (resting),CD40LG,CD40,-0.05441814,1.0,0.0018730888,-0.054396979223173235,-0.3765280901558232,-0.09275907,,1.0,
T cells (naive/memory),T cells (resting),CD40LG,CD9,-0.1293737,1.0,0.0050856215,-0.12939508295177818,-1.0325156475006996,-0.11828909,,1.0,
T cells (naive/memory),T cells (resting),COL1A1,CD36,-0.18303485,1.0,0.033346694,-0.18302462560471805,-2.3703483383089994,0.25459844,,1.0,
T cells (naive/memory),T cells (resting),CP,SLC40A1,-0.054043163,1.0,0.0020643277,-0.05295730023864127,-1.8533088707702328,-0.07811087,,1.0,
T cells (naive/memory),T cells (resting),CSF1,CELSR3,-0.075042054,1.0,0.0032134312,-0.06881664096372496,-1.0838032240642619,-0.59342074,,1.0,
T cells (naive/memory),T cells (resting),CSF1,CSF3R,-0.15433386,1.0,0.022911735,-0.154450272836707,-3.138568075425019,0.9395165,,1.0,
T cells (naive/memory),T cells (resting),CSF1_IL34,CSF1R,-0.19373448,1.0,0.03269995,-0.19373925078385057,-1.7827824390586462,0.9725587,,1.0,
T cells (naive/memory),T cells (resting),CSF2,CSF1R,-0.15007864,1.0,0.009714713,-0.14792947366425152,-2.0731315669601083,-0.092869595,,1.0,
T cells (naive/memory),T cells (resting),CSF2,CSF3R,-0.11067802,1.0,0.0068067666,-0.10864049571710793,-3.428917203326481,-0.08971439,,1.0,
T cells (naive/memory),T cells (resting),CXCL1,ACKR1,-0.05988321,1.0,0.0026831725,-0.059430942549749836,-1.8560411357712416,-0.32866246,,1.0,
T cells (naive/memory),T cells (resting),CXCL1,CXCR1,-0.04856677,1.0,0.0020078947,-0.0473839410239765,-2.356983431435108,3.3161387,,0.7561306885137202,
T cells (naive/memory),T cells (resting),CXCL1,CXCR2,-0.06598504,1.0,0.0030472823,-0.06578428221097796,-3.2956141593796824,-0.30936617,,1.0,
T cells (naive/memory),T cells (resting),CXCL10,ACKR1,-0.07755395,1.0,0.0058614416,-0.07876380662494184,-1.8442917564705623,8.312082,,0.34645417846118043,
T cells (naive/memory),T cells (resting),CXCL10,CCR3,-0.04421184,1.0,0.0015151226,-0.04498429057733362,-2.5202546049017296,-2.1765194,,1.0,
T cells (naive/memory),T cells (resting),CXCL10,CXCR3,-0.028231632,1.0,-0.000567981,-0.029307211591051062,-0.7572333553421011,1.3893406,,1.0,
T cells (naive/memory),T cells (resting),CXCL11,ACKR1,-0.05777572,1.0,0.002304118,-0.051823538502631245,-1.059032544968956,-0.3280087,,1.0,
T cells (naive/memory),T cells (resting),CXCL11,CCR3,-0.024433605,0.973,0.00059559086,-0.01804402245502302,-1.7349953934001232,0.0858891,,1.0,
T cells (naive/memory),T cells (resting),CXCL11,CCR5,-0.038466506,1.0,0.0013146691,-0.032379964902991595,-0.3139270691568161,-0.31161734,,1.0,
T cells (naive/memory),T cells (resting),CXCL11,CXCR3,-0.008453401,0.325,-0.0002232719,-0.002366943468740462,0.028025856159505258,-0.054825716,,0.4847227443579618,
T cells (naive/memory),T cells (resting),CXCL13,ACKR1,-0.06481509,1.0,0.0035702223,-0.06052699523780905,-1.0625377104223692,-0.33476245,,1.0,
T cells (naive/memory),T cells (resting),CXCL13,CXCR3,-0.015492767,0.804,-0.00034595898,-0.011070400203918269,0.024520690706091974,-0.055954583,,0.49040858088725353,
T cells (naive/memory),T cells (resting),CXCL13,CXCR5,-0.05001262,1.0,0.0023949095,-0.04525784117028977,-0.9867000621287922,-0.24500354,,1.0,
T cells (naive/memory),T cells (resting),CXCL2,ACKR1,-0.111310825,1.0,0.011932972,-0.11206947084700399,-3.1446712671190395,0.39133707,,1.0,
T cells (naive/memory),T cells (resting),CXCL2,CXCR1,-0.099994384,1.0,0.008929784,-0.10002246932123066,-3.645613562782906,-3.9485133,,1.0,
T cells (naive/memory),T cells (resting),CXCL2,CXCR2,-0.11741265,1.0,0.013552291,-0.11842281050823211,-4.58424429072748,0.36836103,,1.0,
T cells (naive/memory),T cells (resting),CXCL8,ACKR1,-0.117369734,1.0,0.013022731,-0.11870458762944434,-3.474823301596189,0.4233157,,1.0,
T cells (naive/memory),T cells (resting),CXCL8,CD79A,-0.11409997,1.0,0.012075747,-0.11530275097764595,-2.995830618077453,0.15118322,,1.0,
T cells (naive/memory),T cells (resting),CXCL8,CXCR1,-0.10605329,1.0,0.009745281,-0.10665758610367101,-3.9757655972600556,-4.2711716,,1.0,
T cells (naive/memory),T cells (resting),CXCL8,CXCR2,-0.12347156,1.0,0.0147899315,-0.12505792729067247,-4.914396325204629,0.39846218,,1.0,
T cells (naive/memory),T cells (resting),CXCL9,ACKR1,-0.06980455,1.0,0.0044676294,-0.07232868065486264,-3.714849799079181,-0.8245715,,1.0,
T cells (naive/memory),T cells (resting),CXCL9,CCR3,-0.036462434,1.0,0.0011548364,-0.03854916460725442,-4.390812647510348,0.21591409,,1.0,
T cells (naive/memory),T cells (resting),CXCL9,CXCR3,-0.020482227,0.975,-0.00043291887,-0.022872085620971858,-2.6277913979507197,-0.13782474,,1.0,
T cells (naive/memory),T cells (resting),CXCL9,KIR2DL3,-0.066802114,1.0,0.004169315,-0.06911612014753579,-4.121379172983243,1.2861191,,1.0,
T cells (naive/memory),T cells (resting),FADD,TRAF2,-0.029580168,1.0,0.0005624464,-0.027814742072842624,0.1082013217683282,-6.042382,,1.0,
T cells (naive/memory),T cells (resting),FASLG,TNFRSF10B,-0.03403659,1.0,0.0010670128,-0.03312585918905323,0.03503298223886597,-0.17475943,,1.0,
T cells (naive/memory),T cells (resting),FCER2,CR2,0.20562416,0.0,-0.011702644,0.21866437555330498,1.4300775061728626,1.0772648,,0.007070387620923245,
T cells (naive/memory),T cells (resting),FN1,C5AR1,-0.23267888,1.0,0.054121483,-0.23267745951885072,-2.7151409472739836,0.17375895,,1.0,
T cells (naive/memory),T cells (resting),FN1,CD79A,-0.15591484,1.0,0.019049697,-0.15591213276624136,-1.4838095348301414,0.17165223,,1.0,
T cells (naive/memory),T cells (resting),FN1,ITGA2,-0.12743509,1.0,0.0060379193,-0.11912199685972522,-1.4428712981144687,-0.10814936,,1.0,
T cells (naive/memory),T cells (resting),GAL,HLA-DPA1,-0.16488083,1.0,0.0026326824,-0.16552611177877946,-1.4155410923909828,-0.08367525,,1.0,
T cells (naive/memory),T cells (resting),GZMA,PARD3,-0.11014396,1.0,0.005311103,-0.11031968087190808,-1.9775169823933276,0.2927253,,1.0,
T cells (naive/memory),T cells (resting),HLA-DPA1,LAG3,-0.023943048,0.999,0.00051700516,-0.02389279142864692,-0.16476166027335454,-0.01778008,,1.0,
T cells (naive/memory),T cells (resting),HLA-DPB1,LAG3,-0.029259041,1.0,0.00069181726,-0.029208389585255345,-0.14217735589545377,-0.025688706,,1.0,
T cells (naive/memory),T cells (resting),HLA-DQA1,LAG3,-0.0409181,1.0,0.0010752158,-0.04086880786683842,-0.2832392926983295,-0.044529423,,1.0,
T cells (naive/memory),T cells (resting),HLA-DQB1,LAG3,0.011193224,0.101,-0.0006384222,0.011241398448758133,-0.052789978753059685,0.023297103,,0.2231790053282658,
T cells (naive/memory),T cells (resting),HLA-DRA,LAG3,0.013473925,0.057,-0.0007134212,0.013521798964993349,-0.03075725847188615,0.021764103,,0.201090736395335,
T cells (naive/memory),T cells (resting),HLA-DRB1,LAG3,-0.06491888,1.0,0.0018644618,-0.06486892937657118,-0.322834369847645,-0.063214235,,1.0,
T cells (naive/memory),T cells (resting),HLA-DRB5,LAG3,-0.05152532,1.0,0.0014240255,-0.05147430976893428,-0.44292442160677337,-0.070000626,,1.0,
T cells (naive/memory),T cells (resting),IL10,CD70,-0.072833575,1.0,0.0049063195,-0.07141936747403146,-2.0022418948940746,-0.35994557,,1.0,
T cells (naive/memory),T cells (resting),IL1B,ADRB2,-0.10796073,1.0,0.010678252,-0.10836549284395441,-2.415245958917304,0.9505348,,1.0,
T cells (naive/memory),T cells (resting),IL1B,IL1R2_IL1RAP,-0.12370272,1.0,0.0150615135,-0.1253329305708389,-4.340642989509671,0.24267253,,1.0,
T cells (naive/memory),T cells (resting),IL4,IL21R,-0.020535829,1.0,0.0003245752,-0.0053613873238837345,0.46607891383753564,0.60647327,,0.7877708851500913,
T cells (naive/memory),T cells (resting),IL6,FCGR3B,-0.04981039,1.0,-0.00019323698,-0.03053391824952815,-2.1768750988873893,0.0123701235,,1.0,
T cells (naive/memory),T cells (resting),L1CAM,CD9,-0.11706042,1.0,-0.0007587019,-0.09847812374202142,-0.43759398278299444,0.014322707,,1.0,
T cells (naive/memory),T cells (resting),L1CAM,ERBB2,-0.02466099,0.939,-0.00016790243,-0.003940828451696313,-0.03528806015201846,-0.021736395,,0.5814753043213702,
T cells (naive/memory),T cells (resting),LGALS3,LAG3,-0.13137503,1.0,0.0040498176,-0.1313262915484332,-0.6693090791575195,-0.25431743,,1.0,
T cells (naive/memory),T cells (resting),LTF,IGDCC4,-0.03577804,1.0,0.00074569747,-0.0322949731246918,-1.1279220543651156,0.9920242,,1.0,
T cells (naive/memory),T cells (resting),LTF,IL1RL1,-0.0757789,1.0,0.0054573584,-0.07517314583614987,-2.2927799677260756,75.98039,,0.048016605145720176,
T cells (naive/memory),T cells (resting),NTNG2,LRRC4,-0.038527716,1.0,0.0014788107,-0.031411153246457366,-1.2753572195087786,0.21126054,,1.0,
T cells (naive/memory),T cells (resting),PNOC,OPRL1,0.11126514,0.0,-0.012337931,0.15169644540964541,0.9126029529796225,6.875352,,0.007070387620923245,
T cells (naive/memory),T cells (resting),PSAP,CD1B,-0.17407814,1.0,0.013098523,-0.17439897252388029,-1.9435159906168276,-0.19999948,,1.0,
T cells (naive/memory),T cells (resting),S100A12,CD36,-0.14225408,1.0,0.017402453,-0.1426637498395153,-2.8934730505512856,0.20873816,,1.0,
T cells (naive/memory),T cells (resting),S100A8,CD36,-0.18213171,1.0,0.032993592,-0.1821215645489132,-3.518645628106957,0.15670323,,1.0,
T cells (naive/memory),T cells (resting),S100A8,CD68,-0.24484697,1.0,0.054163273,-0.24484914810437597,-3.1569537469741467,0.15350096,,1.0,
T cells (naive/memory),T cells (resting),S100A9,CD36,-0.21050867,1.0,0.04408826,-0.21049482319704887,-2.9999664184671078,0.17111747,,1.0,
T cells (naive/memory),T cells (resting),S100A9,CD68,-0.27322394,1.0,0.07237661,-0.27322240675251164,-2.638274537334298,0.16762064,,1.0,
T cells (naive/memory),T cells (resting),SAA1,CD36,-0.12071855,1.0,0.008982614,-0.12005146941677623,-2.704103947742163,-0.20674534,,1.0,
T cells (naive/memory),T cells (resting),SAA1,FPR1,-0.1227525,1.0,0.009169533,-0.12210756579582879,-3.1950970045728266,-0.17118672,,1.0,
T cells (naive/memory),T cells (resting),SCGB3A1,MARCO,-0.09864912,1.0,0.006499501,-0.09572585608829148,-2.7005916579624625,-0.17888105,,1.0,
T cells (naive/memory),T cells (resting),SCGB3A1,NOTCH3,-0.049366318,1.0,0.002379741,-0.04662779798261133,-2.324203263129339,0.46606374,,1.0,
T cells (naive/memory),T cells (resting),SORBS1,ITGA1,-0.020741135,0.989,0.00041497828,-0.01525573337968495,-0.25055586128767593,0.11091482,,0.7797229606617206,
T cells (naive/memory),T cells (resting),THBS1,CD36,-0.14993925,1.0,0.02040716,-0.15029079834802503,-3.2394657295511755,0.16087665,,1.0,
T cells (naive/memory),T cells (resting),TNF,FFAR2,-0.075312614,1.0,0.0056349183,-0.07677330419739292,-2.001606314223248,5.2411203,,0.5296078215725337,
T cells (naive/memory),T cells (resting),TNF,ICOS,-0.04260857,1.0,0.00031061677,-0.04256038412370143,-0.11602314094586141,-0.26977956,,1.0,
T cells (naive/memory),T cells (resting),TNF,NOTCH1,-0.08318506,1.0,0.0069165733,-0.08315012899451855,-0.47437075107623694,4.260266,,0.6397701884012972,
T cells (naive/memory),T cells (resting),TNF,TRAF2,-0.04665132,1.0,0.00096878654,-0.04559370290788806,-0.15919197500340854,-3.1268494,,1.0,
T cells (naive/memory),T cells (resting),TNFSF4,TNFRSF4,-0.040335998,1.0,0.0014480057,-0.037684697882772795,-1.1367170878761481,0.23380767,,1.0,
T cells (naive/memory),T cells (resting),TNFSF4,TRAF2,-0.03280799,1.0,0.0006392774,-0.029760179448913366,-0.8284783687678261,0.4478345,,1.0,
T cells (naive/memory),T cells (resting),TNFSF9,ADGRG5,-0.06413277,1.0,0.0040979106,-0.06345240531553352,-1.046701755687784,-10.978693,,1.0,
T cells (naive/memory),T cells (resting),TNFSF9,HLA-DPA1,-0.19479683,1.0,0.021873152,-0.194676080954105,-1.2093844485742944,1.0077559,,1.0,
T cells (naive/memory),T cells (resting),TNFSF9,TNFRSF9,-0.039242443,1.0,0.00071188685,-0.03426575308833603,-0.4111502185106777,-0.2858467,,1.0,
T cells (naive/memory),T cells (resting),TNFSF9,TRAF2,-0.039960116,1.0,0.0008095176,-0.03881196150408477,-0.5151107292803618,-2.710269,,1.0,
T cells (resting),Activated T cells,ADCYAP1,ADRB2,0.01690674,0.0,-0.0037971484,0.019152395181627795,-0.744959950829982,0.9605398,,0.4221889985929862,
T cells (resting),Activated T cells,ADCYAP1,VIPR2,-0.029341156,0.999,0.00054936844,-0.008496329502236112,-0.29442008179398593,0.04143127,,1.0,
T cells (resting),Activated T cells,ADM,ADRB2,-0.018628985,0.995,-0.009540076,-0.019361662952879777,-1.898778641631954,-0.9928989,,1.0,
T cells (resting),Activated T cells,ADM,RAMP1,-0.07513344,1.0,0.0038020904,-0.06937755183941227,-2.200315513334573,-0.15400726,,1.0,
T cells (resting),Activated T cells,APOE,LRP8,-0.118236914,1.0,-0.0014340477,-0.10457953797305941,-0.8615476460452272,0.029848067,,1.0,
T cells (resting),Activated T cells,BTLA,CD247,0.0033615697,0.271,-0.000914474,0.0037698665940464615,-0.22913762699155826,-1.1970612,,1.0,
T cells (resting),Activated T cells,BTLA,CD79A,-0.016558524,0.993,0.00016379936,-0.016150032875236704,-0.30671979917525394,-0.17135021,,1.0,
T cells (resting),Activated T cells,C3,C5AR2,-0.124423474,1.0,0.0126767885,-0.12398762232149232,-2.710551255787781,0.12414049,,1.0,
T cells (resting),Activated T cells,C3,CR2,-0.088460915,1.0,-8.130009e-05,-0.07775517353777882,-1.5916924084882784,0.0026300817,,1.0,
T cells (resting),Activated T cells,CCL13,ACKR1,0.050550155,0.0,-0.0030320236,0.05438220167985866,-0.85345179061322,0.38730064,,0.1739716020432418,
T cells (resting),Activated T cells,CCL13,CCR2,-0.01484962,0.87,0.0001331121,-0.015540462647934858,-1.4907939138471473,-0.024638114,,1.0,
T cells (resting),Activated T cells,CCL13,CCR3,-0.020638544,0.983,0.0004132772,-0.012263189951586812,-1.4364181482758585,0.05347693,,1.0,
T cells (resting),Activated T cells,CCL13,CCR5,0.023669407,0.0,-0.001731083,0.022955516491564323,-1.2691357377700214,0.36817813,,0.40345701400891154,
T cells (resting),Activated T cells,CCL13,CXCR3,0.020269215,0.0,-0.0015665249,0.019557105843784343,-1.4080709486119136,-0.3451616,,1.0,
T cells (resting),Activated T cells,CCL17,ACKR1,0.046687014,0.0,-0.0040001166,0.051413249593640326,-0.6780051184458631,0.40673074,,0.19263396873097016,
T cells (resting),Activated T cells,CCL18,ACKR1,0.007595718,0.016,-0.013796292,0.010389107950437647,-2.150328108259943,-0.52005666,,1.0,
T cells (resting),Activated T cells,CCL18,CCR3,-0.063592985,1.0,0.001880491,-0.05625628368100783,-2.7332944659225813,-0.07180735,,1.0,
T cells (resting),Activated T cells,CCL19,CCR7,-0.0032836283,0.128,-0.00048726,-0.000507775286772677,-0.8404411318115607,-0.035547152,,0.5255811917801061,
T cells (resting),Activated T cells,CCL19,CXCR3,0.019568156,0.0,-0.0016572936,0.022343715145620894,-0.7750473680450951,-0.27099568,,1.0,
T cells (resting),Activated T cells,CCL2,ACKR1,0.01695821,0.0,-0.0114500765,0.020126682332038903,-0.6681328412409662,-0.77317214,,1.0,
T cells (resting),Activated T cells,CCL2,CCR2,-0.048441563,1.0,0.00050268206,-0.04979598199575462,-1.3054749644748935,0.049185313,,1.0,
T cells (resting),Activated T cells,CCL2,CCR3,-0.05423049,1.0,0.0015606922,-0.046518709299406574,-1.2510991989036047,-0.10675652,,1.0,
T cells (resting),Activated T cells,CCL2,CCR5,-0.009922538,0.783,-0.0065372293,-0.011300002856255438,-1.0838167883977676,-0.7349977,,1.0,
T cells (resting),Activated T cells,CCL20,CCR6,0.0136468895,0.0,-0.0027512647,0.01825650495973611,-0.2432510328500035,2.7839038,,0.10674517106675428,
T cells (resting),Activated T cells,CCL20,CXCR3,0.012092479,0.0,-0.0026251965,0.016701743429049204,-0.23484567347147345,-0.7493532,,0.7291585689862707,
T cells (resting),Activated T cells,CCL21,CCR7,-0.03898046,1.0,-0.0018461121,-0.03933988523918999,-1.2464093519608914,0.114272036,,1.0,
T cells (resting),Activated T cells,CCL21,CXCR3,-0.016128678,0.986,-0.006279091,-0.016488394806796425,-1.1810155881944258,0.87115914,,1.0,
T cells (resting),Activated T cells,CCL3,CCR3,-0.10623424,1.0,0.0033370072,-0.09713716432817955,-0.812063651592124,-0.11370201,,1.0,
T cells (resting),Activated T cells,CCL3,CCR5,-0.061926283,1.0,-0.013977632,-0.061918457885028415,-0.644781241086287,-0.78281593,,1.0,
T cells (resting),Activated T cells,CCL4,CCR3,-0.08594726,1.0,0.002644056,-0.07685079993478422,-0.16969691868587372,4.636291,,0.5880811407065542,
T cells (resting),Activated T cells,CCL4,CCR5,-0.041639306,1.0,-0.011075086,-0.04163209349163308,-0.0024145081800366897,31.919952,,0.1158602380279843,
T cells (resting),Activated T cells,CCL4,CNR2,-0.072265156,1.0,-0.001592355,-0.06446935740444087,-0.01784349455017914,13.236121,,0.23248022370488475,
T cells (resting),Activated T cells,CCL5,ACKR1,0.021991994,0.0,-0.010188623,0.02653886429047493,0.5556037218647372,0.4690199,,0.03636534837337424,
T cells (resting),Activated T cells,CCL5,CCR3,-0.049196705,1.0,0.001388751,-0.040106527340970546,-0.02736263579790138,0.064760394,,1.0,
T cells (resting),Activated T cells,CCL5,CCR5,-0.0048887543,0.775,-0.0058170236,-0.00488782089781941,0.13991977470793565,0.4458626,,0.4504870681003813,
T cells (resting),Activated T cells,CCL5,CXCR3,-0.008288946,0.901,-0.0052640527,-0.00828623154559939,0.000984563866043453,-0.4179896,,1.0,
T cells (resting),Activated T cells,CCL7,ACKR1,0.046539716,0.0,-0.004037029,0.05298910527024479,-0.32818181999697327,0.4526655,,0.14318470360380947,
T cells (resting),Activated T cells,CCL7,CCR2,-0.018860059,0.939,0.00017723392,-0.01693355905754873,-0.9655239432309006,-0.028796297,,0.6592816798321594,
T cells (resting),Activated T cells,CCL7,CCR3,-0.024648983,0.998,0.00055026356,-0.013656286361200686,-0.9111481776596118,0.06250225,,0.9619890792881178,
T cells (resting),Activated T cells,CCL7,CCR5,0.019658968,0.0,-0.0023048741,0.02156242008195045,-0.7438657671537747,0.43031567,,0.4209144666758806,
T cells (resting),Activated T cells,CCL7,CXCR3,0.016258776,0.0,-0.002085771,0.01816400943417047,-0.8828009779956669,-0.4034146,,1.0,
T cells (resting),Activated T cells,CCL8,ACKR1,0.038428895,0.0,-0.0060695787,0.04287492392380491,-0.548679480728258,2.6652875,,0.2435892359983795,
T cells (resting),Activated T cells,CCL8,CCR2,-0.026970878,0.995,0.00026646708,-0.027047740403988614,-1.1860216039621854,-0.16955215,,1.0,
T cells (resting),Activated T cells,CCL8,CCR3,-0.032759804,1.0,0.0008273084,-0.023770467707640564,-1.1316458383908965,0.36801225,,1.0,
T cells (resting),Activated T cells,CCL8,CCR5,0.0115481485,0.0,-0.0034653244,0.011448238735510569,-0.9643634278850595,2.533692,,0.6005559488303033,
T cells (resting),Activated T cells,CD14,RIPK1,-0.14506267,1.0,0.003635821,-0.14502670994828673,-1.3833082691574095,0.14208508,,1.0,
T cells (resting),Activated T cells,CD24,SIGLEC10,-0.035962533,1.0,-1.0164504e-05,-0.035714308854788726,-0.4253763315132071,-0.00017833023,,1.0,
T cells (resting),Activated T cells,CD40LG,CD40,0.02654167,0.0,-0.0005756282,0.026989156492044766,0.2547771531708747,0.028506253,,0.19139493065196833,
T cells (resting),Activated T cells,CD40LG,CD9,0.046349175,0.0,0.001893179,0.04635236581390109,0.09153695465811462,-0.04403443,1.2982154,0.34319508385491937,
T cells (resting),Activated T cells,COL1A1,CD36,-0.153485,1.0,0.022908602,-0.15348759145385693,-1.8124348717654226,0.17490473,,1.0,
T cells (resting),Activated T cells,CP,SLC40A1,-0.03252384,1.0,0.0009937864,-0.03114490557823567,-1.5215908830034979,-0.037603296,,1.0,
T cells (resting),Activated T cells,CSF1,CELSR3,-0.02931843,1.0,0.00035541118,-0.005491297745310184,0.653440461462083,-0.06563339,,1.0,
T cells (resting),Activated T cells,CSF1,CSF3R,-0.09237992,1.0,0.0068850396,-0.092411994675723,-1.9249635787148367,0.2823273,,1.0,
T cells (resting),Activated T cells,CSF1_IL34,CSF1R,-0.10659856,1.0,0.008357293,-0.10659600601275052,-0.7046790806313991,0.24856178,,1.0,
T cells (resting),Activated T cells,CSF2,CSF1R,-0.09890891,1.0,0.0058746845,-0.09642889793431987,-1.6321207440133771,-0.05616013,,1.0,
T cells (resting),Activated T cells,CSF2,CSF3R,-0.084690265,1.0,0.0048397775,-0.08224488659729236,-2.8524052420968147,-0.06378912,,1.0,
T cells (resting),Activated T cells,CXCL1,ACKR1,0.047002226,0.0,-0.0039211246,0.05076742223500584,-1.1821814388438696,0.48029956,,0.1973610540830165,
T cells (resting),Activated T cells,CXCL1,CXCR1,-0.041923404,1.0,0.0016445922,-0.0401337779529206,-2.58305352455053,2.716127,,0.8665748428416968,
T cells (resting),Activated T cells,CXCL1,CXCR2,-0.046968907,1.0,0.0019603826,-0.04712629783129146,-2.9099124028604004,-0.19902197,,1.0,
T cells (resting),Activated T cells,CXCL10,ACKR1,0.03665434,0.0,-0.006514279,0.04269519195465761,0.008341620532009486,-9.237868,,0.4063622903233047,
T cells (resting),Activated T cells,CXCL10,CCR3,-0.034534365,1.0,0.0008879229,-0.023950199676787867,-0.574624737130629,-1.2755281,,1.0,
T cells (resting),Activated T cells,CXCL10,CXCR3,0.006373396,0.006,-0.0033656666,0.007870096118583286,-0.5462775374666842,8.23277,,0.2552081585544565,
T cells (resting),Activated T cells,CXCL11,ACKR1,0.046071146,0.0,-0.0041544517,0.0505148547565321,-0.9519395250295979,0.59141785,,0.19831477434088465,
T cells (resting),Activated T cells,CXCL11,CCR3,-0.025117554,0.999,0.00056626875,-0.016130536874913375,-1.5349058826922364,0.08166061,,1.0,
T cells (resting),Activated T cells,CXCL11,CCR5,0.019190397,0.0,-0.0023719145,0.019088169568237758,-1.3676234721863993,0.56221724,,0.4622500059486512,
T cells (resting),Activated T cells,CXCL11,CXCR3,0.015790205,0.0,-0.0021464385,0.015689758920457778,-1.5065586830282915,-0.5270704,,1.0,
T cells (resting),Activated T cells,CXCL13,ACKR1,0.042324856,0.0,-0.005093262,0.051016087018341066,0.19004750799296843,0.4775705,,0.022513322485102957,
T cells (resting),Activated T cells,CXCL13,CXCR3,0.012043916,0.0,-0.002631484,0.01619099118226674,-0.3645716500057252,-0.42560992,,0.9364426154549611,
T cells (resting),Activated T cells,CXCL13,CXCR5,0.008894958,0.001,-0.0023754803,0.014643507132452223,-0.11566122975233117,0.24301589,,0.11728779665642686,
T cells (resting),Activated T cells,CXCL2,ACKR1,0.002579961,0.179,-0.015053228,0.006678560551128372,-0.7429130053127144,-0.49366462,,1.0,
T cells (resting),Activated T cells,CXCL2,CXCR1,-0.08634567,1.0,0.0063136015,-0.08422263963679806,-2.143785091019375,-2.7917073,,1.0,
T cells (resting),Activated T cells,CXCL2,CXCR2,-0.091391176,1.0,0.0075259237,-0.09121515951516893,-2.4706439693292452,0.20456004,,1.0,
T cells (resting),Activated T cells,CXCL8,ACKR1,-0.0094735995,0.81,-0.018073818,-0.0061130359856204075,-1.3689513999184233,-0.5875059,,1.0,
T cells (resting),Activated T cells,CXCL8,CD79A,-0.07514898,1.0,0.0008729876,-0.07633479506288182,-2.071241181193197,0.010929433,,1.0,
T cells (resting),Activated T cells,CXCL8,CXCR1,-0.09839923,1.0,0.007580493,-0.09701423617354685,-2.769823485625084,-3.322386,,1.0,
T cells (resting),Activated T cells,CXCL8,CXCR2,-0.10344474,1.0,0.00903608,-0.1040067560519177,-3.096682363934954,0.2434451,,1.0,
T cells (resting),Activated T cells,CXCL9,ACKR1,0.040382363,0.0,-0.0055800457,0.044907037315050635,-0.617489324553691,1.0298855,,0.22874394352358285,
T cells (resting),Activated T cells,CXCL9,CCR3,-0.03080634,1.0,0.0007605831,-0.021738354316394842,-1.2004556822163295,0.14220248,,1.0,
T cells (resting),Activated T cells,CXCL9,CXCR3,0.010101421,0.0,-0.0028829859,0.01008194147897631,-1.1721084825523846,-0.91783196,,1.0,
T cells (resting),Activated T cells,CXCL9,KIR2DL3,-0.039780464,1.0,0.0015598896,-0.03921439182340529,-1.5874155606342941,0.481183,,1.0,
T cells (resting),Activated T cells,FADD,TRAF2,-0.02216013,0.998,0.00049103,-0.020067781620215393,-0.35578551923350865,-5.2751517,,1.0,
T cells (resting),Activated T cells,FASLG,TNFRSF10B,-0.02178054,1.0,0.00027447453,-0.020698031451645848,-0.14848417641075118,-0.044954486,,1.0,
T cells (resting),Activated T cells,FCER2,CR2,-0.026422227,0.998,-2.4430698e-05,-0.015281021500833629,-0.2596145820988842,0.002248922,,0.9619890792881178,
T cells (resting),Activated T cells,FN1,C5AR1,-0.20982094,1.0,0.043667536,-0.2098333008123544,-2.241375808549075,0.14019619,,1.0,
T cells (resting),Activated T cells,FN1,CD79A,-0.1173876,1.0,0.0013842507,-0.11739465100888799,-1.3808493709536762,0.012473149,,1.0,
T cells (resting),Activated T cells,FN1,ITGA2,-0.11549291,1.0,0.0005175316,-0.0906009159984967,-0.5877929849013996,-0.009269866,,1.0,
T cells (resting),Activated T cells,GAL,HLA-DPA1,-0.03872375,1.0,0.0005141805,-0.03528466829024233,-0.14115317456004184,-0.016342334,,1.0,
T cells (resting),Activated T cells,GZMA,PARD3,-0.055128273,1.0,0.0012611503,-0.038859666616826924,0.2834922171050056,0.069509216,,1.0,
T cells (resting),Activated T cells,HLA-DPA1,LAG3,-0.13235892,1.0,-0.018283764,-0.13226773910580647,-0.36370439897818785,0.62878823,,1.0,
T cells (resting),Activated T cells,HLA-DPB1,LAG3,-0.1312261,1.0,-0.018154945,-0.13113182885579538,-0.3279274918060041,0.6741333,,1.0,
T cells (resting),Activated T cells,HLA-DQA1,LAG3,-0.10289326,1.0,-0.014933108,-0.10277746420483277,-0.5311349257345982,0.6184458,,1.0,
T cells (resting),Activated T cells,HLA-DQB1,LAG3,-0.12164076,1.0,-0.017064959,-0.12154167334811175,-0.3945347841172393,0.6227291,,1.0,
T cells (resting),Activated T cells,HLA-DRA,LAG3,-0.15682928,1.0,-0.021066384,-0.15673502434421027,-0.35741133536519554,0.6426652,,1.0,
T cells (resting),Activated T cells,HLA-DRB1,LAG3,-0.13146973,1.0,-0.01818265,-0.1313647912671972,-0.44464869271188234,0.6164794,,1.0,
T cells (resting),Activated T cells,HLA-DRB5,LAG3,-0.07967706,1.0,-0.012293103,-0.0795881699687192,-0.7953435215676701,0.60429037,,1.0,
T cells (resting),Activated T cells,IL10,CD70,-0.030454027,0.999,-0.0030723019,-0.015472749188818323,-0.6847413917074476,0.22539529,,1.0,
T cells (resting),Activated T cells,IL1B,ADRB2,-0.025724173,1.0,-0.010686729,-0.0258020250455391,-2.1795002255461497,-0.9512894,,1.0,
T cells (resting),Activated T cells,IL1B,IL1R2_IL1RAP,-0.07627702,1.0,0.0026848353,-0.07385727154038868,-2.5921187518927704,0.043258324,,1.0,
T cells (resting),Activated T cells,IL4,IL21R,0.008747215,0.002,-0.00053075893,0.012465014589719174,-0.28325749927592203,-0.99173045,,0.8215471689060946,
T cells (resting),Activated T cells,IL6,FCGR3B,-0.051091097,1.0,0.002416122,-0.04456998901564559,-1.623093531173562,-0.1546688,,1.0,
T cells (resting),Activated T cells,L1CAM,CD9,0.001488504,0.018,-0.0008324079,0.010711794748870043,-0.20476844396829863,0.015714124,,0.21343611545049615,
T cells (resting),Activated T cells,L1CAM,ERBB2,-0.019942861,0.736,0.0003420887,-0.005264130488021686,-0.30570254424988086,0.044286285,,0.42943502985787524,
T cells (resting),Activated T cells,LGALS3,LAG3,-0.08058365,1.0,-0.012396195,-0.08047574204693847,-0.3427254858279958,0.77844703,,1.0,
T cells (resting),Activated T cells,LTF,IGDCC4,-0.034906358,1.0,0.00063294504,-0.02555787121843072,-0.43245825336066024,0.8420261,,1.0,
T cells (resting),Activated T cells,LTF,IL1RL1,0.14972092,0.0,-0.021191346,0.17554556151452147,1.6903804975316032,-295.03772,,0.11671841500024098,
T cells (resting),Activated T cells,NTNG2,LRRC4,-0.036851607,1.0,0.0013482618,-0.02804612647083586,-0.9489139384322964,0.19261053,,1.0,
T cells (resting),Activated T cells,PNOC,OPRL1,-0.03790977,1.0,0.001409661,-0.028369185503246762,-0.7115288709413692,-0.7855382,,1.0,
T cells (resting),Activated T cells,PSAP,CD1B,-0.1625703,1.0,0.006048955,-0.15114180519838843,-0.42982243364023365,-0.09236062,,1.0,
T cells (resting),Activated T cells,S100A12,CD36,-0.111480705,1.0,0.012154772,-0.11220235088054936,-2.302814491028214,0.14579351,,1.0,
T cells (resting),Activated T cells,S100A8,CD36,-0.15096897,1.0,0.022264455,-0.15096046064818053,-2.5917966265395034,0.105745144,,1.0,
T cells (resting),Activated T cells,S100A8,CD68,-0.17004693,1.0,0.028900882,-0.17004716192812347,-2.5318780923317146,0.081906304,,1.0,
T cells (resting),Activated T cells,S100A9,CD36,-0.16853002,1.0,0.026760394,-0.16851343270071184,-2.1663784234705545,0.10386373,,1.0,
T cells (resting),Activated T cells,S100A9,CD68,-0.18760797,1.0,0.03473694,-0.18760013398065478,-2.106459889262766,0.08044903,,1.0,
T cells (resting),Activated T cells,SAA1,CD36,-0.085438035,1.0,0.0054873945,-0.08339837518301765,-1.6832939679997645,-0.12629879,,1.0,
T cells (resting),Activated T cells,SAA1,FPR1,-0.087151505,1.0,0.005634298,-0.08512066286270509,-2.315316050425822,-0.10518715,,1.0,
T cells (resting),Activated T cells,SCGB3A1,MARCO,-0.08836549,1.0,0.0056247306,-0.08534357700211305,-2.3740292855905643,-0.15480536,,1.0,
T cells (resting),Activated T cells,SCGB3A1,NOTCH3,-0.013433691,0.03,-0.0006148558,0.009511453415858344,-0.2518410950196803,-0.120417304,,0.7639143160850221,
T cells (resting),Activated T cells,SORBS1,ITGA1,0.032652255,0.0,-0.0023261923,0.037212757338736524,-0.2976096802283119,-0.6217414,,0.8263648402599935,
T cells (resting),Activated T cells,THBS1,CD36,-0.11667816,1.0,0.013485411,-0.1170543999670446,-2.160088023319363,0.106310114,,1.0,
T cells (resting),Activated T cells,TNF,FFAR2,-0.053346284,1.0,0.0027933775,-0.050079178580646776,-0.8757327568298643,2.5981617,,0.9065451307229022,
T cells (resting),Activated T cells,TNF,ICOS,0.029591095,0.0,-0.007256709,0.02973278270627805,0.17296552000880183,6.3026605,,0.03210334959127399,
T cells (resting),Activated T cells,TNF,NOTCH1,-0.016015988,0.993,-0.0017301884,-0.01590701942134947,-0.29177550895975224,-1.0657102,,1.0,
T cells (resting),Activated T cells,TNF,TRAF2,-0.04147595,1.0,0.0013549686,-0.040484198729858006,-0.8416347100370838,-4.373288,,1.0,
T cells (resting),Activated T cells,TNFSF4,TNFRSF4,0.010650192,0.0,-0.0009593539,0.0216613928209136,0.3171177833650036,-0.15490568,,0.4218095658659674,
T cells (resting),Activated T cells,TNFSF4,TRAF2,-0.022233317,0.974,0.0004943034,-0.01167374578784991,-0.5057715902128543,0.3462755,,0.6954095268273767,
T cells (resting),Activated T cells,TNFSF9,ADGRG5,-0.040786125,1.0,-5.62775e-05,-0.038976769566517605,-0.6448735662528047,0.15077278,,1.0,
T cells (resting),Activated T cells,TNFSF9,HLA-DPA1,-0.07618521,1.0,0.005767327,-0.0761328096139193,-0.5802275523309715,0.2657165,,1.0,
T cells (resting),Activated T cells,TNFSF9,TNFRSF9,-0.03177854,1.0,-0.0015381408,-0.024829142030277935,-0.4429763927984016,0.6176157,,1.0,
T cells (resting),Activated T cells,TNFSF9,TRAF2,-0.05230996,1.0,0.0018395412,-0.05137759298736871,-1.023657117015957,-6.158793,,1.0,
T cells (resting),Macrophages,ADCYAP1,ADRB2,-0.030568637,1.0,0.0006647309,-0.0284769884181984,-0.7295226832904307,-0.16815263,,1.0,
T cells (resting),Macrophages,ADCYAP1,VIPR2,-0.032825906,1.0,0.00087687577,-0.01899066003221187,-0.6873817686751007,0.06613062,,1.0,
T cells (resting),Macrophages,ADM,ADRB2,-0.06610436,1.0,0.0016700911,-0.06699104655270598,-1.8833413740924028,0.17381743,,1.0,
T cells (resting),Macrophages,ADM,RAMP1,-0.06191355,1.0,0.0006805313,-0.0503093688611321,-1.8608336737932787,-0.027565563,,1.0,
T cells (resting),Macrophages,APOE,LRP8,-0.1263225,1.0,0.0024856788,-0.11574029801410537,-1.0119859013944812,-0.051736563,,1.0,
T cells (resting),Macrophages,BTLA,CD247,-0.04140786,1.0,0.0015088925,-0.04099897036765542,-0.30386892095465734,1.9751645,,1.0,
T cells (resting),Macrophages,BTLA,CD79A,0.03142628,0.0,-0.002433615,0.03184128267691258,0.02488557721368212,2.5458004,,0.04114943182739696,
T cells (resting),Macrophages,C3,C5AR2,-0.07675734,1.0,-0.0042332644,-0.07060256165359552,-1.498988602609963,-0.041455254,,1.0,
T cells (resting),Macrophages,C3,CR2,-0.106267706,1.0,0.0062358426,-0.10086467177961989,-2.129349653417656,-0.20173135,,1.0,
T cells (resting),Macrophages,CCL13,ACKR1,-0.0160457,0.896,0.00019099854,-0.015108987060504763,-1.4470416343617383,-0.024397522,,1.0,
T cells (resting),Macrophages,CCL13,CCR2,-0.00035603158,0.044,-0.00056833023,-0.0010397869781391955,-1.4141360861857475,0.10519393,,1.0,
T cells (resting),Macrophages,CCL13,CCR3,-0.01780406,0.609,0.00027609736,-0.0013500846375709436,-0.8729453742181514,0.035726238,,0.5618217986925398,
T cells (resting),Macrophages,CCL13,CCR5,0.012247879,0.0,-0.0011783184,0.011533777136126164,-1.240979633657133,0.25061253,,0.5960466852577155,
T cells (resting),Macrophages,CCL13,CXCR3,-0.011878527,0.752,-1.06791085e-05,-0.012592402951214485,-1.6131178095473986,-0.0023529904,,1.0,
T cells (resting),Macrophages,CCL17,ACKR1,-0.019908842,0.962,0.00025198236,-0.018077939146723097,-1.2715949621943814,-0.025621496,,1.0,
T cells (resting),Macrophages,CCL18,ACKR1,-0.05900014,1.0,0.00086908025,-0.05910208078992578,-2.743917952008461,0.032760322,,1.0,
T cells (resting),Macrophages,CCL18,CCR3,-0.060758498,1.0,0.0012562963,-0.04534317836699196,-2.1698216918648745,-0.047972206,,1.0,
T cells (resting),Macrophages,CCL19,CCR7,-0.057215758,1.0,0.0022741177,-0.054440037190079116,-1.0145587591650538,0.16590406,,1.0,
T cells (resting),Macrophages,CCL19,CXCR3,-0.012579586,0.734,-1.1297885e-05,-0.009805793649377934,-0.9800942289805801,-0.0018473964,,0.682760659028657,
T cells (resting),Macrophages,CCL2,ACKR1,-0.049637645,1.0,0.0007212833,-0.04936450640832452,-1.2617226849894845,0.048705015,,1.0,
T cells (resting),Macrophages,CCL2,CCR2,-0.033947974,1.0,-0.0021462315,-0.03529530632595895,-1.2288171368134937,-0.2099997,,1.0,
T cells (resting),Macrophages,CCL2,CCR3,-0.051396005,1.0,0.0010426488,-0.035605603985390706,-0.6876264248458976,-0.07132064,,1.0,
T cells (resting),Macrophages,CCL2,CCR5,-0.021344066,0.996,-0.004449779,-0.022721742211693596,-1.0556606842848792,-0.5003002,,1.0,
T cells (resting),Macrophages,CCL20,CCR6,-0.03684422,1.0,0.00134375,-0.03223707403381344,-0.5148989442468903,-1.3596915,,1.0,
T cells (resting),Macrophages,CCL20,CXCR3,-0.020055262,0.976,-1.7896145e-05,-0.015447765365949623,-0.4398925344069584,-0.0051083923,,0.7049559787614086,
T cells (resting),Macrophages,CCL21,CCR7,-0.09291259,1.0,0.008616091,-0.09327214714249643,-1.4205269793143844,-0.53332525,,1.0,
T cells (resting),Macrophages,CCL21,CXCR3,-0.04827642,1.0,-4.2804997e-05,-0.04863790360179525,-1.3860624491299107,0.0059387526,,1.0,
T cells (resting),Macrophages,CCL3,CCR3,-0.103399746,1.0,0.0022293483,-0.08622405901416368,-0.248590877534417,-0.075960696,,1.0,
T cells (resting),Macrophages,CCL3,CCR5,-0.07334781,1.0,-0.009514333,-0.07334019724046657,-0.6166251369733986,-0.5328493,,1.0,
T cells (resting),Macrophages,CCL4,CCR3,-0.08311277,1.0,0.0017664097,-0.06593769462076834,0.3937758553718333,3.0973587,,0.7971547167782582,
T cells (resting),Macrophages,CCL4,CCR5,-0.053060833,1.0,-0.00753862,-0.05305383284707124,0.02574159593285169,21.727362,,0.15279981138277626,
T cells (resting),Macrophages,CCL4,CNR2,-0.09519506,1.0,0.0055074682,-0.09144932606593101,-0.46105089100301516,-45.779694,,1.0,
T cells (resting),Macrophages,CCL5,ACKR1,-0.044603862,1.0,0.0006418196,-0.042952324449888495,-0.0379861218837812,-0.029545324,,1.0,
T cells (resting),Macrophages,CCL5,CCR3,-0.04636222,1.0,0.0009277804,-0.029193422026954678,0.5361101382598057,0.043264363,,1.0,
T cells (resting),Macrophages,CCL5,CCR5,-0.016310282,0.999,-0.0039595477,-0.01630956025325757,0.16807587882082403,0.303491,,1.0,
T cells (resting),Macrophages,CCL5,CXCR3,-0.04043669,1.0,-3.5885412e-05,-0.040435740340598214,-0.2040622970694415,-0.0028494643,,1.0,
T cells (resting),Macrophages,CCL7,ACKR1,-0.02005614,0.958,0.0002543076,-0.016502083470118636,-0.9217716637454916,-0.0285151,,0.6334825443243192,
T cells (resting),Macrophages,CCL7,CCR2,-0.0043664705,0.116,-0.00075671106,-0.0024328833877530695,-0.8888661155695008,0.122947544,,0.5802242706774827,
T cells (resting),Macrophages,CCL7,CCR3,-0.021814499,0.909,0.00036761357,-0.0027431810471848176,-0.34767540360190474,0.041755766,,0.5415413856615622,
T cells (resting),Macrophages,CCL7,CCR5,0.00823744,0.0,-0.0015688881,0.01014068072651229,-0.7157096630408863,0.29290846,,0.3917849364582471,
T cells (resting),Macrophages,CCL7,CXCR3,-0.015888965,0.857,-1.4218844e-05,-0.013985499360828359,-1.087847838931152,-0.0027501055,,0.8531769725253144,
T cells (resting),Macrophages,CCL8,ACKR1,-0.028166959,1.0,0.00038234558,-0.026616264816558516,-1.1422693244767763,-0.16789646,,1.0,
T cells (resting),Macrophages,CCL8,CCR2,-0.01247729,0.654,-0.0011376974,-0.01254706473419295,-1.1093637763007855,0.7239132,,0.8883096866939757,
T cells (resting),Macrophages,CCL8,CCR3,-0.029925318,1.0,0.00055269845,-0.012857362393624698,-0.5681730643331895,0.24585728,,1.0,
T cells (resting),Macrophages,CCL8,CCR5,0.00012662075,0.032,-0.0023587865,2.6499380072410317e-05,-0.9362073237721711,1.7246405,,0.622639779367961,
T cells (resting),Macrophages,CD14,RIPK1,-0.13179165,1.0,-0.0037163142,-0.1317421262047483,-1.2252409613909452,-0.1452307,,1.0,
T cells (resting),Macrophages,CD24,SIGLEC10,-0.020792242,1.0,-0.0021966926,-0.02047727532791871,0.1286805679970744,-0.038539678,,1.0,
T cells (resting),Macrophages,CD40LG,CD40,0.048712395,0.0,0.002187731,0.0494015317925742,0.41387687084965097,-0.108340785,1.2717614,0.20215739846310007,
T cells (resting),Macrophages,CD40LG,CD9,0.13208407,0.0,0.012579177,0.13209551721068238,0.9336426350176547,-0.29258558,1.097834,0.11671841500024098,
T cells (resting),Macrophages,COL1A1,CD36,0.0065544546,0.157,-0.03437312,0.006565435670216099,-0.3922590172411109,-0.26243508,,1.0,
T cells (resting),Macrophages,CP,SLC40A1,-0.006938209,0.315,-0.0002610854,-0.005556949486700121,-0.7488859083610775,0.009879056,,0.4260299655157812,
T cells (resting),Macrophages,CSF1,CELSR3,-0.038788807,1.0,0.0013360103,-0.03250158520631781,-0.5319803087995338,-0.24671954,,1.0,
T cells (resting),Macrophages,CSF1,CSF3R,0.022758627,0.0,-0.005036847,0.023004757538194733,0.06643399385479931,-0.2065405,,0.4027325473805668,
T cells (resting),Macrophages,CSF1_IL34,CSF1R,0.053474702,0.0,-0.008217308,0.053481110748301246,0.30137570436970207,-0.24439837,,0.1964101042060839,
T cells (resting),Macrophages,CSF2,CSF1R,0.061164357,0.0,-0.0057762833,0.0636482188267319,-0.6260659590122761,0.05521945,,0.32269479482132407,
T cells (resting),Macrophages,CSF2,CSF3R,0.030448282,0.0,-0.003540607,0.033171865616625384,-0.8610076695271789,0.046665825,,0.5461785745264619,
T cells (resting),Macrophages,CXCL1,ACKR1,-0.019593628,0.949,0.00024700636,-0.01872376650535759,-1.775771282592388,-0.030255873,,1.0,
T cells (resting),Macrophages,CXCL1,CXCR1,-0.014304989,0.21,-8.400138e-05,-0.00511629405391275,-1.5680275238395853,-0.13873251,,1.0,
T cells (resting),Macrophages,CXCL1,CXCR2,-0.005874058,0.112,-0.0006116802,-0.0039382471122897025,-1.6601231147428885,0.06209899,,1.0,
T cells (resting),Macrophages,CXCL10,ACKR1,-0.02994152,1.0,0.0004103589,-0.02679599678570582,-0.5852482232165088,0.581928,,1.0,
T cells (resting),Macrophages,CXCL10,CCR3,-0.031699877,1.0,0.00059319305,-0.013037094362772,-0.011151963072921989,-0.8521397,,1.0,
T cells (resting),Macrophages,CXCL10,CXCR3,-0.025774345,1.0,-2.2943981e-05,-0.024279412676415542,-0.7513243984021691,0.05612337,,1.0,
T cells (resting),Macrophages,CXCL11,ACKR1,-0.02052471,0.967,0.0002617045,-0.018976333983831327,-1.5455293687781162,-0.03725563,,1.0,
T cells (resting),Macrophages,CXCL11,CCR3,-0.02228307,0.966,0.00037830614,-0.005217431560897509,-0.9714331086345294,0.05455486,,0.6691399265414981,
T cells (resting),Macrophages,CXCL11,CCR5,0.0077688694,0.0,-0.0016145214,0.007666430212799599,-1.339467368073511,0.3826916,,0.6790315857148899,
T cells (resting),Macrophages,CXCL11,CXCR3,-0.016357535,0.886,-1.4632419e-05,-0.01645974987454105,-1.7116055439637765,-0.0035930756,,1.0,
T cells (resting),Macrophages,CXCL13,ACKR1,-0.024271,0.994,0.00032084368,-0.018475101722022363,-0.4035423357555499,-0.03008396,,0.8464434262495476,
T cells (resting),Macrophages,CXCL13,CXCR3,-0.020103825,0.973,-1.7939008e-05,-0.015958517612732086,-0.5696185109412102,-0.0029014123,,0.6894924404489111,
T cells (resting),Macrophages,CXCL13,CXCR5,-0.00041095354,0.018,-0.0016189289,0.005136517994053052,0.04419118240107123,0.16561931,,0.16591158654048047,
T cells (resting),Macrophages,CXCL2,ACKR1,-0.064015895,1.0,0.0009482593,-0.06281262818923505,-1.3365028490612327,0.031097788,,1.0,
T cells (resting),Macrophages,CXCL2,CXCR1,-0.058727257,1.0,-0.00032248194,-0.04920515573779022,-1.1287590903084301,0.14259295,,1.0,
T cells (resting),Macrophages,CXCL2,CXCR2,-0.050296325,1.0,-0.002348245,-0.048027108796167166,-1.2208546812117334,-0.06382699,,1.0,
T cells (resting),Macrophages,CXCL8,ACKR1,-0.07606946,1.0,0.0011385377,-0.07560422472598384,-1.9625412436669416,0.037009202,,1.0,
T cells (resting),Macrophages,CXCL8,CD79A,-0.027164172,1.0,-0.012970233,-0.02834347951073253,-1.7396358048042613,-0.16238178,,1.0,
T cells (resting),Macrophages,CXCL8,CXCR1,-0.07078081,1.0,-0.00038719137,-0.06199675227453899,-1.754797484914139,0.16969861,,1.0,
T cells (resting),Macrophages,CXCL8,CXCR2,-0.062349886,1.0,-0.0028194452,-0.060818705332915945,-1.8468930758174422,-0.075959936,,1.0,
T cells (resting),Macrophages,CXCL9,ACKR1,-0.026213495,1.0,0.00035150806,-0.024584151425312794,-1.2110791683022093,-0.064876355,,1.0,
T cells (resting),Macrophages,CXCL9,CCR3,-0.027971854,1.0,0.0005081214,-0.010825249002378976,-0.6369829081586225,0.09500096,,1.0,
T cells (resting),Macrophages,CXCL9,CXCR3,-0.02204632,0.981,-1.9653513e-05,-0.022067567316022517,-1.3771553434878696,-0.006256924,,1.0,
T cells (resting),Macrophages,CXCL9,KIR2DL3,-0.012894301,0.583,-0.00083480484,-0.011771002007406965,-1.1380603726309846,-0.25751433,,1.0,
T cells (resting),Macrophages,FADD,TRAF2,-0.0046343957,0.614,-0.00027858675,-0.002075352696791608,0.37636321956849583,2.9928672,,0.3751511789047256,
T cells (resting),Macrophages,FASLG,TNFRSF10B,-0.0023676269,0.533,-0.0011201395,-0.0011330665646393547,0.11236900769931824,0.18346071,,0.3518027602888809,
T cells (resting),Macrophages,FCER2,CR2,-0.044229016,1.0,0.0018738725,-0.03839051974267469,-0.7972718270282617,-0.1724958,,1.0,
T cells (resting),Macrophages,FN1,C5AR1,-0.04207235,1.0,-0.03306843,-0.04207202223028794,-0.8239563074357124,-0.106167376,,1.0,
T cells (resting),Macrophages,FN1,CD79A,-0.0694028,1.0,-0.02056622,-0.0694033354567387,-1.04924399456474,-0.18531725,,1.0,
T cells (resting),Macrophages,FN1,ITGA2,-0.12748803,1.0,0.006004656,-0.11906885123998649,-1.4905572828425868,-0.107553564,,1.0,
T cells (resting),Macrophages,GAL,HLA-DPA1,0.12893637,0.0,-0.0019448878,0.1323808989583496,0.28308253559032903,0.06181488,,0.1213126913954301,
T cells (resting),Macrophages,GZMA,PARD3,-0.057082728,1.0,0.0016414652,-0.045217935938990116,0.029093861912416807,0.090470545,,1.0,
T cells (resting),Macrophages,HLA-DPA1,LAG3,-0.1676058,1.0,0.004385251,-0.16755960074185755,-0.585507099773946,-0.15081108,,1.0,
T cells (resting),Macrophages,HLA-DPB1,LAG3,-0.16647297,1.0,0.0043543545,-0.16642369049184647,-0.5497301926017623,-0.16168682,,1.0,
T cells (resting),Macrophages,HLA-DQA1,LAG3,-0.13814014,1.0,0.0035816163,-0.13806932584088386,-0.7529376265303563,-0.14833052,,1.0,
T cells (resting),Macrophages,HLA-DQB1,LAG3,-0.15688764,1.0,0.004092928,-0.15683353498416283,-0.6163374849129974,-0.14935784,,1.0,
T cells (resting),Macrophages,HLA-DRA,LAG3,-0.19207616,1.0,0.0050526457,-0.19202688598026135,-0.5792140361609537,-0.15413938,,1.0,
T cells (resting),Macrophages,HLA-DRB1,LAG3,-0.1667166,1.0,0.0043609994,-0.16665665290324827,-0.6664513935076405,-0.14785887,,1.0,
T cells (resting),Macrophages,HLA-DRB5,LAG3,-0.11492394,1.0,0.0029484269,-0.11488003160477028,-1.0171462223634282,-0.14493541,,1.0,
T cells (resting),Macrophages,IL10,CD70,-0.062014077,1.0,0.0028418999,-0.05708111755367325,-1.4617214516456096,-0.20849216,,1.0,
T cells (resting),Macrophages,IL1B,ADRB2,-0.07319955,1.0,0.0018708247,-0.07343140864536529,-2.1640629580065984,0.16653326,,1.0,
T cells (resting),Macrophages,IL1B,IL1R2_IL1RAP,-0.07060377,1.0,0.001184224,-0.06745018678591189,-2.2338077981901425,0.0662872,,1.0,
T cells (resting),Macrophages,IL4,IL21R,-0.03059746,1.0,0.00072006247,-0.02705601348740711,-0.8566754898969406,1.3454466,,1.0,
T cells (resting),Macrophages,IL6,FCGR3B,-0.0030257907,0.012,-0.001155737,0.008191765635108669,-0.07505330800663534,0.073984854,,0.157953276466868,
T cells (resting),Macrophages,L1CAM,CD9,0.08722341,0.0,-0.005530912,0.09645494614565132,0.6373372363912414,0.10441207,,0.07544224930367567,
T cells (resting),Macrophages,L1CAM,ERBB2,-0.027250871,0.994,0.00074258726,-0.01378739207409813,-0.20848977196393825,0.09613423,,0.8464434262495476,
T cells (resting),Macrophages,LGALS3,LAG3,-0.115830526,1.0,0.0029731528,-0.11576760368298955,-0.5645281866237539,-0.18670584,,1.0,
T cells (resting),Macrophages,LTF,IGDCC4,-0.035731442,1.0,0.0007304759,-0.031370469601855806,-1.0478915224339351,0.97177434,,1.0,
T cells (resting),Macrophages,LTF,IL1RL1,-0.0632528,1.0,0.003983701,-0.06125112967035879,-1.4746457527673362,55.46331,,0.06506017448266355,
T cells (resting),Macrophages,NTNG2,LRRC4,-0.02977106,0.998,0.0007821191,-0.01215100549839862,-0.18278621224077973,0.1117323,,0.9619890792881178,
T cells (resting),Macrophages,PNOC,OPRL1,-0.027356606,0.994,0.00049886346,-0.011165879935219883,-0.3112098845556921,-0.27799326,,1.0,
T cells (resting),Macrophages,PSAP,CD1B,-0.14644921,1.0,-0.003795527,-0.11864396328573293,0.3986575415454454,0.057953354,,1.0,
T cells (resting),Macrophages,S100A12,CD36,0.04855874,0.0,-0.01823758,0.047850676243523675,-0.8826386365039021,-0.21875528,,1.0,
T cells (resting),Macrophages,S100A8,CD36,0.009070486,0.069,-0.03340661,0.009092566475892516,-1.1716207720151914,-0.15866487,,0.9856990251925225,
T cells (resting),Macrophages,S100A8,CD68,0.04563787,0.0,-0.046126883,0.045638841295032165,-1.3847159074454873,-0.1307255,,1.0,
T cells (resting),Macrophages,S100A9,CD36,-0.008490577,0.935,-0.040152524,-0.00846040557663881,-0.746202568946243,-0.1558419,,0.9395371681811234,
T cells (resting),Macrophages,S100A9,CD68,0.028076805,0.0,-0.055441443,0.02808586924250084,-0.9592977043765389,-0.12839963,,0.8065838097523569,
T cells (resting),Macrophages,SAA1,CD36,0.07460141,0.0,-0.008233539,0.07665465194105539,-0.2631181134754528,0.1895045,,0.11325856822012537,
T cells (resting),Macrophages,SAA1,FPR1,0.03307449,0.0,-0.0046732407,0.035113241560848274,-0.8121945540052558,0.08724509,,0.4918378217060269,
T cells (resting),Macrophages,SCGB3A1,MARCO,0.061965615,0.0,-0.006893372,0.06518540925719099,-0.1672349905331929,0.18972127,,0.0849818320560698,
T cells (resting),Macrophages,SCGB3A1,NOTCH3,-0.031835146,1.0,0.0009174373,-0.019228388134106045,-0.8895535681404212,0.1796768,,1.0,
T cells (resting),Macrophages,SORBS1,ITGA1,-0.032536242,1.0,0.0010103808,-0.02797786551629434,-0.7318457360381792,0.27005315,,1.0,
T cells (resting),Macrophages,THBS1,CD36,0.043361288,0.0,-0.02023413,0.04299862715702844,-0.7399121687950512,-0.15951258,,0.9535642302504901,
T cells (resting),Macrophages,TNF,FFAR2,-0.0254046,1.0,-0.0005925064,-0.010893740030797853,0.06798201012766336,-0.5510989,,1.0,
T cells (resting),Macrophages,TNF,ICOS,-0.029987767,1.0,-3.7132886e-05,-0.029868021580995063,-0.3145868951719475,0.032250974,,1.0,
T cells (resting),Macrophages,TNF,NOTCH1,-0.044735275,1.0,0.0017499233,-0.04462625494490388,-0.3985144009015904,1.0778661,,1.0,
T cells (resting),Macrophages,TNF,TRAF2,-0.023950217,1.0,-0.0007687439,-0.02249176980643422,-0.1094859712350793,2.4811933,,0.937681109568507,
T cells (resting),Macrophages,TNFSF4,TNFRSF4,-0.01932409,0.956,0.0003656974,-0.008919384827655998,0.04061131190768741,0.059048705,,0.6257689959341919,
T cells (resting),Macrophages,TNFSF4,TRAF2,-0.0047075828,0.111,-0.00028044396,0.0063186831355738745,0.22637714858915015,-0.19646005,,1.0,
T cells (resting),Macrophages,TNFSF9,ADGRG5,-0.03514814,1.0,-0.0009837985,-0.03311670976857024,-0.4382904897661737,2.63569,,0.8980124479515034,
T cells (resting),Macrophages,TNFSF9,HLA-DPA1,0.0914749,0.0,-0.021814914,0.09153275763467264,-0.15599184218060058,-1.0050727,,0.6224545579870733,
T cells (resting),Macrophages,TNFSF9,TNFRSF9,-0.045407742,1.0,0.0007040379,-0.04037377819876742,-0.5875937030267684,-0.28269508,,1.0,
T cells (resting),Macrophages,TNFSF9,TRAF2,-0.034784224,1.0,-0.0010436671,-0.03338516406394492,-0.2915083782139525,3.4942026,,0.7325121698308711,
T cells (resting),Monocytes/DC,ADCYAP1,ADRB2,0.009948989,0.002,-0.003143238,0.012175583599133292,-1.2992892103536366,0.7951244,,0.8215471689060946,
T cells (resting),Monocytes/DC,ADCYAP1,VIPR2,-0.030566493,1.0,0.00066452933,-0.012187641971679864,-0.4599289226870016,0.050116263,,1.0,
T cells (resting),Monocytes/DC,ADM,ADRB2,-0.025586735,1.0,-0.007897171,-0.02633847453537428,-2.453107901155609,-0.82191086,,1.0,
T cells (resting),Monocytes/DC,ADM,RAMP1,-0.03612645,1.0,-0.0054084705,-0.013108562964071452,-1.657328316992938,0.21907519,,1.0,
T cells (resting),Monocytes/DC,APOE,LRP8,-0.11400519,1.0,-0.0034855017,-0.09873981359423939,-1.0793510475759944,0.07254674,,1.0,
T cells (resting),Monocytes/DC,BTLA,CD247,-0.15768324,1.0,0.0078028706,-0.15726810867900015,-0.7584246408734454,10.214084,,0.29467754215639613,
T cells (resting),Monocytes/DC,BTLA,CD79A,-0.11241763,1.0,0.0053526466,-0.11200725573756391,-1.0664592981658243,-5.5993943,,1.0,
T cells (resting),Monocytes/DC,C3,C5AR2,0.16860251,0.0,-0.09127721,0.20417781762755383,-0.05430823004459384,-0.8938539,,0.4756628251759644,
T cells (resting),Monocytes/DC,C3,CR2,-0.12498522,1.0,0.012876075,-0.12515931717082474,-4.022051268033662,-0.41654482,,1.0,
T cells (resting),Monocytes/DC,CCL13,ACKR1,0.08680275,0.0,-0.004786531,0.09220373375099601,-0.8526554737688046,0.6114156,,0.11671841500024098,
T cells (resting),Monocytes/DC,CCL13,CCR2,0.047674805,0.0,-0.002892866,0.047016819330015516,-2.0879252948344504,0.53544915,,0.21847974101957254,
T cells (resting),Monocytes/DC,CCL13,CCR3,-0.0143180955,0.099,0.00010738805,0.012073592968350498,-0.5830144304765112,0.0138957165,,0.28200833308952916,
T cells (resting),Monocytes/DC,CCL13,CCR5,0.082283214,0.0,-0.0045678,0.0815733608647545,-1.693810105318434,0.9715097,,0.11671841500024098,
T cells (resting),Monocytes/DC,CCL13,CXCR3,-0.05237448,1.0,0.0019491928,-0.053086168983013715,-2.3908737055677403,0.42947704,,1.0,
T cells (resting),Monocytes/DC,CCL17,ACKR1,0.08293961,0.0,-0.006314819,0.08923478166477768,-0.6772088016014477,0.64208907,,0.11671841500024098,
T cells (resting),Monocytes/DC,CCL18,ACKR1,0.043848313,0.0,-0.02177964,0.048210640021575,-2.1495317914155274,-0.82099205,,1.0,
T cells (resting),Monocytes/DC,CCL18,CCR3,-0.05727253,1.0,0.0004886363,-0.031919500761070516,-1.879890748123234,-0.018658785,,1.0,
T cells (resting),Monocytes/DC,CCL19,CCR7,-0.15670532,1.0,0.00736808,-0.15392933216442126,-1.5318361627826067,0.5375247,,1.0,
T cells (resting),Monocytes/DC,CCL19,CXCR3,-0.053075537,1.0,0.0020621342,-0.050299559681177164,-1.7578501250009215,0.33719403,,1.0,
T cells (resting),Monocytes/DC,CCL2,ACKR1,0.053210806,0.0,-0.018075764,0.057948214403176254,-0.6673365243965508,-1.2205751,,0.9207214743604767,
T cells (resting),Monocytes/DC,CCL2,CCR2,0.01408286,0.021,-0.010924564,0.012761299982195759,-1.9026063454621969,-1.0689225,,1.0,
T cells (resting),Monocytes/DC,CCL2,CCR3,-0.04791004,1.0,0.0004055382,-0.022181926379469263,-0.39769548110425745,-0.027740158,,1.0,
T cells (resting),Monocytes/DC,CCL2,CCR5,0.04869127,0.0,-0.017249754,0.047317841516934744,-1.5084911559461802,-1.9394345,,1.0,
T cells (resting),Monocytes/DC,CCL20,CCR6,-0.06777582,1.0,0.003852417,-0.06316734974386701,-1.3480501097228095,-3.8981194,,1.0,
T cells (resting),Monocytes/DC,CCL20,CXCR3,-0.060551215,1.0,0.0032664747,-0.05594153139774886,-1.2176484304273,0.9324038,,1.0,
T cells (resting),Monocytes/DC,CCL21,CCR7,-0.19240215,1.0,0.027915902,-0.1927614421168386,-1.9378043829319376,-1.7279595,,1.0,
T cells (resting),Monocytes/DC,CCL21,CXCR3,-0.08877237,1.0,0.007812936,-0.08913166963359448,-2.1638183451502524,-1.0839643,,1.0,
T cells (resting),Monocytes/DC,CCL3,CCR3,-0.09991378,1.0,0.0008671049,-0.07280038140824224,0.04134006620722319,-0.029544907,,1.0,
T cells (resting),Monocytes/DC,CCL3,CCR5,-0.003312476,0.666,-0.036882706,-0.0033006135118382324,-1.0694556086346996,-2.0656123,,1.0,
T cells (resting),Monocytes/DC,CCL4,CCR3,-0.079626806,1.0,0.0006870449,-0.05251401701484691,0.6837067991134735,1.2047174,,0.49699199203386507,
T cells (resting),Monocytes/DC,CCL4,CCR5,0.016974501,0.026,-0.029223772,0.0169857508815571,-0.4270888757284493,84.22701,,0.03434193488764655,
T cells (resting),Monocytes/DC,CCL4,CNR2,-0.10792193,1.0,0.009448106,-0.10642396669141542,-1.2912114488713349,-78.53543,,1.0,
T cells (resting),Monocytes/DC,CCL5,ACKR1,0.05824459,0.0,-0.01608436,0.06436039636161228,0.5564000387091526,0.7404224,,0.009455640967838515,
T cells (resting),Monocytes/DC,CCL5,CCR3,-0.042876255,1.0,0.0003608601,-0.015769744421033235,0.8260410820014459,0.01682767,,1.0,
T cells (resting),Monocytes/DC,CCL5,CCR5,0.053725053,0.0,-0.015349351,0.05373002347537077,-0.28475459284047694,1.1764953,,0.12106249773512258,
T cells (resting),Monocytes/DC,CCL5,CXCR3,-0.08093264,1.0,0.006549946,-0.08092950637239746,-0.9818181930897831,0.5200954,,1.0,
T cells (resting),Monocytes/DC,CCL7,ACKR1,0.08279231,0.0,-0.0063730916,0.09081063734138214,-0.3273855031525579,0.7146044,,0.11671841500024098,
T cells (resting),Monocytes/DC,CCL7,CCR2,0.043664366,0.0,-0.0038517457,0.04562372292040165,-1.562655324218204,0.62581706,,0.22615144900732556,
T cells (resting),Monocytes/DC,CCL7,CCR3,-0.018328534,0.375,0.00014298328,0.010680496558736624,-0.05774445986026455,0.0162409,,0.31293301224865905,
T cells (resting),Monocytes/DC,CCL7,CCR5,0.078272775,0.0,-0.0060818596,0.08018026445514063,-1.1685401347021873,1.1354717,,0.11671841500024098,
T cells (resting),Monocytes/DC,CCL7,CXCR3,-0.056384917,1.0,0.0025952791,-0.054479265392627596,-1.8656037349514936,0.50196004,,1.0,
T cells (resting),Monocytes/DC,CCL8,ACKR1,0.07468149,0.0,-0.009581794,0.08069645599494227,-0.5478831638838426,4.2075796,,0.11671841500024098,
T cells (resting),Monocytes/DC,CCL8,CCR2,0.035553545,0.0,-0.00579101,0.035509541573961766,-1.7831529849494887,3.684801,,0.2951088808947445,
T cells (resting),Monocytes/DC,CCL8,CCR3,-0.026439354,0.998,0.00021497202,0.000566315212296744,-0.2782421205915493,0.095626175,,0.8467583152368259,
T cells (resting),Monocytes/DC,CCL8,CCR5,0.07016195,0.0,-0.009143934,0.07006608310870074,-1.389037795433472,6.68564,,0.12728715757316006,
T cells (resting),Monocytes/DC,CD14,RIPK1,-0.096153915,1.0,-0.023459593,-0.09606761036186037,-1.6123962373341325,-0.91678274,,1.0,
T cells (resting),Monocytes/DC,CD24,SIGLEC10,0.31435922,0.0,-0.050502818,0.31613170303080224,1.3850207516557251,-0.88604224,,0.11671841500024098,
T cells (resting),Monocytes/DC,CD40LG,CD40,0.12400817,0.0,0.011572596,0.12549900613081202,-0.510959629419584,-0.57309794,1.1024268,0.7543791709995192,
T cells (resting),Monocytes/DC,CD40LG,CD9,0.47275645,0.0,0.055040576,0.4727375244501903,1.2645038351747229,-1.2802173,1.0444984,0.11671841500024098,
T cells (resting),Monocytes/DC,COL1A1,CD36,0.40895393,0.0,-0.17840096,0.4089720040387216,0.31058432697065785,-1.3620722,,0.18890199905502517,
T cells (resting),Monocytes/DC,CP,SLC40A1,0.27472994,0.0,-0.014075769,0.27615280515631446,0.62516624070174,0.53260475,,0.007070387620923245,
T cells (resting),Monocytes/DC,CSF1,CELSR3,-0.033472568,1.0,0.0007855465,-0.017339796370987294,0.09450189771032624,-0.145066,,1.0,
T cells (resting),Monocytes/DC,CSF1,CSF3R,0.5383069,0.0,-0.05841869,0.5398412479977408,2.236179134604793,-2.3955114,,0.01598883395159222,
T cells (resting),Monocytes/DC,CSF1_IL34,CSF1R,0.7534093,0.0,-0.080691226,0.753424612872011,1.522238835110683,-2.3999104,,0.08541221938321764,
T cells (resting),Monocytes/DC,CSF2,CSF1R,0.761099,0.0,-0.056721177,0.7635917209504417,0.5947971717287048,0.54223657,,0.007070387620923245,
T cells (resting),Monocytes/DC,CSF2,CSF3R,0.54599655,0.0,-0.0410649,0.5500083560761715,1.3087374712228148,0.5412426,,0.007070387620923245,
T cells (resting),Monocytes/DC,CXCL1,ACKR1,0.08325482,0.0,-0.0061901184,0.08858895430614319,-1.1813851219994542,0.75822914,,0.11671841500024098,
T cells (resting),Monocytes/DC,CXCL1,CXCR1,0.06770363,0.0,-0.005216793,0.09885590663070781,-0.6254559868569278,-8.615797,,0.7543791709995192,
T cells (resting),Monocytes/DC,CXCL1,CXCR2,0.14043832,0.0,-0.0097691445,0.14983374576575864,-0.2589520473092968,0.991783,,0.11160302836993913,
T cells (resting),Monocytes/DC,CXCL10,ACKR1,0.07290693,0.0,-0.010283824,0.08051672402579496,0.009137937376424876,-14.583443,,0.40490817013934266,
T cells (resting),Monocytes/DC,CXCL10,CCR3,-0.028213914,1.0,0.00023072239,0.0003865832431494409,0.2787789806687182,-0.33143967,,1.0,
T cells (resting),Monocytes/DC,CXCL10,CXCR3,-0.0662703,1.0,0.0041878256,-0.06477317870821478,-1.5290802944225108,-10.243856,,1.0,
T cells (resting),Monocytes/DC,CXCL11,ACKR1,0.082323745,0.0,-0.0065584616,0.08833638682766945,-0.9511432081851825,0.933647,,0.11671841500024098,
T cells (resting),Monocytes/DC,CXCL11,CCR3,-0.018797105,0.462,0.00014714214,0.008206246045023933,-0.6815021648928892,0.021219108,,0.3624840000759502,
T cells (resting),Monocytes/DC,CXCL11,CCR5,0.07780421,0.0,-0.0062587587,0.07770601394142794,-1.792297839734812,1.4835198,,0.11671841500024098,
T cells (resting),Monocytes/DC,CXCL11,CXCR3,-0.056853488,1.0,0.0026707666,-0.056953515906340284,-2.489361439984118,0.6558222,,1.0,
T cells (resting),Monocytes/DC,CXCL13,ACKR1,0.07857745,0.0,-0.008040523,0.08883761908947842,0.19084382483738382,0.7539209,,0.022372062858296363,
T cells (resting),Monocytes/DC,CXCL13,CXCR3,-0.060599778,1.0,0.0032742983,-0.05645228364453132,-1.3473744069615519,0.52957714,,1.0,
T cells (resting),Monocytes/DC,CXCL13,CXCR5,-0.05825058,1.0,0.0030833133,-0.053939985534023335,-1.5134835777987932,-0.31542847,,1.0,
T cells (resting),Monocytes/DC,CXCL2,ACKR1,0.038832556,0.0,-0.023763912,0.04450009262226572,-0.742116688468299,-0.779328,,1.0,
T cells (resting),Monocytes/DC,CXCL2,CXCR1,0.023281362,0.0,-0.020027308,0.054767044946830344,-0.18618755332577264,8.855544,,0.090478626318354,
T cells (resting),Monocytes/DC,CXCL2,CXCR2,0.09601605,0.0,-0.03750382,0.10574488408188118,0.18031638622185842,-1.0193809,,0.27034008895600564,
T cells (resting),Monocytes/DC,CXCL8,ACKR1,0.026778996,0.0,-0.028532393,0.03170849608551694,-1.368155083074008,-0.9274714,,1.0,
T cells (resting),Monocytes/DC,CXCL8,CD79A,-0.17100808,1.0,0.02852755,-0.17219201792520902,-2.8309806801837674,0.35715276,,1.0,
T cells (resting),Monocytes/DC,CXCL8,CXCR1,0.011227801,0.005,-0.024046002,0.041975448410081564,-0.8122259479314815,10.538905,,0.2751201315680485,
T cells (resting),Monocytes/DC,CXCL8,CXCR2,0.08396249,0.0,-0.04502936,0.0929532875451324,-0.44572200838385045,-1.2131562,,0.7543791709995192,
T cells (resting),Monocytes/DC,CXCL9,ACKR1,0.07663496,0.0,-0.008808989,0.08272856938618799,-0.6166930077092756,1.6258378,,0.11671841500024098,
T cells (resting),Monocytes/DC,CXCL9,CCR3,-0.02448589,0.983,0.00019763377,0.002598428603542466,-0.3470519644169823,0.036950614,,0.735423031832764,
T cells (resting),Monocytes/DC,CXCL9,CXCR3,-0.062542275,1.0,0.0035872364,-0.06256133334782175,-2.1549112395082113,1.1420383,,1.0,
T cells (resting),Monocytes/DC,CXCL9,KIR2DL3,-0.049386013,1.0,0.0024154359,-0.04902247579293004,-1.7987168417357835,0.7450955,,1.0,
T cells (resting),Monocytes/DC,FADD,TRAF2,0.004421103,0.186,-0.0006762456,0.007220912078838791,-0.6170077379470649,7.26493,,0.31137327881172405,
T cells (resting),Monocytes/DC,FASLG,TNFRSF10B,0.10285816,0.0,-0.008679508,0.10493198412168765,-0.06934371825558694,1.421563,,0.05821415750946233,
T cells (resting),Monocytes/DC,FCER2,CR2,-0.06294653,1.0,0.003869264,-0.06268516513387956,-2.6899734416442684,-0.3561778,,1.0,
T cells (resting),Monocytes/DC,FN1,C5AR1,0.6100754,0.0,-0.33139098,0.6100910866669564,0.4433509410943439,-1.0639427,,0.1332005355383107,
T cells (resting),Monocytes/DC,FN1,CD79A,-0.2132467,1.0,0.04523464,-0.2132518738712152,-2.1405888699442466,0.40759847,,1.0,
T cells (resting),Monocytes/DC,FN1,ITGA2,-0.1216623,1.0,0.0033396943,-0.10524051618360931,-1.094800241045642,-0.059819583,,1.0,
T cells (resting),Monocytes/DC,GAL,HLA-DPA1,0.6197624,0.0,-0.009143827,0.6231929677093389,0.9160525479712793,0.29062065,,0.0155712366089546,
T cells (resting),Monocytes/DC,GZMA,PARD3,-0.045641806,1.0,-0.00058480824,-0.007999934655469526,0.9730715294802741,-0.032232128,,1.0,
T cells (resting),Monocytes/DC,HLA-DPA1,LAG3,-0.18795244,1.0,0.017471183,-0.18793205554354853,-1.6984421411731156,-0.60084313,,1.0,
T cells (resting),Monocytes/DC,HLA-DPB1,LAG3,-0.18681961,1.0,0.01734809,-0.18679614529353744,-1.662665234000932,-0.64417297,,1.0,
T cells (resting),Monocytes/DC,HLA-DQA1,LAG3,-0.15848678,1.0,0.0142694395,-0.15844178064257483,-1.8658726679295259,-0.5909604,,1.0,
T cells (resting),Monocytes/DC,HLA-DQB1,LAG3,-0.17723428,1.0,0.016306546,-0.1772059897858538,-1.729272526312167,-0.5950533,,1.0,
T cells (resting),Monocytes/DC,HLA-DRA,LAG3,-0.2124228,1.0,0.020130135,-0.21239934078195233,-1.6921490775601233,-0.6141034,,1.0,
T cells (resting),Monocytes/DC,HLA-DRB1,LAG3,-0.18706325,1.0,0.017374562,-0.18702910770493925,-1.7793864349068103,-0.58908135,,1.0,
T cells (resting),Monocytes/DC,HLA-DRB5,LAG3,-0.13527058,1.0,0.011746764,-0.13525248640646126,-2.130081263762598,-0.577434,,1.0,
T cells (resting),Monocytes/DC,IL10,CD70,-0.05906191,1.0,0.0022886784,-0.05318922411185656,-1.7984106423854054,-0.16790581,,1.0,
T cells (resting),Monocytes/DC,IL1B,ADRB2,-0.032681923,1.0,-0.008846357,-0.0327788366280336,-2.7338294850698044,-0.787467,,1.0,
T cells (resting),Monocytes/DC,IL1B,IL1R2_IL1RAP,0.023571044,0.0,-0.023725642,0.03578377236755295,-1.8251034775204427,-1.328048,,1.0,
T cells (resting),Monocytes/DC,IL4,IL21R,-0.023442926,0.984,0.00049261,-0.01986832377226197,-1.7580348795820693,0.92044854,,1.0,
T cells (resting),Monocytes/DC,IL6,FCGR3B,0.22147617,0.0,-0.017839065,0.2546068848419432,1.5675275159667605,1.1419733,,0.007070387620923245,
T cells (resting),Monocytes/DC,L1CAM,CD9,0.42789578,0.0,-0.024200676,0.43709695338515925,0.9681984365483096,0.45685825,,0.007070387620923245,
T cells (resting),Monocytes/DC,L1CAM,ERBB2,-0.027500477,0.934,0.0007562664,-0.014082467184190223,-1.024465348249513,0.09790511,,0.7500747513095652,
T cells (resting),Monocytes/DC,LGALS3,LAG3,-0.13617717,1.0,0.011845274,-0.13614005848468053,-1.6774632280229236,-0.7438507,,1.0,
T cells (resting),Monocytes/DC,LTF,IGDCC4,-0.03139839,1.0,0.00021827768,-0.0008803304778045862,0.6275320184423936,0.29038146,,0.8739673392504517,
T cells (resting),Monocytes/DC,LTF,IL1RL1,-0.0394146,1.0,0.001165852,-0.034749134444172866,-1.4421544917493199,16.231642,,0.19943200241506906,
T cells (resting),Monocytes/DC,NTNG2,LRRC4,0.020115038,0.0,-0.0032066482,0.09985648962761721,1.426204543011504,-0.45809665,,0.11671841500024098,
T cells (resting),Monocytes/DC,PNOC,OPRL1,0.04575807,0.0,-0.0058113458,0.10801127736414692,0.9506931223090498,3.2383912,,0.007070387620923245,
T cells (resting),Monocytes/DC,PSAP,CD1B,-0.13082573,1.0,-0.013336139,-0.08714747597736491,0.5535604236048894,0.2036276,,1.0,
T cells (resting),Monocytes/DC,S100A12,CD36,0.45095822,0.0,-0.0946554,0.45025724461202915,-0.1797952922921333,-1.1353682,,0.6124791218836663,
T cells (resting),Monocytes/DC,S100A8,CD36,0.41146997,0.0,-0.17338465,0.411499134844398,-0.4687774278034227,-0.8234913,,0.7057874283501772,
T cells (resting),Monocytes/DC,S100A8,CD68,0.7329735,0.0,-0.28522235,0.7329768790648066,-0.47637346561583227,-0.8083321,,0.11922932794108446,
T cells (resting),Monocytes/DC,S100A9,CD36,0.39390892,0.0,-0.20839682,0.39394616279186667,-0.04335922473447429,-0.80883974,,0.46068611827901795,
T cells (resting),Monocytes/DC,S100A9,CD68,0.71541244,0.0,-0.3428183,0.7154239070122753,-0.05095526254688387,-0.79395026,,0.1360419131000659,
T cells (resting),Monocytes/DC,SAA1,CD36,0.4770009,0.0,-0.042733137,0.47906122030956083,0.439725230736316,0.98355293,,0.008703518948132089,
T cells (resting),Monocytes/DC,SAA1,FPR1,0.58503956,0.0,-0.051995795,0.5870850449304713,1.1288286994367813,0.97071356,,0.007070387620923245,
T cells (resting),Monocytes/DC,SCGB3A1,MARCO,0.40372592,0.0,-0.035351824,0.4074673692192905,0.8902077794625425,0.97296256,,0.007070387620923245,
T cells (resting),Monocytes/DC,SCGB3A1,NOTCH3,0.02613843,0.0,-0.003910035,0.07131081487155137,0.08162055386619738,-0.76576626,,0.34983759598746544,
T cells (resting),Monocytes/DC,SORBS1,ITGA1,-0.030329742,0.998,0.00089744455,-0.025770733157184495,-1.243371277679455,0.23986772,,1.0,
T cells (resting),Monocytes/DC,THBS1,CD36,0.4457608,0.0,-0.10501777,0.4454051955255339,-0.03706882458328242,-0.827891,,0.45291118655384693,
T cells (resting),Monocytes/DC,TNF,FFAR2,0.105855234,0.0,-0.016498154,0.17318630901588394,1.4767370430057194,-15.345177,,0.11671841500024098,
T cells (resting),Monocytes/DC,TNF,ICOS,-0.077310696,1.0,0.0056973086,-0.07720107673375783,-1.408319579921839,-4.948276,,1.0,
T cells (resting),Monocytes/DC,TNF,NOTCH1,0.004450079,0.27,-0.004210201,0.004559283492005302,-0.5877589462704254,-2.593275,,1.0,
T cells (resting),Monocytes/DC,TNF,TRAF2,-0.014894718,0.944,-0.0018660603,-0.013195505030803821,-1.10285692875064,6.022885,,0.4672483352450311,
T cells (resting),Monocytes/DC,TNFSF4,TNFRSF4,-0.029971763,0.994,0.0008363913,-0.01977943776838238,-0.6096238492731447,0.13505104,,0.8464434262495476,
T cells (resting),Monocytes/DC,TNFSF4,TRAF2,0.0043479158,0.019,-0.0006807538,0.015614947911204274,-0.7669938089264106,-0.47689003,,1.0,
T cells (resting),Monocytes/DC,TNFSF9,ADGRG5,-0.04282524,1.0,0.00027918338,-0.04109705388192299,-0.7645971431669167,-0.74795884,,1.0,
T cells (resting),Monocytes/DC,TNFSF9,HLA-DPA1,0.58230096,0.0,-0.10256211,0.5823448263856619,0.4769781702003497,-4.7253165,,0.12189281837610783,
T cells (resting),Monocytes/DC,TNFSF9,TNFRSF9,-0.05508244,1.0,0.0022956503,-0.051409816338149665,-1.138895441667807,-0.9217815,,1.0,
T cells (resting),Monocytes/DC,TNFSF9,TRAF2,-0.025728727,1.0,-0.0025334128,-0.024088899288314522,-1.2848793357295132,8.481879,,0.3271019586363053,
T cells (resting),NK/Cytotoxic T cells,ADCYAP1,ADRB2,0.0058682896,0.0,-0.0027597214,0.008081661605268166,-0.2927548862456373,0.69810873,,0.12562561301323324,
T cells (resting),NK/Cytotoxic T cells,ADCYAP1,VIPR2,-0.03686119,1.0,0.0012561239,-0.03114338231131504,-1.4919209950848662,0.09473206,,1.0,
T cells (resting),NK/Cytotoxic T cells,ADM,ADRB2,-0.029667435,1.0,-0.006933612,-0.030432396529239406,-1.4465735770476094,-0.7216269,,1.0,
T cells (resting),NK/Cytotoxic T cells,ADM,RAMP1,-0.045259085,1.0,-0.003252019,-0.02628262774229747,-1.0745770710958922,0.1317261,,1.0,
T cells (resting),NK/Cytotoxic T cells,APOE,LRP8,-0.12437624,1.0,0.0015421734,-0.11305448195939641,-0.8258839455964486,-0.03209858,,1.0,
T cells (resting),NK/Cytotoxic T cells,BTLA,CD247,0.12759124,0.0,-0.0076390184,0.12799272877375242,0.2051128923754183,-9.999598,,0.2528747065765183,
T cells (resting),NK/Cytotoxic T cells,BTLA,CD79A,-0.115326576,1.0,0.0055101076,-0.1149271601167931,-1.1108664987516128,-5.764114,,1.0,
T cells (resting),NK/Cytotoxic T cells,C3,C5AR2,-0.12864578,1.0,0.014174693,-0.12871342995636992,-2.8177096321318977,0.13880907,,1.0,
T cells (resting),NK/Cytotoxic T cells,C3,CR2,-0.103950836,1.0,0.0054139085,-0.09785801652250936,-2.0579684029346557,-0.17514153,,1.0,
T cells (resting),NK/Cytotoxic T cells,CCL13,ACKR1,-0.03159794,1.0,0.00094367604,-0.03133420098467251,-1.6218305279167309,-0.12054206,,1.0,
T cells (resting),NK/Cytotoxic T cells,CCL13,CCR2,-0.017511642,0.957,0.0002619453,-0.018203130174451108,-1.292465158206248,-0.048484232,,1.0,
T cells (resting),NK/Cytotoxic T cells,CCL13,CCR3,-0.023569599,1.0,0.00055513065,-0.023551193478657508,-2.6767696412335322,0.071832374,,1.0,
T cells (resting),NK/Cytotoxic T cells,CCL13,CCR5,-0.038803514,1.0,0.0012924024,-0.039518704191233364,-1.5906605154003854,-0.27487665,,1.0,
T cells (resting),NK/Cytotoxic T cells,CCL13,CXCR3,-0.01546714,0.907,0.00016299807,-0.016181472929247095,-1.5083090875716076,0.035914317,,1.0,
T cells (resting),NK/Cytotoxic T cells,CCL17,ACKR1,-0.03546108,1.0,0.0012449818,-0.034303153070890845,-1.446383855749374,-0.1265894,,1.0,
T cells (resting),NK/Cytotoxic T cells,CCL18,ACKR1,-0.07455237,1.0,0.0042939084,-0.07532729471409352,-2.9187068455634537,0.16186056,,1.0,
T cells (resting),NK/Cytotoxic T cells,CCL18,CCR3,-0.066524036,1.0,0.0025259515,-0.06754428720807852,-3.973645958880255,-0.09645453,,1.0,
T cells (resting),NK/Cytotoxic T cells,CCL19,CCR7,-0.024787154,0.999,0.0006137415,-0.022012555690167458,-0.8575708477732134,0.04477438,,1.0,
T cells (resting),NK/Cytotoxic T cells,CCL19,CXCR3,-0.0161682,0.896,0.00017244263,-0.013394863627410542,-0.8752855070047891,0.028197302,,0.5626126791595818,
T cells (resting),NK/Cytotoxic T cells,CCL2,ACKR1,-0.06518988,1.0,0.0035636805,-0.06558972033249227,-1.436511578544477,0.2406393,,1.0,
T cells (resting),NK/Cytotoxic T cells,CCL2,CCR2,-0.05110359,1.0,0.0009892052,-0.05245864952227087,-1.1071462088339943,0.096789554,,1.0,
T cells (resting),NK/Cytotoxic T cells,CCL2,CCR3,-0.057161544,1.0,0.0020963848,-0.057806712826477265,-2.4914506918612784,-0.14339967,,1.0,
T cells (resting),NK/Cytotoxic T cells,CCL2,CCR5,-0.07239546,1.0,0.004880604,-0.07377422353905314,-1.4053415660281317,0.54873896,,1.0,
T cells (resting),NK/Cytotoxic T cells,CCL20,CCR6,-0.027555775,1.0,0.00059042295,-0.022946824615228532,-0.032443348490100776,-0.5974273,,1.0,
T cells (resting),NK/Cytotoxic T cells,CCL20,CXCR3,-0.023643877,0.989,0.00027315362,-0.019036835343982234,-0.33508381243116747,0.07797075,,0.7797229606617206,
T cells (resting),NK/Cytotoxic T cells,CCL21,CCR7,-0.06048399,1.0,0.0023253204,-0.060844665642584776,-1.263539067922544,-0.14393443,,1.0,
T cells (resting),NK/Cytotoxic T cells,CCL21,CXCR3,-0.051865034,1.0,0.00065334403,-0.05222697357982786,-1.2812537271541198,-0.09064475,,1.0,
T cells (resting),NK/Cytotoxic T cells,CCL3,CCR3,-0.10916529,1.0,0.004482403,-0.10842516785525025,-2.052415144549798,-0.15272912,,1.0,
T cells (resting),NK/Cytotoxic T cells,CCL3,CCR5,-0.1243992,1.0,0.010435505,-0.1243926785678261,-0.966306018716651,0.5844394,,1.0,
T cells (resting),NK/Cytotoxic T cells,CCL4,CCR3,-0.08887831,1.0,0.0035516026,-0.08813880346185492,-1.4100484116435474,6.2276535,,0.4609664934262123,
T cells (resting),NK/Cytotoxic T cells,CCL4,CCR5,-0.10411222,1.0,0.008268504,-0.10410631417443078,-0.3239392858104007,-23.83099,,1.0,
T cells (resting),NK/Cytotoxic T cells,CCL4,CNR2,-0.099513404,1.0,0.006844563,-0.09652909870550001,-0.6340608934036607,-56.894012,,1.0,
T cells (resting),NK/Cytotoxic T cells,CCL5,ACKR1,-0.0601561,1.0,0.0031710702,-0.059177538374056246,-0.2127750154387738,-0.14597605,,1.0,
T cells (resting),NK/Cytotoxic T cells,CCL5,CCR3,-0.05212776,1.0,0.0018654264,-0.05139453086804124,-1.267714128755575,0.08698878,,1.0,
T cells (resting),NK/Cytotoxic T cells,CCL5,CCR5,-0.067361675,1.0,0.0043429085,-0.0673620415806171,-0.18160500292242837,-0.33287477,,1.0,
T cells (resting),NK/Cytotoxic T cells,CCL5,CXCR3,-0.044025302,1.0,0.00054772856,-0.04402481031863083,-0.09925357509365057,0.043492127,,1.0,
T cells (resting),NK/Cytotoxic T cells,CCL7,ACKR1,-0.035608377,1.0,0.0012564703,-0.032727297394286384,-1.0965605573004842,-0.14088598,,1.0,
T cells (resting),NK/Cytotoxic T cells,CCL7,CCR2,-0.02152208,0.985,0.00034877064,-0.01959622658406498,-0.7671951875900014,-0.056666933,,0.7497647230000652,
T cells (resting),NK/Cytotoxic T cells,CCL7,CCR3,-0.027580038,1.0,0.00073913625,-0.02494428988827138,-2.1514996706172855,0.08395554,,1.0,
T cells (resting),NK/Cytotoxic T cells,CCL7,CCR5,-0.042813953,1.0,0.0017207868,-0.040911800600847245,-1.0653905447841387,-0.32126766,,1.0,
T cells (resting),NK/Cytotoxic T cells,CCL7,CXCR3,-0.01947758,0.96,0.000217026,-0.01757456933886097,-0.983039116955361,0.041975588,,0.6928805704875216,
T cells (resting),NK/Cytotoxic T cells,CCL8,ACKR1,-0.043719195,1.0,0.0018890739,-0.04284147874072626,-1.317058218031769,-0.8295344,,1.0,
T cells (resting),NK/Cytotoxic T cells,CCL8,CCR2,-0.0296329,1.0,0.0005243685,-0.029710407930504862,-0.9876928483212861,-0.33365402,,1.0,
T cells (resting),NK/Cytotoxic T cells,CCL8,CCR3,-0.03569086,1.0,0.0011112741,-0.03505847123471126,-2.3719973313485703,0.49432892,,1.0,
T cells (resting),NK/Cytotoxic T cells,CCL8,CCR5,-0.05092477,1.0,0.0025871627,-0.05102598194728712,-1.2858882055154235,-1.891619,,1.0,
T cells (resting),NK/Cytotoxic T cells,CD14,RIPK1,-0.13216287,1.0,-0.0035106589,-0.1321130210369484,-0.9448021638995783,-0.13719384,,1.0,
T cells (resting),NK/Cytotoxic T cells,CD24,SIGLEC10,-0.10760569,1.0,0.010315923,-0.10767570946148158,-2.2130829115739985,0.18098679,,1.0,
T cells (resting),NK/Cytotoxic T cells,CD40LG,CD40,-0.01081077,0.953,-0.005231236,-0.01075946363428354,-0.31751448411698857,0.25906122,,0.613790296798441,
T cells (resting),NK/Cytotoxic T cells,CD40LG,CD9,-0.068965696,1.0,-0.012479665,-0.06895052972532703,-0.5054885570655285,0.29027098,,1.0,
T cells (resting),NK/Cytotoxic T cells,COL1A1,CD36,-0.18537055,1.0,0.034321163,-0.1853705935066925,-2.580862029903045,0.2620384,,1.0,
T cells (resting),NK/Cytotoxic T cells,CP,SLC40A1,-0.049546845,1.0,0.0018286959,-0.04816796082522267,-1.6054151288366516,-0.06919494,,1.0,
T cells (resting),NK/Cytotoxic T cells,CSF1,CELSR3,-0.037462227,1.0,0.0011986509,-0.028716022630596312,-0.21417118188982265,-0.22135353,,1.0,
T cells (resting),NK/Cytotoxic T cells,CSF1,CSF3R,-0.114828296,1.0,0.009209431,-0.1149255198400417,-1.9037160760435672,0.37764105,,1.0,
T cells (resting),NK/Cytotoxic T cells,CSF1_IL34,CSF1R,-0.15851781,1.0,0.013733211,-0.15851637135012428,-1.218434589116953,0.40845183,,1.0,
T cells (resting),NK/Cytotoxic T cells,CSF2,CSF1R,-0.15082815,1.0,0.009653639,-0.14834926327169365,-2.1458762524989314,-0.09228574,,1.0,
T cells (resting),NK/Cytotoxic T cells,CSF2,CSF3R,-0.10713864,1.0,0.0064736875,-0.10475841176161106,-2.8311577394255454,-0.08532434,,1.0,
T cells (resting),NK/Cytotoxic T cells,CXCL1,ACKR1,-0.035145864,1.0,0.0012203967,-0.034948980429525336,-1.9505601761473805,-0.14948669,,1.0,
T cells (resting),NK/Cytotoxic T cells,CXCL1,CXCR1,-0.012151642,0.093,-0.00021877601,-0.0023865580786040924,-1.4924086770842697,-0.3613196,,1.0,
T cells (resting),NK/Cytotoxic T cells,CXCL1,CXCR2,0.012045551,0.0,-0.0017332407,0.014893778521585226,-1.5603192491733142,0.17596205,,0.5255537091704252,
T cells (resting),NK/Cytotoxic T cells,CXCL10,ACKR1,-0.04549376,1.0,0.0020274806,-0.04302121070987357,-0.7600371167715014,2.8751607,,0.8377883973595459,
T cells (resting),NK/Cytotoxic T cells,CXCL10,CCR3,-0.037465416,1.0,0.0011926938,-0.035238203203858565,-1.8149762300883028,-1.7133408,,1.0,
T cells (resting),NK/Cytotoxic T cells,CXCL10,CXCR3,-0.029362958,1.0,0.00035020008,-0.027868482654448152,-0.6465156764263782,-0.8566258,,1.0,
T cells (resting),NK/Cytotoxic T cells,CXCL11,ACKR1,-0.036076948,1.0,0.0012930165,-0.03520154790799908,-1.7203182623331088,-0.18407074,,1.0,
T cells (resting),NK/Cytotoxic T cells,CXCL11,CCR3,-0.028048608,1.0,0.000760635,-0.02741854040198407,-2.77525737564991,0.10968983,,1.0,
T cells (resting),NK/Cytotoxic T cells,CXCL11,CCR5,-0.043282524,1.0,0.0017708383,-0.04338605111455993,-1.6891482498167634,-0.41974354,,1.0,
T cells (resting),NK/Cytotoxic T cells,CXCL11,CXCR3,-0.01994615,0.972,0.0002233385,-0.02004881985257366,-1.6067968219879856,0.054842066,,1.0,
T cells (resting),NK/Cytotoxic T cells,CXCL13,ACKR1,-0.039823238,1.0,0.0015852085,-0.03470031564619011,-0.5783312293105425,-0.14863732,,1.0,
T cells (resting),NK/Cytotoxic T cells,CXCL13,CXCR3,-0.02369244,0.99,0.00027380785,-0.019547587590764696,-0.46480978896541925,0.044285025,,0.7914307962530985,
T cells (resting),NK/Cytotoxic T cells,CXCL13,CXCR5,-0.0635695,1.0,0.0035157306,-0.05937471071553822,-1.7728317375621692,-0.3596655,,1.0,
T cells (resting),NK/Cytotoxic T cells,CXCL2,ACKR1,-0.07956813,1.0,0.0046851123,-0.0790378421134028,-1.5112917426162253,0.1536464,,1.0,
T cells (resting),NK/Cytotoxic T cells,CXCL2,CXCR1,-0.05657391,1.0,-0.00083988276,-0.046475419762481554,-1.0531402435531145,0.37137386,,1.0,
T cells (resting),NK/Cytotoxic T cells,CXCL2,CXCR2,-0.032376714,1.0,-0.006653924,-0.02919508316229224,-1.121050815642159,-0.18085846,,1.0,
T cells (resting),NK/Cytotoxic T cells,CXCL8,ACKR1,-0.0916217,1.0,0.00562523,-0.09182943865015158,-2.137330137221934,0.1828532,,1.0,
T cells (resting),NK/Cytotoxic T cells,CXCL8,CD79A,-0.17391703,1.0,0.029366758,-0.17511192230443823,-2.875387880769556,0.36765927,,1.0,
T cells (resting),NK/Cytotoxic T cells,CXCL8,CXCR1,-0.06862747,1.0,-0.0010084142,-0.05926701629923034,-1.6791786381588234,0.44196874,,1.0,
T cells (resting),NK/Cytotoxic T cells,CXCL8,CXCR2,-0.04443028,1.0,-0.007989105,-0.04198667969904102,-1.747089210247868,-0.21523805,,1.0,
T cells (resting),NK/Cytotoxic T cells,CXCL9,ACKR1,-0.041765735,1.0,0.0017367133,-0.04080936534948054,-1.385868061857202,-0.32053784,,1.0,
T cells (resting),NK/Cytotoxic T cells,CXCL9,CCR3,-0.03373739,1.0,0.001021646,-0.03302635784346554,-2.4408071751740033,0.19101211,,1.0,
T cells (resting),NK/Cytotoxic T cells,CXCL9,CXCR3,-0.025634933,0.998,0.0002999768,-0.025656637294055127,-1.2723466215120787,0.09550109,,1.0,
T cells (resting),NK/Cytotoxic T cells,CXCL9,KIR2DL3,0.06850719,0.0,-0.0080850655,0.07131861843929883,-0.04785169494886965,-2.4940202,,0.46538668180013987,
T cells (resting),NK/Cytotoxic T cells,FADD,TRAF2,-0.0057406304,0.694,-0.0002300081,-0.0032109872086084944,0.5459454606600485,2.470985,,0.4091296057794788,
T cells (resting),NK/Cytotoxic T cells,FASLG,TNFRSF10B,-0.069192596,1.0,0.0036805333,-0.0684836524514816,-0.8594863671819972,-0.6028118,,1.0,
T cells (resting),NK/Cytotoxic T cells,FCER2,CR2,-0.041912146,1.0,0.001626881,-0.035383864485564166,-0.7258905765452615,-0.14975946,,1.0,
T cells (resting),NK/Cytotoxic T cells,FN1,C5AR1,-0.22678456,1.0,0.051427476,-0.2267953550681478,-2.3910079034824996,0.16510975,,1.0,
T cells (resting),NK/Cytotoxic T cells,FN1,CD79A,-0.21615565,1.0,0.046565328,-0.21617177825044437,-2.184996070530035,0.41958895,,1.0,
T cells (resting),NK/Cytotoxic T cells,FN1,ITGA2,-0.13095082,1.0,0.007588693,-0.12727901690667456,-2.029043605591543,-0.13592634,,1.0,
T cells (resting),NK/Cytotoxic T cells,GAL,HLA-DPA1,-0.17542301,1.0,0.0025191465,-0.1719807990775122,-0.6457736820568593,-0.080066696,,1.0,
T cells (resting),NK/Cytotoxic T cells,GZMA,PARD3,-0.06054028,1.0,0.0023142658,-0.05646643361866345,-0.7101062966760834,0.12755245,,1.0,
T cells (resting),NK/Cytotoxic T cells,HLA-DPA1,LAG3,-0.14102232,1.0,-0.0127119,-0.1409449538819712,-0.25944418319263707,0.43716893,,1.0,
T cells (resting),NK/Cytotoxic T cells,HLA-DPB1,LAG3,-0.1398895,1.0,-0.012622339,-0.13980904363196012,-0.22366727602045333,0.46869534,,1.0,
T cells (resting),NK/Cytotoxic T cells,HLA-DQA1,LAG3,-0.111556664,1.0,-0.010382337,-0.1114546789809975,-0.4268747099490474,0.4299783,,1.0,
T cells (resting),NK/Cytotoxic T cells,HLA-DQB1,LAG3,-0.13030416,1.0,-0.011864519,-0.13021888812427648,-0.2902745683316885,0.43295628,,1.0,
T cells (resting),NK/Cytotoxic T cells,HLA-DRA,LAG3,-0.16549268,1.0,-0.014646535,-0.165412239120375,-0.25315111957964476,0.44681695,,1.0,
T cells (resting),NK/Cytotoxic T cells,HLA-DRB1,LAG3,-0.14013313,1.0,-0.0126416,-0.14004200604336192,-0.34038847692633156,0.42861113,,1.0,
T cells (resting),NK/Cytotoxic T cells,HLA-DRB5,LAG3,-0.08834046,1.0,-0.008546856,-0.08826538474488393,-0.6910833057821193,0.42013663,,1.0,
T cells (resting),NK/Cytotoxic T cells,IL10,CD70,-0.040388864,1.0,-0.0012105613,-0.028568927022465086,-0.7551847647999064,0.0888112,,1.0,
T cells (resting),NK/Cytotoxic T cells,IL1B,ADRB2,-0.036762625,1.0,-0.0077669853,-0.03687275862189873,-1.727295160961805,-0.6913856,,1.0,
T cells (resting),NK/Cytotoxic T cells,IL1B,IL1R2_IL1RAP,-0.112153605,1.0,0.012174432,-0.11298027282294135,-3.420489034699595,0.19615561,,1.0,
T cells (resting),NK/Cytotoxic T cells,IL4,IL21R,0.03004985,0.0,-0.001207999,0.03386465820442061,-0.03956411855426123,-2.2571628,,0.4575672439968606,
T cells (resting),NK/Cytotoxic T cells,IL6,FCGR3B,-0.04475398,1.0,0.0019451941,-0.037609345662579535,-1.4779912691817074,-0.124522194,,1.0,
T cells (resting),NK/Cytotoxic T cells,L1CAM,CD9,-0.113826364,1.0,0.005487158,-0.10459110079035809,-0.8017939556919418,-0.103586085,,1.0,
T cells (resting),NK/Cytotoxic T cells,L1CAM,ERBB2,0.022313483,0.0,-0.001973673,0.04404511892746846,0.8444565652611762,-0.25550872,,0.23715881683675613,
T cells (resting),NK/Cytotoxic T cells,LGALS3,LAG3,-0.08924705,1.0,-0.008618532,-0.0891529568231032,-0.238465270042445,0.5412201,,1.0,
T cells (resting),NK/Cytotoxic T cells,LTF,IGDCC4,-0.03573087,1.0,0.0007304082,-0.03136346217296368,-1.0467440824144492,0.9716843,,1.0,
T cells (resting),NK/Cytotoxic T cells,LTF,IL1RL1,-0.0720797,1.0,0.005027105,-0.07106697270088072,-2.2856013940679443,69.99016,,0.05484066294581722,
T cells (resting),NK/Cytotoxic T cells,NTNG2,LRRC4,-0.038753957,1.0,0.001500369,-0.032320976338251414,-1.4005331383116066,0.21434033,,1.0,
T cells (resting),NK/Cytotoxic T cells,PNOC,OPRL1,-0.042137552,1.0,0.0017745425,-0.03525924562352111,-0.8923101801244795,-0.9888695,,1.0,
T cells (resting),NK/Cytotoxic T cells,PSAP,CD1B,-0.17525819,1.0,0.013796927,-0.17671569522613806,-2.597542718731573,-0.2106633,,1.0,
T cells (resting),NK/Cytotoxic T cells,S100A12,CD36,-0.14336626,1.0,0.01821001,-0.14408535293338492,-3.0712416491658363,0.21842462,,1.0,
T cells (resting),NK/Cytotoxic T cells,S100A8,CD36,-0.18285452,1.0,0.033356115,-0.1828434627010161,-3.3602237846771255,0.15842503,,1.0,
T cells (resting),NK/Cytotoxic T cells,S100A8,CD68,-0.24128246,1.0,0.053680763,-0.2412734386002141,-2.925906989486026,0.15213351,,1.0,
T cells (resting),NK/Cytotoxic T cells,S100A9,CD36,-0.20041558,1.0,0.040091828,-0.2003964347535474,-2.934805581608177,0.15560634,,1.0,
T cells (resting),NK/Cytotoxic T cells,S100A9,CD68,-0.2588435,1.0,0.0645207,-0.2588264106527455,-2.5004887864170775,0.14942676,,1.0,
T cells (resting),NK/Cytotoxic T cells,SAA1,CD36,-0.11732359,1.0,0.008221093,-0.1152813772358532,-2.451721126137387,-0.18921804,,1.0,
T cells (resting),NK/Cytotoxic T cells,SAA1,FPR1,-0.11971449,1.0,0.008426076,-0.11768917547250517,-2.386105126792117,-0.15730706,,1.0,
T cells (resting),NK/Cytotoxic T cells,SCGB3A1,MARCO,-0.10143548,1.0,0.0067130723,-0.098441110795211,-3.23074908015433,-0.18475899,,1.0,
T cells (resting),NK/Cytotoxic T cells,SCGB3A1,NOTCH3,-0.039102416,1.0,0.0015225845,-0.030578415615655677,-1.2134365872118638,0.2981927,,1.0,
T cells (resting),NK/Cytotoxic T cells,SORBS1,ITGA1,0.007583632,0.001,-0.0010430934,0.012141977279439938,-0.36988968596225535,-0.27879652,,0.945537746893069,
T cells (resting),NK/Cytotoxic T cells,THBS1,CD36,-0.14856371,1.0,0.020203546,-0.14893740201988015,-2.9285151814569854,0.15927146,,1.0,
T cells (resting),NK/Cytotoxic T cells,TNF,FFAR2,-0.062208466,1.0,0.0038672686,-0.06251093087877174,-1.361298932554262,3.5970035,,0.7147138206168032,
T cells (resting),NK/Cytotoxic T cells,TNF,ICOS,-0.04990781,1.0,0.0023767145,-0.04979003892997909,-0.6596516589310251,-2.064245,,1.0,
T cells (resting),NK/Cytotoxic T cells,TNF,NOTCH1,0.022620741,0.0,-0.006412064,0.022733713257038483,0.15566121038034875,-3.9495134,,0.4063622903233047,
T cells (resting),NK/Cytotoxic T cells,TNF,TRAF2,-0.025056452,1.0,-0.0006346939,-0.023627404318251107,0.06009626985647332,2.0485342,,1.0,
T cells (resting),NK/Cytotoxic T cells,TNFSF4,TNFRSF4,0.018327478,0.0,-0.0012987382,0.029487027617460852,0.44027940382618613,-0.20970562,,0.33401913343787853,
T cells (resting),NK/Cytotoxic T cells,TNFSF4,TRAF2,-0.0058138175,0.158,-0.00023154143,0.005183048623756988,0.39595938968070277,-0.16220225,,0.9665598075871057,
T cells (resting),NK/Cytotoxic T cells,TNFSF9,ADGRG5,-0.006949283,0.778,-0.0056228726,-0.0038033755827035567,0.13430053464155867,15.064211,,0.21928690815000693,
T cells (resting),NK/Cytotoxic T cells,TNFSF9,HLA-DPA1,-0.21288449,1.0,0.028256113,-0.21282894040118916,-1.084848059827789,1.3018363,,1.0,
T cells (resting),NK/Cytotoxic T cells,TNFSF9,TNFRSF9,-0.042409286,1.0,0.00021075358,-0.03695360709854035,-0.27855903804944493,-0.084624715,,1.0,
T cells (resting),NK/Cytotoxic T cells,TNFSF9,TRAF2,-0.03589046,1.0,-0.0008616773,-0.034520798575761805,-0.12192613712239986,2.8848996,,0.8348988838048149,
T cells (resting),T cells (naive/memory),ADCYAP1,ADRB2,-0.063843615,1.0,0.0037920135,-0.061863122504168755,-1.4602129440427012,-0.9592409,,1.0,
T cells (resting),T cells (naive/memory),ADCYAP1,VIPR2,-0.034552403,1.0,0.0010391372,-0.02418970842641333,-0.9454243441456862,0.07836776,,1.0,
T cells (resting),T cells (naive/memory),ADM,ADRB2,-0.09937934,1.0,0.009527176,-0.10037718063867633,-2.6140316348446735,0.9915562,,1.0,
T cells (resting),T cells (naive/memory),ADM,RAMP1,-0.09017701,1.0,0.007354266,-0.09107765839401948,-3.0802622067500574,-0.29789147,,1.0,
T cells (resting),T cells (naive/memory),APOE,LRP8,-0.14573507,1.0,0.011896513,-0.14253428525507686,-1.658828997543359,-0.24761237,,1.0,
T cells (resting),T cells (naive/memory),BTLA,CD247,-0.07843221,1.0,0.0035130181,-0.07802517716740094,-0.4362108732090068,4.598597,,0.5911380730799195,
T cells (resting),T cells (naive/memory),BTLA,CD79A,0.31049412,0.0,-0.01753954,0.310924559017752,0.8017020610310861,18.348082,,0.007070387620923245,
T cells (resting),T cells (naive/memory),C3,C5AR2,-0.13325052,1.0,0.015808275,-0.13386652206247598,-2.7465644086700256,0.15480633,,1.0,
T cells (resting),T cells (naive/memory),C3,CR2,-0.03743503,1.0,-0.018183263,-0.011527526679769001,-0.8532178346856787,0.5882339,,1.0,
T cells (resting),T cells (naive/memory),CCL13,ACKR1,-0.05764169,1.0,0.0022041085,-0.05850979813904314,-2.5489166644435826,-0.28154555,,1.0,
T cells (resting),T cells (naive/memory),CCL13,CCR2,-0.022589182,0.982,0.0005076817,-0.02328453038161073,-1.37871910216297,-0.09396831,,1.0,
T cells (resting),T cells (naive/memory),CCL13,CCR3,-0.019530123,0.863,0.0003596332,-0.007993154391043865,-1.226590434568504,0.046535544,,1.0,
T cells (resting),T cells (naive/memory),CCL13,CCR5,-0.08565005,1.0,0.0035596217,-0.08636401525452776,-2.012732399105968,-0.75708383,,1.0,
T cells (resting),T cells (naive/memory),CCL13,CXCR3,-0.032996662,1.0,0.0010113699,-0.0337083387087298,-1.581398222664973,0.22284102,,1.0,
T cells (resting),T cells (naive/memory),CCL17,ACKR1,-0.06150483,1.0,0.002907857,-0.061478750225261475,-2.3734699922762257,-0.2956701,,1.0,
T cells (resting),T cells (naive/memory),CCL18,ACKR1,-0.10059613,1.0,0.010029119,-0.10250289186846416,-3.8457929820903054,0.37805158,,1.0,
T cells (resting),T cells (naive/memory),CCL18,CCR3,-0.062484562,1.0,0.0016364005,-0.05198624812046488,-2.523466752215227,-0.06248665,,1.0,
T cells (resting),T cells (naive/memory),CCL19,CCR7,0.055373523,0.0,-0.0034905632,0.05815182597302038,-0.651233230301099,-0.2546476,,0.9178984149990661,
T cells (resting),T cells (naive/memory),CCL19,CXCR3,-0.033697724,1.0,0.0010699714,-0.030921729406893247,-0.9483746420981545,0.17495851,,1.0,
T cells (resting),T cells (naive/memory),CCL2,ACKR1,-0.09123363,1.0,0.008323554,-0.0927653174868629,-2.3635977150713288,0.56205213,,1.0,
T cells (resting),T cells (naive/memory),CCL2,CCR2,-0.056181125,1.0,0.0019171995,-0.05754004972943049,-1.193400152790716,0.18758988,,1.0,
T cells (resting),T cells (naive/memory),CCL2,CCR3,-0.05312207,1.0,0.0013581121,-0.042248673738863624,-1.0412714851962501,-0.09289937,,1.0,
T cells (resting),T cells (naive/memory),CCL2,CCR5,-0.119242,1.0,0.013442488,-0.12061953460234752,-1.8274134497337142,1.511374,,1.0,
T cells (resting),T cells (naive/memory),CCL20,CCR6,0.03002381,0.0,-0.004079493,0.03463446472107308,-0.0010666096980700424,4.1278896,,0.04482796296007679,
T cells (resting),T cells (naive/memory),CCL20,CXCR3,-0.0411734,1.0,0.0016948626,-0.03656370112346494,-0.4081729475245328,0.4837926,,1.0,
T cells (resting),T cells (naive/memory),CCL21,CCR7,0.019676689,0.008,-0.013224914,0.01931971602060306,-1.0572014504504297,0.8186056,,0.8045123275216242,
T cells (resting),T cells (naive/memory),CCL21,CXCR3,-0.06939456,1.0,0.004053867,-0.06975383935931057,-1.3543428622474851,-0.5624322,,1.0,
T cells (resting),T cells (naive/memory),CCL3,CCR3,-0.105125815,1.0,0.0029038587,-0.0928671287676366,-0.6022359378847695,-0.098943315,,1.0,
T cells (resting),T cells (naive/memory),CCL3,CCR5,-0.17124574,1.0,0.02874217,-0.1712379896311205,-1.3883779024222336,1.6097025,,1.0,
T cells (resting),T cells (naive/memory),CCL4,CCR3,-0.08483884,1.0,0.0023008536,-0.07258076437424127,0.040130795021480814,4.0344934,,0.6668960219808453,
T cells (resting),T cells (naive/memory),CCL4,CCR5,-0.15095876,1.0,0.022773672,-0.15095162523772515,-0.7460111695159832,-65.63692,,1.0,
T cells (resting),T cells (naive/memory),CCL4,CNR2,0.01850918,0.002,-0.029698957,0.04233088061642511,0.9836268524167227,246.86644,,0.013763428107623182,
T cells (resting),T cells (naive/memory),CCL5,ACKR1,-0.08619985,1.0,0.0074065495,-0.08635313552842688,-1.1398611519656254,-0.3409508,,1.0,
T cells (resting),T cells (naive/memory),CCL5,CCR3,-0.048088286,1.0,0.0012084891,-0.035836491780427596,0.18246507790945315,0.056354403,,1.0,
T cells (resting),T cells (naive/memory),CCL5,CCR5,-0.11420821,1.0,0.011961532,-0.11420735264391149,-0.6036768866280109,-0.9168262,,1.0,
T cells (resting),T cells (naive/memory),CCL5,CXCR3,-0.061554827,1.0,0.0033985442,-0.06155167609811353,-0.1723427101870159,0.2698598,,1.0,
T cells (resting),T cells (naive/memory),CCL7,ACKR1,-0.061652128,1.0,0.0029346903,-0.05990289454865702,-2.023646693827336,-0.32906207,,1.0,
T cells (resting),T cells (naive/memory),CCL7,CCR2,-0.026599621,0.989,0.0006759597,-0.024677626791224604,-0.8534491315467232,-0.10982737,,0.7797229606617206,
T cells (resting),T cells (naive/memory),CCL7,CCR3,-0.023540562,0.97,0.00047883854,-0.009386250800657739,-0.7013204639522572,0.05438936,,0.6777716288764795,
T cells (resting),T cells (naive/memory),CCL7,CCR5,-0.08966049,1.0,0.0047395066,-0.08775711166414163,-1.4874624284897213,-0.88485706,,1.0,
T cells (resting),T cells (naive/memory),CCL7,CXCR3,-0.0370071,1.0,0.0013466021,-0.03510143511834367,-1.0561282520487263,0.26044998,,1.0,
T cells (resting),T cells (naive/memory),CCL8,ACKR1,-0.069762945,1.0,0.0044122385,-0.0700170758950969,-2.2441443545586206,-1.9375123,,1.0,
T cells (resting),T cells (naive/memory),CCL8,CCR2,-0.03471044,1.0,0.0010162896,-0.034791808137664484,-1.073946792278008,-0.6466619,,1.0,
T cells (resting),T cells (naive/memory),CCL8,CCR3,-0.03165138,1.0,0.00071992254,-0.019500432147097617,-0.921818124683542,0.32024372,,1.0,
T cells (resting),T cells (naive/memory),CCL8,CCR5,-0.09777131,1.0,0.007125738,-0.0978712930105815,-1.707960089221006,-5.210025,,1.0,
T cells (resting),T cells (naive/memory),CD14,RIPK1,-0.15672119,1.0,0.010094629,-0.15669589656877395,-1.7981337237279702,0.3944903,,1.0,
T cells (resting),T cells (naive/memory),CD24,SIGLEC10,-0.065064915,1.0,0.0041844267,-0.06494219342935047,-0.7064010210101253,0.0734133,,1.0,
T cells (resting),T cells (naive/memory),CD40LG,CD40,0.1133653,0.0,0.010246068,0.11474313991248905,1.1888629143335645,-0.5074057,1.1095598,0.11671841500024098,
T cells (resting),T cells (naive/memory),CD40LG,CD9,-0.089928895,1.0,-0.015092518,-0.08992366098677654,-0.6221824390592016,0.35104468,,1.0,
T cells (resting),T cells (naive/memory),COL1A1,CD36,-0.18907604,1.0,0.035647437,-0.18907985919894593,-2.6234653026698656,0.27216437,,1.0,
T cells (resting),T cells (naive/memory),CP,SLC40A1,-0.07221459,1.0,0.0029404573,-0.07083907451647711,-2.0878289670031958,-0.11126223,,1.0,
T cells (resting),T cells (naive/memory),CSF1,CELSR3,-0.03804423,1.0,0.0012589137,-0.030374135278932263,-0.2912688645894237,-0.2324822,,1.0,
T cells (resting),T cells (naive/memory),CSF1,CSF3R,-0.1181881,1.0,0.009557318,-0.118295760205305,-2.5582295555201933,0.39190647,,1.0,
T cells (resting),T cells (naive/memory),CSF1_IL34,CSF1R,-0.16335429,1.0,0.014234,-0.16334929883235758,-1.2563230745944916,0.42334622,,1.0,
T cells (resting),T cells (naive/memory),CSF2,CSF1R,-0.15566464,1.0,0.010005663,-0.15318219075392694,-2.1837647379764697,-0.09565098,,1.0,
T cells (resting),T cells (naive/memory),CSF2,CSF3R,-0.11049844,1.0,0.0067182314,-0.10812865212687434,-3.4856712189021715,-0.088547476,,1.0,
T cells (resting),T cells (naive/memory),CXCL1,ACKR1,-0.061189614,1.0,0.0028504345,-0.062124577583895974,-2.877646312674232,-0.34915045,,1.0,
T cells (resting),T cells (naive/memory),CXCL1,CXCR1,-0.047440678,1.0,0.0019899097,-0.047125052885784176,-2.9073514378154877,3.286436,,0.7590739745318711,
T cells (resting),T cells (naive/memory),CXCL1,CXCR2,-0.06938022,1.0,0.0033630717,-0.07068138188944133,-3.797138662520153,-0.34142575,,1.0,
T cells (resting),T cells (naive/memory),CXCL10,ACKR1,-0.07153751,1.0,0.0047355103,-0.0701968078642442,-1.687123253298353,6.7154045,,0.4230993295854555,
T cells (resting),T cells (naive/memory),CXCL10,CCR3,-0.033425942,1.0,0.00077266915,-0.019680164116244923,-0.36479702342327447,-1.1099626,,1.0,
T cells (resting),T cells (naive/memory),CXCL10,CXCR3,-0.046892483,1.0,0.0021729202,-0.04539534843393085,-0.7196048115197435,-5.315189,,1.0,
T cells (resting),T cells (naive/memory),CXCL11,ACKR1,-0.0621207,1.0,0.0030200498,-0.06237714506236971,-2.6474043988599605,-0.4299271,,1.0,
T cells (resting),T cells (naive/memory),CXCL11,CCR3,-0.024009133,0.993,0.0004927662,-0.01186050131437043,-1.3250781689848818,0.07106095,,1.0,
T cells (resting),T cells (naive/memory),CXCL11,CCR5,-0.09012906,1.0,0.004877362,-0.09023136217785432,-2.111220133522346,-1.156086,,1.0,
T cells (resting),T cells (naive/memory),CXCL11,CXCR3,-0.037475675,1.0,0.0013857699,-0.03757568563205636,-1.679885957081351,0.34028384,,1.0,
T cells (resting),T cells (naive/memory),CXCL13,ACKR1,-0.06586699,1.0,0.0037025115,-0.06187591280056075,-1.5054173658373942,-0.3471666,,1.0,
T cells (resting),T cells (naive/memory),CXCL13,CXCR3,-0.04122196,1.0,0.0016989219,-0.037074453370247396,-0.5378989240587846,0.27477956,,1.0,
T cells (resting),T cells (naive/memory),CXCL13,CXCR5,0.08550282,0.0,-0.008603541,0.09288673476115474,0.4813504648357876,0.88015765,,0.007426758170314823,
T cells (resting),T cells (naive/memory),CXCL2,ACKR1,-0.10561188,1.0,0.01094284,-0.10621343926777344,-2.438377879143077,0.3588661,,1.0,
T cells (resting),T cells (naive/memory),CXCL2,CXCR1,-0.09186295,1.0,0.0076392787,-0.09121391456966164,-2.4680830042843325,-3.377886,,1.0,
T cells (resting),T cells (naive/memory),CXCL2,CXCR2,-0.113802485,1.0,0.012910857,-0.11477024357331879,-3.3578702289889977,0.35092643,,1.0,
T cells (resting),T cells (naive/memory),CXCL8,ACKR1,-0.11766544,1.0,0.013138637,-0.11900503580452221,-3.064416273748786,0.42708334,,1.0,
T cells (resting),T cells (naive/memory),CXCL8,CD79A,0.25190368,0.0,-0.09347901,0.2507397968301069,-0.9628193209868572,-1.1703172,,0.7543791709995192,
T cells (resting),T cells (naive/memory),CXCL8,CXCR1,-0.1039165,1.0,0.009172182,-0.10400551110641042,-3.0941213988900413,-4.0199924,,1.0,
T cells (resting),T cells (naive/memory),CXCL8,CXCR2,-0.12585604,1.0,0.015501558,-0.12756184011006758,-3.9839086235947065,0.41763443,,1.0,
T cells (resting),T cells (naive/memory),CXCL9,ACKR1,-0.067809485,1.0,0.004056376,-0.06798496250385118,-2.3129541983840536,-0.74866813,,1.0,
T cells (resting),T cells (naive/memory),CXCL9,CCR3,-0.029697917,1.0,0.0006618583,-0.0174683187558519,-0.9906279685089749,0.12374439,,1.0,
T cells (resting),T cells (naive/memory),CXCL9,CXCR3,-0.043164458,1.0,0.001861295,-0.04318350307353783,-1.345435756605444,0.5925648,,1.0,
T cells (resting),T cells (naive/memory),CXCL9,KIR2DL3,-0.06429772,1.0,0.0037435903,-0.06424251034351408,-2.778649449947279,1.1547946,,1.0,
T cells (resting),T cells (naive/memory),FADD,TRAF2,-0.025956118,0.998,0.00065772526,-0.023965320096934944,-0.020437243470172284,-7.0659647,,1.0,
T cells (resting),T cells (naive/memory),FASLG,TNFRSF10B,-0.024684332,0.996,0.00048308168,-0.023625108115340254,0.08344915179237988,-0.079120964,,0.8906193971992561,
T cells (resting),T cells (naive/memory),FCER2,CR2,0.024603663,0.0,-0.005464075,0.05094662535717619,0.4788599917037155,0.5029852,,0.014781315733725568,
T cells (resting),T cells (naive/memory),FN1,C5AR1,-0.23789045,1.0,0.05650783,-0.23789284982176712,-2.812632944803343,0.18142042,,1.0,
T cells (resting),T cells (naive/memory),FN1,CD79A,0.20966506,0.0,-0.14822476,0.20967994088410075,-0.2724275107473362,-1.3356175,,0.7543791709995192,
T cells (resting),T cells (naive/memory),FN1,ITGA2,-0.12516937,1.0,0.004943992,-0.11356319299983256,-1.2491447239940598,-0.08855527,,1.0,
T cells (resting),T cells (naive/memory),GAL,HLA-DPA1,-0.01938875,0.99,0.0002305944,-0.015951248715128603,-0.15221994114815435,-0.007329043,,0.7914307962530985,
T cells (resting),T cells (naive/memory),GZMA,PARD3,-0.06054087,1.0,0.0023143804,-0.056471631014545005,-0.6673761500856095,0.12755875,,1.0,
T cells (resting),T cells (naive/memory),HLA-DPA1,LAG3,-0.18628079,1.0,0.016396059,-0.1862599260398793,-0.9501016351457905,-0.56386906,,1.0,
T cells (resting),T cells (naive/memory),HLA-DPB1,LAG3,-0.18514796,1.0,0.01628054,-0.1851240157898682,-0.9143247279736068,-0.6045325,,1.0,
T cells (resting),T cells (naive/memory),HLA-DQA1,LAG3,-0.15681513,1.0,0.013391341,-0.1567696511389056,-1.1175321619022007,-0.55459446,,1.0,
T cells (resting),T cells (naive/memory),HLA-DQB1,LAG3,-0.17556262,1.0,0.015303089,-0.17553386028218457,-0.9809320202848419,-0.5584355,,1.0,
T cells (resting),T cells (naive/memory),HLA-DRA,LAG3,-0.21075115,1.0,0.018891387,-0.2107272112782831,-0.9438085715327982,-0.57631326,,1.0,
T cells (resting),T cells (naive/memory),HLA-DRB1,LAG3,-0.18539159,1.0,0.016305383,-0.18535697820127,-1.031045928879485,-0.55283105,,1.0,
T cells (resting),T cells (naive/memory),HLA-DRB5,LAG3,-0.13359892,1.0,0.011023903,-0.13358035690279202,-1.3817407577352727,-0.54190046,,1.0,
T cells (resting),T cells (naive/memory),IL10,CD70,-0.059814855,1.0,0.0024297766,-0.054182226918431046,-1.2472689214746384,-0.17825729,,1.0,
T cells (resting),T cells (naive/memory),IL1B,ADRB2,-0.106474526,1.0,0.010672278,-0.10681754273133565,-2.894753218758869,0.950003,,1.0,
T cells (resting),T cells (naive/memory),IL1B,IL1R2_IL1RAP,-0.11917965,1.0,0.014032867,-0.12063680672896424,-4.183709446231646,0.2260989,,1.0,
T cells (resting),T cells (naive/memory),IL4,IL21R,-0.0125181135,0.754,0.00014529515,-0.008894122673730628,-0.6197226151759143,0.271486,,0.44366808694540477,
T cells (resting),T cells (naive/memory),IL6,FCGR3B,-0.07077988,1.0,0.003879247,-0.06617886605801229,-3.011036063071859,-0.24833117,,1.0,
T cells (resting),T cells (naive/memory),L1CAM,CD9,-0.13478957,1.0,0.006635998,-0.12556423205180758,-0.9184878376856148,-0.1252738,,1.0,
T cells (resting),T cells (naive/memory),L1CAM,ERBB2,-0.021628499,0.782,0.00043446617,-0.007229139935137927,-0.011413478305687619,0.056245334,,0.4569509668014954,
T cells (resting),T cells (naive/memory),LGALS3,LAG3,-0.13450551,1.0,0.011116351,-0.1344679289810113,-0.9291227219955984,-0.69807637,,1.0,
T cells (resting),T cells (naive/memory),LTF,IGDCC4,-0.03630801,1.0,0.0007986306,-0.0354235664728674,-1.9677801208222117,1.0624427,,1.0,
T cells (resting),T cells (naive/memory),LTF,IL1RL1,-0.07952076,1.0,0.0059066927,-0.07933874942039176,-4.287716163873908,82.23627,,0.03776392417408471,
T cells (resting),T cells (naive/memory),NTNG2,LRRC4,-0.03759891,1.0,0.0014080146,-0.02972746252389257,-1.05789520191572,0.20114672,,1.0,
T cells (resting),T cells (naive/memory),PNOC,OPRL1,-0.045620054,1.0,0.002075102,-0.040935461540954225,-1.199824775988851,-1.1563572,,1.0,
T cells (resting),T cells (naive/memory),PSAP,CD1B,-0.17583582,1.0,0.014149664,-0.1778828596854577,-3.459517790726825,-0.2160492,,1.0,
T cells (resting),T cells (naive/memory),S100A12,CD36,-0.14707175,1.0,0.018913703,-0.14779461862563836,-3.1138449219326567,0.22686523,,1.0,
T cells (resting),T cells (naive/memory),S100A8,CD36,-0.18656,1.0,0.0346451,-0.18655272839326953,-3.402827057443946,0.16454709,,1.0,
T cells (resting),T cells (naive/memory),S100A8,CD68,-0.24406719,1.0,0.054649457,-0.24406236279691856,-2.9036374046113216,0.15487884,,1.0,
T cells (resting),T cells (naive/memory),S100A9,CD36,-0.20412107,1.0,0.0416411,-0.20410570044580084,-2.977408854374998,0.16161945,,1.0,
T cells (resting),T cells (naive/memory),S100A9,CD68,-0.26162827,1.0,0.06568501,-0.2616153348494499,-2.478219201542373,0.15212324,,1.0,
T cells (resting),T cells (naive/memory),SAA1,CD36,-0.12102908,1.0,0.008538782,-0.11899064292810664,-2.494324398904207,-0.19653003,,1.0,
T cells (resting),T cells (naive/memory),SAA1,FPR1,-0.12616205,1.0,0.008978856,-0.12412255591590977,-3.2645311006250686,-0.16762695,,1.0,
T cells (resting),T cells (naive/memory),SCGB3A1,MARCO,-0.10371288,1.0,0.0069027115,-0.1007185615745788,-3.3679814126495704,-0.1899783,,1.0,
T cells (resting),T cells (naive/memory),SCGB3A1,NOTCH3,-0.045284465,1.0,0.0020373652,-0.04023255169021351,-1.6252742142192917,0.39901063,,1.0,
T cells (resting),T cells (naive/memory),SORBS1,ITGA1,-0.049537316,1.0,0.0018805548,-0.04497873171415608,-0.832762557647567,0.5026321,,1.0,
T cells (resting),T cells (naive/memory),THBS1,CD36,-0.1522692,1.0,0.020984273,-0.1526466677121336,-2.971118454223806,0.16542621,,1.0,
T cells (resting),T cells (naive/memory),TNF,FFAR2,-0.06395693,1.0,0.004079142,-0.06495700262735314,-1.5837605616802395,3.7940702,,0.6818947786157663,
T cells (resting),T cells (naive/memory),TNF,ICOS,-0.041007906,1.0,0.0012982527,-0.04088938014797628,-0.346642227252536,-1.1275697,,1.0,
T cells (resting),T cells (naive/memory),TNF,NOTCH1,-0.048430316,1.0,0.0021976766,-0.04832059043639997,-0.40107236229558807,1.3536599,,1.0,
T cells (resting),T cells (naive/memory),TNF,TRAF2,-0.04527194,1.0,0.0018149544,-0.04438173720657756,-0.5062864342737474,-5.857936,,1.0,
T cells (resting),T cells (naive/memory),TNFSF4,TNFRSF4,-0.043712918,1.0,0.0014438365,-0.03379600193245259,-0.5948559385312353,0.23313445,,1.0,
T cells (resting),T cells (naive/memory),TNFSF4,TRAF2,-0.026029306,0.977,0.00066210993,-0.015571284264569461,-0.17042331444951797,0.4638294,,0.709765895510635,
T cells (resting),T cells (naive/memory),TNFSF9,ADGRG5,-0.056218456,1.0,0.0024825393,-0.05501817406858742,-0.625531388655173,-6.6509595,,1.0,
T cells (resting),T cells (naive/memory),TNFSF9,HLA-DPA1,-0.056850217,1.0,0.0025864716,-0.05679939003880557,-0.591294318919084,0.11916582,,1.0,
T cells (resting),T cells (naive/memory),TNFSF9,TNFRSF9,-0.06849541,1.0,0.0045022555,-0.06671041941597047,-0.8479859194734396,-1.8078082,,1.0,
T cells (resting),T cells (naive/memory),TNFSF9,TRAF2,-0.05610595,1.0,0.0024640302,-0.05527513146408826,-0.6883088412526206,-8.249585,,1.0,
T cells (resting),T cells (resting),ADCYAP1,ADRB2,-0.06184548,1.0,0.0036042228,-0.05985690253874672,-1.1080815183303914,-0.9117367,,1.0,
T cells (resting),T cells (resting),ADCYAP1,VIPR2,-0.035327937,1.0,0.0011120244,-0.02652234905511149,-1.130088612149882,0.08386463,,1.0,
T cells (resting),T cells (resting),ADM,ADRB2,-0.097381204,1.0,0.009055364,-0.09837096067325429,-2.2619002091323637,0.9424517,,1.0,
T cells (resting),T cells (resting),ADM,RAMP1,-0.09039205,1.0,0.0074050436,-0.09139588206728899,-3.3400486704216252,-0.29994828,,1.0,
T cells (resting),T cells (resting),APOE,LRP8,-0.14479876,1.0,0.011442606,-0.1412464890487344,-1.6949781069808079,-0.2381648,,1.0,
T cells (resting),T cells (resting),BTLA,CD247,-0.033386953,1.0,0.0010747211,-0.03297792921116379,-0.3017606196933439,1.4068272,,1.0,
T cells (resting),T cells (resting),BTLA,CD79A,-0.05522786,1.0,0.002256968,-0.054819032416708685,-0.4840789554030127,-2.3610106,,1.0,
T cells (resting),T cells (resting),C3,C5AR2,-0.13522637,1.0,0.01650923,-0.1360812787116256,-3.0480012870815942,0.1616706,,1.0,
T cells (resting),T cells (resting),C3,CR2,-0.10205023,1.0,0.0047396477,-0.09539156426856471,-1.9619786354792765,-0.15332901,,1.0,
T cells (resting),T cells (resting),CCL13,ACKR1,-0.057064325,1.0,0.002176166,-0.057910393590673126,-2.2120934116344886,-0.27797624,,1.0,
T cells (resting),T cells (resting),CCL13,CCR2,-0.032114774,1.0,0.00096868916,-0.03281053895561893,-1.5128028726536766,-0.17929755,,1.0,
T cells (resting),T cells (resting),CCL13,CCR3,-0.023722213,1.0,0.0005625166,-0.024130877543064894,-2.888056260065656,0.0727881,,1.0,
T cells (resting),T cells (resting),CCL13,CCR5,-0.037755113,1.0,0.0012416632,-0.03846681999103347,-1.4669879358223488,-0.2640851,,1.0,
T cells (resting),T cells (resting),CCL13,CXCR3,-0.007742006,0.404,-0.0002108732,-0.008453798556782337,-1.1250350105060274,-0.04646293,,0.9108116679573168,
T cells (resting),T cells (resting),CCL17,ACKR1,-0.060927466,1.0,0.0028709928,-0.06087934567689146,-2.0366467394671317,-0.29192173,,1.0,
T cells (resting),T cells (resting),CCL18,ACKR1,-0.10001876,1.0,0.009901975,-0.10190348732009413,-3.5089697292812114,0.37325883,,1.0,
T cells (resting),T cells (resting),CCL18,CCR3,-0.06667665,1.0,0.0025595592,-0.06812397127248591,-4.184932577712379,-0.09773785,,1.0,
T cells (resting),T cells (resting),CCL19,CCR7,0.047966644,0.0,-0.0031113238,0.050741822009872845,-0.5943058300921974,-0.2269809,,1.0,
T cells (resting),T cells (resting),CCL19,CXCR3,-0.008443065,0.365,-0.00022309177,-0.005667189254945787,-0.4920114299392089,-0.0364793,,0.41270020711486505,
T cells (resting),T cells (resting),CCL2,ACKR1,-0.090656266,1.0,0.008218032,-0.09216591293849288,-2.026774462262235,0.55492675,,1.0,
T cells (resting),T cells (resting),CCL2,CCR2,-0.065706715,1.0,0.0036581391,-0.06706605830343869,-1.3274839232814228,0.3579335,,1.0,
T cells (resting),T cells (resting),CCL2,CCR3,-0.057314157,1.0,0.002124277,-0.05838639689088466,-2.702737310693402,-0.1453076,,1.0,
T cells (resting),T cells (resting),CCL2,CCR5,-0.07134706,1.0,0.0046889936,-0.07272233933885323,-1.281668986450095,0.5271957,,1.0,
T cells (resting),T cells (resting),CCL20,CCR6,-0.025366,0.998,0.00041282433,-0.020756981700845986,-0.315009040572791,-0.4177218,,1.0,
T cells (resting),T cells (resting),CCL20,CXCR3,-0.015918743,0.931,-0.0003533832,-0.011309160971517476,0.04819026463441278,-0.10087201,,0.6800200276273726,
T cells (resting),T cells (resting),CCL21,CCR7,0.01226981,0.005,-0.011788066,0.01190971205745553,-1.000274050241528,0.72966653,,0.7144035420725385,
T cells (resting),T cells (resting),CCL21,CXCR3,-0.0441399,1.0,-0.00084524165,-0.044499299207363105,-0.8979796500885395,0.11726857,,1.0,
T cells (resting),T cells (resting),CCL3,CCR3,-0.1093179,1.0,0.004542041,-0.10900485191965763,-2.2637017633819214,-0.15476117,,1.0,
T cells (resting),T cells (resting),CCL3,CCR5,-0.1233508,1.0,0.010025811,-0.12334079436762621,-0.8426334391386143,0.5614946,,1.0,
T cells (resting),T cells (resting),CCL4,CCR3,-0.08903092,1.0,0.0035988565,-0.0887184875262623,-1.621335030475671,6.3105116,,0.4546762776805515,
T cells (resting),T cells (resting),CCL4,CCR5,-0.10306382,1.0,0.007943886,-0.10305442997423088,-0.20026670623236403,-22.895395,,1.0,
T cells (resting),T cells (resting),CCL4,CNR2,-0.098149,1.0,0.0064221025,-0.09492548061125118,-0.6506672436126255,-53.3824,,1.0,
T cells (resting),T cells (resting),CCL5,ACKR1,-0.08562249,1.0,0.007312653,-0.08575373098005686,-0.8030378991565315,-0.33662838,,1.0,
T cells (resting),T cells (resting),CCL5,CCR3,-0.052280374,1.0,0.0018902458,-0.05197421493244863,-1.4790007475876987,0.08814616,,1.0,
T cells (resting),T cells (resting),CCL5,CCR5,-0.066313274,1.0,0.004172408,-0.0663101573804172,-0.05793242334439169,-0.31980625,,1.0,
T cells (resting),T cells (resting),CCL5,CXCR3,-0.036300167,1.0,-0.0007086052,-0.03629713594616607,0.2840205019719297,-0.056266464,,1.0,
T cells (resting),T cells (resting),CCL7,ACKR1,-0.061074764,1.0,0.0028974859,-0.05930349000028699,-1.6868234410182419,-0.32489038,,1.0,
T cells (resting),T cells (resting),CCL7,CCR2,-0.036125213,1.0,0.0012897743,-0.034203635365232805,-0.9875329020374299,-0.20955765,,1.0,
T cells (resting),T cells (resting),CCL7,CCR3,-0.027732652,1.0,0.0007489704,-0.025523973952678768,-2.362786289449409,0.08507256,,1.0,
T cells (resting),T cells (resting),CCL7,CCR5,-0.041765552,1.0,0.0016532294,-0.039859916400647344,-0.9417179652061021,-0.30865481,,1.0,
T cells (resting),T cells (resting),CCL7,CXCR3,-0.011752445,0.621,-0.00028077,-0.009846894966396211,-0.5997650398897807,-0.05430449,,0.4833090442580063,
T cells (resting),T cells (resting),CCL8,ACKR1,-0.069185585,1.0,0.0043563023,-0.06941767134672688,-1.9073211017495266,-1.9129494,,1.0,
T cells (resting),T cells (resting),CCL8,CCR2,-0.04423603,1.0,0.0019391456,-0.04431781671167269,-1.2080305627687147,-1.2338722,,1.0,
T cells (resting),T cells (resting),CCL8,CCR3,-0.03584347,1.0,0.0011260594,-0.03563815529911865,-2.583283950180694,0.50090593,,1.0,
T cells (resting),T cells (resting),CCL8,CCR5,-0.04987637,1.0,0.002485592,-0.04997409774708722,-1.1622156259373868,-1.8173548,,1.0,
T cells (resting),T cells (resting),CD14,RIPK1,-0.15232307,1.0,0.0076580723,-0.1522915909128599,-1.1237746193189075,0.29927155,,1.0,
T cells (resting),T cells (resting),CD24,SIGLEC10,-0.10628504,1.0,0.010125576,-0.10633913665938813,-1.7871691711106807,0.17764726,,1.0,
T cells (resting),T cells (resting),CD40LG,CD40,-0.01254335,0.99,-0.0054471847,-0.01251780027554656,-0.016778521666567903,0.26975542,,0.7914307962530985,
T cells (resting),T cells (resting),CD40LG,CD9,-0.08749892,1.0,-0.014789646,-0.08751590400415149,-0.6727660790114443,0.34400004,,1.0,
T cells (resting),T cells (resting),COL1A1,CD36,-0.18722424,1.0,0.03498464,-0.18721748919424852,-2.5900182606871587,0.267104,,1.0,
T cells (resting),T cells (resting),CP,SLC40A1,-0.05391468,1.0,0.0020429206,-0.052535625681224815,-1.8921905724991388,-0.07730086,,1.0,
T cells (resting),T cells (resting),CSF1,CELSR3,-0.03882102,1.0,0.0013393459,-0.03258372883033931,-0.4836621752080137,-0.24733552,,1.0,
T cells (resting),T cells (resting),CSF1,CSF3R,-0.11811283,1.0,0.009549525,-0.11821736070332137,-2.5384270265687707,0.3915869,,1.0,
T cells (resting),T cells (resting),CSF1_IL34,CSF1R,-0.15751344,1.0,0.013629216,-0.15750633865046493,-1.182641390202398,0.4053588,,1.0,
T cells (resting),T cells (resting),CSF2,CSF1R,-0.14982378,1.0,0.009580536,-0.1473392305720343,-2.1100830535843764,-0.091586895,,1.0,
T cells (resting),T cells (resting),CSF2,CSF3R,-0.11042318,1.0,0.0067127533,-0.10805025262489071,-3.465868689950749,-0.08847527,,1.0,
T cells (resting),T cells (resting),CXCL1,ACKR1,-0.060612254,1.0,0.0028142983,-0.061525173035525946,-2.5408230598651382,-0.3447241,,1.0,
T cells (resting),T cells (resting),CXCL1,CXCR1,-0.049295813,1.0,0.0021060198,-0.049478171509752616,-3.0417653555290047,3.4781976,,0.7384288506681678,
T cells (resting),T cells (resting),CXCL1,CXCR2,-0.06671408,1.0,0.003196202,-0.06787851269675407,-3.980396083473579,-0.3244848,,1.0,
T cells (resting),T cells (resting),CXCL10,ACKR1,-0.07096014,1.0,0.004675476,-0.06959740331587418,-1.3503000004892591,6.63027,,0.43575531248069704,
T cells (resting),T cells (resting),CXCL10,CCR3,-0.03761803,1.0,0.0012085625,-0.03581788726826595,-2.0262628489204264,-1.7361367,,1.0,
T cells (resting),T cells (resting),CXCL10,CXCR3,-0.021637825,0.996,-0.00045305945,-0.020140808281983395,-0.26324159936079794,1.1082306,,0.8906193971992561,
T cells (resting),T cells (resting),CXCL11,ACKR1,-0.061543334,1.0,0.0029817633,-0.06177774051399969,-2.3105811460508665,-0.42447668,,1.0,
T cells (resting),T cells (resting),CXCL11,CCR3,-0.028201222,1.0,0.0007707552,-0.027998224466391462,-2.986543994482034,0.11114925,,1.0,
T cells (resting),T cells (resting),CXCL11,CCR5,-0.042234123,1.0,0.0017013159,-0.04233416691436004,-1.5654756702387267,-0.40326458,,1.0,
T cells (resting),T cells (resting),CXCL11,CXCR3,-0.012221016,0.673,-0.00028893657,-0.012321145480108903,-1.2235227449224053,-0.07095006,,1.0,
T cells (resting),T cells (resting),CXCL13,ACKR1,-0.065289624,1.0,0.0036555731,-0.06127650825219072,-1.1685941130283002,-0.3427654,,1.0,
T cells (resting),T cells (resting),CXCL13,CXCR3,-0.015967306,0.891,-0.0003542296,-0.011819913218299938,-0.08153571189983899,-0.05729225,,0.5168777436284945,
T cells (resting),T cells (resting),CXCL13,CXCR5,-0.050487153,1.0,0.0024521628,-0.04600735418467144,-1.0927564647347232,-0.25086066,,1.0,
T cells (resting),T cells (resting),CXCL2,ACKR1,-0.105034515,1.0,0.010804112,-0.10561403471940342,-2.101554626333983,0.35431656,,1.0,
T cells (resting),T cells (resting),CXCL2,CXCR1,-0.09371808,1.0,0.0080850255,-0.09356703319363008,-2.6024969219978495,-3.5749836,,1.0,
T cells (resting),T cells (resting),CXCL2,CXCR2,-0.11113635,1.0,0.012270243,-0.11196737438063153,-3.541127649942424,0.33351406,,1.0,
T cells (resting),T cells (resting),CXCL8,ACKR1,-0.11708808,1.0,0.012972073,-0.1184056312561522,-2.727593020939692,0.421669,,1.0,
T cells (resting),T cells (resting),CXCL8,CD79A,-0.11381832,1.0,0.012028773,-0.11500379460435381,-2.2486003374209558,0.1505951,,1.0,
T cells (resting),T cells (resting),CXCL8,CXCR1,-0.10577164,1.0,0.009707373,-0.10635862973037885,-3.2285353166035584,-4.2545567,,1.0,
T cells (resting),T cells (resting),CXCL8,CXCR2,-0.123189904,1.0,0.014732398,-0.12475897091738031,-4.167166044548132,0.39691216,,1.0,
T cells (resting),T cells (resting),CXCL9,ACKR1,-0.06723212,1.0,0.004004951,-0.06738555795548115,-1.9761309455749596,-0.73917687,,1.0,
T cells (resting),T cells (resting),CXCL9,CCR3,-0.033890005,1.0,0.0010352388,-0.033606041907872926,-2.652093794006127,0.19355352,,1.0,
T cells (resting),T cells (resting),CXCL9,CXCR3,-0.0179098,0.947,-0.00038808477,-0.01792896292159037,-0.8890725444464984,-0.123551294,,0.785031651505994,
T cells (resting),T cells (resting),CXCL9,KIR2DL3,-0.06422969,1.0,0.0037375314,-0.06417299744815431,-2.3826603194790215,1.1529256,,1.0,
T cells (resting),T cells (resting),FADD,TRAF2,-0.016929066,0.997,0.00026131552,-0.014697574769005437,0.3153574209023433,-2.8073218,,1.0,
T cells (resting),T cells (resting),FASLG,TNFRSF10B,-0.030195998,1.0,0.00087903696,-0.029180488729108854,0.2817690638674315,-0.14397202,,1.0,
T cells (resting),T cells (resting),FCER2,CR2,-0.040011536,1.0,0.0014242654,-0.03291741223161952,-0.6299008090898823,-0.13110808,,1.0,
T cells (resting),T cells (resting),FN1,C5AR1,-0.23282096,1.0,0.05418881,-0.2328289773029693,-2.789539939625277,0.17397512,,1.0,
T cells (resting),T cells (resting),FN1,CD79A,-0.15605694,1.0,0.019073395,-0.15606365055035998,-1.558208527181435,0.17186576,,1.0,
T cells (resting),T cells (resting),FN1,ITGA2,-0.12757717,1.0,0.006045431,-0.11927351464384384,-1.5172702904657622,-0.1082839,,1.0,
T cells (resting),T cells (resting),GAL,HLA-DPA1,-0.16445415,1.0,0.0023582664,-0.161023364262502,-0.6077135184031079,-0.0749534,,1.0,
T cells (resting),T cells (resting),GZMA,PARD3,-0.062425714,1.0,0.0026811499,-0.06259689582961671,-1.8073017458231149,0.14777352,,1.0,
T cells (resting),T cells (resting),HLA-DPA1,LAG3,-0.16900845,1.0,0.0052873613,-0.1689649069760203,-0.6202552375283081,-0.18183514,,1.0,
T cells (resting),T cells (resting),HLA-DPB1,LAG3,-0.16787562,1.0,0.0052501094,-0.1678289967260092,-0.5844783303561244,-0.19494818,,1.0,
T cells (resting),T cells (resting),HLA-DQA1,LAG3,-0.13954279,1.0,0.0043184073,-0.1394746320750466,-0.7876857642847185,-0.17884429,,1.0,
T cells (resting),T cells (resting),HLA-DQB1,LAG3,-0.15829028,1.0,0.0049349032,-0.15823884121832557,-0.6510856226673596,-0.18008293,,1.0,
T cells (resting),T cells (resting),HLA-DRA,LAG3,-0.19347881,1.0,0.006092049,-0.1934321922144241,-0.6139621739153158,-0.18584812,,1.0,
T cells (resting),T cells (resting),HLA-DRB1,LAG3,-0.16811925,1.0,0.005258121,-0.168061959137411,-0.7011995312620026,-0.17827561,,1.0,
T cells (resting),T cells (resting),HLA-DRB5,LAG3,-0.116326585,1.0,0.0035549616,-0.11628533783893304,-1.0518943601177904,-0.17475076,,1.0,
T cells (resting),T cells (resting),IL10,CD70,-0.07328548,1.0,0.004954107,-0.0719399446777087,-1.9908020072110433,-0.36345142,,1.0,
T cells (resting),T cells (resting),IL1B,ADRB2,-0.10447639,1.0,0.010143758,-0.10481132276591362,-2.542621793046559,0.90295637,,1.0,
T cells (resting),T cells (resting),IL1B,IL1R2_IL1RAP,-0.12021838,1.0,0.014307618,-0.12177876049279811,-4.468018823638927,0.2305257,,1.0,
T cells (resting),T cells (resting),IL4,IL21R,-0.023143869,1.0,0.0004831025,-0.019568282918363093,-0.6014428615892238,0.90268373,,1.0,
T cells (resting),T cells (resting),IL6,FCGR3B,-0.06934023,1.0,0.0037722625,-0.06460256461780682,-3.138565577876358,-0.24148254,,1.0,
T cells (resting),T cells (resting),L1CAM,CD9,-0.1323596,1.0,0.0065028286,-0.12315647506918255,-0.9690714776378575,-0.12275983,,1.0,
T cells (resting),T cells (resting),L1CAM,ERBB2,-0.039960157,1.0,0.0014390906,-0.02861917977885743,-0.5667655550068815,0.18630248,,1.0,
T cells (resting),T cells (resting),LGALS3,LAG3,-0.11723317,1.0,0.003584774,-0.1171729099171523,-0.5992763243781161,-0.22511399,,1.0,
T cells (resting),T cells (resting),LTF,IGDCC4,-0.035882615,1.0,0.0007483456,-0.03242156673654986,-1.2503869796148563,0.99554706,,1.0,
T cells (resting),T cells (resting),LTF,IL1RL1,-0.07588348,1.0,0.005476739,-0.07529973944800791,-2.4152448929758163,76.25021,,0.044601258347092804,
T cells (resting),T cells (resting),NTNG2,LRRC4,-0.038072743,1.0,0.0014459008,-0.030793174565406672,-1.264905164443155,0.20655908,,1.0,
T cells (resting),T cells (resting),PNOC,OPRL1,-0.04455342,1.0,0.0019830456,-0.03919945318891388,-1.1676974963264035,-1.1050584,,1.0,
T cells (resting),T cells (resting),PSAP,CD1B,-0.17412046,1.0,0.013102154,-0.1744309016663487,-2.0010266089395046,-0.20005491,,1.0,
T cells (resting),T cells (resting),S100A12,CD36,-0.14521995,1.0,0.018562037,-0.14593224862094095,-3.08039787994995,0.22264709,,1.0,
T cells (resting),T cells (resting),S100A8,CD36,-0.18470821,1.0,0.034000937,-0.18469035838857212,-3.3693800154612394,0.16148764,,1.0,
T cells (resting),T cells (resting),S100A8,CD68,-0.24742347,1.0,0.055816963,-0.24741794194403488,-3.007688134328429,0.1581876,,1.0,
T cells (resting),T cells (resting),S100A9,CD36,-0.20226929,1.0,0.040866863,-0.20224333044110343,-2.943961812392291,0.15861444,,1.0,
T cells (resting),T cells (resting),S100A9,CD68,-0.26498452,1.0,0.067088276,-0.26497091399656625,-2.582269931259481,0.15537313,,1.0,
T cells (resting),T cells (resting),SAA1,CD36,-0.11917729,1.0,0.008380019,-0.11712827292340924,-2.460877356921501,-0.19287592,,1.0,
T cells (resting),T cells (resting),SAA1,FPR1,-0.12121124,1.0,0.008554399,-0.1191843693024618,-2.9518704137521645,-0.15970273,,1.0,
T cells (resting),T cells (resting),SCGB3A1,MARCO,-0.09856811,1.0,0.0064743054,-0.09557400770377958,-2.7886550992795747,-0.1781876,,1.0,
T cells (resting),T cells (resting),SCGB3A1,NOTCH3,-0.049285308,1.0,0.0023705158,-0.04647594959809942,-2.412266704446451,0.464257,,1.0,
T cells (resting),T cells (resting),SORBS1,ITGA1,-0.021216022,0.997,0.00043097272,-0.01665244022943882,-0.4293888499492111,0.11518979,,0.9195508779440885,
T cells (resting),T cells (resting),THBS1,CD36,-0.15041742,1.0,0.02059411,-0.15078429770743618,-2.937671412241099,0.16235042,,1.0,
T cells (resting),T cells (resting),TNF,FFAR2,-0.06490618,1.0,0.0041941693,-0.0662935931681529,-2.0129061091210714,3.901059,,0.6788990851182541,
T cells (resting),T cells (resting),TNF,ICOS,-0.03220214,1.0,0.00023119755,-0.032080673094461415,-0.1273229358436847,-0.20080172,,1.0,
T cells (resting),T cells (resting),TNF,NOTCH1,-0.072778635,1.0,0.005148128,-0.07267041796527854,-0.48567054597406023,3.1709917,,0.7796209331761977,
T cells (resting),T cells (resting),TNF,TRAF2,-0.036244888,1.0,0.000721085,-0.03511399187864805,-0.17049176990123183,-2.3273695,,1.0,
T cells (resting),T cells (resting),TNFSF4,TNFRSF4,-0.024530262,0.999,0.00059584284,-0.014228057370499383,-0.1428673691853244,0.096209995,,1.0,
T cells (resting),T cells (resting),TNFSF4,TRAF2,-0.017002253,0.888,0.0002630576,-0.006303538936639956,0.16537134992299762,0.18428034,,0.5154536753837039,
T cells (resting),T cells (resting),TNFSF9,ADGRG5,-0.07125156,1.0,0.0049556764,-0.0706478299476075,-0.8841052032875272,-13.276729,,1.0,
T cells (resting),T cells (resting),TNFSF9,HLA-DPA1,-0.20191562,1.0,0.026451593,-0.20187150558617895,-1.0467878961740376,1.2186971,,1.0,
T cells (resting),T cells (resting),TNFSF9,TNFRSF9,-0.046361223,1.0,0.0008608975,-0.041461177720410004,-0.24855366611042085,-0.34567952,,1.0,
T cells (resting),T cells (resting),TNFSF9,TRAF2,-0.047078896,1.0,0.000978964,-0.04600738613615875,-0.352514176880105,-3.2775764,,1.0,
